# 3ds Max Wavefront OBJ Exporter v0.99 - (c)2007 guruware
# ´´½¨µÄÎÄ¼ş:26.12.2025 13:43:09

mtllib ÑÛÇò.mtl

#
# object Obj3d66_9130953_1_642
#

v  -25.2406 -0.0000 -1514.3671
v  -25.2406 45.1895 -1518.8179
v  -34.0566 44.3212 -1518.8179
v  -42.5339 41.7496 -1518.8179
v  -50.3465 37.5737 -1518.8179
v  -57.1944 31.9538 -1518.8179
v  -62.8143 25.1059 -1518.8179
v  -66.9902 17.2933 -1518.8179
v  -69.5618 8.8160 -1518.8179
v  -70.4301 -0.0000 -1518.8179
v  -69.5618 -8.8161 -1518.8179
v  -66.9902 -17.2933 -1518.8179
v  -62.8143 -25.1060 -1518.8179
v  -57.1944 -31.9538 -1518.8179
v  -50.3465 -37.5737 -1518.8179
v  -42.5338 -41.7497 -1518.8179
v  -34.0566 -44.3212 -1518.8179
v  -25.2405 -45.1895 -1518.8179
v  -16.4245 -44.3212 -1518.8179
v  -7.9473 -41.7496 -1518.8179
v  -0.1346 -37.5737 -1518.8179
v  6.7132 -31.9538 -1518.8179
v  12.3331 -25.1059 -1518.8179
v  16.5091 -17.2932 -1518.8179
v  19.0806 -8.8160 -1518.8179
v  19.9489 0.0001 -1518.8179
v  19.0806 8.8161 -1518.8179
v  16.5090 17.2933 -1518.8179
v  12.3331 25.1060 -1518.8179
v  6.7131 31.9538 -1518.8179
v  -0.1347 37.5737 -1518.8179
v  -7.9474 41.7497 -1518.8179
v  -16.4247 44.3212 -1518.8179
v  -25.2406 88.6424 -1531.9991
v  -42.5339 86.9391 -1531.9991
v  -59.1626 81.8949 -1531.9991
v  -74.4876 73.7034 -1531.9991
v  -87.9202 62.6796 -1531.9991
v  -98.9440 49.2471 -1531.9991
v  -107.1355 33.9219 -1531.9991
v  -112.1797 17.2932 -1531.9991
v  -113.8830 -0.0000 -1531.9991
v  -112.1797 -17.2933 -1531.9991
v  -107.1354 -33.9220 -1531.9991
v  -98.9440 -49.2471 -1531.9991
v  -87.9202 -62.6797 -1531.9991
v  -74.4876 -73.7035 -1531.9991
v  -59.1625 -81.8949 -1531.9991
v  -42.5338 -86.9392 -1531.9991
v  -25.2405 -88.6424 -1531.9991
v  -7.9472 -86.9391 -1531.9991
v  8.6815 -81.8948 -1531.9991
v  24.0066 -73.7034 -1531.9991
v  37.4391 -62.6796 -1531.9991
v  48.4629 -49.2470 -1531.9991
v  56.6543 -33.9219 -1531.9991
v  61.6986 -17.2931 -1531.9991
v  63.4018 0.0001 -1531.9991
v  61.6985 17.2934 -1531.9991
v  56.6542 33.9221 -1531.9991
v  48.4628 49.2472 -1531.9991
v  37.4389 62.6797 -1531.9991
v  24.0063 73.7035 -1531.9991
v  8.6812 81.8949 -1531.9991
v  -7.9475 86.9392 -1531.9991
v  -25.2406 128.6888 -1553.4044
v  -50.3465 126.2160 -1553.4044
v  -74.4876 118.8929 -1553.4044
v  -96.7362 107.0008 -1553.4044
v  -116.2373 90.9967 -1553.4044
v  -132.2414 71.4956 -1553.4044
v  -144.1335 49.2470 -1553.4044
v  -151.4566 25.1059 -1553.4044
v  -153.9294 -0.0001 -1553.4044
v  -151.4566 -25.1060 -1553.4044
v  -144.1335 -49.2471 -1553.4044
v  -132.2413 -71.4957 -1553.4044
v  -116.2372 -90.9968 -1553.4044
v  -96.7362 -107.0009 -1553.4044
v  -74.4875 -118.8930 -1553.4044
v  -50.3464 -126.2161 -1553.4044
v  -25.2405 -128.6888 -1553.4044
v  -0.1345 -126.2160 -1553.4044
v  24.0066 -118.8929 -1553.4044
v  46.2552 -107.0007 -1553.4044
v  65.7562 -90.9966 -1553.4044
v  81.7603 -71.4955 -1553.4044
v  93.6524 -49.2469 -1553.4044
v  100.9755 -25.1057 -1553.4044
v  103.4482 0.0002 -1553.4044
v  100.9754 25.1061 -1553.4044
v  93.6522 49.2473 -1553.4044
v  81.7601 71.4958 -1553.4044
v  65.7559 90.9969 -1553.4044
v  46.2549 107.0009 -1553.4044
v  24.0062 118.8930 -1553.4044
v  -0.1349 126.2161 -1553.4044
v  -25.2406 163.7897 -1582.2109
v  -57.1944 160.6425 -1582.2109
v  -87.9202 151.3220 -1582.2109
v  -116.2373 136.1862 -1582.2109
v  -141.0574 115.8168 -1582.2109
v  -161.4268 90.9967 -1582.2109
v  -176.5626 62.6796 -1582.2109
v  -185.8831 31.9537 -1582.2109
v  -189.0303 -0.0001 -1582.2109
v  -185.8831 -31.9539 -1582.2109
v  -176.5625 -62.6797 -1582.2109
v  -161.4267 -90.9968 -1582.2109
v  -141.0574 -115.8169 -1582.2109
v  -116.2372 -136.1862 -1582.2109
v  -87.9201 -151.3220 -1582.2109
v  -57.1942 -160.6426 -1582.2109
v  -25.2404 -163.7897 -1582.2109
v  6.7134 -160.6425 -1582.2109
v  37.4392 -151.3219 -1582.2109
v  65.7563 -136.1861 -1582.2109
v  90.5764 -115.8167 -1582.2109
v  110.9457 -90.9965 -1582.2109
v  126.0815 -62.6794 -1582.2109
v  135.4020 -31.9536 -1582.2109
v  138.5491 0.0003 -1582.2109
v  135.4019 31.9541 -1582.2109
v  126.0813 62.6799 -1582.2109
v  110.9454 90.9969 -1582.2109
v  90.5760 115.8170 -1582.2109
v  65.7558 136.1864 -1582.2109
v  37.4387 151.3221 -1582.2109
v  6.7129 160.6426 -1582.2109
v  -25.2406 192.5964 -1617.3120
v  -62.8143 188.8957 -1617.3120
v  -98.9440 177.9358 -1617.3120
v  -132.2414 160.1380 -1617.3120
v  -161.4268 136.1862 -1617.3120
v  -185.3786 107.0008 -1617.3120
v  -203.1764 73.7034 -1617.3120
v  -214.1363 37.5736 -1617.3120
v  -217.8369 -0.0001 -1617.3120
v  -214.1362 -37.5738 -1617.3120
v  -203.1764 -73.7035 -1617.3120
v  -185.3785 -107.0009 -1617.3120
v  -161.4267 -136.1863 -1617.3120
v  -132.2413 -160.1381 -1617.3120
v  -98.9439 -177.9359 -1617.3120
v  -62.8141 -188.8957 -1617.3120
v  -25.2404 -192.5964 -1617.3120
v  12.3333 -188.8956 -1617.3120
v  48.4631 -177.9357 -1617.3120
v  81.7604 -160.1379 -1617.3120
v  110.9458 -136.1860 -1617.3120
v  134.8976 -107.0006 -1617.3120
v  152.6954 -73.7032 -1617.3120
v  163.6551 -37.5734 -1617.3120
v  167.3558 0.0003 -1617.3120
v  163.6550 37.5740 -1617.3120
v  152.6951 73.7037 -1617.3120
v  134.8972 107.0011 -1617.3120
v  110.9453 136.1864 -1617.3120
v  81.7599 160.1382 -1617.3120
v  48.4625 177.9360 -1617.3120
v  12.3327 188.8958 -1617.3120
v  -25.2406 214.0016 -1657.3584
v  -66.9902 209.8896 -1657.3584
v  -107.1354 197.7117 -1657.3584
v  -144.1335 177.9358 -1657.3584
v  -176.5626 151.3220 -1657.3584
v  -203.1764 118.8929 -1657.3584
v  -222.9523 81.8948 -1657.3584
v  -235.1302 41.7496 -1657.3584
v  -239.2422 -0.0001 -1657.3584
v  -235.1302 -41.7497 -1657.3584
v  -222.9522 -81.8950 -1657.3584
v  -203.1763 -118.8930 -1657.3584
v  -176.5625 -151.3221 -1657.3584
v  -144.1334 -177.9359 -1657.3584
v  -107.1353 -197.7118 -1657.3584
v  -66.9900 -209.8896 -1657.3584
v  -25.2404 -214.0016 -1657.3584
v  16.5093 -209.8896 -1657.3584
v  56.6545 -197.7116 -1657.3584
v  93.6526 -177.9357 -1657.3584
v  126.0816 -151.3218 -1657.3584
v  152.6954 -118.8927 -1657.3584
v  172.4712 -81.8946 -1657.3584
v  184.6491 -41.7493 -1657.3584
v  188.7610 0.0003 -1657.3584
v  184.6490 41.7500 -1657.3584
v  172.4710 81.8952 -1657.3584
v  152.6950 118.8932 -1657.3584
v  126.0811 151.3223 -1657.3584
v  93.6520 177.9361 -1657.3584
v  56.6539 197.7119 -1657.3584
v  16.5086 209.8897 -1657.3584
v  -25.2406 227.1829 -1700.8113
v  -69.5618 222.8176 -1700.8113
v  -112.1797 209.8896 -1700.8113
v  -151.4566 188.8957 -1700.8113
v  -185.8831 160.6425 -1700.8113
v  -214.1362 126.2160 -1700.8113
v  -235.1302 86.9391 -1700.8113
v  -248.0582 44.3211 -1700.8113
v  -252.4235 -0.0001 -1700.8113
v  -248.0582 -44.3213 -1700.8113
v  -235.1301 -86.9392 -1700.8113
v  -214.1362 -126.2162 -1700.8113
v  -185.8830 -160.6427 -1700.8113
v  -151.4565 -188.8958 -1700.8113
v  -112.1795 -209.8897 -1700.8113
v  -69.5616 -222.8177 -1700.8113
v  -25.2404 -227.1829 -1700.8113
v  19.0808 -222.8176 -1700.8113
v  61.6988 -209.8895 -1700.8113
v  100.9757 -188.8955 -1700.8113
v  135.4022 -160.6423 -1700.8113
v  163.6552 -126.2158 -1700.8113
v  184.6492 -86.9388 -1700.8113
v  197.5771 -44.3208 -1700.8113
v  201.9423 0.0004 -1700.8113
v  197.5770 44.3216 -1700.8113
v  184.6489 86.9395 -1700.8113
v  163.6548 126.2164 -1700.8113
v  135.4017 160.6429 -1700.8113
v  100.9751 188.8959 -1700.8113
v  61.6981 209.8898 -1700.8113
v  19.0801 222.8177 -1700.8113
v  -25.2406 231.6337 -1746.0007
v  -70.4301 227.1829 -1746.0007
v  -113.8829 214.0016 -1746.0007
v  -153.9294 192.5964 -1746.0007
v  -189.0303 163.7897 -1746.0007
v  -217.8369 128.6888 -1746.0007
v  -239.2422 88.6423 -1746.0007
v  -252.4235 45.1894 -1746.0007
v  -256.8743 -0.0001 -1746.0007
v  -252.4235 -45.1896 -1746.0007
v  -239.2421 -88.6425 -1746.0007
v  -217.8369 -128.6889 -1746.0007
v  -189.0302 -163.7898 -1746.0007
v  -153.9292 -192.5965 -1746.0007
v  -113.8828 -214.0017 -1746.0007
v  -70.4299 -227.1829 -1746.0007
v  -25.2404 -231.6337 -1746.0007
v  19.9491 -227.1828 -1746.0007
v  63.4020 -214.0015 -1746.0007
v  103.4484 -192.5962 -1746.0007
v  138.5494 -163.7895 -1746.0007
v  167.3559 -128.6885 -1746.0007
v  188.7612 -88.6421 -1746.0007
v  201.9424 -45.1891 -1746.0007
v  206.3931 0.0004 -1746.0007
v  201.9422 45.1899 -1746.0007
v  188.7609 88.6427 -1746.0007
v  167.3555 128.6891 -1746.0007
v  138.5488 163.7901 -1746.0007
v  103.4478 192.5966 -1746.0007
v  63.4013 214.0018 -1746.0007
v  19.9484 227.1830 -1746.0007
v  -25.2406 227.1829 -1791.1902
v  -69.5618 222.8176 -1791.1902
v  -112.1797 209.8896 -1791.1902
v  -151.4566 188.8957 -1791.1902
v  -185.8831 160.6426 -1791.1902
v  -214.1363 126.2160 -1791.1902
v  -235.1302 86.9391 -1791.1902
v  -248.0582 44.3211 -1791.1902
v  -252.4235 -0.0001 -1791.1902
v  -248.0582 -44.3213 -1791.1902
v  -235.1302 -86.9392 -1791.1902
v  -214.1362 -126.2162 -1791.1902
v  -185.8831 -160.6427 -1791.1902
v  -151.4565 -188.8958 -1791.1902
v  -112.1795 -209.8897 -1791.1902
v  -69.5616 -222.8177 -1791.1902
v  -25.2404 -227.1829 -1791.1902
v  19.0808 -222.8176 -1791.1902
v  61.6988 -209.8895 -1791.1902
v  100.9757 -188.8955 -1791.1902
v  135.4022 -160.6424 -1791.1902
v  163.6553 -126.2158 -1791.1902
v  184.6492 -86.9388 -1791.1902
v  197.5771 -44.3208 -1791.1902
v  201.9423 0.0004 -1791.1902
v  197.5770 44.3216 -1791.1902
v  184.6489 86.9395 -1791.1902
v  163.6548 126.2164 -1791.1902
v  135.4017 160.6429 -1791.1902
v  100.9751 188.8959 -1791.1902
v  61.6981 209.8898 -1791.1902
v  19.0801 222.8177 -1791.1902
v  -25.2406 214.0016 -1834.6431
v  -66.9902 209.8896 -1834.6431
v  -107.1355 197.7117 -1834.6431
v  -144.1335 177.9359 -1834.6431
v  -176.5626 151.3220 -1834.6431
v  -203.1764 118.8929 -1834.6431
v  -222.9523 81.8949 -1834.6431
v  -235.1302 41.7496 -1834.6431
v  -239.2422 -0.0001 -1834.6431
v  -235.1302 -41.7497 -1834.6431
v  -222.9523 -81.8950 -1834.6431
v  -203.1764 -118.8930 -1834.6431
v  -176.5625 -151.3221 -1834.6431
v  -144.1334 -177.9359 -1834.6431
v  -107.1353 -197.7118 -1834.6431
v  -66.9900 -209.8897 -1834.6431
v  -25.2404 -214.0016 -1834.6431
v  16.5093 -209.8896 -1834.6431
v  56.6545 -197.7116 -1834.6431
v  93.6526 -177.9357 -1834.6431
v  126.0816 -151.3218 -1834.6431
v  152.6954 -118.8927 -1834.6431
v  172.4713 -81.8946 -1834.6431
v  184.6491 -41.7493 -1834.6431
v  188.7610 0.0003 -1834.6431
v  184.6490 41.7500 -1834.6431
v  172.4710 81.8952 -1834.6431
v  152.6950 118.8933 -1834.6431
v  126.0811 151.3223 -1834.6431
v  93.6520 177.9361 -1834.6431
v  56.6539 197.7119 -1834.6431
v  16.5086 209.8897 -1834.6431
v  -25.2406 192.5964 -1874.6895
v  -62.8143 188.8957 -1874.6895
v  -98.9440 177.9358 -1874.6895
v  -132.2414 160.1380 -1874.6895
v  -161.4268 136.1862 -1874.6895
v  -185.3786 107.0008 -1874.6895
v  -203.1764 73.7034 -1874.6895
v  -214.1363 37.5736 -1874.6895
v  -217.8369 -0.0001 -1874.6895
v  -214.1362 -37.5738 -1874.6895
v  -203.1764 -73.7035 -1874.6895
v  -185.3785 -107.0009 -1874.6895
v  -161.4267 -136.1863 -1874.6895
v  -132.2413 -160.1381 -1874.6895
v  -98.9439 -177.9359 -1874.6895
v  -62.8141 -188.8957 -1874.6895
v  -25.2404 -192.5964 -1874.6895
v  12.3333 -188.8956 -1874.6895
v  48.4631 -177.9357 -1874.6895
v  81.7604 -160.1379 -1874.6895
v  110.9458 -136.1860 -1874.6895
v  134.8976 -107.0006 -1874.6895
v  152.6954 -73.7032 -1874.6895
v  163.6551 -37.5734 -1874.6895
v  167.3558 0.0003 -1874.6895
v  163.6550 37.5740 -1874.6895
v  152.6951 73.7038 -1874.6895
v  134.8972 107.0011 -1874.6895
v  110.9453 136.1864 -1874.6895
v  81.7599 160.1382 -1874.6895
v  48.4625 177.9360 -1874.6895
v  12.3327 188.8958 -1874.6895
v  -25.2406 163.7897 -1909.7905
v  -57.1944 160.6425 -1909.7905
v  -87.9202 151.3220 -1909.7905
v  -116.2373 136.1862 -1909.7905
v  -141.0574 115.8168 -1909.7905
v  -161.4268 90.9967 -1909.7905
v  -176.5626 62.6796 -1909.7905
v  -185.8831 31.9538 -1909.7905
v  -189.0303 -0.0000 -1909.7905
v  -185.8831 -31.9538 -1909.7905
v  -176.5625 -62.6797 -1909.7905
v  -161.4267 -90.9968 -1909.7905
v  -141.0574 -115.8169 -1909.7905
v  -116.2372 -136.1862 -1909.7905
v  -87.9201 -151.3220 -1909.7905
v  -57.1942 -160.6426 -1909.7905
v  -25.2404 -163.7897 -1909.7905
v  6.7134 -160.6425 -1909.7905
v  37.4392 -151.3219 -1909.7905
v  65.7563 -136.1861 -1909.7905
v  90.5764 -115.8167 -1909.7905
v  110.9457 -90.9965 -1909.7905
v  126.0815 -62.6794 -1909.7905
v  135.4020 -31.9535 -1909.7905
v  138.5491 0.0003 -1909.7905
v  135.4019 31.9541 -1909.7905
v  126.0813 62.6799 -1909.7905
v  110.9454 90.9970 -1909.7905
v  90.5760 115.8171 -1909.7905
v  65.7558 136.1864 -1909.7905
v  37.4387 151.3221 -1909.7905
v  6.7129 160.6426 -1909.7905
v  -25.2406 128.6888 -1938.5970
v  -50.3465 126.2160 -1938.5970
v  -74.4876 118.8929 -1938.5970
v  -96.7362 107.0008 -1938.5970
v  -116.2373 90.9967 -1938.5970
v  -132.2414 71.4957 -1938.5970
v  -144.1335 49.2470 -1938.5970
v  -151.4566 25.1059 -1938.5970
v  -153.9294 -0.0000 -1938.5970
v  -151.4566 -25.1060 -1938.5970
v  -144.1335 -49.2471 -1938.5970
v  -132.2413 -71.4957 -1938.5970
v  -116.2372 -90.9967 -1938.5970
v  -96.7362 -107.0008 -1938.5970
v  -74.4875 -118.8930 -1938.5970
v  -50.3464 -126.2161 -1938.5970
v  -25.2405 -128.6888 -1938.5970
v  -0.1345 -126.2160 -1938.5970
v  24.0066 -118.8929 -1938.5970
v  46.2552 -107.0007 -1938.5970
v  65.7562 -90.9966 -1938.5970
v  81.7603 -71.4955 -1938.5970
v  93.6524 -49.2469 -1938.5970
v  100.9755 -25.1057 -1938.5970
v  103.4482 0.0002 -1938.5970
v  100.9754 25.1062 -1938.5970
v  93.6522 49.2473 -1938.5970
v  81.7601 71.4959 -1938.5970
v  65.7559 90.9969 -1938.5970
v  46.2549 107.0010 -1938.5970
v  24.0062 118.8930 -1938.5970
v  -0.1349 126.2161 -1938.5970
v  -25.2406 88.6423 -1960.0023
v  -42.5339 86.9391 -1960.0023
v  -59.1625 81.8949 -1960.0023
v  -74.4876 73.7034 -1960.0023
v  -87.9202 62.6796 -1960.0023
v  -98.9440 49.2470 -1960.0023
v  -107.1354 33.9219 -1960.0023
v  -112.1797 17.2932 -1960.0023
v  -113.8829 -0.0000 -1960.0023
v  -112.1797 -17.2933 -1960.0023
v  -107.1354 -33.9220 -1960.0023
v  -98.9440 -49.2471 -1960.0023
v  -87.9201 -62.6796 -1960.0023
v  -74.4876 -73.7034 -1960.0023
v  -59.1625 -81.8949 -1960.0023
v  -42.5338 -86.9391 -1960.0023
v  -25.2405 -88.6423 -1960.0023
v  -7.9472 -86.9391 -1960.0023
v  8.6815 -81.8948 -1960.0023
v  24.0065 -73.7033 -1960.0023
v  37.4391 -62.6795 -1960.0023
v  48.4629 -49.2469 -1960.0023
v  56.6543 -33.9218 -1960.0023
v  61.6985 -17.2931 -1960.0023
v  63.4017 0.0002 -1960.0023
v  61.6985 17.2934 -1960.0023
v  56.6542 33.9221 -1960.0023
v  48.4627 49.2472 -1960.0023
v  37.4389 62.6797 -1960.0023
v  24.0063 73.7035 -1960.0023
v  8.6812 81.8949 -1960.0023
v  -7.9475 86.9391 -1960.0023
v  -25.2406 45.1894 -1973.1836
v  -34.0566 44.3211 -1973.1836
v  -42.5338 41.7496 -1973.1836
v  -50.3465 37.5737 -1973.1836
v  -57.1943 31.9538 -1973.1836
v  -62.8142 25.1059 -1973.1836
v  -66.9902 17.2932 -1973.1836
v  -69.5617 8.8160 -1973.1836
v  -70.4300 -0.0000 -1973.1836
v  -69.5617 -8.8160 -1973.1836
v  -66.9902 -17.2933 -1973.1836
v  -62.8142 -25.1059 -1973.1836
v  -57.1943 -31.9538 -1973.1836
v  -50.3465 -37.5736 -1973.1836
v  -42.5338 -41.7496 -1973.1836
v  -34.0566 -44.3211 -1973.1836
v  -25.2405 -45.1894 -1973.1836
v  -16.4245 -44.3211 -1973.1836
v  -7.9473 -41.7496 -1973.1836
v  -0.1346 -37.5736 -1973.1836
v  6.7132 -31.9537 -1973.1836
v  12.3331 -25.1058 -1973.1836
v  16.5090 -17.2932 -1973.1836
v  19.0806 -8.8159 -1973.1836
v  19.9488 0.0001 -1973.1836
v  19.0805 8.8161 -1973.1836
v  16.5090 17.2933 -1973.1836
v  12.3330 25.1060 -1973.1836
v  6.7131 31.9538 -1973.1836
v  -0.1348 37.5737 -1973.1836
v  -7.9474 41.7496 -1973.1836
v  -16.4247 44.3212 -1973.1836
v  -25.2406 0.0000 -1977.6344
# 482 vertices

vn 0.0000 -0.0000 1.0000
vn -0.0000 0.2010 0.9796
vn -0.0392 0.1971 0.9796
vn -0.0769 0.1857 0.9796
vn -0.1117 0.1671 0.9796
vn -0.1421 0.1421 0.9796
vn -0.1671 0.1117 0.9796
vn -0.1857 0.0769 0.9796
vn -0.1971 0.0392 0.9796
vn -0.2010 -0.0000 0.9796
vn -0.1971 -0.0392 0.9796
vn -0.1857 -0.0769 0.9796
vn -0.1671 -0.1117 0.9796
vn -0.1421 -0.1421 0.9796
vn -0.1117 -0.1671 0.9796
vn -0.0769 -0.1857 0.9796
vn -0.0392 -0.1971 0.9796
vn 0.0000 -0.2010 0.9796
vn 0.0392 -0.1971 0.9796
vn 0.0769 -0.1857 0.9796
vn 0.1117 -0.1671 0.9796
vn 0.1421 -0.1421 0.9796
vn 0.1671 -0.1117 0.9796
vn 0.1857 -0.0769 0.9796
vn 0.1971 -0.0392 0.9796
vn 0.2010 0.0000 0.9796
vn 0.1971 0.0392 0.9796
vn 0.1857 0.0769 0.9796
vn 0.1671 0.1117 0.9796
vn 0.1421 0.1421 0.9796
vn 0.1117 0.1671 0.9796
vn 0.0769 0.1857 0.9796
vn 0.0392 0.1971 0.9796
vn -0.0000 0.3879 0.9217
vn -0.0757 0.3804 0.9217
vn -0.1484 0.3584 0.9217
vn -0.2155 0.3225 0.9217
vn -0.2743 0.2743 0.9217
vn -0.3225 0.2155 0.9217
vn -0.3584 0.1484 0.9217
vn -0.3804 0.0757 0.9217
vn -0.3879 -0.0000 0.9217
vn -0.3804 -0.0757 0.9217
vn -0.3584 -0.1484 0.9217
vn -0.3225 -0.2155 0.9217
vn -0.2743 -0.2743 0.9217
vn -0.2155 -0.3225 0.9217
vn -0.1484 -0.3584 0.9217
vn -0.0757 -0.3804 0.9217
vn 0.0000 -0.3879 0.9217
vn 0.0757 -0.3804 0.9217
vn 0.1484 -0.3584 0.9217
vn 0.2155 -0.3225 0.9217
vn 0.2743 -0.2743 0.9217
vn 0.3225 -0.2155 0.9217
vn 0.3584 -0.1484 0.9217
vn 0.3804 -0.0757 0.9217
vn 0.3879 0.0000 0.9217
vn 0.3804 0.0757 0.9217
vn 0.3584 0.1484 0.9217
vn 0.3225 0.2155 0.9217
vn 0.2743 0.2743 0.9217
vn 0.2155 0.3225 0.9217
vn 0.1484 0.3584 0.9217
vn 0.0757 0.3804 0.9217
vn -0.0000 0.5598 0.8286
vn -0.1092 0.5490 0.8286
vn -0.2142 0.5172 0.8286
vn -0.3110 0.4654 0.8286
vn -0.3958 0.3958 0.8286
vn -0.4654 0.3110 0.8286
vn -0.5172 0.2142 0.8286
vn -0.5490 0.1092 0.8286
vn -0.5598 -0.0000 0.8286
vn -0.5490 -0.1092 0.8286
vn -0.5172 -0.2142 0.8286
vn -0.4654 -0.3110 0.8286
vn -0.3958 -0.3958 0.8286
vn -0.3110 -0.4654 0.8286
vn -0.2142 -0.5172 0.8286
vn -0.1092 -0.5490 0.8286
vn 0.0000 -0.5598 0.8286
vn 0.1092 -0.5490 0.8286
vn 0.2142 -0.5172 0.8286
vn 0.3110 -0.4654 0.8286
vn 0.3958 -0.3958 0.8286
vn 0.4654 -0.3110 0.8286
vn 0.5172 -0.2142 0.8286
vn 0.5490 -0.1092 0.8286
vn 0.5598 0.0000 0.8286
vn 0.5490 0.1092 0.8286
vn 0.5172 0.2142 0.8286
vn 0.4654 0.3110 0.8286
vn 0.3958 0.3958 0.8286
vn 0.3110 0.4654 0.8286
vn 0.2142 0.5172 0.8286
vn 0.1092 0.5490 0.8286
vn -0.0000 0.7101 0.7041
vn -0.1385 0.6965 0.7041
vn -0.2718 0.6561 0.7041
vn -0.3945 0.5905 0.7041
vn -0.5021 0.5021 0.7041
vn -0.5905 0.3945 0.7041
vn -0.6561 0.2718 0.7041
vn -0.6965 0.1385 0.7041
vn -0.7101 -0.0000 0.7041
vn -0.6965 -0.1385 0.7041
vn -0.6561 -0.2718 0.7041
vn -0.5905 -0.3945 0.7041
vn -0.5021 -0.5021 0.7041
vn -0.3945 -0.5905 0.7041
vn -0.2718 -0.6561 0.7041
vn -0.1385 -0.6965 0.7041
vn 0.0000 -0.7101 0.7041
vn 0.1385 -0.6965 0.7041
vn 0.2718 -0.6561 0.7041
vn 0.3945 -0.5905 0.7041
vn 0.5021 -0.5021 0.7041
vn 0.5905 -0.3945 0.7041
vn 0.6561 -0.2718 0.7041
vn 0.6965 -0.1385 0.7041
vn 0.7101 0.0000 0.7041
vn 0.6965 0.1385 0.7041
vn 0.6561 0.2718 0.7041
vn 0.5905 0.3945 0.7041
vn 0.5021 0.5021 0.7041
vn 0.3945 0.5905 0.7041
vn 0.2718 0.6561 0.7041
vn 0.1385 0.6965 0.7041
vn -0.0000 0.8333 0.5528
vn -0.1626 0.8173 0.5528
vn -0.3189 0.7699 0.5528
vn -0.4630 0.6929 0.5528
vn -0.5893 0.5893 0.5528
vn -0.6929 0.4630 0.5528
vn -0.7699 0.3189 0.5528
vn -0.8173 0.1626 0.5528
vn -0.8333 -0.0000 0.5528
vn -0.8173 -0.1626 0.5528
vn -0.7699 -0.3189 0.5528
vn -0.6929 -0.4630 0.5528
vn -0.5893 -0.5893 0.5528
vn -0.4630 -0.6929 0.5528
vn -0.3189 -0.7699 0.5528
vn -0.1626 -0.8173 0.5528
vn 0.0000 -0.8333 0.5528
vn 0.1626 -0.8173 0.5528
vn 0.3189 -0.7699 0.5528
vn 0.4630 -0.6929 0.5528
vn 0.5893 -0.5893 0.5528
vn 0.6929 -0.4630 0.5528
vn 0.7699 -0.3189 0.5528
vn 0.8173 -0.1626 0.5528
vn 0.8333 0.0000 0.5528
vn 0.8173 0.1626 0.5528
vn 0.7699 0.3189 0.5528
vn 0.6929 0.4630 0.5528
vn 0.5893 0.5893 0.5528
vn 0.4630 0.6929 0.5528
vn 0.3189 0.7699 0.5528
vn 0.1626 0.8173 0.5528
vn -0.0000 0.9248 0.3805
vn -0.1804 0.9070 0.3805
vn -0.3539 0.8544 0.3805
vn -0.5138 0.7689 0.3805
vn -0.6539 0.6539 0.3805
vn -0.7689 0.5138 0.3805
vn -0.8544 0.3539 0.3805
vn -0.9070 0.1804 0.3805
vn -0.9248 -0.0000 0.3805
vn -0.9070 -0.1804 0.3805
vn -0.8544 -0.3539 0.3805
vn -0.7689 -0.5138 0.3805
vn -0.6539 -0.6539 0.3805
vn -0.5138 -0.7689 0.3805
vn -0.3539 -0.8544 0.3805
vn -0.1804 -0.9070 0.3805
vn 0.0000 -0.9248 0.3805
vn 0.1804 -0.9070 0.3805
vn 0.3539 -0.8544 0.3805
vn 0.5138 -0.7689 0.3805
vn 0.6539 -0.6539 0.3805
vn 0.7689 -0.5138 0.3805
vn 0.8544 -0.3539 0.3805
vn 0.9070 -0.1804 0.3805
vn 0.9248 0.0000 0.3805
vn 0.9070 0.1804 0.3805
vn 0.8544 0.3539 0.3805
vn 0.7689 0.5138 0.3805
vn 0.6539 0.6539 0.3805
vn 0.5138 0.7689 0.3805
vn 0.3539 0.8544 0.3805
vn 0.1804 0.9070 0.3805
vn -0.0000 0.9810 0.1939
vn -0.1914 0.9622 0.1939
vn -0.3754 0.9063 0.1939
vn -0.5450 0.8157 0.1939
vn -0.6937 0.6937 0.1939
vn -0.8157 0.5450 0.1939
vn -0.9063 0.3754 0.1939
vn -0.9622 0.1914 0.1939
vn -0.9810 -0.0000 0.1939
vn -0.9622 -0.1914 0.1939
vn -0.9063 -0.3754 0.1939
vn -0.8157 -0.5450 0.1939
vn -0.6937 -0.6937 0.1939
vn -0.5450 -0.8157 0.1939
vn -0.3754 -0.9063 0.1939
vn -0.1914 -0.9622 0.1939
vn 0.0000 -0.9810 0.1939
vn 0.1914 -0.9622 0.1939
vn 0.3754 -0.9063 0.1939
vn 0.5450 -0.8157 0.1939
vn 0.6937 -0.6937 0.1939
vn 0.8157 -0.5450 0.1939
vn 0.9063 -0.3754 0.1939
vn 0.9622 -0.1914 0.1939
vn 0.9810 0.0000 0.1939
vn 0.9622 0.1914 0.1939
vn 0.9063 0.3754 0.1939
vn 0.8157 0.5450 0.1939
vn 0.6937 0.6937 0.1939
vn 0.5450 0.8157 0.1939
vn 0.3754 0.9063 0.1939
vn 0.1914 0.9622 0.1939
vn -0.0000 1.0000 0.0000
vn -0.1951 0.9808 0.0000
vn -0.3827 0.9239 0.0000
vn -0.5556 0.8315 0.0000
vn -0.7071 0.7071 0.0000
vn -0.8315 0.5556 0.0000
vn -0.9239 0.3827 0.0000
vn -0.9808 0.1951 0.0000
vn -1.0000 -0.0000 0.0000
vn -0.9808 -0.1951 0.0000
vn -0.9239 -0.3827 0.0000
vn -0.8315 -0.5556 0.0000
vn -0.7071 -0.7071 0.0000
vn -0.5556 -0.8315 0.0000
vn -0.3827 -0.9239 0.0000
vn -0.1951 -0.9808 0.0000
vn 0.0000 -1.0000 0.0000
vn 0.1951 -0.9808 0.0000
vn 0.3827 -0.9239 0.0000
vn 0.5556 -0.8315 0.0000
vn 0.7071 -0.7071 0.0000
vn 0.8315 -0.5556 0.0000
vn 0.9239 -0.3827 0.0000
vn 0.9808 -0.1951 0.0000
vn 1.0000 0.0000 0.0000
vn 0.9808 0.1951 0.0000
vn 0.9239 0.3827 0.0000
vn 0.8315 0.5556 0.0000
vn 0.7071 0.7071 0.0000
vn 0.5556 0.8315 0.0000
vn 0.3827 0.9239 0.0000
vn 0.1951 0.9808 0.0000
vn -0.0000 0.9810 -0.1939
vn -0.1914 0.9622 -0.1939
vn -0.3754 0.9063 -0.1939
vn -0.5450 0.8157 -0.1939
vn -0.6937 0.6937 -0.1939
vn -0.8157 0.5450 -0.1939
vn -0.9063 0.3754 -0.1939
vn -0.9622 0.1914 -0.1939
vn -0.9810 -0.0000 -0.1939
vn -0.9622 -0.1914 -0.1939
vn -0.9063 -0.3754 -0.1939
vn -0.8157 -0.5450 -0.1939
vn -0.6937 -0.6937 -0.1939
vn -0.5450 -0.8157 -0.1939
vn -0.3754 -0.9063 -0.1939
vn -0.1914 -0.9622 -0.1939
vn 0.0000 -0.9810 -0.1939
vn 0.1914 -0.9622 -0.1939
vn 0.3754 -0.9063 -0.1939
vn 0.5450 -0.8157 -0.1939
vn 0.6937 -0.6937 -0.1939
vn 0.8157 -0.5450 -0.1939
vn 0.9063 -0.3754 -0.1939
vn 0.9622 -0.1914 -0.1939
vn 0.9810 0.0000 -0.1939
vn 0.9622 0.1914 -0.1939
vn 0.9063 0.3754 -0.1939
vn 0.8157 0.5450 -0.1939
vn 0.6937 0.6937 -0.1939
vn 0.5450 0.8157 -0.1939
vn 0.3754 0.9063 -0.1939
vn 0.1914 0.9622 -0.1939
vn -0.0000 0.9248 -0.3805
vn -0.1804 0.9070 -0.3805
vn -0.3539 0.8544 -0.3805
vn -0.5138 0.7689 -0.3805
vn -0.6539 0.6539 -0.3805
vn -0.7689 0.5138 -0.3805
vn -0.8544 0.3539 -0.3805
vn -0.9070 0.1804 -0.3805
vn -0.9248 -0.0000 -0.3805
vn -0.9070 -0.1804 -0.3805
vn -0.8544 -0.3539 -0.3805
vn -0.7689 -0.5138 -0.3805
vn -0.6539 -0.6539 -0.3805
vn -0.5138 -0.7689 -0.3805
vn -0.3539 -0.8544 -0.3805
vn -0.1804 -0.9070 -0.3805
vn 0.0000 -0.9248 -0.3805
vn 0.1804 -0.9070 -0.3805
vn 0.3539 -0.8544 -0.3805
vn 0.5138 -0.7689 -0.3805
vn 0.6539 -0.6539 -0.3805
vn 0.7689 -0.5138 -0.3805
vn 0.8544 -0.3539 -0.3805
vn 0.9070 -0.1804 -0.3805
vn 0.9248 0.0000 -0.3805
vn 0.9070 0.1804 -0.3805
vn 0.8544 0.3539 -0.3805
vn 0.7689 0.5138 -0.3805
vn 0.6539 0.6539 -0.3805
vn 0.5138 0.7689 -0.3805
vn 0.3539 0.8544 -0.3805
vn 0.1804 0.9070 -0.3805
vn -0.0000 0.8333 -0.5528
vn -0.1626 0.8173 -0.5528
vn -0.3189 0.7699 -0.5528
vn -0.4630 0.6929 -0.5528
vn -0.5893 0.5893 -0.5528
vn -0.6929 0.4630 -0.5528
vn -0.7699 0.3189 -0.5528
vn -0.8173 0.1626 -0.5528
vn -0.8333 -0.0000 -0.5528
vn -0.8173 -0.1626 -0.5528
vn -0.7699 -0.3189 -0.5528
vn -0.6929 -0.4630 -0.5528
vn -0.5893 -0.5893 -0.5528
vn -0.4630 -0.6929 -0.5528
vn -0.3189 -0.7699 -0.5528
vn -0.1626 -0.8173 -0.5528
vn 0.0000 -0.8333 -0.5528
vn 0.1626 -0.8173 -0.5528
vn 0.3189 -0.7699 -0.5528
vn 0.4630 -0.6929 -0.5528
vn 0.5893 -0.5893 -0.5528
vn 0.6929 -0.4630 -0.5528
vn 0.7699 -0.3189 -0.5528
vn 0.8173 -0.1626 -0.5528
vn 0.8333 0.0000 -0.5528
vn 0.8173 0.1626 -0.5528
vn 0.7699 0.3189 -0.5528
vn 0.6929 0.4630 -0.5528
vn 0.5893 0.5893 -0.5528
vn 0.4630 0.6929 -0.5528
vn 0.3189 0.7699 -0.5528
vn 0.1626 0.8173 -0.5528
vn -0.0000 0.7101 -0.7041
vn -0.1385 0.6965 -0.7041
vn -0.2718 0.6561 -0.7041
vn -0.3945 0.5905 -0.7041
vn -0.5021 0.5021 -0.7041
vn -0.5905 0.3945 -0.7041
vn -0.6561 0.2718 -0.7041
vn -0.6965 0.1385 -0.7041
vn -0.7101 -0.0000 -0.7041
vn -0.6965 -0.1385 -0.7041
vn -0.6561 -0.2718 -0.7041
vn -0.5905 -0.3945 -0.7041
vn -0.5021 -0.5021 -0.7041
vn -0.3945 -0.5905 -0.7041
vn -0.2718 -0.6561 -0.7041
vn -0.1385 -0.6965 -0.7041
vn 0.0000 -0.7101 -0.7041
vn 0.1385 -0.6965 -0.7041
vn 0.2718 -0.6561 -0.7041
vn 0.3945 -0.5905 -0.7041
vn 0.5021 -0.5021 -0.7041
vn 0.5905 -0.3945 -0.7041
vn 0.6561 -0.2718 -0.7041
vn 0.6965 -0.1385 -0.7041
vn 0.7101 0.0000 -0.7041
vn 0.6965 0.1385 -0.7041
vn 0.6561 0.2718 -0.7041
vn 0.5905 0.3945 -0.7041
vn 0.5021 0.5021 -0.7041
vn 0.3945 0.5905 -0.7041
vn 0.2718 0.6561 -0.7041
vn 0.1385 0.6965 -0.7041
vn -0.0000 0.5598 -0.8286
vn -0.1092 0.5490 -0.8286
vn -0.2142 0.5172 -0.8286
vn -0.3110 0.4654 -0.8286
vn -0.3958 0.3958 -0.8286
vn -0.4654 0.3110 -0.8286
vn -0.5172 0.2142 -0.8286
vn -0.5490 0.1092 -0.8286
vn -0.5598 -0.0000 -0.8286
vn -0.5490 -0.1092 -0.8286
vn -0.5172 -0.2142 -0.8286
vn -0.4654 -0.3110 -0.8286
vn -0.3958 -0.3958 -0.8286
vn -0.3110 -0.4654 -0.8286
vn -0.2142 -0.5172 -0.8286
vn -0.1092 -0.5490 -0.8286
vn 0.0000 -0.5598 -0.8286
vn 0.1092 -0.5490 -0.8286
vn 0.2142 -0.5172 -0.8286
vn 0.3110 -0.4654 -0.8286
vn 0.3958 -0.3958 -0.8286
vn 0.4654 -0.3110 -0.8286
vn 0.5172 -0.2142 -0.8286
vn 0.5490 -0.1092 -0.8286
vn 0.5598 0.0000 -0.8286
vn 0.5490 0.1092 -0.8286
vn 0.5172 0.2142 -0.8286
vn 0.4654 0.3110 -0.8286
vn 0.3958 0.3958 -0.8286
vn 0.3110 0.4654 -0.8286
vn 0.2142 0.5172 -0.8286
vn 0.1092 0.5490 -0.8286
vn -0.0000 0.3879 -0.9217
vn -0.0757 0.3804 -0.9217
vn -0.1484 0.3584 -0.9217
vn -0.2155 0.3225 -0.9217
vn -0.2743 0.2743 -0.9217
vn -0.3225 0.2155 -0.9217
vn -0.3584 0.1484 -0.9217
vn -0.3804 0.0757 -0.9217
vn -0.3879 -0.0000 -0.9217
vn -0.3804 -0.0757 -0.9217
vn -0.3584 -0.1484 -0.9217
vn -0.3225 -0.2155 -0.9217
vn -0.2743 -0.2743 -0.9217
vn -0.2155 -0.3225 -0.9217
vn -0.1484 -0.3584 -0.9217
vn -0.0757 -0.3804 -0.9217
vn 0.0000 -0.3879 -0.9217
vn 0.0757 -0.3804 -0.9217
vn 0.1484 -0.3584 -0.9217
vn 0.2155 -0.3225 -0.9217
vn 0.2743 -0.2743 -0.9217
vn 0.3225 -0.2155 -0.9217
vn 0.3584 -0.1484 -0.9217
vn 0.3804 -0.0757 -0.9217
vn 0.3879 0.0000 -0.9217
vn 0.3804 0.0757 -0.9217
vn 0.3584 0.1484 -0.9217
vn 0.3225 0.2155 -0.9217
vn 0.2743 0.2743 -0.9217
vn 0.2155 0.3225 -0.9217
vn 0.1484 0.3584 -0.9217
vn 0.0757 0.3804 -0.9217
vn -0.0000 0.2010 -0.9796
vn -0.0392 0.1971 -0.9796
vn -0.0769 0.1857 -0.9796
vn -0.1117 0.1671 -0.9796
vn -0.1421 0.1421 -0.9796
vn -0.1671 0.1117 -0.9796
vn -0.1857 0.0769 -0.9796
vn -0.1971 0.0392 -0.9796
vn -0.2010 0.0000 -0.9796
vn -0.1971 -0.0392 -0.9796
vn -0.1857 -0.0769 -0.9796
vn -0.1671 -0.1117 -0.9796
vn -0.1421 -0.1421 -0.9796
vn -0.1117 -0.1671 -0.9796
vn -0.0769 -0.1857 -0.9796
vn -0.0392 -0.1971 -0.9796
vn 0.0000 -0.2010 -0.9796
vn 0.0392 -0.1971 -0.9796
vn 0.0769 -0.1857 -0.9796
vn 0.1117 -0.1671 -0.9796
vn 0.1421 -0.1421 -0.9796
vn 0.1671 -0.1117 -0.9796
vn 0.1857 -0.0769 -0.9796
vn 0.1971 -0.0392 -0.9796
vn 0.2010 0.0000 -0.9796
vn 0.1971 0.0392 -0.9796
vn 0.1857 0.0769 -0.9796
vn 0.1671 0.1117 -0.9796
vn 0.1421 0.1421 -0.9796
vn 0.1117 0.1671 -0.9796
vn 0.0769 0.1857 -0.9796
vn 0.0392 0.1971 -0.9796
vn -0.0000 0.0000 -1.0000
# 482 vertex normals

vt 0.5000 0.5000 0.0000
vt 0.5000 0.6338 0.0000
vt 0.4739 0.6313 0.0000
vt 0.4488 0.6236 0.0000
vt 0.4257 0.6113 0.0000
vt 0.4054 0.5946 0.0000
vt 0.3887 0.5743 0.0000
vt 0.3764 0.5512 0.0000
vt 0.3687 0.5261 0.0000
vt 0.3662 0.5000 0.0000
vt 0.3688 0.4739 0.0000
vt 0.3764 0.4488 0.0000
vt 0.3887 0.4257 0.0000
vt 0.4054 0.4054 0.0000
vt 0.4257 0.3887 0.0000
vt 0.4488 0.3764 0.0000
vt 0.4739 0.3687 0.0000
vt 0.5000 0.3662 0.0000
vt 0.5261 0.3688 0.0000
vt 0.5512 0.3764 0.0000
vt 0.5743 0.3887 0.0000
vt 0.5946 0.4054 0.0000
vt 0.6113 0.4257 0.0000
vt 0.6236 0.4488 0.0000
vt 0.6313 0.4739 0.0000
vt 0.6338 0.5000 0.0000
vt 0.6312 0.5261 0.0000
vt 0.6236 0.5512 0.0000
vt 0.6113 0.5743 0.0000
vt 0.5946 0.5946 0.0000
vt 0.5743 0.6113 0.0000
vt 0.5512 0.6236 0.0000
vt 0.5261 0.6313 0.0000
vt 0.5000 0.7625 0.0000
vt 0.4488 0.7575 0.0000
vt 0.3995 0.7425 0.0000
vt 0.3542 0.7183 0.0000
vt 0.3144 0.6856 0.0000
vt 0.2817 0.6458 0.0000
vt 0.2575 0.6005 0.0000
vt 0.2425 0.5512 0.0000
vt 0.2375 0.5000 0.0000
vt 0.2425 0.4488 0.0000
vt 0.2575 0.3995 0.0000
vt 0.2817 0.3542 0.0000
vt 0.3144 0.3144 0.0000
vt 0.3542 0.2817 0.0000
vt 0.3995 0.2575 0.0000
vt 0.4488 0.2425 0.0000
vt 0.5000 0.2375 0.0000
vt 0.5512 0.2425 0.0000
vt 0.6005 0.2575 0.0000
vt 0.6458 0.2817 0.0000
vt 0.6856 0.3144 0.0000
vt 0.7183 0.3542 0.0000
vt 0.7425 0.3995 0.0000
vt 0.7575 0.4488 0.0000
vt 0.7625 0.5000 0.0000
vt 0.7575 0.5512 0.0000
vt 0.7425 0.6005 0.0000
vt 0.7183 0.6458 0.0000
vt 0.6856 0.6856 0.0000
vt 0.6458 0.7183 0.0000
vt 0.6005 0.7425 0.0000
vt 0.5512 0.7575 0.0000
vt 0.0253 0.2882 0.0000
vt 0.0253 0.2694 0.0000
vt 0.0347 0.2694 0.0000
vt 0.0347 0.2882 0.0000
vt 0.0441 0.2694 0.0000
vt 0.0441 0.2882 0.0000
vt 0.0535 0.2694 0.0000
vt 0.0535 0.2882 0.0000
vt 0.0629 0.2694 0.0000
vt 0.0629 0.2882 0.0000
vt 0.0722 0.2694 0.0000
vt 0.0722 0.2882 0.0000
vt 0.0816 0.2694 0.0000
vt 0.0816 0.2882 0.0000
vt 0.0910 0.2694 0.0000
vt 0.0910 0.2882 0.0000
vt 0.1004 0.2694 0.0000
vt 0.1004 0.2882 0.0000
vt 0.1098 0.2694 0.0000
vt 0.1098 0.2882 0.0000
vt 0.1192 0.2694 0.0000
vt 0.1192 0.2882 0.0000
vt 0.1286 0.2694 0.0000
vt 0.1286 0.2882 0.0000
vt 0.1380 0.2694 0.0000
vt 0.1380 0.2882 0.0000
vt 0.1473 0.2694 0.0000
vt 0.1473 0.2882 0.0000
vt 0.1567 0.2694 0.0000
vt 0.1567 0.2882 0.0000
vt 0.1661 0.2694 0.0000
vt 0.1661 0.2882 0.0000
vt 0.1755 0.2694 0.0000
vt 0.1755 0.2882 0.0000
vt 0.1849 0.2694 0.0000
vt 0.1849 0.2882 0.0000
vt 0.1943 0.2694 0.0000
vt 0.1943 0.2882 0.0000
vt 0.2037 0.2694 0.0000
vt 0.2037 0.2882 0.0000
vt 0.2130 0.2694 0.0000
vt 0.2130 0.2882 0.0000
vt 0.2224 0.2694 0.0000
vt 0.2224 0.2882 0.0000
vt 0.2318 0.2694 0.0000
vt 0.2318 0.2882 0.0000
vt 0.2412 0.2694 0.0000
vt 0.2412 0.2882 0.0000
vt 0.2506 0.2694 0.0000
vt 0.2506 0.2882 0.0000
vt 0.2600 0.2694 0.0000
vt 0.2600 0.2882 0.0000
vt 0.2694 0.2694 0.0000
vt 0.2694 0.2882 0.0000
vt 0.2788 0.2694 0.0000
vt 0.2788 0.2882 0.0000
vt 0.2881 0.2694 0.0000
vt 0.2881 0.2882 0.0000
vt 0.2975 0.2694 0.0000
vt 0.2975 0.2882 0.0000
vt 0.3069 0.2694 0.0000
vt 0.3069 0.2882 0.0000
vt 0.3163 0.2694 0.0000
vt 0.3163 0.2882 0.0000
vt 0.3257 0.2694 0.0000
vt 0.3257 0.2882 0.0000
vt 0.0253 0.2506 0.0000
vt 0.0347 0.2506 0.0000
vt 0.0441 0.2506 0.0000
vt 0.0535 0.2506 0.0000
vt 0.0629 0.2506 0.0000
vt 0.0722 0.2506 0.0000
vt 0.0816 0.2506 0.0000
vt 0.0910 0.2506 0.0000
vt 0.1004 0.2506 0.0000
vt 0.1098 0.2506 0.0000
vt 0.1192 0.2506 0.0000
vt 0.1286 0.2506 0.0000
vt 0.1380 0.2506 0.0000
vt 0.1473 0.2506 0.0000
vt 0.1567 0.2506 0.0000
vt 0.1661 0.2506 0.0000
vt 0.1755 0.2506 0.0000
vt 0.1849 0.2506 0.0000
vt 0.1943 0.2506 0.0000
vt 0.2037 0.2506 0.0000
vt 0.2130 0.2506 0.0000
vt 0.2224 0.2506 0.0000
vt 0.2318 0.2506 0.0000
vt 0.2412 0.2506 0.0000
vt 0.2506 0.2506 0.0000
vt 0.2600 0.2506 0.0000
vt 0.2694 0.2506 0.0000
vt 0.2788 0.2506 0.0000
vt 0.2881 0.2506 0.0000
vt 0.2975 0.2506 0.0000
vt 0.3069 0.2506 0.0000
vt 0.3163 0.2506 0.0000
vt 0.3257 0.2506 0.0000
vt 0.0253 0.2319 0.0000
vt 0.0347 0.2319 0.0000
vt 0.0441 0.2319 0.0000
vt 0.0535 0.2319 0.0000
vt 0.0629 0.2319 0.0000
vt 0.0722 0.2319 0.0000
vt 0.0816 0.2319 0.0000
vt 0.0910 0.2319 0.0000
vt 0.1004 0.2319 0.0000
vt 0.1098 0.2319 0.0000
vt 0.1192 0.2319 0.0000
vt 0.1286 0.2319 0.0000
vt 0.1380 0.2319 0.0000
vt 0.1473 0.2319 0.0000
vt 0.1567 0.2319 0.0000
vt 0.1661 0.2319 0.0000
vt 0.1755 0.2319 0.0000
vt 0.1849 0.2319 0.0000
vt 0.1943 0.2319 0.0000
vt 0.2037 0.2319 0.0000
vt 0.2130 0.2319 0.0000
vt 0.2224 0.2319 0.0000
vt 0.2318 0.2319 0.0000
vt 0.2412 0.2319 0.0000
vt 0.2506 0.2319 0.0000
vt 0.2600 0.2319 0.0000
vt 0.2694 0.2319 0.0000
vt 0.2788 0.2319 0.0000
vt 0.2881 0.2319 0.0000
vt 0.2975 0.2319 0.0000
vt 0.3069 0.2319 0.0000
vt 0.3163 0.2319 0.0000
vt 0.3257 0.2319 0.0000
vt 0.0253 0.2131 0.0000
vt 0.0347 0.2131 0.0000
vt 0.0441 0.2131 0.0000
vt 0.0535 0.2131 0.0000
vt 0.0629 0.2131 0.0000
vt 0.0722 0.2131 0.0000
vt 0.0816 0.2131 0.0000
vt 0.0910 0.2131 0.0000
vt 0.1004 0.2131 0.0000
vt 0.1098 0.2131 0.0000
vt 0.1192 0.2131 0.0000
vt 0.1286 0.2131 0.0000
vt 0.1380 0.2131 0.0000
vt 0.1473 0.2131 0.0000
vt 0.1567 0.2131 0.0000
vt 0.1661 0.2131 0.0000
vt 0.1755 0.2131 0.0000
vt 0.1849 0.2131 0.0000
vt 0.1943 0.2131 0.0000
vt 0.2037 0.2131 0.0000
vt 0.2130 0.2131 0.0000
vt 0.2224 0.2131 0.0000
vt 0.2318 0.2131 0.0000
vt 0.2412 0.2131 0.0000
vt 0.2506 0.2131 0.0000
vt 0.2600 0.2131 0.0000
vt 0.2694 0.2131 0.0000
vt 0.2788 0.2131 0.0000
vt 0.2881 0.2131 0.0000
vt 0.2975 0.2131 0.0000
vt 0.3069 0.2131 0.0000
vt 0.3163 0.2131 0.0000
vt 0.3257 0.2131 0.0000
vt 0.0253 0.1943 0.0000
vt 0.0347 0.1943 0.0000
vt 0.0441 0.1943 0.0000
vt 0.0535 0.1943 0.0000
vt 0.0629 0.1943 0.0000
vt 0.0722 0.1943 0.0000
vt 0.0816 0.1943 0.0000
vt 0.0910 0.1943 0.0000
vt 0.1004 0.1943 0.0000
vt 0.1098 0.1943 0.0000
vt 0.1192 0.1943 0.0000
vt 0.1286 0.1943 0.0000
vt 0.1380 0.1943 0.0000
vt 0.1473 0.1943 0.0000
vt 0.1567 0.1943 0.0000
vt 0.1661 0.1943 0.0000
vt 0.1755 0.1943 0.0000
vt 0.1849 0.1943 0.0000
vt 0.1943 0.1943 0.0000
vt 0.2037 0.1943 0.0000
vt 0.2130 0.1943 0.0000
vt 0.2224 0.1943 0.0000
vt 0.2318 0.1943 0.0000
vt 0.2412 0.1943 0.0000
vt 0.2506 0.1943 0.0000
vt 0.2600 0.1943 0.0000
vt 0.2694 0.1943 0.0000
vt 0.2788 0.1943 0.0000
vt 0.2881 0.1943 0.0000
vt 0.2975 0.1943 0.0000
vt 0.3069 0.1943 0.0000
vt 0.3163 0.1943 0.0000
vt 0.3257 0.1943 0.0000
vt 0.0253 0.1756 0.0000
vt 0.0347 0.1756 0.0000
vt 0.0441 0.1756 0.0000
vt 0.0535 0.1756 0.0000
vt 0.0629 0.1756 0.0000
vt 0.0722 0.1756 0.0000
vt 0.0816 0.1756 0.0000
vt 0.0910 0.1756 0.0000
vt 0.1004 0.1756 0.0000
vt 0.1098 0.1756 0.0000
vt 0.1192 0.1756 0.0000
vt 0.1286 0.1756 0.0000
vt 0.1380 0.1756 0.0000
vt 0.1473 0.1756 0.0000
vt 0.1567 0.1756 0.0000
vt 0.1661 0.1756 0.0000
vt 0.1755 0.1756 0.0000
vt 0.1849 0.1756 0.0000
vt 0.1943 0.1756 0.0000
vt 0.2037 0.1756 0.0000
vt 0.2130 0.1756 0.0000
vt 0.2224 0.1756 0.0000
vt 0.2318 0.1756 0.0000
vt 0.2412 0.1756 0.0000
vt 0.2506 0.1756 0.0000
vt 0.2600 0.1756 0.0000
vt 0.2694 0.1756 0.0000
vt 0.2788 0.1756 0.0000
vt 0.2881 0.1756 0.0000
vt 0.2975 0.1756 0.0000
vt 0.3069 0.1756 0.0000
vt 0.3163 0.1756 0.0000
vt 0.3257 0.1756 0.0000
vt 0.0253 0.1568 0.0000
vt 0.0347 0.1568 0.0000
vt 0.0441 0.1568 0.0000
vt 0.0535 0.1568 0.0000
vt 0.0629 0.1568 0.0000
vt 0.0722 0.1568 0.0000
vt 0.0816 0.1568 0.0000
vt 0.0910 0.1568 0.0000
vt 0.1004 0.1568 0.0000
vt 0.1098 0.1568 0.0000
vt 0.1192 0.1568 0.0000
vt 0.1286 0.1568 0.0000
vt 0.1380 0.1568 0.0000
vt 0.1473 0.1568 0.0000
vt 0.1567 0.1568 0.0000
vt 0.1661 0.1568 0.0000
vt 0.1755 0.1568 0.0000
vt 0.1849 0.1568 0.0000
vt 0.1943 0.1568 0.0000
vt 0.2037 0.1568 0.0000
vt 0.2130 0.1568 0.0000
vt 0.2224 0.1568 0.0000
vt 0.2318 0.1568 0.0000
vt 0.2412 0.1568 0.0000
vt 0.2506 0.1568 0.0000
vt 0.2600 0.1568 0.0000
vt 0.2694 0.1568 0.0000
vt 0.2788 0.1568 0.0000
vt 0.2881 0.1568 0.0000
vt 0.2975 0.1568 0.0000
vt 0.3069 0.1568 0.0000
vt 0.3163 0.1568 0.0000
vt 0.3257 0.1568 0.0000
vt 0.0253 0.1380 0.0000
vt 0.0347 0.1380 0.0000
vt 0.0441 0.1380 0.0000
vt 0.0535 0.1380 0.0000
vt 0.0629 0.1380 0.0000
vt 0.0722 0.1380 0.0000
vt 0.0816 0.1380 0.0000
vt 0.0910 0.1380 0.0000
vt 0.1004 0.1380 0.0000
vt 0.1098 0.1380 0.0000
vt 0.1192 0.1380 0.0000
vt 0.1286 0.1380 0.0000
vt 0.1380 0.1380 0.0000
vt 0.1473 0.1380 0.0000
vt 0.1567 0.1380 0.0000
vt 0.1661 0.1380 0.0000
vt 0.1755 0.1380 0.0000
vt 0.1849 0.1380 0.0000
vt 0.1943 0.1380 0.0000
vt 0.2037 0.1380 0.0000
vt 0.2130 0.1380 0.0000
vt 0.2224 0.1380 0.0000
vt 0.2318 0.1380 0.0000
vt 0.2412 0.1380 0.0000
vt 0.2506 0.1380 0.0000
vt 0.2600 0.1380 0.0000
vt 0.2694 0.1380 0.0000
vt 0.2788 0.1380 0.0000
vt 0.2881 0.1380 0.0000
vt 0.2975 0.1380 0.0000
vt 0.3069 0.1380 0.0000
vt 0.3163 0.1380 0.0000
vt 0.3257 0.1380 0.0000
vt 0.0253 0.1192 0.0000
vt 0.0347 0.1192 0.0000
vt 0.0441 0.1192 0.0000
vt 0.0535 0.1192 0.0000
vt 0.0629 0.1192 0.0000
vt 0.0722 0.1192 0.0000
vt 0.0816 0.1192 0.0000
vt 0.0910 0.1192 0.0000
vt 0.1004 0.1192 0.0000
vt 0.1098 0.1192 0.0000
vt 0.1192 0.1192 0.0000
vt 0.1286 0.1192 0.0000
vt 0.1380 0.1192 0.0000
vt 0.1473 0.1192 0.0000
vt 0.1567 0.1192 0.0000
vt 0.1661 0.1192 0.0000
vt 0.1755 0.1192 0.0000
vt 0.1849 0.1192 0.0000
vt 0.1943 0.1192 0.0000
vt 0.2037 0.1192 0.0000
vt 0.2130 0.1192 0.0000
vt 0.2224 0.1192 0.0000
vt 0.2318 0.1192 0.0000
vt 0.2412 0.1192 0.0000
vt 0.2506 0.1192 0.0000
vt 0.2600 0.1192 0.0000
vt 0.2694 0.1192 0.0000
vt 0.2788 0.1192 0.0000
vt 0.2881 0.1192 0.0000
vt 0.2975 0.1192 0.0000
vt 0.3069 0.1192 0.0000
vt 0.3163 0.1192 0.0000
vt 0.3257 0.1192 0.0000
vt 0.0253 0.1005 0.0000
vt 0.0347 0.1005 0.0000
vt 0.0441 0.1005 0.0000
vt 0.0535 0.1005 0.0000
vt 0.0629 0.1005 0.0000
vt 0.0722 0.1005 0.0000
vt 0.0816 0.1005 0.0000
vt 0.0910 0.1005 0.0000
vt 0.1004 0.1005 0.0000
vt 0.1098 0.1005 0.0000
vt 0.1192 0.1005 0.0000
vt 0.1286 0.1005 0.0000
vt 0.1380 0.1005 0.0000
vt 0.1473 0.1005 0.0000
vt 0.1567 0.1005 0.0000
vt 0.1661 0.1005 0.0000
vt 0.1755 0.1005 0.0000
vt 0.1849 0.1005 0.0000
vt 0.1943 0.1005 0.0000
vt 0.2037 0.1005 0.0000
vt 0.2130 0.1005 0.0000
vt 0.2224 0.1005 0.0000
vt 0.2318 0.1005 0.0000
vt 0.2412 0.1005 0.0000
vt 0.2506 0.1005 0.0000
vt 0.2600 0.1005 0.0000
vt 0.2694 0.1005 0.0000
vt 0.2788 0.1005 0.0000
vt 0.2881 0.1005 0.0000
vt 0.2975 0.1005 0.0000
vt 0.3069 0.1005 0.0000
vt 0.3163 0.1005 0.0000
vt 0.3257 0.1005 0.0000
vt 0.0253 0.0817 0.0000
vt 0.0347 0.0817 0.0000
vt 0.0441 0.0817 0.0000
vt 0.0535 0.0817 0.0000
vt 0.0629 0.0817 0.0000
vt 0.0722 0.0817 0.0000
vt 0.0816 0.0817 0.0000
vt 0.0910 0.0817 0.0000
vt 0.1004 0.0817 0.0000
vt 0.1098 0.0817 0.0000
vt 0.1192 0.0817 0.0000
vt 0.1286 0.0817 0.0000
vt 0.1380 0.0817 0.0000
vt 0.1473 0.0817 0.0000
vt 0.1567 0.0817 0.0000
vt 0.1661 0.0817 0.0000
vt 0.1755 0.0817 0.0000
vt 0.1849 0.0817 0.0000
vt 0.1943 0.0817 0.0000
vt 0.2037 0.0817 0.0000
vt 0.2130 0.0817 0.0000
vt 0.2224 0.0817 0.0000
vt 0.2318 0.0817 0.0000
vt 0.2412 0.0817 0.0000
vt 0.2506 0.0817 0.0000
vt 0.2600 0.0817 0.0000
vt 0.2694 0.0817 0.0000
vt 0.2788 0.0817 0.0000
vt 0.2881 0.0817 0.0000
vt 0.2975 0.0817 0.0000
vt 0.3069 0.0817 0.0000
vt 0.3163 0.0817 0.0000
vt 0.3257 0.0817 0.0000
vt 0.0253 0.0629 0.0000
vt 0.0347 0.0629 0.0000
vt 0.0441 0.0629 0.0000
vt 0.0535 0.0629 0.0000
vt 0.0629 0.0629 0.0000
vt 0.0722 0.0629 0.0000
vt 0.0816 0.0629 0.0000
vt 0.0910 0.0629 0.0000
vt 0.1004 0.0629 0.0000
vt 0.1098 0.0629 0.0000
vt 0.1192 0.0629 0.0000
vt 0.1286 0.0629 0.0000
vt 0.1380 0.0629 0.0000
vt 0.1473 0.0629 0.0000
vt 0.1567 0.0629 0.0000
vt 0.1661 0.0629 0.0000
vt 0.1755 0.0629 0.0000
vt 0.1849 0.0629 0.0000
vt 0.1943 0.0629 0.0000
vt 0.2037 0.0629 0.0000
vt 0.2130 0.0629 0.0000
vt 0.2224 0.0629 0.0000
vt 0.2318 0.0629 0.0000
vt 0.2412 0.0629 0.0000
vt 0.2506 0.0629 0.0000
vt 0.2600 0.0629 0.0000
vt 0.2694 0.0629 0.0000
vt 0.2788 0.0629 0.0000
vt 0.2881 0.0629 0.0000
vt 0.2975 0.0629 0.0000
vt 0.3069 0.0629 0.0000
vt 0.3163 0.0629 0.0000
vt 0.3257 0.0629 0.0000
vt 0.0253 0.0441 0.0000
vt 0.0347 0.0441 0.0000
vt 0.0441 0.0441 0.0000
vt 0.0535 0.0441 0.0000
vt 0.0629 0.0441 0.0000
vt 0.0722 0.0441 0.0000
vt 0.0816 0.0441 0.0000
vt 0.0910 0.0441 0.0000
vt 0.1004 0.0441 0.0000
vt 0.1098 0.0441 0.0000
vt 0.1192 0.0441 0.0000
vt 0.1286 0.0441 0.0000
vt 0.1380 0.0441 0.0000
vt 0.1473 0.0441 0.0000
vt 0.1567 0.0441 0.0000
vt 0.1661 0.0441 0.0000
vt 0.1755 0.0441 0.0000
vt 0.1849 0.0441 0.0000
vt 0.1943 0.0441 0.0000
vt 0.2037 0.0441 0.0000
vt 0.2130 0.0441 0.0000
vt 0.2224 0.0441 0.0000
vt 0.2318 0.0441 0.0000
vt 0.2412 0.0441 0.0000
vt 0.2506 0.0441 0.0000
vt 0.2600 0.0441 0.0000
vt 0.2694 0.0441 0.0000
vt 0.2788 0.0441 0.0000
vt 0.2881 0.0441 0.0000
vt 0.2975 0.0441 0.0000
vt 0.3069 0.0441 0.0000
vt 0.3163 0.0441 0.0000
vt 0.3257 0.0441 0.0000
vt 0.0253 0.0254 0.0000
vt 0.0347 0.0254 0.0000
vt 0.0441 0.0254 0.0000
vt 0.0535 0.0254 0.0000
vt 0.0629 0.0254 0.0000
vt 0.0722 0.0254 0.0000
vt 0.0816 0.0254 0.0000
vt 0.0910 0.0254 0.0000
vt 0.1004 0.0254 0.0000
vt 0.1098 0.0254 0.0000
vt 0.1192 0.0254 0.0000
vt 0.1286 0.0254 0.0000
vt 0.1380 0.0254 0.0000
vt 0.1473 0.0254 0.0000
vt 0.1567 0.0254 0.0000
vt 0.1661 0.0254 0.0000
vt 0.1755 0.0254 0.0000
vt 0.1849 0.0254 0.0000
vt 0.1943 0.0254 0.0000
vt 0.2037 0.0254 0.0000
vt 0.2130 0.0254 0.0000
vt 0.2224 0.0254 0.0000
vt 0.2318 0.0254 0.0000
vt 0.2412 0.0254 0.0000
vt 0.2506 0.0254 0.0000
vt 0.2600 0.0254 0.0000
vt 0.2694 0.0254 0.0000
vt 0.2788 0.0254 0.0000
vt 0.2881 0.0254 0.0000
vt 0.2975 0.0254 0.0000
vt 0.3069 0.0254 0.0000
vt 0.3163 0.0254 0.0000
# 559 texture coords

o Obj3d66_9130953_1_642
g Obj3d66_9130953_1_642
usemtl Mat3d66_9130953_1_82527
f -482/-559/-482 -481/-558/-481 -480/-557/-480 
f -482/-559/-482 -480/-557/-480 -479/-556/-479 
f -482/-559/-482 -479/-556/-479 -478/-555/-478 
f -482/-559/-482 -478/-555/-478 -477/-554/-477 
f -482/-559/-482 -477/-554/-477 -476/-553/-476 
f -482/-559/-482 -476/-553/-476 -475/-552/-475 
f -482/-559/-482 -475/-552/-475 -474/-551/-474 
f -482/-559/-482 -474/-551/-474 -473/-550/-473 
f -482/-559/-482 -473/-550/-473 -472/-549/-472 
f -482/-559/-482 -472/-549/-472 -471/-548/-471 
f -482/-559/-482 -471/-548/-471 -470/-547/-470 
f -482/-559/-482 -470/-547/-470 -469/-546/-469 
f -482/-559/-482 -469/-546/-469 -468/-545/-468 
f -482/-559/-482 -468/-545/-468 -467/-544/-467 
f -482/-559/-482 -467/-544/-467 -466/-543/-466 
f -482/-559/-482 -466/-543/-466 -465/-542/-465 
f -482/-559/-482 -465/-542/-465 -464/-541/-464 
f -482/-559/-482 -464/-541/-464 -463/-540/-463 
f -482/-559/-482 -463/-540/-463 -462/-539/-462 
f -482/-559/-482 -462/-539/-462 -461/-538/-461 
f -482/-559/-482 -461/-538/-461 -460/-537/-460 
f -482/-559/-482 -460/-537/-460 -459/-536/-459 
f -482/-559/-482 -459/-536/-459 -458/-535/-458 
f -482/-559/-482 -458/-535/-458 -457/-534/-457 
f -482/-559/-482 -457/-534/-457 -456/-533/-456 
f -482/-559/-482 -456/-533/-456 -455/-532/-455 
f -482/-559/-482 -455/-532/-455 -454/-531/-454 
f -482/-559/-482 -454/-531/-454 -453/-530/-453 
f -482/-559/-482 -453/-530/-453 -452/-529/-452 
f -482/-559/-482 -452/-529/-452 -451/-528/-451 
f -482/-559/-482 -451/-528/-451 -450/-527/-450 
f -482/-559/-482 -450/-527/-450 -481/-558/-481 
f -481/-558/-481 -449/-526/-449 -448/-525/-448 -480/-557/-480 
f -480/-557/-480 -448/-525/-448 -447/-524/-447 -479/-556/-479 
f -479/-556/-479 -447/-524/-447 -446/-523/-446 -478/-555/-478 
f -478/-555/-478 -446/-523/-446 -445/-522/-445 -477/-554/-477 
f -477/-554/-477 -445/-522/-445 -444/-521/-444 -476/-553/-476 
f -476/-553/-476 -444/-521/-444 -443/-520/-443 -475/-552/-475 
f -475/-552/-475 -443/-520/-443 -442/-519/-442 -474/-551/-474 
f -474/-551/-474 -442/-519/-442 -441/-518/-441 -473/-550/-473 
f -473/-550/-473 -441/-518/-441 -440/-517/-440 -472/-549/-472 
f -472/-549/-472 -440/-517/-440 -439/-516/-439 -471/-548/-471 
f -471/-548/-471 -439/-516/-439 -438/-515/-438 -470/-547/-470 
f -470/-547/-470 -438/-515/-438 -437/-514/-437 -469/-546/-469 
f -469/-546/-469 -437/-514/-437 -436/-513/-436 -468/-545/-468 
f -468/-545/-468 -436/-513/-436 -435/-512/-435 -467/-544/-467 
f -467/-544/-467 -435/-512/-435 -434/-511/-434 -466/-543/-466 
f -466/-543/-466 -434/-511/-434 -433/-510/-433 -465/-542/-465 
f -465/-542/-465 -433/-510/-433 -432/-509/-432 -464/-541/-464 
f -464/-541/-464 -432/-509/-432 -431/-508/-431 -463/-540/-463 
f -463/-540/-463 -431/-508/-431 -430/-507/-430 -462/-539/-462 
f -462/-539/-462 -430/-507/-430 -429/-506/-429 -461/-538/-461 
f -461/-538/-461 -429/-506/-429 -428/-505/-428 -460/-537/-460 
f -460/-537/-460 -428/-505/-428 -427/-504/-427 -459/-536/-459 
f -459/-536/-459 -427/-504/-427 -426/-503/-426 -458/-535/-458 
f -458/-535/-458 -426/-503/-426 -425/-502/-425 -457/-534/-457 
f -457/-534/-457 -425/-502/-425 -424/-501/-424 -456/-533/-456 
f -456/-533/-456 -424/-501/-424 -423/-500/-423 -455/-532/-455 
f -455/-532/-455 -423/-500/-423 -422/-499/-422 -454/-531/-454 
f -454/-531/-454 -422/-499/-422 -421/-498/-421 -453/-530/-453 
f -453/-530/-453 -421/-498/-421 -420/-497/-420 -452/-529/-452 
f -452/-529/-452 -420/-497/-420 -419/-496/-419 -451/-528/-451 
f -451/-528/-451 -419/-496/-419 -418/-495/-418 -450/-527/-450 
f -450/-527/-450 -418/-495/-418 -449/-526/-449 -481/-558/-481 
f -449/-494/-449 -417/-493/-417 -416/-492/-416 -448/-491/-448 
f -448/-491/-448 -416/-492/-416 -415/-490/-415 -447/-489/-447 
f -447/-489/-447 -415/-490/-415 -414/-488/-414 -446/-487/-446 
f -446/-487/-446 -414/-488/-414 -413/-486/-413 -445/-485/-445 
f -445/-485/-445 -413/-486/-413 -412/-484/-412 -444/-483/-444 
f -444/-483/-444 -412/-484/-412 -411/-482/-411 -443/-481/-443 
f -443/-481/-443 -411/-482/-411 -410/-480/-410 -442/-479/-442 
f -442/-479/-442 -410/-480/-410 -409/-478/-409 -441/-477/-441 
f -441/-477/-441 -409/-478/-409 -408/-476/-408 -440/-475/-440 
f -440/-475/-440 -408/-476/-408 -407/-474/-407 -439/-473/-439 
f -439/-473/-439 -407/-474/-407 -406/-472/-406 -438/-471/-438 
f -438/-471/-438 -406/-472/-406 -405/-470/-405 -437/-469/-437 
f -437/-469/-437 -405/-470/-405 -404/-468/-404 -436/-467/-436 
f -436/-467/-436 -404/-468/-404 -403/-466/-403 -435/-465/-435 
f -435/-465/-435 -403/-466/-403 -402/-464/-402 -434/-463/-434 
f -434/-463/-434 -402/-464/-402 -401/-462/-401 -433/-461/-433 
f -433/-461/-433 -401/-462/-401 -400/-460/-400 -432/-459/-432 
f -432/-459/-432 -400/-460/-400 -399/-458/-399 -431/-457/-431 
f -431/-457/-431 -399/-458/-399 -398/-456/-398 -430/-455/-430 
f -430/-455/-430 -398/-456/-398 -397/-454/-397 -429/-453/-429 
f -429/-453/-429 -397/-454/-397 -396/-452/-396 -428/-451/-428 
f -428/-451/-428 -396/-452/-396 -395/-450/-395 -427/-449/-427 
f -427/-449/-427 -395/-450/-395 -394/-448/-394 -426/-447/-426 
f -426/-447/-426 -394/-448/-394 -393/-446/-393 -425/-445/-425 
f -425/-445/-425 -393/-446/-393 -392/-444/-392 -424/-443/-424 
f -424/-443/-424 -392/-444/-392 -391/-442/-391 -423/-441/-423 
f -423/-441/-423 -391/-442/-391 -390/-440/-390 -422/-439/-422 
f -422/-439/-422 -390/-440/-390 -389/-438/-389 -421/-437/-421 
f -421/-437/-421 -389/-438/-389 -388/-436/-388 -420/-435/-420 
f -420/-435/-420 -388/-436/-388 -387/-434/-387 -419/-433/-419 
f -419/-433/-419 -387/-434/-387 -386/-432/-386 -418/-431/-418 
f -418/-431/-418 -386/-432/-386 -417/-430/-417 -449/-429/-449 
f -417/-493/-417 -385/-428/-385 -384/-427/-384 -416/-492/-416 
f -416/-492/-416 -384/-427/-384 -383/-426/-383 -415/-490/-415 
f -415/-490/-415 -383/-426/-383 -382/-425/-382 -414/-488/-414 
f -414/-488/-414 -382/-425/-382 -381/-424/-381 -413/-486/-413 
f -413/-486/-413 -381/-424/-381 -380/-423/-380 -412/-484/-412 
f -412/-484/-412 -380/-423/-380 -379/-422/-379 -411/-482/-411 
f -411/-482/-411 -379/-422/-379 -378/-421/-378 -410/-480/-410 
f -410/-480/-410 -378/-421/-378 -377/-420/-377 -409/-478/-409 
f -409/-478/-409 -377/-420/-377 -376/-419/-376 -408/-476/-408 
f -408/-476/-408 -376/-419/-376 -375/-418/-375 -407/-474/-407 
f -407/-474/-407 -375/-418/-375 -374/-417/-374 -406/-472/-406 
f -406/-472/-406 -374/-417/-374 -373/-416/-373 -405/-470/-405 
f -405/-470/-405 -373/-416/-373 -372/-415/-372 -404/-468/-404 
f -404/-468/-404 -372/-415/-372 -371/-414/-371 -403/-466/-403 
f -403/-466/-403 -371/-414/-371 -370/-413/-370 -402/-464/-402 
f -402/-464/-402 -370/-413/-370 -369/-412/-369 -401/-462/-401 
f -401/-462/-401 -369/-412/-369 -368/-411/-368 -400/-460/-400 
f -400/-460/-400 -368/-411/-368 -367/-410/-367 -399/-458/-399 
f -399/-458/-399 -367/-410/-367 -366/-409/-366 -398/-456/-398 
f -398/-456/-398 -366/-409/-366 -365/-408/-365 -397/-454/-397 
f -397/-454/-397 -365/-408/-365 -364/-407/-364 -396/-452/-396 
f -396/-452/-396 -364/-407/-364 -363/-406/-363 -395/-450/-395 
f -395/-450/-395 -363/-406/-363 -362/-405/-362 -394/-448/-394 
f -394/-448/-394 -362/-405/-362 -361/-404/-361 -393/-446/-393 
f -393/-446/-393 -361/-404/-361 -360/-403/-360 -392/-444/-392 
f -392/-444/-392 -360/-403/-360 -359/-402/-359 -391/-442/-391 
f -391/-442/-391 -359/-402/-359 -358/-401/-358 -390/-440/-390 
f -390/-440/-390 -358/-401/-358 -357/-400/-357 -389/-438/-389 
f -389/-438/-389 -357/-400/-357 -356/-399/-356 -388/-436/-388 
f -388/-436/-388 -356/-399/-356 -355/-398/-355 -387/-434/-387 
f -387/-434/-387 -355/-398/-355 -354/-397/-354 -386/-432/-386 
f -386/-432/-386 -354/-397/-354 -385/-396/-385 -417/-430/-417 
f -385/-428/-385 -353/-395/-353 -352/-394/-352 -384/-427/-384 
f -384/-427/-384 -352/-394/-352 -351/-393/-351 -383/-426/-383 
f -383/-426/-383 -351/-393/-351 -350/-392/-350 -382/-425/-382 
f -382/-425/-382 -350/-392/-350 -349/-391/-349 -381/-424/-381 
f -381/-424/-381 -349/-391/-349 -348/-390/-348 -380/-423/-380 
f -380/-423/-380 -348/-390/-348 -347/-389/-347 -379/-422/-379 
f -379/-422/-379 -347/-389/-347 -346/-388/-346 -378/-421/-378 
f -378/-421/-378 -346/-388/-346 -345/-387/-345 -377/-420/-377 
f -377/-420/-377 -345/-387/-345 -344/-386/-344 -376/-419/-376 
f -376/-419/-376 -344/-386/-344 -343/-385/-343 -375/-418/-375 
f -375/-418/-375 -343/-385/-343 -342/-384/-342 -374/-417/-374 
f -374/-417/-374 -342/-384/-342 -341/-383/-341 -373/-416/-373 
f -373/-416/-373 -341/-383/-341 -340/-382/-340 -372/-415/-372 
f -372/-415/-372 -340/-382/-340 -339/-381/-339 -371/-414/-371 
f -371/-414/-371 -339/-381/-339 -338/-380/-338 -370/-413/-370 
f -370/-413/-370 -338/-380/-338 -337/-379/-337 -369/-412/-369 
f -369/-412/-369 -337/-379/-337 -336/-378/-336 -368/-411/-368 
f -368/-411/-368 -336/-378/-336 -335/-377/-335 -367/-410/-367 
f -367/-410/-367 -335/-377/-335 -334/-376/-334 -366/-409/-366 
f -366/-409/-366 -334/-376/-334 -333/-375/-333 -365/-408/-365 
f -365/-408/-365 -333/-375/-333 -332/-374/-332 -364/-407/-364 
f -364/-407/-364 -332/-374/-332 -331/-373/-331 -363/-406/-363 
f -363/-406/-363 -331/-373/-331 -330/-372/-330 -362/-405/-362 
f -362/-405/-362 -330/-372/-330 -329/-371/-329 -361/-404/-361 
f -361/-404/-361 -329/-371/-329 -328/-370/-328 -360/-403/-360 
f -360/-403/-360 -328/-370/-328 -327/-369/-327 -359/-402/-359 
f -359/-402/-359 -327/-369/-327 -326/-368/-326 -358/-401/-358 
f -358/-401/-358 -326/-368/-326 -325/-367/-325 -357/-400/-357 
f -357/-400/-357 -325/-367/-325 -324/-366/-324 -356/-399/-356 
f -356/-399/-356 -324/-366/-324 -323/-365/-323 -355/-398/-355 
f -355/-398/-355 -323/-365/-323 -322/-364/-322 -354/-397/-354 
f -354/-397/-354 -322/-364/-322 -353/-363/-353 -385/-396/-385 
f -353/-395/-353 -321/-362/-321 -320/-361/-320 -352/-394/-352 
f -352/-394/-352 -320/-361/-320 -319/-360/-319 -351/-393/-351 
f -351/-393/-351 -319/-360/-319 -318/-359/-318 -350/-392/-350 
f -350/-392/-350 -318/-359/-318 -317/-358/-317 -349/-391/-349 
f -349/-391/-349 -317/-358/-317 -316/-357/-316 -348/-390/-348 
f -348/-390/-348 -316/-357/-316 -315/-356/-315 -347/-389/-347 
f -347/-389/-347 -315/-356/-315 -314/-355/-314 -346/-388/-346 
f -346/-388/-346 -314/-355/-314 -313/-354/-313 -345/-387/-345 
f -345/-387/-345 -313/-354/-313 -312/-353/-312 -344/-386/-344 
f -344/-386/-344 -312/-353/-312 -311/-352/-311 -343/-385/-343 
f -343/-385/-343 -311/-352/-311 -310/-351/-310 -342/-384/-342 
f -342/-384/-342 -310/-351/-310 -309/-350/-309 -341/-383/-341 
f -341/-383/-341 -309/-350/-309 -308/-349/-308 -340/-382/-340 
f -340/-382/-340 -308/-349/-308 -307/-348/-307 -339/-381/-339 
f -339/-381/-339 -307/-348/-307 -306/-347/-306 -338/-380/-338 
f -338/-380/-338 -306/-347/-306 -305/-346/-305 -337/-379/-337 
f -337/-379/-337 -305/-346/-305 -304/-345/-304 -336/-378/-336 
f -336/-378/-336 -304/-345/-304 -303/-344/-303 -335/-377/-335 
f -335/-377/-335 -303/-344/-303 -302/-343/-302 -334/-376/-334 
f -334/-376/-334 -302/-343/-302 -301/-342/-301 -333/-375/-333 
f -333/-375/-333 -301/-342/-301 -300/-341/-300 -332/-374/-332 
f -332/-374/-332 -300/-341/-300 -299/-340/-299 -331/-373/-331 
f -331/-373/-331 -299/-340/-299 -298/-339/-298 -330/-372/-330 
f -330/-372/-330 -298/-339/-298 -297/-338/-297 -329/-371/-329 
f -329/-371/-329 -297/-338/-297 -296/-337/-296 -328/-370/-328 
f -328/-370/-328 -296/-337/-296 -295/-336/-295 -327/-369/-327 
f -327/-369/-327 -295/-336/-295 -294/-335/-294 -326/-368/-326 
f -326/-368/-326 -294/-335/-294 -293/-334/-293 -325/-367/-325 
f -325/-367/-325 -293/-334/-293 -292/-333/-292 -324/-366/-324 
f -324/-366/-324 -292/-333/-292 -291/-332/-291 -323/-365/-323 
f -323/-365/-323 -291/-332/-291 -290/-331/-290 -322/-364/-322 
f -322/-364/-322 -290/-331/-290 -321/-330/-321 -353/-363/-353 
f -321/-362/-321 -289/-329/-289 -288/-328/-288 -320/-361/-320 
f -320/-361/-320 -288/-328/-288 -287/-327/-287 -319/-360/-319 
f -319/-360/-319 -287/-327/-287 -286/-326/-286 -318/-359/-318 
f -318/-359/-318 -286/-326/-286 -285/-325/-285 -317/-358/-317 
f -317/-358/-317 -285/-325/-285 -284/-324/-284 -316/-357/-316 
f -316/-357/-316 -284/-324/-284 -283/-323/-283 -315/-356/-315 
f -315/-356/-315 -283/-323/-283 -282/-322/-282 -314/-355/-314 
f -314/-355/-314 -282/-322/-282 -281/-321/-281 -313/-354/-313 
f -313/-354/-313 -281/-321/-281 -280/-320/-280 -312/-353/-312 
f -312/-353/-312 -280/-320/-280 -279/-319/-279 -311/-352/-311 
f -311/-352/-311 -279/-319/-279 -278/-318/-278 -310/-351/-310 
f -310/-351/-310 -278/-318/-278 -277/-317/-277 -309/-350/-309 
f -309/-350/-309 -277/-317/-277 -276/-316/-276 -308/-349/-308 
f -308/-349/-308 -276/-316/-276 -275/-315/-275 -307/-348/-307 
f -307/-348/-307 -275/-315/-275 -274/-314/-274 -306/-347/-306 
f -306/-347/-306 -274/-314/-274 -273/-313/-273 -305/-346/-305 
f -305/-346/-305 -273/-313/-273 -272/-312/-272 -304/-345/-304 
f -304/-345/-304 -272/-312/-272 -271/-311/-271 -303/-344/-303 
f -303/-344/-303 -271/-311/-271 -270/-310/-270 -302/-343/-302 
f -302/-343/-302 -270/-310/-270 -269/-309/-269 -301/-342/-301 
f -301/-342/-301 -269/-309/-269 -268/-308/-268 -300/-341/-300 
f -300/-341/-300 -268/-308/-268 -267/-307/-267 -299/-340/-299 
f -299/-340/-299 -267/-307/-267 -266/-306/-266 -298/-339/-298 
f -298/-339/-298 -266/-306/-266 -265/-305/-265 -297/-338/-297 
f -297/-338/-297 -265/-305/-265 -264/-304/-264 -296/-337/-296 
f -296/-337/-296 -264/-304/-264 -263/-303/-263 -295/-336/-295 
f -295/-336/-295 -263/-303/-263 -262/-302/-262 -294/-335/-294 
f -294/-335/-294 -262/-302/-262 -261/-301/-261 -293/-334/-293 
f -293/-334/-293 -261/-301/-261 -260/-300/-260 -292/-333/-292 
f -292/-333/-292 -260/-300/-260 -259/-299/-259 -291/-332/-291 
f -291/-332/-291 -259/-299/-259 -258/-298/-258 -290/-331/-290 
f -290/-331/-290 -258/-298/-258 -289/-297/-289 -321/-330/-321 
f -289/-329/-289 -257/-296/-257 -256/-295/-256 -288/-328/-288 
f -288/-328/-288 -256/-295/-256 -255/-294/-255 -287/-327/-287 
f -287/-327/-287 -255/-294/-255 -254/-293/-254 -286/-326/-286 
f -286/-326/-286 -254/-293/-254 -253/-292/-253 -285/-325/-285 
f -285/-325/-285 -253/-292/-253 -252/-291/-252 -284/-324/-284 
f -284/-324/-284 -252/-291/-252 -251/-290/-251 -283/-323/-283 
f -283/-323/-283 -251/-290/-251 -250/-289/-250 -282/-322/-282 
f -282/-322/-282 -250/-289/-250 -249/-288/-249 -281/-321/-281 
f -281/-321/-281 -249/-288/-249 -248/-287/-248 -280/-320/-280 
f -280/-320/-280 -248/-287/-248 -247/-286/-247 -279/-319/-279 
f -279/-319/-279 -247/-286/-247 -246/-285/-246 -278/-318/-278 
f -278/-318/-278 -246/-285/-246 -245/-284/-245 -277/-317/-277 
f -277/-317/-277 -245/-284/-245 -244/-283/-244 -276/-316/-276 
f -276/-316/-276 -244/-283/-244 -243/-282/-243 -275/-315/-275 
f -275/-315/-275 -243/-282/-243 -242/-281/-242 -274/-314/-274 
f -274/-314/-274 -242/-281/-242 -241/-280/-241 -273/-313/-273 
f -273/-313/-273 -241/-280/-241 -240/-279/-240 -272/-312/-272 
f -272/-312/-272 -240/-279/-240 -239/-278/-239 -271/-311/-271 
f -271/-311/-271 -239/-278/-239 -238/-277/-238 -270/-310/-270 
f -270/-310/-270 -238/-277/-238 -237/-276/-237 -269/-309/-269 
f -269/-309/-269 -237/-276/-237 -236/-275/-236 -268/-308/-268 
f -268/-308/-268 -236/-275/-236 -235/-274/-235 -267/-307/-267 
f -267/-307/-267 -235/-274/-235 -234/-273/-234 -266/-306/-266 
f -266/-306/-266 -234/-273/-234 -233/-272/-233 -265/-305/-265 
f -265/-305/-265 -233/-272/-233 -232/-271/-232 -264/-304/-264 
f -264/-304/-264 -232/-271/-232 -231/-270/-231 -263/-303/-263 
f -263/-303/-263 -231/-270/-231 -230/-269/-230 -262/-302/-262 
f -262/-302/-262 -230/-269/-230 -229/-268/-229 -261/-301/-261 
f -261/-301/-261 -229/-268/-229 -228/-267/-228 -260/-300/-260 
f -260/-300/-260 -228/-267/-228 -227/-266/-227 -259/-299/-259 
f -259/-299/-259 -227/-266/-227 -226/-265/-226 -258/-298/-258 
f -258/-298/-258 -226/-265/-226 -257/-264/-257 -289/-297/-289 
f -257/-296/-257 -225/-263/-225 -224/-262/-224 -256/-295/-256 
f -256/-295/-256 -224/-262/-224 -223/-261/-223 -255/-294/-255 
f -255/-294/-255 -223/-261/-223 -222/-260/-222 -254/-293/-254 
f -254/-293/-254 -222/-260/-222 -221/-259/-221 -253/-292/-253 
f -253/-292/-253 -221/-259/-221 -220/-258/-220 -252/-291/-252 
f -252/-291/-252 -220/-258/-220 -219/-257/-219 -251/-290/-251 
f -251/-290/-251 -219/-257/-219 -218/-256/-218 -250/-289/-250 
f -250/-289/-250 -218/-256/-218 -217/-255/-217 -249/-288/-249 
f -249/-288/-249 -217/-255/-217 -216/-254/-216 -248/-287/-248 
f -248/-287/-248 -216/-254/-216 -215/-253/-215 -247/-286/-247 
f -247/-286/-247 -215/-253/-215 -214/-252/-214 -246/-285/-246 
f -246/-285/-246 -214/-252/-214 -213/-251/-213 -245/-284/-245 
f -245/-284/-245 -213/-251/-213 -212/-250/-212 -244/-283/-244 
f -244/-283/-244 -212/-250/-212 -211/-249/-211 -243/-282/-243 
f -243/-282/-243 -211/-249/-211 -210/-248/-210 -242/-281/-242 
f -242/-281/-242 -210/-248/-210 -209/-247/-209 -241/-280/-241 
f -241/-280/-241 -209/-247/-209 -208/-246/-208 -240/-279/-240 
f -240/-279/-240 -208/-246/-208 -207/-245/-207 -239/-278/-239 
f -239/-278/-239 -207/-245/-207 -206/-244/-206 -238/-277/-238 
f -238/-277/-238 -206/-244/-206 -205/-243/-205 -237/-276/-237 
f -237/-276/-237 -205/-243/-205 -204/-242/-204 -236/-275/-236 
f -236/-275/-236 -204/-242/-204 -203/-241/-203 -235/-274/-235 
f -235/-274/-235 -203/-241/-203 -202/-240/-202 -234/-273/-234 
f -234/-273/-234 -202/-240/-202 -201/-239/-201 -233/-272/-233 
f -233/-272/-233 -201/-239/-201 -200/-238/-200 -232/-271/-232 
f -232/-271/-232 -200/-238/-200 -199/-237/-199 -231/-270/-231 
f -231/-270/-231 -199/-237/-199 -198/-236/-198 -230/-269/-230 
f -230/-269/-230 -198/-236/-198 -197/-235/-197 -229/-268/-229 
f -229/-268/-229 -197/-235/-197 -196/-234/-196 -228/-267/-228 
f -228/-267/-228 -196/-234/-196 -195/-233/-195 -227/-266/-227 
f -227/-266/-227 -195/-233/-195 -194/-232/-194 -226/-265/-226 
f -226/-265/-226 -194/-232/-194 -225/-231/-225 -257/-264/-257 
f -225/-263/-225 -193/-230/-193 -192/-229/-192 -224/-262/-224 
f -224/-262/-224 -192/-229/-192 -191/-228/-191 -223/-261/-223 
f -223/-261/-223 -191/-228/-191 -190/-227/-190 -222/-260/-222 
f -222/-260/-222 -190/-227/-190 -189/-226/-189 -221/-259/-221 
f -221/-259/-221 -189/-226/-189 -188/-225/-188 -220/-258/-220 
f -220/-258/-220 -188/-225/-188 -187/-224/-187 -219/-257/-219 
f -219/-257/-219 -187/-224/-187 -186/-223/-186 -218/-256/-218 
f -218/-256/-218 -186/-223/-186 -185/-222/-185 -217/-255/-217 
f -217/-255/-217 -185/-222/-185 -184/-221/-184 -216/-254/-216 
f -216/-254/-216 -184/-221/-184 -183/-220/-183 -215/-253/-215 
f -215/-253/-215 -183/-220/-183 -182/-219/-182 -214/-252/-214 
f -214/-252/-214 -182/-219/-182 -181/-218/-181 -213/-251/-213 
f -213/-251/-213 -181/-218/-181 -180/-217/-180 -212/-250/-212 
f -212/-250/-212 -180/-217/-180 -179/-216/-179 -211/-249/-211 
f -211/-249/-211 -179/-216/-179 -178/-215/-178 -210/-248/-210 
f -210/-248/-210 -178/-215/-178 -177/-214/-177 -209/-247/-209 
f -209/-247/-209 -177/-214/-177 -176/-213/-176 -208/-246/-208 
f -208/-246/-208 -176/-213/-176 -175/-212/-175 -207/-245/-207 
f -207/-245/-207 -175/-212/-175 -174/-211/-174 -206/-244/-206 
f -206/-244/-206 -174/-211/-174 -173/-210/-173 -205/-243/-205 
f -205/-243/-205 -173/-210/-173 -172/-209/-172 -204/-242/-204 
f -204/-242/-204 -172/-209/-172 -171/-208/-171 -203/-241/-203 
f -203/-241/-203 -171/-208/-171 -170/-207/-170 -202/-240/-202 
f -202/-240/-202 -170/-207/-170 -169/-206/-169 -201/-239/-201 
f -201/-239/-201 -169/-206/-169 -168/-205/-168 -200/-238/-200 
f -200/-238/-200 -168/-205/-168 -167/-204/-167 -199/-237/-199 
f -199/-237/-199 -167/-204/-167 -166/-203/-166 -198/-236/-198 
f -198/-236/-198 -166/-203/-166 -165/-202/-165 -197/-235/-197 
f -197/-235/-197 -165/-202/-165 -164/-201/-164 -196/-234/-196 
f -196/-234/-196 -164/-201/-164 -163/-200/-163 -195/-233/-195 
f -195/-233/-195 -163/-200/-163 -162/-199/-162 -194/-232/-194 
f -194/-232/-194 -162/-199/-162 -193/-198/-193 -225/-231/-225 
f -193/-230/-193 -161/-197/-161 -160/-196/-160 -192/-229/-192 
f -192/-229/-192 -160/-196/-160 -159/-195/-159 -191/-228/-191 
f -191/-228/-191 -159/-195/-159 -158/-194/-158 -190/-227/-190 
f -190/-227/-190 -158/-194/-158 -157/-193/-157 -189/-226/-189 
f -189/-226/-189 -157/-193/-157 -156/-192/-156 -188/-225/-188 
f -188/-225/-188 -156/-192/-156 -155/-191/-155 -187/-224/-187 
f -187/-224/-187 -155/-191/-155 -154/-190/-154 -186/-223/-186 
f -186/-223/-186 -154/-190/-154 -153/-189/-153 -185/-222/-185 
f -185/-222/-185 -153/-189/-153 -152/-188/-152 -184/-221/-184 
f -184/-221/-184 -152/-188/-152 -151/-187/-151 -183/-220/-183 
f -183/-220/-183 -151/-187/-151 -150/-186/-150 -182/-219/-182 
f -182/-219/-182 -150/-186/-150 -149/-185/-149 -181/-218/-181 
f -181/-218/-181 -149/-185/-149 -148/-184/-148 -180/-217/-180 
f -180/-217/-180 -148/-184/-148 -147/-183/-147 -179/-216/-179 
f -179/-216/-179 -147/-183/-147 -146/-182/-146 -178/-215/-178 
f -178/-215/-178 -146/-182/-146 -145/-181/-145 -177/-214/-177 
f -177/-214/-177 -145/-181/-145 -144/-180/-144 -176/-213/-176 
f -176/-213/-176 -144/-180/-144 -143/-179/-143 -175/-212/-175 
f -175/-212/-175 -143/-179/-143 -142/-178/-142 -174/-211/-174 
f -174/-211/-174 -142/-178/-142 -141/-177/-141 -173/-210/-173 
f -173/-210/-173 -141/-177/-141 -140/-176/-140 -172/-209/-172 
f -172/-209/-172 -140/-176/-140 -139/-175/-139 -171/-208/-171 
f -171/-208/-171 -139/-175/-139 -138/-174/-138 -170/-207/-170 
f -170/-207/-170 -138/-174/-138 -137/-173/-137 -169/-206/-169 
f -169/-206/-169 -137/-173/-137 -136/-172/-136 -168/-205/-168 
f -168/-205/-168 -136/-172/-136 -135/-171/-135 -167/-204/-167 
f -167/-204/-167 -135/-171/-135 -134/-170/-134 -166/-203/-166 
f -166/-203/-166 -134/-170/-134 -133/-169/-133 -165/-202/-165 
f -165/-202/-165 -133/-169/-133 -132/-168/-132 -164/-201/-164 
f -164/-201/-164 -132/-168/-132 -131/-167/-131 -163/-200/-163 
f -163/-200/-163 -131/-167/-131 -130/-166/-130 -162/-199/-162 
f -162/-199/-162 -130/-166/-130 -161/-165/-161 -193/-198/-193 
f -161/-197/-161 -129/-164/-129 -128/-163/-128 -160/-196/-160 
f -160/-196/-160 -128/-163/-128 -127/-162/-127 -159/-195/-159 
f -159/-195/-159 -127/-162/-127 -126/-161/-126 -158/-194/-158 
f -158/-194/-158 -126/-161/-126 -125/-160/-125 -157/-193/-157 
f -157/-193/-157 -125/-160/-125 -124/-159/-124 -156/-192/-156 
f -156/-192/-156 -124/-159/-124 -123/-158/-123 -155/-191/-155 
f -155/-191/-155 -123/-158/-123 -122/-157/-122 -154/-190/-154 
f -154/-190/-154 -122/-157/-122 -121/-156/-121 -153/-189/-153 
f -153/-189/-153 -121/-156/-121 -120/-155/-120 -152/-188/-152 
f -152/-188/-152 -120/-155/-120 -119/-154/-119 -151/-187/-151 
f -151/-187/-151 -119/-154/-119 -118/-153/-118 -150/-186/-150 
f -150/-186/-150 -118/-153/-118 -117/-152/-117 -149/-185/-149 
f -149/-185/-149 -117/-152/-117 -116/-151/-116 -148/-184/-148 
f -148/-184/-148 -116/-151/-116 -115/-150/-115 -147/-183/-147 
f -147/-183/-147 -115/-150/-115 -114/-149/-114 -146/-182/-146 
f -146/-182/-146 -114/-149/-114 -113/-148/-113 -145/-181/-145 
f -145/-181/-145 -113/-148/-113 -112/-147/-112 -144/-180/-144 
f -144/-180/-144 -112/-147/-112 -111/-146/-111 -143/-179/-143 
f -143/-179/-143 -111/-146/-111 -110/-145/-110 -142/-178/-142 
f -142/-178/-142 -110/-145/-110 -109/-144/-109 -141/-177/-141 
f -141/-177/-141 -109/-144/-109 -108/-143/-108 -140/-176/-140 
f -140/-176/-140 -108/-143/-108 -107/-142/-107 -139/-175/-139 
f -139/-175/-139 -107/-142/-107 -106/-141/-106 -138/-174/-138 
f -138/-174/-138 -106/-141/-106 -105/-140/-105 -137/-173/-137 
f -137/-173/-137 -105/-140/-105 -104/-139/-104 -136/-172/-136 
f -136/-172/-136 -104/-139/-104 -103/-138/-103 -135/-171/-135 
f -135/-171/-135 -103/-138/-103 -102/-137/-102 -134/-170/-134 
f -134/-170/-134 -102/-137/-102 -101/-136/-101 -133/-169/-133 
f -133/-169/-133 -101/-136/-101 -100/-135/-100 -132/-168/-132 
f -132/-168/-132 -100/-135/-100 -99/-134/-99 -131/-167/-131 
f -131/-167/-131 -99/-134/-99 -98/-133/-98 -130/-166/-130 
f -130/-166/-130 -98/-133/-98 -129/-132/-129 -161/-165/-161 
f -129/-164/-129 -97/-131/-97 -96/-130/-96 -128/-163/-128 
f -128/-163/-128 -96/-130/-96 -95/-129/-95 -127/-162/-127 
f -127/-162/-127 -95/-129/-95 -94/-128/-94 -126/-161/-126 
f -126/-161/-126 -94/-128/-94 -93/-127/-93 -125/-160/-125 
f -125/-160/-125 -93/-127/-93 -92/-126/-92 -124/-159/-124 
f -124/-159/-124 -92/-126/-92 -91/-125/-91 -123/-158/-123 
f -123/-158/-123 -91/-125/-91 -90/-124/-90 -122/-157/-122 
f -122/-157/-122 -90/-124/-90 -89/-123/-89 -121/-156/-121 
f -121/-156/-121 -89/-123/-89 -88/-122/-88 -120/-155/-120 
f -120/-155/-120 -88/-122/-88 -87/-121/-87 -119/-154/-119 
f -119/-154/-119 -87/-121/-87 -86/-120/-86 -118/-153/-118 
f -118/-153/-118 -86/-120/-86 -85/-119/-85 -117/-152/-117 
f -117/-152/-117 -85/-119/-85 -84/-118/-84 -116/-151/-116 
f -116/-151/-116 -84/-118/-84 -83/-117/-83 -115/-150/-115 
f -115/-150/-115 -83/-117/-83 -82/-116/-82 -114/-149/-114 
f -114/-149/-114 -82/-116/-82 -81/-115/-81 -113/-148/-113 
f -113/-148/-113 -81/-115/-81 -80/-114/-80 -112/-147/-112 
f -112/-147/-112 -80/-114/-80 -79/-113/-79 -111/-146/-111 
f -111/-146/-111 -79/-113/-79 -78/-112/-78 -110/-145/-110 
f -110/-145/-110 -78/-112/-78 -77/-111/-77 -109/-144/-109 
f -109/-144/-109 -77/-111/-77 -76/-110/-76 -108/-143/-108 
f -108/-143/-108 -76/-110/-76 -75/-109/-75 -107/-142/-107 
f -107/-142/-107 -75/-109/-75 -74/-108/-74 -106/-141/-106 
f -106/-141/-106 -74/-108/-74 -73/-107/-73 -105/-140/-105 
f -105/-140/-105 -73/-107/-73 -72/-106/-72 -104/-139/-104 
f -104/-139/-104 -72/-106/-72 -71/-105/-71 -103/-138/-103 
f -103/-138/-103 -71/-105/-71 -70/-104/-70 -102/-137/-102 
f -102/-137/-102 -70/-104/-70 -69/-103/-69 -101/-136/-101 
f -101/-136/-101 -69/-103/-69 -68/-102/-68 -100/-135/-100 
f -100/-135/-100 -68/-102/-68 -67/-101/-67 -99/-134/-99 
f -99/-134/-99 -67/-101/-67 -66/-100/-66 -98/-133/-98 
f -98/-133/-98 -66/-100/-66 -97/-99/-97 -129/-132/-129 
f -97/-131/-97 -65/-98/-65 -64/-97/-64 -96/-130/-96 
f -96/-130/-96 -64/-97/-64 -63/-96/-63 -95/-129/-95 
f -95/-129/-95 -63/-96/-63 -62/-95/-62 -94/-128/-94 
f -94/-128/-94 -62/-95/-62 -61/-94/-61 -93/-127/-93 
f -93/-127/-93 -61/-94/-61 -60/-93/-60 -92/-126/-92 
f -92/-126/-92 -60/-93/-60 -59/-92/-59 -91/-125/-91 
f -91/-125/-91 -59/-92/-59 -58/-91/-58 -90/-124/-90 
f -90/-124/-90 -58/-91/-58 -57/-90/-57 -89/-123/-89 
f -89/-123/-89 -57/-90/-57 -56/-89/-56 -88/-122/-88 
f -88/-122/-88 -56/-89/-56 -55/-88/-55 -87/-121/-87 
f -87/-121/-87 -55/-88/-55 -54/-87/-54 -86/-120/-86 
f -86/-120/-86 -54/-87/-54 -53/-86/-53 -85/-119/-85 
f -85/-119/-85 -53/-86/-53 -52/-85/-52 -84/-118/-84 
f -84/-118/-84 -52/-85/-52 -51/-84/-51 -83/-117/-83 
f -83/-117/-83 -51/-84/-51 -50/-83/-50 -82/-116/-82 
f -82/-116/-82 -50/-83/-50 -49/-82/-49 -81/-115/-81 
f -81/-115/-81 -49/-82/-49 -48/-81/-48 -80/-114/-80 
f -80/-114/-80 -48/-81/-48 -47/-80/-47 -79/-113/-79 
f -79/-113/-79 -47/-80/-47 -46/-79/-46 -78/-112/-78 
f -78/-112/-78 -46/-79/-46 -45/-78/-45 -77/-111/-77 
f -77/-111/-77 -45/-78/-45 -44/-77/-44 -76/-110/-76 
f -76/-110/-76 -44/-77/-44 -43/-76/-43 -75/-109/-75 
f -75/-109/-75 -43/-76/-43 -42/-75/-42 -74/-108/-74 
f -74/-108/-74 -42/-75/-42 -41/-74/-41 -73/-107/-73 
f -73/-107/-73 -41/-74/-41 -40/-73/-40 -72/-106/-72 
f -72/-106/-72 -40/-73/-40 -39/-72/-39 -71/-105/-71 
f -71/-105/-71 -39/-72/-39 -38/-71/-38 -70/-104/-70 
f -70/-104/-70 -38/-71/-38 -37/-70/-37 -69/-103/-69 
f -69/-103/-69 -37/-70/-37 -36/-69/-36 -68/-102/-68 
f -68/-102/-68 -36/-69/-36 -35/-68/-35 -67/-101/-67 
f -67/-101/-67 -35/-68/-35 -34/-67/-34 -66/-100/-66 
f -66/-100/-66 -34/-67/-34 -65/-66/-65 -97/-99/-97 
f -65/-98/-65 -33/-65/-33 -32/-64/-32 -64/-97/-64 
f -64/-97/-64 -32/-64/-32 -31/-63/-31 -63/-96/-63 
f -63/-96/-63 -31/-63/-31 -30/-62/-30 -62/-95/-62 
f -62/-95/-62 -30/-62/-30 -29/-61/-29 -61/-94/-61 
f -61/-94/-61 -29/-61/-29 -28/-60/-28 -60/-93/-60 
f -60/-93/-60 -28/-60/-28 -27/-59/-27 -59/-92/-59 
f -59/-92/-59 -27/-59/-27 -26/-58/-26 -58/-91/-58 
f -58/-91/-58 -26/-58/-26 -25/-57/-25 -57/-90/-57 
f -57/-90/-57 -25/-57/-25 -24/-56/-24 -56/-89/-56 
f -56/-89/-56 -24/-56/-24 -23/-55/-23 -55/-88/-55 
f -55/-88/-55 -23/-55/-23 -22/-54/-22 -54/-87/-54 
f -54/-87/-54 -22/-54/-22 -21/-53/-21 -53/-86/-53 
f -53/-86/-53 -21/-53/-21 -20/-52/-20 -52/-85/-52 
f -52/-85/-52 -20/-52/-20 -19/-51/-19 -51/-84/-51 
f -51/-84/-51 -19/-51/-19 -18/-50/-18 -50/-83/-50 
f -50/-83/-50 -18/-50/-18 -17/-49/-17 -49/-82/-49 
f -49/-82/-49 -17/-49/-17 -16/-48/-16 -48/-81/-48 
f -48/-81/-48 -16/-48/-16 -15/-47/-15 -47/-80/-47 
f -47/-80/-47 -15/-47/-15 -14/-46/-14 -46/-79/-46 
f -46/-79/-46 -14/-46/-14 -13/-45/-13 -45/-78/-45 
f -45/-78/-45 -13/-45/-13 -12/-44/-12 -44/-77/-44 
f -44/-77/-44 -12/-44/-12 -11/-43/-11 -43/-76/-43 
f -43/-76/-43 -11/-43/-11 -10/-42/-10 -42/-75/-42 
f -42/-75/-42 -10/-42/-10 -9/-41/-9 -41/-74/-41 
f -41/-74/-41 -9/-41/-9 -8/-40/-8 -40/-73/-40 
f -40/-73/-40 -8/-40/-8 -7/-39/-7 -39/-72/-39 
f -39/-72/-39 -7/-39/-7 -6/-38/-6 -38/-71/-38 
f -38/-71/-38 -6/-38/-6 -5/-37/-5 -37/-70/-37 
f -37/-70/-37 -5/-37/-5 -4/-36/-4 -36/-69/-36 
f -36/-69/-36 -4/-36/-4 -3/-35/-3 -35/-68/-35 
f -35/-68/-35 -3/-35/-3 -2/-34/-2 -34/-67/-34 
f -34/-67/-34 -2/-34/-2 -33/-33/-33 -65/-66/-65 
f -1/-32/-1 -32/-64/-32 -33/-65/-33 
f -1/-31/-1 -31/-63/-31 -32/-64/-32 
f -1/-30/-1 -30/-62/-30 -31/-63/-31 
f -1/-29/-1 -29/-61/-29 -30/-62/-30 
f -1/-28/-1 -28/-60/-28 -29/-61/-29 
f -1/-27/-1 -27/-59/-27 -28/-60/-28 
f -1/-26/-1 -26/-58/-26 -27/-59/-27 
f -1/-25/-1 -25/-57/-25 -26/-58/-26 
f -1/-24/-1 -24/-56/-24 -25/-57/-25 
f -1/-23/-1 -23/-55/-23 -24/-56/-24 
f -1/-22/-1 -22/-54/-22 -23/-55/-23 
f -1/-21/-1 -21/-53/-21 -22/-54/-22 
f -1/-20/-1 -20/-52/-20 -21/-53/-21 
f -1/-19/-1 -19/-51/-19 -20/-52/-20 
f -1/-18/-1 -18/-50/-18 -19/-51/-19 
f -1/-17/-1 -17/-49/-17 -18/-50/-18 
f -1/-16/-1 -16/-48/-16 -17/-49/-17 
f -1/-15/-1 -15/-47/-15 -16/-48/-16 
f -1/-14/-1 -14/-46/-14 -15/-47/-15 
f -1/-13/-1 -13/-45/-13 -14/-46/-14 
f -1/-12/-1 -12/-44/-12 -13/-45/-13 
f -1/-11/-1 -11/-43/-11 -12/-44/-12 
f -1/-10/-1 -10/-42/-10 -11/-43/-11 
f -1/-9/-1 -9/-41/-9 -10/-42/-10 
f -1/-8/-1 -8/-40/-8 -9/-41/-9 
f -1/-7/-1 -7/-39/-7 -8/-40/-8 
f -1/-6/-1 -6/-38/-6 -7/-39/-7 
f -1/-5/-1 -5/-37/-5 -6/-38/-6 
f -1/-4/-1 -4/-36/-4 -5/-37/-5 
f -1/-3/-1 -3/-35/-3 -4/-36/-4 
f -1/-2/-1 -2/-34/-2 -3/-35/-3 
f -1/-1/-1 -33/-33/-33 -2/-34/-2 
# 448 polygons - 64 triangles

#
# object Obj3d66_9130953_2_811
#

v  -523.5519 -0.0000 -1573.9459
v  -523.5519 45.1895 -1578.3967
v  -532.3679 44.3212 -1578.3967
v  -540.8452 41.7496 -1578.3967
v  -548.6578 37.5737 -1578.3967
v  -555.5057 31.9538 -1578.3967
v  -561.1255 25.1059 -1578.3967
v  -565.3015 17.2933 -1578.3967
v  -567.8730 8.8160 -1578.3967
v  -568.7414 -0.0000 -1578.3967
v  -567.8730 -8.8161 -1578.3967
v  -565.3015 -17.2933 -1578.3967
v  -561.1255 -25.1060 -1578.3967
v  -555.5057 -31.9538 -1578.3967
v  -548.6578 -37.5737 -1578.3967
v  -540.8451 -41.7497 -1578.3967
v  -532.3679 -44.3212 -1578.3967
v  -523.5518 -45.1895 -1578.3967
v  -514.7358 -44.3212 -1578.3967
v  -506.2586 -41.7496 -1578.3967
v  -498.4459 -37.5737 -1578.3967
v  -491.5981 -31.9538 -1578.3967
v  -485.9781 -25.1059 -1578.3967
v  -481.8022 -17.2932 -1578.3967
v  -479.2307 -8.8160 -1578.3967
v  -478.3624 0.0001 -1578.3967
v  -479.2307 8.8161 -1578.3967
v  -481.8023 17.2933 -1578.3967
v  -485.9782 25.1060 -1578.3967
v  -491.5981 31.9538 -1578.3967
v  -498.4460 37.5737 -1578.3967
v  -506.2587 41.7497 -1578.3967
v  -514.7360 44.3212 -1578.3967
v  -523.5519 88.6424 -1591.5780
v  -540.8452 86.9391 -1591.5780
v  -557.4738 81.8949 -1591.5780
v  -572.7990 73.7034 -1591.5780
v  -586.2315 62.6796 -1591.5780
v  -597.2553 49.2471 -1591.5780
v  -605.4468 33.9219 -1591.5780
v  -610.4910 17.2932 -1591.5780
v  -612.1943 -0.0000 -1591.5780
v  -610.4910 -17.2933 -1591.5780
v  -605.4467 -33.9220 -1591.5780
v  -597.2553 -49.2471 -1591.5780
v  -586.2314 -62.6797 -1591.5780
v  -572.7989 -73.7035 -1591.5780
v  -557.4738 -81.8949 -1591.5780
v  -540.8451 -86.9392 -1591.5780
v  -523.5518 -88.6424 -1591.5780
v  -506.2585 -86.9391 -1591.5780
v  -489.6298 -81.8948 -1591.5780
v  -474.3047 -73.7034 -1591.5780
v  -460.8722 -62.6796 -1591.5780
v  -449.8484 -49.2470 -1591.5780
v  -441.6570 -33.9219 -1591.5780
v  -436.6127 -17.2931 -1591.5780
v  -434.9095 0.0001 -1591.5780
v  -436.6128 17.2934 -1591.5780
v  -441.6571 33.9221 -1591.5780
v  -449.8485 49.2472 -1591.5780
v  -460.8724 62.6797 -1591.5780
v  -474.3050 73.7035 -1591.5780
v  -489.6301 81.8949 -1591.5780
v  -506.2588 86.9392 -1591.5780
v  -523.5519 128.6888 -1612.9833
v  -548.6578 126.2160 -1612.9833
v  -572.7990 118.8929 -1612.9833
v  -595.0475 107.0008 -1612.9833
v  -614.5486 90.9967 -1612.9833
v  -630.5527 71.4956 -1612.9833
v  -642.4448 49.2470 -1612.9833
v  -649.7679 25.1059 -1612.9833
v  -652.2407 -0.0001 -1612.9833
v  -649.7679 -25.1060 -1612.9833
v  -642.4448 -49.2471 -1612.9833
v  -630.5526 -71.4957 -1612.9833
v  -614.5485 -90.9968 -1612.9833
v  -595.0475 -107.0009 -1612.9833
v  -572.7988 -118.8930 -1612.9833
v  -548.6577 -126.2161 -1612.9833
v  -523.5518 -128.6888 -1612.9833
v  -498.4458 -126.2160 -1612.9833
v  -474.3047 -118.8929 -1612.9833
v  -452.0561 -107.0007 -1612.9833
v  -432.5551 -90.9966 -1612.9833
v  -416.5510 -71.4955 -1612.9833
v  -404.6589 -49.2469 -1612.9833
v  -397.3358 -25.1057 -1612.9833
v  -394.8631 0.0002 -1612.9833
v  -397.3359 25.1061 -1612.9833
v  -404.6591 49.2473 -1612.9833
v  -416.5512 71.4958 -1612.9833
v  -432.5554 90.9969 -1612.9833
v  -452.0565 107.0009 -1612.9833
v  -474.3051 118.8930 -1612.9833
v  -498.4462 126.2161 -1612.9833
v  -523.5519 163.7897 -1641.7898
v  -555.5057 160.6425 -1641.7898
v  -586.2315 151.3220 -1641.7898
v  -614.5486 136.1862 -1641.7898
v  -639.3687 115.8168 -1641.7898
v  -659.7380 90.9967 -1641.7898
v  -674.8739 62.6796 -1641.7898
v  -684.1945 31.9537 -1641.7898
v  -687.3416 -0.0001 -1641.7898
v  -684.1945 -31.9539 -1641.7898
v  -674.8738 -62.6797 -1641.7898
v  -659.7380 -90.9968 -1641.7898
v  -639.3687 -115.8169 -1641.7898
v  -614.5485 -136.1862 -1641.7898
v  -586.2314 -151.3220 -1641.7898
v  -555.5056 -160.6426 -1641.7898
v  -523.5517 -163.7897 -1641.7898
v  -491.5979 -160.6425 -1641.7898
v  -460.8721 -151.3219 -1641.7898
v  -432.5550 -136.1861 -1641.7898
v  -407.7349 -115.8167 -1641.7898
v  -387.3656 -90.9965 -1641.7898
v  -372.2298 -62.6794 -1641.7898
v  -362.9093 -31.9536 -1641.7898
v  -359.7621 0.0003 -1641.7898
v  -362.9094 31.9541 -1641.7898
v  -372.2300 62.6799 -1641.7898
v  -387.3658 90.9969 -1641.7898
v  -407.7353 115.8170 -1641.7898
v  -432.5555 136.1864 -1641.7898
v  -460.8726 151.3221 -1641.7898
v  -491.5984 160.6426 -1641.7898
v  -523.5519 192.5964 -1676.8909
v  -561.1255 188.8957 -1676.8909
v  -597.2553 177.9358 -1676.8909
v  -630.5527 160.1380 -1676.8909
v  -659.7380 136.1862 -1676.8909
v  -683.6899 107.0008 -1676.8909
v  -701.4877 73.7034 -1676.8909
v  -712.4476 37.5736 -1676.8909
v  -716.1483 -0.0001 -1676.8909
v  -712.4475 -37.5738 -1676.8909
v  -701.4877 -73.7035 -1676.8909
v  -683.6898 -107.0009 -1676.8909
v  -659.7380 -136.1863 -1676.8909
v  -630.5526 -160.1381 -1676.8909
v  -597.2552 -177.9359 -1676.8909
v  -561.1254 -188.8957 -1676.8909
v  -523.5517 -192.5964 -1676.8909
v  -485.9780 -188.8956 -1676.8909
v  -449.8482 -177.9357 -1676.8909
v  -416.5509 -160.1379 -1676.8909
v  -387.3655 -136.1860 -1676.8909
v  -363.4137 -107.0006 -1676.8909
v  -345.6159 -73.7032 -1676.8909
v  -334.6562 -37.5734 -1676.8909
v  -330.9555 0.0003 -1676.8909
v  -334.6563 37.5740 -1676.8909
v  -345.6162 73.7037 -1676.8909
v  -363.4141 107.0011 -1676.8909
v  -387.3660 136.1864 -1676.8909
v  -416.5514 160.1382 -1676.8909
v  -449.8488 177.9360 -1676.8909
v  -485.9786 188.8958 -1676.8909
v  -523.5519 214.0016 -1716.9373
v  -565.3015 209.8896 -1716.9373
v  -605.4467 197.7117 -1716.9373
v  -642.4448 177.9358 -1716.9373
v  -674.8738 151.3220 -1716.9373
v  -701.4877 118.8929 -1716.9373
v  -721.2636 81.8948 -1716.9373
v  -733.4415 41.7496 -1716.9373
v  -737.5535 -0.0001 -1716.9373
v  -733.4415 -41.7497 -1716.9373
v  -721.2635 -81.8950 -1716.9373
v  -701.4877 -118.8930 -1716.9373
v  -674.8738 -151.3221 -1716.9373
v  -642.4447 -177.9359 -1716.9373
v  -605.4466 -197.7118 -1716.9373
v  -565.3013 -209.8896 -1716.9373
v  -523.5517 -214.0016 -1716.9373
v  -481.8020 -209.8896 -1716.9373
v  -441.6568 -197.7116 -1716.9373
v  -404.6588 -177.9357 -1716.9373
v  -372.2297 -151.3218 -1716.9373
v  -345.6159 -118.8927 -1716.9373
v  -325.8401 -81.8946 -1716.9373
v  -313.6622 -41.7493 -1716.9373
v  -309.5503 0.0003 -1716.9373
v  -313.6623 41.7500 -1716.9373
v  -325.8403 81.8952 -1716.9373
v  -345.6163 118.8932 -1716.9373
v  -372.2302 151.3223 -1716.9373
v  -404.6593 177.9361 -1716.9373
v  -441.6574 197.7119 -1716.9373
v  -481.8027 209.8897 -1716.9373
v  -523.5519 227.1829 -1760.3901
v  -567.8730 222.8176 -1760.3901
v  -610.4910 209.8896 -1760.3901
v  -649.7679 188.8957 -1760.3901
v  -684.1945 160.6425 -1760.3901
v  -712.4475 126.2160 -1760.3901
v  -733.4415 86.9391 -1760.3901
v  -746.3695 44.3211 -1760.3901
v  -750.7347 -0.0001 -1760.3901
v  -746.3695 -44.3213 -1760.3901
v  -733.4414 -86.9392 -1760.3901
v  -712.4474 -126.2162 -1760.3901
v  -684.1943 -160.6427 -1760.3901
v  -649.7678 -188.8958 -1760.3901
v  -610.4908 -209.8897 -1760.3901
v  -567.8729 -222.8177 -1760.3901
v  -523.5516 -227.1829 -1760.3901
v  -479.2305 -222.8176 -1760.3901
v  -436.6125 -209.8895 -1760.3901
v  -397.3356 -188.8955 -1760.3901
v  -362.9091 -160.6423 -1760.3901
v  -334.6561 -126.2158 -1760.3901
v  -313.6621 -86.9388 -1760.3901
v  -300.7342 -44.3208 -1760.3901
v  -296.3690 0.0004 -1760.3901
v  -300.7343 44.3216 -1760.3901
v  -313.6624 86.9395 -1760.3901
v  -334.6564 126.2164 -1760.3901
v  -362.9096 160.6429 -1760.3901
v  -397.3362 188.8959 -1760.3901
v  -436.6132 209.8898 -1760.3901
v  -479.2312 222.8177 -1760.3901
v  -523.5519 231.6337 -1805.5796
v  -568.7414 227.1829 -1805.5796
v  -612.1942 214.0016 -1805.5796
v  -652.2407 192.5964 -1805.5796
v  -687.3416 163.7897 -1805.5796
v  -716.1483 128.6888 -1805.5796
v  -737.5535 88.6423 -1805.5796
v  -750.7347 45.1894 -1805.5796
v  -755.1855 -0.0001 -1805.5796
v  -750.7347 -45.1896 -1805.5796
v  -737.5535 -88.6425 -1805.5796
v  -716.1482 -128.6889 -1805.5796
v  -687.3416 -163.7898 -1805.5796
v  -652.2405 -192.5965 -1805.5796
v  -612.1941 -214.0017 -1805.5796
v  -568.7411 -227.1829 -1805.5796
v  -523.5516 -231.6337 -1805.5796
v  -478.3622 -227.1828 -1805.5796
v  -434.9093 -214.0015 -1805.5796
v  -394.8629 -192.5962 -1805.5796
v  -359.7619 -163.7895 -1805.5796
v  -330.9554 -128.6885 -1805.5796
v  -309.5501 -88.6421 -1805.5796
v  -296.3689 -45.1891 -1805.5796
v  -291.9182 0.0004 -1805.5796
v  -296.3691 45.1899 -1805.5796
v  -309.5504 88.6427 -1805.5796
v  -330.9557 128.6891 -1805.5796
v  -359.7625 163.7901 -1805.5796
v  -394.8635 192.5966 -1805.5796
v  -434.9100 214.0018 -1805.5796
v  -478.3629 227.1830 -1805.5796
v  -523.5519 227.1829 -1850.7690
v  -567.8730 222.8176 -1850.7690
v  -610.4910 209.8896 -1850.7690
v  -649.7679 188.8957 -1850.7690
v  -684.1945 160.6426 -1850.7690
v  -712.4476 126.2160 -1850.7690
v  -733.4415 86.9391 -1850.7690
v  -746.3695 44.3211 -1850.7690
v  -750.7347 -0.0001 -1850.7690
v  -746.3695 -44.3213 -1850.7690
v  -733.4415 -86.9392 -1850.7690
v  -712.4475 -126.2162 -1850.7690
v  -684.1943 -160.6427 -1850.7690
v  -649.7678 -188.8958 -1850.7690
v  -610.4908 -209.8897 -1850.7690
v  -567.8729 -222.8177 -1850.7690
v  -523.5516 -227.1829 -1850.7690
v  -479.2305 -222.8176 -1850.7690
v  -436.6125 -209.8895 -1850.7690
v  -397.3356 -188.8955 -1850.7690
v  -362.9091 -160.6424 -1850.7690
v  -334.6560 -126.2158 -1850.7690
v  -313.6621 -86.9388 -1850.7690
v  -300.7342 -44.3208 -1850.7690
v  -296.3690 0.0004 -1850.7690
v  -300.7343 44.3216 -1850.7690
v  -313.6624 86.9395 -1850.7690
v  -334.6564 126.2164 -1850.7690
v  -362.9096 160.6429 -1850.7690
v  -397.3362 188.8959 -1850.7690
v  -436.6132 209.8898 -1850.7690
v  -479.2312 222.8177 -1850.7690
v  -523.5519 214.0016 -1894.2219
v  -565.3015 209.8896 -1894.2219
v  -605.4468 197.7117 -1894.2219
v  -642.4448 177.9359 -1894.2219
v  -674.8739 151.3220 -1894.2219
v  -701.4877 118.8929 -1894.2219
v  -721.2636 81.8949 -1894.2219
v  -733.4415 41.7496 -1894.2219
v  -737.5535 -0.0001 -1894.2219
v  -733.4415 -41.7497 -1894.2219
v  -721.2635 -81.8950 -1894.2219
v  -701.4877 -118.8930 -1894.2219
v  -674.8738 -151.3221 -1894.2219
v  -642.4447 -177.9359 -1894.2219
v  -605.4466 -197.7118 -1894.2219
v  -565.3013 -209.8897 -1894.2219
v  -523.5517 -214.0016 -1894.2219
v  -481.8020 -209.8896 -1894.2219
v  -441.6568 -197.7116 -1894.2219
v  -404.6587 -177.9357 -1894.2219
v  -372.2297 -151.3218 -1894.2219
v  -345.6159 -118.8927 -1894.2219
v  -325.8400 -81.8946 -1894.2219
v  -313.6622 -41.7493 -1894.2219
v  -309.5503 0.0003 -1894.2219
v  -313.6623 41.7500 -1894.2219
v  -325.8403 81.8952 -1894.2219
v  -345.6163 118.8933 -1894.2219
v  -372.2302 151.3223 -1894.2219
v  -404.6593 177.9361 -1894.2219
v  -441.6574 197.7119 -1894.2219
v  -481.8027 209.8897 -1894.2219
v  -523.5519 192.5964 -1934.2683
v  -561.1255 188.8957 -1934.2683
v  -597.2553 177.9358 -1934.2683
v  -630.5527 160.1380 -1934.2683
v  -659.7380 136.1862 -1934.2683
v  -683.6899 107.0008 -1934.2683
v  -701.4877 73.7034 -1934.2683
v  -712.4476 37.5736 -1934.2683
v  -716.1483 -0.0001 -1934.2683
v  -712.4475 -37.5738 -1934.2683
v  -701.4877 -73.7035 -1934.2683
v  -683.6898 -107.0009 -1934.2683
v  -659.7380 -136.1863 -1934.2683
v  -630.5526 -160.1381 -1934.2683
v  -597.2552 -177.9359 -1934.2683
v  -561.1254 -188.8957 -1934.2683
v  -523.5517 -192.5964 -1934.2683
v  -485.9780 -188.8956 -1934.2683
v  -449.8482 -177.9357 -1934.2683
v  -416.5509 -160.1379 -1934.2683
v  -387.3655 -136.1860 -1934.2683
v  -363.4137 -107.0006 -1934.2683
v  -345.6159 -73.7032 -1934.2683
v  -334.6562 -37.5734 -1934.2683
v  -330.9555 0.0003 -1934.2683
v  -334.6563 37.5740 -1934.2683
v  -345.6162 73.7038 -1934.2683
v  -363.4141 107.0011 -1934.2683
v  -387.3660 136.1864 -1934.2683
v  -416.5514 160.1382 -1934.2683
v  -449.8488 177.9360 -1934.2683
v  -485.9786 188.8958 -1934.2683
v  -523.5519 163.7897 -1969.3694
v  -555.5057 160.6425 -1969.3694
v  -586.2315 151.3220 -1969.3694
v  -614.5486 136.1862 -1969.3694
v  -639.3687 115.8168 -1969.3694
v  -659.7380 90.9967 -1969.3694
v  -674.8739 62.6796 -1969.3694
v  -684.1945 31.9538 -1969.3694
v  -687.3416 -0.0000 -1969.3694
v  -684.1945 -31.9538 -1969.3694
v  -674.8738 -62.6797 -1969.3694
v  -659.7380 -90.9968 -1969.3694
v  -639.3687 -115.8169 -1969.3694
v  -614.5485 -136.1862 -1969.3694
v  -586.2314 -151.3220 -1969.3694
v  -555.5056 -160.6426 -1969.3694
v  -523.5517 -163.7897 -1969.3694
v  -491.5979 -160.6425 -1969.3694
v  -460.8721 -151.3219 -1969.3694
v  -432.5550 -136.1861 -1969.3694
v  -407.7349 -115.8167 -1969.3694
v  -387.3656 -90.9965 -1969.3694
v  -372.2298 -62.6794 -1969.3694
v  -362.9093 -31.9535 -1969.3694
v  -359.7621 0.0003 -1969.3694
v  -362.9094 31.9541 -1969.3694
v  -372.2300 62.6799 -1969.3694
v  -387.3658 90.9970 -1969.3694
v  -407.7353 115.8171 -1969.3694
v  -432.5555 136.1864 -1969.3694
v  -460.8726 151.3221 -1969.3694
v  -491.5984 160.6426 -1969.3694
v  -523.5519 128.6888 -1998.1759
v  -548.6578 126.2160 -1998.1759
v  -572.7990 118.8929 -1998.1759
v  -595.0475 107.0008 -1998.1759
v  -614.5486 90.9967 -1998.1759
v  -630.5527 71.4957 -1998.1759
v  -642.4448 49.2470 -1998.1759
v  -649.7679 25.1059 -1998.1759
v  -652.2407 -0.0000 -1998.1759
v  -649.7679 -25.1060 -1998.1759
v  -642.4448 -49.2471 -1998.1759
v  -630.5526 -71.4957 -1998.1759
v  -614.5485 -90.9967 -1998.1759
v  -595.0475 -107.0008 -1998.1759
v  -572.7988 -118.8930 -1998.1759
v  -548.6577 -126.2161 -1998.1759
v  -523.5518 -128.6888 -1998.1759
v  -498.4458 -126.2160 -1998.1759
v  -474.3047 -118.8929 -1998.1759
v  -452.0561 -107.0007 -1998.1759
v  -432.5551 -90.9966 -1998.1759
v  -416.5510 -71.4955 -1998.1759
v  -404.6589 -49.2469 -1998.1759
v  -397.3358 -25.1057 -1998.1759
v  -394.8631 0.0002 -1998.1759
v  -397.3359 25.1062 -1998.1759
v  -404.6591 49.2473 -1998.1759
v  -416.5512 71.4959 -1998.1759
v  -432.5554 90.9969 -1998.1759
v  -452.0565 107.0010 -1998.1759
v  -474.3051 118.8930 -1998.1759
v  -498.4462 126.2161 -1998.1759
v  -523.5519 88.6423 -2019.5812
v  -540.8452 86.9391 -2019.5812
v  -557.4738 81.8949 -2019.5812
v  -572.7990 73.7034 -2019.5812
v  -586.2314 62.6796 -2019.5812
v  -597.2553 49.2470 -2019.5812
v  -605.4467 33.9219 -2019.5812
v  -610.4910 17.2932 -2019.5812
v  -612.1942 -0.0000 -2019.5812
v  -610.4910 -17.2933 -2019.5812
v  -605.4467 -33.9220 -2019.5812
v  -597.2552 -49.2471 -2019.5812
v  -586.2314 -62.6796 -2019.5812
v  -572.7989 -73.7034 -2019.5812
v  -557.4738 -81.8949 -2019.5812
v  -540.8451 -86.9391 -2019.5812
v  -523.5518 -88.6423 -2019.5812
v  -506.2585 -86.9391 -2019.5812
v  -489.6298 -81.8948 -2019.5812
v  -474.3047 -73.7033 -2019.5812
v  -460.8722 -62.6795 -2019.5812
v  -449.8484 -49.2469 -2019.5812
v  -441.6570 -33.9218 -2019.5812
v  -436.6128 -17.2931 -2019.5812
v  -434.9095 0.0002 -2019.5812
v  -436.6128 17.2934 -2019.5812
v  -441.6571 33.9221 -2019.5812
v  -449.8486 49.2472 -2019.5812
v  -460.8724 62.6797 -2019.5812
v  -474.3050 73.7035 -2019.5812
v  -489.6301 81.8949 -2019.5812
v  -506.2588 86.9391 -2019.5812
v  -523.5519 45.1894 -2032.7625
v  -532.3679 44.3211 -2032.7625
v  -540.8452 41.7496 -2032.7625
v  -548.6578 37.5737 -2032.7625
v  -555.5056 31.9538 -2032.7625
v  -561.1255 25.1059 -2032.7625
v  -565.3015 17.2932 -2032.7625
v  -567.8730 8.8160 -2032.7625
v  -568.7413 -0.0000 -2032.7625
v  -567.8730 -8.8160 -2032.7625
v  -565.3015 -17.2933 -2032.7625
v  -561.1255 -25.1059 -2032.7625
v  -555.5056 -31.9538 -2032.7625
v  -548.6578 -37.5736 -2032.7625
v  -540.8451 -41.7496 -2032.7625
v  -532.3679 -44.3211 -2032.7625
v  -523.5518 -45.1894 -2032.7625
v  -514.7358 -44.3211 -2032.7625
v  -506.2586 -41.7496 -2032.7625
v  -498.4459 -37.5736 -2032.7625
v  -491.5981 -31.9537 -2032.7625
v  -485.9782 -25.1058 -2032.7625
v  -481.8023 -17.2932 -2032.7625
v  -479.2307 -8.8159 -2032.7625
v  -478.3625 0.0001 -2032.7625
v  -479.2308 8.8161 -2032.7625
v  -481.8023 17.2933 -2032.7625
v  -485.9783 25.1060 -2032.7625
v  -491.5982 31.9538 -2032.7625
v  -498.4460 37.5737 -2032.7625
v  -506.2587 41.7496 -2032.7625
v  -514.7360 44.3212 -2032.7625
v  -523.5519 0.0000 -2037.2133
# 482 vertices

vn 0.0000 -0.0000 1.0000
vn -0.0000 0.2010 0.9796
vn -0.0392 0.1971 0.9796
vn -0.0769 0.1857 0.9796
vn -0.1117 0.1671 0.9796
vn -0.1421 0.1421 0.9796
vn -0.1671 0.1117 0.9796
vn -0.1857 0.0769 0.9796
vn -0.1971 0.0392 0.9796
vn -0.2010 -0.0000 0.9796
vn -0.1971 -0.0392 0.9796
vn -0.1857 -0.0769 0.9796
vn -0.1671 -0.1117 0.9796
vn -0.1421 -0.1421 0.9796
vn -0.1117 -0.1671 0.9796
vn -0.0769 -0.1857 0.9796
vn -0.0392 -0.1971 0.9796
vn 0.0000 -0.2010 0.9796
vn 0.0392 -0.1971 0.9796
vn 0.0769 -0.1857 0.9796
vn 0.1117 -0.1671 0.9796
vn 0.1421 -0.1421 0.9796
vn 0.1671 -0.1117 0.9796
vn 0.1857 -0.0769 0.9796
vn 0.1971 -0.0392 0.9796
vn 0.2010 0.0000 0.9796
vn 0.1971 0.0392 0.9796
vn 0.1857 0.0769 0.9796
vn 0.1671 0.1117 0.9796
vn 0.1421 0.1421 0.9796
vn 0.1117 0.1671 0.9796
vn 0.0769 0.1857 0.9796
vn 0.0392 0.1971 0.9796
vn -0.0000 0.3879 0.9217
vn -0.0757 0.3804 0.9217
vn -0.1484 0.3584 0.9217
vn -0.2155 0.3225 0.9217
vn -0.2743 0.2743 0.9217
vn -0.3225 0.2155 0.9217
vn -0.3584 0.1484 0.9217
vn -0.3804 0.0757 0.9217
vn -0.3879 -0.0000 0.9217
vn -0.3804 -0.0757 0.9217
vn -0.3584 -0.1484 0.9217
vn -0.3225 -0.2155 0.9217
vn -0.2743 -0.2743 0.9217
vn -0.2155 -0.3225 0.9217
vn -0.1484 -0.3584 0.9217
vn -0.0757 -0.3804 0.9217
vn 0.0000 -0.3879 0.9217
vn 0.0757 -0.3804 0.9217
vn 0.1484 -0.3584 0.9217
vn 0.2155 -0.3225 0.9217
vn 0.2743 -0.2743 0.9217
vn 0.3225 -0.2155 0.9217
vn 0.3584 -0.1484 0.9217
vn 0.3804 -0.0757 0.9217
vn 0.3879 0.0000 0.9217
vn 0.3804 0.0757 0.9217
vn 0.3584 0.1484 0.9217
vn 0.3225 0.2155 0.9217
vn 0.2743 0.2743 0.9217
vn 0.2155 0.3225 0.9217
vn 0.1484 0.3584 0.9217
vn 0.0757 0.3804 0.9217
vn -0.0000 0.5598 0.8286
vn -0.1092 0.5490 0.8286
vn -0.2142 0.5172 0.8286
vn -0.3110 0.4654 0.8286
vn -0.3958 0.3958 0.8286
vn -0.4654 0.3110 0.8286
vn -0.5172 0.2142 0.8286
vn -0.5490 0.1092 0.8286
vn -0.5598 -0.0000 0.8286
vn -0.5490 -0.1092 0.8286
vn -0.5172 -0.2142 0.8286
vn -0.4654 -0.3110 0.8286
vn -0.3958 -0.3958 0.8286
vn -0.3110 -0.4654 0.8286
vn -0.2142 -0.5172 0.8286
vn -0.1092 -0.5490 0.8286
vn 0.0000 -0.5598 0.8286
vn 0.1092 -0.5490 0.8286
vn 0.2142 -0.5172 0.8286
vn 0.3110 -0.4654 0.8286
vn 0.3958 -0.3958 0.8286
vn 0.4654 -0.3110 0.8286
vn 0.5172 -0.2142 0.8286
vn 0.5490 -0.1092 0.8286
vn 0.5598 0.0000 0.8286
vn 0.5490 0.1092 0.8286
vn 0.5172 0.2142 0.8286
vn 0.4654 0.3110 0.8286
vn 0.3958 0.3958 0.8286
vn 0.3110 0.4654 0.8286
vn 0.2142 0.5172 0.8286
vn 0.1092 0.5490 0.8286
vn -0.0000 0.7101 0.7041
vn -0.1385 0.6965 0.7041
vn -0.2718 0.6561 0.7041
vn -0.3945 0.5905 0.7041
vn -0.5021 0.5021 0.7041
vn -0.5905 0.3945 0.7041
vn -0.6561 0.2718 0.7041
vn -0.6965 0.1385 0.7041
vn -0.7101 -0.0000 0.7041
vn -0.6965 -0.1385 0.7041
vn -0.6561 -0.2718 0.7041
vn -0.5905 -0.3945 0.7041
vn -0.5021 -0.5021 0.7041
vn -0.3945 -0.5905 0.7041
vn -0.2718 -0.6561 0.7041
vn -0.1385 -0.6965 0.7041
vn 0.0000 -0.7101 0.7041
vn 0.1385 -0.6965 0.7041
vn 0.2718 -0.6561 0.7041
vn 0.3945 -0.5905 0.7041
vn 0.5021 -0.5021 0.7041
vn 0.5905 -0.3945 0.7041
vn 0.6561 -0.2718 0.7041
vn 0.6965 -0.1385 0.7041
vn 0.7101 0.0000 0.7041
vn 0.6965 0.1385 0.7041
vn 0.6561 0.2718 0.7041
vn 0.5905 0.3945 0.7041
vn 0.5021 0.5021 0.7041
vn 0.3945 0.5905 0.7041
vn 0.2718 0.6561 0.7041
vn 0.1385 0.6965 0.7041
vn -0.0000 0.8333 0.5528
vn -0.1626 0.8173 0.5528
vn -0.3189 0.7699 0.5528
vn -0.4630 0.6929 0.5528
vn -0.5893 0.5893 0.5528
vn -0.6929 0.4630 0.5528
vn -0.7699 0.3189 0.5528
vn -0.8173 0.1626 0.5528
vn -0.8333 -0.0000 0.5528
vn -0.8173 -0.1626 0.5528
vn -0.7699 -0.3189 0.5528
vn -0.6929 -0.4630 0.5528
vn -0.5893 -0.5893 0.5528
vn -0.4630 -0.6929 0.5528
vn -0.3189 -0.7699 0.5528
vn -0.1626 -0.8173 0.5528
vn 0.0000 -0.8333 0.5528
vn 0.1626 -0.8173 0.5528
vn 0.3189 -0.7699 0.5528
vn 0.4630 -0.6929 0.5528
vn 0.5893 -0.5893 0.5528
vn 0.6929 -0.4630 0.5528
vn 0.7699 -0.3189 0.5528
vn 0.8173 -0.1626 0.5528
vn 0.8333 0.0000 0.5528
vn 0.8173 0.1626 0.5528
vn 0.7699 0.3189 0.5528
vn 0.6929 0.4630 0.5528
vn 0.5893 0.5893 0.5528
vn 0.4630 0.6929 0.5528
vn 0.3189 0.7699 0.5528
vn 0.1626 0.8173 0.5528
vn -0.0000 0.9248 0.3805
vn -0.1804 0.9070 0.3805
vn -0.3539 0.8544 0.3805
vn -0.5138 0.7689 0.3805
vn -0.6539 0.6539 0.3805
vn -0.7689 0.5138 0.3805
vn -0.8544 0.3539 0.3805
vn -0.9070 0.1804 0.3805
vn -0.9248 -0.0000 0.3805
vn -0.9070 -0.1804 0.3805
vn -0.8544 -0.3539 0.3805
vn -0.7689 -0.5138 0.3805
vn -0.6539 -0.6539 0.3805
vn -0.5138 -0.7689 0.3805
vn -0.3539 -0.8544 0.3805
vn -0.1804 -0.9070 0.3805
vn 0.0000 -0.9248 0.3805
vn 0.1804 -0.9070 0.3805
vn 0.3539 -0.8544 0.3805
vn 0.5138 -0.7689 0.3805
vn 0.6539 -0.6539 0.3805
vn 0.7689 -0.5138 0.3805
vn 0.8544 -0.3539 0.3805
vn 0.9070 -0.1804 0.3805
vn 0.9248 0.0000 0.3805
vn 0.9070 0.1804 0.3805
vn 0.8544 0.3539 0.3805
vn 0.7689 0.5138 0.3805
vn 0.6539 0.6539 0.3805
vn 0.5138 0.7689 0.3805
vn 0.3539 0.8544 0.3805
vn 0.1804 0.9070 0.3805
vn -0.0000 0.9810 0.1939
vn -0.1914 0.9622 0.1939
vn -0.3754 0.9063 0.1939
vn -0.5450 0.8157 0.1939
vn -0.6937 0.6937 0.1939
vn -0.8157 0.5450 0.1939
vn -0.9063 0.3754 0.1939
vn -0.9622 0.1914 0.1939
vn -0.9810 -0.0000 0.1939
vn -0.9622 -0.1914 0.1939
vn -0.9063 -0.3754 0.1939
vn -0.8157 -0.5450 0.1939
vn -0.6937 -0.6937 0.1939
vn -0.5450 -0.8157 0.1939
vn -0.3754 -0.9063 0.1939
vn -0.1914 -0.9622 0.1939
vn 0.0000 -0.9810 0.1939
vn 0.1914 -0.9622 0.1939
vn 0.3754 -0.9063 0.1939
vn 0.5450 -0.8157 0.1939
vn 0.6937 -0.6937 0.1939
vn 0.8157 -0.5450 0.1939
vn 0.9063 -0.3754 0.1939
vn 0.9622 -0.1914 0.1939
vn 0.9810 0.0000 0.1939
vn 0.9622 0.1914 0.1939
vn 0.9063 0.3754 0.1939
vn 0.8157 0.5450 0.1939
vn 0.6937 0.6937 0.1939
vn 0.5450 0.8157 0.1939
vn 0.3754 0.9063 0.1939
vn 0.1914 0.9622 0.1939
vn -0.0000 1.0000 0.0000
vn -0.1951 0.9808 0.0000
vn -0.3827 0.9239 0.0000
vn -0.5556 0.8315 0.0000
vn -0.7071 0.7071 0.0000
vn -0.8315 0.5556 0.0000
vn -0.9239 0.3827 0.0000
vn -0.9808 0.1951 0.0000
vn -1.0000 -0.0000 0.0000
vn -0.9808 -0.1951 0.0000
vn -0.9239 -0.3827 0.0000
vn -0.8315 -0.5556 0.0000
vn -0.7071 -0.7071 0.0000
vn -0.5556 -0.8315 0.0000
vn -0.3827 -0.9239 0.0000
vn -0.1951 -0.9808 0.0000
vn 0.0000 -1.0000 0.0000
vn 0.1951 -0.9808 0.0000
vn 0.3827 -0.9239 0.0000
vn 0.5556 -0.8315 0.0000
vn 0.7071 -0.7071 0.0000
vn 0.8315 -0.5556 0.0000
vn 0.9239 -0.3827 0.0000
vn 0.9808 -0.1951 0.0000
vn 1.0000 0.0000 0.0000
vn 0.9808 0.1951 0.0000
vn 0.9239 0.3827 0.0000
vn 0.8315 0.5556 0.0000
vn 0.7071 0.7071 0.0000
vn 0.5556 0.8315 0.0000
vn 0.3827 0.9239 0.0000
vn 0.1951 0.9808 0.0000
vn -0.0000 0.9810 -0.1939
vn -0.1914 0.9622 -0.1939
vn -0.3754 0.9063 -0.1939
vn -0.5450 0.8157 -0.1939
vn -0.6937 0.6937 -0.1939
vn -0.8157 0.5450 -0.1939
vn -0.9063 0.3754 -0.1939
vn -0.9622 0.1914 -0.1939
vn -0.9810 -0.0000 -0.1939
vn -0.9622 -0.1914 -0.1939
vn -0.9063 -0.3754 -0.1939
vn -0.8157 -0.5450 -0.1939
vn -0.6937 -0.6937 -0.1939
vn -0.5450 -0.8157 -0.1939
vn -0.3754 -0.9063 -0.1939
vn -0.1914 -0.9622 -0.1939
vn 0.0000 -0.9810 -0.1939
vn 0.1914 -0.9622 -0.1939
vn 0.3754 -0.9063 -0.1939
vn 0.5450 -0.8157 -0.1939
vn 0.6937 -0.6937 -0.1939
vn 0.8157 -0.5450 -0.1939
vn 0.9063 -0.3754 -0.1939
vn 0.9622 -0.1914 -0.1939
vn 0.9810 0.0000 -0.1939
vn 0.9622 0.1914 -0.1939
vn 0.9063 0.3754 -0.1939
vn 0.8157 0.5450 -0.1939
vn 0.6937 0.6937 -0.1939
vn 0.5450 0.8157 -0.1939
vn 0.3754 0.9063 -0.1939
vn 0.1914 0.9622 -0.1939
vn -0.0000 0.9248 -0.3805
vn -0.1804 0.9070 -0.3805
vn -0.3539 0.8544 -0.3805
vn -0.5138 0.7689 -0.3805
vn -0.6539 0.6539 -0.3805
vn -0.7689 0.5138 -0.3805
vn -0.8544 0.3539 -0.3805
vn -0.9070 0.1804 -0.3805
vn -0.9248 -0.0000 -0.3805
vn -0.9070 -0.1804 -0.3805
vn -0.8544 -0.3539 -0.3805
vn -0.7689 -0.5138 -0.3805
vn -0.6539 -0.6539 -0.3805
vn -0.5138 -0.7689 -0.3805
vn -0.3539 -0.8544 -0.3805
vn -0.1804 -0.9070 -0.3805
vn 0.0000 -0.9248 -0.3805
vn 0.1804 -0.9070 -0.3805
vn 0.3539 -0.8544 -0.3805
vn 0.5138 -0.7689 -0.3805
vn 0.6539 -0.6539 -0.3805
vn 0.7689 -0.5138 -0.3805
vn 0.8544 -0.3539 -0.3805
vn 0.9070 -0.1804 -0.3805
vn 0.9248 0.0000 -0.3805
vn 0.9070 0.1804 -0.3805
vn 0.8544 0.3539 -0.3805
vn 0.7689 0.5138 -0.3805
vn 0.6539 0.6539 -0.3805
vn 0.5138 0.7689 -0.3805
vn 0.3539 0.8544 -0.3805
vn 0.1804 0.9070 -0.3805
vn -0.0000 0.8333 -0.5528
vn -0.1626 0.8173 -0.5528
vn -0.3189 0.7699 -0.5528
vn -0.4630 0.6929 -0.5528
vn -0.5893 0.5893 -0.5528
vn -0.6929 0.4630 -0.5528
vn -0.7699 0.3189 -0.5528
vn -0.8173 0.1626 -0.5528
vn -0.8333 -0.0000 -0.5528
vn -0.8173 -0.1626 -0.5528
vn -0.7699 -0.3189 -0.5528
vn -0.6929 -0.4630 -0.5528
vn -0.5893 -0.5893 -0.5528
vn -0.4630 -0.6929 -0.5528
vn -0.3189 -0.7699 -0.5528
vn -0.1626 -0.8173 -0.5528
vn 0.0000 -0.8333 -0.5528
vn 0.1626 -0.8173 -0.5528
vn 0.3189 -0.7699 -0.5528
vn 0.4630 -0.6929 -0.5528
vn 0.5893 -0.5893 -0.5528
vn 0.6929 -0.4630 -0.5528
vn 0.7699 -0.3189 -0.5528
vn 0.8173 -0.1626 -0.5528
vn 0.8333 0.0000 -0.5528
vn 0.8173 0.1626 -0.5528
vn 0.7699 0.3189 -0.5528
vn 0.6929 0.4630 -0.5528
vn 0.5893 0.5893 -0.5528
vn 0.4630 0.6929 -0.5528
vn 0.3189 0.7699 -0.5528
vn 0.1626 0.8173 -0.5528
vn -0.0000 0.7101 -0.7041
vn -0.1385 0.6965 -0.7041
vn -0.2718 0.6561 -0.7041
vn -0.3945 0.5905 -0.7041
vn -0.5021 0.5021 -0.7041
vn -0.5905 0.3945 -0.7041
vn -0.6561 0.2718 -0.7041
vn -0.6965 0.1385 -0.7041
vn -0.7101 -0.0000 -0.7041
vn -0.6965 -0.1385 -0.7041
vn -0.6561 -0.2718 -0.7041
vn -0.5905 -0.3945 -0.7041
vn -0.5021 -0.5021 -0.7041
vn -0.3945 -0.5905 -0.7041
vn -0.2718 -0.6561 -0.7041
vn -0.1385 -0.6965 -0.7041
vn 0.0000 -0.7101 -0.7041
vn 0.1385 -0.6965 -0.7041
vn 0.2718 -0.6561 -0.7041
vn 0.3945 -0.5905 -0.7041
vn 0.5021 -0.5021 -0.7041
vn 0.5905 -0.3945 -0.7041
vn 0.6561 -0.2718 -0.7041
vn 0.6965 -0.1385 -0.7041
vn 0.7101 0.0000 -0.7041
vn 0.6965 0.1385 -0.7041
vn 0.6561 0.2718 -0.7041
vn 0.5905 0.3945 -0.7041
vn 0.5021 0.5021 -0.7041
vn 0.3945 0.5905 -0.7041
vn 0.2718 0.6561 -0.7041
vn 0.1385 0.6965 -0.7041
vn -0.0000 0.5598 -0.8286
vn -0.1092 0.5490 -0.8286
vn -0.2142 0.5172 -0.8286
vn -0.3110 0.4654 -0.8286
vn -0.3958 0.3958 -0.8286
vn -0.4654 0.3110 -0.8286
vn -0.5172 0.2142 -0.8286
vn -0.5490 0.1092 -0.8286
vn -0.5598 -0.0000 -0.8286
vn -0.5490 -0.1092 -0.8286
vn -0.5172 -0.2142 -0.8286
vn -0.4654 -0.3110 -0.8286
vn -0.3958 -0.3958 -0.8286
vn -0.3110 -0.4654 -0.8286
vn -0.2142 -0.5172 -0.8286
vn -0.1092 -0.5490 -0.8286
vn 0.0000 -0.5598 -0.8286
vn 0.1092 -0.5490 -0.8286
vn 0.2142 -0.5172 -0.8286
vn 0.3110 -0.4654 -0.8286
vn 0.3958 -0.3958 -0.8286
vn 0.4654 -0.3110 -0.8286
vn 0.5172 -0.2142 -0.8286
vn 0.5490 -0.1092 -0.8286
vn 0.5598 0.0000 -0.8286
vn 0.5490 0.1092 -0.8286
vn 0.5172 0.2142 -0.8286
vn 0.4654 0.3110 -0.8286
vn 0.3958 0.3958 -0.8286
vn 0.3110 0.4654 -0.8286
vn 0.2142 0.5172 -0.8286
vn 0.1092 0.5490 -0.8286
vn -0.0000 0.3879 -0.9217
vn -0.0757 0.3804 -0.9217
vn -0.1484 0.3584 -0.9217
vn -0.2155 0.3225 -0.9217
vn -0.2743 0.2743 -0.9217
vn -0.3225 0.2155 -0.9217
vn -0.3584 0.1484 -0.9217
vn -0.3804 0.0757 -0.9217
vn -0.3879 -0.0000 -0.9217
vn -0.3804 -0.0757 -0.9217
vn -0.3584 -0.1484 -0.9217
vn -0.3225 -0.2155 -0.9217
vn -0.2743 -0.2743 -0.9217
vn -0.2155 -0.3225 -0.9217
vn -0.1484 -0.3584 -0.9217
vn -0.0757 -0.3804 -0.9217
vn 0.0000 -0.3879 -0.9217
vn 0.0757 -0.3804 -0.9217
vn 0.1484 -0.3584 -0.9217
vn 0.2155 -0.3225 -0.9217
vn 0.2743 -0.2743 -0.9217
vn 0.3225 -0.2155 -0.9217
vn 0.3584 -0.1484 -0.9217
vn 0.3804 -0.0757 -0.9217
vn 0.3879 0.0000 -0.9217
vn 0.3804 0.0757 -0.9217
vn 0.3584 0.1484 -0.9217
vn 0.3225 0.2155 -0.9217
vn 0.2743 0.2743 -0.9217
vn 0.2155 0.3225 -0.9217
vn 0.1484 0.3584 -0.9217
vn 0.0757 0.3804 -0.9217
vn -0.0000 0.2010 -0.9796
vn -0.0392 0.1971 -0.9796
vn -0.0769 0.1857 -0.9796
vn -0.1117 0.1671 -0.9796
vn -0.1421 0.1421 -0.9796
vn -0.1671 0.1117 -0.9796
vn -0.1857 0.0769 -0.9796
vn -0.1971 0.0392 -0.9796
vn -0.2010 0.0000 -0.9796
vn -0.1971 -0.0392 -0.9796
vn -0.1857 -0.0769 -0.9796
vn -0.1671 -0.1117 -0.9796
vn -0.1421 -0.1421 -0.9796
vn -0.1117 -0.1671 -0.9796
vn -0.0769 -0.1857 -0.9796
vn -0.0392 -0.1971 -0.9796
vn 0.0000 -0.2010 -0.9796
vn 0.0392 -0.1971 -0.9796
vn 0.0769 -0.1857 -0.9796
vn 0.1117 -0.1671 -0.9796
vn 0.1421 -0.1421 -0.9796
vn 0.1671 -0.1117 -0.9796
vn 0.1857 -0.0769 -0.9796
vn 0.1971 -0.0392 -0.9796
vn 0.2010 0.0000 -0.9796
vn 0.1971 0.0392 -0.9796
vn 0.1857 0.0769 -0.9796
vn 0.1671 0.1117 -0.9796
vn 0.1421 0.1421 -0.9796
vn 0.1117 0.1671 -0.9796
vn 0.0769 0.1857 -0.9796
vn 0.0392 0.1971 -0.9796
vn -0.0000 0.0000 -1.0000
# 482 vertex normals

vt 0.5000 0.5000 0.0000
vt 0.5000 0.6338 0.0000
vt 0.4739 0.6313 0.0000
vt 0.4488 0.6236 0.0000
vt 0.4257 0.6113 0.0000
vt 0.4054 0.5946 0.0000
vt 0.3887 0.5743 0.0000
vt 0.3764 0.5512 0.0000
vt 0.3687 0.5261 0.0000
vt 0.3662 0.5000 0.0000
vt 0.3688 0.4739 0.0000
vt 0.3764 0.4488 0.0000
vt 0.3887 0.4257 0.0000
vt 0.4054 0.4054 0.0000
vt 0.4257 0.3887 0.0000
vt 0.4488 0.3764 0.0000
vt 0.4739 0.3687 0.0000
vt 0.5000 0.3662 0.0000
vt 0.5261 0.3688 0.0000
vt 0.5512 0.3764 0.0000
vt 0.5743 0.3887 0.0000
vt 0.5946 0.4054 0.0000
vt 0.6113 0.4257 0.0000
vt 0.6236 0.4488 0.0000
vt 0.6313 0.4739 0.0000
vt 0.6338 0.5000 0.0000
vt 0.6312 0.5261 0.0000
vt 0.6236 0.5512 0.0000
vt 0.6113 0.5743 0.0000
vt 0.5946 0.5946 0.0000
vt 0.5743 0.6113 0.0000
vt 0.5512 0.6236 0.0000
vt 0.5261 0.6313 0.0000
vt 0.5000 0.7625 0.0000
vt 0.4488 0.7575 0.0000
vt 0.3995 0.7425 0.0000
vt 0.3542 0.7183 0.0000
vt 0.3144 0.6856 0.0000
vt 0.2817 0.6458 0.0000
vt 0.2575 0.6005 0.0000
vt 0.2425 0.5512 0.0000
vt 0.2375 0.5000 0.0000
vt 0.2425 0.4488 0.0000
vt 0.2575 0.3995 0.0000
vt 0.2817 0.3542 0.0000
vt 0.3144 0.3144 0.0000
vt 0.3542 0.2817 0.0000
vt 0.3995 0.2575 0.0000
vt 0.4488 0.2425 0.0000
vt 0.5000 0.2375 0.0000
vt 0.5512 0.2425 0.0000
vt 0.6005 0.2575 0.0000
vt 0.6458 0.2817 0.0000
vt 0.6856 0.3144 0.0000
vt 0.7183 0.3542 0.0000
vt 0.7425 0.3995 0.0000
vt 0.7575 0.4488 0.0000
vt 0.7625 0.5000 0.0000
vt 0.7575 0.5512 0.0000
vt 0.7425 0.6005 0.0000
vt 0.7183 0.6458 0.0000
vt 0.6856 0.6856 0.0000
vt 0.6458 0.7183 0.0000
vt 0.6005 0.7425 0.0000
vt 0.5512 0.7575 0.0000
vt 0.0253 0.2882 0.0000
vt 0.0253 0.2694 0.0000
vt 0.0347 0.2694 0.0000
vt 0.0347 0.2882 0.0000
vt 0.0441 0.2694 0.0000
vt 0.0441 0.2882 0.0000
vt 0.0535 0.2694 0.0000
vt 0.0535 0.2882 0.0000
vt 0.0629 0.2694 0.0000
vt 0.0629 0.2882 0.0000
vt 0.0722 0.2694 0.0000
vt 0.0722 0.2882 0.0000
vt 0.0816 0.2694 0.0000
vt 0.0816 0.2882 0.0000
vt 0.0910 0.2694 0.0000
vt 0.0910 0.2882 0.0000
vt 0.1004 0.2694 0.0000
vt 0.1004 0.2882 0.0000
vt 0.1098 0.2694 0.0000
vt 0.1098 0.2882 0.0000
vt 0.1192 0.2694 0.0000
vt 0.1192 0.2882 0.0000
vt 0.1286 0.2694 0.0000
vt 0.1286 0.2882 0.0000
vt 0.1380 0.2694 0.0000
vt 0.1380 0.2882 0.0000
vt 0.1473 0.2694 0.0000
vt 0.1473 0.2882 0.0000
vt 0.1567 0.2694 0.0000
vt 0.1567 0.2882 0.0000
vt 0.1661 0.2694 0.0000
vt 0.1661 0.2882 0.0000
vt 0.1755 0.2694 0.0000
vt 0.1755 0.2882 0.0000
vt 0.1849 0.2694 0.0000
vt 0.1849 0.2882 0.0000
vt 0.1943 0.2694 0.0000
vt 0.1943 0.2882 0.0000
vt 0.2037 0.2694 0.0000
vt 0.2037 0.2882 0.0000
vt 0.2130 0.2694 0.0000
vt 0.2130 0.2882 0.0000
vt 0.2224 0.2694 0.0000
vt 0.2224 0.2882 0.0000
vt 0.2318 0.2694 0.0000
vt 0.2318 0.2882 0.0000
vt 0.2412 0.2694 0.0000
vt 0.2412 0.2882 0.0000
vt 0.2506 0.2694 0.0000
vt 0.2506 0.2882 0.0000
vt 0.2600 0.2694 0.0000
vt 0.2600 0.2882 0.0000
vt 0.2694 0.2694 0.0000
vt 0.2694 0.2882 0.0000
vt 0.2788 0.2694 0.0000
vt 0.2788 0.2882 0.0000
vt 0.2881 0.2694 0.0000
vt 0.2881 0.2882 0.0000
vt 0.2975 0.2694 0.0000
vt 0.2975 0.2882 0.0000
vt 0.3069 0.2694 0.0000
vt 0.3069 0.2882 0.0000
vt 0.3163 0.2694 0.0000
vt 0.3163 0.2882 0.0000
vt 0.3257 0.2694 0.0000
vt 0.3257 0.2882 0.0000
vt 0.0253 0.2506 0.0000
vt 0.0347 0.2506 0.0000
vt 0.0441 0.2506 0.0000
vt 0.0535 0.2506 0.0000
vt 0.0629 0.2506 0.0000
vt 0.0722 0.2506 0.0000
vt 0.0816 0.2506 0.0000
vt 0.0910 0.2506 0.0000
vt 0.1004 0.2506 0.0000
vt 0.1098 0.2506 0.0000
vt 0.1192 0.2506 0.0000
vt 0.1286 0.2506 0.0000
vt 0.1380 0.2506 0.0000
vt 0.1473 0.2506 0.0000
vt 0.1567 0.2506 0.0000
vt 0.1661 0.2506 0.0000
vt 0.1755 0.2506 0.0000
vt 0.1849 0.2506 0.0000
vt 0.1943 0.2506 0.0000
vt 0.2037 0.2506 0.0000
vt 0.2130 0.2506 0.0000
vt 0.2224 0.2506 0.0000
vt 0.2318 0.2506 0.0000
vt 0.2412 0.2506 0.0000
vt 0.2506 0.2506 0.0000
vt 0.2600 0.2506 0.0000
vt 0.2694 0.2506 0.0000
vt 0.2788 0.2506 0.0000
vt 0.2881 0.2506 0.0000
vt 0.2975 0.2506 0.0000
vt 0.3069 0.2506 0.0000
vt 0.3163 0.2506 0.0000
vt 0.3257 0.2506 0.0000
vt 0.0253 0.2319 0.0000
vt 0.0347 0.2319 0.0000
vt 0.0441 0.2319 0.0000
vt 0.0535 0.2319 0.0000
vt 0.0629 0.2319 0.0000
vt 0.0722 0.2319 0.0000
vt 0.0816 0.2319 0.0000
vt 0.0910 0.2319 0.0000
vt 0.1004 0.2319 0.0000
vt 0.1098 0.2319 0.0000
vt 0.1192 0.2319 0.0000
vt 0.1286 0.2319 0.0000
vt 0.1380 0.2319 0.0000
vt 0.1473 0.2319 0.0000
vt 0.1567 0.2319 0.0000
vt 0.1661 0.2319 0.0000
vt 0.1755 0.2319 0.0000
vt 0.1849 0.2319 0.0000
vt 0.1943 0.2319 0.0000
vt 0.2037 0.2319 0.0000
vt 0.2130 0.2319 0.0000
vt 0.2224 0.2319 0.0000
vt 0.2318 0.2319 0.0000
vt 0.2412 0.2319 0.0000
vt 0.2506 0.2319 0.0000
vt 0.2600 0.2319 0.0000
vt 0.2694 0.2319 0.0000
vt 0.2788 0.2319 0.0000
vt 0.2881 0.2319 0.0000
vt 0.2975 0.2319 0.0000
vt 0.3069 0.2319 0.0000
vt 0.3163 0.2319 0.0000
vt 0.3257 0.2319 0.0000
vt 0.0253 0.2131 0.0000
vt 0.0347 0.2131 0.0000
vt 0.0441 0.2131 0.0000
vt 0.0535 0.2131 0.0000
vt 0.0629 0.2131 0.0000
vt 0.0722 0.2131 0.0000
vt 0.0816 0.2131 0.0000
vt 0.0910 0.2131 0.0000
vt 0.1004 0.2131 0.0000
vt 0.1098 0.2131 0.0000
vt 0.1192 0.2131 0.0000
vt 0.1286 0.2131 0.0000
vt 0.1380 0.2131 0.0000
vt 0.1473 0.2131 0.0000
vt 0.1567 0.2131 0.0000
vt 0.1661 0.2131 0.0000
vt 0.1755 0.2131 0.0000
vt 0.1849 0.2131 0.0000
vt 0.1943 0.2131 0.0000
vt 0.2037 0.2131 0.0000
vt 0.2130 0.2131 0.0000
vt 0.2224 0.2131 0.0000
vt 0.2318 0.2131 0.0000
vt 0.2412 0.2131 0.0000
vt 0.2506 0.2131 0.0000
vt 0.2600 0.2131 0.0000
vt 0.2694 0.2131 0.0000
vt 0.2788 0.2131 0.0000
vt 0.2881 0.2131 0.0000
vt 0.2975 0.2131 0.0000
vt 0.3069 0.2131 0.0000
vt 0.3163 0.2131 0.0000
vt 0.3257 0.2131 0.0000
vt 0.0253 0.1943 0.0000
vt 0.0347 0.1943 0.0000
vt 0.0441 0.1943 0.0000
vt 0.0535 0.1943 0.0000
vt 0.0629 0.1943 0.0000
vt 0.0722 0.1943 0.0000
vt 0.0816 0.1943 0.0000
vt 0.0910 0.1943 0.0000
vt 0.1004 0.1943 0.0000
vt 0.1098 0.1943 0.0000
vt 0.1192 0.1943 0.0000
vt 0.1286 0.1943 0.0000
vt 0.1380 0.1943 0.0000
vt 0.1473 0.1943 0.0000
vt 0.1567 0.1943 0.0000
vt 0.1661 0.1943 0.0000
vt 0.1755 0.1943 0.0000
vt 0.1849 0.1943 0.0000
vt 0.1943 0.1943 0.0000
vt 0.2037 0.1943 0.0000
vt 0.2130 0.1943 0.0000
vt 0.2224 0.1943 0.0000
vt 0.2318 0.1943 0.0000
vt 0.2412 0.1943 0.0000
vt 0.2506 0.1943 0.0000
vt 0.2600 0.1943 0.0000
vt 0.2694 0.1943 0.0000
vt 0.2788 0.1943 0.0000
vt 0.2881 0.1943 0.0000
vt 0.2975 0.1943 0.0000
vt 0.3069 0.1943 0.0000
vt 0.3163 0.1943 0.0000
vt 0.3257 0.1943 0.0000
vt 0.0253 0.1756 0.0000
vt 0.0347 0.1756 0.0000
vt 0.0441 0.1756 0.0000
vt 0.0535 0.1756 0.0000
vt 0.0629 0.1756 0.0000
vt 0.0722 0.1756 0.0000
vt 0.0816 0.1756 0.0000
vt 0.0910 0.1756 0.0000
vt 0.1004 0.1756 0.0000
vt 0.1098 0.1756 0.0000
vt 0.1192 0.1756 0.0000
vt 0.1286 0.1756 0.0000
vt 0.1380 0.1756 0.0000
vt 0.1473 0.1756 0.0000
vt 0.1567 0.1756 0.0000
vt 0.1661 0.1756 0.0000
vt 0.1755 0.1756 0.0000
vt 0.1849 0.1756 0.0000
vt 0.1943 0.1756 0.0000
vt 0.2037 0.1756 0.0000
vt 0.2130 0.1756 0.0000
vt 0.2224 0.1756 0.0000
vt 0.2318 0.1756 0.0000
vt 0.2412 0.1756 0.0000
vt 0.2506 0.1756 0.0000
vt 0.2600 0.1756 0.0000
vt 0.2694 0.1756 0.0000
vt 0.2788 0.1756 0.0000
vt 0.2881 0.1756 0.0000
vt 0.2975 0.1756 0.0000
vt 0.3069 0.1756 0.0000
vt 0.3163 0.1756 0.0000
vt 0.3257 0.1756 0.0000
vt 0.0253 0.1568 0.0000
vt 0.0347 0.1568 0.0000
vt 0.0441 0.1568 0.0000
vt 0.0535 0.1568 0.0000
vt 0.0629 0.1568 0.0000
vt 0.0722 0.1568 0.0000
vt 0.0816 0.1568 0.0000
vt 0.0910 0.1568 0.0000
vt 0.1004 0.1568 0.0000
vt 0.1098 0.1568 0.0000
vt 0.1192 0.1568 0.0000
vt 0.1286 0.1568 0.0000
vt 0.1380 0.1568 0.0000
vt 0.1473 0.1568 0.0000
vt 0.1567 0.1568 0.0000
vt 0.1661 0.1568 0.0000
vt 0.1755 0.1568 0.0000
vt 0.1849 0.1568 0.0000
vt 0.1943 0.1568 0.0000
vt 0.2037 0.1568 0.0000
vt 0.2130 0.1568 0.0000
vt 0.2224 0.1568 0.0000
vt 0.2318 0.1568 0.0000
vt 0.2412 0.1568 0.0000
vt 0.2506 0.1568 0.0000
vt 0.2600 0.1568 0.0000
vt 0.2694 0.1568 0.0000
vt 0.2788 0.1568 0.0000
vt 0.2881 0.1568 0.0000
vt 0.2975 0.1568 0.0000
vt 0.3069 0.1568 0.0000
vt 0.3163 0.1568 0.0000
vt 0.3257 0.1568 0.0000
vt 0.0253 0.1380 0.0000
vt 0.0347 0.1380 0.0000
vt 0.0441 0.1380 0.0000
vt 0.0535 0.1380 0.0000
vt 0.0629 0.1380 0.0000
vt 0.0722 0.1380 0.0000
vt 0.0816 0.1380 0.0000
vt 0.0910 0.1380 0.0000
vt 0.1004 0.1380 0.0000
vt 0.1098 0.1380 0.0000
vt 0.1192 0.1380 0.0000
vt 0.1286 0.1380 0.0000
vt 0.1380 0.1380 0.0000
vt 0.1473 0.1380 0.0000
vt 0.1567 0.1380 0.0000
vt 0.1661 0.1380 0.0000
vt 0.1755 0.1380 0.0000
vt 0.1849 0.1380 0.0000
vt 0.1943 0.1380 0.0000
vt 0.2037 0.1380 0.0000
vt 0.2130 0.1380 0.0000
vt 0.2224 0.1380 0.0000
vt 0.2318 0.1380 0.0000
vt 0.2412 0.1380 0.0000
vt 0.2506 0.1380 0.0000
vt 0.2600 0.1380 0.0000
vt 0.2694 0.1380 0.0000
vt 0.2788 0.1380 0.0000
vt 0.2881 0.1380 0.0000
vt 0.2975 0.1380 0.0000
vt 0.3069 0.1380 0.0000
vt 0.3163 0.1380 0.0000
vt 0.3257 0.1380 0.0000
vt 0.0253 0.1192 0.0000
vt 0.0347 0.1192 0.0000
vt 0.0441 0.1192 0.0000
vt 0.0535 0.1192 0.0000
vt 0.0629 0.1192 0.0000
vt 0.0722 0.1192 0.0000
vt 0.0816 0.1192 0.0000
vt 0.0910 0.1192 0.0000
vt 0.1004 0.1192 0.0000
vt 0.1098 0.1192 0.0000
vt 0.1192 0.1192 0.0000
vt 0.1286 0.1192 0.0000
vt 0.1380 0.1192 0.0000
vt 0.1473 0.1192 0.0000
vt 0.1567 0.1192 0.0000
vt 0.1661 0.1192 0.0000
vt 0.1755 0.1192 0.0000
vt 0.1849 0.1192 0.0000
vt 0.1943 0.1192 0.0000
vt 0.2037 0.1192 0.0000
vt 0.2130 0.1192 0.0000
vt 0.2224 0.1192 0.0000
vt 0.2318 0.1192 0.0000
vt 0.2412 0.1192 0.0000
vt 0.2506 0.1192 0.0000
vt 0.2600 0.1192 0.0000
vt 0.2694 0.1192 0.0000
vt 0.2788 0.1192 0.0000
vt 0.2881 0.1192 0.0000
vt 0.2975 0.1192 0.0000
vt 0.3069 0.1192 0.0000
vt 0.3163 0.1192 0.0000
vt 0.3257 0.1192 0.0000
vt 0.0253 0.1005 0.0000
vt 0.0347 0.1005 0.0000
vt 0.0441 0.1005 0.0000
vt 0.0535 0.1005 0.0000
vt 0.0629 0.1005 0.0000
vt 0.0722 0.1005 0.0000
vt 0.0816 0.1005 0.0000
vt 0.0910 0.1005 0.0000
vt 0.1004 0.1005 0.0000
vt 0.1098 0.1005 0.0000
vt 0.1192 0.1005 0.0000
vt 0.1286 0.1005 0.0000
vt 0.1380 0.1005 0.0000
vt 0.1473 0.1005 0.0000
vt 0.1567 0.1005 0.0000
vt 0.1661 0.1005 0.0000
vt 0.1755 0.1005 0.0000
vt 0.1849 0.1005 0.0000
vt 0.1943 0.1005 0.0000
vt 0.2037 0.1005 0.0000
vt 0.2130 0.1005 0.0000
vt 0.2224 0.1005 0.0000
vt 0.2318 0.1005 0.0000
vt 0.2412 0.1005 0.0000
vt 0.2506 0.1005 0.0000
vt 0.2600 0.1005 0.0000
vt 0.2694 0.1005 0.0000
vt 0.2788 0.1005 0.0000
vt 0.2881 0.1005 0.0000
vt 0.2975 0.1005 0.0000
vt 0.3069 0.1005 0.0000
vt 0.3163 0.1005 0.0000
vt 0.3257 0.1005 0.0000
vt 0.0253 0.0817 0.0000
vt 0.0347 0.0817 0.0000
vt 0.0441 0.0817 0.0000
vt 0.0535 0.0817 0.0000
vt 0.0629 0.0817 0.0000
vt 0.0722 0.0817 0.0000
vt 0.0816 0.0817 0.0000
vt 0.0910 0.0817 0.0000
vt 0.1004 0.0817 0.0000
vt 0.1098 0.0817 0.0000
vt 0.1192 0.0817 0.0000
vt 0.1286 0.0817 0.0000
vt 0.1380 0.0817 0.0000
vt 0.1473 0.0817 0.0000
vt 0.1567 0.0817 0.0000
vt 0.1661 0.0817 0.0000
vt 0.1755 0.0817 0.0000
vt 0.1849 0.0817 0.0000
vt 0.1943 0.0817 0.0000
vt 0.2037 0.0817 0.0000
vt 0.2130 0.0817 0.0000
vt 0.2224 0.0817 0.0000
vt 0.2318 0.0817 0.0000
vt 0.2412 0.0817 0.0000
vt 0.2506 0.0817 0.0000
vt 0.2600 0.0817 0.0000
vt 0.2694 0.0817 0.0000
vt 0.2788 0.0817 0.0000
vt 0.2881 0.0817 0.0000
vt 0.2975 0.0817 0.0000
vt 0.3069 0.0817 0.0000
vt 0.3163 0.0817 0.0000
vt 0.3257 0.0817 0.0000
vt 0.0253 0.0629 0.0000
vt 0.0347 0.0629 0.0000
vt 0.0441 0.0629 0.0000
vt 0.0535 0.0629 0.0000
vt 0.0629 0.0629 0.0000
vt 0.0722 0.0629 0.0000
vt 0.0816 0.0629 0.0000
vt 0.0910 0.0629 0.0000
vt 0.1004 0.0629 0.0000
vt 0.1098 0.0629 0.0000
vt 0.1192 0.0629 0.0000
vt 0.1286 0.0629 0.0000
vt 0.1380 0.0629 0.0000
vt 0.1473 0.0629 0.0000
vt 0.1567 0.0629 0.0000
vt 0.1661 0.0629 0.0000
vt 0.1755 0.0629 0.0000
vt 0.1849 0.0629 0.0000
vt 0.1943 0.0629 0.0000
vt 0.2037 0.0629 0.0000
vt 0.2130 0.0629 0.0000
vt 0.2224 0.0629 0.0000
vt 0.2318 0.0629 0.0000
vt 0.2412 0.0629 0.0000
vt 0.2506 0.0629 0.0000
vt 0.2600 0.0629 0.0000
vt 0.2694 0.0629 0.0000
vt 0.2788 0.0629 0.0000
vt 0.2881 0.0629 0.0000
vt 0.2975 0.0629 0.0000
vt 0.3069 0.0629 0.0000
vt 0.3163 0.0629 0.0000
vt 0.3257 0.0629 0.0000
vt 0.0253 0.0441 0.0000
vt 0.0347 0.0441 0.0000
vt 0.0441 0.0441 0.0000
vt 0.0535 0.0441 0.0000
vt 0.0629 0.0441 0.0000
vt 0.0722 0.0441 0.0000
vt 0.0816 0.0441 0.0000
vt 0.0910 0.0441 0.0000
vt 0.1004 0.0441 0.0000
vt 0.1098 0.0441 0.0000
vt 0.1192 0.0441 0.0000
vt 0.1286 0.0441 0.0000
vt 0.1380 0.0441 0.0000
vt 0.1473 0.0441 0.0000
vt 0.1567 0.0441 0.0000
vt 0.1661 0.0441 0.0000
vt 0.1755 0.0441 0.0000
vt 0.1849 0.0441 0.0000
vt 0.1943 0.0441 0.0000
vt 0.2037 0.0441 0.0000
vt 0.2130 0.0441 0.0000
vt 0.2224 0.0441 0.0000
vt 0.2318 0.0441 0.0000
vt 0.2412 0.0441 0.0000
vt 0.2506 0.0441 0.0000
vt 0.2600 0.0441 0.0000
vt 0.2694 0.0441 0.0000
vt 0.2788 0.0441 0.0000
vt 0.2881 0.0441 0.0000
vt 0.2975 0.0441 0.0000
vt 0.3069 0.0441 0.0000
vt 0.3163 0.0441 0.0000
vt 0.3257 0.0441 0.0000
vt 0.0253 0.0254 0.0000
vt 0.0347 0.0254 0.0000
vt 0.0441 0.0254 0.0000
vt 0.0535 0.0254 0.0000
vt 0.0629 0.0254 0.0000
vt 0.0722 0.0254 0.0000
vt 0.0816 0.0254 0.0000
vt 0.0910 0.0254 0.0000
vt 0.1004 0.0254 0.0000
vt 0.1098 0.0254 0.0000
vt 0.1192 0.0254 0.0000
vt 0.1286 0.0254 0.0000
vt 0.1380 0.0254 0.0000
vt 0.1473 0.0254 0.0000
vt 0.1567 0.0254 0.0000
vt 0.1661 0.0254 0.0000
vt 0.1755 0.0254 0.0000
vt 0.1849 0.0254 0.0000
vt 0.1943 0.0254 0.0000
vt 0.2037 0.0254 0.0000
vt 0.2130 0.0254 0.0000
vt 0.2224 0.0254 0.0000
vt 0.2318 0.0254 0.0000
vt 0.2412 0.0254 0.0000
vt 0.2506 0.0254 0.0000
vt 0.2600 0.0254 0.0000
vt 0.2694 0.0254 0.0000
vt 0.2788 0.0254 0.0000
vt 0.2881 0.0254 0.0000
vt 0.2975 0.0254 0.0000
vt 0.3069 0.0254 0.0000
vt 0.3163 0.0254 0.0000
# 559 texture coords

o Obj3d66_9130953_2_811
g Obj3d66_9130953_2_811
usemtl Mat3d66_9130953_1_82527
f -482/-559/-482 -481/-558/-481 -480/-557/-480 
f -482/-559/-482 -480/-557/-480 -479/-556/-479 
f -482/-559/-482 -479/-556/-479 -478/-555/-478 
f -482/-559/-482 -478/-555/-478 -477/-554/-477 
f -482/-559/-482 -477/-554/-477 -476/-553/-476 
f -482/-559/-482 -476/-553/-476 -475/-552/-475 
f -482/-559/-482 -475/-552/-475 -474/-551/-474 
f -482/-559/-482 -474/-551/-474 -473/-550/-473 
f -482/-559/-482 -473/-550/-473 -472/-549/-472 
f -482/-559/-482 -472/-549/-472 -471/-548/-471 
f -482/-559/-482 -471/-548/-471 -470/-547/-470 
f -482/-559/-482 -470/-547/-470 -469/-546/-469 
f -482/-559/-482 -469/-546/-469 -468/-545/-468 
f -482/-559/-482 -468/-545/-468 -467/-544/-467 
f -482/-559/-482 -467/-544/-467 -466/-543/-466 
f -482/-559/-482 -466/-543/-466 -465/-542/-465 
f -482/-559/-482 -465/-542/-465 -464/-541/-464 
f -482/-559/-482 -464/-541/-464 -463/-540/-463 
f -482/-559/-482 -463/-540/-463 -462/-539/-462 
f -482/-559/-482 -462/-539/-462 -461/-538/-461 
f -482/-559/-482 -461/-538/-461 -460/-537/-460 
f -482/-559/-482 -460/-537/-460 -459/-536/-459 
f -482/-559/-482 -459/-536/-459 -458/-535/-458 
f -482/-559/-482 -458/-535/-458 -457/-534/-457 
f -482/-559/-482 -457/-534/-457 -456/-533/-456 
f -482/-559/-482 -456/-533/-456 -455/-532/-455 
f -482/-559/-482 -455/-532/-455 -454/-531/-454 
f -482/-559/-482 -454/-531/-454 -453/-530/-453 
f -482/-559/-482 -453/-530/-453 -452/-529/-452 
f -482/-559/-482 -452/-529/-452 -451/-528/-451 
f -482/-559/-482 -451/-528/-451 -450/-527/-450 
f -482/-559/-482 -450/-527/-450 -481/-558/-481 
f -481/-558/-481 -449/-526/-449 -448/-525/-448 -480/-557/-480 
f -480/-557/-480 -448/-525/-448 -447/-524/-447 -479/-556/-479 
f -479/-556/-479 -447/-524/-447 -446/-523/-446 -478/-555/-478 
f -478/-555/-478 -446/-523/-446 -445/-522/-445 -477/-554/-477 
f -477/-554/-477 -445/-522/-445 -444/-521/-444 -476/-553/-476 
f -476/-553/-476 -444/-521/-444 -443/-520/-443 -475/-552/-475 
f -475/-552/-475 -443/-520/-443 -442/-519/-442 -474/-551/-474 
f -474/-551/-474 -442/-519/-442 -441/-518/-441 -473/-550/-473 
f -473/-550/-473 -441/-518/-441 -440/-517/-440 -472/-549/-472 
f -472/-549/-472 -440/-517/-440 -439/-516/-439 -471/-548/-471 
f -471/-548/-471 -439/-516/-439 -438/-515/-438 -470/-547/-470 
f -470/-547/-470 -438/-515/-438 -437/-514/-437 -469/-546/-469 
f -469/-546/-469 -437/-514/-437 -436/-513/-436 -468/-545/-468 
f -468/-545/-468 -436/-513/-436 -435/-512/-435 -467/-544/-467 
f -467/-544/-467 -435/-512/-435 -434/-511/-434 -466/-543/-466 
f -466/-543/-466 -434/-511/-434 -433/-510/-433 -465/-542/-465 
f -465/-542/-465 -433/-510/-433 -432/-509/-432 -464/-541/-464 
f -464/-541/-464 -432/-509/-432 -431/-508/-431 -463/-540/-463 
f -463/-540/-463 -431/-508/-431 -430/-507/-430 -462/-539/-462 
f -462/-539/-462 -430/-507/-430 -429/-506/-429 -461/-538/-461 
f -461/-538/-461 -429/-506/-429 -428/-505/-428 -460/-537/-460 
f -460/-537/-460 -428/-505/-428 -427/-504/-427 -459/-536/-459 
f -459/-536/-459 -427/-504/-427 -426/-503/-426 -458/-535/-458 
f -458/-535/-458 -426/-503/-426 -425/-502/-425 -457/-534/-457 
f -457/-534/-457 -425/-502/-425 -424/-501/-424 -456/-533/-456 
f -456/-533/-456 -424/-501/-424 -423/-500/-423 -455/-532/-455 
f -455/-532/-455 -423/-500/-423 -422/-499/-422 -454/-531/-454 
f -454/-531/-454 -422/-499/-422 -421/-498/-421 -453/-530/-453 
f -453/-530/-453 -421/-498/-421 -420/-497/-420 -452/-529/-452 
f -452/-529/-452 -420/-497/-420 -419/-496/-419 -451/-528/-451 
f -451/-528/-451 -419/-496/-419 -418/-495/-418 -450/-527/-450 
f -450/-527/-450 -418/-495/-418 -449/-526/-449 -481/-558/-481 
f -449/-494/-449 -417/-493/-417 -416/-492/-416 -448/-491/-448 
f -448/-491/-448 -416/-492/-416 -415/-490/-415 -447/-489/-447 
f -447/-489/-447 -415/-490/-415 -414/-488/-414 -446/-487/-446 
f -446/-487/-446 -414/-488/-414 -413/-486/-413 -445/-485/-445 
f -445/-485/-445 -413/-486/-413 -412/-484/-412 -444/-483/-444 
f -444/-483/-444 -412/-484/-412 -411/-482/-411 -443/-481/-443 
f -443/-481/-443 -411/-482/-411 -410/-480/-410 -442/-479/-442 
f -442/-479/-442 -410/-480/-410 -409/-478/-409 -441/-477/-441 
f -441/-477/-441 -409/-478/-409 -408/-476/-408 -440/-475/-440 
f -440/-475/-440 -408/-476/-408 -407/-474/-407 -439/-473/-439 
f -439/-473/-439 -407/-474/-407 -406/-472/-406 -438/-471/-438 
f -438/-471/-438 -406/-472/-406 -405/-470/-405 -437/-469/-437 
f -437/-469/-437 -405/-470/-405 -404/-468/-404 -436/-467/-436 
f -436/-467/-436 -404/-468/-404 -403/-466/-403 -435/-465/-435 
f -435/-465/-435 -403/-466/-403 -402/-464/-402 -434/-463/-434 
f -434/-463/-434 -402/-464/-402 -401/-462/-401 -433/-461/-433 
f -433/-461/-433 -401/-462/-401 -400/-460/-400 -432/-459/-432 
f -432/-459/-432 -400/-460/-400 -399/-458/-399 -431/-457/-431 
f -431/-457/-431 -399/-458/-399 -398/-456/-398 -430/-455/-430 
f -430/-455/-430 -398/-456/-398 -397/-454/-397 -429/-453/-429 
f -429/-453/-429 -397/-454/-397 -396/-452/-396 -428/-451/-428 
f -428/-451/-428 -396/-452/-396 -395/-450/-395 -427/-449/-427 
f -427/-449/-427 -395/-450/-395 -394/-448/-394 -426/-447/-426 
f -426/-447/-426 -394/-448/-394 -393/-446/-393 -425/-445/-425 
f -425/-445/-425 -393/-446/-393 -392/-444/-392 -424/-443/-424 
f -424/-443/-424 -392/-444/-392 -391/-442/-391 -423/-441/-423 
f -423/-441/-423 -391/-442/-391 -390/-440/-390 -422/-439/-422 
f -422/-439/-422 -390/-440/-390 -389/-438/-389 -421/-437/-421 
f -421/-437/-421 -389/-438/-389 -388/-436/-388 -420/-435/-420 
f -420/-435/-420 -388/-436/-388 -387/-434/-387 -419/-433/-419 
f -419/-433/-419 -387/-434/-387 -386/-432/-386 -418/-431/-418 
f -418/-431/-418 -386/-432/-386 -417/-430/-417 -449/-429/-449 
f -417/-493/-417 -385/-428/-385 -384/-427/-384 -416/-492/-416 
f -416/-492/-416 -384/-427/-384 -383/-426/-383 -415/-490/-415 
f -415/-490/-415 -383/-426/-383 -382/-425/-382 -414/-488/-414 
f -414/-488/-414 -382/-425/-382 -381/-424/-381 -413/-486/-413 
f -413/-486/-413 -381/-424/-381 -380/-423/-380 -412/-484/-412 
f -412/-484/-412 -380/-423/-380 -379/-422/-379 -411/-482/-411 
f -411/-482/-411 -379/-422/-379 -378/-421/-378 -410/-480/-410 
f -410/-480/-410 -378/-421/-378 -377/-420/-377 -409/-478/-409 
f -409/-478/-409 -377/-420/-377 -376/-419/-376 -408/-476/-408 
f -408/-476/-408 -376/-419/-376 -375/-418/-375 -407/-474/-407 
f -407/-474/-407 -375/-418/-375 -374/-417/-374 -406/-472/-406 
f -406/-472/-406 -374/-417/-374 -373/-416/-373 -405/-470/-405 
f -405/-470/-405 -373/-416/-373 -372/-415/-372 -404/-468/-404 
f -404/-468/-404 -372/-415/-372 -371/-414/-371 -403/-466/-403 
f -403/-466/-403 -371/-414/-371 -370/-413/-370 -402/-464/-402 
f -402/-464/-402 -370/-413/-370 -369/-412/-369 -401/-462/-401 
f -401/-462/-401 -369/-412/-369 -368/-411/-368 -400/-460/-400 
f -400/-460/-400 -368/-411/-368 -367/-410/-367 -399/-458/-399 
f -399/-458/-399 -367/-410/-367 -366/-409/-366 -398/-456/-398 
f -398/-456/-398 -366/-409/-366 -365/-408/-365 -397/-454/-397 
f -397/-454/-397 -365/-408/-365 -364/-407/-364 -396/-452/-396 
f -396/-452/-396 -364/-407/-364 -363/-406/-363 -395/-450/-395 
f -395/-450/-395 -363/-406/-363 -362/-405/-362 -394/-448/-394 
f -394/-448/-394 -362/-405/-362 -361/-404/-361 -393/-446/-393 
f -393/-446/-393 -361/-404/-361 -360/-403/-360 -392/-444/-392 
f -392/-444/-392 -360/-403/-360 -359/-402/-359 -391/-442/-391 
f -391/-442/-391 -359/-402/-359 -358/-401/-358 -390/-440/-390 
f -390/-440/-390 -358/-401/-358 -357/-400/-357 -389/-438/-389 
f -389/-438/-389 -357/-400/-357 -356/-399/-356 -388/-436/-388 
f -388/-436/-388 -356/-399/-356 -355/-398/-355 -387/-434/-387 
f -387/-434/-387 -355/-398/-355 -354/-397/-354 -386/-432/-386 
f -386/-432/-386 -354/-397/-354 -385/-396/-385 -417/-430/-417 
f -385/-428/-385 -353/-395/-353 -352/-394/-352 -384/-427/-384 
f -384/-427/-384 -352/-394/-352 -351/-393/-351 -383/-426/-383 
f -383/-426/-383 -351/-393/-351 -350/-392/-350 -382/-425/-382 
f -382/-425/-382 -350/-392/-350 -349/-391/-349 -381/-424/-381 
f -381/-424/-381 -349/-391/-349 -348/-390/-348 -380/-423/-380 
f -380/-423/-380 -348/-390/-348 -347/-389/-347 -379/-422/-379 
f -379/-422/-379 -347/-389/-347 -346/-388/-346 -378/-421/-378 
f -378/-421/-378 -346/-388/-346 -345/-387/-345 -377/-420/-377 
f -377/-420/-377 -345/-387/-345 -344/-386/-344 -376/-419/-376 
f -376/-419/-376 -344/-386/-344 -343/-385/-343 -375/-418/-375 
f -375/-418/-375 -343/-385/-343 -342/-384/-342 -374/-417/-374 
f -374/-417/-374 -342/-384/-342 -341/-383/-341 -373/-416/-373 
f -373/-416/-373 -341/-383/-341 -340/-382/-340 -372/-415/-372 
f -372/-415/-372 -340/-382/-340 -339/-381/-339 -371/-414/-371 
f -371/-414/-371 -339/-381/-339 -338/-380/-338 -370/-413/-370 
f -370/-413/-370 -338/-380/-338 -337/-379/-337 -369/-412/-369 
f -369/-412/-369 -337/-379/-337 -336/-378/-336 -368/-411/-368 
f -368/-411/-368 -336/-378/-336 -335/-377/-335 -367/-410/-367 
f -367/-410/-367 -335/-377/-335 -334/-376/-334 -366/-409/-366 
f -366/-409/-366 -334/-376/-334 -333/-375/-333 -365/-408/-365 
f -365/-408/-365 -333/-375/-333 -332/-374/-332 -364/-407/-364 
f -364/-407/-364 -332/-374/-332 -331/-373/-331 -363/-406/-363 
f -363/-406/-363 -331/-373/-331 -330/-372/-330 -362/-405/-362 
f -362/-405/-362 -330/-372/-330 -329/-371/-329 -361/-404/-361 
f -361/-404/-361 -329/-371/-329 -328/-370/-328 -360/-403/-360 
f -360/-403/-360 -328/-370/-328 -327/-369/-327 -359/-402/-359 
f -359/-402/-359 -327/-369/-327 -326/-368/-326 -358/-401/-358 
f -358/-401/-358 -326/-368/-326 -325/-367/-325 -357/-400/-357 
f -357/-400/-357 -325/-367/-325 -324/-366/-324 -356/-399/-356 
f -356/-399/-356 -324/-366/-324 -323/-365/-323 -355/-398/-355 
f -355/-398/-355 -323/-365/-323 -322/-364/-322 -354/-397/-354 
f -354/-397/-354 -322/-364/-322 -353/-363/-353 -385/-396/-385 
f -353/-395/-353 -321/-362/-321 -320/-361/-320 -352/-394/-352 
f -352/-394/-352 -320/-361/-320 -319/-360/-319 -351/-393/-351 
f -351/-393/-351 -319/-360/-319 -318/-359/-318 -350/-392/-350 
f -350/-392/-350 -318/-359/-318 -317/-358/-317 -349/-391/-349 
f -349/-391/-349 -317/-358/-317 -316/-357/-316 -348/-390/-348 
f -348/-390/-348 -316/-357/-316 -315/-356/-315 -347/-389/-347 
f -347/-389/-347 -315/-356/-315 -314/-355/-314 -346/-388/-346 
f -346/-388/-346 -314/-355/-314 -313/-354/-313 -345/-387/-345 
f -345/-387/-345 -313/-354/-313 -312/-353/-312 -344/-386/-344 
f -344/-386/-344 -312/-353/-312 -311/-352/-311 -343/-385/-343 
f -343/-385/-343 -311/-352/-311 -310/-351/-310 -342/-384/-342 
f -342/-384/-342 -310/-351/-310 -309/-350/-309 -341/-383/-341 
f -341/-383/-341 -309/-350/-309 -308/-349/-308 -340/-382/-340 
f -340/-382/-340 -308/-349/-308 -307/-348/-307 -339/-381/-339 
f -339/-381/-339 -307/-348/-307 -306/-347/-306 -338/-380/-338 
f -338/-380/-338 -306/-347/-306 -305/-346/-305 -337/-379/-337 
f -337/-379/-337 -305/-346/-305 -304/-345/-304 -336/-378/-336 
f -336/-378/-336 -304/-345/-304 -303/-344/-303 -335/-377/-335 
f -335/-377/-335 -303/-344/-303 -302/-343/-302 -334/-376/-334 
f -334/-376/-334 -302/-343/-302 -301/-342/-301 -333/-375/-333 
f -333/-375/-333 -301/-342/-301 -300/-341/-300 -332/-374/-332 
f -332/-374/-332 -300/-341/-300 -299/-340/-299 -331/-373/-331 
f -331/-373/-331 -299/-340/-299 -298/-339/-298 -330/-372/-330 
f -330/-372/-330 -298/-339/-298 -297/-338/-297 -329/-371/-329 
f -329/-371/-329 -297/-338/-297 -296/-337/-296 -328/-370/-328 
f -328/-370/-328 -296/-337/-296 -295/-336/-295 -327/-369/-327 
f -327/-369/-327 -295/-336/-295 -294/-335/-294 -326/-368/-326 
f -326/-368/-326 -294/-335/-294 -293/-334/-293 -325/-367/-325 
f -325/-367/-325 -293/-334/-293 -292/-333/-292 -324/-366/-324 
f -324/-366/-324 -292/-333/-292 -291/-332/-291 -323/-365/-323 
f -323/-365/-323 -291/-332/-291 -290/-331/-290 -322/-364/-322 
f -322/-364/-322 -290/-331/-290 -321/-330/-321 -353/-363/-353 
f -321/-362/-321 -289/-329/-289 -288/-328/-288 -320/-361/-320 
f -320/-361/-320 -288/-328/-288 -287/-327/-287 -319/-360/-319 
f -319/-360/-319 -287/-327/-287 -286/-326/-286 -318/-359/-318 
f -318/-359/-318 -286/-326/-286 -285/-325/-285 -317/-358/-317 
f -317/-358/-317 -285/-325/-285 -284/-324/-284 -316/-357/-316 
f -316/-357/-316 -284/-324/-284 -283/-323/-283 -315/-356/-315 
f -315/-356/-315 -283/-323/-283 -282/-322/-282 -314/-355/-314 
f -314/-355/-314 -282/-322/-282 -281/-321/-281 -313/-354/-313 
f -313/-354/-313 -281/-321/-281 -280/-320/-280 -312/-353/-312 
f -312/-353/-312 -280/-320/-280 -279/-319/-279 -311/-352/-311 
f -311/-352/-311 -279/-319/-279 -278/-318/-278 -310/-351/-310 
f -310/-351/-310 -278/-318/-278 -277/-317/-277 -309/-350/-309 
f -309/-350/-309 -277/-317/-277 -276/-316/-276 -308/-349/-308 
f -308/-349/-308 -276/-316/-276 -275/-315/-275 -307/-348/-307 
f -307/-348/-307 -275/-315/-275 -274/-314/-274 -306/-347/-306 
f -306/-347/-306 -274/-314/-274 -273/-313/-273 -305/-346/-305 
f -305/-346/-305 -273/-313/-273 -272/-312/-272 -304/-345/-304 
f -304/-345/-304 -272/-312/-272 -271/-311/-271 -303/-344/-303 
f -303/-344/-303 -271/-311/-271 -270/-310/-270 -302/-343/-302 
f -302/-343/-302 -270/-310/-270 -269/-309/-269 -301/-342/-301 
f -301/-342/-301 -269/-309/-269 -268/-308/-268 -300/-341/-300 
f -300/-341/-300 -268/-308/-268 -267/-307/-267 -299/-340/-299 
f -299/-340/-299 -267/-307/-267 -266/-306/-266 -298/-339/-298 
f -298/-339/-298 -266/-306/-266 -265/-305/-265 -297/-338/-297 
f -297/-338/-297 -265/-305/-265 -264/-304/-264 -296/-337/-296 
f -296/-337/-296 -264/-304/-264 -263/-303/-263 -295/-336/-295 
f -295/-336/-295 -263/-303/-263 -262/-302/-262 -294/-335/-294 
f -294/-335/-294 -262/-302/-262 -261/-301/-261 -293/-334/-293 
f -293/-334/-293 -261/-301/-261 -260/-300/-260 -292/-333/-292 
f -292/-333/-292 -260/-300/-260 -259/-299/-259 -291/-332/-291 
f -291/-332/-291 -259/-299/-259 -258/-298/-258 -290/-331/-290 
f -290/-331/-290 -258/-298/-258 -289/-297/-289 -321/-330/-321 
f -289/-329/-289 -257/-296/-257 -256/-295/-256 -288/-328/-288 
f -288/-328/-288 -256/-295/-256 -255/-294/-255 -287/-327/-287 
f -287/-327/-287 -255/-294/-255 -254/-293/-254 -286/-326/-286 
f -286/-326/-286 -254/-293/-254 -253/-292/-253 -285/-325/-285 
f -285/-325/-285 -253/-292/-253 -252/-291/-252 -284/-324/-284 
f -284/-324/-284 -252/-291/-252 -251/-290/-251 -283/-323/-283 
f -283/-323/-283 -251/-290/-251 -250/-289/-250 -282/-322/-282 
f -282/-322/-282 -250/-289/-250 -249/-288/-249 -281/-321/-281 
f -281/-321/-281 -249/-288/-249 -248/-287/-248 -280/-320/-280 
f -280/-320/-280 -248/-287/-248 -247/-286/-247 -279/-319/-279 
f -279/-319/-279 -247/-286/-247 -246/-285/-246 -278/-318/-278 
f -278/-318/-278 -246/-285/-246 -245/-284/-245 -277/-317/-277 
f -277/-317/-277 -245/-284/-245 -244/-283/-244 -276/-316/-276 
f -276/-316/-276 -244/-283/-244 -243/-282/-243 -275/-315/-275 
f -275/-315/-275 -243/-282/-243 -242/-281/-242 -274/-314/-274 
f -274/-314/-274 -242/-281/-242 -241/-280/-241 -273/-313/-273 
f -273/-313/-273 -241/-280/-241 -240/-279/-240 -272/-312/-272 
f -272/-312/-272 -240/-279/-240 -239/-278/-239 -271/-311/-271 
f -271/-311/-271 -239/-278/-239 -238/-277/-238 -270/-310/-270 
f -270/-310/-270 -238/-277/-238 -237/-276/-237 -269/-309/-269 
f -269/-309/-269 -237/-276/-237 -236/-275/-236 -268/-308/-268 
f -268/-308/-268 -236/-275/-236 -235/-274/-235 -267/-307/-267 
f -267/-307/-267 -235/-274/-235 -234/-273/-234 -266/-306/-266 
f -266/-306/-266 -234/-273/-234 -233/-272/-233 -265/-305/-265 
f -265/-305/-265 -233/-272/-233 -232/-271/-232 -264/-304/-264 
f -264/-304/-264 -232/-271/-232 -231/-270/-231 -263/-303/-263 
f -263/-303/-263 -231/-270/-231 -230/-269/-230 -262/-302/-262 
f -262/-302/-262 -230/-269/-230 -229/-268/-229 -261/-301/-261 
f -261/-301/-261 -229/-268/-229 -228/-267/-228 -260/-300/-260 
f -260/-300/-260 -228/-267/-228 -227/-266/-227 -259/-299/-259 
f -259/-299/-259 -227/-266/-227 -226/-265/-226 -258/-298/-258 
f -258/-298/-258 -226/-265/-226 -257/-264/-257 -289/-297/-289 
f -257/-296/-257 -225/-263/-225 -224/-262/-224 -256/-295/-256 
f -256/-295/-256 -224/-262/-224 -223/-261/-223 -255/-294/-255 
f -255/-294/-255 -223/-261/-223 -222/-260/-222 -254/-293/-254 
f -254/-293/-254 -222/-260/-222 -221/-259/-221 -253/-292/-253 
f -253/-292/-253 -221/-259/-221 -220/-258/-220 -252/-291/-252 
f -252/-291/-252 -220/-258/-220 -219/-257/-219 -251/-290/-251 
f -251/-290/-251 -219/-257/-219 -218/-256/-218 -250/-289/-250 
f -250/-289/-250 -218/-256/-218 -217/-255/-217 -249/-288/-249 
f -249/-288/-249 -217/-255/-217 -216/-254/-216 -248/-287/-248 
f -248/-287/-248 -216/-254/-216 -215/-253/-215 -247/-286/-247 
f -247/-286/-247 -215/-253/-215 -214/-252/-214 -246/-285/-246 
f -246/-285/-246 -214/-252/-214 -213/-251/-213 -245/-284/-245 
f -245/-284/-245 -213/-251/-213 -212/-250/-212 -244/-283/-244 
f -244/-283/-244 -212/-250/-212 -211/-249/-211 -243/-282/-243 
f -243/-282/-243 -211/-249/-211 -210/-248/-210 -242/-281/-242 
f -242/-281/-242 -210/-248/-210 -209/-247/-209 -241/-280/-241 
f -241/-280/-241 -209/-247/-209 -208/-246/-208 -240/-279/-240 
f -240/-279/-240 -208/-246/-208 -207/-245/-207 -239/-278/-239 
f -239/-278/-239 -207/-245/-207 -206/-244/-206 -238/-277/-238 
f -238/-277/-238 -206/-244/-206 -205/-243/-205 -237/-276/-237 
f -237/-276/-237 -205/-243/-205 -204/-242/-204 -236/-275/-236 
f -236/-275/-236 -204/-242/-204 -203/-241/-203 -235/-274/-235 
f -235/-274/-235 -203/-241/-203 -202/-240/-202 -234/-273/-234 
f -234/-273/-234 -202/-240/-202 -201/-239/-201 -233/-272/-233 
f -233/-272/-233 -201/-239/-201 -200/-238/-200 -232/-271/-232 
f -232/-271/-232 -200/-238/-200 -199/-237/-199 -231/-270/-231 
f -231/-270/-231 -199/-237/-199 -198/-236/-198 -230/-269/-230 
f -230/-269/-230 -198/-236/-198 -197/-235/-197 -229/-268/-229 
f -229/-268/-229 -197/-235/-197 -196/-234/-196 -228/-267/-228 
f -228/-267/-228 -196/-234/-196 -195/-233/-195 -227/-266/-227 
f -227/-266/-227 -195/-233/-195 -194/-232/-194 -226/-265/-226 
f -226/-265/-226 -194/-232/-194 -225/-231/-225 -257/-264/-257 
f -225/-263/-225 -193/-230/-193 -192/-229/-192 -224/-262/-224 
f -224/-262/-224 -192/-229/-192 -191/-228/-191 -223/-261/-223 
f -223/-261/-223 -191/-228/-191 -190/-227/-190 -222/-260/-222 
f -222/-260/-222 -190/-227/-190 -189/-226/-189 -221/-259/-221 
f -221/-259/-221 -189/-226/-189 -188/-225/-188 -220/-258/-220 
f -220/-258/-220 -188/-225/-188 -187/-224/-187 -219/-257/-219 
f -219/-257/-219 -187/-224/-187 -186/-223/-186 -218/-256/-218 
f -218/-256/-218 -186/-223/-186 -185/-222/-185 -217/-255/-217 
f -217/-255/-217 -185/-222/-185 -184/-221/-184 -216/-254/-216 
f -216/-254/-216 -184/-221/-184 -183/-220/-183 -215/-253/-215 
f -215/-253/-215 -183/-220/-183 -182/-219/-182 -214/-252/-214 
f -214/-252/-214 -182/-219/-182 -181/-218/-181 -213/-251/-213 
f -213/-251/-213 -181/-218/-181 -180/-217/-180 -212/-250/-212 
f -212/-250/-212 -180/-217/-180 -179/-216/-179 -211/-249/-211 
f -211/-249/-211 -179/-216/-179 -178/-215/-178 -210/-248/-210 
f -210/-248/-210 -178/-215/-178 -177/-214/-177 -209/-247/-209 
f -209/-247/-209 -177/-214/-177 -176/-213/-176 -208/-246/-208 
f -208/-246/-208 -176/-213/-176 -175/-212/-175 -207/-245/-207 
f -207/-245/-207 -175/-212/-175 -174/-211/-174 -206/-244/-206 
f -206/-244/-206 -174/-211/-174 -173/-210/-173 -205/-243/-205 
f -205/-243/-205 -173/-210/-173 -172/-209/-172 -204/-242/-204 
f -204/-242/-204 -172/-209/-172 -171/-208/-171 -203/-241/-203 
f -203/-241/-203 -171/-208/-171 -170/-207/-170 -202/-240/-202 
f -202/-240/-202 -170/-207/-170 -169/-206/-169 -201/-239/-201 
f -201/-239/-201 -169/-206/-169 -168/-205/-168 -200/-238/-200 
f -200/-238/-200 -168/-205/-168 -167/-204/-167 -199/-237/-199 
f -199/-237/-199 -167/-204/-167 -166/-203/-166 -198/-236/-198 
f -198/-236/-198 -166/-203/-166 -165/-202/-165 -197/-235/-197 
f -197/-235/-197 -165/-202/-165 -164/-201/-164 -196/-234/-196 
f -196/-234/-196 -164/-201/-164 -163/-200/-163 -195/-233/-195 
f -195/-233/-195 -163/-200/-163 -162/-199/-162 -194/-232/-194 
f -194/-232/-194 -162/-199/-162 -193/-198/-193 -225/-231/-225 
f -193/-230/-193 -161/-197/-161 -160/-196/-160 -192/-229/-192 
f -192/-229/-192 -160/-196/-160 -159/-195/-159 -191/-228/-191 
f -191/-228/-191 -159/-195/-159 -158/-194/-158 -190/-227/-190 
f -190/-227/-190 -158/-194/-158 -157/-193/-157 -189/-226/-189 
f -189/-226/-189 -157/-193/-157 -156/-192/-156 -188/-225/-188 
f -188/-225/-188 -156/-192/-156 -155/-191/-155 -187/-224/-187 
f -187/-224/-187 -155/-191/-155 -154/-190/-154 -186/-223/-186 
f -186/-223/-186 -154/-190/-154 -153/-189/-153 -185/-222/-185 
f -185/-222/-185 -153/-189/-153 -152/-188/-152 -184/-221/-184 
f -184/-221/-184 -152/-188/-152 -151/-187/-151 -183/-220/-183 
f -183/-220/-183 -151/-187/-151 -150/-186/-150 -182/-219/-182 
f -182/-219/-182 -150/-186/-150 -149/-185/-149 -181/-218/-181 
f -181/-218/-181 -149/-185/-149 -148/-184/-148 -180/-217/-180 
f -180/-217/-180 -148/-184/-148 -147/-183/-147 -179/-216/-179 
f -179/-216/-179 -147/-183/-147 -146/-182/-146 -178/-215/-178 
f -178/-215/-178 -146/-182/-146 -145/-181/-145 -177/-214/-177 
f -177/-214/-177 -145/-181/-145 -144/-180/-144 -176/-213/-176 
f -176/-213/-176 -144/-180/-144 -143/-179/-143 -175/-212/-175 
f -175/-212/-175 -143/-179/-143 -142/-178/-142 -174/-211/-174 
f -174/-211/-174 -142/-178/-142 -141/-177/-141 -173/-210/-173 
f -173/-210/-173 -141/-177/-141 -140/-176/-140 -172/-209/-172 
f -172/-209/-172 -140/-176/-140 -139/-175/-139 -171/-208/-171 
f -171/-208/-171 -139/-175/-139 -138/-174/-138 -170/-207/-170 
f -170/-207/-170 -138/-174/-138 -137/-173/-137 -169/-206/-169 
f -169/-206/-169 -137/-173/-137 -136/-172/-136 -168/-205/-168 
f -168/-205/-168 -136/-172/-136 -135/-171/-135 -167/-204/-167 
f -167/-204/-167 -135/-171/-135 -134/-170/-134 -166/-203/-166 
f -166/-203/-166 -134/-170/-134 -133/-169/-133 -165/-202/-165 
f -165/-202/-165 -133/-169/-133 -132/-168/-132 -164/-201/-164 
f -164/-201/-164 -132/-168/-132 -131/-167/-131 -163/-200/-163 
f -163/-200/-163 -131/-167/-131 -130/-166/-130 -162/-199/-162 
f -162/-199/-162 -130/-166/-130 -161/-165/-161 -193/-198/-193 
f -161/-197/-161 -129/-164/-129 -128/-163/-128 -160/-196/-160 
f -160/-196/-160 -128/-163/-128 -127/-162/-127 -159/-195/-159 
f -159/-195/-159 -127/-162/-127 -126/-161/-126 -158/-194/-158 
f -158/-194/-158 -126/-161/-126 -125/-160/-125 -157/-193/-157 
f -157/-193/-157 -125/-160/-125 -124/-159/-124 -156/-192/-156 
f -156/-192/-156 -124/-159/-124 -123/-158/-123 -155/-191/-155 
f -155/-191/-155 -123/-158/-123 -122/-157/-122 -154/-190/-154 
f -154/-190/-154 -122/-157/-122 -121/-156/-121 -153/-189/-153 
f -153/-189/-153 -121/-156/-121 -120/-155/-120 -152/-188/-152 
f -152/-188/-152 -120/-155/-120 -119/-154/-119 -151/-187/-151 
f -151/-187/-151 -119/-154/-119 -118/-153/-118 -150/-186/-150 
f -150/-186/-150 -118/-153/-118 -117/-152/-117 -149/-185/-149 
f -149/-185/-149 -117/-152/-117 -116/-151/-116 -148/-184/-148 
f -148/-184/-148 -116/-151/-116 -115/-150/-115 -147/-183/-147 
f -147/-183/-147 -115/-150/-115 -114/-149/-114 -146/-182/-146 
f -146/-182/-146 -114/-149/-114 -113/-148/-113 -145/-181/-145 
f -145/-181/-145 -113/-148/-113 -112/-147/-112 -144/-180/-144 
f -144/-180/-144 -112/-147/-112 -111/-146/-111 -143/-179/-143 
f -143/-179/-143 -111/-146/-111 -110/-145/-110 -142/-178/-142 
f -142/-178/-142 -110/-145/-110 -109/-144/-109 -141/-177/-141 
f -141/-177/-141 -109/-144/-109 -108/-143/-108 -140/-176/-140 
f -140/-176/-140 -108/-143/-108 -107/-142/-107 -139/-175/-139 
f -139/-175/-139 -107/-142/-107 -106/-141/-106 -138/-174/-138 
f -138/-174/-138 -106/-141/-106 -105/-140/-105 -137/-173/-137 
f -137/-173/-137 -105/-140/-105 -104/-139/-104 -136/-172/-136 
f -136/-172/-136 -104/-139/-104 -103/-138/-103 -135/-171/-135 
f -135/-171/-135 -103/-138/-103 -102/-137/-102 -134/-170/-134 
f -134/-170/-134 -102/-137/-102 -101/-136/-101 -133/-169/-133 
f -133/-169/-133 -101/-136/-101 -100/-135/-100 -132/-168/-132 
f -132/-168/-132 -100/-135/-100 -99/-134/-99 -131/-167/-131 
f -131/-167/-131 -99/-134/-99 -98/-133/-98 -130/-166/-130 
f -130/-166/-130 -98/-133/-98 -129/-132/-129 -161/-165/-161 
f -129/-164/-129 -97/-131/-97 -96/-130/-96 -128/-163/-128 
f -128/-163/-128 -96/-130/-96 -95/-129/-95 -127/-162/-127 
f -127/-162/-127 -95/-129/-95 -94/-128/-94 -126/-161/-126 
f -126/-161/-126 -94/-128/-94 -93/-127/-93 -125/-160/-125 
f -125/-160/-125 -93/-127/-93 -92/-126/-92 -124/-159/-124 
f -124/-159/-124 -92/-126/-92 -91/-125/-91 -123/-158/-123 
f -123/-158/-123 -91/-125/-91 -90/-124/-90 -122/-157/-122 
f -122/-157/-122 -90/-124/-90 -89/-123/-89 -121/-156/-121 
f -121/-156/-121 -89/-123/-89 -88/-122/-88 -120/-155/-120 
f -120/-155/-120 -88/-122/-88 -87/-121/-87 -119/-154/-119 
f -119/-154/-119 -87/-121/-87 -86/-120/-86 -118/-153/-118 
f -118/-153/-118 -86/-120/-86 -85/-119/-85 -117/-152/-117 
f -117/-152/-117 -85/-119/-85 -84/-118/-84 -116/-151/-116 
f -116/-151/-116 -84/-118/-84 -83/-117/-83 -115/-150/-115 
f -115/-150/-115 -83/-117/-83 -82/-116/-82 -114/-149/-114 
f -114/-149/-114 -82/-116/-82 -81/-115/-81 -113/-148/-113 
f -113/-148/-113 -81/-115/-81 -80/-114/-80 -112/-147/-112 
f -112/-147/-112 -80/-114/-80 -79/-113/-79 -111/-146/-111 
f -111/-146/-111 -79/-113/-79 -78/-112/-78 -110/-145/-110 
f -110/-145/-110 -78/-112/-78 -77/-111/-77 -109/-144/-109 
f -109/-144/-109 -77/-111/-77 -76/-110/-76 -108/-143/-108 
f -108/-143/-108 -76/-110/-76 -75/-109/-75 -107/-142/-107 
f -107/-142/-107 -75/-109/-75 -74/-108/-74 -106/-141/-106 
f -106/-141/-106 -74/-108/-74 -73/-107/-73 -105/-140/-105 
f -105/-140/-105 -73/-107/-73 -72/-106/-72 -104/-139/-104 
f -104/-139/-104 -72/-106/-72 -71/-105/-71 -103/-138/-103 
f -103/-138/-103 -71/-105/-71 -70/-104/-70 -102/-137/-102 
f -102/-137/-102 -70/-104/-70 -69/-103/-69 -101/-136/-101 
f -101/-136/-101 -69/-103/-69 -68/-102/-68 -100/-135/-100 
f -100/-135/-100 -68/-102/-68 -67/-101/-67 -99/-134/-99 
f -99/-134/-99 -67/-101/-67 -66/-100/-66 -98/-133/-98 
f -98/-133/-98 -66/-100/-66 -97/-99/-97 -129/-132/-129 
f -97/-131/-97 -65/-98/-65 -64/-97/-64 -96/-130/-96 
f -96/-130/-96 -64/-97/-64 -63/-96/-63 -95/-129/-95 
f -95/-129/-95 -63/-96/-63 -62/-95/-62 -94/-128/-94 
f -94/-128/-94 -62/-95/-62 -61/-94/-61 -93/-127/-93 
f -93/-127/-93 -61/-94/-61 -60/-93/-60 -92/-126/-92 
f -92/-126/-92 -60/-93/-60 -59/-92/-59 -91/-125/-91 
f -91/-125/-91 -59/-92/-59 -58/-91/-58 -90/-124/-90 
f -90/-124/-90 -58/-91/-58 -57/-90/-57 -89/-123/-89 
f -89/-123/-89 -57/-90/-57 -56/-89/-56 -88/-122/-88 
f -88/-122/-88 -56/-89/-56 -55/-88/-55 -87/-121/-87 
f -87/-121/-87 -55/-88/-55 -54/-87/-54 -86/-120/-86 
f -86/-120/-86 -54/-87/-54 -53/-86/-53 -85/-119/-85 
f -85/-119/-85 -53/-86/-53 -52/-85/-52 -84/-118/-84 
f -84/-118/-84 -52/-85/-52 -51/-84/-51 -83/-117/-83 
f -83/-117/-83 -51/-84/-51 -50/-83/-50 -82/-116/-82 
f -82/-116/-82 -50/-83/-50 -49/-82/-49 -81/-115/-81 
f -81/-115/-81 -49/-82/-49 -48/-81/-48 -80/-114/-80 
f -80/-114/-80 -48/-81/-48 -47/-80/-47 -79/-113/-79 
f -79/-113/-79 -47/-80/-47 -46/-79/-46 -78/-112/-78 
f -78/-112/-78 -46/-79/-46 -45/-78/-45 -77/-111/-77 
f -77/-111/-77 -45/-78/-45 -44/-77/-44 -76/-110/-76 
f -76/-110/-76 -44/-77/-44 -43/-76/-43 -75/-109/-75 
f -75/-109/-75 -43/-76/-43 -42/-75/-42 -74/-108/-74 
f -74/-108/-74 -42/-75/-42 -41/-74/-41 -73/-107/-73 
f -73/-107/-73 -41/-74/-41 -40/-73/-40 -72/-106/-72 
f -72/-106/-72 -40/-73/-40 -39/-72/-39 -71/-105/-71 
f -71/-105/-71 -39/-72/-39 -38/-71/-38 -70/-104/-70 
f -70/-104/-70 -38/-71/-38 -37/-70/-37 -69/-103/-69 
f -69/-103/-69 -37/-70/-37 -36/-69/-36 -68/-102/-68 
f -68/-102/-68 -36/-69/-36 -35/-68/-35 -67/-101/-67 
f -67/-101/-67 -35/-68/-35 -34/-67/-34 -66/-100/-66 
f -66/-100/-66 -34/-67/-34 -65/-66/-65 -97/-99/-97 
f -65/-98/-65 -33/-65/-33 -32/-64/-32 -64/-97/-64 
f -64/-97/-64 -32/-64/-32 -31/-63/-31 -63/-96/-63 
f -63/-96/-63 -31/-63/-31 -30/-62/-30 -62/-95/-62 
f -62/-95/-62 -30/-62/-30 -29/-61/-29 -61/-94/-61 
f -61/-94/-61 -29/-61/-29 -28/-60/-28 -60/-93/-60 
f -60/-93/-60 -28/-60/-28 -27/-59/-27 -59/-92/-59 
f -59/-92/-59 -27/-59/-27 -26/-58/-26 -58/-91/-58 
f -58/-91/-58 -26/-58/-26 -25/-57/-25 -57/-90/-57 
f -57/-90/-57 -25/-57/-25 -24/-56/-24 -56/-89/-56 
f -56/-89/-56 -24/-56/-24 -23/-55/-23 -55/-88/-55 
f -55/-88/-55 -23/-55/-23 -22/-54/-22 -54/-87/-54 
f -54/-87/-54 -22/-54/-22 -21/-53/-21 -53/-86/-53 
f -53/-86/-53 -21/-53/-21 -20/-52/-20 -52/-85/-52 
f -52/-85/-52 -20/-52/-20 -19/-51/-19 -51/-84/-51 
f -51/-84/-51 -19/-51/-19 -18/-50/-18 -50/-83/-50 
f -50/-83/-50 -18/-50/-18 -17/-49/-17 -49/-82/-49 
f -49/-82/-49 -17/-49/-17 -16/-48/-16 -48/-81/-48 
f -48/-81/-48 -16/-48/-16 -15/-47/-15 -47/-80/-47 
f -47/-80/-47 -15/-47/-15 -14/-46/-14 -46/-79/-46 
f -46/-79/-46 -14/-46/-14 -13/-45/-13 -45/-78/-45 
f -45/-78/-45 -13/-45/-13 -12/-44/-12 -44/-77/-44 
f -44/-77/-44 -12/-44/-12 -11/-43/-11 -43/-76/-43 
f -43/-76/-43 -11/-43/-11 -10/-42/-10 -42/-75/-42 
f -42/-75/-42 -10/-42/-10 -9/-41/-9 -41/-74/-41 
f -41/-74/-41 -9/-41/-9 -8/-40/-8 -40/-73/-40 
f -40/-73/-40 -8/-40/-8 -7/-39/-7 -39/-72/-39 
f -39/-72/-39 -7/-39/-7 -6/-38/-6 -38/-71/-38 
f -38/-71/-38 -6/-38/-6 -5/-37/-5 -37/-70/-37 
f -37/-70/-37 -5/-37/-5 -4/-36/-4 -36/-69/-36 
f -36/-69/-36 -4/-36/-4 -3/-35/-3 -35/-68/-35 
f -35/-68/-35 -3/-35/-3 -2/-34/-2 -34/-67/-34 
f -34/-67/-34 -2/-34/-2 -33/-33/-33 -65/-66/-65 
f -1/-32/-1 -32/-64/-32 -33/-65/-33 
f -1/-31/-1 -31/-63/-31 -32/-64/-32 
f -1/-30/-1 -30/-62/-30 -31/-63/-31 
f -1/-29/-1 -29/-61/-29 -30/-62/-30 
f -1/-28/-1 -28/-60/-28 -29/-61/-29 
f -1/-27/-1 -27/-59/-27 -28/-60/-28 
f -1/-26/-1 -26/-58/-26 -27/-59/-27 
f -1/-25/-1 -25/-57/-25 -26/-58/-26 
f -1/-24/-1 -24/-56/-24 -25/-57/-25 
f -1/-23/-1 -23/-55/-23 -24/-56/-24 
f -1/-22/-1 -22/-54/-22 -23/-55/-23 
f -1/-21/-1 -21/-53/-21 -22/-54/-22 
f -1/-20/-1 -20/-52/-20 -21/-53/-21 
f -1/-19/-1 -19/-51/-19 -20/-52/-20 
f -1/-18/-1 -18/-50/-18 -19/-51/-19 
f -1/-17/-1 -17/-49/-17 -18/-50/-18 
f -1/-16/-1 -16/-48/-16 -17/-49/-17 
f -1/-15/-1 -15/-47/-15 -16/-48/-16 
f -1/-14/-1 -14/-46/-14 -15/-47/-15 
f -1/-13/-1 -13/-45/-13 -14/-46/-14 
f -1/-12/-1 -12/-44/-12 -13/-45/-13 
f -1/-11/-1 -11/-43/-11 -12/-44/-12 
f -1/-10/-1 -10/-42/-10 -11/-43/-11 
f -1/-9/-1 -9/-41/-9 -10/-42/-10 
f -1/-8/-1 -8/-40/-8 -9/-41/-9 
f -1/-7/-1 -7/-39/-7 -8/-40/-8 
f -1/-6/-1 -6/-38/-6 -7/-39/-7 
f -1/-5/-1 -5/-37/-5 -6/-38/-6 
f -1/-4/-1 -4/-36/-4 -5/-37/-5 
f -1/-3/-1 -3/-35/-3 -4/-36/-4 
f -1/-2/-1 -2/-34/-2 -3/-35/-3 
f -1/-1/-1 -33/-33/-33 -2/-34/-2 
# 448 polygons - 64 triangles

