#File written by RizomUV 2022.0.11.g5424fda. Compilation :Nov 24 2021,04:16:21
mtllib ¹ÜµÀ:mtl
#begin vertices
v 91.2368 0.0708 24.9332
v 90.959 0.0708 18.6313
v 91.0263 0.1415 18.6254
v 91.3043 0.1415 24.9332
v 90.134 0.0708 12.3768
v 90.2005 0.1415 12.3651
v 91.0599 1.054 18.6225
v 91.3381 1.054 24.9332
v 90.2337 1.054 12.3593
v 88.7701 0.0708 6.2174
v 86.8758 0.0708 0.2005
v 86.9392 0.1415 0.1774
v 88.8353 0.1415 6.1999
v 86.9709 1.054 0.1659
v 88.8679 1.054 6.1912
v 86.9815 8.6578 0.162
v 88.8788 8.6578 6.1883
v 88.8788 3.6217 6.1883
v 86.9815 3.6217 0.162
v 90.2448 8.6578 12.3573
v 90.2448 3.6217 12.3573
v 91.0711 8.6578 18.6215
v 91.3493 8.6578 24.9332
v 91.3493 3.6217 24.9332
v 91.0711 3.6217 18.6215
v 84.4593 0.0708 -5.6264
v 84.5205 0.1415 -5.6549
v 81.5449 0.0708 -11.2215
v 81.6034 0.1415 -11.2552
v 84.5511 1.054 -5.6692
v 81.6326 1.054 -11.2721
v 78.1566 0.0708 -16.543
v 74.3186 0.0708 -21.5491
v 74.3703 0.1415 -21.5925
v 78.2119 0.1415 -16.5817
v 74.3962 1.054 -21.6142
v 78.2396 1.054 -16.601
v 74.4048 8.6578 -21.6214
v 78.2488 8.6578 -16.6075
v 78.2488 3.6217 -16.6075
v 74.4048 3.6217 -21.6214
v 81.6423 8.6578 -11.2777
v 81.6423 3.6217 -11.2777
v 84.5613 8.6578 -5.6739
v 84.5613 3.6217 -5.6739
v 70.055 0.0708 -26.1981
v 70.1027 0.1415 -26.2459
v 65.4027 0.0708 -30.459
v 65.4461 0.1415 -30.5107
v 70.1266 1.054 -26.2697
v 65.4678 1.054 -30.5365
v 60.3987 0.0708 -34.3007
v 55.08 0.0708 -37.6923
v 55.1137 0.1415 -37.7507
v 60.4374 0.1415 -34.356
v 55.1306 1.054 -37.7799
v 60.4568 1.054 -34.3836
v 55.1362 8.6578 -37.7897
v 60.4632 8.6578 -34.3929
v 60.4632 3.6217 -34.3929
v 55.1362 3.6217 -37.7897
v 65.475 8.6578 -30.5452
v 65.475 3.6217 -30.5452
v 70.1345 8.6578 -26.2777
v 70.1345 3.6217 -26.2777
v 49.4834 0.0708 -40.6027
v 49.5119 0.1415 -40.6638
v 43.6544 0.0708 -43.0154
v 43.6775 0.1415 -43.0788
v 49.5262 1.054 -40.6944
v 43.689 1.054 -43.1105
v 37.6382 0.0708 -44.914
v 31.4803 0.0708 -46.2819
v 31.492 0.1415 -46.3483
v 37.6557 0.1415 -44.9791
v 31.4978 1.054 -46.3815
v 37.6644 1.054 -45.0117
v 31.4998 8.6578 -46.3926
v 37.6673 8.6578 -45.0226
v 37.6673 3.6217 -45.0226
v 31.4998 3.6217 -46.3926
v 43.6929 8.6578 -43.1211
v 43.6929 3.6217 -43.1211
v 49.531 8.6578 -40.7046
v 49.531 3.6217 -40.7046
v 25.2258 0.0708 -47.1026
v 25.2317 0.1415 -47.1698
v 18.9231 0.0708 -47.3762
v 18.9231 0.1415 -47.4437
v 25.2346 1.054 -47.2034
v 18.9231 1.054 -47.4774
v 12.6204 0.0708 -47.1026
v 6.366 0.0708 -46.2819
v 6.3543 0.1415 -46.3483
v 12.6145 0.1415 -47.1698
v 6.3484 1.054 -46.3816
v 12.6116 1.054 -47.2034
v 6.3464 8.6578 -46.3926
v 12.6106 8.6578 -47.2147
v 12.6106 3.6217 -47.2146
v 6.3464 3.6217 -46.3926
v 18.9231 8.6578 -47.4887
v 18.9231 3.6217 -47.4887
v 25.2356 8.6578 -47.2147
v 25.2356 3.6217 -47.2147
v 0.208 0.0708 -44.914
v 0.1905 0.1415 -44.9791
v -5.8082 0.0708 -43.0154
v -5.8312 0.1415 -43.0788
v 0.1818 1.054 -45.0117
v -5.8428 1.054 -43.1105
v -11.6372 0.0708 -40.6027
v -17.2337 0.0708 -37.6923
v -17.2675 0.1415 -37.7507
v -11.6657 0.1415 -40.6638
v -17.2844 1.054 -37.7799
v -11.68 1.054 -40.6944
v -17.29 8.6578 -37.7897
v -11.6847 8.6578 -40.7046
v -11.6847 3.6217 -40.7046
v -17.29 3.6217 -37.7897
v -5.8466 8.6578 -43.1211
v -5.8466 3.6217 -43.1211
v 0.1789 8.6578 -45.0226
v 0.1789 3.6217 -45.0226
v -22.5525 0.0708 -34.3007
v -22.5912 0.1415 -34.356
v -27.5565 0.0708 -30.459
v -27.5999 0.1415 -30.5107
v -22.6105 1.054 -34.3836
v -27.6215 1.054 -30.5365
v -32.2088 0.0708 -26.1981
v -36.4724 0.0708 -21.5491
v -36.5241 0.1415 -21.5925
v -32.2565 0.1415 -26.2459
v -36.5499 1.054 -21.6142
v -32.2803 1.054 -26.2697
v -36.5586 8.6578 -21.6214
v -32.2883 8.6578 -26.2777
v -32.2883 3.6217 -26.2777
v -36.5586 3.6217 -21.6214
v -27.6288 8.6578 -30.5452
v -27.6288 3.6217 -30.5452
v -22.617 8.6578 -34.3928
v -22.617 3.6217 -34.3928
v -40.3104 0.0708 -16.543
v -40.3657 0.1415 -16.5817
v -43.6987 0.0708 -11.2215
v -43.7571 0.1415 -11.2552
v -40.3933 1.054 -16.601
v -43.7863 1.054 -11.2721
v -46.6131 0.0708 -5.6264
v -49.0295 0.0708 0.2005
v -49.093 0.1415 0.1774
v -46.6743 0.1415 -5.6549
v -49.1247 1.054 0.1659
v -46.7048 1.054 -5.6692
v -49.1352 8.6578 0.162
v -46.715 8.6578 -5.6739
v -46.715 3.6217 -5.6739
v -49.1352 3.6217 0.162
v -43.7961 8.6578 -11.2777
v -43.7961 3.6217 -11.2777
v -40.4025 8.6578 -16.6075
v -40.4025 3.6217 -16.6075
v -50.9239 0.0708 6.2174
v -50.9891 0.1415 6.1999
v -52.2878 0.0708 12.3768
v -52.3542 0.1415 12.3651
v -51.0217 1.054 6.1912
v -52.3875 1.054 12.3592
v -53.1128 0.0708 18.6313
v -53.3906 0.0708 24.9332
v -53.4581 0.1415 24.9332
v -53.18 0.1415 18.6254
v -53.4918 1.054 24.9332
v -53.2136 1.054 18.6224
v -53.5031 8.6578 24.9332
v -53.2248 8.6578 18.6215
v -53.2248 3.6217 18.6215
v -53.5031 3.6217 24.9332
v -52.3985 8.6578 12.3573
v -52.3985 3.6217 12.3573
v -51.0325 8.6578 6.1883
v -51.0325 3.6217 6.1883
v -53.1128 0.0708 31.2352
v -53.18 0.1415 31.2411
v -52.2878 0.0708 37.4896
v -52.3542 0.1415 37.5013
v -53.2136 1.054 31.244
v -52.3875 1.054 37.5072
v -50.9239 0.0708 43.6491
v -49.0295 0.0708 49.666
v -49.093 0.1415 49.689
v -50.9891 0.1415 43.6665
v -49.1247 1.054 49.7006
v -51.0217 1.054 43.6753
v -49.1352 8.6578 49.7044
v -51.0325 8.6578 43.6782
v -51.0325 3.6217 43.6782
v -49.1352 3.6217 49.7044
v -52.3985 8.6578 37.5091
v -52.3985 3.6217 37.5091
v -53.2248 8.6578 31.245
v -53.2248 3.6217 31.245
v -46.6131 0.0708 55.4928
v -46.6743 0.1415 55.5214
v -43.6987 0.0708 61.0879
v -43.7571 0.1415 61.1217
v -46.7048 1.054 55.5356
v -43.7863 1.054 61.1385
v -40.3104 0.0708 66.4094
v -36.4724 0.0708 71.4156
v -36.5241 0.1415 71.459
v -40.3657 0.1415 66.4481
v -36.55 1.054 71.4806
v -40.3933 1.054 66.4675
v -36.5586 8.6578 71.4879
v -40.4025 8.6578 66.4739
v -40.4025 3.6217 66.4739
v -36.5586 3.6217 71.4879
v -43.7961 8.6578 61.1442
v -43.7961 3.6217 61.1442
v -46.715 8.6578 55.5404
v -46.715 3.6217 55.5404
v -32.2088 0.0708 76.0646
v -32.2565 0.1415 76.1123
v -27.5565 0.0708 80.3254
v -27.5999 0.1415 80.3771
v -32.2804 1.054 76.1362
v -27.6216 1.054 80.403
v -22.5525 0.0708 84.1672
v -17.2338 0.0708 87.5587
v -17.2675 0.1415 87.6172
v -22.5912 0.1415 84.2224
v -17.2844 1.054 87.6464
v -22.6106 1.054 84.2501
v -17.29 8.6578 87.6561
v -22.617 8.6578 84.2593
v -22.617 3.6217 84.2593
v -17.29 3.6217 87.6561
v -27.6288 8.6578 80.4116
v -27.6288 3.6217 80.4116
v -32.2883 8.6578 76.1441
v -32.2883 3.6217 76.1441
v -11.6372 0.0708 90.4691
v -11.6657 0.1415 90.5303
v -5.8082 0.0708 92.8819
v -5.8313 0.1415 92.9453
v -11.68 1.054 90.5609
v -5.8428 1.054 92.977
v 0.208 0.0708 94.7804
v 6.3659 0.0708 96.1483
v 6.3542 0.1415 96.2148
v 0.1905 0.1415 94.8456
v 6.3484 1.054 96.248
v 0.1818 1.054 94.8782
v 6.3464 8.6578 96.2591
v 0.1789 8.6578 94.8891
v 0.1789 3.6217 94.8891
v 6.3464 3.6217 96.2591
v -5.8467 8.6578 92.9875
v -5.8467 3.6217 92.9875
v -11.6847 8.6578 90.5711
v -11.6847 3.6217 90.5711
v 12.6204 0.0708 96.9691
v 12.6145 0.1415 97.0363
v 18.9231 0.0708 97.2426
v 18.9231 0.1415 97.3101
v 12.6116 1.054 97.0699
v 18.9231 1.054 97.3439
v 25.2258 0.0708 96.9691
v 31.4802 0.0708 96.1483
v 31.4919 0.1415 96.2148
v 25.2317 0.1415 97.0363
v 31.4978 1.054 96.248
v 25.2346 1.054 97.0699
v 31.4998 8.6578 96.2591
v 25.2356 8.6578 97.0811
v 25.2356 3.6217 97.0811
v 31.4998 3.6217 96.2591
v 18.9231 8.6578 97.3551
v 18.9231 3.6217 97.3551
v 12.6106 8.6578 97.0811
v 12.6106 3.6217 97.0811
v 37.6382 0.0708 94.7804
v 37.6557 0.1415 94.8456
v 43.6544 0.0708 92.8819
v 43.6774 0.1415 92.9453
v 37.6644 1.054 94.8782
v 43.689 1.054 92.977
v 49.4834 0.0708 90.4691
v 55.0799 0.0708 87.5588
v 55.1137 0.1415 87.6172
v 49.5119 0.1415 90.5303
v 55.1306 1.054 87.6464
v 49.5262 1.054 90.5609
v 55.1362 8.6578 87.6562
v 49.5309 8.6578 90.5711
v 49.5309 3.6217 90.5711
v 55.1362 3.6217 87.6562
v 43.6928 8.6578 92.9876
v 43.6928 3.6217 92.9876
v 37.6673 8.6578 94.8891
v 37.6673 3.6217 94.8891
v 60.3987 0.0708 84.1672
v 60.4374 0.1415 84.2225
v 65.4027 0.0708 80.3255
v 65.4461 0.1415 80.3772
v 60.4567 1.054 84.2501
v 65.4678 1.054 80.403
v 70.055 0.0708 76.0646
v 74.3186 0.0708 71.4156
v 74.3703 0.1415 71.459
v 70.1027 0.1415 76.1124
v 74.3961 1.054 71.4807
v 70.1265 1.054 76.1362
v 74.4048 8.6578 71.4879
v 70.1345 8.6578 76.1441
v 70.1345 3.6217 76.1442
v 74.4048 3.6217 71.4879
v 65.475 8.6578 80.4117
v 65.475 3.6217 80.4117
v 60.4632 8.6578 84.2593
v 60.4632 3.6217 84.2593
v 78.1566 0.0708 66.4095
v 78.2119 0.1415 66.4482
v 81.5449 0.0708 61.088
v 81.6033 0.1415 61.1217
v 78.2395 1.054 66.4675
v 81.6326 1.054 61.1386
v 84.4593 0.0708 55.4929
v 86.8758 0.0708 49.666
v 86.9392 0.1415 49.6891
v 84.5205 0.1415 55.5214
v 86.9709 1.054 49.7006
v 84.551 1.054 55.5357
v 86.9815 8.6578 49.7045
v 84.5612 8.6578 55.5404
v 84.5612 3.6217 55.5404
v 86.9815 3.6217 49.7045
v 81.6423 8.6578 61.1442
v 81.6423 3.6217 61.1442
v 78.2487 8.6578 66.474
v 78.2487 3.6217 66.474
v 88.7701 0.0708 43.6491
v 88.8353 0.1415 43.6666
v 90.134 0.0708 37.4897
v 90.2004 0.1415 37.5014
v 88.8679 1.054 43.6753
v 90.2337 1.054 37.5072
v 90.959 0.0708 31.2352
v 91.0263 0.1415 31.2411
v 91.0599 1.054 31.244
v 91.0711 8.6578 31.245
v 91.0711 3.6217 31.245
v 90.2448 8.6578 37.5092
v 90.2448 3.6217 37.5092
v 88.8787 8.6578 43.6782
v 88.8787 3.6217 43.6782
v 91.3493 53.4879 24.9332
v 91.0711 53.4879 18.6215
v 91.0711 66.7998 18.6215
v 91.3493 66.7998 24.9332
v 90.2448 53.4879 12.3573
v 90.2448 66.7998 12.3573
v 91.0711 80.1328 18.6215
v 91.3493 80.1328 24.9332
v 90.2448 80.1328 12.3573
v 88.8788 53.4879 6.1883
v 86.9815 53.4879 0.162
v 86.9815 66.7998 0.162
v 88.8788 66.7998 6.1883
v 86.9815 80.1328 0.162
v 88.8788 80.1328 6.1883
v 86.9815 106.8344 0.162
v 88.8788 106.8343 6.1883
v 88.8788 93.48 6.1883
v 86.9815 93.48 0.162
v 90.2448 106.8343 12.3573
v 90.2448 93.48 12.3573
v 91.0711 106.8343 18.6215
v 91.3493 106.8344 24.9332
v 91.3493 93.48 24.9332
v 91.0711 93.48 18.6215
v 84.5613 53.4879 -5.6739
v 84.5613 66.7998 -5.6739
v 81.6423 53.4879 -11.2777
v 81.6423 66.7998 -11.2777
v 84.5613 80.1328 -5.6739
v 81.6423 80.1328 -11.2777
v 78.2488 53.4879 -16.6075
v 74.4048 53.4879 -21.6214
v 74.4048 66.7998 -21.6214
v 78.2488 66.7998 -16.6075
v 74.4048 80.1328 -21.6214
v 78.2488 80.1328 -16.6075
v 74.4048 106.8344 -21.6214
v 78.2488 106.8343 -16.6075
v 78.2488 93.48 -16.6075
v 74.4048 93.48 -21.6214
v 81.6423 106.8343 -11.2777
v 81.6423 93.48 -11.2777
v 84.5613 106.8343 -5.6739
v 84.5613 93.48 -5.6739
v 70.1345 53.4879 -26.2777
v 70.1345 66.7998 -26.2777
v 65.475 53.4879 -30.5452
v 65.475 66.7998 -30.5452
v 70.1345 80.1328 -26.2777
v 65.475 80.1328 -30.5452
v 60.4632 53.4879 -34.3929
v 55.1362 53.4879 -37.7897
v 55.1362 66.7998 -37.7897
v 60.4632 66.7998 -34.3929
v 55.1362 80.1328 -37.7897
v 60.4632 80.1328 -34.3929
v 55.1362 106.8344 -37.7897
v 60.4632 106.8343 -34.3929
v 60.4632 93.48 -34.3929
v 55.1362 93.48 -37.7897
v 65.475 106.8343 -30.5452
v 65.475 93.48 -30.5452
v 70.1345 106.8343 -26.2777
v 70.1345 93.48 -26.2777
v 49.531 53.4879 -40.7046
v 49.531 66.7998 -40.7046
v 43.6929 53.4879 -43.1211
v 43.6929 66.7998 -43.1211
v 49.531 80.1328 -40.7046
v 43.6929 80.1328 -43.1211
v 37.6673 53.4879 -45.0226
v 31.4998 53.4879 -46.3926
v 31.4998 66.7998 -46.3926
v 37.6673 66.7998 -45.0226
v 31.4998 80.1328 -46.3926
v 37.6673 80.1328 -45.0226
v 31.4998 106.8344 -46.3926
v 37.6673 106.8343 -45.0226
v 37.6673 93.48 -45.0226
v 31.4998 93.48 -46.3926
v 43.6929 106.8343 -43.1211
v 43.6929 93.48 -43.1211
v 49.531 106.8343 -40.7046
v 49.531 93.48 -40.7046
v 25.2356 53.4879 -47.2147
v 25.2356 66.7998 -47.2146
v 18.9231 53.4879 -47.4887
v 18.9231 66.7998 -47.4887
v 25.2356 80.1328 -47.2147
v 18.9231 80.1328 -47.4887
v 12.6106 53.4879 -47.2147
v 6.3464 53.4879 -46.3926
v 6.3464 66.7998 -46.3926
v 12.6106 66.7998 -47.2147
v 6.3464 80.1328 -46.3926
v 12.6106 80.1328 -47.2147
v 6.3464 106.8344 -46.3926
v 12.6106 106.8343 -47.2147
v 12.6106 93.48 -47.2146
v 6.3464 93.48 -46.3926
v 18.9231 106.8343 -47.4887
v 18.9231 93.48 -47.4887
v 25.2356 106.8343 -47.2147
v 25.2356 93.48 -47.2147
v 0.1789 53.4879 -45.0226
v 0.1789 66.7998 -45.0226
v -5.8466 53.4879 -43.1211
v -5.8466 66.7998 -43.1211
v 0.1789 80.1328 -45.0226
v -5.8466 80.1328 -43.1211
v -11.6847 53.4879 -40.7046
v -17.29 53.4879 -37.7897
v -17.29 66.7998 -37.7897
v -11.6847 66.7998 -40.7046
v -17.29 80.1328 -37.7897
v -11.6847 80.1328 -40.7046
v -17.29 106.8344 -37.7897
v -11.6847 106.8343 -40.7046
v -11.6847 93.48 -40.7046
v -17.29 93.48 -37.7897
v -5.8466 106.8343 -43.1211
v -5.8466 93.48 -43.1211
v 0.1789 106.8343 -45.0226
v 0.1789 93.48 -45.0226
v -22.617 53.4879 -34.3929
v -22.617 66.7998 -34.3929
v -27.6288 53.4879 -30.5452
v -27.6288 66.7998 -30.5452
v -22.617 80.1328 -34.3928
v -27.6288 80.1328 -30.5452
v -32.2883 53.4879 -26.2777
v -36.5586 53.4879 -21.6214
v -36.5586 66.7998 -21.6214
v -32.2883 66.7998 -26.2777
v -36.5586 80.1328 -21.6214
v -32.2883 80.1328 -26.2777
v -36.5586 106.8344 -21.6214
v -32.2883 106.8343 -26.2777
v -32.2883 93.48 -26.2777
v -36.5586 93.48 -21.6214
v -27.6288 106.8343 -30.5452
v -27.6288 93.48 -30.5452
v -22.617 106.8343 -34.3928
v -22.617 93.48 -34.3928
v -40.4025 53.4879 -16.6075
v -40.4025 66.7998 -16.6075
v -43.7961 53.4879 -11.2777
v -43.7961 66.7998 -11.2777
v -40.4025 80.1328 -16.6075
v -43.7961 80.1328 -11.2777
v -46.715 53.4879 -5.6739
v -49.1352 53.4879 0.162
v -49.1352 66.7998 0.162
v -46.715 66.7998 -5.6739
v -49.1352 80.1328 0.162
v -46.715 80.1328 -5.6739
v -49.1352 106.8344 0.162
v -46.715 106.8343 -5.6739
v -46.715 93.48 -5.6739
v -49.1352 93.48 0.162
v -43.7961 106.8343 -11.2777
v -43.7961 93.48 -11.2777
v -40.4025 106.8343 -16.6075
v -40.4025 93.48 -16.6075
v -51.0325 53.4879 6.1883
v -51.0325 66.7998 6.1883
v -52.3985 53.4879 12.3573
v -52.3985 66.7998 12.3573
v -51.0325 80.1328 6.1883
v -52.3985 80.1328 12.3573
v -53.2248 53.4879 18.6215
v -53.5031 53.4879 24.9332
v -53.5031 66.7998 24.9332
v -53.2248 66.7998 18.6215
v -53.5031 80.1328 24.9332
v -53.2248 80.1328 18.6215
v -53.5031 106.8344 24.9332
v -53.2248 106.8343 18.6215
v -53.2248 93.48 18.6215
v -53.5031 93.48 24.9332
v -52.3985 106.8343 12.3573
v -52.3985 93.48 12.3573
v -51.0325 106.8343 6.1883
v -51.0325 93.48 6.1883
v -53.2248 53.4879 31.245
v -53.2248 66.7998 31.245
v -52.3985 53.4879 37.5091
v -52.3985 66.7998 37.5091
v -53.2248 80.1328 31.245
v -52.3985 80.1328 37.5091
v -51.0325 53.4879 43.6782
v -49.1352 53.4879 49.7044
v -49.1352 66.7998 49.7044
v -51.0325 66.7998 43.6782
v -49.1352 80.1328 49.7044
v -51.0325 80.1328 43.6782
v -49.1352 106.8344 49.7044
v -51.0325 106.8343 43.6782
v -51.0325 93.48 43.6782
v -49.1352 93.48 49.7044
v -52.3985 106.8343 37.5091
v -52.3985 93.48 37.5091
v -53.2248 106.8343 31.245
v -53.2248 93.48 31.245
v -46.715 53.4879 55.5404
v -46.715 66.7998 55.5404
v -43.7961 53.4879 61.1442
v -43.7961 66.7998 61.1442
v -46.715 80.1328 55.5404
v -43.7961 80.1328 61.1442
v -40.4025 53.4879 66.4739
v -36.5586 53.4879 71.4879
v -36.5586 66.7998 71.4879
v -40.4025 66.7998 66.4739
v -36.5586 80.1328 71.4879
v -40.4025 80.1328 66.4739
v -36.5586 106.8344 71.4879
v -40.4025 106.8343 66.4739
v -40.4025 93.48 66.4739
v -36.5586 93.48 71.4879
v -43.7961 106.8343 61.1442
v -43.7961 93.48 61.1442
v -46.715 106.8343 55.5404
v -46.715 93.48 55.5404
v -32.2883 53.4879 76.1441
v -32.2883 66.7998 76.1441
v -27.6288 53.4879 80.4116
v -27.6288 66.7998 80.4116
v -32.2883 80.1328 76.1441
v -27.6288 80.1328 80.4116
v -22.617 53.4879 84.2593
v -17.29 53.4879 87.6561
v -17.29 66.7998 87.6561
v -22.617 66.7998 84.2593
v -17.29 80.1328 87.6561
v -22.617 80.1328 84.2593
v -17.29 106.8344 87.6561
v -22.617 106.8343 84.2593
v -22.617 93.48 84.2593
v -17.29 93.48 87.6561
v -27.6288 106.8343 80.4116
v -27.6288 93.48 80.4116
v -32.2883 106.8343 76.1441
v -32.2883 93.48 76.1441
v -11.6847 53.4879 90.5711
v -11.6847 66.7998 90.5711
v -5.8467 53.4879 92.9875
v -5.8467 66.7998 92.9875
v -11.6847 80.1328 90.5711
v -5.8467 80.1328 92.9875
v 0.1789 53.4879 94.8891
v 6.3464 53.4879 96.2591
v 6.3464 66.7998 96.2591
v 0.1789 66.7998 94.8891
v 6.3464 80.1328 96.2591
v 0.1789 80.1328 94.8891
v 6.3464 106.8344 96.2591
v 0.1789 106.8343 94.8891
v 0.1789 93.48 94.8891
v 6.3464 93.48 96.2591
v -5.8467 106.8343 92.9875
v -5.8467 93.48 92.9875
v -11.6847 106.8343 90.5711
v -11.6847 93.48 90.5711
v 12.6106 53.4879 97.0811
v 12.6106 66.7998 97.0811
v 18.9231 53.4879 97.3551
v 18.9231 66.7998 97.3551
v 12.6106 80.1328 97.0811
v 18.9231 80.1328 97.3551
v 25.2356 53.4879 97.0811
v 31.4998 53.4879 96.2591
v 31.4998 66.7998 96.2591
v 25.2356 66.7998 97.0811
v 31.4998 80.1328 96.2591
v 25.2356 80.1328 97.0811
v 31.4998 106.8344 96.2591
v 25.2356 106.8343 97.0811
v 25.2356 93.48 97.0811
v 31.4998 93.48 96.2591
v 18.9231 106.8343 97.3551
v 18.9231 93.48 97.3551
v 12.6106 106.8343 97.0811
v 12.6106 93.48 97.0811
v 37.6673 53.4879 94.8891
v 37.6673 66.7998 94.8891
v 43.6928 53.4879 92.9876
v 43.6928 66.7998 92.9876
v 37.6673 80.1328 94.8891
v 43.6928 80.1328 92.9876
v 49.5309 53.4879 90.5711
v 55.1362 53.4879 87.6562
v 55.1362 66.7998 87.6562
v 49.5309 66.7998 90.5711
v 55.1362 80.1328 87.6562
v 49.5309 80.1328 90.5711
v 55.1362 106.8344 87.6562
v 49.5309 106.8343 90.5711
v 49.5309 93.48 90.5711
v 55.1362 93.48 87.6562
v 43.6928 106.8343 92.9876
v 43.6928 93.48 92.9876
v 37.6673 106.8343 94.8891
v 37.6673 93.48 94.8891
v 60.4632 53.4879 84.2593
v 60.4632 66.7998 84.2593
v 65.475 53.4879 80.4117
v 65.475 66.7998 80.4117
v 60.4632 80.1328 84.2593
v 65.475 80.1328 80.4117
v 70.1345 53.4879 76.1442
v 74.4048 53.4879 71.4879
v 74.4048 66.7998 71.4879
v 70.1345 66.7998 76.1442
v 74.4048 80.1328 71.4879
v 70.1345 80.1328 76.1442
v 74.4048 106.8344 71.4879
v 70.1345 106.8343 76.1442
v 70.1345 93.48 76.1442
v 74.4048 93.48 71.4879
v 65.475 106.8343 80.4117
v 65.475 93.48 80.4117
v 60.4632 106.8343 84.2593
v 60.4632 93.48 84.2593
v 78.2487 53.4879 66.474
v 78.2487 66.7998 66.474
v 81.6423 53.4879 61.1442
v 81.6423 66.7998 61.1442
v 78.2487 80.1328 66.474
v 81.6423 80.1328 61.1442
v 84.5612 53.4879 55.5404
v 86.9815 53.4879 49.7045
v 86.9815 66.7998 49.7045
v 84.5612 66.7998 55.5404
v 86.9815 80.1328 49.7045
v 84.5612 80.1328 55.5404
v 86.9815 106.8344 49.7045
v 84.5612 106.8343 55.5404
v 84.5612 93.48 55.5404
v 86.9815 93.48 49.7045
v 81.6423 106.8343 61.1442
v 81.6423 93.48 61.1442
v 78.2487 106.8343 66.474
v 78.2487 93.48 66.474
v 88.8787 53.4879 43.6782
v 88.8787 66.7998 43.6782
v 90.2448 53.4879 37.5092
v 90.2448 66.7998 37.5092
v 88.8787 80.1328 43.6782
v 90.2448 80.1328 37.5092
v 91.0711 53.4879 31.245
v 91.0711 66.7998 31.245
v 91.0711 80.1328 31.245
v 91.0711 106.8343 31.245
v 91.0711 93.48 31.245
v 90.2448 106.8343 37.5092
v 90.2448 93.48 37.5092
v 88.8787 106.8343 43.6782
v 88.8787 93.48 43.6782
v 91.0711 120.1886 18.6215
v 91.3493 120.1886 24.9332
v 90.2448 120.1886 12.3573
v 91.0711 133.5429 18.6215
v 91.3493 133.5429 24.9332
v 90.2448 133.5429 12.3573
v 86.9815 120.1886 0.162
v 88.8788 120.1886 6.1883
v 86.9815 133.5429 0.162
v 88.8788 133.5429 6.1883
v 86.9815 160.2515 0.162
v 88.8788 160.2515 6.1883
v 88.8788 146.8972 6.1883
v 86.9815 146.8972 0.162
v 90.2448 160.2515 12.3573
v 90.2448 146.8972 12.3573
v 91.0711 160.2515 18.6215
v 91.3493 160.2515 24.9332
v 91.3493 146.8972 24.9332
v 91.0711 146.8972 18.6215
v 84.5613 120.1886 -5.6739
v 81.6423 120.1886 -11.2777
v 84.5613 133.5429 -5.6739
v 81.6423 133.5429 -11.2777
v 74.4048 120.1886 -21.6214
v 78.2488 120.1886 -16.6075
v 74.4048 133.5429 -21.6214
v 78.2488 133.5429 -16.6075
v 74.4048 160.2515 -21.6214
v 78.2488 160.2515 -16.6075
v 78.2488 146.8972 -16.6075
v 74.4048 146.8972 -21.6214
v 81.6423 160.2515 -11.2777
v 81.6423 146.8972 -11.2777
v 84.5613 160.2515 -5.6739
v 84.5613 146.8972 -5.6739
v 70.1345 120.1886 -26.2777
v 65.475 120.1886 -30.5452
v 70.1345 133.5429 -26.2777
v 65.475 133.5429 -30.5452
v 55.1362 120.1886 -37.7897
v 60.4632 120.1886 -34.3929
v 55.1362 133.5429 -37.7897
v 60.4632 133.5429 -34.3929
v 55.1362 160.2515 -37.7897
v 60.4632 160.2515 -34.3929
v 60.4632 146.8972 -34.3929
v 55.1362 146.8972 -37.7897
v 65.475 160.2515 -30.5452
v 65.475 146.8972 -30.5452
v 70.1345 160.2515 -26.2777
v 70.1345 146.8972 -26.2777
v 49.531 120.1886 -40.7046
v 43.6929 120.1886 -43.1211
v 49.531 133.5429 -40.7046
v 43.6929 133.5429 -43.1211
v 31.4998 120.1886 -46.3926
v 37.6673 120.1886 -45.0226
v 31.4998 133.5429 -46.3926
v 37.6673 133.5429 -45.0226
v 31.4998 160.2515 -46.3926
v 37.6673 160.2515 -45.0226
v 37.6673 146.8972 -45.0226
v 31.4998 146.8972 -46.3926
v 43.6929 160.2515 -43.1211
v 43.6929 146.8972 -43.1211
v 49.531 160.2515 -40.7046
v 49.531 146.8972 -40.7046
v 25.2356 120.1886 -47.2146
v 18.9231 120.1886 -47.4887
v 25.2356 133.5429 -47.2147
v 18.9231 133.5429 -47.4887
v 6.3464 120.1886 -46.3926
v 12.6106 120.1886 -47.2147
v 6.3464 133.5429 -46.3926
v 12.6106 133.5429 -47.2147
v 6.3464 160.2515 -46.3926
v 12.6106 160.2515 -47.2147
v 12.6106 146.8972 -47.2146
v 6.3464 146.8972 -46.3926
v 18.9231 160.2515 -47.4887
v 18.9231 146.8972 -47.4887
v 25.2356 160.2515 -47.2147
v 25.2356 146.8972 -47.2147
v 0.1789 120.1886 -45.0226
v -5.8466 120.1886 -43.1211
v 0.1789 133.5429 -45.0226
v -5.8466 133.5429 -43.1211
v -17.29 120.1886 -37.7897
v -11.6847 120.1886 -40.7046
v -17.29 133.5429 -37.7897
v -11.6847 133.5429 -40.7046
v -17.29 160.2515 -37.7897
v -11.6847 160.2515 -40.7046
v -11.6847 146.8972 -40.7046
v -17.29 146.8972 -37.7897
v -5.8466 160.2515 -43.1211
v -5.8466 146.8972 -43.1211
v 0.1789 160.2515 -45.0226
v 0.1789 146.8972 -45.0226
v -22.617 120.1886 -34.3928
v -27.6288 120.1886 -30.5452
v -22.617 133.5429 -34.3928
v -27.6288 133.5429 -30.5452
v -36.5586 120.1886 -21.6214
v -32.2883 120.1886 -26.2777
v -36.5586 133.5429 -21.6214
v -32.2883 133.5429 -26.2777
v -36.5586 160.2515 -21.6214
v -32.2883 160.2515 -26.2777
v -32.2883 146.8972 -26.2777
v -36.5586 146.8972 -21.6214
v -27.6288 160.2515 -30.5452
v -27.6288 146.8972 -30.5452
v -22.617 160.2515 -34.3928
v -22.617 146.8972 -34.3928
v -40.4025 120.1886 -16.6075
v -43.7961 120.1886 -11.2777
v -40.4025 133.5429 -16.6075
v -43.7961 133.5429 -11.2777
v -49.1352 120.1886 0.162
v -46.715 120.1886 -5.6739
v -49.1352 133.5429 0.162
v -46.715 133.5429 -5.6739
v -49.1352 160.2515 0.162
v -46.715 160.2515 -5.6739
v -46.715 146.8972 -5.6739
v -49.1352 146.8972 0.162
v -43.7961 160.2515 -11.2777
v -43.7961 146.8972 -11.2777
v -40.4025 160.2515 -16.6075
v -40.4025 146.8972 -16.6075
v -51.0325 120.1886 6.1883
v -52.3985 120.1886 12.3573
v -51.0325 133.5429 6.1883
v -52.3985 133.5429 12.3573
v -53.5031 120.1886 24.9332
v -53.2248 120.1886 18.6215
v -53.5031 133.5429 24.9332
v -53.2248 133.5429 18.6215
v -53.5031 160.2515 24.9332
v -53.2248 160.2515 18.6215
v -53.2248 146.8972 18.6215
v -53.5031 146.8972 24.9332
v -52.3985 160.2515 12.3573
v -52.3985 146.8972 12.3573
v -51.0325 160.2515 6.1883
v -51.0325 146.8972 6.1883
v -53.2248 120.1886 31.245
v -52.3985 120.1886 37.5091
v -53.2248 133.5429 31.245
v -52.3985 133.5429 37.5091
v -49.1352 120.1886 49.7044
v -51.0325 120.1886 43.6782
v -49.1352 133.5429 49.7044
v -51.0325 133.5429 43.6782
v -49.1352 160.2515 49.7044
v -51.0325 160.2515 43.6782
v -51.0325 146.8972 43.6782
v -49.1352 146.8972 49.7044
v -52.3985 160.2515 37.5091
v -52.3985 146.8972 37.5091
v -53.2248 160.2515 31.245
v -53.2248 146.8972 31.245
v -46.715 120.1886 55.5404
v -43.7961 120.1886 61.1442
v -46.715 133.5429 55.5404
v -43.7961 133.5429 61.1442
v -36.5586 120.1886 71.4879
v -40.4025 120.1886 66.4739
v -36.5586 133.5429 71.4879
v -40.4025 133.5429 66.4739
v -36.5586 160.2515 71.4879
v -40.4025 160.2515 66.4739
v -40.4025 146.8972 66.4739
v -36.5586 146.8972 71.4879
v -43.7961 160.2515 61.1442
v -43.7961 146.8972 61.1442
v -46.715 160.2515 55.5404
v -46.715 146.8972 55.5404
v -32.2883 120.1886 76.1441
v -27.6288 120.1886 80.4116
v -32.2883 133.5429 76.1441
v -27.6288 133.5429 80.4116
v -17.29 120.1886 87.6561
v -22.617 120.1886 84.2593
v -17.29 133.5429 87.6561
v -22.617 133.5429 84.2593
v -17.29 160.2515 87.6561
v -22.617 160.2515 84.2593
v -22.617 146.8972 84.2593
v -17.29 146.8972 87.6561
v -27.6288 160.2515 80.4116
v -27.6288 146.8972 80.4116
v -32.2883 160.2515 76.1441
v -32.2883 146.8972 76.1441
v -11.6847 120.1886 90.5711
v -5.8467 120.1886 92.9875
v -11.6847 133.5429 90.5711
v -5.8467 133.5429 92.9875
v 6.3464 120.1886 96.2591
v 0.1789 120.1886 94.8891
v 6.3464 133.5429 96.2591
v 0.1789 133.5429 94.8891
v 6.3464 160.2515 96.2591
v 0.1789 160.2515 94.8891
v 0.1789 146.8972 94.8891
v 6.3464 146.8972 96.2591
v -5.8467 160.2515 92.9875
v -5.8467 146.8972 92.9875
v -11.6847 160.2515 90.5711
v -11.6847 146.8972 90.5711
v 12.6106 120.1886 97.0811
v 18.9231 120.1886 97.3551
v 12.6106 133.5429 97.0811
v 18.9231 133.5429 97.3551
v 31.4998 120.1886 96.2591
v 25.2356 120.1886 97.0811
v 31.4998 133.5429 96.2591
v 25.2356 133.5429 97.0811
v 31.4998 160.2515 96.2591
v 25.2356 160.2515 97.0811
v 25.2356 146.8972 97.0811
v 31.4998 146.8972 96.2591
v 18.9231 160.2515 97.3551
v 18.9231 146.8972 97.3551
v 12.6106 160.2515 97.0811
v 12.6106 146.8972 97.0811
v 37.6673 120.1886 94.8891
v 43.6928 120.1886 92.9876
v 37.6673 133.5429 94.8891
v 43.6928 133.5429 92.9876
v 55.1362 120.1886 87.6562
v 49.5309 120.1886 90.5711
v 55.1362 133.5429 87.6562
v 49.5309 133.5429 90.5711
v 55.1362 160.2515 87.6562
v 49.5309 160.2515 90.5711
v 49.5309 146.8972 90.5711
v 55.1362 146.8972 87.6562
v 43.6928 160.2515 92.9876
v 43.6928 146.8972 92.9876
v 37.6673 160.2515 94.8891
v 37.6673 146.8972 94.8891
v 60.4632 120.1886 84.2593
v 65.475 120.1886 80.4117
v 60.4632 133.5429 84.2593
v 65.475 133.5429 80.4117
v 74.4048 120.1886 71.4879
v 70.1345 120.1886 76.1442
v 74.4048 133.5429 71.4879
v 70.1345 133.5429 76.1442
v 74.4048 160.2515 71.4879
v 70.1345 160.2515 76.1442
v 70.1345 146.8972 76.1442
v 74.4048 146.8972 71.4879
v 65.475 160.2515 80.4117
v 65.475 146.8972 80.4117
v 60.4632 160.2515 84.2593
v 60.4632 146.8972 84.2593
v 78.2487 120.1886 66.474
v 81.6423 120.1886 61.1442
v 78.2487 133.5429 66.474
v 81.6423 133.5429 61.1442
v 86.9815 120.1886 49.7045
v 84.5612 120.1886 55.5404
v 86.9815 133.5429 49.7045
v 84.5612 133.5429 55.5404
v 86.9815 160.2515 49.7045
v 84.5612 160.2515 55.5404
v 84.5612 146.8972 55.5404
v 86.9815 146.8972 49.7045
v 81.6423 160.2515 61.1442
v 81.6423 146.8972 61.1442
v 78.2487 160.2515 66.474
v 78.2487 146.8972 66.474
v 88.8787 120.1886 43.6782
v 90.2448 120.1886 37.5092
v 88.8787 133.5429 43.6782
v 90.2448 133.5429 37.5092
v 91.0711 120.1886 31.245
v 91.0711 133.5429 31.245
v 91.0711 160.2515 31.245
v 91.0711 146.8972 31.245
v 90.2448 160.2515 37.5092
v 90.2448 146.8972 37.5092
v 88.8787 160.2515 43.6782
v 88.8787 146.8972 43.6782
v 91.0711 173.6058 18.6215
v 91.3493 173.6058 24.9332
v 90.2448 173.6058 12.3573
v 91.0711 186.9515 18.6215
v 91.3493 186.9514 24.9332
v 90.2448 186.9514 12.3573
v 86.9815 173.6058 0.162
v 88.8788 173.6058 6.1883
v 86.9815 186.9514 0.162
v 88.8788 186.9515 6.1883
v 86.9815 213.5823 0.162
v 88.8788 213.5823 6.1883
v 88.8788 200.2798 6.1883
v 86.9815 200.2798 0.162
v 90.2448 213.5823 12.3573
v 90.2448 200.2798 12.3573
v 91.0711 213.5823 18.6215
v 91.3493 213.5823 24.9332
v 91.3493 200.2798 24.9332
v 91.0711 200.2798 18.6215
v 84.5613 173.6058 -5.6739
v 81.6423 173.6058 -11.2777
v 84.5613 186.9515 -5.6739
v 81.6423 186.9514 -11.2777
v 74.4048 173.6058 -21.6214
v 78.2488 173.6058 -16.6075
v 74.4048 186.9514 -21.6214
v 78.2488 186.9515 -16.6075
v 74.4048 213.5823 -21.6214
v 78.2488 213.5823 -16.6075
v 78.2488 200.2798 -16.6075
v 74.4048 200.2798 -21.6214
v 81.6423 213.5823 -11.2777
v 81.6423 200.2798 -11.2777
v 84.5613 213.5823 -5.6739
v 84.5613 200.2798 -5.6739
v 70.1345 173.6058 -26.2777
v 65.475 173.6058 -30.5452
v 70.1345 186.9515 -26.2777
v 65.475 186.9514 -30.5452
v 55.1362 173.6058 -37.7897
v 60.4632 173.6058 -34.3929
v 55.1362 186.9514 -37.7897
v 60.4632 186.9515 -34.3929
v 55.1362 213.5823 -37.7897
v 60.4632 213.5823 -34.3929
v 60.4632 200.2798 -34.3929
v 55.1362 200.2798 -37.7897
v 65.475 213.5823 -30.5452
v 65.475 200.2798 -30.5452
v 70.1345 213.5823 -26.2777
v 70.1345 200.2798 -26.2777
v 49.531 173.6058 -40.7046
v 43.6929 173.6058 -43.1211
v 49.531 186.9515 -40.7046
v 43.6929 186.9514 -43.1211
v 31.4998 173.6058 -46.3926
v 37.6673 173.6058 -45.0226
v 31.4998 186.9514 -46.3926
v 37.6673 186.9515 -45.0226
v 31.4998 213.5823 -46.3926
v 37.6673 213.5823 -45.0226
v 37.6673 200.2798 -45.0226
v 31.4998 200.2798 -46.3926
v 43.6929 213.5823 -43.1211
v 43.6929 200.2798 -43.1211
v 49.531 213.5823 -40.7046
v 49.531 200.2798 -40.7046
v 25.2356 173.6058 -47.2146
v 18.9231 173.6058 -47.4887
v 25.2356 186.9515 -47.2147
v 18.9231 186.9514 -47.4887
v 6.3464 173.6058 -46.3926
v 12.6106 173.6058 -47.2147
v 6.3464 186.9514 -46.3926
v 12.6106 186.9515 -47.2147
v 6.3464 213.5823 -46.3926
v 12.6106 213.5823 -47.2147
v 12.6106 200.2798 -47.2146
v 6.3464 200.2798 -46.3926
v 18.9231 213.5823 -47.4887
v 18.9231 200.2798 -47.4887
v 25.2356 213.5823 -47.2147
v 25.2356 200.2798 -47.2147
v 0.1789 173.6058 -45.0226
v -5.8466 173.6058 -43.1211
v 0.1789 186.9515 -45.0226
v -5.8466 186.9514 -43.1211
v -17.29 173.6058 -37.7897
v -11.6847 173.6058 -40.7046
v -17.29 186.9514 -37.7897
v -11.6847 186.9515 -40.7046
v -17.29 213.5823 -37.7897
v -11.6847 213.5823 -40.7046
v -11.6847 200.2798 -40.7046
v -17.29 200.2798 -37.7897
v -5.8466 213.5823 -43.1211
v -5.8466 200.2798 -43.1211
v 0.1789 213.5823 -45.0226
v 0.1789 200.2798 -45.0226
v -22.617 173.6058 -34.3928
v -27.6288 173.6058 -30.5452
v -22.617 186.9515 -34.3928
v -27.6288 186.9514 -30.5452
v -36.5586 173.6058 -21.6214
v -32.2883 173.6058 -26.2777
v -36.5586 186.9514 -21.6214
v -32.2883 186.9515 -26.2777
v -36.5586 213.5823 -21.6214
v -32.2883 213.5823 -26.2777
v -32.2883 200.2798 -26.2777
v -36.5586 200.2798 -21.6214
v -27.6288 213.5823 -30.5452
v -27.6288 200.2798 -30.5452
v -22.617 213.5823 -34.3928
v -22.617 200.2798 -34.3928
v -40.4025 173.6058 -16.6075
v -43.7961 173.6058 -11.2777
v -40.4025 186.9515 -16.6075
v -43.7961 186.9514 -11.2777
v -49.1352 173.6058 0.162
v -46.715 173.6058 -5.6739
v -49.1352 186.9514 0.162
v -46.715 186.9515 -5.6739
v -49.1352 213.5823 0.162
v -46.715 213.5823 -5.6739
v -46.715 200.2798 -5.6739
v -49.1352 200.2798 0.162
v -43.7961 213.5823 -11.2777
v -43.7961 200.2798 -11.2777
v -40.4025 213.5823 -16.6075
v -40.4025 200.2798 -16.6075
v -51.0325 173.6058 6.1883
v -52.3985 173.6058 12.3573
v -51.0325 186.9515 6.1883
v -52.3985 186.9514 12.3573
v -53.5031 173.6058 24.9332
v -53.2248 173.6058 18.6215
v -53.5031 186.9514 24.9332
v -53.2248 186.9515 18.6215
v -53.5031 213.5823 24.9332
v -53.2248 213.5823 18.6215
v -53.2248 200.2798 18.6215
v -53.5031 200.2798 24.9332
v -52.3985 213.5823 12.3573
v -52.3985 200.2798 12.3573
v -51.0325 213.5823 6.1883
v -51.0325 200.2798 6.1883
v -53.2248 173.6058 31.245
v -52.3985 173.6058 37.5091
v -53.2248 186.9515 31.245
v -52.3985 186.9514 37.5091
v -49.1352 173.6058 49.7044
v -51.0325 173.6058 43.6782
v -49.1352 186.9514 49.7044
v -51.0325 186.9515 43.6782
v -49.1352 213.5823 49.7044
v -51.0325 213.5823 43.6782
v -51.0325 200.2798 43.6782
v -49.1352 200.2798 49.7044
v -52.3985 213.5823 37.5091
v -52.3985 200.2798 37.5091
v -53.2248 213.5823 31.245
v -53.2248 200.2798 31.245
v -46.715 173.6058 55.5404
v -43.7961 173.6058 61.1442
v -46.715 186.9515 55.5404
v -43.7961 186.9514 61.1442
v -36.5586 173.6058 71.4879
v -40.4025 173.6058 66.4739
v -36.5586 186.9514 71.4879
v -40.4025 186.9515 66.4739
v -36.5586 213.5823 71.4879
v -40.4025 213.5823 66.4739
v -40.4025 200.2798 66.4739
v -36.5586 200.2798 71.4879
v -43.7961 213.5823 61.1442
v -43.7961 200.2798 61.1442
v -46.715 213.5823 55.5404
v -46.715 200.2798 55.5404
v -32.2883 173.6058 76.1441
v -27.6288 173.6058 80.4116
v -32.2883 186.9515 76.1441
v -27.6288 186.9514 80.4116
v -17.29 173.6058 87.6561
v -22.617 173.6058 84.2593
v -17.29 186.9514 87.6561
v -22.617 186.9515 84.2593
v -17.29 213.5823 87.6561
v -22.617 213.5823 84.2593
v -22.617 200.2798 84.2593
v -17.29 200.2798 87.6561
v -27.6288 213.5823 80.4116
v -27.6288 200.2798 80.4116
v -32.2883 213.5823 76.1441
v -32.2883 200.2798 76.1441
v -11.6847 173.6058 90.5711
v -5.8467 173.6058 92.9875
v -11.6847 186.9515 90.5711
v -5.8467 186.9514 92.9875
v 6.3464 173.6058 96.2591
v 0.1789 173.6058 94.8891
v 6.3464 186.9514 96.2591
v 0.1789 186.9515 94.8891
v 6.3464 213.5823 96.2591
v 0.1789 213.5823 94.8891
v 0.1789 200.2798 94.8891
v 6.3464 200.2798 96.2591
v -5.8467 213.5823 92.9875
v -5.8467 200.2798 92.9875
v -11.6847 213.5823 90.5711
v -11.6847 200.2798 90.5711
v 12.6106 173.6058 97.0811
v 18.9231 173.6058 97.3551
v 12.6106 186.9515 97.0811
v 18.9231 186.9514 97.3551
v 31.4998 173.6058 96.2591
v 25.2356 173.6058 97.0811
v 31.4998 186.9514 96.2591
v 25.2356 186.9515 97.0811
v 31.4998 213.5823 96.2591
v 25.2356 213.5823 97.0811
v 25.2356 200.2798 97.0811
v 31.4998 200.2798 96.2591
v 18.9231 213.5823 97.3551
v 18.9231 200.2798 97.3551
v 12.6106 213.5823 97.0811
v 12.6106 200.2798 97.0811
v 37.6673 173.6058 94.8891
v 43.6928 173.6058 92.9876
v 37.6673 186.9515 94.8891
v 43.6928 186.9514 92.9876
v 55.1362 173.6058 87.6562
v 49.5309 173.6058 90.5711
v 55.1362 186.9514 87.6562
v 49.5309 186.9515 90.5711
v 55.1362 213.5823 87.6562
v 49.5309 213.5823 90.5711
v 49.5309 200.2798 90.5711
v 55.1362 200.2798 87.6562
v 43.6928 213.5823 92.9876
v 43.6928 200.2798 92.9876
v 37.6673 213.5823 94.8891
v 37.6673 200.2798 94.8891
v 60.4632 173.6058 84.2593
v 65.475 173.6058 80.4117
v 60.4632 186.9515 84.2593
v 65.475 186.9514 80.4117
v 74.4048 173.6058 71.4879
v 70.1345 173.6058 76.1442
v 74.4048 186.9514 71.4879
v 70.1345 186.9515 76.1442
v 74.4048 213.5823 71.4879
v 70.1345 213.5823 76.1442
v 70.1345 200.2798 76.1442
v 74.4048 200.2798 71.4879
v 65.475 213.5823 80.4117
v 65.475 200.2798 80.4117
v 60.4632 213.5823 84.2593
v 60.4632 200.2798 84.2593
v 78.2487 173.6058 66.474
v 81.6423 173.6058 61.1442
v 78.2487 186.9515 66.474
v 81.6423 186.9514 61.1442
v 86.9815 173.6058 49.7045
v 84.5612 173.6058 55.5404
v 86.9815 186.9514 49.7045
v 84.5612 186.9515 55.5404
v 86.9815 213.5823 49.7045
v 84.5612 213.5823 55.5404
v 84.5612 200.2798 55.5404
v 86.9815 200.2798 49.7045
v 81.6423 213.5823 61.1442
v 81.6423 200.2798 61.1442
v 78.2487 213.5823 66.474
v 78.2487 200.2798 66.474
v 88.8787 173.6058 43.6782
v 90.2448 173.6058 37.5092
v 88.8787 186.9515 43.6782
v 90.2448 186.9514 37.5092
v 91.0711 173.6058 31.245
v 91.0711 186.9515 31.245
v 91.0711 213.5823 31.245
v 91.0711 200.2798 31.245
v 90.2448 213.5823 37.5092
v 90.2448 200.2798 37.5092
v 88.8787 213.5823 43.6782
v 88.8787 200.2798 43.6782
v 91.0711 226.8503 18.6215
v 91.3493 226.8503 24.9332
v 90.2448 226.8503 12.3573
v 91.0711 239.2749 18.6215
v 91.3493 239.275 24.9332
v 90.2448 239.2749 12.3573
v 86.9815 226.8503 0.162
v 88.8788 226.8503 6.1883
v 86.9815 239.275 0.162
v 88.8788 239.2749 6.1883
v 86.9815 258.3595 0.162
v 88.8788 258.3595 6.1883
v 88.8788 250.0476 6.1883
v 86.9815 250.0476 0.162
v 90.2448 258.3595 12.3573
v 90.2448 250.0476 12.3573
v 91.0711 258.3595 18.6215
v 91.3493 258.3595 24.9332
v 91.3493 250.0476 24.9332
v 91.0711 250.0476 18.6215
v 84.5613 226.8503 -5.6739
v 81.6423 226.8503 -11.2777
v 84.5613 239.2749 -5.6739
v 81.6423 239.2749 -11.2777
v 74.4048 226.8503 -21.6214
v 78.2488 226.8503 -16.6075
v 74.4048 239.275 -21.6214
v 78.2488 239.2749 -16.6075
v 74.4048 258.3595 -21.6214
v 78.2488 258.3595 -16.6075
v 78.2488 250.0476 -16.6075
v 74.4048 250.0476 -21.6214
v 81.6423 258.3595 -11.2777
v 81.6423 250.0476 -11.2777
v 84.5613 258.3595 -5.6739
v 84.5613 250.0476 -5.6739
v 70.1345 226.8503 -26.2777
v 65.475 226.8503 -30.5452
v 70.1345 239.2749 -26.2777
v 65.475 239.2749 -30.5452
v 55.1362 226.8503 -37.7897
v 60.4632 226.8503 -34.3929
v 55.1362 239.275 -37.7897
v 60.4632 239.2749 -34.3929
v 55.1362 258.3595 -37.7897
v 60.4632 258.3595 -34.3929
v 60.4632 250.0476 -34.3929
v 55.1362 250.0476 -37.7897
v 65.475 258.3595 -30.5452
v 65.475 250.0476 -30.5452
v 70.1345 258.3595 -26.2777
v 70.1345 250.0476 -26.2777
v 49.531 226.8503 -40.7046
v 43.6929 226.8503 -43.1211
v 49.531 239.2749 -40.7046
v 43.6929 239.2749 -43.1211
v 31.4998 226.8503 -46.3926
v 37.6673 226.8503 -45.0226
v 31.4998 239.275 -46.3926
v 37.6673 239.2749 -45.0226
v 31.4998 258.3595 -46.3926
v 37.6673 258.3595 -45.0226
v 37.6673 250.0476 -45.0226
v 31.4998 250.0476 -46.3926
v 43.6929 258.3595 -43.1211
v 43.6929 250.0476 -43.1211
v 49.531 258.3595 -40.7046
v 49.531 250.0476 -40.7046
v 25.2356 226.8503 -47.2146
v 18.9231 226.8503 -47.4887
v 25.2356 239.2749 -47.2147
v 18.9231 239.2749 -47.4887
v 6.3464 226.8503 -46.3926
v 12.6106 226.8503 -47.2147
v 6.3464 239.275 -46.3926
v 12.6106 239.2749 -47.2147
v 6.3464 258.3595 -46.3926
v 12.6106 258.3595 -47.2147
v 12.6106 250.0476 -47.2146
v 6.3464 250.0476 -46.3926
v 18.9231 258.3595 -47.4887
v 18.9231 250.0476 -47.4887
v 25.2356 258.3595 -47.2147
v 25.2356 250.0476 -47.2147
v 0.1789 226.8503 -45.0226
v -5.8466 226.8503 -43.1211
v 0.1789 239.2749 -45.0226
v -5.8466 239.2749 -43.1211
v -17.29 226.8503 -37.7897
v -11.6847 226.8503 -40.7046
v -17.29 239.275 -37.7897
v -11.6847 239.2749 -40.7046
v -17.29 258.3595 -37.7897
v -11.6847 258.3595 -40.7046
v -11.6847 250.0476 -40.7046
v -17.29 250.0476 -37.7897
v -5.8466 258.3595 -43.1211
v -5.8466 250.0476 -43.1211
v 0.1789 258.3595 -45.0226
v 0.1789 250.0476 -45.0226
v -22.617 226.8503 -34.3928
v -27.6288 226.8503 -30.5452
v -22.617 239.2749 -34.3928
v -27.6288 239.2749 -30.5452
v -36.5586 226.8503 -21.6214
v -32.2883 226.8503 -26.2777
v -36.5586 239.275 -21.6214
v -32.2883 239.2749 -26.2777
v -36.5586 258.3595 -21.6214
v -32.2883 258.3595 -26.2777
v -32.2883 250.0476 -26.2777
v -36.5586 250.0476 -21.6214
v -27.6288 258.3595 -30.5452
v -27.6288 250.0476 -30.5452
v -22.617 258.3595 -34.3928
v -22.617 250.0476 -34.3928
v -40.4025 226.8503 -16.6075
v -43.7961 226.8503 -11.2777
v -40.4025 239.2749 -16.6075
v -43.7961 239.2749 -11.2777
v -49.1352 226.8503 0.162
v -46.715 226.8503 -5.6739
v -49.1352 239.275 0.162
v -46.715 239.2749 -5.6739
v -49.1352 258.3595 0.162
v -46.715 258.3595 -5.6739
v -46.715 250.0476 -5.6739
v -49.1352 250.0476 0.162
v -43.7961 258.3595 -11.2777
v -43.7961 250.0476 -11.2777
v -40.4025 258.3595 -16.6075
v -40.4025 250.0476 -16.6075
v -51.0325 226.8503 6.1883
v -52.3985 226.8503 12.3573
v -51.0325 239.2749 6.1883
v -52.3985 239.2749 12.3573
v -53.5031 226.8503 24.9332
v -53.2248 226.8503 18.6215
v -53.5031 239.275 24.9332
v -53.2248 239.2749 18.6215
v -53.5031 258.3595 24.9332
v -53.2248 258.3595 18.6215
v -53.2248 250.0476 18.6215
v -53.5031 250.0476 24.9332
v -52.3985 258.3595 12.3573
v -52.3985 250.0476 12.3573
v -51.0325 258.3595 6.1883
v -51.0325 250.0476 6.1883
v -53.2248 226.8503 31.245
v -52.3985 226.8503 37.5091
v -53.2248 239.2749 31.245
v -52.3985 239.2749 37.5091
v -49.1352 226.8503 49.7044
v -51.0325 226.8503 43.6782
v -49.1352 239.275 49.7044
v -51.0325 239.2749 43.6782
v -49.1352 258.3595 49.7044
v -51.0325 258.3595 43.6782
v -51.0325 250.0476 43.6782
v -49.1352 250.0476 49.7044
v -52.3985 258.3595 37.5091
v -52.3985 250.0476 37.5091
v -53.2248 258.3595 31.245
v -53.2248 250.0476 31.245
v -46.715 226.8503 55.5404
v -43.7961 226.8503 61.1442
v -46.715 239.2749 55.5404
v -43.7961 239.2749 61.1442
v -36.5586 226.8503 71.4879
v -40.4025 226.8503 66.4739
v -36.5586 239.275 71.4879
v -40.4025 239.2749 66.4739
v -36.5586 258.3595 71.4879
v -40.4025 258.3595 66.4739
v -40.4025 250.0476 66.4739
v -36.5586 250.0476 71.4879
v -43.7961 258.3595 61.1442
v -43.7961 250.0476 61.1442
v -46.715 258.3595 55.5404
v -46.715 250.0476 55.5404
v -32.2883 226.8503 76.1441
v -27.6288 226.8503 80.4116
v -32.2883 239.2749 76.1441
v -27.6288 239.2749 80.4116
v -17.29 226.8503 87.6561
v -22.617 226.8503 84.2593
v -17.29 239.275 87.6561
v -22.617 239.2749 84.2593
v -17.29 258.3595 87.6561
v -22.617 258.3595 84.2593
v -22.617 250.0476 84.2593
v -17.29 250.0476 87.6561
v -27.6288 258.3595 80.4116
v -27.6288 250.0476 80.4116
v -32.2883 258.3595 76.1441
v -32.2883 250.0476 76.1441
v -11.6847 226.8503 90.5711
v -5.8467 226.8503 92.9875
v -11.6847 239.2749 90.5711
v -5.8467 239.2749 92.9875
v 6.3464 226.8503 96.2591
v 0.1789 226.8503 94.8891
v 6.3464 239.275 96.2591
v 0.1789 239.2749 94.8891
v 6.3464 258.3595 96.2591
v 0.1789 258.3595 94.8891
v 0.1789 250.0476 94.8891
v 6.3464 250.0476 96.2591
v -5.8467 258.3595 92.9875
v -5.8467 250.0476 92.9875
v -11.6847 258.3595 90.5711
v -11.6847 250.0476 90.5711
v 12.6106 226.8503 97.0811
v 18.9231 226.8503 97.3551
v 12.6106 239.2749 97.0811
v 18.9231 239.2749 97.3551
v 31.4998 226.8503 96.2591
v 25.2356 226.8503 97.0811
v 31.4998 239.275 96.2591
v 25.2356 239.2749 97.0811
v 31.4998 258.3595 96.2591
v 25.2356 258.3595 97.0811
v 25.2356 250.0476 97.0811
v 31.4998 250.0476 96.2591
v 18.9231 258.3595 97.3551
v 18.9231 250.0476 97.3551
v 12.6106 258.3595 97.0811
v 12.6106 250.0476 97.0811
v 37.6673 226.8503 94.8891
v 43.6928 226.8503 92.9876
v 37.6673 239.2749 94.8891
v 43.6928 239.2749 92.9876
v 55.1362 226.8503 87.6562
v 49.5309 226.8503 90.5711
v 55.1362 239.275 87.6562
v 49.5309 239.2749 90.5711
v 55.1362 258.3595 87.6562
v 49.5309 258.3595 90.5711
v 49.5309 250.0476 90.5711
v 55.1362 250.0476 87.6562
v 43.6928 258.3595 92.9876
v 43.6928 250.0476 92.9876
v 37.6673 258.3595 94.8891
v 37.6673 250.0476 94.8891
v 60.4632 226.8503 84.2593
v 65.475 226.8503 80.4117
v 60.4632 239.2749 84.2593
v 65.475 239.2749 80.4117
v 74.4048 226.8503 71.4879
v 70.1345 226.8503 76.1442
v 74.4048 239.275 71.4879
v 70.1345 239.2749 76.1442
v 74.4048 258.3595 71.4879
v 70.1345 258.3595 76.1441
v 70.1345 250.0476 76.1442
v 74.4048 250.0476 71.4879
v 65.475 258.3595 80.4117
v 65.475 250.0476 80.4117
v 60.4632 258.3595 84.2593
v 60.4632 250.0476 84.2593
v 78.2487 226.8503 66.474
v 81.6423 226.8503 61.1442
v 78.2487 239.2749 66.474
v 81.6423 239.2749 61.1442
v 86.9815 226.8503 49.7045
v 84.5612 226.8503 55.5404
v 86.9815 239.275 49.7045
v 84.5612 239.2749 55.5404
v 86.9815 258.3595 49.7045
v 84.5612 258.3595 55.5404
v 84.5612 250.0476 55.5404
v 86.9815 250.0476 49.7045
v 81.6423 258.3595 61.1442
v 81.6423 250.0476 61.1442
v 78.2487 258.3595 66.474
v 78.2487 250.0476 66.474
v 88.8787 226.8503 43.6782
v 90.2448 226.8503 37.5092
v 88.8787 239.2749 43.6782
v 90.2448 239.2749 37.5092
v 91.0711 226.8503 31.245
v 91.0711 239.2749 31.245
v 91.0711 258.3595 31.245
v 91.0711 250.0476 31.245
v 90.2448 258.3595 37.5092
v 90.2448 250.0476 37.5092
v 88.8787 258.3595 43.6782
v 88.8787 250.0476 43.6782
v 88.6615 0.0283 6.2465
v 86.7701 0.0283 0.239
v 90.0232 0.0283 12.3964
v 88.4264 0.0071 6.3095
v 86.5414 0.0071 0.3222
v 89.7836 0.0071 12.4386
v 91.1243 0.0283 24.9332
v 90.847 0.0283 18.6411
v 90.881 0.0071 24.9332
v 90.6046 0.0071 18.6623
v 89.6582 0 24.9332
v 89.3864 0 18.7689
v 90.1462 0 18.7024
v 90.4209 0 24.9332
v 88.5794 0 12.6509
v 89.3305 0 12.5185
v 87.2453 0 6.626
v 85.3923 0 0.7404
v 86.1091 0 0.4795
v 87.982 0 6.4286
v 90.847 0.0283 31.2254
v 90.0232 0.0283 37.4701
v 90.6046 0.0071 31.2042
v 89.7836 0.0071 37.4279
v 86.7701 0.0283 49.6275
v 88.6615 0.0283 43.62
v 86.5414 0.0071 49.5443
v 88.4264 0.0071 43.557
v 85.3923 0 49.1261
v 87.2453 0 43.2405
v 87.982 0 43.4379
v 86.109 0 49.387
v 88.5794 0 37.2155
v 89.3305 0 37.348
v 89.3864 0 31.0976
v 90.1462 0 31.1641
v 84.3574 0.0283 55.4454
v 81.4475 0.0283 61.0317
v 84.1368 0.0071 55.3425
v 81.2368 0.0071 60.9101
v 74.2324 0.0283 71.3433
v 78.0645 0.0283 66.345
v 74.046 0.0071 71.1869
v 77.8652 0.0071 66.2054
v 73.1093 0 70.4009
v 76.8635 0 65.504
v 77.4883 0 65.9415
v 73.6936 0 70.8912
v 80.1778 0 60.2987
v 80.8383 0 60.68
v 83.0286 0 54.8258
v 83.7199 0 55.1481
v 69.9754 0.0283 75.9851
v 65.3304 0.0283 80.2393
v 69.8034 0.0071 75.813
v 65.174 0.0071 80.0529
v 55.0237 0.0283 87.4613
v 60.3342 0.0283 84.0751
v 54.902 0.0071 87.2506
v 60.1946 0.0071 83.8757
v 54.2906 0 86.1916
v 59.4933 0 82.8741
v 59.9307 0 83.4989
v 54.672 0 86.8521
v 64.388 0 79.1162
v 64.8783 0 79.7005
v 68.9387 0 74.9484
v 69.4781 0 75.4877
v 49.4359 0.0283 90.3672
v 43.6159 0.0283 92.7762
v 49.333 0.0071 90.1467
v 43.5327 0.0071 92.5475
v 31.4607 0.0283 96.0376
v 37.6091 0.0283 94.6718
v 31.4184 0.0071 95.7979
v 37.5461 0.0071 94.4367
v 31.2061 0 94.5937
v 37.2296 0 93.2556
v 37.427 0 93.9923
v 31.3385 0 95.3448
v 43.1145 0 91.3985
v 43.3753 0 92.1152
v 48.8162 0 89.0385
v 49.1386 0 89.7297
v 25.216 0.0283 96.857
v 18.9231 0.0283 97.1302
v 25.1948 0.0071 96.6146
v 18.9231 0.0071 96.8868
v 6.3855 0.0283 96.0376
v 12.6302 0.0283 96.857
v 6.4277 0.0071 95.7979
v 12.6514 0.0071 96.6146
v 6.6401 0 94.5936
v 12.758 0 95.3965
v 12.6915 0 96.1563
v 6.5076 0 95.3448
v 18.9231 0 95.6641
v 18.9231 0 96.4268
v 25.0882 0 95.3965
v 25.1547 0 96.1563
v 0.2371 0.0283 94.6718
v -5.7697 0.0283 92.7762
v 0.3001 0.0071 94.4367
v -5.6865 0.0071 92.5475
v -17.1775 0.0283 87.4613
v -11.5897 0.0283 90.3672
v -17.0558 0.0071 87.2506
v -11.4868 0.0071 90.1466
v -16.4444 0 86.1916
v -10.9701 0 89.0384
v -11.2924 0 89.7297
v -16.8258 0 86.8521
v -5.2683 0 91.3985
v -5.5291 0 92.1152
v 0.6165 0 93.2556
v 0.4191 0 93.9923
v -22.488 0.0283 84.075
v -27.4842 0.0283 80.2393
v -22.3484 0.0071 83.8757
v -27.3278 0.0071 80.0529
v -36.3862 0.0283 71.3433
v -32.1292 0.0283 75.985
v -36.1998 0.0071 71.1869
v -31.9572 0.0071 75.813
v -35.2631 0 70.4008
v -31.0925 0 74.9483
v -31.6319 0 75.4877
v -35.8474 0 70.8911
v -26.5418 0 79.1162
v -27.0321 0 79.7005
v -21.6471 0 82.8741
v -22.0845 0 83.4988
v -40.2183 0.0283 66.3449
v -43.6013 0.0283 61.0317
v -40.0189 0.0071 66.2053
v -43.3905 0.0071 60.91
v -48.9239 0.0283 49.6275
v -46.5112 0.0283 55.4453
v -48.6952 0.0071 49.5443
v -46.2906 0.0071 55.3425
v -47.5461 0 49.126
v -45.1824 0 54.8257
v -45.8736 0 55.148
v -48.2628 0 49.3869
v -42.3316 0 60.2986
v -42.9921 0 60.68
v -39.0173 0 65.504
v -39.6421 0 65.9414
v -50.8152 0.0283 43.6199
v -52.177 0.0283 37.4701
v -50.5802 0.0071 43.557
v -51.9374 0.0071 37.4278
v -53.2781 0.0283 24.9332
v -53.0007 0.0283 31.2254
v -53.0348 0.0071 24.9332
v -52.7583 0.0071 31.2042
v -51.8119 0 24.9332
v -51.5402 0 31.0976
v -52.3 0 31.1641
v -52.5747 0 24.9332
v -50.7332 0 37.2155
v -51.4843 0 37.3479
v -49.3991 0 43.2405
v -50.1358 0 43.4379
v -53.0007 0.0283 18.6411
v -52.177 0.0283 12.3964
v -52.7583 0.0071 18.6623
v -51.9374 0.0071 12.4386
v -48.9239 0.0283 0.239
v -50.8153 0.0283 6.2465
v -48.6952 0.0071 0.3222
v -50.5802 0.0071 6.3095
v -47.5461 0 0.7404
v -49.3991 0 6.626
v -50.1358 0 6.4286
v -48.2628 0 0.4795
v -50.7332 0 12.6509
v -51.4843 0 12.5185
v -51.5402 0 18.7688
v -52.3 0 18.7024
v -46.5112 0.0283 -5.5789
v -43.6013 0.0283 -11.1652
v -46.2906 0.0071 -5.476
v -43.3905 0.0071 -11.0436
v -36.3862 0.0283 -21.4768
v -40.2183 0.0283 -16.4785
v -36.1998 0.0071 -21.3204
v -40.0189 0.0071 -16.3389
v -35.2631 0 -20.5344
v -39.0173 0 -15.6375
v -39.6421 0 -16.075
v -35.8474 0 -21.0247
v -42.3316 0 -10.4322
v -42.9921 0 -10.8135
v -45.1824 0 -4.9593
v -45.8736 0 -5.2816
v -32.1292 0.0283 -26.1186
v -27.4842 0.0283 -30.3728
v -31.9572 0.0071 -25.9465
v -27.3278 0.0071 -30.1864
v -17.1775 0.0283 -37.5949
v -22.488 0.0283 -34.2086
v -17.0558 0.0071 -37.3841
v -22.3484 0.0071 -34.0093
v -16.4444 0 -36.3251
v -21.647 0 -33.0076
v -22.0845 0 -33.6324
v -16.8258 0 -36.9857
v -26.5418 0 -29.2498
v -27.032 0 -29.834
v -31.0925 0 -25.0819
v -31.6318 0 -25.6212
v -11.5897 0.0283 -40.5007
v -5.7697 0.0283 -42.9097
v -11.4868 0.0071 -40.2802
v -5.6865 0.0071 -42.681
v 6.3855 0.0283 -46.1711
v 0.2371 0.0283 -44.8053
v 6.4278 0.0071 -45.9314
v 0.3001 0.0071 -44.5703
v 6.6401 0 -44.7272
v 0.6166 0 -43.3892
v 0.4192 0 -44.1259
v 6.5077 0 -45.4783
v -5.2683 0 -41.532
v -5.5291 0 -42.2487
v -10.97 0 -39.172
v -11.2924 0 -39.8632
v 12.6302 0.0283 -46.9906
v 18.9231 0.0283 -47.2637
v 12.6514 0.0071 -46.7481
v 18.9231 0.0071 -47.0204
v 31.4607 0.0283 -46.1711
v 25.216 0.0283 -46.9906
v 31.4185 0.0071 -45.9314
v 25.1948 0.0071 -46.7481
v 31.2061 0 -44.7272
v 25.0882 0 -45.53
v 25.1547 0 -46.2898
v 31.3386 0 -45.4783
v 18.9231 0 -45.7976
v 18.9231 0 -46.5603
v 12.758 0 -45.53
v 12.6915 0 -46.2898
v 37.6091 0.0283 -44.8053
v 43.6159 0.0283 -42.9097
v 37.5461 0.0071 -44.5703
v 43.5327 0.0071 -42.6811
v 55.0237 0.0283 -37.5949
v 49.4359 0.0283 -40.5007
v 54.9021 0.0071 -37.3841
v 49.333 0.0071 -40.2802
v 54.2906 0 -36.3251
v 48.8163 0 -39.172
v 49.1386 0 -39.8632
v 54.672 0 -36.9857
v 43.1145 0 -41.532
v 43.3754 0 -42.2487
v 37.2297 0 -43.3892
v 37.4271 0 -44.1259
v 60.3342 0.0283 -34.2086
v 65.3304 0.0283 -30.3728
v 60.1946 0.0071 -34.0093
v 65.174 0.0071 -30.1864
v 74.2325 0.0283 -21.4768
v 69.9755 0.0283 -26.1186
v 74.0461 0.0071 -21.3204
v 69.8034 0.0071 -25.9465
v 73.1093 0 -20.5344
v 68.9388 0 -25.0819
v 69.4781 0 -25.6212
v 73.6936 0 -21.0247
v 64.388 0 -29.2498
v 64.8783 0 -29.834
v 59.4933 0 -33.0076
v 59.9307 0 -33.6324
v 78.0645 0.0283 -16.4785
v 81.4475 0.0283 -11.1652
v 77.8652 0.0071 -16.3389
v 81.2368 0.0071 -11.0436
v 84.3574 0.0283 -5.5789
v 84.1369 0.0071 -5.476
v 83.0286 0 -4.9593
v 83.7199 0 -5.2816
v 80.1778 0 -10.4322
v 80.8383 0 -10.8135
v 76.8635 0 -15.6375
v 77.4883 0 -16.075
v 91.22 266.9995 24.9332
v 90.9423 266.9995 18.6327
v 90.8136 267.0513 18.644
v 91.0908 267.0513 24.9332
v 90.1175 266.9995 12.3797
v 89.9902 267.0513 12.4022
v 90.5538 267.0772 18.6667
v 90.83 267.0772 24.9332
v 89.7334 267.0772 12.4475
v 88.7539 266.9995 6.2217
v 86.86 266.9995 0.2062
v 86.7386 267.0513 0.2504
v 88.6291 267.0513 6.2552
v 86.4935 267.0772 0.3396
v 88.3772 267.0772 6.3227
v 85.3323 267.0858 0.7623
v 87.1836 267.0858 6.6425
v 87.9211 267.0858 6.4449
v 86.0497 267.0858 0.5011
v 88.5165 267.0859 12.662
v 89.2684 267.0858 12.5295
v 89.3228 267.0858 18.7744
v 89.5943 267.0858 24.9332
v 90.3578 267.0858 24.9332
v 90.0834 267.0858 18.7079
v 84.4441 266.9995 -5.6193
v 84.327 267.0513 -5.5647
v 81.5304 266.9995 -11.2131
v 81.4185 267.0513 -11.1485
v 84.0906 267.0772 -5.4545
v 81.1926 267.0772 -11.0181
v 78.1429 266.9995 -16.5334
v 74.3058 266.9995 -21.5383
v 74.2068 267.0513 -21.4553
v 78.037 267.0513 -16.4592
v 74.007 267.0772 -21.2876
v 77.8234 267.0772 -16.3096
v 73.0604 267.0858 -20.4933
v 76.8112 267.0858 -15.6009
v 77.4366 267.0858 -16.0388
v 73.6452 267.0858 -20.9841
v 80.1225 267.0859 -10.4003
v 80.7837 267.0858 -10.782
v 82.9707 267.0858 -4.9323
v 83.6627 267.0858 -5.2549
v 70.0431 266.9995 -26.1863
v 69.9518 267.0513 -26.0949
v 65.3919 266.9995 -30.4462
v 65.3089 267.0513 -30.3471
v 69.7673 267.0772 -25.9105
v 65.1412 267.0772 -30.1474
v 60.3891 266.9995 -34.287
v 55.0716 266.9995 -37.6777
v 55.007 267.0513 -37.5658
v 60.315 267.0513 -34.1811
v 54.8766 267.0772 -37.34
v 60.1654 267.0772 -33.9675
v 54.2587 267.0858 -36.2698
v 59.4566 267.0858 -32.9553
v 59.8945 267.0858 -33.5807
v 54.6404 267.0858 -36.931
v 64.347 267.0859 -29.2008
v 64.8377 267.0858 -29.7856
v 68.8936 267.0858 -25.0367
v 69.4334 267.0858 -25.5766
v 49.4763 266.9995 -40.5875
v 49.4217 267.0513 -40.4703
v 43.6487 266.9995 -42.9996
v 43.6045 267.0513 -42.8782
v 49.3115 267.0772 -40.234
v 43.5153 267.0772 -42.6331
v 37.6339 266.9995 -44.8978
v 31.4773 266.9995 -46.2653
v 31.4549 267.0513 -46.1381
v 37.6004 267.0513 -44.7729
v 31.4096 267.0772 -45.8812
v 37.5329 267.0772 -44.521
v 31.195 267.0858 -44.6643
v 37.2131 267.0858 -43.3274
v 37.4107 267.0858 -44.0649
v 31.3276 267.0858 -45.4162
v 43.0926 267.0859 -41.472
v 43.3538 267.0858 -42.1894
v 48.7893 267.0858 -39.1141
v 49.1119 267.0858 -39.806
v 25.2243 266.9995 -47.0859
v 25.2131 267.0513 -46.9571
v 18.9231 266.9995 -47.3594
v 18.9231 267.0513 -47.2302
v 25.1903 267.0772 -46.6973
v 18.9231 267.0772 -46.9694
v 12.6219 266.9995 -47.0859
v 6.3689 266.9995 -46.2654
v 6.3913 267.0513 -46.1381
v 12.6331 267.0513 -46.9571
v 6.4366 267.0772 -45.8812
v 12.6559 267.0772 -46.6973
v 6.6512 267.0858 -44.6643
v 12.7636 267.0858 -45.4664
v 12.697 267.0858 -46.2269
v 6.5186 267.0858 -45.4162
v 18.9231 267.0859 -45.7338
v 18.9231 267.0858 -46.4972
v 25.0826 267.0858 -45.4664
v 25.1492 267.0858 -46.2269
v 0.2123 266.9995 -44.8978
v 0.2458 267.0513 -44.7729
v -5.8024 266.9995 -42.9996
v -5.7582 267.0513 -42.8782
v 0.3133 267.0772 -44.521
v -5.669 267.0772 -42.6331
v -11.6301 266.9995 -40.5875
v -17.2254 266.9995 -37.6777
v -17.1607 267.0513 -37.5658
v -11.5755 267.0513 -40.4703
v -17.0303 267.0772 -37.34
v -11.4653 267.0772 -40.234
v -16.4125 267.0858 -36.2698
v -10.943 267.0858 -39.1141
v -11.2657 267.0858 -39.806
v -16.7942 267.0858 -36.931
v -5.2464 267.0859 -41.472
v -5.5075 267.0858 -42.1894
v 0.6331 267.0858 -43.3274
v 0.4355 267.0858 -44.0649
v -22.5429 266.9995 -34.287
v -22.4687 267.0513 -34.1811
v -27.5457 266.9995 -30.4462
v -27.4626 267.0513 -30.3471
v -22.3192 267.0772 -33.9675
v -27.295 267.0772 -30.1474
v -32.1969 266.9995 -26.1863
v -36.4595 266.9995 -21.5383
v -36.3605 267.0513 -21.4553
v -32.1055 267.0513 -26.0949
v -36.1607 267.0772 -21.2876
v -31.9211 267.0772 -25.9105
v -35.2141 267.0858 -20.4933
v -31.0474 267.0858 -25.0367
v -31.5872 267.0858 -25.5766
v -35.799 267.0858 -20.9841
v -26.5007 267.0859 -29.2008
v -26.9915 267.0858 -29.7856
v -21.6104 267.0858 -32.9553
v -22.0483 267.0858 -33.5807
v -40.2967 266.9995 -16.5334
v -40.1908 267.0513 -16.4592
v -43.6842 266.9995 -11.2131
v -43.5722 267.0513 -11.1485
v -39.9772 267.0772 -16.3096
v -43.3464 267.0772 -11.0181
v -46.5979 266.9995 -5.6193
v -49.0138 266.9995 0.2062
v -48.8923 267.0513 0.2504
v -46.4808 267.0513 -5.5647
v -48.6472 267.0772 0.3396
v -46.2444 267.0772 -5.4545
v -47.4861 267.0858 0.7623
v -45.1245 267.0858 -4.9323
v -45.8164 267.0858 -5.2549
v -48.2035 267.0858 0.5011
v -42.2763 267.0859 -10.4003
v -42.9374 267.0858 -10.782
v -38.965 267.0858 -15.6009
v -39.5904 267.0858 -16.0388
v -50.9077 266.9995 6.2217
v -50.7828 267.0513 6.2552
v -52.2712 266.9995 12.3797
v -52.144 267.0513 12.4022
v -50.5309 267.0772 6.3227
v -51.8871 267.0772 12.4475
v -53.0961 266.9995 18.6327
v -53.3738 266.9995 24.9332
v -53.2446 267.0513 24.9332
v -52.9673 267.0513 18.644
v -52.9838 267.0772 24.9332
v -52.7075 267.0772 18.6667
v -51.748 267.0858 24.9332
v -51.4766 267.0858 18.7744
v -52.2371 267.0858 18.7079
v -52.5115 267.0858 24.9332
v -50.6703 267.0859 12.662
v -51.4221 267.0858 12.5295
v -49.3374 267.0858 6.6425
v -50.0748 267.0858 6.4449
v -53.0961 266.9995 31.2337
v -52.9673 267.0513 31.2224
v -52.2712 266.9995 37.4867
v -52.144 267.0513 37.4643
v -52.7075 267.0772 31.1997
v -51.8871 267.0772 37.419
v -50.9077 266.9995 43.6447
v -49.0138 266.9995 49.6602
v -48.8923 267.0513 49.616
v -50.7828 267.0513 43.6113
v -48.6472 267.0772 49.5268
v -50.5309 267.0772 43.5438
v -47.4861 267.0858 49.1042
v -49.3374 267.0858 43.2239
v -50.0748 267.0858 43.4215
v -48.2035 267.0858 49.3653
v -50.6703 267.0859 37.2044
v -51.4221 267.0858 37.337
v -51.4766 267.0858 31.092
v -52.2371 267.0858 31.1586
v -46.5979 266.9995 55.4858
v -46.4808 267.0513 55.4311
v -43.6842 266.9995 61.0795
v -43.5722 267.0513 61.0149
v -46.2444 267.0772 55.3209
v -43.3464 267.0772 60.8845
v -40.2967 266.9995 66.3998
v -36.4596 266.9995 71.4048
v -36.3605 267.0513 71.3217
v -40.1908 267.0513 66.3257
v -36.1608 267.0772 71.1541
v -39.9772 267.0772 66.1761
v -35.2141 267.0858 70.3598
v -38.965 267.0858 65.4673
v -39.5904 267.0858 65.9052
v -35.799 267.0858 70.8505
v -42.2763 267.0859 60.2667
v -42.9374 267.0858 60.6484
v -45.1245 267.0858 54.7987
v -45.8164 267.0858 55.1214
v -32.1969 266.9995 76.0527
v -32.1055 267.0513 75.9613
v -27.5457 266.9995 80.3126
v -27.4626 267.0513 80.2136
v -31.9211 267.0772 75.7769
v -27.295 267.0772 80.0138
v -22.5429 266.9995 84.1534
v -17.2254 266.9995 87.5442
v -17.1607 267.0513 87.4323
v -22.4688 267.0513 84.0476
v -17.0303 267.0772 87.2064
v -22.3192 267.0772 83.8339
v -16.4125 267.0858 86.1362
v -21.6104 267.0858 82.8217
v -22.0483 267.0858 83.4471
v -16.7942 267.0858 86.7974
v -26.5008 267.0859 79.0673
v -26.9915 267.0858 79.6521
v -31.0474 267.0858 74.9032
v -31.5872 267.0858 75.443
v -11.6301 266.9995 90.4539
v -11.5755 267.0513 90.3368
v -5.8024 266.9995 92.8661
v -5.7582 267.0513 92.7446
v -11.4653 267.0772 90.1004
v -5.6691 267.0772 92.4996
v 0.2123 266.9995 94.7642
v 6.3689 266.9995 96.1318
v 6.3913 267.0513 96.0045
v 0.2458 267.0513 94.6394
v 6.4366 267.0772 95.7477
v 0.3133 267.0772 94.3875
v 6.6512 267.0858 94.5307
v 0.6331 267.0858 93.1939
v 0.4355 267.0858 93.9314
v 6.5186 267.0858 95.2826
v -5.2464 267.0859 91.3385
v -5.5075 267.0858 92.0559
v -10.9431 267.0858 88.9805
v -11.2657 267.0858 89.6725
v 12.6219 266.9995 96.9524
v 12.6331 267.0513 96.8236
v 18.9231 266.9995 97.2259
v 18.9231 267.0513 97.0966
v 12.6559 267.0772 96.5638
v 18.9231 267.0772 96.8358
v 25.2243 266.9995 96.9524
v 31.4773 266.9995 96.1318
v 31.4549 267.0513 96.0045
v 25.2131 267.0513 96.8236
v 31.4096 267.0772 95.7477
v 25.1903 267.0772 96.5638
v 31.195 267.0858 94.5308
v 25.0826 267.0858 95.3329
v 25.1492 267.0858 96.0934
v 31.3276 267.0858 95.2826
v 18.9231 267.0859 95.6002
v 18.9231 267.0858 96.3637
v 12.7636 267.0858 95.3328
v 12.697 267.0858 96.0934
v 37.6339 266.9995 94.7642
v 37.6004 267.0513 94.6394
v 43.6486 266.9995 92.8661
v 43.6044 267.0513 92.7447
v 37.5329 267.0772 94.3875
v 43.5152 267.0772 92.4996
v 49.4763 266.9995 90.4539
v 55.0715 266.9995 87.5442
v 55.0069 267.0513 87.4323
v 49.4217 267.0513 90.3368
v 54.8765 267.0772 87.2064
v 49.3115 267.0772 90.1004
v 54.2587 267.0858 86.1363
v 48.7892 267.0858 88.9806
v 49.1119 267.0858 89.6725
v 54.6404 267.0858 86.7975
v 43.0926 267.0859 91.3385
v 43.3537 267.0858 92.0559
v 37.2131 267.0858 93.1939
v 37.4107 267.0858 93.9314
v 60.3891 266.9995 84.1535
v 60.3149 267.0513 84.0476
v 65.3919 266.9995 80.3126
v 65.3088 267.0513 80.2136
v 60.1654 267.0772 83.834
v 65.1412 267.0772 80.0139
v 70.0431 266.9995 76.0528
v 74.3058 266.9995 71.4048
v 74.2067 267.0513 71.3218
v 69.9517 267.0513 75.9614
v 74.007 267.0772 71.1541
v 69.7673 267.0772 75.777
v 73.0603 267.0858 70.3598
v 68.8936 267.0858 74.9032
v 69.4334 267.0858 75.4431
v 73.6452 267.0858 70.8506
v 64.3469 267.0859 79.0673
v 64.8377 267.0858 79.6521
v 59.4566 267.0858 82.8218
v 59.8945 267.0858 83.4472
v 78.1429 266.9995 66.3999
v 78.037 267.0513 66.3257
v 81.5304 266.9995 61.0796
v 81.4184 267.0513 61.015
v 77.8234 267.0772 66.1761
v 81.1926 267.0772 60.8846
v 84.4441 266.9995 55.4858
v 86.86 266.9995 49.6603
v 86.7385 267.0513 49.6161
v 84.327 267.0513 55.4312
v 86.4935 267.0772 49.5269
v 84.0906 267.0772 55.321
v 85.3323 267.0858 49.1042
v 82.9707 267.0858 54.7988
v 83.6627 267.0858 55.1214
v 86.0497 267.0858 49.3654
v 80.1225 267.0859 60.2668
v 80.7837 267.0858 60.6485
v 76.8112 267.0858 65.4674
v 77.4366 267.0858 65.9053
v 88.7539 266.9995 43.6448
v 88.6291 267.0513 43.6113
v 90.1175 266.9995 37.4867
v 89.9902 267.0513 37.4643
v 88.3772 267.0772 43.5438
v 89.7334 267.0772 37.419
v 90.9423 266.9995 31.2337
v 90.8136 267.0513 31.2225
v 90.5537 267.0772 31.1997
v 89.3228 267.0858 31.0921
v 90.0833 267.0858 31.1586
v 88.5165 267.0859 37.2044
v 89.2683 267.0858 37.337
v 87.1836 267.0858 43.224
v 87.921 267.0858 43.4216
v 30.1082 266.9018 -38.5007
v 24.5372 266.9018 -39.2318
v 24.5331 266.7178 -39.1852
v 30.1001 266.7178 -38.4546
v 18.9231 266.9018 -39.4755
v 18.9231 266.7178 -39.4287
v 24.531 262.3663 -39.1618
v 30.096 262.3663 -38.4316
v 18.9231 262.3663 -39.4053
v 13.3091 266.9018 -39.2318
v 7.738 266.9018 -38.5007
v 7.7461 266.7178 -38.4546
v 13.3131 266.7178 -39.1852
v 7.7502 262.3663 -38.4316
v 13.3152 262.3663 -39.1618
v 7.7515 224.7855 -38.4239
v 13.3159 224.7855 -39.1541
v 13.3159 249.7535 -39.1541
v 7.7515 249.7535 -38.4239
v 18.9231 224.7855 -39.3975
v 18.9231 249.7535 -39.3975
v 24.5304 224.7855 -39.1541
v 30.0947 224.7855 -38.4239
v 30.0947 249.7535 -38.4239
v 24.5304 249.7535 -39.1541
v 51.1294 266.9018 -30.8497
v 46.1443 266.9018 -33.442
v 46.1245 266.7178 -33.3996
v 51.106 266.7178 -30.8091
v 40.9522 266.9018 -35.5912
v 40.9362 266.7178 -35.5472
v 46.1146 262.3663 -33.3784
v 51.0943 262.3663 -30.7888
v 40.9282 262.3663 -35.5252
v 35.5934 266.9018 -37.2823
v 35.5813 266.7178 -37.2371
v 35.5752 262.3663 -37.2145
v 35.5732 224.7855 -37.2069
v 35.5732 249.7535 -37.2069
v 40.9255 224.7855 -35.5178
v 40.9255 249.7535 -35.5179
v 46.1114 224.7855 -33.3713
v 51.0904 224.7855 -30.7821
v 51.0904 249.7535 -30.7821
v 46.1114 249.7535 -33.3713
v 68.266 266.9018 -16.4703
v 64.4682 266.9018 -20.6114
v 64.4351 266.7178 -20.5783
v 68.2301 266.7178 -16.4403
v 60.3242 266.9018 -24.4067
v 60.2942 266.7178 -24.3708
v 64.4186 262.3663 -20.5617
v 68.2122 262.3663 -16.4252
v 60.2791 262.3663 -24.3529
v 55.867 266.9018 -27.8287
v 55.8401 266.7178 -27.7903
v 55.8267 262.3663 -27.7712
v 55.8222 224.7855 -27.7648
v 55.8223 249.7535 -27.7648
v 60.2741 224.7855 -24.3469
v 60.2741 249.7535 -24.3469
v 64.413 224.7855 -20.5562
v 68.2062 224.7855 -16.4202
v 68.2062 249.7535 -16.4202
v 64.413 249.7535 -20.5562
v 79.4511 266.9018 2.9029
v 77.2987 266.9018 -2.2874
v 77.2563 266.7178 -2.2676
v 79.4071 266.7178 2.9189
v 74.7027 266.9018 -7.2711
v 74.6622 266.7178 -7.2477
v 77.235 262.3663 -2.2577
v 79.3851 262.3663 2.9269
v 74.6419 262.3663 -7.236
v 71.6846 266.9018 -12.0112
v 71.6463 266.7178 -11.9843
v 71.6271 262.3663 -11.9709
v 71.6207 224.7855 -11.9664
v 71.6207 249.7535 -11.9664
v 74.6351 224.7855 -7.2321
v 74.6351 249.7535 -7.2321
v 77.228 224.7855 -2.2544
v 79.3778 224.7855 2.9295
v 79.3778 249.7535 2.9295
v 77.228 249.7535 -2.2544
v 83.3356 266.9018 24.9332
v 83.0882 266.9018 19.3198
v 83.0416 266.7178 19.3239
v 83.2888 266.7178 24.9332
v 82.3533 266.9018 13.7488
v 82.3072 266.7178 13.7569
v 83.0183 262.3663 19.326
v 83.2654 262.3663 24.9332
v 82.2842 262.3663 13.761
v 81.1385 266.9018 8.2623
v 81.0933 266.7178 8.2745
v 81.0706 262.3663 8.2805
v 81.0631 224.7855 8.2825
v 81.0631 249.7535 8.2825
v 82.2765 224.7855 13.7623
v 82.2765 249.7535 13.7623
v 83.0105 224.7855 19.3266
v 83.2576 224.7855 24.9332
v 83.2576 249.7535 24.9332
v 83.0105 249.7535 19.3266
v 79.4511 266.9018 46.9636
v 81.1385 266.9018 41.6042
v 81.0932 266.7178 41.592
v 79.4071 266.7178 46.9476
v 82.3533 266.9018 36.1177
v 82.3072 266.7178 36.1096
v 81.0706 262.3663 41.586
v 79.3851 262.3663 46.9396
v 82.2842 262.3663 36.1055
v 83.0882 266.9018 30.5466
v 83.0416 266.7178 30.5426
v 83.0183 262.3663 30.5405
v 83.0105 224.7855 30.5398
v 83.0105 249.7535 30.5398
v 82.2765 224.7855 36.1042
v 82.2765 249.7535 36.1042
v 81.0631 224.7855 41.584
v 79.3778 224.7855 46.937
v 79.3778 249.7535 46.937
v 81.0631 249.7535 41.584
v 68.266 266.9018 66.3368
v 71.6846 266.9018 61.8777
v 71.6463 266.7178 61.8508
v 68.2301 266.7178 66.3067
v 74.7027 266.9018 57.1376
v 74.6621 266.7178 57.1142
v 71.6271 262.3663 61.8374
v 68.2122 262.3663 66.2917
v 74.6419 262.3663 57.1025
v 77.2987 266.9018 52.1539
v 77.2562 266.7178 52.1341
v 77.235 262.3663 52.1242
v 77.228 224.7855 52.1209
v 77.228 249.7535 52.1209
v 74.6351 224.7855 57.0986
v 74.6351 249.7535 57.0986
v 71.6207 224.7855 61.8329
v 68.2062 224.7855 66.2867
v 68.2062 249.7535 66.2867
v 71.6207 249.7535 61.8329
v 51.1293 266.9018 80.7161
v 55.867 266.9018 77.6951
v 55.8401 266.7178 77.6568
v 51.1059 266.7178 80.6756
v 60.3242 266.9018 74.2732
v 60.2941 266.7178 74.2373
v 55.8267 262.3663 77.6376
v 51.0942 262.3663 80.6553
v 60.2791 262.3663 74.2194
v 64.4682 266.9018 70.4779
v 64.4351 266.7178 70.4448
v 64.4185 262.3663 70.4282
v 64.413 224.7855 70.4227
v 64.413 249.7535 70.4227
v 60.2741 224.7855 74.2134
v 60.2741 249.7535 74.2134
v 55.8222 224.7855 77.6312
v 51.0903 224.7855 80.6486
v 51.0903 249.7535 80.6486
v 55.8222 249.7535 77.6312
v 30.1082 266.9018 88.3672
v 35.5933 266.9018 87.1488
v 35.5812 266.7178 87.1035
v 30.1001 266.7178 88.3211
v 40.9522 266.9018 85.4576
v 40.9362 266.7178 85.4137
v 35.5752 262.3663 87.0809
v 30.096 262.3663 88.298
v 40.9282 262.3663 85.3917
v 46.1443 266.9018 83.3085
v 46.1245 266.7178 83.2661
v 46.1146 262.3663 83.2449
v 46.1113 224.7855 83.2378
v 46.1113 249.7535 83.2378
v 40.9255 224.7855 85.3843
v 40.9255 249.7535 85.3843
v 35.5732 224.7855 87.0734
v 30.0947 224.7855 88.2904
v 30.0947 249.7535 88.2904
v 35.5732 249.7535 87.0734
v 7.738 266.9018 88.3672
v 13.309 266.9018 89.0983
v 13.3131 266.7178 89.0516
v 7.7461 266.7178 88.3211
v 18.9231 266.9018 89.3419
v 18.9231 266.7178 89.2951
v 13.3152 262.3663 89.0283
v 7.7502 262.3663 88.298
v 18.9231 262.3663 89.2717
v 24.5371 266.9018 89.0983
v 24.5331 266.7178 89.0516
v 24.531 262.3663 89.0283
v 24.5303 224.7855 89.0205
v 24.5303 249.7535 89.0205
v 18.9231 224.7855 89.2639
v 18.9231 249.7535 89.2639
v 13.3158 224.7855 89.0205
v 7.7515 224.7855 88.2904
v 7.7515 249.7535 88.2904
v 13.3158 249.7535 89.0205
v -13.2832 266.9018 80.7161
v -8.2981 266.9018 83.3085
v -8.2783 266.7178 83.2661
v -13.2598 266.7178 80.6756
v -3.106 266.9018 85.4576
v -3.09 266.7178 85.4136
v -8.2684 262.3663 83.2449
v -13.2481 262.3663 80.6553
v -3.082 262.3663 85.3916
v 2.2528 266.9018 87.1487
v 2.265 266.7178 87.1035
v 2.271 262.3663 87.0809
v 2.273 224.7855 87.0734
v 2.273 249.7535 87.0734
v -3.0793 224.7855 85.3843
v -3.0793 249.7535 85.3843
v -8.2651 224.7855 83.2378
v -13.2442 224.7855 80.6485
v -13.2442 249.7535 80.6485
v -8.2651 249.7535 83.2378
v -30.4198 266.9018 66.3368
v -26.622 266.9018 70.4778
v -26.5889 266.7178 70.4447
v -30.3839 266.7178 66.3067
v -22.478 266.9018 74.2732
v -22.4479 266.7178 74.2373
v -26.5723 262.3663 70.4282
v -30.366 262.3663 66.2917
v -22.4329 262.3663 74.2194
v -18.0208 266.9018 77.6951
v -17.9939 266.7178 77.6568
v -17.9805 262.3663 77.6376
v -17.976 224.7855 77.6312
v -17.976 249.7535 77.6312
v -22.4279 224.7855 74.2134
v -22.4279 249.7535 74.2134
v -26.5668 224.7855 70.4227
v -30.36 224.7855 66.2867
v -30.36 249.7535 66.2867
v -26.5668 249.7535 70.4227
v -41.6049 266.9018 46.9636
v -39.4524 266.9018 52.1538
v -39.41 266.7178 52.134
v -41.5609 266.7178 46.9476
v -36.8565 266.9018 57.1376
v -36.8159 266.7178 57.1142
v -39.3888 262.3663 52.1242
v -41.5389 262.3663 46.9396
v -36.7957 262.3663 57.1025
v -33.8384 266.9018 61.8776
v -33.8001 266.7178 61.8508
v -33.7809 262.3663 61.8374
v -33.7745 224.7855 61.8329
v -33.7745 249.7535 61.8329
v -36.7889 224.7855 57.0986
v -36.7889 249.7535 57.0986
v -39.3817 224.7855 52.1209
v -41.5316 224.7855 46.9369
v -41.5315 249.7535 46.9369
v -39.3817 249.7535 52.1209
v -45.4894 266.9018 24.9332
v -45.242 266.9018 30.5466
v -45.1953 266.7178 30.5425
v -45.4426 266.7178 24.9332
v -44.5071 266.9018 36.1177
v -44.461 266.7178 36.1095
v -45.172 262.3663 30.5405
v -45.4192 262.3663 24.9332
v -44.4379 262.3663 36.1055
v -43.2922 266.9018 41.6041
v -43.247 266.7178 41.592
v -43.2244 262.3663 41.5859
v -43.2169 224.7855 41.5839
v -43.2169 249.7535 41.5839
v -44.4303 224.7855 36.1041
v -44.4303 249.7535 36.1041
v -45.1643 224.7855 30.5398
v -45.4114 224.7855 24.9332
v -45.4114 249.7535 24.9332
v -45.1643 249.7535 30.5398
v -41.6049 266.9018 2.9028
v -43.2922 266.9018 8.2623
v -43.247 266.7178 8.2744
v -41.5609 266.7178 2.9189
v -44.5071 266.9018 13.7488
v -44.461 266.7178 13.7569
v -43.2244 262.3663 8.2805
v -41.5389 262.3663 2.9269
v -44.4379 262.3663 13.761
v -45.242 266.9018 19.3198
v -45.1953 266.7178 19.3239
v -45.172 262.3663 19.326
v -45.1643 224.7855 19.3266
v -45.1643 249.7535 19.3266
v -44.4303 224.7855 13.7623
v -44.4303 249.7535 13.7623
v -43.2169 224.7855 8.2825
v -41.5316 224.7855 2.9295
v -41.5315 249.7535 2.9295
v -43.2169 249.7535 8.2825
v -30.4197 266.9018 -16.4703
v -33.8384 266.9018 -12.0112
v -33.8001 266.7178 -11.9843
v -30.3839 266.7178 -16.4403
v -36.8565 266.9018 -7.2711
v -36.8159 266.7178 -7.2477
v -33.7809 262.3663 -11.9709
v -30.366 262.3663 -16.4252
v -36.7957 262.3663 -7.236
v -39.4524 266.9018 -2.2874
v -39.41 266.7178 -2.2676
v -39.3888 262.3663 -2.2577
v -39.3817 224.7855 -2.2544
v -39.3817 249.7535 -2.2544
v -36.7889 224.7855 -7.2321
v -36.7889 249.7535 -7.2321
v -33.7745 224.7855 -11.9664
v -30.36 224.7855 -16.4202
v -30.36 249.7535 -16.4202
v -33.7745 249.7535 -11.9664
v -13.2831 266.9018 -30.8497
v -18.0208 266.9018 -27.8287
v -17.9939 266.7178 -27.7903
v -13.2597 266.7178 -30.8091
v -22.478 266.9018 -24.4067
v -22.4479 266.7178 -24.3708
v -17.9805 262.3663 -27.7712
v -13.248 262.3663 -30.7888
v -22.4329 262.3663 -24.3529
v -26.622 266.9018 -20.6114
v -26.5889 266.7178 -20.5783
v -26.5723 262.3663 -20.5617
v -26.5668 224.7855 -20.5562
v -26.5668 249.7535 -20.5562
v -22.4279 224.7855 -24.3469
v -22.4279 249.7535 -24.3469
v -17.976 224.7855 -27.7648
v -13.2441 224.7855 -30.7821
v -13.2441 249.7535 -30.7821
v -17.976 249.7535 -27.7648
v 2.2529 266.9018 -37.2823
v 2.265 266.7178 -37.2371
v -3.106 266.9018 -35.5912
v -3.09 266.7178 -35.5472
v 2.271 262.3663 -37.2145
v -3.082 262.3663 -35.5252
v -8.2981 266.9018 -33.442
v -8.2783 266.7178 -33.3996
v -8.2684 262.3663 -33.3784
v -8.2651 224.7855 -33.3713
v -8.2651 249.7535 -33.3713
v -3.0793 224.7855 -35.5178
v -3.0793 249.7535 -35.5179
v 2.273 224.7855 -37.2069
v 2.273 249.7535 -37.2069
v 86.9815 263.4019 0.162
v 88.8788 263.4019 6.1883
v 86.9693 265.9835 0.1664
v 88.8663 265.9835 6.1916
v 90.2448 263.4019 12.3573
v 90.232 265.9835 12.3595
v 86.9329 266.9131 0.1797
v 88.8288 266.9131 6.2017
v 90.1939 266.9131 12.3663
v 91.2976 266.9131 24.9332
v 91.0196 266.9131 18.626
v 91.3364 265.9835 24.9332
v 91.0582 265.9835 18.6226
v 91.3493 263.4019 24.9332
v 91.0711 263.4019 18.6215
v 74.4048 263.4019 -21.6214
v 78.2488 263.4019 -16.6075
v 74.3949 265.9835 -21.6131
v 78.2382 265.9835 -16.6001
v 81.6423 263.4019 -11.2777
v 81.6311 265.9835 -11.2713
v 74.3652 266.9131 -21.5882
v 78.2064 266.9131 -16.5778
v 81.5975 266.9131 -11.2519
v 84.5144 266.9131 -5.6521
v 84.5496 265.9835 -5.6685
v 84.5613 263.4019 -5.6739
v 55.1362 263.4019 -37.7897
v 60.4632 263.4019 -34.3929
v 55.1297 265.9835 -37.7785
v 60.4558 265.9835 -34.3823
v 65.475 263.4019 -30.5452
v 65.4667 265.9835 -30.5353
v 55.1104 266.9131 -37.7449
v 60.4336 266.9131 -34.3505
v 65.4418 266.9131 -30.5056
v 70.098 266.9131 -26.2411
v 70.1254 265.9835 -26.2685
v 70.1345 263.4019 -26.2777
v 31.4998 263.4019 -46.3926
v 37.6673 263.4019 -45.0226
v 31.4975 265.9835 -46.3799
v 37.664 265.9835 -45.0101
v 43.6929 263.4019 -43.1211
v 43.6884 265.9835 -43.1089
v 31.4908 266.9131 -46.3417
v 37.654 266.9131 -44.9727
v 43.6752 266.9131 -43.0725
v 49.5091 266.9131 -40.6577
v 49.5255 265.9835 -40.6929
v 49.531 263.4019 -40.7046
v 6.3464 263.4019 -46.3926
v 12.6106 263.4019 -47.2147
v 6.3487 265.9835 -46.3799
v 12.6117 265.9835 -47.2018
v 18.9231 263.4019 -47.4887
v 18.9231 265.9835 -47.4757
v 6.3554 266.9131 -46.3417
v 12.6151 266.9131 -47.1632
v 18.9231 266.9131 -47.437
v 25.2311 266.9131 -47.1632
v 25.2345 265.9835 -47.2018
v 25.2356 263.4019 -47.2146
v -17.29 263.4019 -37.7897
v -11.6847 263.4019 -40.7046
v -17.2835 265.9835 -37.7785
v -11.6793 265.9835 -40.6929
v -5.8466 263.4019 -43.1211
v -5.8422 265.9835 -43.1089
v -17.2641 266.9131 -37.7449
v -11.6629 266.9131 -40.6577
v -5.829 266.9131 -43.0725
v 0.1923 266.9131 -44.9727
v 0.1822 265.9835 -45.0101
v 0.1789 263.4019 -45.0226
v -36.5586 263.4019 -21.6214
v -32.2883 263.4019 -26.2777
v -36.5487 265.9835 -21.6131
v -32.2792 265.9835 -26.2685
v -27.6288 263.4019 -30.5452
v -27.6205 265.9835 -30.5353
v -36.519 266.9131 -21.5882
v -32.2517 266.9131 -26.2411
v -27.5955 266.9131 -30.5056
v -22.5873 266.9131 -34.3505
v -22.6096 265.9835 -34.3823
v -22.617 263.4019 -34.3929
v -49.1352 263.4019 0.162
v -46.715 263.4019 -5.6739
v -49.1231 265.9835 0.1664
v -46.7033 265.9835 -5.6685
v -43.7961 263.4019 -11.2777
v -43.7849 265.9835 -11.2713
v -49.0867 266.9131 0.1797
v -46.6682 266.9131 -5.6521
v -43.7513 266.9131 -11.2519
v -40.3602 266.9131 -16.5778
v -40.392 265.9835 -16.6001
v -40.4025 263.4019 -16.6075
v -53.5031 263.4019 24.9332
v -53.2248 263.4019 18.6215
v -53.4901 265.9835 24.9332
v -53.212 265.9835 18.6226
v -52.3985 263.4019 12.3573
v -52.3858 265.9835 12.3595
v -53.4514 266.9131 24.9332
v -53.1733 266.9131 18.626
v -52.3476 266.9131 12.3663
v -50.9826 266.9131 6.2017
v -51.02 265.9835 6.1916
v -51.0325 263.4019 6.1883
v -49.1352 263.4019 49.7044
v -51.0325 263.4019 43.6782
v -49.1231 265.9835 49.7
v -51.02 265.9835 43.6748
v -52.3985 263.4019 37.5091
v -52.3858 265.9835 37.5069
v -49.0867 266.9131 49.6867
v -50.9826 266.9131 43.6648
v -52.3476 266.9131 37.5002
v -53.1733 266.9131 31.2405
v -53.212 265.9835 31.2438
v -53.2248 263.4019 31.245
v -36.5586 263.4019 71.4879
v -40.4025 263.4019 66.4739
v -36.5487 265.9835 71.4796
v -40.392 265.9835 66.4665
v -43.7961 263.4019 61.1442
v -43.7849 265.9835 61.1377
v -36.519 266.9131 71.4546
v -40.3602 266.9131 66.4443
v -43.7513 266.9131 61.1183
v -46.6682 266.9131 55.5185
v -46.7033 265.9835 55.5349
v -46.715 263.4019 55.5404
v -17.29 263.4019 87.6561
v -22.617 263.4019 84.2593
v -17.2835 265.9835 87.6449
v -22.6096 265.9835 84.2487
v -27.6288 263.4019 80.4116
v -27.6205 265.9835 80.4017
v -17.2641 266.9131 87.6114
v -22.5874 266.9131 84.2169
v -27.5956 266.9131 80.372
v -32.2518 266.9131 76.1076
v -32.2792 265.9835 76.135
v -32.2883 263.4019 76.1441
v 6.3464 263.4019 96.2591
v 0.1789 263.4019 94.8891
v 6.3487 265.9835 96.2464
v 0.1822 265.9835 94.8766
v -5.8467 263.4019 92.9875
v -5.8422 265.9835 92.9754
v 6.3554 266.9131 96.2082
v 0.1922 266.9131 94.8391
v -5.829 266.9131 92.939
v -11.6629 266.9131 90.5242
v -11.6793 265.9835 90.5593
v -11.6847 263.4019 90.5711
v 31.4998 263.4019 96.2591
v 25.2356 263.4019 97.0811
v 31.4975 265.9835 96.2464
v 25.2345 265.9835 97.0682
v 18.9231 263.4019 97.3551
v 18.9231 265.9835 97.3422
v 31.4908 266.9131 96.2082
v 25.2311 266.9131 97.0296
v 18.9231 266.9131 97.3034
v 12.6151 266.9131 97.0296
v 12.6117 265.9835 97.0682
v 12.6106 263.4019 97.0811
v 55.1362 263.4019 87.6562
v 49.5309 263.4019 90.5711
v 55.1297 265.9835 87.645
v 49.5255 265.9835 90.5594
v 43.6928 263.4019 92.9876
v 43.6884 265.9835 92.9754
v 55.1103 266.9131 87.6114
v 49.5091 266.9131 90.5242
v 43.6751 266.9131 92.939
v 37.6539 266.9131 94.8391
v 37.664 265.9835 94.8766
v 37.6673 263.4019 94.8891
v 74.4048 263.4019 71.4879
v 70.1345 263.4019 76.1442
v 74.3949 265.9835 71.4796
v 70.1254 265.9835 76.135
v 65.475 263.4019 80.4117
v 65.4667 265.9835 80.4017
v 74.3652 266.9131 71.4547
v 70.098 266.9131 76.1076
v 65.4417 266.9131 80.372
v 60.4335 266.9131 84.217
v 60.4558 265.9835 84.2487
v 60.4632 263.4019 84.2593
v 86.9815 263.4019 49.7045
v 84.5612 263.4019 55.5404
v 86.9693 265.9835 49.7001
v 84.5495 265.9835 55.535
v 81.6423 263.4019 61.1442
v 81.6311 265.9835 61.1378
v 86.9329 266.9131 49.6868
v 84.5144 266.9131 55.5186
v 81.5975 266.9131 61.1184
v 78.2064 266.9131 66.4443
v 78.2382 265.9835 66.4666
v 78.2487 263.4019 66.474
v 91.0711 263.4019 31.245
v 91.0582 265.9835 31.2439
v 90.2448 263.4019 37.5092
v 90.232 265.9835 37.5069
v 91.0196 266.9131 31.2405
v 90.1938 266.9131 37.5002
v 88.8288 266.9131 43.6648
v 88.8663 265.9835 43.6749
v 88.8788 263.4019 43.6782
v 84.2661 267.0858 1.1503
v 86.0877 267.0858 6.9362
v 83.0304 267.0859 1.6001
v 84.8175 267.0858 7.2765
v 87.3992 267.0858 12.8591
v 86.1042 267.0858 13.0874
v 81.8042 267.0858 2.0464
v 80.767 267.0858 2.4239
v 82.491 267.0858 7.8999
v 83.5572 267.0858 7.6142
v 83.7323 267.0859 13.5056
v 84.8193 267.0858 13.314
v 84.7359 267.0858 24.9332
v 85.8398 267.0858 24.9332
v 85.5827 267.0858 19.1016
v 84.4831 267.0858 19.1978
v 87.1446 267.0859 24.9332
v 86.8825 267.0858 18.9879
v 88.4597 267.0858 24.9332
v 88.1925 267.0858 18.8733
v 72.1912 267.0858 -19.764
v 75.8818 267.0858 -14.9501
v 71.1838 267.0859 -18.9187
v 74.8046 267.0858 -14.1959
v 79.14 267.0858 -9.833
v 78.0012 267.0858 -9.1755
v 70.1843 267.0858 -18.08
v 69.3387 267.0858 -17.3704
v 72.8316 267.0858 -12.8143
v 73.7358 267.0858 -13.4475
v 75.9153 267.0859 -7.9712
v 76.8712 267.0858 -8.5231
v 79.5682 267.0858 -3.3456
v 78.5677 267.0858 -2.8791
v 80.7507 267.0858 -3.897
v 81.9425 267.0858 -4.4528
v 53.6914 267.0858 -35.2872
v 58.8059 267.0858 -32.0259
v 53.0339 267.0859 -34.1483
v 58.0516 267.0858 -30.9487
v 63.6177 267.0858 -28.3317
v 62.7725 267.0858 -27.3244
v 52.3815 267.0858 -33.0183
v 51.8295 267.0858 -32.0624
v 56.6701 267.0858 -28.9757
v 57.3033 267.0858 -29.8799
v 61.2243 267.0859 -25.4793
v 61.9338 267.0858 -26.3249
v 66.2389 267.0858 -22.382
v 65.4583 267.0858 -21.6015
v 67.1615 267.0858 -23.3046
v 68.0913 267.0858 -24.2345
v 30.998 267.0858 -43.5469
v 36.9195 267.0858 -42.2315
v 30.7697 267.0859 -42.2518
v 36.5791 267.0858 -40.9613
v 42.7046 267.0858 -40.4059
v 42.2549 267.0858 -39.1702
v 30.5431 267.0858 -40.9669
v 30.3514 267.0858 -39.8797
v 35.9558 267.0858 -38.6348
v 36.2415 267.0858 -39.701
v 41.4311 267.0859 -36.9069
v 41.8086 267.0858 -37.9442
v 47.2026 267.0858 -35.7115
v 46.7361 267.0858 -34.7111
v 47.754 267.0858 -36.894
v 48.3098 267.0858 -38.0858
v 6.8482 267.0858 -43.5469
v 12.8625 267.0858 -44.3361
v 7.0766 267.0859 -42.2518
v 12.9771 267.0858 -43.0261
v 18.9231 267.0858 -44.5992
v 18.9231 267.0858 -43.2842
v 7.3031 267.0858 -40.9669
v 7.4948 267.0858 -39.8797
v 13.187 267.0858 -40.6267
v 13.0908 267.0858 -41.7263
v 18.9231 267.0859 -40.8757
v 18.9231 267.0858 -41.9795
v 24.7554 267.0858 -41.7263
v 24.6592 267.0858 -40.6267
v 24.8691 267.0858 -43.0261
v 24.9838 267.0858 -44.3361
v -15.8452 267.0858 -35.2872
v -10.4635 267.0858 -38.0858
v -15.1876 267.0859 -34.1483
v -9.9078 267.0858 -36.894
v -4.8584 267.0858 -40.4059
v -4.4086 267.0858 -39.1702
v -14.5352 267.0858 -33.0183
v -13.9833 267.0858 -32.0624
v -8.8899 267.0858 -34.7111
v -9.3564 267.0858 -35.7115
v -3.5849 267.0859 -36.9069
v -3.9624 267.0858 -37.9442
v 1.6048 267.0858 -39.701
v 1.8905 267.0858 -38.6348
v 1.2671 267.0858 -40.9613
v 0.9267 267.0858 -42.2315
v -34.345 267.0858 -19.764
v -30.2451 267.0858 -24.2345
v -33.3376 267.0859 -18.9187
v -29.3152 267.0858 -23.3046
v -25.7715 267.0858 -28.3317
v -24.9262 267.0858 -27.3244
v -32.338 267.0858 -18.08
v -31.4924 267.0858 -17.3704
v -27.6121 267.0858 -21.6015
v -28.3926 267.0858 -22.382
v -23.378 267.0859 -25.4793
v -24.0876 267.0858 -26.3249
v -19.457 267.0858 -29.8799
v -18.8239 267.0858 -28.9757
v -20.2054 267.0858 -30.9487
v -20.9597 267.0858 -32.0259
v -46.4199 267.0858 1.1503
v -44.0962 267.0858 -4.4528
v -45.1841 267.0859 1.6001
v -42.9044 267.0858 -3.897
v -41.2937 267.0858 -9.833
v -40.1549 267.0858 -9.1755
v -43.958 267.0858 2.0464
v -42.9207 267.0858 2.4239
v -40.7215 267.0858 -2.8791
v -41.7219 267.0858 -3.3456
v -38.0691 267.0859 -7.9712
v -39.025 267.0858 -8.5231
v -35.8896 267.0858 -13.4475
v -34.9854 267.0858 -12.8143
v -36.9584 267.0858 -14.1959
v -38.0356 267.0858 -14.9501
v -50.6134 267.0858 24.9332
v -50.3463 267.0858 18.8733
v -49.2984 267.0859 24.9332
v -49.0363 267.0858 18.9879
v -49.553 267.0858 12.859
v -48.258 267.0858 13.0874
v -47.9936 267.0858 24.9332
v -46.8897 267.0858 24.9332
v -46.6369 267.0858 19.1978
v -47.7365 267.0858 19.1016
v -45.886 267.0859 13.5056
v -46.9731 267.0858 13.3139
v -45.711 267.0858 7.6142
v -44.6448 267.0858 7.8999
v -46.9713 267.0858 7.2765
v -48.2415 267.0858 6.9362
v -46.4199 267.0858 48.7161
v -48.2415 267.0858 42.9303
v -45.1841 267.0859 48.2663
v -46.9713 267.0858 42.5899
v -49.553 267.0858 37.0074
v -48.258 267.0858 36.7791
v -43.958 267.0858 47.8201
v -42.9207 267.0858 47.4425
v -44.6448 267.0858 41.9665
v -45.711 267.0858 42.2522
v -45.886 267.0859 36.3608
v -46.9731 267.0858 36.5525
v -47.7365 267.0858 30.7648
v -46.6369 267.0858 30.6686
v -49.0363 267.0858 30.8785
v -50.3463 267.0858 30.9932
v -34.345 267.0858 69.6305
v -38.0356 267.0858 64.8166
v -33.3376 267.0859 68.7852
v -36.9584 267.0858 64.0623
v -41.2937 267.0858 59.6994
v -40.1549 267.0858 59.042
v -32.3381 267.0858 67.9464
v -31.4924 267.0858 67.2369
v -34.9854 267.0858 62.6808
v -35.8896 267.0858 63.3139
v -38.0691 267.0859 57.8377
v -39.025 267.0858 58.3896
v -41.7219 267.0858 53.2121
v -40.7215 267.0858 52.7456
v -42.9044 267.0858 53.7635
v -44.0962 267.0858 54.3192
v -15.8452 267.0858 85.1536
v -20.9597 267.0858 81.8923
v -15.1877 267.0859 84.0148
v -20.2054 267.0858 80.8151
v -25.7715 267.0858 78.1982
v -24.9262 267.0858 77.1908
v -14.5353 267.0858 82.8848
v -13.9833 267.0858 81.9288
v -18.8239 267.0858 78.8421
v -19.457 267.0858 79.7463
v -23.3781 267.0859 75.3458
v -24.0876 267.0858 76.1913
v -28.3926 267.0858 72.2485
v -27.6121 267.0858 71.468
v -29.3152 267.0858 73.1711
v -30.2451 267.0858 74.1009
v 6.8482 267.0858 93.4134
v 0.9267 267.0858 92.098
v 7.0766 267.0859 92.1183
v 1.2671 267.0858 90.8278
v -4.8584 267.0858 90.2723
v -4.4087 267.0858 89.0367
v 7.3031 267.0858 90.8333
v 7.4948 267.0858 89.7462
v 1.8904 267.0858 88.5013
v 1.6047 267.0858 89.5675
v -3.5849 267.0859 86.7734
v -3.9624 267.0858 87.8106
v -9.3564 267.0858 85.578
v -8.8899 267.0858 84.5776
v -9.9078 267.0858 86.7605
v -10.4636 267.0858 87.9523
v 30.998 267.0858 93.4134
v 24.9837 267.0858 94.2026
v 30.7696 267.0859 92.1183
v 24.8691 267.0858 92.8926
v 18.9231 267.0858 94.4657
v 18.9231 267.0858 93.1507
v 30.5431 267.0858 90.8333
v 30.3514 267.0858 89.7462
v 24.6592 267.0858 90.4932
v 24.7554 267.0858 91.5928
v 18.9231 267.0859 90.7422
v 18.9231 267.0858 91.846
v 13.0908 267.0858 91.5928
v 13.187 267.0858 90.4932
v 12.9771 267.0858 92.8926
v 12.8624 267.0858 94.2026
v 53.6914 267.0858 85.1537
v 48.3097 267.0858 87.9523
v 53.0338 267.0859 84.0148
v 47.754 267.0858 86.7605
v 42.7046 267.0858 90.2724
v 42.2548 267.0858 89.0367
v 52.3814 267.0858 82.8848
v 51.8295 267.0858 81.9288
v 46.7361 267.0858 84.5776
v 47.2026 267.0858 85.578
v 41.4311 267.0859 86.7734
v 41.8086 267.0858 87.8107
v 36.2414 267.0858 89.5675
v 35.9557 267.0858 88.5013
v 36.5791 267.0858 90.8278
v 36.9195 267.0858 92.098
v 72.1912 267.0858 69.6305
v 68.0913 267.0858 74.101
v 71.1838 267.0859 68.7852
v 67.1614 267.0858 73.1711
v 63.6177 267.0858 78.1982
v 62.7724 267.0858 77.1909
v 70.1843 267.0858 67.9465
v 69.3386 267.0858 67.2369
v 65.4583 267.0858 71.468
v 66.2388 267.0858 72.2485
v 61.2243 267.0859 75.3458
v 61.9338 267.0858 76.1914
v 57.3032 267.0858 79.7464
v 56.6701 267.0858 78.8422
v 58.0516 267.0858 80.8152
v 58.8059 267.0858 81.8924
v 84.2661 267.0858 48.7162
v 81.9424 267.0858 54.3193
v 83.0303 267.0859 48.2664
v 80.7506 267.0858 53.7635
v 79.1399 267.0858 59.6995
v 78.0012 267.0858 59.042
v 81.8042 267.0858 47.8201
v 80.7669 267.0858 47.4426
v 78.5677 267.0858 52.7456
v 79.5681 267.0858 53.2121
v 75.9153 267.0859 57.8377
v 76.8712 267.0858 58.3896
v 73.7358 267.0858 63.314
v 72.8316 267.0858 62.6808
v 74.8046 267.0858 64.0624
v 75.8818 267.0858 64.8166
v 88.1925 267.0858 30.9932
v 86.8825 267.0858 30.8786
v 87.3992 267.0858 37.0074
v 86.1042 267.0858 36.7791
v 84.4831 267.0858 30.6687
v 85.5827 267.0858 30.7649
v 83.7323 267.0859 36.3609
v 84.8193 267.0858 36.5525
v 83.5572 267.0858 42.2523
v 82.491 267.0858 41.9666
v 84.8175 267.0858 42.59
v 86.0877 267.0858 42.9303
v 86.9815 16.976 0.162
v 88.8788 16.976 6.1883
v 86.9815 27.7626 0.162
v 88.8788 27.7626 6.1883
v 90.2448 16.976 12.3573
v 90.2448 27.7626 12.3573
v 86.9815 40.2044 0.162
v 88.8788 40.2044 6.1883
v 90.2448 40.2044 12.3573
v 91.3493 40.2044 24.9332
v 91.0711 40.2044 18.6215
v 91.3493 27.7626 24.9332
v 91.0711 27.7626 18.6215
v 91.3493 16.976 24.9332
v 91.0711 16.976 18.6215
v 74.4048 16.976 -21.6214
v 78.2488 16.976 -16.6075
v 74.4048 27.7626 -21.6214
v 78.2488 27.7626 -16.6075
v 81.6423 16.976 -11.2777
v 81.6423 27.7626 -11.2777
v 74.4048 40.2044 -21.6214
v 78.2488 40.2044 -16.6075
v 81.6423 40.2044 -11.2777
v 84.5613 40.2044 -5.6739
v 84.5613 27.7626 -5.6739
v 84.5613 16.976 -5.6739
v 55.1362 16.976 -37.7897
v 60.4632 16.976 -34.3929
v 55.1362 27.7626 -37.7897
v 60.4632 27.7626 -34.3929
v 65.475 16.976 -30.5452
v 65.475 27.7626 -30.5452
v 55.1362 40.2044 -37.7897
v 60.4632 40.2044 -34.3929
v 65.475 40.2044 -30.5452
v 70.1345 40.2044 -26.2777
v 70.1345 27.7626 -26.2777
v 70.1345 16.976 -26.2777
v 31.4998 16.976 -46.3926
v 37.6673 16.976 -45.0226
v 31.4998 27.7626 -46.3926
v 37.6673 27.7626 -45.0226
v 43.6929 16.976 -43.1211
v 43.6929 27.7626 -43.1211
v 31.4998 40.2044 -46.3926
v 37.6673 40.2044 -45.0226
v 43.6929 40.2044 -43.1211
v 49.531 40.2044 -40.7046
v 49.531 27.7626 -40.7046
v 49.531 16.976 -40.7046
v 6.3464 16.976 -46.3926
v 12.6106 16.976 -47.2147
v 6.3464 27.7626 -46.3926
v 12.6106 27.7626 -47.2147
v 18.9231 16.976 -47.4887
v 18.9231 27.7626 -47.4887
v 6.3464 40.2044 -46.3926
v 12.6106 40.2044 -47.2146
v 18.9231 40.2044 -47.4887
v 25.2356 40.2044 -47.2147
v 25.2356 27.7626 -47.2147
v 25.2356 16.976 -47.2146
v -17.29 16.976 -37.7897
v -11.6847 16.976 -40.7046
v -17.29 27.7626 -37.7897
v -11.6847 27.7626 -40.7046
v -5.8466 16.976 -43.1211
v -5.8466 27.7626 -43.1211
v -17.29 40.2044 -37.7897
v -11.6847 40.2044 -40.7046
v -5.8466 40.2044 -43.1211
v 0.1789 40.2044 -45.0226
v 0.1789 27.7626 -45.0226
v 0.1789 16.976 -45.0226
v -36.5586 16.976 -21.6214
v -32.2883 16.976 -26.2777
v -36.5586 27.7626 -21.6214
v -32.2883 27.7626 -26.2777
v -27.6288 16.976 -30.5452
v -27.6288 27.7626 -30.5452
v -36.5586 40.2044 -21.6214
v -32.2883 40.2044 -26.2777
v -27.6288 40.2044 -30.5452
v -22.617 40.2044 -34.3929
v -22.617 27.7626 -34.3929
v -22.617 16.976 -34.3929
v -49.1352 16.976 0.162
v -46.715 16.976 -5.6739
v -49.1352 27.7626 0.162
v -46.715 27.7626 -5.6739
v -43.7961 16.976 -11.2777
v -43.7961 27.7626 -11.2777
v -49.1352 40.2044 0.162
v -46.715 40.2044 -5.6739
v -43.7961 40.2044 -11.2777
v -40.4025 40.2044 -16.6075
v -40.4025 27.7626 -16.6075
v -40.4025 16.976 -16.6075
v -53.5031 16.976 24.9332
v -53.2248 16.976 18.6215
v -53.5031 27.7626 24.9332
v -53.2248 27.7626 18.6215
v -52.3985 16.976 12.3573
v -52.3985 27.7626 12.3573
v -53.5031 40.2044 24.9332
v -53.2248 40.2044 18.6215
v -52.3985 40.2044 12.3573
v -51.0325 40.2044 6.1883
v -51.0325 27.7626 6.1883
v -51.0325 16.976 6.1883
v -49.1352 16.976 49.7044
v -51.0325 16.976 43.6782
v -49.1352 27.7626 49.7044
v -51.0325 27.7626 43.6782
v -52.3985 16.976 37.5091
v -52.3985 27.7626 37.5091
v -49.1352 40.2044 49.7044
v -51.0325 40.2044 43.6782
v -52.3985 40.2044 37.5091
v -53.2248 40.2044 31.245
v -53.2248 27.7626 31.245
v -53.2248 16.976 31.245
v -36.5586 16.976 71.4879
v -40.4025 16.976 66.4739
v -36.5586 27.7626 71.4879
v -40.4025 27.7626 66.4739
v -43.7961 16.976 61.1442
v -43.7961 27.7626 61.1442
v -36.5586 40.2044 71.4879
v -40.4025 40.2044 66.4739
v -43.7961 40.2044 61.1442
v -46.715 40.2044 55.5404
v -46.715 27.7626 55.5404
v -46.715 16.976 55.5404
v -17.29 16.976 87.6561
v -22.617 16.976 84.2593
v -17.29 27.7626 87.6561
v -22.617 27.7626 84.2593
v -27.6288 16.976 80.4116
v -27.6288 27.7626 80.4116
v -17.29 40.2044 87.6561
v -22.617 40.2044 84.2593
v -27.6288 40.2044 80.4116
v -32.2883 40.2044 76.1441
v -32.2883 27.7626 76.1441
v -32.2883 16.976 76.1441
v 6.3464 16.976 96.2591
v 0.1789 16.976 94.8891
v 6.3464 27.7626 96.2591
v 0.1789 27.7626 94.8891
v -5.8467 16.976 92.9875
v -5.8467 27.7626 92.9875
v 6.3464 40.2044 96.2591
v 0.1789 40.2044 94.8891
v -5.8467 40.2044 92.9875
v -11.6847 40.2044 90.5711
v -11.6847 27.7626 90.5711
v -11.6847 16.976 90.5711
v 31.4998 16.976 96.2591
v 25.2356 16.976 97.0811
v 31.4998 27.7626 96.2591
v 25.2356 27.7626 97.0811
v 18.9231 16.976 97.3551
v 18.9231 27.7626 97.3551
v 31.4998 40.2044 96.2591
v 25.2356 40.2044 97.0811
v 18.9231 40.2044 97.3551
v 12.6106 40.2044 97.0811
v 12.6106 27.7626 97.0811
v 12.6106 16.976 97.0811
v 55.1362 16.976 87.6562
v 49.5309 16.976 90.5711
v 55.1362 27.7626 87.6562
v 49.5309 27.7626 90.5711
v 43.6928 16.976 92.9876
v 43.6928 27.7626 92.9876
v 55.1362 40.2044 87.6562
v 49.5309 40.2044 90.5711
v 43.6928 40.2044 92.9876
v 37.6673 40.2044 94.8891
v 37.6673 27.7626 94.8891
v 37.6673 16.976 94.8891
v 74.4048 16.976 71.4879
v 70.1345 16.976 76.1442
v 74.4048 27.7626 71.4879
v 70.1345 27.7626 76.1442
v 65.475 16.976 80.4117
v 65.475 27.7626 80.4117
v 74.4048 40.2044 71.4879
v 70.1345 40.2044 76.1442
v 65.475 40.2044 80.4117
v 60.4632 40.2044 84.2593
v 60.4632 27.7626 84.2593
v 60.4632 16.976 84.2593
v 86.9815 16.976 49.7045
v 84.5612 16.976 55.5404
v 86.9815 27.7626 49.7045
v 84.5612 27.7626 55.5404
v 81.6423 16.976 61.1442
v 81.6423 27.7626 61.1442
v 86.9815 40.2044 49.7045
v 84.5612 40.2044 55.5404
v 81.6423 40.2044 61.1442
v 78.2487 40.2044 66.474
v 78.2487 27.7626 66.474
v 78.2487 16.976 66.474
v 91.0711 16.976 31.245
v 91.0711 27.7626 31.245
v 90.2448 16.976 37.5092
v 90.2448 27.7626 37.5092
v 91.0711 40.2044 31.245
v 90.2448 40.2044 37.5092
v 88.8787 40.2044 43.6782
v 88.8787 27.7626 43.6782
v 88.8788 16.976 43.6782
v 88.5069 0 24.9332
v 88.2396 0 18.8692
v 87.1659 0 24.9332
v 86.9037 0 18.9861
v 87.4457 0 12.8508
v 86.1251 0 13.0837
v 85.8337 0 24.9332
v 84.7091 0 24.9332
v 84.4564 0 19.2002
v 85.5767 0 19.1021
v 83.7058 0 13.5103
v 84.8133 0 13.315
v 80.7417 0 2.4331
v 81.7985 0 2.0485
v 83.5513 0 7.6158
v 82.4651 0 7.9069
v 83.0503 0 1.5928
v 84.8381 0 7.271
v 84.3105 0 1.1342
v 86.1334 0 6.9239
v 84.3105 0 48.7323
v 86.1333 0 42.9426
v 83.0503 0 48.2737
v 84.838 0 42.5955
v 87.4457 0 37.0156
v 86.1251 0 36.7828
v 81.7985 0 47.818
v 80.7417 0 47.4334
v 82.4651 0 41.9596
v 83.5513 0 42.2507
v 83.7058 0 36.3562
v 84.8133 0 36.5515
v 85.5767 0 30.7643
v 84.4564 0 30.6663
v 86.9037 0 30.8804
v 88.2396 0 30.9973
v 72.2274 0 69.6609
v 75.9205 0 64.8437
v 71.2001 0 68.7989
v 74.822 0 64.0746
v 79.1809 0 59.7231
v 78.0196 0 59.0526
v 70.1796 0 67.9426
v 69.3181 0 67.2197
v 72.8096 0 62.6654
v 73.7308 0 63.3105
v 75.8921 0 57.8243
v 76.8659 0 58.3866
v 79.5626 0 53.2096
v 78.5434 0 52.7343
v 80.7699 0 53.7725
v 81.9853 0 54.3393
v 53.715 0 85.1946
v 58.833 0 81.9311
v 53.0445 0 84.0332
v 58.0638 0 80.8326
v 63.6481 0 78.2344
v 62.7861 0 77.2072
v 52.3784 0 82.8795
v 51.8161 0 81.9056
v 56.6547 0 78.8202
v 57.2997 0 79.7414
v 61.207 0 75.3253
v 61.9298 0 76.1867
v 66.2345 0 72.2442
v 65.4393 0 71.449
v 67.1765 0 73.1862
v 68.1247 0 74.1344
v 31.0062 0 93.4599
v 36.9317 0 92.1437
v 30.7733 0 92.1393
v 36.5846 0 90.8484
v 42.7207 0 90.3168
v 42.2621 0 89.0567
v 30.542 0 90.8273
v 30.3467 0 89.7198
v 35.9488 0 88.4754
v 36.2399 0 89.5616
v 41.4219 0 86.7482
v 41.8065 0 87.8049
v 47.2 0 85.5725
v 46.7247 0 84.5533
v 47.763 0 86.7798
v 48.3297 0 87.9951
v 6.84 0 93.4599
v 12.8583 0 94.2497
v 7.0729 0 92.1392
v 12.9752 0 92.9138
v 18.9231 0 94.5129
v 18.9231 0 93.172
v 7.3042 0 90.8273
v 7.4995 0 89.7198
v 13.1893 0 90.4664
v 13.0913 0 91.5867
v 18.9231 0 90.7153
v 18.9231 0 91.8399
v 24.7549 0 91.5867
v 24.6568 0 90.4664
v 24.871 0 92.9138
v 24.9878 0 94.2497
v -15.8688 0 85.1946
v -10.4835 0 87.9951
v -15.1983 0 84.0332
v -9.9168 0 86.7797
v -4.8746 0 90.3167
v -4.4159 0 89.0566
v -14.5322 0 82.8795
v -13.9699 0 81.9056
v -8.8785 0 84.5532
v -9.3538 0 85.5724
v -3.5757 0 86.7482
v -3.9603 0 87.8049
v 1.6063 0 89.5616
v 1.8974 0 88.4753
v 1.2616 0 90.8483
v 0.9145 0 92.1436
v -34.3812 0 69.6608
v -30.2785 0 74.1343
v -33.3539 0 68.7988
v -29.3303 0 73.1861
v -25.8019 0 78.2344
v -24.9399 0 77.2071
v -32.3334 0 67.9425
v -31.4719 0 67.2196
v -27.5931 0 71.449
v -28.3883 0 72.2442
v -23.3608 0 75.3252
v -24.0836 0 76.1867
v -19.4535 0 79.7413
v -18.8085 0 78.8201
v -20.2176 0 80.8326
v -20.9868 0 81.931
v -46.4643 0 48.7323
v -44.1391 0 54.3392
v -45.2041 0 48.2736
v -42.9237 0 53.7725
v -41.3347 0 59.7231
v -40.1734 0 59.0526
v -43.9523 0 47.818
v -42.8955 0 47.4333
v -40.6972 0 52.7342
v -41.7164 0 53.2095
v -38.0459 0 57.8243
v -39.0197 0 58.3865
v -35.8846 0 63.3104
v -34.9634 0 62.6654
v -36.9758 0 64.0745
v -38.0743 0 64.8437
v -50.6607 0 24.9332
v -50.3934 0 30.9973
v -49.3197 0 24.9332
v -49.0575 0 30.8804
v -49.5995 0 37.0156
v -48.2789 0 36.7828
v -47.9875 0 24.9332
v -46.8629 0 24.9332
v -46.6101 0 30.6663
v -47.7304 0 30.7643
v -45.8596 0 36.3562
v -46.967 0 36.5514
v -45.7051 0 42.2506
v -44.6188 0 41.9596
v -46.9918 0 42.5954
v -48.2871 0 42.9425
v -46.4643 0 1.1342
v -48.2871 0 6.9239
v -45.2041 0 1.5928
v -46.9918 0 7.271
v -49.5995 0 12.8508
v -48.2789 0 13.0837
v -43.9523 0 2.0485
v -42.8955 0 2.4331
v -44.6188 0 7.9069
v -45.7051 0 7.6158
v -45.8596 0 13.5103
v -46.9671 0 13.315
v -47.7304 0 19.1021
v -46.6101 0 19.2001
v -49.0575 0 18.986
v -50.3934 0 18.8692
v -34.3812 0 -19.7944
v -38.0743 0 -14.9772
v -33.3539 0 -18.9324
v -36.9758 0 -14.2081
v -41.3347 0 -9.8566
v -40.1733 0 -9.1861
v -32.3334 0 -18.0761
v -31.4719 0 -17.3532
v -34.9634 0 -12.7989
v -35.8846 0 -13.444
v -38.0458 0 -7.9578
v -39.0197 0 -8.5201
v -41.7164 0 -3.3431
v -40.6972 0 -2.8678
v -42.9237 0 -3.906
v -44.1391 0 -4.4728
v -15.8688 0 -35.3281
v -20.9868 0 -32.0646
v -15.1983 0 -34.1667
v -20.2176 0 -30.9661
v -25.8018 0 -28.3679
v -24.9399 0 -27.3407
v -14.5322 0 -33.013
v -13.9699 0 -32.0391
v -18.8085 0 -28.9537
v -19.4535 0 -29.8749
v -23.3608 0 -25.4588
v -24.0836 0 -26.3202
v -28.3883 0 -22.3777
v -27.5931 0 -21.5825
v -29.3303 0 -23.3197
v -30.2785 0 -24.2679
v 6.84 0 -43.5934
v 0.9145 0 -42.2772
v 7.0729 0 -42.2728
v 1.2616 0 -40.9819
v -4.8745 0 -40.4503
v -4.4159 0 -39.1902
v 7.3042 0 -40.9608
v 7.4995 0 -39.8533
v 1.8974 0 -38.6089
v 1.6063 0 -39.6951
v -3.5757 0 -36.8817
v -3.9603 0 -37.9384
v -9.3538 0 -35.706
v -8.8785 0 -34.6868
v -9.9168 0 -36.9133
v -10.4835 0 -38.1286
v 31.0062 0 -43.5934
v 24.9879 0 -44.3832
v 30.7733 0 -42.2728
v 24.871 0 -43.0473
v 18.9231 0 -44.6465
v 18.9231 0 -43.3055
v 30.542 0 -40.9608
v 30.3467 0 -39.8533
v 24.6569 0 -40.6
v 24.7549 0 -41.7203
v 18.9231 0 -40.8489
v 18.9231 0 -41.9734
v 13.0913 0 -41.7203
v 13.1894 0 -40.6
v 12.9752 0 -43.0473
v 12.8584 0 -44.3832
v 53.715 0 -35.3281
v 48.3298 0 -38.1287
v 53.0445 0 -34.1667
v 47.763 0 -36.9133
v 42.7208 0 -40.4503
v 42.2621 0 -39.1902
v 52.3784 0 -33.013
v 51.8161 0 -32.0391
v 46.7248 0 -34.6868
v 47.2 0 -35.706
v 41.4219 0 -36.8817
v 41.8065 0 -37.9384
v 36.2399 0 -39.6951
v 35.9488 0 -38.6089
v 36.5847 0 -40.9819
v 36.9317 0 -42.2772
v 72.2274 0 -19.7944
v 68.1247 0 -24.2679
v 71.2001 0 -18.9324
v 67.1765 0 -23.3197
v 63.6481 0 -28.3679
v 62.7861 0 -27.3407
v 70.1796 0 -18.0761
v 69.3181 0 -17.3532
v 65.4394 0 -21.5825
v 66.2346 0 -22.3777
v 61.207 0 -25.4588
v 61.9299 0 -26.3202
v 57.2998 0 -29.8749
v 56.6547 0 -28.9537
v 58.0638 0 -30.9661
v 58.833 0 -32.0646
v 81.9853 0 -4.4728
v 80.7699 0 -3.906
v 79.1809 0 -9.8566
v 78.0196 0 -9.1861
v 78.5434 0 -2.8678
v 79.5626 0 -3.3431
v 75.8921 0 -7.9578
v 76.866 0 -8.5201
v 73.7308 0 -13.444
v 72.8097 0 -12.7989
v 74.8221 0 -14.2081
v 75.9205 0 -14.9772
v 80.0977 267.0858 2.6675
v 81.803 267.0858 8.0843
v 79.7117 267.0674 2.808
v 81.4063 267.0674 8.1906
v 83.0309 267.0858 13.6293
v 82.6264 267.0674 13.7006
v 79.5244 267.0122 2.8762
v 81.2138 267.0122 8.2421
v 82.4301 267.0122 13.7352
v 83.4137 267.0122 24.9332
v 83.1659 267.0122 19.313
v 83.613 267.0674 24.9332
v 83.3645 267.0674 19.2957
v 84.0237 267.0858 24.9332
v 83.7736 267.0858 19.2599
v 68.7931 267.0858 -16.9126
v 72.2482 267.0858 -12.4058
v 68.4784 267.0674 -16.6486
v 71.9118 267.0674 -12.1702
v 75.2985 267.0858 -7.6151
v 74.9429 267.0674 -7.4098
v 68.3257 267.0122 -16.5205
v 71.7485 267.0122 -12.0559
v 74.7702 267.0122 -7.3101
v 77.3694 267.0122 -2.3203
v 77.55 267.0674 -2.4046
v 77.9222 267.0858 -2.5781
v 51.4734 267.0858 -31.4455
v 56.2616 267.0858 -28.3923
v 51.268 267.0674 -31.0898
v 56.0261 267.0674 -28.0558
v 60.7665 267.0858 -24.9338
v 60.5025 267.0674 -24.6191
v 51.1684 267.0122 -30.9172
v 55.9117 267.0122 -27.8926
v 60.3744 267.0122 -24.4665
v 64.5234 267.0122 -20.6665
v 64.6643 267.0674 -20.8075
v 64.9547 267.0858 -21.0979
v 30.2277 267.0858 -39.1783
v 35.7714 267.0858 -37.9469
v 30.1564 267.0674 -38.7738
v 35.6651 267.0674 -37.5501
v 41.1875 267.0858 -36.2377
v 41.047 267.0674 -35.8517
v 30.1218 267.0122 -38.5775
v 35.6136 267.0122 -37.3576
v 40.9789 267.0122 -35.6645
v 46.1773 267.0122 -33.5127
v 46.2615 267.0674 -33.6934
v 46.4351 267.0858 -34.0656
v 7.6185 267.0858 -39.1783
v 13.2491 267.0858 -39.9172
v 7.6898 267.0674 -38.7738
v 13.2849 267.0674 -39.5081
v 18.9231 267.0858 -40.1635
v 18.9231 267.0674 -39.7528
v 7.7244 267.0122 -38.5775
v 13.3023 267.0122 -39.3095
v 18.9231 267.0122 -39.5535
v 24.544 267.0122 -39.3095
v 24.5613 267.0674 -39.5081
v 24.5971 267.0858 -39.9172
v -13.6272 267.0858 -31.4455
v -8.5889 267.0858 -34.0656
v -13.4218 267.0674 -31.0898
v -8.4153 267.0674 -33.6934
v -3.3413 267.0858 -36.2377
v -3.2008 267.0674 -35.8517
v -13.3221 267.0122 -30.9172
v -8.3311 267.0122 -33.5127
v -3.1326 267.0122 -35.6645
v 2.2327 267.0122 -37.3576
v 2.1811 267.0674 -37.5501
v 2.0748 267.0858 -37.9469
v -30.9468 267.0858 -16.9126
v -27.1085 267.0858 -21.0979
v -30.6322 267.0674 -16.6486
v -26.8181 267.0674 -20.8075
v -22.9203 267.0858 -24.9338
v -22.6563 267.0674 -24.6191
v -30.4795 267.0122 -16.5205
v -26.6771 267.0122 -20.6665
v -22.5281 267.0122 -24.4665
v -18.0655 267.0122 -27.8926
v -18.1798 267.0674 -28.0558
v -18.4154 267.0858 -28.3923
v -42.2514 267.0858 2.6675
v -40.076 267.0858 -2.5782
v -41.8655 267.0674 2.808
v -39.7038 267.0674 -2.4046
v -37.4523 267.0858 -7.6151
v -37.0966 267.0674 -7.4098
v -41.6782 267.0122 2.8762
v -39.5231 267.0122 -2.3203
v -36.924 267.0122 -7.3101
v -33.9023 267.0122 -12.0559
v -34.0656 267.0674 -12.1703
v -34.402 267.0858 -12.4058
v -46.1775 267.0858 24.9332
v -45.9274 267.0858 19.2599
v -45.7667 267.0674 24.9332
v -45.5182 267.0674 19.2957
v -45.1846 267.0858 13.6293
v -44.7802 267.0674 13.7006
v -45.5674 267.0122 24.9332
v -45.3197 267.0122 19.313
v -44.5839 267.0122 13.7352
v -43.3676 267.0122 8.2421
v -43.5601 267.0674 8.1906
v -43.9568 267.0858 8.0843
v -42.2514 267.0858 47.1989
v -43.9568 267.0858 41.7822
v -41.8655 267.0674 47.0585
v -43.5601 267.0674 41.6759
v -45.1847 267.0858 36.2371
v -44.7802 267.0674 36.1658
v -41.6782 267.0122 46.9903
v -43.3676 267.0122 41.6243
v -44.5839 267.0122 36.1312
v -45.3197 267.0122 30.5534
v -45.5182 267.0674 30.5708
v -45.9274 267.0858 30.6066
v -30.9468 267.0858 66.7791
v -34.402 267.0858 62.2723
v -30.6322 267.0674 66.5151
v -34.0656 267.0674 62.0367
v -37.4523 267.0858 57.4816
v -37.0966 267.0674 57.2762
v -30.4795 267.0122 66.3869
v -33.9023 267.0122 61.9224
v -36.924 267.0122 57.1766
v -39.5231 267.0122 52.1868
v -39.7038 267.0674 52.271
v -40.076 267.0858 52.4446
v -13.6272 267.0858 81.312
v -18.4154 267.0858 78.2587
v -13.4218 267.0674 80.9563
v -18.1798 267.0674 77.9223
v -22.9203 267.0858 74.8002
v -22.6563 267.0674 74.4856
v -13.3222 267.0122 80.7837
v -18.0655 267.0122 77.759
v -22.5282 267.0122 74.3329
v -26.6771 267.0122 70.533
v -26.8181 267.0674 70.6739
v -27.1085 267.0858 70.9643
v 7.6185 267.0858 89.0448
v 2.0748 267.0858 87.8133
v 7.6898 267.0674 88.6403
v 2.1811 267.0674 87.4166
v -3.3413 267.0858 86.1041
v -3.2008 267.0674 85.7182
v 7.7244 267.0122 88.444
v 2.2327 267.0122 87.2241
v -3.1327 267.0122 85.5309
v -8.3311 267.0122 83.3792
v -8.4153 267.0674 83.5598
v -8.5889 267.0858 83.9321
v 30.2277 267.0858 89.0448
v 24.5971 267.0858 89.7837
v 30.1564 267.0674 88.6403
v 24.5613 267.0674 89.3745
v 18.9231 267.0858 90.03
v 18.9231 267.0674 89.6192
v 30.1218 267.0122 88.444
v 24.5439 267.0122 89.176
v 18.9231 267.0122 89.4199
v 13.3022 267.0122 89.1759
v 13.2849 267.0674 89.3745
v 13.2491 267.0858 89.7837
v 51.4734 267.0858 81.312
v 46.4351 267.0858 83.9321
v 51.268 267.0674 80.9563
v 46.2615 267.0674 83.5599
v 41.1875 267.0858 86.1042
v 41.047 267.0674 85.7182
v 51.1684 267.0122 80.7837
v 46.1773 267.0122 83.3792
v 40.9788 267.0122 85.5309
v 35.6135 267.0122 87.2241
v 35.6651 267.0674 87.4166
v 35.7714 267.0858 87.8133
v 68.793 267.0858 66.7791
v 64.9547 267.0858 70.9644
v 68.4784 267.0674 66.5151
v 64.6643 267.0674 70.674
v 60.7665 267.0858 74.8002
v 60.5025 267.0674 74.4856
v 68.3257 267.0122 66.387
v 64.5233 267.0122 70.533
v 60.3743 267.0122 74.3329
v 55.9117 267.0122 77.759
v 56.026 267.0674 77.9223
v 56.2616 267.0858 78.2588
v 80.0976 267.0858 47.199
v 77.9222 267.0858 52.4446
v 79.7117 267.0674 47.0585
v 77.55 267.0674 52.2711
v 75.2985 267.0858 57.4816
v 74.9428 267.0674 57.2763
v 79.5244 267.0122 46.9903
v 77.3694 267.0122 52.1868
v 74.7702 267.0122 57.1766
v 71.7485 267.0122 61.9224
v 71.9118 267.0674 62.0367
v 72.2482 267.0858 62.2723
v 83.7736 267.0858 30.6066
v 83.3645 267.0674 30.5708
v 83.0309 267.0858 36.2372
v 82.6264 267.0674 36.1659
v 83.1659 267.0122 30.5534
v 82.4301 267.0122 36.1313
v 81.2138 267.0122 41.6243
v 81.4063 267.0674 41.6759
v 81.803 267.0858 41.7822
v 7.7515 183.3685 -38.4239
v 13.3159 183.3685 -39.1541
v 7.7515 133.7212 -38.4239
v 13.3159 133.7212 -39.1541
v 18.9231 183.3685 -39.3975
v 18.9231 133.7212 -39.3975
v 7.7515 84.0624 -38.4239
v 7.7515 42.6109 -38.4239
v 13.3159 42.6109 -39.1541
v 13.3159 84.0624 -39.1541
v 18.9231 42.6109 -39.3975
v 18.9231 84.0624 -39.3975
v 30.0947 42.6109 -38.4239
v 30.0947 84.0624 -38.4239
v 24.5304 84.0624 -39.1541
v 24.5304 42.6109 -39.1541
v 30.0947 133.7212 -38.4239
v 24.5304 133.7212 -39.1541
v 30.0947 183.3685 -38.4239
v 24.5304 183.3685 -39.1541
v 35.5732 183.3685 -37.2069
v 35.5732 133.7212 -37.2069
v 40.9255 183.3685 -35.5179
v 40.9255 133.7212 -35.5179
v 35.5732 42.6109 -37.2069
v 35.5732 84.0624 -37.2069
v 40.9255 42.6109 -35.5178
v 40.9255 84.0624 -35.5179
v 51.0904 42.6109 -30.7821
v 51.0904 84.0624 -30.7821
v 46.1114 84.0624 -33.3713
v 46.1114 42.6109 -33.3713
v 51.0904 133.7212 -30.7821
v 46.1114 133.7212 -33.3713
v 51.0904 183.3685 -30.7821
v 46.1114 183.3685 -33.3713
v 55.8222 183.3685 -27.7648
v 55.8222 133.7212 -27.7648
v 60.2741 183.3685 -24.3469
v 60.2741 133.7212 -24.347
v 55.8222 42.6109 -27.7648
v 55.8222 84.0624 -27.7648
v 60.2741 42.6109 -24.3469
v 60.2741 84.0624 -24.3469
v 68.2062 42.6109 -16.4202
v 68.2062 84.0624 -16.4202
v 64.413 84.0624 -20.5562
v 64.413 42.6109 -20.5562
v 68.2062 133.7212 -16.4202
v 64.413 133.7212 -20.5562
v 68.2062 183.3685 -16.4202
v 64.413 183.3685 -20.5562
v 71.6207 183.3685 -11.9664
v 71.6207 133.7212 -11.9664
v 74.6351 183.3685 -7.2321
v 74.6351 133.7212 -7.2321
v 71.6207 42.6109 -11.9664
v 71.6207 84.0624 -11.9664
v 74.6351 42.6109 -7.2321
v 74.6351 84.0624 -7.2321
v 79.3778 42.6109 2.9295
v 79.3778 84.0624 2.9295
v 77.228 84.0624 -2.2544
v 77.228 42.6109 -2.2544
v 79.3778 133.7212 2.9295
v 77.228 133.7212 -2.2544
v 79.3778 183.3685 2.9295
v 77.228 183.3685 -2.2544
v 81.0631 183.3685 8.2825
v 81.0631 133.7212 8.2825
v 82.2765 183.3685 13.7623
v 82.2765 133.7212 13.7623
v 81.0631 42.6109 8.2825
v 81.0631 84.0624 8.2825
v 82.2765 42.6109 13.7623
v 82.2765 84.0624 13.7623
v 83.2576 42.6109 24.9332
v 83.2576 84.0624 24.9332
v 83.0105 84.0624 19.3266
v 83.0105 42.6109 19.3266
v 83.2576 133.7212 24.9332
v 83.0105 133.7212 19.3266
v 83.2576 183.3685 24.9332
v 83.0105 183.3685 19.3266
v 83.0105 183.3685 30.5398
v 83.0105 133.7212 30.5398
v 82.2765 183.3685 36.1042
v 82.2765 133.7212 36.1042
v 83.0105 42.6109 30.5398
v 83.0105 84.0624 30.5398
v 82.2765 42.6109 36.1042
v 82.2765 84.0624 36.1042
v 79.3778 42.6109 46.937
v 79.3778 84.0624 46.937
v 81.0631 84.0624 41.584
v 81.0631 42.6109 41.584
v 79.3778 133.7212 46.937
v 81.0631 133.7212 41.584
v 79.3778 183.3685 46.937
v 81.0631 183.3685 41.584
v 77.228 183.3685 52.1209
v 77.228 133.7212 52.1209
v 74.6351 183.3685 57.0986
v 74.6351 133.7212 57.0986
v 77.228 42.6109 52.1209
v 77.228 84.0624 52.1209
v 74.6351 42.6109 57.0986
v 74.6351 84.0624 57.0986
v 68.2062 42.6109 66.2867
v 68.2062 84.0624 66.2867
v 71.6207 84.0624 61.8329
v 71.6207 42.6109 61.8329
v 68.2062 133.7212 66.2867
v 71.6207 133.7212 61.8329
v 68.2062 183.3685 66.2867
v 71.6207 183.3685 61.8329
v 64.413 183.3685 70.4227
v 64.413 133.7212 70.4227
v 60.2741 183.3685 74.2134
v 60.2741 133.7212 74.2134
v 64.413 42.6109 70.4227
v 64.413 84.0624 70.4227
v 60.2741 42.6109 74.2134
v 60.2741 84.0624 74.2134
v 51.0903 42.6109 80.6486
v 51.0903 84.0624 80.6486
v 55.8222 84.0624 77.6312
v 55.8222 42.6109 77.6312
v 51.0903 133.7212 80.6486
v 55.8222 133.7212 77.6312
v 51.0903 183.3685 80.6486
v 55.8222 183.3685 77.6312
v 46.1113 183.3685 83.2378
v 46.1113 133.7212 83.2378
v 40.9255 183.3685 85.3843
v 40.9255 133.7212 85.3843
v 46.1113 42.6109 83.2378
v 46.1113 84.0624 83.2378
v 40.9255 42.6109 85.3843
v 40.9255 84.0624 85.3843
v 30.0947 42.6109 88.2904
v 30.0947 84.0624 88.2904
v 35.5732 84.0624 87.0734
v 35.5732 42.6109 87.0734
v 30.0947 133.7212 88.2904
v 35.5732 133.7212 87.0734
v 30.0947 183.3685 88.2904
v 35.5732 183.3685 87.0734
v 24.5303 183.3685 89.0205
v 24.5303 133.7212 89.0205
v 18.9231 183.3685 89.2639
v 18.9231 133.7212 89.2639
v 24.5303 42.6109 89.0205
v 24.5303 84.0624 89.0205
v 18.9231 42.6109 89.2639
v 18.9231 84.0624 89.2639
v 7.7515 42.6109 88.2904
v 7.7515 84.0624 88.2904
v 13.3158 84.0624 89.0205
v 13.3158 42.6109 89.0205
v 7.7515 133.7212 88.2903
v 13.3158 133.7212 89.0205
v 7.7515 183.3685 88.2904
v 13.3158 183.3685 89.0205
v 2.273 183.3685 87.0734
v 2.273 133.7212 87.0734
v -3.0793 183.3685 85.3843
v -3.0793 133.7212 85.3843
v 2.273 42.6109 87.0734
v 2.273 84.0624 87.0734
v -3.0793 42.6109 85.3843
v -3.0793 84.0624 85.3843
v -13.2442 42.6109 80.6485
v -13.2442 84.0624 80.6485
v -8.2651 84.0624 83.2378
v -8.2651 42.6109 83.2378
v -13.2442 133.7212 80.6485
v -8.2651 133.7212 83.2378
v -13.2442 183.3685 80.6485
v -8.2651 183.3685 83.2378
v -17.976 183.3685 77.6312
v -17.976 133.7212 77.6312
v -22.4279 183.3685 74.2134
v -22.4279 133.7212 74.2134
v -17.976 42.6109 77.6312
v -17.976 84.0624 77.6312
v -22.4279 42.6109 74.2134
v -22.4279 84.0624 74.2134
v -30.36 42.6109 66.2867
v -30.36 84.0624 66.2867
v -26.5668 84.0624 70.4227
v -26.5668 42.6109 70.4227
v -30.36 133.7212 66.2867
v -26.5668 133.7212 70.4227
v -30.36 183.3685 66.2867
v -26.5668 183.3685 70.4227
v -33.7745 183.3685 61.8329
v -33.7745 133.7212 61.8329
v -36.7889 183.3685 57.0986
v -36.7889 133.7212 57.0986
v -33.7745 42.6109 61.8329
v -33.7745 84.0624 61.8329
v -36.7889 42.6109 57.0986
v -36.7889 84.0624 57.0986
v -41.5316 42.6109 46.9369
v -41.5315 84.0624 46.9369
v -39.3817 84.0624 52.1209
v -39.3817 42.6109 52.1209
v -41.5316 133.7212 46.9369
v -39.3817 133.7212 52.1209
v -41.5315 183.3685 46.9369
v -39.3817 183.3685 52.1209
v -43.2169 183.3685 41.5839
v -43.2169 133.7212 41.5839
v -44.4303 183.3685 36.1041
v -44.4303 133.7212 36.1041
v -43.2169 42.6109 41.5839
v -43.2169 84.0624 41.5839
v -44.4303 42.6109 36.1041
v -44.4303 84.0624 36.1041
v -45.4114 42.6109 24.9332
v -45.4114 84.0624 24.9332
v -45.1643 84.0624 30.5398
v -45.1643 42.6109 30.5398
v -45.4114 133.7212 24.9332
v -45.1643 133.7212 30.5398
v -45.4114 183.3685 24.9332
v -45.1643 183.3685 30.5398
v -45.1643 183.3685 19.3266
v -45.1643 133.7212 19.3266
v -44.4303 183.3685 13.7623
v -44.4303 133.7212 13.7623
v -45.1643 42.6109 19.3266
v -45.1643 84.0624 19.3266
v -44.4303 42.6109 13.7623
v -44.4303 84.0624 13.7623
v -41.5316 42.6109 2.9295
v -41.5315 84.0624 2.9295
v -43.2169 84.0624 8.2825
v -43.2169 42.6109 8.2825
v -41.5316 133.7212 2.9295
v -43.2169 133.7212 8.2825
v -41.5315 183.3685 2.9295
v -43.2169 183.3685 8.2825
v -39.3817 183.3685 -2.2544
v -39.3817 133.7212 -2.2544
v -36.7889 183.3685 -7.2321
v -36.7889 133.7212 -7.2321
v -39.3817 42.6109 -2.2544
v -39.3817 84.0624 -2.2544
v -36.7889 42.6109 -7.2321
v -36.7889 84.0624 -7.2321
v -30.36 42.6109 -16.4202
v -30.36 84.0624 -16.4202
v -33.7745 84.0624 -11.9664
v -33.7745 42.6109 -11.9664
v -30.36 133.7212 -16.4202
v -33.7745 133.7212 -11.9664
v -30.36 183.3685 -16.4202
v -33.7745 183.3685 -11.9664
v -26.5668 183.3685 -20.5562
v -26.5668 133.7212 -20.5562
v -22.4279 183.3685 -24.3469
v -22.4279 133.7212 -24.347
v -26.5668 42.6109 -20.5562
v -26.5668 84.0624 -20.5562
v -22.4279 42.6109 -24.3469
v -22.4279 84.0624 -24.3469
v -13.2441 42.6109 -30.7821
v -13.2441 84.0624 -30.7821
v -17.976 84.0624 -27.7648
v -17.976 42.6109 -27.7648
v -13.2441 133.7212 -30.7821
v -17.976 133.7212 -27.7648
v -13.2441 183.3685 -30.7821
v -17.976 183.3685 -27.7648
v -8.2651 183.3685 -33.3713
v -8.2651 133.7212 -33.3713
v -3.0793 183.3685 -35.5179
v -3.0793 133.7212 -35.5179
v -8.2651 42.6109 -33.3713
v -8.2651 84.0624 -33.3713
v -3.0793 42.6109 -35.5178
v -3.0793 84.0624 -35.5179
v 2.2731 84.0624 -37.2069
v 2.2731 42.6109 -37.2069
v 2.2731 133.7212 -37.2069
v 2.273 183.3685 -37.2069
v 83.9908 0 24.9332
v 83.7408 0 19.2628
v 83.5839 0.0242 24.9332
v 83.3355 0.0242 19.2982
v 82.9984 0 13.635
v 82.5978 0.0242 13.7057
v 83.3938 0.0966 24.9332
v 83.3257 0.2415 24.9332
v 83.0783 0.2415 19.3207
v 83.1461 0.0966 19.3148
v 82.3436 0.2415 13.7505
v 82.4106 0.0966 13.7387
v 79.4418 0.2415 2.9062
v 79.5058 0.0966 2.8829
v 81.1947 0.0966 8.2473
v 81.1289 0.2415 8.2649
v 79.6844 0.0242 2.8179
v 81.3783 0.0242 8.1981
v 80.0667 0 2.6788
v 81.7712 0 8.0928
v 80.0667 0 47.1877
v 81.7712 0 41.7737
v 79.6844 0.0242 47.0486
v 81.3783 0.0242 41.6684
v 82.9984 0 36.2315
v 82.5978 0.0242 36.1608
v 79.5058 0.0966 46.9835
v 79.4418 0.2415 46.9603
v 81.1289 0.2415 41.6016
v 81.1946 0.0966 41.6192
v 82.3435 0.2415 36.116
v 82.4106 0.0966 36.1278
v 83.1461 0.0966 30.5517
v 83.0783 0.2415 30.5458
v 83.3355 0.0242 30.5683
v 83.7408 0 30.6037
v 68.7678 0 66.7579
v 72.2212 0 62.2534
v 68.4561 0.0242 66.4964
v 71.888 0.0242 62.0201
v 75.27 0 57.4652
v 74.9177 0.0242 57.2618
v 68.3105 0.0966 66.3742
v 68.2584 0.2415 66.3305
v 71.6765 0.2415 61.872
v 71.7323 0.0966 61.9111
v 74.6941 0.2415 57.1327
v 74.7531 0.0966 57.1667
v 77.3514 0.0966 52.1785
v 77.2897 0.2415 52.1497
v 77.5237 0.0242 52.2588
v 77.8924 0 52.4307
v 51.4569 0 81.2835
v 56.2427 0 78.2318
v 51.2535 0.0242 80.9311
v 56.0094 0.0242 77.8985
v 60.7453 0 74.775
v 60.4838 0.0242 74.4634
v 51.1584 0.0966 80.7665
v 51.1244 0.2415 80.7076
v 55.8613 0.2415 77.687
v 55.9003 0.0966 77.7428
v 60.3178 0.2415 74.2656
v 60.3616 0.0966 74.3178
v 64.5093 0.0966 70.519
v 64.4612 0.2415 70.4709
v 64.6437 0.0242 70.6534
v 64.9314 0 70.9411
v 30.222 0 89.0124
v 35.7629 0 87.7815
v 30.1513 0.0242 88.6117
v 35.6576 0.0242 87.3886
v 41.1762 0 86.0732
v 41.0371 0.0242 85.6909
v 30.1183 0.0966 88.4245
v 30.1065 0.2415 88.3574
v 35.5908 0.2415 87.1392
v 35.6084 0.0966 87.205
v 40.9488 0.2415 85.4483
v 40.9721 0.0966 85.5123
v 46.1689 0.0966 83.3613
v 46.1401 0.2415 83.2995
v 46.2492 0.0242 83.5335
v 46.4212 0 83.9022
v 7.6242 0 89.0123
v 13.2519 0 89.7509
v 7.6949 0.0242 88.6117
v 13.2874 0.0242 89.3456
v 18.9231 0 89.997
v 18.9231 0.0242 89.5902
v 7.7279 0.0966 88.4245
v 7.7397 0.2415 88.3574
v 13.3099 0.2415 89.0884
v 13.304 0.0966 89.1562
v 18.9231 0.2415 89.332
v 18.9231 0.0966 89.4001
v 24.5422 0.0966 89.1562
v 24.5363 0.2415 89.0884
v 24.5588 0.0242 89.3456
v 24.5942 0 89.7509
v -13.6107 0 81.2834
v -8.575 0 83.9022
v -13.4073 0.0242 80.9311
v -8.403 0.0242 83.5335
v -3.33 0 86.0732
v -3.1909 0.0242 85.6909
v -13.3123 0.0966 80.7665
v -13.2782 0.2415 80.7075
v -8.2939 0.2415 83.2995
v -8.3227 0.0966 83.3612
v -3.1026 0.2415 85.4483
v -3.1259 0.0966 85.5123
v 2.2378 0.0966 87.2049
v 2.2554 0.2415 87.1392
v 2.1886 0.0242 87.3885
v 2.0833 0 87.7815
v -30.9216 0 66.7579
v -27.0852 0 70.9411
v -30.6099 0.0242 66.4964
v -26.7975 0.0242 70.6534
v -22.8991 0 74.775
v -22.6376 0.0242 74.4633
v -30.4643 0.0966 66.3742
v -30.4121 0.2415 66.3304
v -26.615 0.2415 70.4708
v -26.6631 0.0966 70.519
v -22.4716 0.2415 74.2656
v -22.5154 0.0966 74.3177
v -18.0541 0.0966 77.7428
v -18.0151 0.2415 77.687
v -18.1632 0.0242 77.8985
v -18.3965 0 78.2317
v -42.2205 0 47.1877
v -40.0462 0 52.4307
v -41.8382 0.0242 47.0485
v -39.6775 0.0242 52.2587
v -37.4238 0 57.4651
v -37.0715 0.0242 57.2617
v -41.6595 0.0966 46.9835
v -41.5955 0.2415 46.9602
v -39.4435 0.2415 52.1496
v -39.5052 0.0966 52.1784
v -36.8479 0.2415 57.1326
v -36.9069 0.0966 57.1667
v -33.8861 0.0966 61.911
v -33.8303 0.2415 61.872
v -34.0418 0.0242 62.02
v -34.375 0 62.2534
v -46.1445 0 24.9332
v -45.8946 0 30.6037
v -45.7377 0.0242 24.9332
v -45.4893 0.0242 30.5682
v -45.1522 0 36.2314
v -44.7516 0.0242 36.1608
v -45.5476 0.0966 24.9332
v -45.4795 0.2415 24.9332
v -45.2321 0.2415 30.5457
v -45.2999 0.0966 30.5517
v -44.4973 0.2415 36.116
v -44.5644 0.0966 36.1278
v -43.3484 0.0966 41.6192
v -43.2827 0.2415 41.6015
v -43.532 0.0242 41.6684
v -43.925 0 41.7737
v -42.2205 0 2.6788
v -43.925 0 8.0928
v -41.8382 0.0242 2.8179
v -43.532 0.0242 8.1981
v -45.1522 0 13.635
v -44.7516 0.0242 13.7057
v -41.6595 0.0966 2.8829
v -41.5955 0.2415 2.9062
v -43.2827 0.2415 8.2649
v -43.3484 0.0966 8.2473
v -44.4973 0.2415 13.7505
v -44.5644 0.0966 13.7387
v -45.2999 0.0966 19.3148
v -45.2321 0.2415 19.3207
v -45.4893 0.0242 19.2982
v -45.8946 0 19.2627
v -30.9216 0 -16.8914
v -34.375 0 -12.3869
v -30.6099 0.0242 -16.6299
v -34.0418 0.0242 -12.1536
v -37.4238 0 -7.5987
v -37.0715 0.0242 -7.3953
v -30.4643 0.0966 -16.5077
v -30.4121 0.2415 -16.464
v -33.8303 0.2415 -12.0055
v -33.8861 0.0966 -12.0446
v -36.8479 0.2415 -7.2662
v -36.9068 0.0966 -7.3002
v -39.5052 0.0966 -2.312
v -39.4435 0.2415 -2.2832
v -39.6774 0.0242 -2.3923
v -40.0462 0 -2.5642
v -13.6107 0 -31.417
v -18.3965 0 -28.3653
v -13.4073 0.0242 -31.0647
v -18.1632 0.0242 -28.032
v -22.8991 0 -24.9085
v -22.6376 0.0242 -24.5969
v -13.3122 0.0966 -30.9
v -13.2782 0.2415 -30.8411
v -18.0151 0.2415 -27.8205
v -18.0541 0.0966 -27.8763
v -22.4716 0.2415 -24.3991
v -22.5154 0.0966 -24.4513
v -26.6631 0.0966 -20.6525
v -26.615 0.2415 -20.6044
v -26.7975 0.0242 -20.7869
v -27.0852 0 -21.0746
v 7.6242 0 -39.1459
v 2.0833 0 -37.915
v 7.6949 0.0242 -38.7452
v 2.1886 0.0242 -37.5221
v -3.33 0 -36.2067
v -3.1909 0.0242 -35.8244
v 7.7279 0.0966 -38.558
v 7.7397 0.2415 -38.491
v 2.2554 0.2415 -37.2727
v 2.2378 0.0966 -37.3385
v -3.1026 0.2415 -35.5818
v -3.1259 0.0966 -35.6458
v -8.3227 0.0966 -33.4948
v -8.2939 0.2415 -33.4331
v -8.403 0.0242 -33.667
v -8.5749 0 -34.0358
v 30.222 0 -39.1459
v 24.5943 0 -39.8844
v 30.1513 0.0242 -38.7452
v 24.5588 0.0242 -39.4791
v 18.9231 0 -40.1306
v 18.9231 0.0242 -39.7237
v 30.1183 0.0966 -38.558
v 30.1065 0.2415 -38.491
v 24.5363 0.2415 -39.2219
v 24.5422 0.0966 -39.2897
v 18.9231 0.2415 -39.4656
v 18.9231 0.0966 -39.5337
v 13.304 0.0966 -39.2897
v 13.3099 0.2415 -39.2219
v 13.2874 0.0242 -39.4791
v 13.252 0 -39.8844
v 51.4569 0 -31.417
v 46.4212 0 -34.0358
v 51.2535 0.0242 -31.0647
v 46.2492 0.0242 -33.667
v 41.1762 0 -36.2067
v 41.0371 0.0242 -35.8244
v 51.1585 0.0966 -30.9
v 51.1244 0.2415 -30.8411
v 46.1401 0.2415 -33.4331
v 46.1689 0.0966 -33.4948
v 40.9488 0.2415 -35.5818
v 40.9721 0.0966 -35.6458
v 35.6084 0.0966 -37.3385
v 35.5908 0.2415 -37.2727
v 35.6576 0.0242 -37.5221
v 35.7629 0 -37.9151
v 68.7678 0 -16.8914
v 64.9314 0 -21.0746
v 68.4562 0.0242 -16.6299
v 64.6438 0.0242 -20.7869
v 60.7453 0 -24.9085
v 60.4838 0.0242 -24.5969
v 68.3105 0.0966 -16.5077
v 68.2584 0.2415 -16.464
v 64.4612 0.2415 -20.6044
v 64.5093 0.0966 -20.6525
v 60.3179 0.2415 -24.3991
v 60.3616 0.0966 -24.4513
v 55.9004 0.0966 -27.8763
v 55.8613 0.2415 -27.8205
v 56.0094 0.0242 -28.032
v 56.2427 0 -28.3653
v 77.8924 0 -2.5642
v 77.5237 0.0242 -2.3923
v 75.27 0 -7.5987
v 74.9177 0.0242 -7.3953
v 77.2897 0.2415 -2.2832
v 77.3514 0.0966 -2.312
v 74.6941 0.2415 -7.2662
v 74.7531 0.0966 -7.3002
v 71.7323 0.0966 -12.0446
v 71.6765 0.2415 -12.0055
v 71.888 0.0242 -12.1536
v 72.2213 0 -12.3869
v 7.7515 17.5854 -38.4239
v 13.3159 17.5854 -39.1541
v 7.7504 4.9036 -38.4306
v 13.3153 4.9036 -39.1609
v 18.9231 17.5854 -39.3975
v 18.9231 4.9036 -39.4043
v 7.7468 0.4831 -38.4507
v 13.3135 0.4831 -39.1812
v 18.9231 0.4831 -39.4247
v 30.0994 0.4831 -38.4507
v 24.5327 0.4831 -39.1812
v 30.0959 4.9036 -38.4306
v 24.531 4.9036 -39.1609
v 30.0947 17.5854 -38.4239
v 24.5304 17.5854 -39.1541
v 35.5732 17.5854 -37.2069
v 35.5749 4.9036 -37.2135
v 40.9255 17.5854 -35.5179
v 40.9278 4.9036 -35.5243
v 35.5802 0.4831 -37.2332
v 40.9348 0.4831 -35.5435
v 51.104 0.4831 -30.8057
v 46.1229 0.4831 -33.396
v 51.0938 4.9036 -30.788
v 46.1142 4.9036 -33.3775
v 51.0904 17.5854 -30.7821
v 46.1114 17.5854 -33.3713
v 55.8223 17.5854 -27.7648
v 55.8261 4.9036 -27.7703
v 60.2741 17.5854 -24.3469
v 60.2785 4.9036 -24.3522
v 55.8379 0.4831 -27.7871
v 60.2916 0.4831 -24.3678
v 68.2271 0.4831 -16.4377
v 64.4323 0.4831 -20.5755
v 68.2114 4.9036 -16.4246
v 64.4179 4.9036 -20.561
v 68.2062 17.5854 -16.4202
v 64.413 17.5854 -20.5562
v 71.6207 17.5854 -11.9664
v 71.6263 4.9036 -11.9703
v 74.6351 17.5854 -7.2321
v 74.641 4.9036 -7.2355
v 71.6431 0.4831 -11.9821
v 74.6587 0.4831 -7.2457
v 79.4034 0.4831 2.9202
v 77.2527 0.4831 -2.2659
v 79.3842 4.9036 2.9272
v 77.2341 4.9036 -2.2573
v 79.3778 17.5854 2.9295
v 77.228 17.5854 -2.2544
v 81.0631 17.5854 8.2825
v 81.0697 4.9036 8.2808
v 82.2765 17.5854 13.7623
v 82.2832 4.9036 13.7611
v 81.0894 0.4831 8.2755
v 82.3033 0.4831 13.7576
v 83.2849 0.4831 24.9332
v 83.0376 0.4831 19.3243
v 83.2644 4.9036 24.9332
v 83.0173 4.9036 19.3261
v 83.2576 17.5854 24.9332
v 83.0105 17.5854 19.3266
v 83.0105 17.5854 30.5398
v 83.0173 4.9036 30.5404
v 82.2765 17.5854 36.1042
v 82.2832 4.9036 36.1053
v 83.0376 0.4831 30.5422
v 82.3033 0.4831 36.1089
v 79.4034 0.4831 46.9463
v 81.0894 0.4831 41.591
v 79.3842 4.9036 46.9393
v 81.0697 4.9036 41.5857
v 79.3778 17.5854 46.937
v 81.0631 17.5854 41.584
v 77.228 17.5854 52.1209
v 77.2341 4.9036 52.1238
v 74.6351 17.5854 57.0986
v 74.641 4.9036 57.102
v 77.2526 0.4831 52.1324
v 74.6587 0.4831 57.1122
v 68.2271 0.4831 66.3042
v 71.643 0.4831 61.8486
v 68.2114 4.9036 66.2911
v 71.6263 4.9036 61.8368
v 68.2062 17.5854 66.2867
v 71.6207 17.5854 61.8329
v 64.413 17.5854 70.4227
v 64.4178 4.9036 70.4275
v 60.2741 17.5854 74.2134
v 60.2784 4.9036 74.2187
v 64.4323 0.4831 70.442
v 60.2916 0.4831 74.2343
v 51.104 0.4831 80.6722
v 55.8378 0.4831 77.6536
v 51.0938 4.9036 80.6545
v 55.8261 4.9036 77.6368
v 51.0903 17.5854 80.6486
v 55.8222 17.5854 77.6312
v 46.1113 17.5854 83.2378
v 46.1142 4.9036 83.244
v 40.9255 17.5854 85.3843
v 40.9278 4.9036 85.3907
v 46.1228 0.4831 83.2625
v 40.9348 0.4831 85.4099
v 30.0994 0.4831 88.3172
v 35.5802 0.4831 87.0997
v 30.0958 4.9036 88.2971
v 35.5749 4.9036 87.08
v 30.0947 17.5854 88.2904
v 35.5732 17.5854 87.0734
v 24.5303 17.5854 89.0205
v 24.5309 4.9036 89.0273
v 18.9231 17.5854 89.2639
v 18.9231 4.9036 89.2707
v 24.5327 0.4831 89.0477
v 18.9231 0.4831 89.2912
v 7.7468 0.4831 88.3172
v 13.3135 0.4831 89.0477
v 7.7503 4.9036 88.2971
v 13.3153 4.9036 89.0273
v 7.7515 17.5854 88.2904
v 13.3158 17.5854 89.0205
v 2.273 17.5854 87.0734
v 2.2713 4.9036 87.08
v -3.0793 17.5854 85.3843
v -3.0816 4.9036 85.3907
v 2.266 0.4831 87.0997
v -3.0886 0.4831 85.4099
v -13.2578 0.4831 80.6721
v -8.2766 0.4831 83.2625
v -13.2476 4.9036 80.6544
v -8.268 4.9036 83.244
v -13.2442 17.5854 80.6485
v -8.2651 17.5854 83.2378
v -17.976 17.5854 77.6312
v -17.9799 4.9036 77.6368
v -22.4279 17.5854 74.2134
v -22.4323 4.9036 74.2186
v -17.9917 0.4831 77.6535
v -22.4454 0.4831 74.2343
v -30.3808 0.4831 66.3042
v -26.5861 0.4831 70.4419
v -30.3652 4.9036 66.291
v -26.5716 4.9036 70.4275
v -30.36 17.5854 66.2867
v -26.5668 17.5854 70.4227
v -33.7745 17.5854 61.8329
v -33.7801 4.9036 61.8368
v -36.7889 17.5854 57.0986
v -36.7948 4.9036 57.102
v -33.7968 0.4831 61.8485
v -36.8125 0.4831 57.1122
v -41.5572 0.4831 46.9462
v -39.4064 0.4831 52.1324
v -41.5379 4.9036 46.9392
v -39.3879 4.9036 52.1237
v -41.5315 17.5854 46.9369
v -39.3817 17.5854 52.1209
v -43.2169 17.5854 41.5839
v -43.2234 4.9036 41.5857
v -44.4303 17.5854 36.1041
v -44.437 4.9036 36.1053
v -43.2432 0.4831 41.591
v -44.4571 0.4831 36.1089
v -45.4386 0.4831 24.9332
v -45.1914 0.4831 30.5422
v -45.4182 4.9036 24.9332
v -45.171 4.9036 30.5404
v -45.4114 17.5854 24.9332
v -45.1643 17.5854 30.5398
v -45.1643 17.5854 19.3266
v -45.171 4.9036 19.326
v -44.4303 17.5854 13.7623
v -44.437 4.9036 13.7611
v -45.1914 0.4831 19.3243
v -44.4571 0.4831 13.7576
v -41.5571 0.4831 2.9202
v -43.2432 0.4831 8.2755
v -41.5379 4.9036 2.9272
v -43.2235 4.9036 8.2808
v -41.5315 17.5854 2.9295
v -43.2169 17.5854 8.2825
v -39.3817 17.5854 -2.2544
v -39.3879 4.9036 -2.2573
v -36.7889 17.5854 -7.2321
v -36.7948 4.9036 -7.2355
v -39.4064 0.4831 -2.2659
v -36.8125 0.4831 -7.2457
v -30.3808 0.4831 -16.4377
v -33.7968 0.4831 -11.9821
v -30.3652 4.9036 -16.4246
v -33.7801 4.9036 -11.9703
v -30.36 17.5854 -16.4202
v -33.7745 17.5854 -11.9664
v -26.5668 17.5854 -20.5562
v -26.5716 4.9036 -20.561
v -22.4279 17.5854 -24.3469
v -22.4322 4.9036 -24.3522
v -26.5861 0.4831 -20.5755
v -22.4454 0.4831 -24.3678
v -13.2578 0.4831 -30.8057
v -17.9916 0.4831 -27.7871
v -13.2475 4.9036 -30.788
v -17.9799 4.9036 -27.7703
v -13.2441 17.5854 -30.7821
v -17.976 17.5854 -27.7648
v -8.2651 17.5854 -33.3713
v -8.268 4.9036 -33.3775
v -3.0793 17.5854 -35.5179
v -3.0816 4.9036 -35.5243
v -8.2766 0.4831 -33.396
v -3.0886 0.4831 -35.5435
v 2.266 0.4831 -37.2332
v 2.2713 4.9036 -37.2135
v 2.2731 17.5854 -37.2069
#end vertices

#begin 4818 textures vertices 
vt 0.6009496 0.2645439 0
vt 0.6008837 0.2563403 0
vt 0.6010163 0.2563334 0
vt 0.6010822 0.2645379 0
vt 0.6008037 0.2481438 0
vt 0.6009362 0.2481362 0
vt 0.6022553 0.2562695 0
vt 0.6023213 0.2644819 0
vt 0.6021749 0.2480645 0
vt 0.6007091 0.2399576 0
vt 0.6005964 0.2317845 0
vt 0.6007288 0.231775 0
vt 0.6008416 0.239949 0
vt 0.6019663 0.2316866 0
vt 0.6020798 0.2398693 0
vt 0.6122428 0.2309555 0
vt 0.6123612 0.239209 0
vt 0.6055575 0.2396454 0
vt 0.6054421 0.2314385 0
vt 0.6124601 0.2474718 0
vt 0.605654 0.2478633 0
vt 0.6125425 0.2557424 0
vt 0.6126097 0.2640193 0
vt 0.6058014 0.2643248 0
vt 0.605735 0.2560904 0
vt 0.6004584 0.2236242 0
vt 0.6005908 0.2236139 0
vt 0.6002971 0.2154763 0
vt 0.6004294 0.215465 0
vt 0.601828 0.2235163 0
vt 0.601666 0.2153584 0
vt 0.6001107 0.2073435 0
vt 0.5998942 0.1992289 0
vt 0.6000264 0.1992154 0
vt 0.6002429 0.2073311 0
vt 0.6012611 0.1990893 0
vt 0.6014787 0.2072153 0
vt 0.6115173 0.1980474 0
vt 0.6117422 0.2062565 0
vt 0.60495 0.20689 0
vt 0.6047296 0.1987356 0
vt 0.6119356 0.2144785 0
vt 0.6051395 0.2150598 0
vt 0.6121015 0.222712 0
vt 0.6053028 0.2232433 0
vt 0.5996392 0.1911324 0
vt 0.5997713 0.1911177 0
vt 0.5993458 0.1830534 0
vt 0.5994778 0.1830376 0
vt 0.6010053 0.1909809 0
vt 0.6007108 0.1828898 0
vt 0.5990106 0.1749947 0
vt 0.5986267 0.1669594 0
vt 0.5987583 0.166941 0
vt 0.5991424 0.1749776 0
vt 0.5999884 0.1667691 0
vt 0.6003741 0.1748183 0
vt 0.6102103 0.1653523 0
vt 0.6106076 0.1735029 0
vt 0.6038344 0.1743714 0
vt 0.6034443 0.1662874 0
vt 0.610954 0.18167 0
vt 0.6041746 0.1824753 0
vt 0.6112557 0.1898518 0
vt 0.6044717 0.1905973 0
vt 0.5981833 0.1589476 0
vt 0.5983147 0.1589278 0
vt 0.5976781 0.1509589 0
vt 0.5978093 0.1509376 0
vt 0.5995434 0.1587426 0
vt 0.5990363 0.1507385 0
vt 0.5971049 0.1429959 0
vt 0.5964536 0.1350621 0
vt 0.5965843 0.1350375 0
vt 0.5972359 0.142973 0
vt 0.5978064 0.1348077 0
vt 0.5984606 0.1427593 0
vt 0.607971 0.1329225 0
vt 0.6086437 0.1410024 0
vt 0.6019023 0.142161 0
vt 0.601241 0.1341652 0
vt 0.6092351 0.1491016 0
vt 0.6024838 0.1501814 0
vt 0.6097549 0.1572186 0
vt 0.6029956 0.1582241 0
vt 0.5957096 0.1271579 0
vt 0.5958401 0.1271315 0
vt 0.5948663 0.119283 0
vt 0.5949965 0.1192545 0
vt 0.5970596 0.1268845 0
vt 0.5962129 0.1189896 0
vt 0.5939121 0.1114404 0
vt 0.5928307 0.1036342 0
vt 0.5929599 0.1036014 0
vt 0.5940419 0.1114098 0
vt 0.5941681 0.1032956 0
vt 0.5952545 0.1111255 0
vt 0.6042374 0.100803 0
vt 0.6053534 0.1088015 0
vt 0.5986643 0.1103312 0
vt 0.5975663 0.1024425 0
vt 0.6063375 0.1168217 0
vt 0.5996326 0.1182493 0
vt 0.6072058 0.1248623 0
vt 0.6004874 0.1261945 0
vt 0.5915995 0.09586598 0
vt 0.5917282 0.09583066 0
vt 0.5902015 0.0881363 0
vt 0.5903296 0.08809841 0
vt 0.5929317 0.09550167 0
vt 0.5915276 0.08774432 0
vt 0.5886123 0.0804498 0
vt 0.586798 0.07281272 0
vt 0.5869245 0.07276838 0
vt 0.5887396 0.08040885 0
vt 0.5881083 0.07235622 0
vt 0.5899311 0.08002738 0
vt 0.598033 0.0690369 0
vt 0.5998968 0.07694249 0
vt 0.5932869 0.07896642 0
vt 0.5914456 0.07121173 0
vt 0.601532 0.08487317 0
vt 0.5948997 0.08675866 0
vt 0.6029704 0.09282705 0
vt 0.5963178 0.09458484 0
vt 0.5847117 0.0652304 0
vt 0.5848374 0.06518246 0
vt 0.5823003 0.05770763 0
vt 0.582425 0.05765543 0
vt 0.586013 0.06473589 0
vt 0.5835917 0.05717025 0
vt 0.579484 0.05025476 0
vt 0.5761372 0.04288351 0
vt 0.57626 0.04282057 0
vt 0.5796076 0.05019776 0
vt 0.5774122 0.04223889 0
vt 0.5807654 0.04966815 0
vt 0.587365 0.03774827 0
vt 0.5906282 0.04549831 0
vt 0.5840508 0.0482109 0
vt 0.5807044 0.04065375 0
vt 0.5934516 0.05330923 0
vt 0.5868914 0.05582908 0
vt 0.5959005 0.06115829 0
vt 0.5893314 0.06349825 0
vt 0.5722069 0.6096462 0
vt 0.5721688 0.03549582 0
vt 0.5761035 0.6022357 0
vt 0.5762276 0.6022965 0
vt 0.5733463 0.03486471 0
vt 0.5773935 0.6028575 0
vt 0.5792694 0.594719 0
vt 0.5819354 0.5871262 0
vt 0.582061 0.5871754 0
vt 0.5793941 0.5947733 0
vt 0.5832349 0.5876327 0
vt 0.5805609 0.5952768 0
vt 0.593148 0.5912267 0
vt 0.5904941 0.599172 0
vt 0.5838707 0.5966529 0
vt 0.5865533 0.5888906 0
vt 0.5874496 0.6071121 0
vt 0.5807215 0.604377 0
vt 0.5836052 0.03011981 0
vt 0.5767229 0.03316151 0
vt 0.5842242 0.5794769 0
vt 0.5843506 0.5795221 0
vt 0.5862184 0.5717829 0
vt 0.5863456 0.5718246 0
vt 0.5855327 0.5799416 0
vt 0.5875352 0.5722121 0
vt 0.5879716 0.5640525 0
vt 0.5895202 0.5562908 0
vt 0.5896488 0.5563266 0
vt 0.5880996 0.5640911 0
vt 0.5908506 0.5566599 0
vt 0.5892957 0.5644503 0
vt 0.6008828 0.5593495 0
vt 0.599295 0.5673352 0
vt 0.5926638 0.5654463 0
vt 0.5942328 0.557586 0
vt 0.5975004 0.5753094 0
vt 0.5908875 0.5732847 0
vt 0.5954658 0.583273 0
vt 0.5888679 0.5811001 0
vt 0.590889 0.5484973 0
vt 0.5910181 0.5485305 0
vt 0.5921052 0.5406739 0
vt 0.5922348 0.5407049 0
vt 0.5922253 0.5488405 0
vt 0.5934464 0.5409935 0
vt 0.5931886 0.5328236 0
vt 0.5941534 0.524949 0
vt 0.5942838 0.524976 0
vt 0.5933187 0.5328525 0
vt 0.5955024 0.5252262 0
vt 0.5945341 0.5331214 0
vt 0.6056434 0.5272683 0
vt 0.6046534 0.5353101 0
vt 0.5979512 0.5338712 0
vt 0.5989278 0.5259245 0
vt 0.6035407 0.5433377 0
vt 0.5968538 0.5417976 0
vt 0.6022902 0.5513507 0
vt 0.595621 0.5497029 0
vt 0.5950083 0.5170483 0
vt 0.5951391 0.5170732 0
vt 0.5957696 0.5091216 0
vt 0.5959006 0.5091447 0
vt 0.5963609 0.5173061 0
vt 0.597125 0.5093616 0
vt 0.5964484 0.5011716 0
vt 0.5970523 0.4932005 0
vt 0.5971837 0.4932206 0
vt 0.5965797 0.5011932 0
vt 0.5984119 0.4934079 0
vt 0.5978062 0.501395 0
vt 0.6086208 0.4949466 0
vt 0.6080023 0.5030499 0
vt 0.6012525 0.5019592 0
vt 0.6018629 0.4939318 0
vt 0.607306 0.5111382 0
vt 0.6005657 0.5099678 0
vt 0.6065233 0.5192112 0
vt 0.5997946 0.5179566 0
vt 0.5975844 0.4852068 0
vt 0.597716 0.4852254 0
vt 0.5980564 0.4771903 0
vt 0.5981883 0.4772075 0
vt 0.5989462 0.4853989 0
vt 0.59942 0.4773684 0
vt 0.5984762 0.4691536 0
vt 0.5988477 0.4610994 0
vt 0.5989798 0.461114 0
vt 0.5986081 0.4691696 0
vt 0.6002136 0.4612511 0
vt 0.599841 0.4693185 0
vt 0.6104631 0.4623839 0
vt 0.6100834 0.470546 0
vt 0.6033045 0.4697356 0
vt 0.6036796 0.4616356 0
vt 0.6096536 0.4786944 0
vt 0.6028803 0.4778191 0
vt 0.6091684 0.4868283 0
vt 0.6024022 0.485885 0
vt 0.5991716 0.4530258 0
vt 0.5993038 0.4530393 0
vt 0.5994572 0.4449331 0
vt 0.5995895 0.4449455 0
vt 0.6005389 0.4531652 0
vt 0.6008255 0.4450611 0
vt 0.5997098 0.4368239 0
vt 0.599932 0.4287008 0
vt 0.6000645 0.4287111 0
vt 0.5998422 0.4368353 0
vt 0.6013015 0.4288069 0
vt 0.6010788 0.4369409 0
vt 0.611575 0.4296028 0
vt 0.6113487 0.4378164 0
vt 0.6045524 0.4372376 0
vt 0.6047763 0.4290763 0
vt 0.6110904 0.4460186 0
vt 0.6042972 0.4453857 0
vt 0.6107968 0.454208 0
vt 0.604008 0.4535187 0
vt 0.6001226 0.4205624 0
vt 0.600255 0.4205717 0
vt 0.6002889 0.4124087 0
vt 0.6004214 0.412417 0
vt 0.6014929 0.4206581 0
vt 0.6016599 0.4124948 0
vt 0.6004355 0.4042424 0
vt 0.600563 0.3960663 0
vt 0.6006957 0.3960729 0
vt 0.600568 0.4042498 0
vt 0.6019346 0.3961337 0
vt 0.6018068 0.4043193 0
vt 0.6122218 0.3966416 0
vt 0.6120925 0.4048962 0
vt 0.6052861 0.4045143 0
vt 0.6054143 0.3963052 0
vt 0.6119431 0.413142 0
vt 0.6051383 0.4127136 0
vt 0.6117718 0.421378 0
vt 0.6049697 0.4209015 0
vt 0.6006693 0.3878792 0
vt 0.600802 0.3878849 0
vt 0.6007608 0.379681 0
vt 0.6008934 0.3796859 0
vt 0.6020414 0.3879376 0
vt 0.6021332 0.3797309 0
vt 0.6008404 0.3714745 0
vt 0.6009085 0.3632625 0
vt 0.6010411 0.3632656 0
vt 0.6009731 0.3714786 0
vt 0.602281 0.3632956 0
vt 0.602213 0.3715162 0
vt 0.6125753 0.3635481 0
vt 0.6125073 0.3718309 0
vt 0.6056954 0.3716223 0
vt 0.6057632 0.3633805 0
vt 0.6124265 0.3801084 0
vt 0.6056153 0.3798582 0
vt 0.6123321 0.3883791 0
vt 0.6055225 0.3880864 0
vt 0.6009612 0.3550438 0
vt 0.601094 0.3550463 0
vt 0.6010045 0.3468185 0
vt 0.6011372 0.3468201 0
vt 0.6023341 0.3550688 0
vt 0.6023776 0.3468356 0
vt 0.6010403 0.3385892 0
vt 0.601068 0.3303588 0
vt 0.6012007 0.330359 0
vt 0.6011731 0.3385902 0
vt 0.6024409 0.3303604 0
vt 0.6024134 0.3385988 0
vt 0.6127374 0.330375 0
vt 0.612711 0.3386725 0
vt 0.605897 0.3386233 0
vt 0.6059239 0.3303647 0
vt 0.6126754 0.3469682 0
vt 0.6058612 0.3468799 0
vt 0.6126306 0.3552604 0
vt 0.6058173 0.3551329 0
vt 0.6010832 0.3221266 0
vt 0.6012159 0.322126 0
vt 0.6010907 0.3138921 0
vt 0.6012234 0.3138907 0
vt 0.6024563 0.3221201 0
vt 0.6024638 0.3138781 0
vt 0.6010918 0.3056582 0
vt 0.601085 0.2974278 0
vt 0.6012177 0.297425 0
vt 0.6012246 0.3056561 0
vt 0.6024576 0.2973982 0
vt 0.6024648 0.3056367 0
vt 0.6127522 0.2971792 0
vt 0.6127615 0.3054769 0
vt 0.605948 0.3055822 0
vt 0.6059399 0.2973236 0
vt 0.6127617 0.3137764 0
vt 0.6059475 0.3138431 0
vt 0.6127539 0.3220763 0
vt 0.6059398 0.3221046 0
vt 0.6010651 0.2892003 0
vt 0.6011978 0.2891967 0
vt 0.601036 0.2809753 0
vt 0.6011687 0.2809709 0
vt 0.6024377 0.2891626 0
vt 0.6024085 0.2809297 0
vt 0.6009984 0.2727555 0
vt 0.6011311 0.2727503 0
vt 0.6023706 0.272702 0
vt 0.6126622 0.2723025 0
vt 0.605852 0.2725664 0
vt 0.6127025 0.2805912 0
vt 0.6058908 0.2808146 0
vt 0.6127324 0.2888839 0
vt 0.6059202 0.2890676 0
vt 0.6723146 0.2616313 0
vt 0.6722485 0.2530155 0
vt 0.6897338 0.2523974 0
vt 0.6897927 0.2610916 0
vt 0.6721678 0.2443983 0
vt 0.6896617 0.2437009 0
vt 0.7071675 0.2518931 0
vt 0.7072158 0.2606523 0
vt 0.7071082 0.2431308 0
vt 0.6720705 0.2357808 0
vt 0.6719548 0.2271635 0
vt 0.6894714 0.2263037 0
vt 0.6895748 0.2350028 0
vt 0.7069507 0.2256 0
vt 0.7070364 0.2343662 0
vt 0.7418235 0.2247008 0
vt 0.7418593 0.2335554 0
vt 0.7244627 0.2338816 0
vt 0.7243998 0.2250634 0
vt 0.7418885 0.2424079 0
vt 0.7245149 0.2426977 0
vt 0.7419119 0.2512576 0
vt 0.7419302 0.2601037 0
vt 0.7245923 0.2603213 0
vt 0.7245578 0.2515112 0
vt 0.6718183 0.2185459 0
vt 0.6893493 0.2176029 0
vt 0.6716583 0.2099271 0
vt 0.6892063 0.2088996 0
vt 0.7068495 0.2168314 0
vt 0.7067307 0.2080594 0
vt 0.671472 0.2013078 0
vt 0.6712561 0.1926888 0
vt 0.6888469 0.1914884 0
vt 0.6890398 0.2001945 0
vt 0.706432 0.1905093 0
vt 0.7065923 0.1992851 0
vt 0.741595 0.1892545 0
vt 0.7416668 0.1981193 0
vt 0.7241344 0.1985913 0
vt 0.7240149 0.1897627 0
vt 0.7417282 0.2069826 0
vt 0.7242372 0.2074182 0
vt 0.74178 0.2158435 0
vt 0.7243252 0.2162426 0
vt 0.6710071 0.1840693 0
vt 0.6886247 0.1827805 0
vt 0.6707209 0.1754487 0
vt 0.6883695 0.1740704 0
vt 0.7062472 0.1817312 0
vt 0.7060351 0.1729506 0
vt 0.6703932 0.1668276 0
vt 0.6700193 0.158207 0
vt 0.6877457 0.1566469 0
vt 0.6880778 0.1653588 0
vt 0.7055172 0.1553862 0
vt 0.7057928 0.1641685 0
vt 0.7411743 0.1537821 0
vt 0.741302 0.1626501 0
vt 0.7235367 0.1632648 0
vt 0.7233302 0.1544311 0
vt 0.7414138 0.1715193 0
vt 0.7237181 0.172099 0
vt 0.7415109 0.1803878 0
vt 0.7238768 0.180932 0
vt 0.6695942 0.1495861 0
vt 0.6873688 0.1479342 0
vt 0.6691121 0.1409642 0
vt 0.6869427 0.1392201 0
vt 0.705205 0.1466034 0
vt 0.7048528 0.1378201 0
vt 0.6685673 0.1323423 0
vt 0.6679535 0.1237217 0
vt 0.685924 0.121794 0
vt 0.6864627 0.1305062 0
vt 0.7040146 0.120259 0
vt 0.7044571 0.1290379 0
vt 0.7404726 0.1183338 0
vt 0.7406792 0.1271889 0
vt 0.7225366 0.1279347 0
vt 0.7222063 0.1191093 0
vt 0.7408642 0.1360503 0
vt 0.7228325 0.136765 0
vt 0.7410287 0.1449154 0
vt 0.7230963 0.1455978 0
vt 0.6672642 0.1151018 0
vt 0.6853219 0.1130835 0
vt 0.6664927 0.1064826 0
vt 0.6846516 0.1043752 0
vt 0.7035218 0.1114835 0
vt 0.7029758 0.1027124 0
vt 0.6656321 0.09786564 0
vt 0.6646762 0.08925289 0
vt 0.6830892 0.08697397 0
vt 0.6839086 0.09567125 0
vt 0.701714 0.08519351 0
vt 0.7023738 0.09394819 0
vt 0.7394078 0.08300043 0
vt 0.7397107 0.09181612 0
vt 0.720989 0.09267114 0
vt 0.7205034 0.08387866 0
vt 0.7399889 0.1006454 0
vt 0.7214341 0.1014756 0
vt 0.7402427 0.1094856 0
vt 0.7218394 0.1102892 0
vt 0.6636187 0.08064518 0
vt 0.6821902 0.07828475 0
vt 0.6624546 0.07204347 0
vt 0.6812099 0.06960493 0
vt 0.7009951 0.07644999 0
vt 0.7002172 0.06771908 0
vt 0.6611806 0.06345077 0
vt 0.6597957 0.05487044 0
vt 0.6790072 0.05228686 0
vt 0.680148 0.06093779 0
vt 0.6984929 0.05030822 0
vt 0.6993819 0.05900405 0
vt 0.7379657 0.04790685 0
vt 0.7383571 0.05665046 0
vt 0.7188071 0.05758964 0
vt 0.7181689 0.04886441 0
vt 0.7387296 0.06541566 0
vt 0.719411 0.06633572 0
vt 0.7390803 0.0741999 0
vt 0.7199771 0.07509973 0
vt 0.6583023 0.04630454 0
vt 0.6777925 0.04365426 0
vt 0.6567071 0.03775453 0
vt 0.676513 0.03504174 0
vt 0.6975558 0.04163325 0
vt 0.6965792 0.03298047 0
vt 0.6550231 0.02922264 0
vt 0.6532695 0.02070847 0
vt 0.6738223 0.01788922 0
vt 0.6751827 0.02645255 0
vt 0.6945574 0.01574801 0
vt 0.6955747 0.02435182 0
vt 0.7362889 0.01315749 0
vt 0.7367146 0.02181047 0
vt 0.7161052 0.02282309 0
vt 0.7153948 0.0141894 0
vt 0.7371396 0.03048642 0
vt 0.7168106 0.03148031 0
vt 0.7375583 0.03918547 0
vt 0.7175012 0.04016112 0
vt 0.6514726 0.01220655 0
vt 0.6724612 0.009352996 0
vt 0.652953 0.6224269 0
vt 0.6731414 0.6252203 0
vt 0.6935448 0.007166372 0
vt 0.6935104 0.6274333 0
vt 0.6546204 0.6139727 0
vt 0.65623 0.6054958 0
vt 0.6758359 0.6081336 0
vt 0.674512 0.6166857 0
vt 0.6956532 0.6102387 0
vt 0.6945994 0.6188452 0
vt 0.7356927 0.6129968 0
vt 0.7351516 0.6216652 0
vt 0.7148281 0.6204929 0
vt 0.7156218 0.611849 0
vt 0.7345939 0.6303131 0
vt 0.7140095 0.6291171 0
vt 0.735868 0.004525287 0
vt 0.7146896 0.005576537 0
vt 0.6577646 0.5969957 0
vt 0.677104 0.5995615 0
vt 0.6592115 0.5884739 0
vt 0.6783081 0.5909689 0
vt 0.6966656 0.6016123 0
vt 0.697631 0.5929658 0
vt 0.6605627 0.5799338 0
vt 0.6618143 0.5713795 0
vt 0.6805018 0.5737308 0
vt 0.6794421 0.5823577 0
vt 0.6994036 0.575619 0
vt 0.6985448 0.5843006 0
vt 0.7376336 0.5781169 0
vt 0.737186 0.5868653 0
vt 0.7178098 0.585795 0
vt 0.7184639 0.5770737 0
vt 0.7367122 0.595596 0
vt 0.7171163 0.5944994 0
vt 0.7362136 0.6043071 0
vt 0.7163859 0.6031845 0
vt 0.6629659 0.5628132 0
vt 0.6814853 0.5650896 0
vt 0.6640196 0.5542368 0
vt 0.6823927 0.5564358 0
vt 0.7002055 0.5669218 0
vt 0.7009497 0.5582104 0
vt 0.6649792 0.5456531 0
vt 0.6658492 0.5370649 0
vt 0.6839854 0.5391013 0
vt 0.6832252 0.547772 0
vt 0.7022671 0.5407553 0
vt 0.7016365 0.5494872 0
vt 0.7391464 0.5429668 0
vt 0.73881 0.5517737 0
vt 0.7201773 0.5508163 0
vt 0.720665 0.5420399 0
vt 0.7384458 0.5605695 0
vt 0.7196481 0.5595826 0
vt 0.7380536 0.5693513 0
vt 0.7190769 0.5683358 0
vt 0.6666355 0.5284725 0
vt 0.6846766 0.5304244 0
vt 0.6673438 0.5198764 0
vt 0.6853026 0.5217422 0
vt 0.7028433 0.5320154 0
vt 0.7033677 0.5232684 0
vt 0.66798 0.5112781 0
vt 0.6685498 0.5026788 0
vt 0.6863757 0.5043693 0
vt 0.6858675 0.5130566 0
vt 0.7042719 0.5057619 0
vt 0.7038429 0.5145166 0
vt 0.7402301 0.5076502 0
vt 0.7399961 0.5164889 0
vt 0.7218922 0.5156594 0
vt 0.7222286 0.506855 0
vt 0.7397383 0.5253227 0
vt 0.7215208 0.5244598 0
vt 0.7394554 0.5341495 0
vt 0.7211123 0.533254 0
vt 0.6690589 0.4940783 0
vt 0.6868313 0.4956803 0
vt 0.6695126 0.4854761 0
vt 0.6872388 0.4869896 0
vt 0.7046579 0.4970047 0
vt 0.7050041 0.488245 0
vt 0.6699161 0.4768731 0
vt 0.6702739 0.4682702 0
vt 0.6879251 0.4696077 0
vt 0.6876021 0.4782983 0
vt 0.7055896 0.4707244 0
vt 0.7053137 0.4794844 0
vt 0.7409558 0.4722622 0
vt 0.7408028 0.4811114 0
vt 0.7230495 0.4804234 0
vt 0.7232678 0.4716109 0
vt 0.7406318 0.4899603 0
vt 0.7228049 0.489236 0
vt 0.7404414 0.4988072 0
vt 0.7225321 0.4980471 0
vt 0.6705904 0.4596666 0
vt 0.6882115 0.4609171 0
vt 0.6708698 0.451062 0
vt 0.6884648 0.4522263 0
vt 0.7058347 0.4619644 0
vt 0.706052 0.4532045 0
vt 0.6711158 0.4424566 0
vt 0.6713317 0.4338516 0
vt 0.6888846 0.4348468 0
vt 0.6886882 0.4435358 0
vt 0.706413 0.4356878 0
vt 0.7062439 0.4444452 0
vt 0.741416 0.4368657 0
vt 0.7413208 0.4457131 0
vt 0.7237877 0.4451733 0
vt 0.7239225 0.4363633 0
vt 0.7412134 0.4545626 0
vt 0.7236349 0.4539855 0
vt 0.7410921 0.4634125 0
vt 0.7234623 0.4627982 0
vt 0.6715208 0.425246 0
vt 0.6890568 0.4261583 0
vt 0.6716857 0.4166392 0
vt 0.6892072 0.4174696 0
vt 0.7065614 0.4269316 0
vt 0.7066913 0.4181758 0
vt 0.6718291 0.4080319 0
vt 0.6719532 0.3994247 0
vt 0.6894517 0.4000949 0
vt 0.6893382 0.4087816 0
vt 0.7069029 0.4006686 0
vt 0.7068046 0.4094212 0
vt 0.7416937 0.4014902 0
vt 0.7416374 0.4103312 0
vt 0.7242357 0.4099402 0
vt 0.7243147 0.4011361 0
vt 0.741573 0.4191746 0
vt 0.7241449 0.4187466 0
vt 0.7414995 0.4280197 0
vt 0.724041 0.4275546 0
vt 0.6720601 0.3908172 0
vt 0.6895496 0.3914087 0
vt 0.6721515 0.3822082 0
vt 0.6896335 0.3827222 0
vt 0.7069879 0.3919172 0
vt 0.7070608 0.383166 0
vt 0.6722291 0.3735987 0
vt 0.6722942 0.3649894 0
vt 0.6897647 0.3653505 0
vt 0.6897048 0.3740359 0
vt 0.7071753 0.3656666 0
vt 0.707123 0.3744156 0
vt 0.7418526 0.3661406 0
vt 0.7418213 0.3749757 0
vt 0.7244924 0.3747307 0
vt 0.7245351 0.3659316 0
vt 0.7417848 0.3838127 0
vt 0.724442 0.3835315 0
vt 0.7417425 0.3926511 0
vt 0.7243831 0.3923335 0
vt 0.6723479 0.3563794 0
vt 0.6898142 0.3566652 0
vt 0.6723911 0.3477683 0
vt 0.6898543 0.3479792 0
vt 0.7072188 0.3569182 0
vt 0.7072542 0.3481694 0
vt 0.6724246 0.3391566 0
vt 0.672449 0.3305449 0
vt 0.6899083 0.3306072 0
vt 0.6898855 0.339293 0
vt 0.7073027 0.3306724 0
vt 0.707282 0.3394206 0
vt 0.7419344 0.3308056 0
vt 0.7419196 0.3396387 0
vt 0.7246237 0.3395366 0
vt 0.7246416 0.330739 0
vt 0.7419012 0.3484724 0
vt 0.7246002 0.3483348 0
vt 0.741879 0.3573065 0
vt 0.7245708 0.3571333 0
vt 0.6724645 0.321933 0
vt 0.6899231 0.3219211 0
vt 0.6724714 0.3133196 0
vt 0.6899301 0.3132335 0
vt 0.7073166 0.321924 0
vt 0.7073238 0.3131741 0
vt 0.6724695 0.3047057 0
vt 0.6724588 0.2960921 0
vt 0.6899201 0.2958571 0
vt 0.6899291 0.3045453 0
vt 0.707318 0.2956725 0
vt 0.7073243 0.3044234 0
vt 0.7419601 0.2954668 0
vt 0.7419584 0.3043027 0
vt 0.7246643 0.3043422 0
vt 0.7246616 0.2955418 0
vt 0.7419536 0.313138 0
vt 0.7246619 0.3131422 0
vt 0.7419456 0.3219726 0
vt 0.7246543 0.3219414 0
vt 0.6724386 0.287478 0
vt 0.6899026 0.2871678 0
vt 0.6724085 0.2788627 0
vt 0.689876 0.2784768 0
vt 0.7073045 0.2869203 0
vt 0.7072834 0.2781658 0
vt 0.6723675 0.2702469 0
vt 0.6898397 0.2697845 0
vt 0.7072541 0.2694096 0
vt 0.7419435 0.2689474 0
vt 0.7246193 0.2691291 0
vt 0.7419527 0.2777895 0
vt 0.7246394 0.2779355 0
vt 0.7419581 0.2866295 0
vt 0.7246534 0.2867399 0
vt 0.7592359 0.2511351 0
vt 0.7592359 0.2600021 0
vt 0.7592342 0.2422645 0
vt 0.7765446 0.2511448 0
vt 0.7765255 0.2600175 0
vt 0.7765656 0.2422686 0
vt 0.7592244 0.2245156 0
vt 0.7592305 0.2333911 0
vt 0.7766137 0.2245089 0
vt 0.7765886 0.2333897 0
vt 0.8113984 0.2250273 0
vt 0.8113127 0.2338726 0
vt 0.7939454 0.2335509 0
vt 0.7940017 0.2246801 0
vt 0.8112378 0.2427162 0
vt 0.7938958 0.2424198 0
vt 0.8111728 0.2515573 0
vt 0.8111168 0.2603953 0
vt 0.793814 0.2601492 0
vt 0.7938521 0.2512862 0
vt 0.7592155 0.2156375 0
vt 0.7592035 0.2067559 0
vt 0.7766411 0.2156254 0
vt 0.7766707 0.2067386 0
vt 0.7591679 0.1889868 0
vt 0.7591878 0.1978719 0
vt 0.7767372 0.1889597 0
vt 0.7767027 0.1978496 0
vt 0.8118724 0.1896225 0
vt 0.8117318 0.1984762 0
vt 0.7942159 0.1980516 0
vt 0.7943047 0.1891721 0
vt 0.8116068 0.207329 0
vt 0.7941363 0.2069302 0
vt 0.8114961 0.2161797 0
vt 0.7940651 0.2158068 0
vt 0.7591432 0.1801001 0
vt 0.7591131 0.1712119 0
vt 0.7767742 0.1800683 0
vt 0.7768139 0.1711756 0
vt 0.7590341 0.153437 0
vt 0.7590769 0.1623236 0
vt 0.7769016 0.1533927 0
vt 0.7768563 0.1622831 0
vt 0.8126204 0.1541998 0
vt 0.8124025 0.1630546 0
vt 0.7946336 0.1625271 0
vt 0.7947669 0.1536471 0
vt 0.8122063 0.171911 0
vt 0.7945127 0.171409 0
vt 0.8120301 0.1807675 0
vt 0.7944033 0.1802912 0
vt 0.7589838 0.1445524 0
vt 0.7589255 0.1356701 0
vt 0.7769497 0.1445045 0
vt 0.7770009 0.1356191 0
vt 0.7587823 0.1179219 0
vt 0.7588585 0.1267924 0
vt 0.7771128 0.1178657 0
vt 0.7770552 0.1267386 0
vt 0.8137416 0.1188104 0
vt 0.8134207 0.1276499 0
vt 0.7952493 0.1270242 0
vt 0.7954404 0.1181615 0
vt 0.8131279 0.1364963 0
vt 0.7950739 0.1358944 0
vt 0.8128617 0.145347 0
vt 0.7949133 0.1447694 0
vt 0.7586964 0.1090594 0
vt 0.7586005 0.1002059 0
vt 0.7771738 0.1090011 0
vt 0.7772383 0.100146 0
vt 0.7583783 0.08253715 0
vt 0.7584944 0.09136421 0
vt 0.7773787 0.08247518 0
vt 0.7773065 0.09130316 0
vt 0.8153307 0.08354365 0
vt 0.8148859 0.09234222 0
vt 0.7961144 0.09162827 0
vt 0.7963743 0.0828096 0
vt 0.8144731 0.1011546 0
vt 0.7958724 0.1004616 0
vt 0.814092 0.1099782 0
vt 0.7956479 0.1093069 0
vt 0.7582525 0.07372606 0
vt 0.7581178 0.06493195 0
vt 0.7774551 0.07366341 0
vt 0.777536 0.06486877 0
vt 0.757826 0.04740458 0
vt 0.7579751 0.05615736 0
vt 0.7777122 0.04734035 0
vt 0.7776216 0.05609369 0
vt 0.8174256 0.04851679 0
vt 0.8168568 0.05724441 0
vt 0.7972605 0.05645428 0
vt 0.7975899 0.0477091 0
vt 0.8163169 0.065993 0
vt 0.7969477 0.06522093 0
vt 0.8158079 0.07476026 0
vt 0.7966521 0.07400684 0
vt 0.7576723 0.03867401 0
vt 0.7575161 0.02996558 0
vt 0.777808 0.03860908 0
vt 0.7779094 0.02989973 0
vt 0.7572059 0.01261713 0
vt 0.7573598 0.02127995 0
vt 0.7781288 0.01254906 0
vt 0.7780163 0.02121302 0
vt 0.8199275 0.01382363 0
vt 0.8192764 0.02246348 0
vt 0.7986627 0.02160489 0
vt 0.7990417 0.0129484 0
vt 0.8186391 0.03112588 0
vt 0.7982928 0.03028407 0
vt 0.8180208 0.0398106 0
vt 0.7979345 0.03898573 0
vt 0.757057 0.003975294 0
vt 0.7552259 0.6310504 0
vt 0.7782466 0.00390625 0
vt 0.7758844 0.6313466 0
vt 0.7558231 0.613706 0
vt 0.7555296 0.6223887 0
vt 0.7759861 0.6139916 0
vt 0.7759376 0.6226797 0
vt 0.8163107 0.6133023 0
vt 0.8167571 0.6219759 0
vt 0.7963539 0.6225438 0
vt 0.7961569 0.6138587 0
vt 0.8172093 0.6306289 0
vt 0.7965513 0.6312079 0
vt 0.8205871 0.005204747 0
vt 0.799427 0.004313051 0
vt 0.7561048 0.6050016 0
vt 0.7563735 0.5962754 0
vt 0.77603 0.6052817 0
vt 0.7760696 0.5965497 0
vt 0.7568682 0.5787646 0
vt 0.7566282 0.587529 0
vt 0.776137 0.5790267 0
vt 0.7761052 0.5877974 0
vt 0.8146563 0.578397 0
vt 0.8150439 0.5871525 0
vt 0.7955872 0.5876735 0
vt 0.7954099 0.5789058 0
vt 0.8154507 0.5958899 0
vt 0.7957718 0.5964229 0
vt 0.815874 0.604607 0
vt 0.7959623 0.6051518 0
vt 0.7570932 0.5699824 0
vt 0.757303 0.5611836 0
vt 0.7761654 0.570238 0
vt 0.7761909 0.5614324 0
vt 0.7576773 0.543545 0
vt 0.7574976 0.5523701 0
vt 0.776234 0.5437799 0
vt 0.7762137 0.5526121 0
vt 0.8133273 0.5432179 0
vt 0.8136247 0.5520319 0
vt 0.7949316 0.5525008 0
vt 0.7947922 0.5436722 0
vt 0.8139456 0.560835 0
vt 0.7950813 0.5613178 0
vt 0.8142898 0.5696241 0
vt 0.795241 0.5701201 0
vt 0.7578425 0.5347087 0
vt 0.7579937 0.5258626 0
vt 0.7762523 0.5349364 0
vt 0.7762686 0.5260828 0
vt 0.7582566 0.5081495 0
vt 0.7581315 0.5170087 0
vt 0.7762965 0.5083546 0
vt 0.7762833 0.5172214 0
vt 0.8123649 0.5078772 0
vt 0.8125729 0.5167211 0
vt 0.7944358 0.5171267 0
vt 0.7943369 0.5082648 0
vt 0.812802 0.5255607 0
vt 0.7945444 0.5259834 0
vt 0.8130532 0.5343938 0
vt 0.7946632 0.5348327 0
vt 0.7583697 0.4992856 0
vt 0.7584718 0.4904174 0
vt 0.7763084 0.499483 0
vt 0.776319 0.4906071 0
vt 0.7586456 0.4726757 0
vt 0.7585635 0.4815468 0
vt 0.7763372 0.47285 0
vt 0.7763286 0.4817288 0
vt 0.81172 0.4724747 0
vt 0.8118557 0.4813266 0
vt 0.794094 0.4816561 0
vt 0.7940291 0.4727836 0
vt 0.8120076 0.4901789 0
vt 0.7941666 0.4905284 0
vt 0.8121769 0.4990297 0
vt 0.7942474 0.4993986 0
vt 0.7587189 0.4638039 0
vt 0.7587842 0.4549317 0
vt 0.776345 0.4639705 0
vt 0.776352 0.4550907 0
vt 0.7588936 0.4371903 0
vt 0.7588422 0.44606 0
vt 0.7763641 0.4373343 0
vt 0.7763583 0.4462114 0
vt 0.811314 0.4370733 0
vt 0.8113973 0.4459211 0
vt 0.7938748 0.4461655 0
vt 0.7938351 0.4372957 0
vt 0.8114921 0.4547715 0
vt 0.7939201 0.4550377 0
vt 0.8115992 0.4636229 0
vt 0.7939713 0.4639107 0
vt 0.758939 0.4283221 0
vt 0.758979 0.4194548 0
vt 0.7763695 0.4284586 0
vt 0.7763745 0.4195841 0
vt 0.7590453 0.4017264 0
vt 0.7590143 0.4105893 0
vt 0.7763837 0.4018414 0
vt 0.7763792 0.4107114 0
vt 0.8110753 0.4017015 0
vt 0.8111224 0.4105408 0
vt 0.7937445 0.4106955 0
vt 0.7937225 0.4018335 0
vt 0.8111774 0.4193831 0
vt 0.7937703 0.4195605 0
vt 0.811241 0.4282275 0
vt 0.7938004 0.4284275 0
vt 0.7590725 0.3928654 0
vt 0.7590965 0.3840053 0
vt 0.7763882 0.3929735 0
vt 0.7763928 0.3841066 0
vt 0.7591359 0.3662903 0
vt 0.7591175 0.3751468 0
vt 0.7764025 0.3663782 0
vt 0.7763975 0.3752413 0
vt 0.810953 0.3663628 0
vt 0.8109745 0.3751945 0
vt 0.7936777 0.3752576 0
vt 0.7936692 0.3664028 0
vt 0.8110018 0.3840286 0
vt 0.7936894 0.3841147 0
vt 0.8110352 0.3928645 0
vt 0.7937043 0.3929735 0
vt 0.7591521 0.3574349 0
vt 0.7591664 0.3485797 0
vt 0.7764078 0.3575164 0
vt 0.7764137 0.3486547 0
vt 0.75919 0.3308709 0
vt 0.759179 0.3397249 0
vt 0.7764273 0.3309334 0
vt 0.7764201 0.3397936 0
vt 0.8109196 0.3310452 0
vt 0.8109203 0.3398733 0
vt 0.7936612 0.3398436 0
vt 0.7936644 0.330992 0
vt 0.810926 0.3487025 0
vt 0.7936609 0.3486961 0
vt 0.8109369 0.3575325 0
vt 0.7936636 0.3575493 0
vt 0.7591998 0.3220169 0
vt 0.7592083 0.3131615 0
vt 0.7764354 0.3220734 0
vt 0.7764444 0.3132119 0
vt 0.759222 0.2954487 0
vt 0.7592157 0.3043053 0
vt 0.7764658 0.2954871 0
vt 0.7764545 0.3043497 0
vt 0.8109692 0.2957296 0
vt 0.8109486 0.3045591 0
vt 0.7936927 0.3044349 0
vt 0.7937089 0.2955814 0
vt 0.8109336 0.3133885 0
vt 0.79368 0.3132881 0
vt 0.810924 0.3222174 0
vt 0.7936706 0.3221407 0
vt 0.7592273 0.2865905 0
vt 0.7592314 0.2777297 0
vt 0.7764784 0.2866231 0
vt 0.7764925 0.2777565 0
vt 0.7592343 0.2688667 0
vt 0.7765082 0.2688877 0
vt 0.8110691 0.2692313 0
vt 0.7937811 0.2690099 0
vt 0.811029 0.278066 0
vt 0.7937528 0.2778692 0
vt 0.8109959 0.2868989 0
vt 0.7937288 0.2867265 0
vt 0.8285213 0.2519548 0
vt 0.8284495 0.2607526 0
vt 0.8286053 0.2431541 0
vt 0.8459021 0.2524729 0
vt 0.8458171 0.2612156 0
vt 0.8460017 0.2437278 0
vt 0.8288149 0.2255472 0
vt 0.8287027 0.2343514 0
vt 0.8462522 0.2262337 0
vt 0.846118 0.2349812 0
vt 0.8812035 0.228066 0
vt 0.8810411 0.2366544 0
vt 0.8635622 0.2357532 0
vt 0.8637134 0.2270778 0
vt 0.8809015 0.2452443 0
vt 0.8634318 0.2444286 0
vt 0.8807824 0.2538348 0
vt 0.8806819 0.2624251 0
vt 0.8632257 0.2617767 0
vt 0.8633202 0.2531034 0
vt 0.8289434 0.2167409 0
vt 0.8290898 0.2079317 0
vt 0.8464067 0.2174846 0
vt 0.8465832 0.208733 0
vt 0.8294436 0.1903087 0
vt 0.8292559 0.1991207 0
vt 0.8470122 0.1912261 0
vt 0.8467844 0.1999799 0
vt 0.8821356 0.1937171 0
vt 0.881854 0.202303 0
vt 0.8643161 0.2010452 0
vt 0.8645757 0.1923667 0
vt 0.881607 0.2108902 0
vt 0.8640877 0.2097238 0
vt 0.8813912 0.2194782 0
vt 0.8638878 0.2184016 0
vt 0.829655 0.1814954 0
vt 0.8298923 0.1726804 0
vt 0.8472699 0.1824711 0
vt 0.84756 0.1737144 0
vt 0.8304539 0.1550512 0
vt 0.8301578 0.1638652 0
vt 0.8482503 0.1562011 0
vt 0.8478858 0.1649573 0
vt 0.8836886 0.1593795 0
vt 0.8832275 0.1679622 0
vt 0.8655769 0.1663263 0
vt 0.8659972 0.1576465 0
vt 0.8828181 0.1765466 0
vt 0.8652025 0.175007 0
vt 0.8824556 0.1851318 0
vt 0.86487 0.1836874 0
vt 0.8307831 0.1462386 0
vt 0.8311479 0.1374273 0
vt 0.8486572 0.1474456 0
vt 0.8491095 0.1386907 0
vt 0.8319941 0.1198175 0
vt 0.8315508 0.1286195 0
vt 0.8501656 0.1211902 0
vt 0.8496113 0.1299382 0
vt 0.8861591 0.1250602 0
vt 0.8854358 0.133637 0
vt 0.8675785 0.1316104 0
vt 0.8682277 0.1229362 0
vt 0.8847871 0.1422167 0
vt 0.8669934 0.140288 0
vt 0.8842066 0.1507979 0
vt 0.8664679 0.1489672 0
vt 0.8324803 0.1110217 0
vt 0.8330112 0.1022332 0
vt 0.8507761 0.112447 0
vt 0.8514456 0.1037094 0
vt 0.8342131 0.08468843 0
vt 0.8335884 0.09345454 0
vt 0.8529728 0.08626128 0
vt 0.8521774 0.09498001 0
vt 0.8899267 0.0907859 0
vt 0.8888407 0.09934689 0
vt 0.8706083 0.09693739 0
vt 0.8715603 0.08828504 0
vt 0.8878549 0.1079142 0
vt 0.8697381 0.1055983 0
vt 0.8869632 0.1164859 0
vt 0.868946 0.1142653 0
vt 0.8348858 0.07593624 0
vt 0.835606 0.06719906 0
vt 0.8538339 0.07755471 0
vt 0.8547605 0.06886147 0
vt 0.8371825 0.04978027 0
vt 0.8363724 0.05847955 0
vt 0.8568049 0.05152663 0
vt 0.8557519 0.06018451 0
vt 0.8953695 0.05663526 0
vt 0.8938383 0.06515364 0
vt 0.8749314 0.06239407 0
vt 0.876227 0.05379443 0
vt 0.8924216 0.07368715 0
vt 0.8737208 0.07101118 0
vt 0.8911187 0.08223228 0
vt 0.8725971 0.07964254 0
vt 0.8380326 0.0411019 0
vt 0.8389177 0.03244469 0
vt 0.8579155 0.04288894 0
vt 0.8590767 0.03427199 0
vt 0.8407656 0.01519694 0
vt 0.8398313 0.02380962 0
vt 0.8615147 0.01710439 0
vt 0.8602803 0.02567707 0
vt 0.902515 0.02275622 0
vt 0.9006009 0.03119279 0
vt 0.8805635 0.02811506 0
vt 0.8821221 0.01959907 0
vt 0.8987605 0.03965249 0
vt 0.8790523 0.03665347 0
vt 0.8970125 0.0481342 0
vt 0.8776031 0.04521383 0
vt 0.8417122 0.006604898 0
vt 0.8378395 0.6295922 0
vt 0.8627681 0.008552011 0
vt 0.858405 0.6280674 0
vt 0.8364199 0.6123065 0
vt 0.8371237 0.6209594 0
vt 0.856438 0.6108443 0
vt 0.8574113 0.6194657 0
vt 0.8959554 0.6063406 0
vt 0.8975242 0.614854 0
vt 0.8775679 0.6174514 0
vt 0.8763082 0.6088751 0
vt 0.8991466 0.6233475 0
vt 0.8788608 0.6260083 0
vt 0.9044782 0.01434018 0
vt 0.8837102 0.01110312 0
vt 0.8357348 0.6036322 0
vt 0.835074 0.5949363 0
vt 0.8554953 0.6022018 0
vt 0.8545906 0.5935382 0
vt 0.8338434 0.5774875 0
vt 0.8344423 0.5862206 0
vt 0.8529211 0.5761562 0
vt 0.8537312 0.5848554 0
vt 0.8905197 0.5721005 0
vt 0.8917352 0.5806825 0
vt 0.8728517 0.5830242 0
vt 0.8718339 0.5743735 0
vt 0.8930498 0.5892525 0
vt 0.8739406 0.59166 0
vt 0.8944594 0.5978064 0
vt 0.8750954 0.6002778 0
vt 0.8332799 0.5687377 0
vt 0.8327535 0.5599727 0
vt 0.8521638 0.5674417 0
vt 0.8514602 0.5587136 0
vt 0.8318141 0.5424076 0
vt 0.8322649 0.5511949 0
vt 0.8502152 0.5412279 0
vt 0.8508111 0.5499746 0
vt 0.8866205 0.5376954 0
vt 0.8874583 0.5463032 0
vt 0.8692218 0.5483514 0
vt 0.8684947 0.5396628 0
vt 0.8883843 0.5549084 0
vt 0.8700194 0.5570348 0
vt 0.8894035 0.5635084 0
vt 0.8708897 0.5657097 0
vt 0.8314003 0.5336114 0
vt 0.8310225 0.5248077 0
vt 0.8496713 0.5324743 0
vt 0.8491765 0.523715 0
vt 0.8303682 0.5071867 0
vt 0.830679 0.5159988 0
vt 0.8483249 0.5061876 0
vt 0.8487288 0.5149521 0
vt 0.8840334 0.5032501 0
vt 0.8845775 0.5118615 0
vt 0.8667001 0.5135742 0
vt 0.8662173 0.5048755 0
vt 0.8851861 0.5204736 0
vt 0.8672379 0.5222728 0
vt 0.8858651 0.5290854 0
vt 0.8678347 0.5309696 0
vt 0.8300879 0.4983721 0
vt 0.8298361 0.4895553 0
vt 0.8479622 0.4974219 0
vt 0.8476369 0.488655 0
vt 0.8294096 0.4719215 0
vt 0.8296107 0.4807379 0
vt 0.8470883 0.4711237 0
vt 0.8473468 0.4798885 0
vt 0.8823934 0.4688091 0
vt 0.882733 0.4774177 0
vt 0.8650553 0.4787797 0
vt 0.8647501 0.4700837 0
vt 0.8831163 0.4860281 0
vt 0.865399 0.4874778 0
vt 0.8835482 0.4946391 0
vt 0.865785 0.4961768 0
vt 0.8292309 0.4631059 0
vt 0.8290724 0.4542911 0
vt 0.8468591 0.4623601 0
vt 0.8466561 0.4535977 0
vt 0.8288094 0.4366672 0
vt 0.8289325 0.4454777 0
vt 0.8463198 0.4360792 0
vt 0.8464773 0.4448369 0
vt 0.8813918 0.4343818 0
vt 0.8815959 0.4429868 0
vt 0.8640308 0.4440036 0
vt 0.8638463 0.4353143 0
vt 0.8818287 0.4515937 0
vt 0.8642411 0.4526956 0
vt 0.8820933 0.4602012 0
vt 0.8644798 0.4613891 0
vt 0.8287016 0.4278589 0
vt 0.8286076 0.419052 0
vt 0.8461822 0.4273236 0
vt 0.846062 0.4185694 0
vt 0.828456 0.4014458 0
vt 0.8285261 0.4102474 0
vt 0.8458682 0.4010683 0
vt 0.845958 0.4098174 0
vt 0.8808073 0.3999678 0
vt 0.8809234 0.4085698 0
vt 0.863422 0.4092556 0
vt 0.8633169 0.4005732 0
vt 0.8810581 0.4171732 0
vt 0.863544 0.4179403 0
vt 0.8812134 0.4257775 0
vt 0.8636848 0.4266268 0
vt 0.8283962 0.3926465 0
vt 0.828346 0.3838483 0
vt 0.8457918 0.3923212 0
vt 0.8457271 0.3835752 0
vt 0.8282712 0.3662579 0
vt 0.8283045 0.3750519 0
vt 0.84563 0.3660887 0
vt 0.8456736 0.3748308 0
vt 0.8804964 0.3655659 0
vt 0.8805538 0.374165 0
vt 0.8630877 0.3745337 0
vt 0.8630362 0.3658569 0
vt 0.880624 0.3827655 0
vt 0.863151 0.3832125 0
vt 0.880708 0.3913667 0
vt 0.863227 0.3918925 0
vt 0.8282455 0.3574653 0
vt 0.8282271 0.3486732 0
vt 0.8455962 0.3573479 0
vt 0.8455711 0.3486075 0
vt 0.8282114 0.3310916 0
vt 0.8282158 0.3398818 0
vt 0.845547 0.3311297 0
vt 0.8455549 0.339868 0
vt 0.88038 0.3311749 0
vt 0.8803931 0.3397713 0
vt 0.8629449 0.3398312 0
vt 0.8629342 0.331158 0
vt 0.8804166 0.3483691 0
vt 0.8629653 0.3485059 0
vt 0.8804509 0.3569675 0
vt 0.8629956 0.3571813 0
vt 0.8282139 0.3223019 0
vt 0.8282234 0.3135112 0
vt 0.8455479 0.322392 0
vt 0.845557 0.3136535 0
vt 0.8282647 0.2959294 0
vt 0.8282403 0.3047202 0
vt 0.8456023 0.296177 0
vt 0.8455752 0.3049151 0
vt 0.8804333 0.2967947 0
vt 0.8804035 0.3053884 0
vt 0.8629604 0.3051395 0
vt 0.8629895 0.2964676 0
vt 0.880385 0.3139835 0
vt 0.8629418 0.3138123 0
vt 0.8803773 0.3225793 0
vt 0.8629332 0.3224854 0
vt 0.8282972 0.2871376 0
vt 0.8283383 0.2783439 0
vt 0.8456395 0.2874384 0
vt 0.8456869 0.2786983 0
vt 0.8283888 0.2695487 0
vt 0.845746 0.2699572 0
vt 0.8805982 0.2710162 0
vt 0.8631467 0.2704495 0
vt 0.8805296 0.2796086 0
vt 0.8630818 0.2791227 0
vt 0.8804751 0.2882017 0
vt 0.8630297 0.2877956 0
vt 0.8982956 0.2546519 0
vt 0.8981926 0.263147 0
vt 0.8984179 0.2461583 0
vt 0.9148 0.2554802 0
vt 0.9146978 0.2638765 0
vt 0.914922 0.2470876 0
vt 0.8987295 0.2291798 0
vt 0.8985618 0.2376673 0
vt 0.9152336 0.2303186 0
vt 0.9150656 0.2387001 0
vt 0.9408001 0.2321894 0
vt 0.9406397 0.240391 0
vt 0.929465 0.2396438 0
vt 0.9296297 0.2313618 0
vt 0.9405027 0.2486038 0
vt 0.9293242 0.2479346 0
vt 0.9403861 0.2568263 0
vt 0.9402883 0.2650572 0
vt 0.9291047 0.2645376 0
vt 0.9292048 0.256233 0
vt 0.8989238 0.2206951 0
vt 0.8991477 0.2122125 0
vt 0.9154283 0.2219427 0
vt 0.9156533 0.213572 0
vt 0.899698 0.1952571 0
vt 0.8994045 0.2037329 0
vt 0.9162077 0.1968501 0
vt 0.9159118 0.2052075 0
vt 0.9417388 0.1995057 0
vt 0.9414535 0.2076565 0
vt 0.9302975 0.2065691 0
vt 0.9305893 0.1983251 0
vt 0.9412046 0.2158216 0
vt 0.9300428 0.2148239 0
vt 0.9409878 0.2239997 0
vt 0.9298213 0.2230886 0
vt 0.9000322 0.1867842 0
vt 0.9004117 0.1783139 0
vt 0.9165451 0.1884991 0
vt 0.9169289 0.1801543 0
vt 0.9013266 0.1613832 0
vt 0.9008414 0.1698466 0
vt 0.9178569 0.1634858 0
vt 0.9173642 0.1718162 0
vt 0.943338 0.1670544 0
vt 0.9428599 0.1751429 0
vt 0.931733 0.1736575 0
vt 0.9322209 0.1654586 0
vt 0.9424378 0.1832484 0
vt 0.9313022 0.1818689 0
vt 0.9420657 0.1913696 0
vt 0.9309227 0.1900917 0
vt 0.9018733 0.1529229 0
vt 0.9024879 0.1444649 0
vt 0.9184129 0.1551623 0
vt 0.9190397 0.1468448 0
vt 0.9039491 0.1275589 0
vt 0.9031773 0.1360099 0
vt 0.9205365 0.1302308 0
vt 0.9197447 0.1385341 0
vt 0.9459538 0.134877 0
vt 0.9451792 0.1428937 0
vt 0.9340962 0.140933 0
vt 0.9348848 0.1327829 0
vt 0.944491 0.1509296 0
vt 0.9333951 0.1490962 0
vt 0.9438797 0.1589835 0
vt 0.9327726 0.1572717 0
vt 0.9048114 0.1191111 0
vt 0.905773 0.110666 0
vt 0.9214241 0.1219339 0
vt 0.9224184 0.1136427 0
vt 0.90803 0.09378868 0
vt 0.9068427 0.1022247 0
vt 0.9247726 0.09707953 0
vt 0.9235304 0.1053577 0
vt 0.9501397 0.103005 0
vt 0.9489047 0.1109429 0
vt 0.9378827 0.1084048 0
vt 0.9391346 0.1003032 0
vt 0.9478052 0.1189015 0
vt 0.9367663 0.1165188 0
vt 0.9468257 0.1268798 0
vt 0.9357712 0.124645 0
vt 0.9093444 0.08535822 0
vt 0.9107953 0.07693388 0
vt 0.9261583 0.08880782 0
vt 0.9277023 0.08054224 0
vt 0.9141368 0.06011508 0
vt 0.9123907 0.06851837 0
vt 0.9313253 0.06403716 0
vt 0.9294197 0.07228449 0
vt 0.9568353 0.07146393 0
vt 0.954849 0.07931654 0
vt 0.9438801 0.07606821 0
vt 0.9458629 0.06801455 0
vt 0.9530901 0.08719178 0
vt 0.9421135 0.08413503 0
vt 0.9515283 0.09508816 0
vt 0.9405387 0.09221362 0
vt 0.9160364 0.05172658 0
vt 0.918087 0.04335588 0
vt 0.9334323 0.05580236 0
vt 0.9357502 0.04758371 0
vt 0.922587 0.0266829 0
vt 0.9202779 0.03500709 0
vt 0.941002 0.03121806 0
vt 0.9382788 0.03938701 0
vt 0.9679249 0.04035292 0
vt 0.9645739 0.04806488 0
vt 0.9533801 0.04395713 0
vt 0.9564809 0.03599652 0
vt 0.9616479 0.05583305 0
vt 0.9505865 0.05195372 0
vt 0.9590866 0.06363541 0
vt 0.948089 0.05997532 0
vt 0.924979 0.01838124 0
vt 0.9191744 0.6199871 0
vt 0.9438774 0.02307807 0
vt 0.9376299 0.6160528 0
vt 0.9152759 0.6031576 0
vt 0.9171803 0.6115829 0
vt 0.9329911 0.5994647 0
vt 0.9352316 0.6077705 0
vt 0.9590696 0.5920527 0
vt 0.9617372 0.5999903 0
vt 0.9504366 0.6037221 0
vt 0.9479169 0.5955771 0
vt 0.9648136 0.6079153 0
vt 0.9532299 0.6118459 0
vt 0.9717494 0.03275648 0
vt 0.9598654 0.028082 0
vt 0.9134867 0.5947117 0
vt 0.9118271 0.5862485 0
vt 0.9309339 0.591141 0
vt 0.929066 0.5828047 0
vt 0.9089128 0.5692895 0
vt 0.9103027 0.5777729 0
vt 0.9258702 0.5661142 0
vt 0.9273819 0.5744612 0
vt 0.9513949 0.5601609 0
vt 0.9529567 0.568155 0
vt 0.9419141 0.5710848 0
vt 0.9403498 0.5629107 0
vt 0.9547308 0.576135 0
vt 0.9436793 0.5792548 0
vt 0.9567531 0.584101 0
vt 0.9456715 0.5874197 0
vt 0.9076523 0.5608001 0
vt 0.906514 0.5523065 0
vt 0.9245164 0.5577644 0
vt 0.9233067 0.5494119 0
vt 0.90457 0.5353138 0
vt 0.9054895 0.5438104 0
vt 0.921265 0.5327012 0
vt 0.9222272 0.5410572 0
vt 0.9467607 0.5280298 0
vt 0.9477182 0.5360856 0
vt 0.9366399 0.5383521 0
vt 0.9356703 0.5301527 0
vt 0.9487984 0.5441264 0
vt 0.9377323 0.546545 0
vt 0.9500171 0.5521515 0
vt 0.9389628 0.5547311 0
vt 0.9037466 0.5268163 0
vt 0.9030108 0.5183176 0
vt 0.9204081 0.5243427 0
vt 0.9196458 0.5159807 0
vt 0.9017704 0.5013193 0
vt 0.9023546 0.5098183 0
vt 0.9183675 0.4992476 0
vt 0.9189685 0.5076156 0
vt 0.9439016 0.4956507 0
vt 0.944493 0.503768 0
vt 0.9333688 0.5055034 0
vt 0.9327685 0.4972699 0
vt 0.9451604 0.5118707 0
vt 0.9340461 0.5137285 0
vt 0.9459125 0.5199582 0
vt 0.9348097 0.5219451 0
vt 0.9012512 0.4928197 0
vt 0.9007906 0.4843188 0
vt 0.9178344 0.4908759 0
vt 0.9173626 0.4824995 0
vt 0.9000221 0.4673151 0
vt 0.9003827 0.475817 0
vt 0.9165775 0.465735 0
vt 0.9169455 0.4741189 0
vt 0.9421471 0.4630398 0
vt 0.9425079 0.4712123 0
vt 0.9313519 0.472515 0
vt 0.9309855 0.4642465 0
vt 0.9429169 0.4793724 0
vt 0.9317672 0.4807757 0
vt 0.9433791 0.4875189 0
vt 0.9322371 0.4890276 0
vt 0.899704 0.4588122 0
vt 0.899424 0.4503078 0
vt 0.9162529 0.4573469 0
vt 0.9159676 0.4489542 0
vt 0.8989625 0.4332965 0
vt 0.899178 0.4418022 0
vt 0.9154979 0.4321574 0
vt 0.9157171 0.4405572 0
vt 0.9410916 0.4302323 0
vt 0.9413064 0.4384499 0
vt 0.9301305 0.4393911 0
vt 0.9299125 0.4310918 0
vt 0.9415516 0.446658 0
vt 0.9303795 0.4476842 0
vt 0.9418302 0.4548549 0
vt 0.930663 0.4559695 0
vt 0.8987742 0.4247897 0
vt 0.8986103 0.4162813 0
vt 0.9153063 0.423754 0
vt 0.9151396 0.4153466 0
vt 0.8983458 0.399263 0
vt 0.8984682 0.4077721 0
vt 0.9148707 0.3985237 0
vt 0.9149952 0.4069361 0
vt 0.9404786 0.3972751 0
vt 0.9406009 0.4055254 0
vt 0.9294134 0.406155 0
vt 0.9292895 0.3978326 0
vt 0.9407425 0.4137692 0
vt 0.929557 0.4144731 0
vt 0.940905 0.4220053 0
vt 0.9297224 0.4227857 0
vt 0.898241 0.3907533 0
vt 0.8981522 0.3822424 0
vt 0.9147639 0.3901091 0
vt 0.9146734 0.3816917 0
vt 0.8980169 0.3652206 0
vt 0.8980779 0.3737312 0
vt 0.9145353 0.3648532 0
vt 0.9145976 0.3732727 0
vt 0.9401495 0.3642222 0
vt 0.9402114 0.3724912 0
vt 0.9290179 0.3728412 0
vt 0.9289555 0.3645055 0
vt 0.9402863 0.3807574 0
vt 0.9290936 0.3811751 0
vt 0.9403747 0.3890191 0
vt 0.9291835 0.389506 0
vt 0.8979684 0.35671 0
vt 0.8979315 0.3481991 0
vt 0.9144853 0.3564329 0
vt 0.9144472 0.3480116 0
vt 0.8978908 0.3311791 0
vt 0.8979057 0.3396884 0
vt 0.9144042 0.3311703 0
vt 0.9144202 0.3395904 0
vt 0.9400175 0.33113 0
vt 0.9400349 0.3394034 0
vt 0.9288398 0.3394901 0
vt 0.9288229 0.3311518 0
vt 0.9400627 0.3476776 0
vt 0.9288673 0.3478293 0
vt 0.9401005 0.3559509 0
vt 0.9289056 0.3561682 0
vt 0.8978866 0.3226707 0
vt 0.8978932 0.3141624 0
vt 0.9143987 0.3227513 0
vt 0.9144042 0.3143327 0
vt 0.8979405 0.2971506 0
vt 0.897911 0.3056554 0
vt 0.9144493 0.2975024 0
vt 0.9144208 0.3059161 0
vt 0.940055 0.298056 0
vt 0.9400297 0.3063195 0
vt 0.9288369 0.3061448 0
vt 0.9288637 0.2978148 0
vt 0.9400155 0.3145873 0
vt 0.9288214 0.3144785 0
vt 0.9400114 0.322858 0
vt 0.9288169 0.3228147 0
vt 0.8979823 0.2886473 0
vt 0.8980375 0.280145 0
vt 0.91449 0.2890913 0
vt 0.9145442 0.2806825 0
vt 0.8981071 0.2716446 0
vt 0.9146129 0.2722772 0
vt 0.9402086 0.2732967 0
vt 0.9290223 0.2728487 0
vt 0.9401442 0.2815439 0
vt 0.9289556 0.2811661 0
vt 0.9400933 0.2897975 0
vt 0.928903 0.2894886 0
vt 0.6005462 0.2399682 0
vt 0.6004336 0.2317962 0
vt 0.6006406 0.2481534 0
vt 0.6002151 0.2399896 0
vt 0.6001027 0.2318198 0
vt 0.6003095 0.2481725 0
vt 0.6007865 0.2645513 0
vt 0.6007207 0.2563487 0
vt 0.6004553 0.2645663 0
vt 0.6003895 0.2563657 0
vt 0.5987963 0.2646411 0
vt 0.5987305 0.2564507 0
vt 0.5997653 0.2563977 0
vt 0.5998312 0.2645945 0
vt 0.598651 0.2482683 0
vt 0.5996856 0.2482086 0
vt 0.5985573 0.2400966 0
vt 0.5984458 0.231938 0
vt 0.5994795 0.2318642 0
vt 0.5995915 0.2400299 0
vt 0.6008353 0.2727619 0
vt 0.6008728 0.2809806 0
vt 0.600504 0.2727749 0
vt 0.6005414 0.2809917 0
vt 0.6009219 0.2974313 0
vt 0.600902 0.2892048 0
vt 0.6005904 0.2974384 0
vt 0.6005704 0.2892138 0
vt 0.5989302 0.297474 0
vt 0.5989102 0.2892587 0
vt 0.5999458 0.2892307 0
vt 0.5999658 0.2974519 0
vt 0.5988814 0.2810465 0
vt 0.5999169 0.2810123 0
vt 0.5988442 0.2728398 0
vt 0.5998795 0.2727994 0
vt 0.6009287 0.3056609 0
vt 0.6009274 0.3138937 0
vt 0.600597 0.3056661 0
vt 0.6005959 0.3138971 0
vt 0.6009048 0.3303587 0
vt 0.60092 0.3221273 0
vt 0.6005733 0.3303583 0
vt 0.6005885 0.3221287 0
vt 0.5989128 0.3303562 0
vt 0.5989276 0.3221359 0
vt 0.5999637 0.3221314 0
vt 0.5999487 0.3303575 0
vt 0.5989351 0.3139138 0
vt 0.599971 0.3139034 0
vt 0.5989365 0.3056924 0
vt 0.5999725 0.305676 0
vt 0.6008771 0.3385882 0
vt 0.6008412 0.3468164 0
vt 0.6005455 0.3385859 0
vt 0.6005096 0.3468122 0
vt 0.6007452 0.3632584 0
vt 0.6007981 0.3550408 0
vt 0.6004138 0.3632504 0
vt 0.6004665 0.3550347 0
vt 0.5987537 0.36321 0
vt 0.598806 0.3550038 0
vt 0.5998418 0.3550232 0
vt 0.5997893 0.3632352 0
vt 0.5988489 0.3467913 0
vt 0.5998849 0.3468044 0
vt 0.5988848 0.3385746 0
vt 0.5999208 0.3385816 0
vt 0.6006773 0.3714696 0
vt 0.6005976 0.3796751 0
vt 0.6003459 0.3714597 0
vt 0.6002662 0.379663 0
vt 0.6004001 0.3960583 0
vt 0.6005063 0.3878723 0
vt 0.6000688 0.396042 0
vt 0.6001749 0.3878581 0
vt 0.59841 0.3959601 0
vt 0.5985154 0.3877869 0
vt 0.5995506 0.3878313 0
vt 0.5994448 0.3960113 0
vt 0.5986063 0.3796024 0
vt 0.5996417 0.3796403 0
vt 0.5986858 0.3714095 0
vt 0.5997214 0.3714407 0
vt 0.6002724 0.4042333 0
vt 0.600126 0.4123984 0
vt 0.5999413 0.4042148 0
vt 0.5997949 0.4123776 0
vt 0.5997693 0.4286881 0
vt 0.5999596 0.4205509 0
vt 0.5994386 0.4286625 0
vt 0.5996287 0.4205277 0
vt 0.5977821 0.4285336 0
vt 0.5979714 0.4204111 0
vt 0.5990053 0.4204839 0
vt 0.5988155 0.4286141 0
vt 0.5981368 0.4122731 0
vt 0.5991712 0.4123383 0
vt 0.5982827 0.4041221 0
vt 0.5993174 0.4041799 0
vt 0.5995472 0.43681 0
vt 0.5992945 0.4449179 0
vt 0.5992165 0.4367818 0
vt 0.5989641 0.444887 0
vt 0.5986853 0.4610813 0
vt 0.5990092 0.4530092 0
vt 0.5983555 0.4610445 0
vt 0.5986789 0.4529754 0
vt 0.5967037 0.4608603 0
vt 0.5970255 0.4528059 0
vt 0.598057 0.4529116 0
vt 0.5977341 0.4609753 0
vt 0.5973094 0.4447317 0
vt 0.5983416 0.4448285 0
vt 0.5975609 0.4366403 0
vt 0.5985937 0.4367287 0
vt 0.5983139 0.4691341 0
vt 0.5978944 0.477169 0
vt 0.5979844 0.4690943 0
vt 0.5975652 0.4771259 0
vt 0.5968906 0.4931758 0
vt 0.5974224 0.4851838 0
vt 0.5965623 0.4931256 0
vt 0.5970937 0.4851372 0
vt 0.5949181 0.4928738 0
vt 0.5954469 0.4849035 0
vt 0.5964742 0.4850494 0
vt 0.5959438 0.493031 0
vt 0.5959163 0.4769096 0
vt 0.5969449 0.4770446 0
vt 0.5963339 0.4688946 0
vt 0.5973634 0.4690192 0
vt 0.5962871 0.501145 0
vt 0.5956085 0.5090929 0
vt 0.5959591 0.501091 0
vt 0.5952812 0.5090347 0
vt 0.5939931 0.524916 0
vt 0.5948476 0.5170175 0
vt 0.5936674 0.5248488 0
vt 0.594521 0.5169548 0
vt 0.5920366 0.5245115 0
vt 0.592886 0.5166408 0
vt 0.5939058 0.5168369 0
vt 0.5930537 0.5247221 0
vt 0.5936425 0.5087428 0
vt 0.5946647 0.508925 0
vt 0.5943176 0.5008197 0
vt 0.5953416 0.5009892 0
vt 0.5930286 0.5327882 0
vt 0.5919457 0.5406357 0
vt 0.5927039 0.532716 0
vt 0.591622 0.5405583 0
vt 0.5893621 0.5562467 0
vt 0.5907301 0.5484563 0
vt 0.5890411 0.5561571 0
vt 0.5904076 0.5483729 0
vt 0.587434 0.5557062 0
vt 0.5887931 0.5479538 0
vt 0.5898001 0.5482156 0
vt 0.5884363 0.5559879 0
vt 0.590001 0.5401685 0
vt 0.591012 0.5404119 0
vt 0.5910776 0.5323536 0
vt 0.5920919 0.5325799 0
vt 0.5878142 0.564005 0
vt 0.586062 0.5717315 0
vt 0.5874947 0.5639085 0
vt 0.5857443 0.5716273 0
vt 0.5817813 0.5870655 0
vt 0.5840689 0.5794213 0
vt 0.5814681 0.586942 0
vt 0.5837533 0.5793081 0
vt 0.5799031 0.5863193 0
vt 0.5821756 0.5787377 0
vt 0.5831592 0.5790941 0
vt 0.5808786 0.5867086 0
vt 0.5841552 0.5711019 0
vt 0.5851461 0.5714302 0
vt 0.585896 0.5634226 0
vt 0.586893 0.5637261 0
vt 0.5791162 0.5946522 0
vt 0.5759509 0.6021608 0
vt 0.5788051 0.594516 0
vt 0.5756411 0.6020086 0
vt 0.5759863 0.04296108 0
vt 0.5718939 0.03565588 0
vt 0.5756802 0.0431189 0
vt 0.571588 0.03583789 0
vt 0.574155 0.04391706 0
vt 0.5700717 0.03675567 0
vt 0.5710146 0.03618187 0
vt 0.5751048 0.04341762 0
vt 0.5740984 0.6012393 0
vt 0.5750591 0.6017204 0
vt 0.5772528 0.5938289 0
vt 0.5782201 0.5942585 0
vt 0.579332 0.05032514 0
vt 0.582147 0.05777185 0
vt 0.5790236 0.05046808 0
vt 0.5818358 0.05790252 0
vt 0.5866423 0.07286713 0
vt 0.5845572 0.06528941 0
vt 0.5863261 0.0729779 0
vt 0.5842434 0.0654095 0
vt 0.5847448 0.07353485 0
vt 0.5826742 0.06601366 0
vt 0.5836525 0.06563621 0
vt 0.5857309 0.07318695 0
vt 0.580281 0.05856081 0
vt 0.5812501 0.05814953 0
vt 0.5774842 0.05118953 0
vt 0.5784434 0.05073859 0
vt 0.5884555 0.08050017 0
vt 0.5900439 0.08818308 0
vt 0.5881373 0.08060277 0
vt 0.5897238 0.08827807 0
vt 0.5926718 0.1036745 0
vt 0.5914412 0.09590936 0
vt 0.5923488 0.1037565 0
vt 0.5911196 0.09599757 0
vt 0.5907325 0.104168 0
vt 0.5895099 0.09644045 0
vt 0.5905139 0.09616398 0
vt 0.5917406 0.1039112 0
vt 0.588122 0.08875539 0
vt 0.589121 0.08845743 0
vt 0.586545 0.08111803 0
vt 0.587538 0.08079621 0
vt 0.5937526 0.1114779 0
vt 0.5947062 0.1193179 0
vt 0.5934284 0.1115542 0
vt 0.5943812 0.1193889 0
vt 0.5962927 0.1350923 0
vt 0.5955492 0.1271904 0
vt 0.595966 0.1351539 0
vt 0.5952232 0.1272565 0
vt 0.5943302 0.1354622 0
vt 0.593591 0.1275878 0
vt 0.5946091 0.127381 0
vt 0.5953506 0.1352699 0
vt 0.5927533 0.1197451 0
vt 0.5937687 0.1195228 0
vt 0.5918059 0.1119372 0
vt 0.592818 0.1116982 0
vt 0.5969437 0.1430241 0
vt 0.5975166 0.1509851 0
vt 0.5966163 0.1430814 0
vt 0.5971887 0.1510384 0
vt 0.5984648 0.166982 0
vt 0.5980216 0.1589721 0
vt 0.598136 0.1670281 0
vt 0.5976931 0.1590215 0
vt 0.5964891 0.1672584 0
vt 0.5960484 0.1592696 0
vt 0.5970743 0.1591148 0
vt 0.5975165 0.1671147 0
vt 0.5955462 0.1513055 0
vt 0.5965707 0.1511389 0
vt 0.594977 0.1433687 0
vt 0.5959996 0.1431895 0
vt 0.5988486 0.1750157 0
vt 0.5991835 0.1830729 0
vt 0.5985193 0.1750584 0
vt 0.5988539 0.1831125 0
vt 0.5997318 0.1992456 0
vt 0.5994769 0.1911504 0
vt 0.5994018 0.1992793 0
vt 0.5991469 0.191187 0
vt 0.5977485 0.1994481 0
vt 0.5974949 0.1913699 0
vt 0.5985255 0.1912558 0
vt 0.5987798 0.1993427 0
vt 0.5972032 0.1833104 0
vt 0.598233 0.183187 0
vt 0.5968703 0.1752724 0
vt 0.5978989 0.1751389 0
vt 0.5999481 0.2073588 0
vt 0.6001343 0.2154904 0
vt 0.5996178 0.2073899 0
vt 0.5998038 0.2155188 0
vt 0.6002957 0.223637 0
vt 0.599965 0.2236631 0
vt 0.5983085 0.2237929 0
vt 0.5993418 0.2237119 0
vt 0.5981481 0.2156613 0
vt 0.5991809 0.2155725 0
vt 0.5979631 0.2075455 0
vt 0.5989953 0.2074485 0
vt 0.9520218 0.265601 0
vt 0.9521176 0.257449 0
vt 0.9523064 0.257459 0
vt 0.9522105 0.2656097 0
vt 0.9522312 0.2493069 0
vt 0.95242 0.2493182 0
vt 0.9526617 0.2574777 0
vt 0.9525659 0.2656261 0
vt 0.9527752 0.2493395 0
vt 0.952363 0.2411772 0
vt 0.952517 0.2330629 0
vt 0.9527054 0.2330769 0
vt 0.9525517 0.2411899 0
vt 0.9530603 0.2331033 0
vt 0.9529067 0.2412138 0
vt 0.9547343 0.2332282 0
vt 0.9545817 0.2413263 0
vt 0.9535467 0.2412567 0
vt 0.9537 0.233151 0
vt 0.9544509 0.2494397 0
vt 0.9534154 0.2493778 0
vt 0.9543379 0.2575663 0
vt 0.9542424 0.2657035 0
vt 0.9532064 0.2656556 0
vt 0.9533021 0.2575116 0
vt 0.9527003 0.2249635 0
vt 0.9528887 0.2249789 0
vt 0.9529114 0.2168783 0
vt 0.9530997 0.2168953 0
vt 0.9532435 0.225008 0
vt 0.9534543 0.2169273 0
vt 0.953152 0.20881 0
vt 0.9534274 0.2007615 0
vt 0.9536154 0.2007816 0
vt 0.9533403 0.2088286 0
vt 0.9539694 0.2008198 0
vt 0.9536945 0.2088637 0
vt 0.9556388 0.201 0
vt 0.9553656 0.2090293 0
vt 0.954333 0.2089269 0
vt 0.9546073 0.2008886 0
vt 0.9551266 0.2170787 0
vt 0.9540932 0.2169852 0
vt 0.9549167 0.2251457 0
vt 0.9538828 0.2250607 0
vt 0.9537462 0.1927322 0
vt 0.953934 0.1927543 0
vt 0.9541083 0.1847218 0
vt 0.9542961 0.1847458 0
vt 0.9542878 0.1927956 0
vt 0.9546494 0.1847905 0
vt 0.9545173 0.1767326 0
vt 0.9549801 0.1687674 0
vt 0.9551673 0.1687952 0
vt 0.9547048 0.1767584 0
vt 0.9555195 0.1688474 0
vt 0.9550576 0.1768069 0
vt 0.9571816 0.1690944 0
vt 0.9567221 0.177036 0
vt 0.9556937 0.1768943 0
vt 0.9561547 0.1689416 0
vt 0.9563159 0.1850025 0
vt 0.9552862 0.1848715 0
vt 0.9559559 0.1929912 0
vt 0.9549252 0.1928703 0
vt 0.9555074 0.1608261 0
vt 0.9556944 0.1608561 0
vt 0.9561018 0.1529082 0
vt 0.9562884 0.1529403 0
vt 0.9560462 0.1609123 0
vt 0.9566397 0.1530009 0
vt 0.9567691 0.1450156 0
vt 0.9575194 0.1371515 0
vt 0.9577051 0.1371886 0
vt 0.9569554 0.1450501 0
vt 0.9580549 0.1372584 0
vt 0.9573059 0.1451152 0
vt 0.9597041 0.1375883 0
vt 0.9589593 0.1454228 0
vt 0.9579377 0.1452326 0
vt 0.9586851 0.1373843 0
vt 0.9582965 0.1532869 0
vt 0.9572728 0.1531101 0
vt 0.9577058 0.1611782 0
vt 0.9566804 0.1610138 0
vt 0.9583669 0.1293164 0
vt 0.9585523 0.1293562 0
vt 0.9593183 0.1215093 0
vt 0.9595031 0.1215519 0
vt 0.9589012 0.129431 0
vt 0.9598509 0.1216322 0
vt 0.9603845 0.1137328 0
vt 0.9615811 0.1059905 0
vt 0.9617645 0.1060394 0
vt 0.9605687 0.1137785 0
vt 0.9621098 0.1061318 0
vt 0.9609153 0.1138647 0
vt 0.9637373 0.1065687 0
vt 0.9625495 0.1142723 0
vt 0.9615399 0.1140202 0
vt 0.9627318 0.1062984 0
vt 0.961491 0.1220121 0
vt 0.9604778 0.1217772 0
vt 0.9605462 0.129785 0
vt 0.9595298 0.1295661 0
vt 0.9629302 0.09828369 0
vt 0.9631129 0.09833632 0
vt 0.9644476 0.09061251 0
vt 0.9646293 0.09066896 0
vt 0.9634565 0.09843534 0
vt 0.9649712 0.09077532 0
vt 0.9661564 0.0829808 0
vt 0.968089 0.07539451 0
vt 0.9682683 0.07545992 0
vt 0.9663371 0.08304144 0
vt 0.9686056 0.07558302 0
vt 0.9666769 0.08315578 0
vt 0.9701952 0.07616636 0
vt 0.9682782 0.08369762 0
vt 0.9672891 0.08336238 0
vt 0.9692135 0.07580538 0
vt 0.9665827 0.09127897 0
vt 0.9655872 0.0909674 0
vt 0.9650767 0.09890412 0
vt 0.9640758 0.09861412 0
vt 0.9702898 0.06785922 0
vt 0.9704679 0.0679298 0
vt 0.9728099 0.06037942 0
vt 0.9729864 0.06045585 0
vt 0.9708026 0.0680626 0
vt 0.9733182 0.06059996 0
vt 0.9757259 0.05296607 0
vt 0.9791607 0.04563292 0
vt 0.9793342 0.04572463 0
vt 0.9759008 0.05304942 0
vt 0.9796605 0.0458976 0
vt 0.9762296 0.05320658 0
vt 0.9811906 0.04672118 0
vt 0.9777747 0.05395321 0
vt 0.9768211 0.05349089 0
vt 0.9802468 0.04621078 0
vt 0.9748797 0.061284 0
vt 0.9739157 0.06086047 0
vt 0.9723791 0.06869298 0
vt 0.9714056 0.06830287 0
vt 0.9801767 0.6103201 0
vt 0.9835014 0.03846451 0
vt 0.9762224 0.6029467 0
vt 0.9763989 0.602859 0
vt 0.9838269 0.03866372 0
vt 0.9767303 0.6026935 0
vt 0.9730243 0.5954592 0
vt 0.9703466 0.587888 0
vt 0.9705251 0.5878171 0
vt 0.9732014 0.595381 0
vt 0.9708608 0.5876833 0
vt 0.9735345 0.5952332 0
vt 0.9724406 0.5870482 0
vt 0.9751007 0.5945308 0
vt 0.974134 0.5949658 0
vt 0.9714651 0.5874415 0
vt 0.9782855 0.6019061 0
vt 0.9773264 0.602394 0
vt 0.9853444 0.03961143 0
vt 0.9844101 0.03902443 0
vt 0.9680618 0.5802536 0
vt 0.9682417 0.5801887 0
vt 0.9660826 0.5725687 0
vt 0.9662636 0.572509 0
vt 0.96858 0.5800664 0
vt 0.9666045 0.5723965 0
vt 0.964352 0.5648423 0
vt 0.9628311 0.5570802 0
vt 0.9630141 0.5570292 0
vt 0.9645342 0.5647872 0
vt 0.9633587 0.556933 0
vt 0.964877 0.5646834 0
vt 0.9649831 0.5564778 0
vt 0.9664927 0.5641918 0
vt 0.9654947 0.5644959 0
vt 0.9639797 0.5567594 0
vt 0.96821 0.5718637 0
vt 0.9672183 0.5721934 0
vt 0.9701735 0.5794864 0
vt 0.9691894 0.5798454 0
vt 0.9614932 0.5492826 0
vt 0.9616772 0.5492353 0
vt 0.9603098 0.5414519 0
vt 0.9604943 0.5414079 0
vt 0.9620234 0.549146 0
vt 0.9608419 0.541325 0
vt 0.9592594 0.5335921 0
vt 0.9583275 0.5257059 0
vt 0.9585133 0.5256678 0
vt 0.9594447 0.5335511 0
vt 0.9588629 0.5255961 0
vt 0.9597933 0.5334741 0
vt 0.9605113 0.5252573 0
vt 0.9614373 0.53311 0
vt 0.9604217 0.5333352 0
vt 0.9594928 0.5254667 0
vt 0.9624805 0.540933 0
vt 0.9614681 0.5411754 0
vt 0.9636554 0.5487237 0
vt 0.9626471 0.5489848 0
vt 0.9575045 0.5177919 0
vt 0.9576908 0.5177566 0
vt 0.956774 0.5098513 0
vt 0.9569607 0.5098182 0
vt 0.9580413 0.5176898 0
vt 0.9573118 0.5097562 0
vt 0.9561241 0.5018867 0
vt 0.9555473 0.493901 0
vt 0.9557346 0.4938724 0
vt 0.956311 0.501856 0
vt 0.9560868 0.4938188 0
vt 0.9566628 0.5017984 0
vt 0.9577488 0.4935656 0
vt 0.9583224 0.5015261 0
vt 0.957297 0.5016945 0
vt 0.9567219 0.4937221 0
vt 0.9589684 0.5094631 0
vt 0.9579449 0.5096442 0
vt 0.9596941 0.5173744 0
vt 0.9586729 0.5175693 0
vt 0.9550402 0.4858926 0
vt 0.9552277 0.4858661 0
vt 0.954591 0.477862 0
vt 0.9547787 0.4778374 0
vt 0.9555806 0.4858163 0
vt 0.9551321 0.4777913 0
vt 0.9541921 0.4698123 0
vt 0.9538392 0.4617458 0
vt 0.9540272 0.4617247 0
vt 0.9543799 0.4697896 0
vt 0.9543812 0.4616852 0
vt 0.9547336 0.4697469 0
vt 0.9560508 0.461499 0
vt 0.9564019 0.4695453 0
vt 0.9553711 0.4696698 0
vt 0.9550192 0.461614 0
vt 0.9567986 0.4775734 0
vt 0.9557689 0.4777081 0
vt 0.957245 0.4855811 0
vt 0.9562166 0.4857264 0
vt 0.953532 0.4536614 0
vt 0.9537202 0.453642 0
vt 0.9532613 0.4455593 0
vt 0.9534497 0.4455416 0
vt 0.9540745 0.4536056 0
vt 0.9538042 0.4455082 0
vt 0.9530217 0.4374427 0
vt 0.9528109 0.4293138 0
vt 0.9529995 0.429299 0
vt 0.9532101 0.4374264 0
vt 0.9533543 0.429271 0
vt 0.9535648 0.4373957 0
vt 0.9550283 0.4291391 0
vt 0.9552381 0.4372513 0
vt 0.9542041 0.4373405 0
vt 0.9539939 0.4292206 0
vt 0.9554765 0.4453502 0
vt 0.9544432 0.4454477 0
vt 0.9557456 0.4534337 0
vt 0.9547129 0.4535398 0
vt 0.9526304 0.4211719 0
vt 0.9528191 0.4211585 0
vt 0.9524729 0.413017 0
vt 0.9526617 0.4130048 0
vt 0.9531742 0.4211329 0
vt 0.9530169 0.4129819 0
vt 0.9523341 0.4048519 0
vt 0.9522135 0.3966793 0
vt 0.9524023 0.3966696 0
vt 0.952523 0.4048409 0
vt 0.9527576 0.3966515 0
vt 0.9528783 0.4048205 0
vt 0.954434 0.396566 0
vt 0.9545544 0.4047241 0
vt 0.9535187 0.4047836 0
vt 0.9533983 0.3966188 0
vt 0.9546926 0.4128739 0
vt 0.9536571 0.4129406 0
vt 0.9548492 0.421013 0
vt 0.9538142 0.4210872 0
vt 0.9521136 0.3884984 0
vt 0.9523024 0.38849 0
vt 0.9520282 0.3803092 0
vt 0.952217 0.3803019 0
vt 0.9526579 0.3884741 0
vt 0.9525727 0.3802883 0
vt 0.9519543 0.3721143 0
vt 0.9518923 0.3639168 0
vt 0.9520812 0.3639118 0
vt 0.9521432 0.3721082 0
vt 0.9524369 0.3639024 0
vt 0.9524989 0.3720967 0
vt 0.9541145 0.3638584 0
vt 0.9541766 0.372043 0
vt 0.9531399 0.3720762 0
vt 0.9530779 0.3638856 0
vt 0.9542502 0.3802239 0
vt 0.9532137 0.3802637 0
vt 0.9543351 0.3883991 0
vt 0.9532987 0.3884454 0
vt 0.9518457 0.3557156 0
vt 0.9520348 0.3557118 0
vt 0.9518096 0.3475106 0
vt 0.9519986 0.3475079 0
vt 0.9523905 0.3557044 0
vt 0.9523543 0.3475027 0
vt 0.9517814 0.3393047 0
vt 0.9517626 0.3311005 0
vt 0.9519516 0.3311001 0
vt 0.9519705 0.3393031 0
vt 0.9523073 0.331099 0
vt 0.9523262 0.3393001 0
vt 0.9539856 0.3310945 0
vt 0.9540046 0.3392858 0
vt 0.9529675 0.3392946 0
vt 0.9529485 0.3310973 0
vt 0.9540327 0.3474786 0
vt 0.9529956 0.3474934 0
vt 0.9540687 0.3556703 0
vt 0.9530317 0.3556914 0
vt 0.9517576 0.3228976 0
vt 0.9519467 0.3228981 0
vt 0.951762 0.3146953 0
vt 0.9519511 0.3146971 0
vt 0.9523025 0.3228991 0
vt 0.9523069 0.3147002 0
vt 0.9517746 0.3064967 0
vt 0.9517972 0.2983044 0
vt 0.9519862 0.2983084 0
vt 0.9519636 0.3064995 0
vt 0.9523417 0.2983158 0
vt 0.9523193 0.3065049 0
vt 0.9540195 0.2983508 0
vt 0.9539975 0.3065301 0
vt 0.9529605 0.3065144 0
vt 0.9529829 0.2983292 0
vt 0.9539852 0.3147153 0
vt 0.9529481 0.3147059 0
vt 0.9539808 0.3229042 0
vt 0.9529437 0.3229011 0
vt 0.9518352 0.2901179 0
vt 0.9520242 0.2901229 0
vt 0.9518851 0.2819365 0
vt 0.952074 0.2819429 0
vt 0.9523798 0.2901324 0
vt 0.9524296 0.2819546 0
vt 0.9519463 0.2737634 0
vt 0.9521351 0.2737709 0
vt 0.9524908 0.2737849 0
vt 0.9541678 0.2738517 0
vt 0.9531316 0.2738105 0
vt 0.9541072 0.2820104 0
vt 0.9530707 0.2819759 0
vt 0.9540576 0.2901776 0
vt 0.953021 0.2901497 0
vt 0.553236 0.7331982 0
vt 0.5532124 0.7447788 0
vt 0.5528213 0.7447777 0
vt 0.5528449 0.7331971 0
vt 0.5531857 0.7563617 0
vt 0.5527946 0.7563603 0
vt 0.5438565 0.7447496 0
vt 0.54388 0.733172 0
vt 0.5438298 0.7563287 0
vt 0.5531552 0.7679457 0
vt 0.9720656 0.1088324 0
vt 0.5527288 0.7795287 0
vt 0.5527641 0.7679443 0
vt 0.5437638 0.7794869 0
vt 0.5437992 0.7679082 0
vt 0.4663449 0.7792127 0
vt 0.4663747 0.7676523 0
vt 0.5178116 0.7678048 0
vt 0.5177758 0.7793712 0
vt 0.466402 0.7560907 0
vt 0.5178426 0.7562362 0
vt 0.4664268 0.7445286 0
vt 0.4664494 0.7329671 0
vt 0.5178936 0.7330969 0
vt 0.5178697 0.7446663 0
vt 0.5533062 0.6868829 0
vt 0.5532913 0.6984599 0
vt 0.5529002 0.6984592 0
vt 0.5529151 0.6868821 0
vt 0.5532748 0.7100387 0
vt 0.5528836 0.7100378 0
vt 0.5439354 0.6984405 0
vt 0.5439502 0.686865 0
vt 0.5439189 0.7100174 0
vt 0.5532565 0.7216183 0
vt 0.5528654 0.7216173 0
vt 0.5439006 0.7215949 0
vt 0.4664698 0.7214051 0
vt 0.5179146 0.7215269 0
vt 0.4664882 0.7098416 0
vt 0.5179332 0.7099557 0
vt 0.4665049 0.6982775 0
vt 0.4665198 0.6867142 0
vt 0.5179648 0.6868135 0
vt 0.5179499 0.698384 0
vt 0.5533516 0.6405789 0
vt 0.5533417 0.6521536 0
vt 0.5529506 0.6521531 0
vt 0.5529605 0.6405786 0
vt 0.5533309 0.6637297 0
vt 0.5529398 0.6637289 0
vt 0.5439859 0.6521397 0
vt 0.5439957 0.6405663 0
vt 0.5439751 0.6637148 0
vt 0.5533192 0.6753064 0
vt 0.5529281 0.6753057 0
vt 0.5439633 0.6752903 0
vt 0.4665333 0.6751507 0
vt 0.5179781 0.675243 0
vt 0.4665455 0.6635854 0
vt 0.5179901 0.6636714 0
vt 0.4665565 0.6520201 0
vt 0.4665664 0.6404555 0
vt 0.5180106 0.6405297 0
vt 0.5180009 0.6521 0
vt 0.5533819 0.5942831 0
vt 0.5533752 0.6058561 0
vt 0.5529841 0.6058557 0
vt 0.5529908 0.5942828 0
vt 0.5533679 0.6174302 0
vt 0.5529768 0.6174297 0
vt 0.5440194 0.6058461 0
vt 0.544026 0.594274 0
vt 0.5440121 0.6174194 0
vt 0.5533601 0.6290049 0
vt 0.552969 0.6290042 0
vt 0.5440043 0.6289932 0
vt 0.4665754 0.6288907 0
vt 0.5180194 0.6289594 0
vt 0.4665835 0.6173248 0
vt 0.5180273 0.6173884 0
vt 0.4665908 0.6057586 0
vt 0.4665974 0.5941935 0
vt 0.518041 0.5942477 0
vt 0.5180345 0.6058174 0
vt 0.5534021 0.5479931 0
vt 0.5533976 0.5595648 0
vt 0.5530065 0.5595645 0
vt 0.553011 0.5479929 0
vt 0.5533927 0.5711375 0
vt 0.5530016 0.5711372 0
vt 0.5440418 0.5595574 0
vt 0.5440462 0.5479866 0
vt 0.5440369 0.5711297 0
vt 0.5533876 0.5827107 0
vt 0.5529964 0.5827102 0
vt 0.5440317 0.5827023 0
vt 0.4666033 0.5826281 0
vt 0.5180469 0.5826781 0
vt 0.4666087 0.5710617 0
vt 0.5180522 0.5711076 0
vt 0.4666135 0.5594953 0
vt 0.4666178 0.5479298 0
vt 0.5180613 0.547968 0
vt 0.518057 0.5595373 0
vt 0.5534152 0.5017067 0
vt 0.5534124 0.5132774 0
vt 0.5530212 0.5132773 0
vt 0.5530241 0.5017065 0
vt 0.5534091 0.5248494 0
vt 0.553018 0.5248492 0
vt 0.5440565 0.5132724 0
vt 0.5440593 0.5017022 0
vt 0.5440533 0.524844 0
vt 0.5534057 0.5364216 0
vt 0.5530146 0.5364212 0
vt 0.5440499 0.5364157 0
vt 0.4666217 0.5363642 0
vt 0.5180651 0.5363989 0
vt 0.4666252 0.5247975 0
vt 0.5180685 0.5248288 0
vt 0.4666282 0.5132308 0
vt 0.4666309 0.5016653 0
vt 0.5180743 0.5016901 0
vt 0.5180716 0.5132588 0
vt 0.5534228 0.4554226 0
vt 0.5534211 0.4669928 0
vt 0.55303 0.4669928 0
vt 0.5530316 0.4554224 0
vt 0.5534193 0.4785643 0
vt 0.5530282 0.4785641 0
vt 0.5440653 0.4669899 0
vt 0.5440668 0.45542 0
vt 0.5440635 0.4785609 0
vt 0.5534174 0.4901358 0
vt 0.5530263 0.4901356 0
vt 0.5440615 0.490132 0
vt 0.4666333 0.4900997 0
vt 0.5180767 0.4901215 0
vt 0.4666353 0.4785331 0
vt 0.5180787 0.4785518 0
vt 0.466637 0.4669665 0
vt 0.4666385 0.4554008 0
vt 0.5180819 0.4554136 0
vt 0.5180804 0.4669822 0
vt 0.5534257 0.4091394 0
vt 0.5534252 0.4207098 0
vt 0.5530341 0.4207096 0
vt 0.5530346 0.4091393 0
vt 0.5534245 0.4322808 0
vt 0.5530334 0.4322808 0
vt 0.5440693 0.4207086 0
vt 0.5440698 0.4091387 0
vt 0.5440687 0.4322794 0
vt 0.5534237 0.443852 0
vt 0.5530326 0.4438519 0
vt 0.5440679 0.4438501 0
vt 0.4666396 0.4438352 0
vt 0.518083 0.4438452 0
vt 0.4666405 0.4322687 0
vt 0.5180839 0.4322758 0
vt 0.4666411 0.420702 0
vt 0.4666414 0.4091363 0
vt 0.5180849 0.4091376 0
vt 0.5180845 0.4207062 0
vt 0.5534245 0.3628562 0
vt 0.5534251 0.3744265 0
vt 0.553034 0.3744266 0
vt 0.5530334 0.3628563 0
vt 0.5534253 0.385998 0
vt 0.5530342 0.3859979 0
vt 0.5440692 0.3744273 0
vt 0.5440686 0.3628573 0
vt 0.5440695 0.3859982 0
vt 0.5534256 0.3975691 0
vt 0.5530345 0.3975691 0
vt 0.5440698 0.3975689 0
vt 0.4666414 0.3975708 0
vt 0.518085 0.3975693 0
vt 0.4666412 0.3860043 0
vt 0.5180848 0.3859999 0
vt 0.4666407 0.3744377 0
vt 0.4666399 0.3628721 0
vt 0.5180836 0.3628618 0
vt 0.5180843 0.3744304 0
vt 0.5534186 0.3165713 0
vt 0.5534204 0.3281421 0
vt 0.5530293 0.3281423 0
vt 0.5530275 0.3165714 0
vt 0.5534219 0.339714 0
vt 0.5530308 0.3397141 0
vt 0.5440645 0.3281449 0
vt 0.5440627 0.3165745 0
vt 0.5440661 0.3397161 0
vt 0.5534233 0.3512855 0
vt 0.5530322 0.3512857 0
vt 0.5440675 0.3512872 0
vt 0.4666389 0.3513064 0
vt 0.5180826 0.3512931 0
vt 0.4666375 0.3397399 0
vt 0.5180813 0.3397235 0
vt 0.4666358 0.3281732 0
vt 0.4666337 0.3166078 0
vt 0.5180777 0.3165848 0
vt 0.5180796 0.3281536 0
vt 0.5534068 0.2702833 0
vt 0.5534102 0.2818552 0
vt 0.5530191 0.2818555 0
vt 0.5530158 0.2702836 0
vt 0.5534132 0.2934277 0
vt 0.5530221 0.2934278 0
vt 0.5440544 0.2818601 0
vt 0.5440509 0.2702887 0
vt 0.5440574 0.293432 0
vt 0.553416 0.3049999 0
vt 0.5530249 0.3050003 0
vt 0.5440602 0.3050038 0
vt 0.4666313 0.3050422 0
vt 0.5180753 0.3050158 0
vt 0.4666284 0.2934758 0
vt 0.5180726 0.2934458 0
vt 0.4666252 0.2819094 0
vt 0.4666215 0.2703438 0
vt 0.5180659 0.2703061 0
vt 0.5180694 0.2818756 0
vt 0.5533873 0.2239905 0
vt 0.5533929 0.2355638 0
vt 0.5530018 0.2355641 0
vt 0.5529962 0.2239909 0
vt 0.553398 0.2471378 0
vt 0.5530069 0.247138 0
vt 0.5440371 0.2355715 0
vt 0.5440314 0.223999 0
vt 0.5440422 0.2471446 0
vt 0.5534026 0.2587111 0
vt 0.5530115 0.2587114 0
vt 0.5440468 0.2587173 0
vt 0.4666172 0.2587787 0
vt 0.5180618 0.2587368 0
vt 0.4666124 0.2472123 0
vt 0.5180572 0.2471661 0
vt 0.466607 0.2356463 0
vt 0.4666009 0.2240812 0
vt 0.5180461 0.2240254 0
vt 0.518052 0.2355954 0
vt 0.5533561 0.1776904 0
vt 0.5533651 0.1892658 0
vt 0.552974 0.1892662 0
vt 0.552965 0.1776909 0
vt 0.5533732 0.2008415 0
vt 0.5529821 0.200842 0
vt 0.5440092 0.1892772 0
vt 0.5440001 0.1777029 0
vt 0.5440174 0.2008519 0
vt 0.5533805 0.2124167 0
vt 0.5529895 0.2124171 0
vt 0.5440247 0.2124262 0
vt 0.466594 0.2125163 0
vt 0.5180395 0.2124553 0
vt 0.4665863 0.2009507 0
vt 0.5180321 0.200884 0
vt 0.4665776 0.1893852 0
vt 0.4665679 0.1778208 0
vt 0.5180145 0.1777419 0
vt 0.5180238 0.1893126 0
vt 0.5533061 0.1313791 0
vt 0.5533208 0.1429577 0
vt 0.5529297 0.1429584 0
vt 0.552915 0.1313798 0
vt 0.5533338 0.1545364 0
vt 0.5529427 0.1545369 0
vt 0.5439648 0.1429749 0
vt 0.54395 0.1313982 0
vt 0.5439779 0.1545519 0
vt 0.5533455 0.1661142 0
vt 0.5529544 0.1661148 0
vt 0.5439896 0.1661281 0
vt 0.4665569 0.1662569 0
vt 0.5180039 0.1661711 0
vt 0.4665447 0.1546924 0
vt 0.517992 0.1545993 0
vt 0.4665309 0.1431283 0
vt 0.4665155 0.1315656 0
vt 0.5179634 0.1314567 0
vt 0.5179786 0.1430275 0
vt 0.553222 0.08505063 0
vt 0.5532474 0.0966343 0
vt 0.5528563 0.09663543 0
vt 0.5528309 0.0850521 0
vt 0.5532695 0.1082176 0
vt 0.5528784 0.1082185 0
vt 0.5438913 0.09666203 0
vt 0.5438657 0.08508258 0
vt 0.5439135 0.108242 0
vt 0.553289 0.1197993 0
vt 0.5528978 0.1198001 0
vt 0.543933 0.1198211 0
vt 0.4664982 0.1200035 0
vt 0.517946 0.1198861 0
vt 0.4664788 0.108441 0
vt 0.5179261 0.1083148 0
vt 0.4664573 0.09687903 0
vt 0.4664333 0.08531877 0
vt 0.5178767 0.08517471 0
vt 0.5179032 0.09674391 0
vt 0.5530605 0.03869459 0
vt 0.5531133 0.05028649 0
vt 0.5527222 0.0502888 0
vt 0.5526695 0.0386972 0
vt 0.5531561 0.06187702 0
vt 0.5527649 0.06187874 0
vt 0.5437565 0.05033872 0
vt 0.5437033 0.03875871 0
vt 0.5437995 0.06192058 0
vt 0.5531917 0.07346512 0
vt 0.5528006 0.07346666 0
vt 0.5438354 0.07350225 0
vt 0.4664067 0.07375912 0
vt 0.5178458 0.07360664 0
vt 0.4663776 0.06219906 0
vt 0.5178096 0.06203884 0
vt 0.4663458 0.05063941 0
vt 0.4663118 0.0390809 0
vt 0.5177172 0.0389094 0
vt 0.5177671 0.05047268 0
vt 0.5528821 0.825885 0
vt 0.5527577 0.00390625 0
vt 0.5523652 0.8374509 0
vt 0.552491 0.8258804 0
vt 0.5529014 0.0155022 0
vt 0.5525102 0.01550732 0
vt 0.5434173 0.8373485 0
vt 0.5435258 0.8257866 0
vt 0.5435454 0.0156065 0
vt 0.5529928 0.0270999 0
vt 0.5526017 0.02710334 0
vt 0.5436353 0.02718085 0
vt 0.4662761 0.02752238 0
vt 0.5176591 0.02734816 0
vt 0.4662396 0.01596253 0
vt 0.5175932 0.01578754 0
vt 0.4661731 0.8370183 0
vt 0.4662076 0.8254564 0
vt 0.5175682 0.8256214 0
vt 0.5175033 0.8371827 0
vt 0.5530778 0.7911163 0
vt 0.5526867 0.7911142 0
vt 0.5530272 0.802705 0
vt 0.5526361 0.8027024 0
vt 0.5437217 0.7910653 0
vt 0.543671 0.8026435 0
vt 0.5529643 0.8142952 0
vt 0.5525732 0.8142919 0
vt 0.543608 0.8142185 0
vt 0.4662433 0.8138953 0
vt 0.5176304 0.8140615 0
vt 0.4662787 0.8023339 0
vt 0.517686 0.8024995 0
vt 0.4663128 0.7907728 0
vt 0.5177342 0.7909359 0
vt 0.947606 0.232697 0
vt 0.947449 0.2408484 0
vt 0.9510992 0.2329573 0
vt 0.9509444 0.2410824 0
vt 0.9473149 0.2490127 0
vt 0.9508119 0.249222 0
vt 0.9523597 0.2330512 0
vt 0.9522057 0.2411668 0
vt 0.9520738 0.2492976 0
vt 0.9518642 0.2655938 0
vt 0.9519601 0.2574408 0
vt 0.9506019 0.2655356 0
vt 0.950698 0.2573739 0
vt 0.9471035 0.2653738 0
vt 0.9472 0.2571885 0
vt 0.9485289 0.2002342 0
vt 0.948249 0.2083262 0
vt 0.9520134 0.2006092 0
vt 0.9517367 0.2086703 0
vt 0.9480047 0.2164351 0
vt 0.9514949 0.2167503 0
vt 0.9532705 0.2007445 0
vt 0.9529951 0.2087945 0
vt 0.9527543 0.216864 0
vt 0.9525431 0.2249505 0
vt 0.9512831 0.2248468 0
vt 0.9477911 0.2245593 0
vt 0.9501025 0.1680463 0
vt 0.9496326 0.1760641 0
vt 0.9535723 0.1685588 0
vt 0.9531074 0.1765394 0
vt 0.9492178 0.1841024 0
vt 0.9526966 0.1845428 0
vt 0.9548239 0.1687443 0
vt 0.9543609 0.1767112 0
vt 0.9539517 0.184702 0
vt 0.9535894 0.192714 0
vt 0.9523332 0.1925668 0
vt 0.9488512 0.1921595 0
vt 0.9526766 0.1361911 0
vt 0.951915 0.1441205 0
vt 0.956122 0.1368733 0
vt 0.9553683 0.1447565 0
vt 0.9512382 0.152074 0
vt 0.9546981 0.1526667 0
vt 0.9573644 0.1371206 0
vt 0.9566137 0.1449868 0
vt 0.9559461 0.1528813 0
vt 0.9553515 0.1608013 0
vt 0.9541016 0.1606015 0
vt 0.9506362 0.1600497 0
vt 0.9567967 0.1047241 0
vt 0.9555816 0.1125511 0
vt 0.9602014 0.105623 0
vt 0.9589991 0.1133901 0
vt 0.9544998 0.1204058 0
vt 0.9579282 0.1211894 0
vt 0.9614282 0.1059496 0
vt 0.9602308 0.1136947 0
vt 0.9591641 0.1214737 0
vt 0.9582123 0.1292833 0
vt 0.9569729 0.1290179 0
vt 0.9535353 0.1282862 0
vt 0.9634002 0.07371517 0
vt 0.9614386 0.081419 0
vt 0.9667392 0.07490559 0
vt 0.9647974 0.08252647 0
vt 0.9597042 0.08915706 0
vt 0.9630806 0.09018945 0
vt 0.9679393 0.0753402 0
vt 0.9660058 0.08293019 0
vt 0.964296 0.09056538 0
vt 0.9627778 0.09823996 0
vt 0.9615563 0.09788935 0
vt 0.9581648 0.09692611 0
vt 0.9745582 0.04332425 0
vt 0.9711235 0.0508448 0
vt 0.977849 0.04495137 0
vt 0.9744075 0.05234423 0
vt 0.9681817 0.05842324 0
vt 0.9714807 0.05980787 0
vt 0.9790158 0.04555652 0
vt 0.9755801 0.0528967 0
vt 0.9726627 0.0603158 0
vt 0.9701414 0.06780056 0
vt 0.96895 0.06733136 0
vt 0.965631 0.06604902 0
vt 0.9656694 0.5896929 0
vt 0.9683656 0.5974412 0
vt 0.9690029 0.5884172 0
vt 0.9716893 0.596043 0
vt 0.971548 0.6051437 0
vt 0.9748896 0.603598 0
vt 0.9701977 0.587947 0
vt 0.9728765 0.5955245 0
vt 0.9760753 0.6030198 0
vt 0.9831816 0.03827327 0
vt 0.9819893 0.03761628 0
vt 0.9786118 0.03586767 0
vt 0.958053 0.5583938 0
vt 0.9595953 0.5662586 0
vt 0.9614537 0.5574624 0
vt 0.9629814 0.5652549 0
vt 0.9613503 0.5740981 0
vt 0.9647198 0.5730149 0
vt 0.9626783 0.5571227 0
vt 0.9642 0.5648882 0
vt 0.9659315 0.5726183 0
vt 0.9679117 0.5803075 0
vt 0.966708 0.5807379 0
vt 0.9633567 0.5819104 0
vt 0.9534859 0.5266904 0
vt 0.9544298 0.53465 0
vt 0.9569307 0.5259914 0
vt 0.9578662 0.5338992 0
vt 0.9554944 0.5425881 0
vt 0.9589208 0.5417819 0
vt 0.9581726 0.5257377 0
vt 0.9591049 0.5336262 0
vt 0.9601557 0.5414886 0
vt 0.9613398 0.549322 0
vt 0.9601097 0.5496374 0
vt 0.9566951 0.5505032 0
vt 0.9506692 0.4946395 0
vt 0.9512525 0.5026816 0
vt 0.9541395 0.4941148 0
vt 0.9547182 0.502117 0
vt 0.9519105 0.510705 0
vt 0.9553705 0.5100986 0
vt 0.9553911 0.4939248 0
vt 0.9559681 0.5019123 0
vt 0.9566183 0.5098787 0
vt 0.9573492 0.5178215 0
vt 0.9561041 0.5180576 0
vt 0.952651 0.5187084 0
vt 0.94894 0.4622908 0
vt 0.9492963 0.4704025 0
vt 0.9524251 0.4619034 0
vt 0.952779 0.469983 0
vt 0.9496998 0.4784988 0
vt 0.9531792 0.4780463 0
vt 0.9536823 0.4617632 0
vt 0.9540353 0.4698313 0
vt 0.9544344 0.4778825 0
vt 0.9548837 0.4859146 0
vt 0.9536301 0.486091 0
vt 0.9501548 0.4865784 0
vt 0.9478995 0.4297003 0
vt 0.9481119 0.4378668 0
vt 0.9513931 0.4294255 0
vt 0.9516044 0.4375654 0
vt 0.948354 0.4460219 0
vt 0.9518447 0.4456931 0
vt 0.9526536 0.4293263 0
vt 0.9528645 0.4374564 0
vt 0.9531042 0.4455743 0
vt 0.953375 0.4536776 0
vt 0.9521165 0.4538067 0
vt 0.9486283 0.4541637 0
vt 0.947295 0.3969301 0
vt 0.9474163 0.4051355 0
vt 0.9507936 0.3967519 0
vt 0.9509145 0.4049339 0
vt 0.9475563 0.4133335 0
vt 0.9510536 0.4131084 0
vt 0.952056 0.3966874 0
vt 0.9521767 0.4048609 0
vt 0.9523155 0.4130271 0
vt 0.9524731 0.4211832 0
vt 0.9512118 0.4212732 0
vt 0.9477161 0.4215224 0
vt 0.9469702 0.3640457 0
vt 0.9470321 0.3722736 0
vt 0.9504714 0.3639542 0
vt 0.9505333 0.3721604 0
vt 0.9471064 0.380498 0
vt 0.9506073 0.3803638 0
vt 0.9517347 0.363921 0
vt 0.9517967 0.3721194 0
vt 0.9518705 0.3803153 0
vt 0.951956 0.3885055 0
vt 0.9506931 0.3885617 0
vt 0.9471932 0.3887175 0
vt 0.9468394 0.3311138 0
vt 0.9468575 0.3393473 0
vt 0.9503413 0.3311045 0
vt 0.9503599 0.3393171 0
vt 0.9468855 0.3475816 0
vt 0.950388 0.3475311 0
vt 0.9516049 0.331101 0
vt 0.9516237 0.339306 0
vt 0.9516519 0.3475129 0
vt 0.9516881 0.3557189 0
vt 0.9504245 0.3557443 0
vt 0.9469225 0.3558149 0
vt 0.9468752 0.2982012 0
vt 0.9468513 0.3064236 0
vt 0.9503762 0.2982748 0
vt 0.9503532 0.3064758 0
vt 0.946838 0.314651 0
vt 0.9503405 0.3146827 0
vt 0.9516396 0.2983011 0
vt 0.9516169 0.3064944 0
vt 0.9516044 0.314694 0
vt 0.9516 0.3228971 0
vt 0.9503362 0.3228931 0
vt 0.9468338 0.3228817 0
vt 0.947026 0.2735688 0
vt 0.9505258 0.2737074 0
vt 0.9469635 0.2817729 0
vt 0.9504643 0.2818894 0
vt 0.9517887 0.2737572 0
vt 0.9517275 0.2819314 0
vt 0.9516777 0.2901136 0
vt 0.9504143 0.2900794 0
vt 0.9469132 0.2899842 0
vt 0.9562725 0.2333418 0
vt 0.9561208 0.2414286 0
vt 0.9580567 0.2334734 0
vt 0.9579061 0.2415468 0
vt 0.9559907 0.249531 0
vt 0.9577768 0.2496363 0
vt 0.959829 0.2336037 0
vt 0.9613294 0.2337137 0
vt 0.9611804 0.2417629 0
vt 0.9596791 0.2416639 0
vt 0.9610524 0.2498286 0
vt 0.9595506 0.2497406 0
vt 0.9608478 0.2660019 0
vt 0.9593449 0.2659344 0
vt 0.9594393 0.2578313 0
vt 0.9609417 0.2579088 0
vt 0.95757 0.2658544 0
vt 0.9576649 0.2577394 0
vt 0.9557829 0.2657735 0
vt 0.9558782 0.2576466 0
vt 0.9571729 0.2011647 0
vt 0.9569011 0.2091805 0
vt 0.9589524 0.2013555 0
vt 0.9586821 0.2093555 0
vt 0.9566632 0.2172168 0
vt 0.9584456 0.2173767 0
vt 0.9607195 0.2015448 0
vt 0.9622158 0.2017049 0
vt 0.9619485 0.209676 0
vt 0.9604509 0.2095291 0
vt 0.9617145 0.2176692 0
vt 0.9602158 0.2175352 0
vt 0.9600088 0.2255607 0
vt 0.9615086 0.2256824 0
vt 0.9582377 0.2254167 0
vt 0.9564542 0.2252713 0
vt 0.9587086 0.1693207 0
vt 0.9582514 0.1772459 0
vt 0.9604798 0.1695834 0
vt 0.9600253 0.1774892 0
vt 0.9578472 0.1851965 0
vt 0.9596231 0.1854214 0
vt 0.9622384 0.1698443 0
vt 0.9637273 0.170065 0
vt 0.9632777 0.1779353 0
vt 0.9617865 0.1777309 0
vt 0.9628798 0.1858336 0
vt 0.9613867 0.1856446 0
vt 0.9610321 0.1935832 0
vt 0.9625269 0.1937572 0
vt 0.9592666 0.1933775 0
vt 0.9574887 0.19317 0
vt 0.9612192 0.1378916 0
vt 0.9604781 0.1457052 0
vt 0.9629761 0.138244 0
vt 0.9622394 0.1460331 0
vt 0.9598185 0.1535495 0
vt 0.9615836 0.1538544 0
vt 0.96472 0.1385944 0
vt 0.9661963 0.1388917 0
vt 0.965468 0.1466357 0
vt 0.963988 0.1463593 0
vt 0.9648195 0.1544142 0
vt 0.9633361 0.1541573 0
vt 0.9627548 0.1619864 0
vt 0.9642411 0.1622246 0
vt 0.960999 0.1617051 0
vt 0.9592306 0.1614221 0
vt 0.9652317 0.1069712 0
vt 0.9640504 0.1146474 0
vt 0.9669637 0.1074398 0
vt 0.9657902 0.1150838 0
vt 0.9629975 0.1223616 0
vt 0.9647439 0.122768 0
vt 0.9686821 0.1079068 0
vt 0.9701359 0.1083036 0
vt 0.9689771 0.1158877 0
vt 0.9675165 0.1155186 0
vt 0.9679436 0.1235161 0
vt 0.966477 0.1231727 0
vt 0.9655484 0.1308655 0
vt 0.96702 0.131185 0
vt 0.9638094 0.1304889 0
vt 0.9620573 0.1301106 0
vt 0.9716527 0.07670562 0
vt 0.9697473 0.08419779 0
vt 0.9733396 0.07733524 0
vt 0.9714483 0.08478113 0
vt 0.9680615 0.09174357 0
vt 0.9697747 0.09228526 0
vt 0.9750106 0.07796426 0
vt 0.9764219 0.07849948 0
vt 0.9745591 0.08585905 0
vt 0.9731342 0.08536363 0
vt 0.9729094 0.09328507 0
vt 0.9714732 0.09282567 0
vt 0.9699966 0.100342 0
vt 0.9714422 0.1007686 0
vt 0.9682873 0.09983981 0
vt 0.966564 0.09933623 0
vt 0.9825836 0.04748892 0
vt 0.9791864 0.05464676 0
vt 0.9841833 0.04838996 0
vt 0.9808139 0.05545898 0
vt 0.9763088 0.06191779 0
vt 0.9779595 0.06265921 0
vt 0.9857547 0.04929314 0
vt 0.9870721 0.05006196 0
vt 0.9837691 0.05696519 0
vt 0.9824189 0.05627238 0
vt 0.9809665 0.06403272 0
vt 0.9795911 0.06340091 0
vt 0.977147 0.07063925 0
vt 0.9785423 0.07121931 0
vt 0.9754939 0.06995778 0
vt 0.9738235 0.0692762 0
vt 0.9738863 0.5864588 0
vt 0.9765311 0.5938783 0
vt 0.9755568 0.5857687 0
vt 0.9781802 0.5931136 0
vt 0.9797004 0.6011736 0
vt 0.9813249 0.6003144 0
vt 0.9772086 0.5850777 0
vt 0.9786018 0.5844893 0
vt 0.9811768 0.5916952 0
vt 0.9798073 0.5923476 0
vt 0.9842588 0.5987209 0
vt 0.9829208 0.5994535 0
vt 0.989809 0.04254266 0
vt 0.9910785 0.04341383 0
vt 0.9882835 0.04151609 0
vt 0.9867181 0.040489 0
vt 0.9664736 0.5560566 0
vt 0.9679748 0.5637364 0
vt 0.9682003 0.5555652 0
vt 0.9696912 0.5632049 0
vt 0.9696819 0.5713699 0
vt 0.9713857 0.5707929 0
vt 0.969913 0.5550747 0
vt 0.9713615 0.5546578 0
vt 0.9728313 0.5622224 0
vt 0.9713928 0.5626739 0
vt 0.9745007 0.5697254 0
vt 0.9730739 0.5702162 0
vt 0.9749938 0.5776903 0
vt 0.9764056 0.5771546 0
vt 0.9733219 0.5783196 0
vt 0.9716333 0.5789484 0
vt 0.9620252 0.5249442 0
vt 0.9629467 0.5327732 0
vt 0.9637804 0.5245797 0
vt 0.9646965 0.5323811 0
vt 0.9639846 0.5405705 0
vt 0.965728 0.5401481 0
vt 0.9655223 0.5242167 0
vt 0.9669965 0.5239089 0
vt 0.9679021 0.5316589 0
vt 0.9664328 0.5319904 0
vt 0.9689214 0.5393697 0
vt 0.9674578 0.5397271 0
vt 0.9686112 0.5474236 0
vt 0.9700678 0.5470378 0
vt 0.9668892 0.5478778 0
vt 0.9651533 0.5483329 0
vt 0.9592753 0.4933317 0
vt 0.9598465 0.5012744 0
vt 0.9610456 0.4930599 0
vt 0.961614 0.5009818 0
vt 0.9604898 0.5091922 0
vt 0.9622537 0.5088772 0
vt 0.9628033 0.4927896 0
vt 0.9642912 0.4925605 0
vt 0.9648537 0.5004441 0
vt 0.9633686 0.5006907 0
vt 0.9654868 0.5082983 0
vt 0.9640047 0.5085638 0
vt 0.9647188 0.5164068 0
vt 0.9661973 0.5161209 0
vt 0.962972 0.5167441 0
vt 0.9612121 0.5170831 0
vt 0.9575845 0.4613267 0
vt 0.9579343 0.469359 0
vt 0.9593634 0.4611265 0
vt 0.9597117 0.4691425 0
vt 0.9583294 0.4773721 0
vt 0.960105 0.4771381 0
vt 0.9611298 0.4609277 0
vt 0.9626254 0.4607594 0
vt 0.9629704 0.4687453 0
vt 0.9614765 0.4689273 0
vt 0.9633599 0.4767088 0
vt 0.9618677 0.4769057 0
vt 0.9623074 0.4848604 0
vt 0.9637976 0.484648 0
vt 0.960547 0.4851113 0
vt 0.9587739 0.4853639 0
vt 0.9565661 0.4290169 0
vt 0.9567754 0.4371175 0
vt 0.9583501 0.4288749 0
vt 0.9585584 0.4369621 0
vt 0.957013 0.4452041 0
vt 0.9587948 0.4450345 0
vt 0.9601217 0.428734 0
vt 0.9616217 0.4286148 0
vt 0.961828 0.4366772 0
vt 0.960329 0.4368078 0
vt 0.9620624 0.4447234 0
vt 0.9605644 0.4448659 0
vt 0.9608294 0.4529066 0
vt 0.9623263 0.4527515 0
vt 0.9590613 0.45309 0
vt 0.9572807 0.4532747 0
vt 0.9559744 0.3964863 0
vt 0.9560945 0.4046345 0
vt 0.9577612 0.3963939 0
vt 0.9578808 0.4045304 0
vt 0.9562321 0.4127737 0
vt 0.9580178 0.4126574 0
vt 0.9595357 0.3963018 0
vt 0.9610382 0.3962241 0
vt 0.9611567 0.4043393 0
vt 0.9596547 0.4044268 0
vt 0.9612926 0.4124441 0
vt 0.9597911 0.4125418 0
vt 0.9599454 0.4206449 0
vt 0.9614462 0.4205366 0
vt 0.9581729 0.420773 0
vt 0.956388 0.4209021 0
vt 0.9556561 0.363817 0
vt 0.9557181 0.3719924 0
vt 0.9574445 0.3637687 0
vt 0.9575062 0.3719333 0
vt 0.9557915 0.3801637 0
vt 0.9575794 0.3800939 0
vt 0.9592205 0.3637206 0
vt 0.9607244 0.3636799 0
vt 0.9607856 0.3718251 0
vt 0.959282 0.3718747 0
vt 0.9608582 0.3799654 0
vt 0.9593548 0.3800243 0
vt 0.9594384 0.3881674 0
vt 0.9609414 0.3880992 0
vt 0.9576634 0.3882481 0
vt 0.9558759 0.3883292 0
vt 0.9555275 0.3310891 0
vt 0.9555467 0.3392717 0
vt 0.9573163 0.3310827 0
vt 0.9573356 0.339255 0
vt 0.9555748 0.3474553 0
vt 0.9573637 0.3474281 0
vt 0.9590928 0.3310762 0
vt 0.9605973 0.3310705 0
vt 0.9606165 0.3392239 0
vt 0.9591122 0.3392382 0
vt 0.9606444 0.3473777 0
vt 0.9591401 0.3474008 0
vt 0.9591756 0.3555624 0
vt 0.9606796 0.3555305 0
vt 0.9573992 0.3556 0
vt 0.9556105 0.3556378 0
vt 0.9555612 0.298382 0
vt 0.9555395 0.3065521 0
vt 0.9573498 0.2984178 0
vt 0.9573283 0.3065772 0
vt 0.9555275 0.3147281 0
vt 0.9573163 0.3147425 0
vt 0.959126 0.298453 0
vt 0.96063 0.2984828 0
vt 0.960609 0.3066227 0
vt 0.9591048 0.3066019 0
vt 0.9605973 0.3147686 0
vt 0.959093 0.3147567 0
vt 0.9590886 0.3229155 0
vt 0.960593 0.3229184 0
vt 0.9573119 0.3229118 0
vt 0.955523 0.3229078 0
vt 0.955709 0.2739117 0
vt 0.9574966 0.273981 0
vt 0.9556487 0.2820606 0
vt 0.9574368 0.2821185 0
vt 0.9607753 0.2741073 0
vt 0.959272 0.2740495 0
vt 0.9607161 0.2822238 0
vt 0.9592125 0.2821755 0
vt 0.9591637 0.2903107 0
vt 0.9606675 0.2903495 0
vt 0.9573876 0.2902647 0
vt 0.9555993 0.2902181 0
vt 0.6234287 0.2301737 0
vt 0.6235504 0.2385024 0
vt 0.6378541 0.2292012 0
vt 0.6379778 0.2376234 0
vt 0.6236523 0.2468381 0
vt 0.6380815 0.2460501 0
vt 0.6543942 0.2281588 0
vt 0.6545165 0.2366809 0
vt 0.6546192 0.2452052 0
vt 0.6547741 0.2622567 0
vt 0.6547044 0.2537308 0
vt 0.6382378 0.2629128 0
vt 0.6381676 0.2544803 0
vt 0.6238056 0.2635257 0
vt 0.6237368 0.2551797 0
vt 0.6226866 0.1969354 0
vt 0.6229168 0.2052318 0
vt 0.6371028 0.1955567 0
vt 0.6373356 0.20396 0
vt 0.6231148 0.2135378 0
vt 0.6375361 0.2123692 0
vt 0.6536541 0.1940857 0
vt 0.6538831 0.2026009 0
vt 0.6540805 0.2111187 0
vt 0.6542498 0.2196383 0
vt 0.6377078 0.2207833 0
vt 0.6232844 0.2218522 0
vt 0.6213532 0.1638483 0
vt 0.6217586 0.1721038 0
vt 0.6357584 0.1619974 0
vt 0.6361667 0.1703781 0
vt 0.6221122 0.1803709 0
vt 0.6365232 0.1787655 0
vt 0.6523365 0.1600424 0
vt 0.6527358 0.1685499 0
vt 0.653085 0.1770602 0
vt 0.6533895 0.1855723 0
vt 0.6368335 0.1871586 0
vt 0.6224198 0.1886484 0
vt 0.6190732 0.1309398 0
vt 0.619758 0.1391488 0
vt 0.6334707 0.1285305 0
vt 0.6341563 0.1368882 0
vt 0.6203603 0.1473706 0
vt 0.6347606 0.1452525 0
vt 0.6501126 0.126028 0
vt 0.6507766 0.1345286 0
vt 0.6513636 0.1430318 0
vt 0.6518812 0.1515366 0
vt 0.6352921 0.1536224 0
vt 0.6208895 0.155604 0
vt 0.6152852 0.09822209 0
vt 0.6164156 0.1063832 0
vt 0.6297059 0.09515072 0
vt 0.6308239 0.1034876 0
vt 0.6174142 0.1145569 0
vt 0.6318156 0.1118302 0
vt 0.6465124 0.09204229 0
vt 0.6475728 0.1005349 0
vt 0.6485198 0.1090309 0
vt 0.6493633 0.1175289 0
vt 0.632694 0.120178 0
vt 0.6182958 0.1227426 0
vt 0.6090599 0.0657002 0
vt 0.610917 0.0738107 0
vt 0.6236716 0.06186567 0
vt 0.6254465 0.07017429 0
vt 0.6125569 0.08193563 0
vt 0.627033 0.0784932 0
vt 0.6409437 0.05812258 0
vt 0.6425522 0.06659013 0
vt 0.6440115 0.07506824 0
vt 0.6453286 0.08355322 0
vt 0.6284475 0.08681935 0
vt 0.6140055 0.09007312 0
vt 0.5988771 0.03348728 0
vt 0.601887 0.04148858 0
vt 0.6144651 0.02882957 0
vt 0.6170854 0.03704364 0
vt 0.6045746 0.04953258 0
vt 0.6194986 0.0452937 0
vt 0.6330277 0.02444173 0
vt 0.6352102 0.03282147 0
vt 0.6372678 0.04123288 0
vt 0.6391819 0.04966882 0
vt 0.6216929 0.05357054 0
vt 0.6069561 0.05760615 0
vt 0.6043067 0.594722 0
vt 0.6017971 0.6028661 0
vt 0.619235 0.5985837 0
vt 0.6169944 0.6068775 0
vt 0.5990303 0.6109963 0
vt 0.614609 0.615155 0
vt 0.6369388 0.6022713 0
vt 0.6350165 0.6106721 0
vt 0.633011 0.6190569 0
vt 0.6307489 0.01610021 0
vt 0.6116735 0.02065729 0
vt 0.5955624 0.02554201 0
vt 0.6119362 0.5620989 0
vt 0.6103462 0.5702588 0
vt 0.6264335 0.5653097 0
vt 0.6248946 0.5736359 0
vt 0.6085604 0.5784162 0
vt 0.6231873 0.5819591 0
vt 0.6434097 0.568511 0
vt 0.6419892 0.5769683 0
vt 0.6404361 0.5854168 0
vt 0.6387504 0.5938524 0
vt 0.621302 0.5902763 0
vt 0.6065551 0.586571 0
vt 0.6167406 0.5294033 0
vt 0.6157388 0.5375871 0
vt 0.6311633 0.5319738 0
vt 0.6301693 0.5403118 0
vt 0.6146143 0.5457642 0
vt 0.6290578 0.5486476 0
vt 0.6478805 0.5346241 0
vt 0.6469294 0.5431011 0
vt 0.6458726 0.5515758 0
vt 0.644702 0.5600463 0
vt 0.6278169 0.5569803 0
vt 0.6133524 0.5539346 0
vt 0.6197601 0.4965782 0
vt 0.6191328 0.5047983 0
vt 0.634177 0.4985798 0
vt 0.6335492 0.5069348 0
vt 0.6184266 0.5130093 0
vt 0.6328434 0.5152856 0
vt 0.6507943 0.5006908 0
vt 0.650184 0.5091771 0
vt 0.6494998 0.5176618 0
vt 0.6487346 0.5261445 0
vt 0.6320513 0.5236321 0
vt 0.6176326 0.5212111 0
vt 0.621631 0.4635973 0
vt 0.6212457 0.471857 0
vt 0.6360544 0.4651054 0
vt 0.6356674 0.4734819 0
vt 0.6208095 0.4801076 0
vt 0.6352294 0.4818535 0
vt 0.6526285 0.4667219 0
vt 0.6522493 0.4752173 0
vt 0.6518209 0.483711 0
vt 0.6513378 0.4922024 0
vt 0.6347347 0.4902197 0
vt 0.6203165 0.4883482 0
vt 0.6227609 0.4304627 0
vt 0.6225313 0.4387594 0
vt 0.6371911 0.4315424 0
vt 0.63696 0.4399409 0
vt 0.622269 0.4470483 0
vt 0.6366961 0.448335 0
vt 0.6537451 0.4327142 0
vt 0.6535177 0.4412194 0
vt 0.6532583 0.4497231 0
vt 0.6529633 0.458224 0
vt 0.6363957 0.4567232 0
vt 0.6219704 0.4553277 0
vt 0.6234183 0.3971953 0
vt 0.6232873 0.4055226 0
vt 0.6378535 0.3978971 0
vt 0.6377215 0.406315 0
vt 0.6231357 0.4138438 0
vt 0.6375689 0.4147292 0
vt 0.6543978 0.3986676 0
vt 0.6542677 0.4071823 0
vt 0.6541172 0.4156955 0
vt 0.6539439 0.4242064 0
vt 0.637393 0.4231387 0
vt 0.6229613 0.4221575 0
vt 0.6237772 0.3638273 0
vt 0.6237087 0.3721764 0
vt 0.6382151 0.3641866 0
vt 0.6381462 0.3726188 0
vt 0.623627 0.3805216 0
vt 0.638064 0.3810488 0
vt 0.6547548 0.3645878 0
vt 0.6546868 0.37311 0
vt 0.6546056 0.3816314 0
vt 0.6545098 0.3901509 0
vt 0.637967 0.3894752 0
vt 0.6235308 0.3888616 0
vt 0.6239409 0.3303974 0
vt 0.6239148 0.3387581 0
vt 0.6383792 0.3304339 0
vt 0.6383534 0.3388743 0
vt 0.6238792 0.3471175 0
vt 0.6383178 0.3473139 0
vt 0.6549164 0.3304842 0
vt 0.6548911 0.3390114 0
vt 0.6548561 0.3475383 0
vt 0.6548109 0.356064 0
vt 0.638272 0.3557517 0
vt 0.6238337 0.3554743 0
vt 0.6239538 0.2969488 0
vt 0.6239642 0.3053099 0
vt 0.6383902 0.2966665 0
vt 0.6384014 0.3051078 0
vt 0.6239654 0.3136727 0
vt 0.6384032 0.3135503 0
vt 0.6549261 0.2963695 0
vt 0.6549376 0.3048981 0
vt 0.6549396 0.3134275 0
vt 0.6549326 0.3219565 0
vt 0.6383958 0.3219928 0
vt 0.6239576 0.3220357 0
vt 0.6238603 0.2718763 0
vt 0.6382938 0.271348 0
vt 0.6239025 0.2802312 0
vt 0.6383372 0.2797862 0
vt 0.6548299 0.2707836 0
vt 0.6548731 0.2793121 0
vt 0.6549049 0.287841 0
vt 0.638369 0.2882261 0
vt 0.6239334 0.2885891 0
vt 0.5972332 0.2647126 0
vt 0.5971678 0.2565318 0
vt 0.5954109 0.2647961 0
vt 0.5953458 0.2566267 0
vt 0.5970886 0.2483596 0
vt 0.5952672 0.2484662 0
vt 0.5935988 0.2648792 0
vt 0.5920678 0.2649492 0
vt 0.5920037 0.2568004 0
vt 0.5935343 0.2567208 0
vt 0.591926 0.2486616 0
vt 0.5934562 0.2485722 0
vt 0.5917266 0.2324219 0
vt 0.5932555 0.232312 0
vt 0.5933645 0.2404352 0
vt 0.591835 0.2405348 0
vt 0.595065 0.2321815 0
vt 0.5951749 0.2403171 0
vt 0.5968848 0.2320504 0
vt 0.5969957 0.2401983 0
vt 0.597366 0.2975085 0
vt 0.5973461 0.2893022 0
vt 0.5955424 0.2975491 0
vt 0.5955226 0.2893531 0
vt 0.5973174 0.2810991 0
vt 0.5954941 0.2811609 0
vt 0.593729 0.2975894 0
vt 0.5921968 0.2976236 0
vt 0.5921775 0.2894465 0
vt 0.5937094 0.2894038 0
vt 0.5921494 0.2812739 0
vt 0.5936813 0.2812222 0
vt 0.5936453 0.2730466 0
vt 0.5921139 0.2731075 0
vt 0.5954578 0.2729744 0
vt 0.5972807 0.2729019 0
vt 0.5973483 0.3303553 0
vt 0.597363 0.3221437 0
vt 0.5955243 0.3303546 0
vt 0.5955389 0.3221533 0
vt 0.5973705 0.3139306 0
vt 0.5955463 0.3139504 0
vt 0.5937105 0.3303541 0
vt 0.5921779 0.3303537 0
vt 0.5921924 0.322171 0
vt 0.5937251 0.3221629 0
vt 0.5922001 0.3139871 0
vt 0.5937325 0.3139704 0
vt 0.5937345 0.3057786 0
vt 0.5922021 0.3058041 0
vt 0.5955481 0.3057483 0
vt 0.5973721 0.3057182 0
vt 0.5971896 0.363173 0
vt 0.5972416 0.354976 0
vt 0.5953659 0.3631301 0
vt 0.5954176 0.3549439 0
vt 0.5972843 0.3467725 0
vt 0.5954602 0.3467511 0
vt 0.5935525 0.3630879 0
vt 0.5920204 0.3630524 0
vt 0.5920716 0.3548856 0
vt 0.5936039 0.3549122 0
vt 0.5921139 0.3467123 0
vt 0.5936463 0.34673 0
vt 0.5936822 0.3385433 0
vt 0.5921496 0.3385344 0
vt 0.5954961 0.338554 0
vt 0.5973202 0.338565 0
vt 0.596847 0.3958841 0
vt 0.596952 0.3877209 0
vt 0.5950249 0.3957959 0
vt 0.5951291 0.3876444 0
vt 0.5970424 0.3795465 0
vt 0.5952191 0.3794815 0
vt 0.5932129 0.3957084 0
vt 0.5916819 0.3956347 0
vt 0.5917853 0.3875048 0
vt 0.5933166 0.3875685 0
vt 0.5918745 0.3793632 0
vt 0.5934062 0.3794173 0
vt 0.593485 0.3712565 0
vt 0.591953 0.3712119 0
vt 0.5952982 0.3713095 0
vt 0.5971216 0.3713631 0
vt 0.5962216 0.4284133 0
vt 0.5964099 0.4203024 0
vt 0.5944022 0.4282732 0
vt 0.5945895 0.420176 0
vt 0.5965746 0.4121758 0
vt 0.5947535 0.4120626 0
vt 0.5925932 0.4281343 0
vt 0.5910648 0.4280171 0
vt 0.5912502 0.4199449 0
vt 0.5927795 0.4200506 0
vt 0.5914127 0.4118558 0
vt 0.5929427 0.4119504 0
vt 0.5930868 0.4038357 0
vt 0.5915563 0.4037519 0
vt 0.5948983 0.4039352 0
vt 0.5967201 0.4040357 0
vt 0.5951474 0.4606875 0
vt 0.5954677 0.4526469 0
vt 0.5933331 0.4604862 0
vt 0.5936517 0.452462 0
vt 0.5957503 0.4445864 0
vt 0.5939329 0.4444171 0
vt 0.5915293 0.4602861 0
vt 0.5900055 0.4601171 0
vt 0.590321 0.452123 0
vt 0.5918463 0.4522782 0
vt 0.5905997 0.4441071 0
vt 0.5921262 0.444249 0
vt 0.5923745 0.4362005 0
vt 0.5908469 0.4360713 0
vt 0.5941825 0.4363535 0
vt 0.5960009 0.4365078 0
vt 0.5933693 0.4926368 0
vt 0.5938956 0.4846838 0
vt 0.591564 0.4923602 0
vt 0.5920875 0.4844275 0
vt 0.5943631 0.4767065 0
vt 0.5925524 0.4764696 0
vt 0.5897694 0.4920849 0
vt 0.5882535 0.4918521 0
vt 0.5887717 0.483957 0
vt 0.5902901 0.4841725 0
vt 0.589232 0.4760349 0
vt 0.5907525 0.4762339 0
vt 0.5911643 0.4682713 0
vt 0.589642 0.4680878 0
vt 0.5929663 0.4684886 0
vt 0.5947788 0.4687072 0
vt 0.5905008 0.5241932 0
vt 0.5913461 0.5163447 0
vt 0.5887111 0.523821 0
vt 0.5895515 0.5159987 0
vt 0.5920991 0.5084677 0
vt 0.5903003 0.5081464 0
vt 0.5869328 0.5234497 0
vt 0.5854309 0.5231352 0
vt 0.5862619 0.5153619 0
vt 0.587768 0.5156538 0
vt 0.5870028 0.5075553 0
vt 0.5885125 0.5078262 0
vt 0.5891774 0.4999694 0
vt 0.5876643 0.4997181 0
vt 0.5909688 0.5002663 0
vt 0.5927712 0.5005644 0
vt 0.5859215 0.5552794 0
vt 0.5872733 0.5475575 0
vt 0.5841604 0.554779 0
vt 0.5855031 0.5470932 0
vt 0.5884749 0.5398004 0
vt 0.5866971 0.5393692 0
vt 0.5824116 0.5542784 0
vt 0.5809359 0.5538535 0
vt 0.582261 0.5462355 0
vt 0.5837449 0.5466292 0
vt 0.5834403 0.5385737 0
vt 0.584931 0.5389388 0
vt 0.5859893 0.5312114 0
vt 0.5844926 0.5308726 0
vt 0.587762 0.5316111 0
vt 0.5895462 0.5320115 0
vt 0.5784336 0.5857265 0
vt 0.5806928 0.5781959 0
vt 0.576727 0.5850291 0
vt 0.5789689 0.5775588 0
vt 0.5826608 0.5706034 0
vt 0.5809222 0.5700178 0
vt 0.5750374 0.5843294 0
vt 0.5736155 0.5837347 0
vt 0.5758202 0.5763774 0
vt 0.5772601 0.5769203 0
vt 0.5777434 0.5689329 0
vt 0.5791976 0.5694313 0
vt 0.580903 0.5618806 0
vt 0.5794371 0.5614211 0
vt 0.5826409 0.5624216 0
vt 0.5843918 0.562962 0
vt 0.5727325 0.04467923 0
vt 0.5686709 0.03763287 0
vt 0.5710911 0.04557876 0
vt 0.5670669 0.03866491 0
vt 0.5726571 0.6005046 0
vt 0.5709929 0.5996387 0
vt 0.569477 0.04648197 0
vt 0.5681266 0.0472495 0
vt 0.5642 0.04056842 0
vt 0.5655013 0.03969637 0
vt 0.5679859 0.5980334 0
vt 0.5693558 0.5987704 0
vt 0.5724443 0.5916284 0
vt 0.5710449 0.5909706 0
vt 0.5741107 0.5924023 0
vt 0.5757975 0.593174 0
vt 0.5832585 0.07406343 0
vt 0.5812007 0.06658729 0
vt 0.5815298 0.07468349 0
vt 0.5794883 0.06726097 0
vt 0.5788224 0.0591865 0
vt 0.5771295 0.05992177 0
vt 0.5798154 0.07530354 0
vt 0.5783702 0.07582961 0
vt 0.5763623 0.06850732 0
vt 0.5777915 0.0679351 0
vt 0.5740451 0.06128389 0
vt 0.5754542 0.06065831 0
vt 0.572725 0.05349487 0
vt 0.5713412 0.05418379 0
vt 0.5743735 0.0526843 0
vt 0.5760429 0.05187609 0
vt 0.589211 0.104558 0
vt 0.5879952 0.09686015 0
vt 0.587439 0.1050143 0
vt 0.5862313 0.09735165 0
vt 0.5866153 0.08920805 0
vt 0.5848612 0.08973813 0
vt 0.5856786 0.1054695 0
vt 0.5841926 0.1058549 0
vt 0.5830013 0.09825753 0
vt 0.5844796 0.09784202 0
vt 0.5816505 0.09071602 0
vt 0.5831197 0.09026745 0
vt 0.581576 0.08275169 0
vt 0.5801176 0.08323699 0
vt 0.5833051 0.0821794 0
vt 0.5850475 0.08160667 0
vt 0.5927897 0.1357544 0
vt 0.5920542 0.1279016 0
vt 0.5909946 0.1360956 0
vt 0.5902634 0.1282684 0
vt 0.5912209 0.1200824 0
vt 0.5894353 0.1204768 0
vt 0.5892103 0.1364355 0
vt 0.5877034 0.1367228 0
vt 0.5869811 0.1289427 0
vt 0.588484 0.1286337 0
vt 0.586163 0.1212023 0
vt 0.5876611 0.1208699 0
vt 0.5867314 0.113147 0
vt 0.5852388 0.113505 0
vt 0.5884991 0.1127241 0
vt 0.5902785 0.1123 0
vt 0.594938 0.1674767 0
vt 0.5944993 0.1595045 0
vt 0.5931299 0.1677315 0
vt 0.5926935 0.1597788 0
vt 0.5939995 0.1515583 0
vt 0.5921967 0.1518535 0
vt 0.5913324 0.167985 0
vt 0.589814 0.1681989 0
vt 0.5893826 0.1602822 0
vt 0.5908987 0.1600517 0
vt 0.5888914 0.1523956 0
vt 0.5904049 0.1521474 0
vt 0.5898454 0.1442744 0
vt 0.588335 0.1445414 0
vt 0.5916338 0.1439582 0
vt 0.5934331 0.1436406 0
vt 0.5961912 0.1996081 0
vt 0.5959386 0.1915432 0
vt 0.5943757 0.1997949 0
vt 0.5941245 0.1917455 0
vt 0.5956483 0.1834981 0
vt 0.5938359 0.183717 0
vt 0.5925706 0.1999806 0
vt 0.5910456 0.2001374 0
vt 0.5907973 0.1921167 0
vt 0.592321 0.1919469 0
vt 0.5905118 0.1841184 0
vt 0.592034 0.1839348 0
vt 0.5917069 0.1759466 0
vt 0.5901863 0.1761451 0
vt 0.5935066 0.1757114 0
vt 0.5953171 0.175475 0
vt 0.5967482 0.2239164 0
vt 0.594929 0.2240605 0
vt 0.5965885 0.2157965 0
vt 0.5947704 0.2159543 0
vt 0.5915924 0.2243246 0
vt 0.5931205 0.2242037 0
vt 0.5914356 0.2162434 0
vt 0.5929628 0.2161111 0
vt 0.5927811 0.2080359 0
vt 0.591255 0.2081803 0
vt 0.5945877 0.2078649 0
vt 0.5964045 0.2076929 0
vt 0.9622982 0.2337847 0
vt 0.9621498 0.2418268 0
vt 0.9628578 0.2338257 0
vt 0.9627096 0.2418636 0
vt 0.9620222 0.2498854 0
vt 0.9625822 0.2499182 0
vt 0.9631393 0.2338464 0
vt 0.9629912 0.2418821 0
vt 0.9628641 0.2499347 0
vt 0.9626605 0.2660833 0
vt 0.9627539 0.2580022 0
vt 0.9623785 0.2660706 0
vt 0.9624719 0.2579878 0
vt 0.9618182 0.2660455 0
vt 0.9619118 0.2579589 0
vt 0.9631818 0.2018082 0
vt 0.9629154 0.2097708 0
vt 0.9637397 0.2018678 0
vt 0.9634737 0.2098255 0
vt 0.9626821 0.2177557 0
vt 0.9632407 0.2178055 0
vt 0.9640204 0.2018978 0
vt 0.9637547 0.209853 0
vt 0.9635221 0.2178307 0
vt 0.9633173 0.225829 0
vt 0.963036 0.2258061 0
vt 0.9624769 0.2257609 0
vt 0.9646885 0.1702078 0
vt 0.9642403 0.1780674 0
vt 0.9652435 0.1702901 0
vt 0.9647962 0.1781438 0
vt 0.9638437 0.1859554 0
vt 0.9644004 0.1860259 0
vt 0.9655227 0.1703316 0
vt 0.9650759 0.1781821 0
vt 0.9646804 0.1860613 0
vt 0.9643296 0.1939672 0
vt 0.9640491 0.1939344 0
vt 0.9634919 0.1938696 0
vt 0.9671491 0.1390837 0
vt 0.9664233 0.1468142 0
vt 0.9676992 0.1391948 0
vt 0.966975 0.1469174 0
vt 0.965777 0.15458 0
vt 0.96633 0.1546758 0
vt 0.967976 0.1392507 0
vt 0.9672525 0.1469695 0
vt 0.966608 0.1547241 0
vt 0.9660333 0.1625121 0
vt 0.9657545 0.1624673 0
vt 0.9652005 0.1623785 0
vt 0.9710737 0.1085603 0
vt 0.9699196 0.1161265 0
vt 0.9716151 0.1087087 0
vt 0.9704636 0.1162645 0
vt 0.96889 0.1237381 0
vt 0.9694364 0.1238665 0
vt 0.9718875 0.1087834 0
vt 0.9707374 0.116334 0
vt 0.9697112 0.1239311 0
vt 0.968794 0.131571 0
vt 0.9685181 0.1315108 0
vt 0.9679698 0.1313914 0
vt 0.9773317 0.07884617 0
vt 0.9754778 0.08617992 0
vt 0.9778564 0.07904684 0
vt 0.9760078 0.08636558 0
vt 0.9738355 0.09358255 0
vt 0.9743701 0.09375464 0
vt 0.9781202 0.07914795 0
vt 0.9762745 0.08645901 0
vt 0.9746388 0.09384134 0
vt 0.9731836 0.1012849 0
vt 0.9729129 0.1012045 0
vt 0.9723746 0.1010448 0
vt 0.9879161 0.05055944 0
vt 0.9846366 0.05741399 0
vt 0.9884013 0.05084681 0
vt 0.9851359 0.05767356 0
vt 0.9818513 0.06444193 0
vt 0.9823614 0.06467872 0
vt 0.9886447 0.05099146 0
vt 0.9853869 0.05780432 0
vt 0.9826176 0.06479813 0
vt 0.9802195 0.07192217 0
vt 0.9799591 0.07181264 0
vt 0.9794408 0.07159516 0
vt 0.9794988 0.5841081 0
vt 0.9820571 0.5912729 0
vt 0.9800158 0.5838876 0
vt 0.982564 0.5910286 0
vt 0.9851165 0.5982472 0
vt 0.9856096 0.5979737 0
vt 0.9802757 0.5837765 0
vt 0.9828188 0.5909056 0
vt 0.9858571 0.597836 0
vt 0.992584 0.0444615 0
vt 0.9893616 0.6046234 0
vt 0.9918876 0.04397562 0
vt 0.9722958 0.5543881 0
vt 0.9737591 0.5619301 0
vt 0.9728352 0.5542321 0
vt 0.9742946 0.561761 0
vt 0.9754204 0.5694076 0
vt 0.975951 0.5692238 0
vt 0.9731065 0.5541536 0
vt 0.9745639 0.561676 0
vt 0.9762179 0.5691313 0
vt 0.978104 0.5765057 0
vt 0.9778401 0.5766067 0
vt 0.9773154 0.5768074 0
vt 0.967948 0.52371 0
vt 0.9688504 0.5314446 0
vt 0.9684973 0.5235951 0
vt 0.9693977 0.5313208 0
vt 0.9698657 0.5391387 0
vt 0.9704109 0.5390052 0
vt 0.9687737 0.5235373 0
vt 0.9696731 0.5312586 0
vt 0.9706852 0.5389379 0
vt 0.9718231 0.5465715 0
vt 0.9715502 0.546644 0
vt 0.9710076 0.5467883 0
vt 0.9652516 0.4924127 0
vt 0.9658124 0.5002849 0
vt 0.9658062 0.4923275 0
vt 0.9663659 0.5001931 0
vt 0.9664434 0.5081268 0
vt 0.9669958 0.5080279 0
vt 0.9660854 0.4922847 0
vt 0.9666444 0.5001469 0
vt 0.9672737 0.507978 0
vt 0.9679798 0.5157758 0
vt 0.9677025 0.5158296 0
vt 0.9671516 0.5159362 0
vt 0.9635909 0.4606509 0
vt 0.9639349 0.4686279 0
vt 0.9641485 0.4605883 0
vt 0.9644918 0.4685602 0
vt 0.9643232 0.4765819 0
vt 0.9648795 0.4765087 0
vt 0.964429 0.460557 0
vt 0.9647721 0.4685262 0
vt 0.9651594 0.4764719 0
vt 0.9655947 0.4843921 0
vt 0.9653152 0.4844319 0
vt 0.9647597 0.484511 0
vt 0.9625901 0.428538 0
vt 0.9627959 0.436593 0
vt 0.9631493 0.4284937 0
vt 0.9633548 0.4365445 0
vt 0.9630296 0.4446315 0
vt 0.9635881 0.4445785 0
vt 0.9634308 0.4284715 0
vt 0.963636 0.4365202 0
vt 0.9638691 0.444552 0
vt 0.9641317 0.4525649 0
vt 0.9638509 0.4525938 0
vt 0.9632927 0.4526515 0
vt 0.9620083 0.3961741 0
vt 0.9621265 0.404283 0
vt 0.9625686 0.3961452 0
vt 0.9626866 0.4042506 0
vt 0.962262 0.4123811 0
vt 0.9628219 0.4123448 0
vt 0.9628505 0.3961307 0
vt 0.9629683 0.4042343 0
vt 0.9631036 0.4123266 0
vt 0.9632564 0.4204064 0
vt 0.9629748 0.4204265 0
vt 0.9624151 0.4204667 0
vt 0.9616954 0.3636537 0
vt 0.9617565 0.3717932 0
vt 0.9622562 0.3636386 0
vt 0.9623171 0.3717749 0
vt 0.9618288 0.3799276 0
vt 0.9623894 0.3799058 0
vt 0.9625383 0.363631 0
vt 0.9625993 0.3717656 0
vt 0.9626715 0.3798949 0
vt 0.9627542 0.3880172 0
vt 0.9624722 0.3880299 0
vt 0.9619118 0.3880552 0
vt 0.9615686 0.331067 0
vt 0.9615878 0.3392148 0
vt 0.9621295 0.3310649 0
vt 0.9621487 0.3392096 0
vt 0.9616157 0.3473629 0
vt 0.9621765 0.3473544 0
vt 0.9624118 0.3310639 0
vt 0.962431 0.3392069 0
vt 0.9624589 0.3473502 0
vt 0.9624939 0.3554921 0
vt 0.9622117 0.3554981 0
vt 0.9616507 0.3555099 0
vt 0.9616012 0.298502 0
vt 0.9615803 0.3066362 0
vt 0.962162 0.298513 0
vt 0.9621411 0.3066441 0
vt 0.9615687 0.3147763 0
vt 0.9621296 0.3147808 0
vt 0.9624442 0.2985186 0
vt 0.9624233 0.3066479 0
vt 0.9624119 0.314783 0
vt 0.9624075 0.3229222 0
vt 0.9621252 0.3229215 0
vt 0.9615643 0.3229204 0
vt 0.9617459 0.2741446 0
vt 0.9623064 0.2741661 0
vt 0.961687 0.2822548 0
vt 0.9622477 0.2822728 0
vt 0.9625886 0.2741769 0
vt 0.9625299 0.2822819 0
vt 0.9624815 0.2903962 0
vt 0.9621994 0.2903889 0
vt 0.9616386 0.2903745 0
vt 0.381069 0.7790772 0
vt 0.3810865 0.7675178 0
vt 0.2788591 0.7790112 0
vt 0.2788658 0.7674517 0
vt 0.3811034 0.7559577 0
vt 0.2788724 0.7558918 0
vt 0.1766221 0.7790102 0
vt 0.09126922 0.7790667 0
vt 0.09125677 0.7675074 0
vt 0.1766191 0.767451 0
vt 0.09124595 0.7559473 0
vt 0.1766164 0.7558913 0
vt 0.09122903 0.7328274 0
vt 0.1766124 0.7327734 0
vt 0.1766142 0.7443316 0
vt 0.09123674 0.7443868 0
vt 0.2788853 0.7327736 0
vt 0.2788789 0.744332 0
vt 0.3811347 0.7328388 0
vt 0.3811195 0.7443976 0
vt 0.381149 0.7212799 0
vt 0.2788915 0.7212153 0
vt 0.3811625 0.7097201 0
vt 0.2788976 0.7096563 0
vt 0.09122269 0.7212678 0
vt 0.1766111 0.7212152 0
vt 0.09121758 0.709707 0
vt 0.1766102 0.7096563 0
vt 0.0912105 0.6865859 0
vt 0.1766097 0.6865393 0
vt 0.1766098 0.6980971 0
vt 0.09121356 0.6981459 0
vt 0.2789091 0.6865395 0
vt 0.2789035 0.6980972 0
vt 0.3811867 0.6866009 0
vt 0.381175 0.6981599 0
vt 0.3811975 0.6750419 0
vt 0.2789146 0.6749819 0
vt 0.3812076 0.6634814 0
vt 0.2789199 0.6634231 0
vt 0.09120826 0.6750258 0
vt 0.17661 0.6749816 0
vt 0.09120672 0.6634644 0
vt 0.1766107 0.6634225 0
vt 0.09120535 0.6403427 0
vt 0.1766127 0.6403059 0
vt 0.1766116 0.6518638 0
vt 0.09120579 0.6519031 0
vt 0.2789297 0.6403068 0
vt 0.2789249 0.6518644 0
vt 0.3812254 0.6403614 0
vt 0.3812168 0.651921 0
vt 0.3812332 0.6288016 0
vt 0.2789343 0.628749 0
vt 0.3812404 0.6172407 0
vt 0.2789387 0.6171903 0
vt 0.09120534 0.6287823 0
vt 0.176614 0.6287479 0
vt 0.09120566 0.617221 0
vt 0.1766155 0.617189 0
vt 0.09120705 0.5940992 0
vt 0.1766187 0.594072 0
vt 0.176617 0.6056299 0
vt 0.09120625 0.6056595 0
vt 0.2789467 0.5940738 0
vt 0.2789428 0.6056315 0
vt 0.381253 0.5941195 0
vt 0.381247 0.6056796 0
vt 0.3812585 0.5825591 0
vt 0.2789503 0.5825159 0
vt 0.3812635 0.5709976 0
vt 0.2789537 0.5709569 0
vt 0.091208 0.5825389 0
vt 0.1766204 0.5825139 0
vt 0.09120906 0.5709776 0
vt 0.1766221 0.5709547 0
vt 0.09121134 0.5478561 0
vt 0.1766254 0.5478373 0
vt 0.1766237 0.5593956 0
vt 0.09121019 0.5594164 0
vt 0.2789598 0.5478398 0
vt 0.2789568 0.5593979 0
vt 0.3812721 0.5478753 0
vt 0.381268 0.559436 0
vt 0.3812758 0.5363144 0
vt 0.2789624 0.5362816 0
vt 0.3812791 0.5247523 0
vt 0.2789649 0.5247223 0
vt 0.09121248 0.5362959 0
vt 0.1766269 0.536279 0
vt 0.09121359 0.5247346 0
vt 0.1766284 0.5247196 0
vt 0.09121562 0.5016133 0
vt 0.176631 0.5016018 0
vt 0.1766298 0.5131602 0
vt 0.09121465 0.5131734 0
vt 0.2789691 0.5016046 0
vt 0.2789671 0.5131629 0
vt 0.3812847 0.5016292 0
vt 0.3812821 0.5131902 0
vt 0.381287 0.4900681 0
vt 0.2789708 0.4900463 0
vt 0.3812889 0.4785058 0
vt 0.2789723 0.4784868 0
vt 0.09121649 0.4900533 0
vt 0.1766321 0.4900435 0
vt 0.09121725 0.4784922 0
vt 0.1766331 0.478484 0
vt 0.09121838 0.4553712 0
vt 0.1766346 0.4553661 0
vt 0.1766339 0.4669246 0
vt 0.09121788 0.4669312 0
vt 0.2789746 0.4553689 0
vt 0.2789736 0.4669274 0
vt 0.381292 0.4553823 0
vt 0.3812906 0.4669436 0
vt 0.381293 0.443821 0
vt 0.2789754 0.4438104 0
vt 0.3812938 0.4322588 0
vt 0.278976 0.432251 0
vt 0.09121874 0.4438112 0
vt 0.1766351 0.4438076 0
vt 0.09121895 0.4322502 0
vt 0.1766354 0.4322482 0
vt 0.09121892 0.409129 0
vt 0.1766356 0.40913 0
vt 0.1766356 0.4206886 0
vt 0.09121901 0.4206891 0
vt 0.2789765 0.4091327 0
vt 0.2789764 0.4206914 0
vt 0.3812946 0.4091349 0
vt 0.3812944 0.4206964 0
vt 0.3812946 0.3975737 0
vt 0.2789764 0.3975743 0
vt 0.3812943 0.3860115 0
vt 0.2789761 0.386015 0
vt 0.09121868 0.397569 0
vt 0.1766354 0.3975716 0
vt 0.0912183 0.386008 0
vt 0.1766351 0.3860122 0
vt 0.09121713 0.3628867 0
vt 0.176634 0.3628943 0
vt 0.1766346 0.3744528 0
vt 0.09121778 0.3744469 0
vt 0.2789748 0.3628972 0
vt 0.2789755 0.3744556 0
vt 0.3812929 0.3628881 0
vt 0.3812937 0.3744493 0
vt 0.3812917 0.3513269 0
vt 0.2789738 0.3513387 0
vt 0.3812903 0.339765 0
vt 0.2789726 0.3397795 0
vt 0.09121637 0.3513264 0
vt 0.1766332 0.3513357 0
vt 0.09121551 0.3397653 0
vt 0.1766323 0.3397764 0
vt 0.09121355 0.3166436 0
vt 0.1766302 0.3166587 0
vt 0.1766313 0.3282169 0
vt 0.09121456 0.3282039 0
vt 0.2789695 0.3166621 0
vt 0.2789711 0.3282202 0
vt 0.3812864 0.3166421 0
vt 0.3812885 0.3282029 0
vt 0.3812839 0.3050813 0
vt 0.2789676 0.3051041 0
vt 0.3812811 0.2935197 0
vt 0.2789655 0.2935452 0
vt 0.0912125 0.3050832 0
vt 0.176629 0.3051004 0
vt 0.09121144 0.2935218 0
vt 0.1766277 0.2935412 0
vt 0.09120942 0.2703996 0
vt 0.1766251 0.2704238 0
vt 0.1766264 0.2819821 0
vt 0.0912104 0.2819604 0
vt 0.2789607 0.2704285 0
vt 0.2789632 0.2819864 0
vt 0.3812743 0.2703977 0
vt 0.3812779 0.2819583 0
vt 0.3812702 0.2588377 0
vt 0.278958 0.2588709 0
vt 0.3812657 0.2472765 0
vt 0.278955 0.2473122 0
vt 0.09120853 0.2588392 0
vt 0.1766238 0.2588658 0
vt 0.0912078 0.2472774 0
vt 0.1766226 0.2473067 0
vt 0.09120698 0.2241551 0
vt 0.1766203 0.2241899 0
vt 0.1766214 0.2357479 0
vt 0.09120726 0.2357158 0
vt 0.2789485 0.2241964 0
vt 0.2789518 0.2357538 0
vt 0.381255 0.224156 0
vt 0.3812606 0.2357157 0
vt 0.3812488 0.2125964 0
vt 0.2789449 0.2126389 0
vt 0.381242 0.2010361 0
vt 0.2789411 0.2010806 0
vt 0.09120702 0.2125943 0
vt 0.1766194 0.212632 0
vt 0.09120747 0.2010325 0
vt 0.1766187 0.2010733 0
vt 0.09120993 0.1779099 0
vt 0.1766181 0.1779567 0
vt 0.1766183 0.1895145 0
vt 0.09120841 0.1894708 0
vt 0.2789329 0.1779649 0
vt 0.2789371 0.1895224 0
vt 0.3812262 0.1779169 0
vt 0.3812344 0.189476 0
vt 0.3812172 0.166358 0
vt 0.2789286 0.1664076 0
vt 0.3812073 0.1547983 0
vt 0.278924 0.1548492 0
vt 0.09121215 0.1663492 0
vt 0.1766183 0.1663989 0
vt 0.09121517 0.1547876 0
vt 0.1766189 0.1548402 0
vt 0.09122417 0.1316659 0
vt 0.1766214 0.1317237 0
vt 0.1766199 0.1432815 0
vt 0.09121913 0.1432262 0
vt 0.2789145 0.1317332 0
vt 0.2789193 0.1432908 0
vt 0.3811851 0.1316803 0
vt 0.3811967 0.1432388 0
vt 0.3811726 0.120122 0
vt 0.2789095 0.1201755 0
vt 0.3811592 0.1085627 0
vt 0.2789044 0.1086166 0
vt 0.09123044 0.1201057 0
vt 0.1766234 0.1201659 0
vt 0.0912381 0.1085448 0
vt 0.176626 0.108607 0
vt 0.09125819 0.08542461 0
vt 0.1766328 0.08548954 0
vt 0.1766291 0.09704785 0
vt 0.0912473 0.09698408 0
vt 0.2788941 0.08549907 0
vt 0.2788993 0.09705747 0
vt 0.3811299 0.0854448 0
vt 0.381145 0.0970033 0
vt 0.381114 0.07388627 0
vt 0.2788888 0.07394035 0
vt 0.3810975 0.06232645 0
vt 0.2788836 0.06238031 0
vt 0.09127088 0.07386534 0
vt 0.1766371 0.07393111 0
vt 0.09128543 0.06230525 0
vt 0.1766419 0.06237134 0
vt 0.09131985 0.039186 0
vt 0.1766527 0.03925155 0
vt 0.1766471 0.05081119 0
vt 0.09130182 0.05074521 0
vt 0.2788732 0.03925992 0
vt 0.2788783 0.05081986 0
vt 0.3810633 0.03920661 0
vt 0.3810805 0.05076628 0
vt 0.3810461 0.02764649 0
vt 0.2788682 0.0276996 0
vt 0.3810292 0.01608491 0
vt 0.2788634 0.01613779 0
vt 0.09133917 0.02762656 0
vt 0.1766585 0.02769151 0
vt 0.0913591 0.01606568 0
vt 0.1766642 0.01613005 0
vt 0.09133173 0.8253074 0
vt 0.1766363 0.8252524 0
vt 0.1766396 0.8368136 0
vt 0.09134764 0.8368686 0
vt 0.2788321 0.825254 0
vt 0.2788255 0.8368151 0
vt 0.3809955 0.8253195 0
vt 0.3809774 0.8368806 0
vt 0.3810139 0.8137589 0
vt 0.2788388 0.8136933 0
vt 0.3810325 0.8021976 0
vt 0.2788456 0.8021318 0
vt 0.09131509 0.813747 0
vt 0.1766328 0.8136918 0
vt 0.0912987 0.8021862 0
vt 0.1766291 0.8021304 0
vt 0.1766255 0.7905695 0
vt 0.09128327 0.7906257 0
vt 0.2788524 0.7905707 0
vt 0.3810509 0.7906368 0
vt 0.5910892 0.2649939 0
vt 0.5910253 0.2568511 0
vt 0.5905336 0.2650191 0
vt 0.5904699 0.2568797 0
vt 0.590948 0.2487185 0
vt 0.5903929 0.2487508 0
vt 0.5902562 0.2650317 0
vt 0.5900377 0.2650416 0
vt 0.5899742 0.2569052 0
vt 0.5901926 0.256894 0
vt 0.5898973 0.2487795 0
vt 0.5901157 0.2487669 0
vt 0.5896997 0.2325671 0
vt 0.5899179 0.2325515 0
vt 0.5900254 0.2406521 0
vt 0.589807 0.2406661 0
vt 0.5901948 0.2325317 0
vt 0.5903024 0.2406342 0
vt 0.5907494 0.2324921 0
vt 0.5908573 0.2405982 0
vt 0.5912174 0.2976452 0
vt 0.5911981 0.2894738 0
vt 0.5906615 0.2976576 0
vt 0.5906424 0.2894891 0
vt 0.5911703 0.2813069 0
vt 0.5906146 0.2813255 0
vt 0.5903839 0.2976635 0
vt 0.5901653 0.2976685 0
vt 0.5901461 0.2895029 0
vt 0.5903647 0.2894968 0
vt 0.5901185 0.2813421 0
vt 0.5903371 0.2813348 0
vt 0.5903018 0.2731792 0
vt 0.5900832 0.2731878 0
vt 0.5905793 0.2731683 0
vt 0.5911349 0.2731463 0
vt 0.5911982 0.3303534 0
vt 0.5912128 0.3221761 0
vt 0.5906421 0.3303533 0
vt 0.5906569 0.322179 0
vt 0.5912205 0.3139979 0
vt 0.5906645 0.3140039 0
vt 0.5903644 0.3303531 0
vt 0.5901458 0.3303531 0
vt 0.5901605 0.3221816 0
vt 0.5903793 0.3221805 0
vt 0.5901681 0.3140092 0
vt 0.5903869 0.3140068 0
vt 0.5903891 0.3058341 0
vt 0.5901703 0.3058376 0
vt 0.5906667 0.3058295 0
vt 0.5912226 0.3058203 0
vt 0.5910409 0.3630297 0
vt 0.5910921 0.3548685 0
vt 0.590485 0.3630167 0
vt 0.5905361 0.3548587 0
vt 0.5911343 0.3467009 0
vt 0.5905783 0.3466945 0
vt 0.5902074 0.3630104 0
vt 0.5899887 0.3630053 0
vt 0.5900397 0.3548501 0
vt 0.5902584 0.354854 0
vt 0.5900819 0.3466887 0
vt 0.5903007 0.3466912 0
vt 0.5903363 0.3385238 0
vt 0.5901176 0.3385224 0
vt 0.5906139 0.3385254 0
vt 0.59117 0.3385287 0
vt 0.5907034 0.3955876 0
vt 0.5908064 0.3874639 0
vt 0.5901479 0.395561 0
vt 0.5902508 0.3874408 0
vt 0.5908954 0.3793286 0
vt 0.5903397 0.3793089 0
vt 0.5898706 0.3955476 0
vt 0.5896521 0.395537 0
vt 0.5897549 0.3874202 0
vt 0.5899734 0.3874293 0
vt 0.5898436 0.3792914 0
vt 0.5900622 0.3792991 0
vt 0.5901404 0.3711591 0
vt 0.5899217 0.3711526 0
vt 0.5904178 0.3711671 0
vt 0.5909737 0.3711832 0
vt 0.5900878 0.4279423 0
vt 0.5902729 0.4198773 0
vt 0.5895334 0.4278997 0
vt 0.5897181 0.4198389 0
vt 0.5904348 0.4117953 0
vt 0.5898798 0.411761 0
vt 0.5892566 0.4278785 0
vt 0.5890384 0.4278618 0
vt 0.5892229 0.4198047 0
vt 0.5894411 0.4198197 0
vt 0.5893843 0.4117304 0
vt 0.5896027 0.4117439 0
vt 0.5897456 0.4036527 0
vt 0.5895273 0.4036407 0
vt 0.5900229 0.4036679 0
vt 0.5905782 0.4036983 0
vt 0.5890314 0.4600091 0
vt 0.5893462 0.452024 0
vt 0.5884787 0.4599478 0
vt 0.5887929 0.4519676 0
vt 0.5896241 0.4440165 0
vt 0.5890703 0.4439651 0
vt 0.5882028 0.4599173 0
vt 0.5879853 0.4598931 0
vt 0.588299 0.4519174 0
vt 0.5885166 0.4519395 0
vt 0.5885761 0.4439192 0
vt 0.5887939 0.4439394 0
vt 0.5890398 0.4359186 0
vt 0.5888219 0.4359001 0
vt 0.5893165 0.435942 0
vt 0.5898707 0.4359888 0
vt 0.5872848 0.4917031 0
vt 0.5878015 0.4838191 0
vt 0.586735 0.4916185 0
vt 0.5872507 0.4837408 0
vt 0.5882604 0.4759076 0
vt 0.5877089 0.4758353 0
vt 0.5864606 0.4915763 0
vt 0.5862443 0.491543 0
vt 0.5867592 0.4836711 0
vt 0.5869758 0.4837018 0
vt 0.5872167 0.4757707 0
vt 0.5874335 0.4757992 0
vt 0.5878414 0.4678705 0
vt 0.5876242 0.4678443 0
vt 0.5881171 0.4679038 0
vt 0.5886691 0.4679704 0
vt 0.5844715 0.5229337 0
vt 0.5852996 0.5151748 0
vt 0.5839271 0.5228193 0
vt 0.5847535 0.5150687 0
vt 0.5860379 0.5073819 0
vt 0.5854905 0.5072834 0
vt 0.5836552 0.5227621 0
vt 0.5834411 0.522717 0
vt 0.5842662 0.5149738 0
vt 0.5844809 0.5150155 0
vt 0.5850019 0.5071954 0
vt 0.5852172 0.5072342 0
vt 0.5858749 0.4994206 0
vt 0.5856591 0.4993845 0
vt 0.5861488 0.4994662 0
vt 0.5866975 0.4995574 0
vt 0.5799935 0.553581 0
vt 0.5813134 0.5459832 0
vt 0.5794591 0.553426 0
vt 0.5807757 0.5458397 0
vt 0.582488 0.5383398 0
vt 0.5819478 0.5382068 0
vt 0.5791923 0.5533486 0
vt 0.5789822 0.5532875 0
vt 0.5802959 0.5457115 0
vt 0.5805073 0.5457679 0
vt 0.5814657 0.5380879 0
vt 0.5816781 0.5381403 0
vt 0.5827231 0.5304707 0
vt 0.5825099 0.5304222 0
vt 0.5829939 0.5305323 0
vt 0.5835365 0.5306556 0
vt 0.5727094 0.583353 0
vt 0.574902 0.576029 0
vt 0.5721961 0.583136 0
vt 0.5743815 0.5758307 0
vt 0.5768154 0.568613 0
vt 0.5762893 0.568431 0
vt 0.57194 0.5830275 0
vt 0.5717385 0.5829421 0
vt 0.5739174 0.5756537 0
vt 0.5741218 0.5757317 0
vt 0.57582 0.5682685 0
vt 0.5760268 0.5683401 0
vt 0.5777057 0.5608747 0
vt 0.5774972 0.5608087 0
vt 0.5779706 0.5609586 0
vt 0.5785014 0.5611263 0
vt 0.5672696 0.0477411 0
vt 0.563378 0.04112458 0
vt 0.5667853 0.04802026 0
vt 0.5629148 0.04143947 0
vt 0.5671169 0.5975619 0
vt 0.5666259 0.5972943 0
vt 0.566544 0.04815954 0
vt 0.5663545 0.04826928 0
vt 0.5625 0.6037251 0
vt 0.5626839 0.04159584 0
vt 0.5661891 0.5970557 0
vt 0.5663812 0.5971607 0
vt 0.5693996 0.5901895 0
vt 0.569202 0.5900952 0
vt 0.5696506 0.5903092 0
vt 0.5701546 0.5905488 0
vt 0.577448 0.0761667 0
vt 0.5754509 0.06887407 0
vt 0.5769252 0.0763582 0
vt 0.5749343 0.06908243 0
vt 0.5731472 0.06168494 0
vt 0.5726387 0.06191293 0
vt 0.5766642 0.07645392 0
vt 0.5764588 0.07652925 0
vt 0.5744737 0.06926864 0
vt 0.5746766 0.06918666 0
vt 0.5721853 0.06211655 0
vt 0.572385 0.06202684 0
vt 0.5697142 0.05500195 0
vt 0.5695189 0.05510065 0
vt 0.5699626 0.05487657 0
vt 0.5704609 0.05462549 0
vt 0.5832434 0.1061014 0
vt 0.5820571 0.09852337 0
vt 0.5827048 0.1062415 0
vt 0.5815215 0.09867434 0
vt 0.5807123 0.09100324 0
vt 0.5801802 0.09116629 0
vt 0.5824359 0.1063114 0
vt 0.5822242 0.1063664 0
vt 0.5810436 0.0988091 0
vt 0.5812542 0.09874973 0
vt 0.5797054 0.0913119 0
vt 0.5799146 0.09124774 0
vt 0.5783952 0.08381245 0
vt 0.5781877 0.0838819 0
vt 0.5786586 0.0837243 0
vt 0.5791866 0.0835478 0
vt 0.5867406 0.1369064 0
vt 0.5860209 0.1291402 0
vt 0.586194 0.1370105 0
vt 0.5854759 0.1292522 0
vt 0.5852059 0.1214149 0
vt 0.5846627 0.1215355 0
vt 0.5859212 0.1370624 0
vt 0.5857063 0.1371034 0
vt 0.5849896 0.1293522 0
vt 0.5852039 0.1293081 0
vt 0.5841781 0.1216431 0
vt 0.5843917 0.1215957 0
vt 0.5834741 0.1139286 0
vt 0.5832613 0.1139796 0
vt 0.5837442 0.1138637 0
vt 0.5842853 0.1137339 0
vt 0.5888436 0.1683355 0
vt 0.5884137 0.1604293 0
vt 0.5882928 0.168413 0
vt 0.5878637 0.1605128 0
vt 0.5879241 0.1525541 0
vt 0.5873752 0.152644 0
vt 0.5880178 0.1684517 0
vt 0.5878012 0.168482 0
vt 0.5873729 0.1605871 0
vt 0.5875892 0.1605544 0
vt 0.5868853 0.1527242 0
vt 0.5871012 0.1526889 0
vt 0.5865485 0.1448572 0
vt 0.586333 0.1448952 0
vt 0.586822 0.1448089 0
vt 0.5873698 0.1447121 0
vt 0.5900708 0.2002374 0
vt 0.5898234 0.1922249 0
vt 0.5895176 0.2002941 0
vt 0.5892707 0.1922863 0
vt 0.5895389 0.1842357 0
vt 0.5889868 0.1843021 0
vt 0.5892413 0.2003222 0
vt 0.5890237 0.2003444 0
vt 0.5887773 0.192341 0
vt 0.5889946 0.1923169 0
vt 0.5884939 0.1843614 0
vt 0.5887111 0.1843352 0
vt 0.5883877 0.1763795 0
vt 0.5881707 0.1764076 0
vt 0.588663 0.1763437 0
vt 0.5892146 0.1762718 0
vt 0.5906157 0.2244016 0
vt 0.5900613 0.2244452 0
vt 0.5904594 0.2163277 0
vt 0.5899054 0.2163754 0
vt 0.5895665 0.2244841 0
vt 0.5897845 0.2244669 0
vt 0.5894108 0.216418 0
vt 0.5896288 0.2163993 0
vt 0.5894494 0.2083503 0
vt 0.5892316 0.2083708 0
vt 0.5897258 0.2083244 0
vt 0.5902795 0.2082723 0
vt 0.03972111 0.7791515 0
vt 0.03970406 0.7675883 0
vt 0.01359275 0.7792179 0
vt 0.01357585 0.7676465 0
vt 0.03969028 0.7560236 0
vt 0.01356236 0.7560745 0
vt 0.004485669 0.7792422 0
vt 0.00446891 0.7676667 0
vt 0.004455463 0.7560917 0
vt 0.0044358 0.732946 0
vt 0.004444586 0.7445179 0
vt 0.01354274 0.732933 0
vt 0.01355148 0.7445028 0
vt 0.03967028 0.7328938 0
vt 0.03967917 0.7444583 0
vt 0.03966323 0.7213292 0
vt 0.01353597 0.7213639 0
vt 0.03965771 0.7097636 0
vt 0.01353066 0.7097943 0
vt 0.004429125 0.721375 0
vt 0.004423851 0.7098041 0
vt 0.004416326 0.6866656 0
vt 0.004419596 0.6982339 0
vt 0.01352322 0.6866578 0
vt 0.01352644 0.6982253 0
vt 0.0396502 0.6866335 0
vt 0.03965343 0.6981979 0
vt 0.03964787 0.6750693 0
vt 0.01352102 0.6750911 0
vt 0.03964627 0.6635042 0
vt 0.01351951 0.6635238 0
vt 0.004414214 0.6750978 0
vt 0.004412702 0.6635299 0
vt 0.004411029 0.6403966 0
vt 0.004411648 0.6519625 0
vt 0.01351792 0.6403917 0
vt 0.01351848 0.6519568 0
vt 0.03964477 0.6403759 0
vt 0.03964527 0.6519395 0
vt 0.03964471 0.6288125 0
vt 0.01351793 0.6288267 0
vt 0.03964498 0.6172485 0
vt 0.01351824 0.6172613 0
vt 0.004411128 0.6288312 0
vt 0.004411437 0.6172653 0
vt 0.004412449 0.5941359 0
vt 0.004411878 0.6056999 0
vt 0.01351935 0.5941324 0
vt 0.01351871 0.6056963 0
vt 0.03964622 0.594122 0
vt 0.0396455 0.6056846 0
vt 0.03964711 0.5825596 0
vt 0.01352029 0.582569 0
vt 0.03964812 0.5709963 0
vt 0.01352133 0.571005 0
vt 0.004413471 0.582572 0
vt 0.004414522 0.5710077 0
vt 0.00441646 0.5478809 0
vt 0.004415515 0.5594436 0
vt 0.01352335 0.5478785 0
vt 0.01352235 0.5594409 0
vt 0.03965026 0.5478714 0
vt 0.03964918 0.5594333 0
vt 0.03965135 0.5363097 0
vt 0.0135245 0.5363161 0
vt 0.03965241 0.5247469 0
vt 0.01352559 0.5247529 0
vt 0.004417677 0.5363182 0
vt 0.004418783 0.5247548 0
vt 0.004420398 0.5016297 0
vt 0.004419653 0.5131917 0
vt 0.0135273 0.501628 0
vt 0.0135265 0.5131899 0
vt 0.03965429 0.5016231 0
vt 0.03965339 0.5131844 0
vt 0.03965511 0.4900619 0
vt 0.01352818 0.4900662 0
vt 0.03965583 0.4784997 0
vt 0.01352894 0.4785036 0
vt 0.004421344 0.4900677 0
vt 0.004422121 0.478505 0
vt 0.00442294 0.4553808 0
vt 0.004422633 0.4669423 0
vt 0.01352985 0.4553795 0
vt 0.01352948 0.4669411 0
vt 0.03965687 0.4553765 0
vt 0.03965642 0.4669376 0
vt 0.0396572 0.4438155 0
vt 0.01353025 0.4438181 0
vt 0.03965739 0.4322535 0
vt 0.01353049 0.4322555 0
vt 0.004423415 0.4438191 0
vt 0.004423679 0.4322566 0
vt 0.004423333 0.4091326 0
vt 0.004423612 0.420694 0
vt 0.01353025 0.4091318 0
vt 0.01353046 0.4206932 0
vt 0.03965728 0.4091302 0
vt 0.03965742 0.4206914 0
vt 0.03965702 0.3975692 0
vt 0.01353005 0.3975702 0
vt 0.03965662 0.3860071 0
vt 0.01352969 0.3860076 0
vt 0.004423217 0.3975708 0
vt 0.004422862 0.3860082 0
vt 0.004421441 0.3628836 0
vt 0.004422233 0.3744455 0
vt 0.01352835 0.3628831 0
vt 0.01352909 0.3744449 0
vt 0.0396554 0.3628835 0
vt 0.03965608 0.3744449 0
vt 0.03965463 0.351322 0
vt 0.01352764 0.3513212 0
vt 0.03965376 0.3397595 0
vt 0.01352683 0.3397582 0
vt 0.004420804 0.3513214 0
vt 0.004420007 0.3397582 0
vt 0.004417794 0.3166322 0
vt 0.004418954 0.3281949 0
vt 0.0135247 0.3166324 0
vt 0.01352581 0.328195 0
vt 0.03965176 0.3166349 0
vt 0.03965279 0.3281967 0
vt 0.0396507 0.3050729 0
vt 0.01352371 0.3050698 0
vt 0.03964964 0.2935097 0
vt 0.01352269 0.2935058 0
vt 0.004416864 0.3050692 0
vt 0.004415868 0.293505 0
vt 0.004413604 0.2703767 0
vt 0.004414749 0.2819407 0
vt 0.01352052 0.2703779 0
vt 0.0135216 0.2819416 0
vt 0.03964757 0.2703836 0
vt 0.03964858 0.2819464 0
vt 0.03964668 0.2588209 0
vt 0.01351968 0.2588142 0
vt 0.03964592 0.2472568 0
vt 0.01351897 0.2472488 0
vt 0.004412847 0.2588124 0
vt 0.004412155 0.247247 0
vt 0.004411007 0.2241156 0
vt 0.004411483 0.2356809 0
vt 0.01351792 0.2241182 0
vt 0.01351834 0.2356833 0
vt 0.03964501 0.2241289 0
vt 0.03964535 0.2356925 0
vt 0.03964501 0.2125649 0
vt 0.01351795 0.2125527 0
vt 0.0396454 0.2009998 0
vt 0.01351835 0.2009858 0
vt 0.004411099 0.2125494 0
vt 0.004411529 0.2009819 0
vt 0.004413516 0.177846 0
vt 0.004412267 0.189414 0
vt 0.01352043 0.1778512 0
vt 0.01351913 0.1894182 0
vt 0.03964768 0.1778695 0
vt 0.03964625 0.1894344 0
vt 0.03964982 0.1663044 0
vt 0.01352255 0.1662837 0
vt 0.03965278 0.1547381 0
vt 0.01352545 0.1547144 0
vt 0.00441569 0.1662777 0
vt 0.004418604 0.1547075 0
vt 0.004427047 0.1315656 0
vt 0.004422291 0.1431366 0
vt 0.01353402 0.1315749 0
vt 0.01352919 0.1431445 0
vt 0.03966184 0.131606 0
vt 0.03965672 0.1431717 0
vt 0.0396684 0.1200402 0
vt 0.01354038 0.1200046 0
vt 0.03967668 0.1084734 0
vt 0.01354837 0.1084326 0
vt 0.004433468 0.1199939 0
vt 0.004441435 0.10842 0
vt 0.004463323 0.08526972 0
vt 0.00445119 0.09684511 0
vt 0.01357047 0.08528732 0
vt 0.01355821 0.09685997 0
vt 0.03969982 0.0853413 0
vt 0.039687 0.09690674 0
vt 0.03971571 0.07377647 0
vt 0.01358593 0.07371412 0
vt 0.03973529 0.0622113 0
vt 0.0136053 0.06213942 0
vt 0.004478757 0.07369307 0
vt 0.004498 0.06211398 0
vt 0.00455329 0.03895132 0
vt 0.004522182 0.05053302 0
vt 0.01366121 0.03899056 0
vt 0.01362973 0.05056443 0
vt 0.03978844 0.03908485 0
vt 0.03975928 0.05064704 0
vt 0.03982333 0.02752388 0
vt 0.01370305 0.02741821 0
vt 0.03986371 0.01596287 0
vt 0.01376004 0.01584746 0
vt 0.004594912 0.0273677 0
vt 0.004653061 0.01578199 0
vt 0.00462017 0.8255579 0
vt 0.004700402 0.8371261 0
vt 0.01372735 0.8254974 0
vt 0.01379502 0.8370595 0
vt 0.03983398 0.8253971 0
vt 0.03987125 0.8369583 0
vt 0.03979859 0.8138372 0
vt 0.01367791 0.8139319 0
vt 0.03976781 0.8022759 0
vt 0.0136418 0.8023615 0
vt 0.00457064 0.813978 0
vt 0.004534698 0.8023977 0
vt 0.004507195 0.7908188 0
vt 0.01361427 0.7907895 0
vt 0.03974213 0.7907136 0
vt 0.967434 0.1470034 0
vt 0.9626289 0.2985222 0
vt 0.9625965 0.3147845 0
vt 0.96382 0.4365043 0
vt 0.96679 0.1547556 0
vt 0.9629383 0.2580118 0
vt 0.9803897 0.07199381 0
vt 0.9626079 0.3066505 0
vt 0.9927373 0.0445649 0
vt 0.9627731 0.274184 0
vt 0.9649554 0.468504 0
vt 0.9648636 0.1860845 0
vt 0.9626661 0.2904011 0
vt 0.9628451 0.2660915 0
vt 0.9627144 0.2822877 0
vt 0.9630484 0.2499455 0
vt 0.9782765 0.5764396 0
vt 0.9631754 0.2418942 0
vt 0.9633235 0.2338599 0
vt 0.9634405 0.4203932 0
vt 0.9829852 0.5908253 0
vt 0.9689745 0.1316103 0
vt 0.9732839 0.5541023 0
vt 0.9635013 0.2258439 0
vt 0.9668266 0.5001167 0
vt 0.9637059 0.2178471 0
vt 0.9720016 0.5465241 0
vt 0.9639385 0.2098709 0
vt 0.9629386 0.388009 0
vt 0.97474 0.5616203 0
vt 0.9748146 0.09389793 0
vt 0.964204 0.2019175 0
vt 0.9689545 0.5234995 0
vt 0.9860187 0.5977461 0
vt 0.964513 0.1939884 0
vt 0.9632879 0.4123147 0
vt 0.9652588 0.1782072 0
vt 0.9698533 0.5312178 0
vt 0.9626785 0.3554882 0
vt 0.9657054 0.1703587 0
vt 0.9662678 0.4922567 0
vt 0.9763924 0.5690707 0
vt 0.9662157 0.1625414 0
vt 0.968157 0.1392872 0
vt 0.9855507 0.05788977 0
vt 0.969891 0.1239734 0
vt 0.9709164 0.1163795 0
vt 0.9631527 0.4042236 0
vt 0.964053 0.4445345 0
vt 0.5531199 0.7795304 0
vt 0.9733606 0.1013376 0
vt 0.9764488 0.0865202 0
vt 0.9782927 0.07921408 0
vt 0.9827851 0.06487609 0
vt 0.9888037 0.051086 0
vt 0.9804456 0.583704 0
vt 0.9646126 0.4605364 0
vt 0.9708646 0.5388939 0
vt 0.9681611 0.5157408 0
vt 0.9636148 0.4284569 0
vt 0.9674555 0.5079455 0
vt 0.9657776 0.4843662 0
vt 0.9630349 0.3961214 0
vt 0.9653425 0.4764477 0
vt 0.9643154 0.4525459 0
vt 0.962856 0.3798876 0
vt 0.9627839 0.3717595 0
vt 0.9627229 0.3636262 0
vt 0.9626434 0.3473475 0
vt 0.9626156 0.3392052 0
vt 0.9625965 0.3310632 0
vt 0.9625922 0.3229227 0
vt 0.003917449 0.3744455 0
vt 0.003907484 0.1894135 0
vt 0.0041958 0.8371346 0
vt 0.00390625 0.6403969 0
vt 0.003907673 0.5941361 0
vt 0.003914183 0.3281948 0
vt 0.003917524 0.143136 0
vt 0.004002413 0.7908204 0
vt 0.003914869 0.5131918 0
vt 0.003915257 0.3397582 0
vt 0.003913846 0.1547072 0
vt 0.004029957 0.8023998 0
vt 0.003914025 0.5247549 0
vt 0.003916033 0.3513215 0
vt 0.00390665 0.6172656 0
vt 0.003910915 0.1662772 0
vt 0.004065846 0.8139806 0
vt 0.003912906 0.5363182 0
vt 0.003908686 0.5825722 0
vt 0.003911709 0.547881 0
vt 0.003910745 0.5594438 0
vt 0.00390947 0.6750982 0
vt 0.00390973 0.5710078 0
vt 0.003907113 0.6057001 0
vt 0.003906384 0.6288315 0
vt 0.003916682 0.3628836 0
vt 0.003906873 0.6519628 0
vt 0.003908772 0.1778459 0
vt 0.004115407 0.8255617 0
vt 0.003907923 0.6635301 0
vt 0.003906709 0.2356808 0
vt 0.004017409 0.0505314 0
vt 0.003911556 0.6866661 0
vt 0.003918562 0.4091326 0
vt 0.003914814 0.6982345 0
vt 0.00390625 0.2241154 0
vt 0.00404851 0.0389491 0
vt 0.003919108 0.7098045 0
vt 0.00392434 0.7213756 0
vt 0.003908834 0.2703767 0
vt 0.003958547 0.08526874 0
vt 0.003931008 0.7329467 0
vt 0.003909983 0.2819405 0
vt 0.003946407 0.09684427 0
vt 0.003939815 0.7445186 0
vt 0.003911093 0.293505 0
vt 0.003936677 0.1084193 0
vt 0.003950678 0.7560926 0
vt 0.00391208 0.3050692 0
vt 0.003928697 0.1199932 0
vt 0.003964139 0.7676679 0
vt 0.003913035 0.3166322 0
vt 0.003922262 0.1315652 0
vt 0.003980877 0.7792435 0
vt 0.003918086 0.3860083 0
vt 0.003906759 0.2009817 0
vt 0.004148281 0.01577758 0
vt 0.003918451 0.397571 0
vt 0.003906307 0.2125494 0
vt 0.004090134 0.02736484 0
vt 0.003907398 0.247247 0
vt 0.003993212 0.0621125 0
vt 0.003908075 0.2588124 0
vt 0.00397396 0.07369196 0
vt 0.003918849 0.4206942 0
vt 0.003918922 0.4322566 0
vt 0.00391864 0.4438192 0
vt 0.003918161 0.4553808 0
vt 0.003917861 0.4669424 0
vt 0.003917333 0.478505 0
vt 0.003916546 0.4900678 0
vt 0.003915622 0.5016297 0
vt 0.01383807 0.004281233 0
vt 0.4662038 0.004401693 0
vt 0.5175226 0.004226975 0
vt 0.3810131 0.004522507 0
vt 0.5527562 0.8374608 0
vt 0.03990737 0.00440166 0
vt 0.5434251 0.004038602 0
vt 0.5523667 0.003916674 0
vt 0.2788587 0.004575553 0
vt 0.1766698 0.004567812 0
vt 0.09137865 0.00450381 0
vt 0.004747585 0.004199311 0
vt 0.004242925 0.004190516 0
vt 0.9923512 0.04429928 0
vt 0.5839906 0.6150611 0
vt 0.9895986 0.6044676 0
vt 0.5960694 0.6191004 0
vt 0.5687818 0.6076577 0
vt 0.5702076 0.6084999 0
vt 0.8385603 0.638205 0
vt 0.5711625 0.609054 0
vt 0.9867733 0.6063094 0
vt 0.5717434 0.6093855 0
vt 0.7549139 0.6396904 0
vt 0.5735269 0.6103234 0
vt 0.5769617 0.6120038 0
vt 0.9803539 0.61022 0
vt 0.5720536 0.6095606 0
vt 0.572045 0.03556692 0
vt 0.5723324 0.6097144 0
vt 0.980028 0.6104018 0
vt 0.651248 0.6308603 0
vt 0.5655534 0.6056724 0
vt 0.5671479 0.6066658 0
vt 0.6121385 0.623418 0
vt 0.5633925 0.6042941 0
vt 0.5642287 0.604831 0
vt 0.9683256 0.6158406 0
vt 0.5626868 0.6038395 0
vt 0.5629215 0.6039903 0
vt 0.5625 0.04171483 0
vt 0.9833276 0.03835936 0
vt 0.6309637 0.6274338 0
vt 0.9753639 0.6127392 0
vt 0.9401299 0.6243107 0
vt 0.9806858 0.6100302 0
vt 0.9562374 0.6199344 0
vt 0.6717325 0.6337406 0
vt 0.9007986 0.6318237 0
vt 0.92122 0.6283731 0
vt 0.6923932 0.6360034 0
vt 0.7131715 0.637721 0
vt 0.8594087 0.6366503 0
vt 0.9852222 0.6072963 0
vt 0.9788131 0.6110296 0
vt 0.8801709 0.6345474 0
vt 0.7340231 0.6389397 0
vt 0.817663 0.6392611 0
vt 0.7758266 0.6399918 0
vt 0.7967472 0.6398505 0
vt 0.9897548 0.6043686 0
vt 0.982235 0.6091274 0
vt 0.9836312 0.6082841 0
vt 0.9812809 0.6096867 0
vt 0.9880651 0.6054728 0
vt 0.9888892 0.6049338 0
#end 4818 textures vertices 

#begin 2191 normals 
vn 0.5566 -0.8308 -0
vn 0.5544 -0.8308 -0.0487
vn 0.9193 -0.3853 -0.0807
vn 0.9228 -0.3853 0
vn 0.5481 -0.8308 -0.0966
vn 0.9088 -0.3853 -0.1602
vn 0.996 -0.0207 -0.0875
vn 0.9998 -0.0207 -0
vn 0.9846 -0.0207 -0.1736
vn 0.5376 -0.8308 -0.1439
vn 0.523 -0.8308 -0.1903
vn 0.8672 -0.3853 -0.3156
vn 0.8914 -0.3853 -0.2385
vn 0.9395 -0.0207 -0.3419
vn 0.9658 -0.0207 -0.2584
vn 0.9397 0 -0.342
vn 0.966 0 -0.2585
vn 0.966 -0.0022 -0.2585
vn 0.9397 -0.0022 -0.342
vn 0.9848 -0 -0.1736
vn 0.9848 -0.0022 -0.1736
vn 0.9962 -0 -0.0875
vn 1 0 -0
vn 1 -0.0022 -0
vn 0.9962 -0.0022 -0.0875
vn 0.5043 -0.8308 -0.2354
vn 0.8362 -0.3853 -0.3903
vn 0.482 -0.8308 -0.2783
vn 0.7992 -0.3853 -0.4614
vn 0.906 -0.0207 -0.4228
vn 0.8658 -0.0207 -0.4999
vn 0.456 -0.8308 -0.3191
vn 0.4263 -0.8308 -0.3577
vn 0.7069 -0.3853 -0.5932
vn 0.7561 -0.3853 -0.529
vn 0.7659 -0.0207 -0.6427
vn 0.8192 -0.0207 -0.5732
vn 0.766 0 -0.6428
vn 0.8193 0 -0.5733
vn 0.8193 -0.0022 -0.5733
vn 0.766 -0.0022 -0.6428
vn 0.866 -0 -0.5
vn 0.866 -0.0022 -0.5
vn 0.9062 0 -0.4229
vn 0.9062 -0.0022 -0.4229
vn 0.3934 -0.8308 -0.3937
vn 0.6523 -0.3853 -0.6527
vn 0.3577 -0.8308 -0.4263
vn 0.5932 -0.3853 -0.7069
vn 0.7067 -0.0207 -0.7072
vn 0.6427 -0.0207 -0.7659
vn 0.3194 -0.8308 -0.4558
vn 0.2783 -0.8308 -0.482
vn 0.4614 -0.3852 -0.7992
vn 0.5295 -0.3853 -0.7557
vn 0.4999 -0.0207 -0.8658
vn 0.5737 -0.0207 -0.8188
vn 0.5 0 -0.866
vn 0.5739 -0 -0.819
vn 0.5739 -0.0022 -0.819
vn 0.5 -0.0022 -0.866
vn 0.6428 -0 -0.766
vn 0.6428 -0.0022 -0.766
vn 0.7069 0 -0.7073
vn 0.7069 -0.0022 -0.7073
vn 0.235 -0.8308 -0.5045
vn 0.3897 -0.3853 -0.8365
vn 0.1903 -0.8308 -0.523
vn 0.3156 -0.3853 -0.8671
vn 0.4222 -0.0207 -0.9063
vn 0.3419 -0.0207 -0.9395
vn 0.1442 -0.8308 -0.5375
vn 0.0966 -0.8308 -0.5481
vn 0.1602 -0.3852 -0.9088
vn 0.2391 -0.3853 -0.8913
vn 0.1736 -0.0207 -0.9846
vn 0.2591 -0.0207 -0.9656
vn 0.1737 0 -0.9848
vn 0.2591 -0 -0.9658
vn 0.2591 -0.0022 -0.9658
vn 0.1736 -0.0022 -0.9848
vn 0.342 -0 -0.9397
vn 0.342 -0.0022 -0.9397
vn 0.4223 0 -0.9065
vn 0.4223 -0.0022 -0.9064
vn 0.0483 -0.8308 -0.5544
vn 0.0801 -0.3853 -0.9193
vn 0 -0.8308 -0.5565
vn -0 -0.3853 -0.9228
vn 0.0868 -0.0207 -0.996
vn 0 -0.0207 -0.9998
vn -0.0483 -0.8308 -0.5544
vn -0.0966 -0.8308 -0.5481
vn -0.1602 -0.3852 -0.9088
vn -0.0801 -0.3853 -0.9193
vn -0.1736 -0.0207 -0.9846
vn -0.0868 -0.0207 -0.996
vn -0.1736 0 -0.9848
vn -0.0868 -0 -0.9962
vn -0.0868 -0.0022 -0.9962
vn -0.1736 -0.0022 -0.9848
vn 0 0 -1
vn -0 -0.0022 -1
vn 0.0868 0 -0.9962
vn 0.0868 -0.0022 -0.9962
vn -0.1442 -0.8308 -0.5375
vn -0.2391 -0.3853 -0.8913
vn -0.1903 -0.8308 -0.523
vn -0.3156 -0.3853 -0.8672
vn -0.2591 -0.0207 -0.9656
vn -0.3419 -0.0207 -0.9395
vn -0.235 -0.8308 -0.5045
vn -0.2783 -0.8308 -0.482
vn -0.4614 -0.3852 -0.7992
vn -0.3897 -0.3853 -0.8365
vn -0.4999 -0.0207 -0.8658
vn -0.4222 -0.0207 -0.9063
vn -0.5 -0 -0.866
vn -0.4223 -0 -0.9064
vn -0.4223 -0.0022 -0.9064
vn -0.5 -0.0022 -0.866
vn -0.342 0 -0.9397
vn -0.342 -0.0022 -0.9397
vn -0.2591 0 -0.9658
vn -0.2591 -0.0022 -0.9658
vn -0.3194 -0.8308 -0.4558
vn -0.5296 -0.3853 -0.7557
vn -0.3577 -0.8308 -0.4263
vn -0.5932 -0.3853 -0.7069
vn -0.5737 -0.0207 -0.8188
vn -0.6426 -0.0207 -0.7659
vn -0.3934 -0.8308 -0.3937
vn -0.4263 -0.8308 -0.3577
vn -0.7069 -0.3853 -0.5932
vn -0.6523 -0.3853 -0.6527
vn -0.7659 -0.0207 -0.6427
vn -0.7067 -0.0207 -0.7072
vn -0.766 -0 -0.6428
vn -0.7069 0 -0.7073
vn -0.7069 -0.0022 -0.7073
vn -0.766 -0.0022 -0.6428
vn -0.6428 0 -0.766
vn -0.6428 -0.0022 -0.766
vn -0.5739 -0 -0.819
vn -0.5739 -0.0022 -0.819
vn -0.456 -0.8308 -0.3191
vn -0.7561 -0.3853 -0.529
vn -0.482 -0.8308 -0.2783
vn -0.7992 -0.3853 -0.4614
vn -0.8192 -0.0207 -0.5732
vn -0.8658 -0.0207 -0.4999
vn -0.5043 -0.8308 -0.2354
vn -0.523 -0.8308 -0.1904
vn -0.8672 -0.3852 -0.3156
vn -0.8362 -0.3853 -0.3903
vn -0.9395 -0.0207 -0.3419
vn -0.906 -0.0207 -0.4228
vn -0.9397 -0 -0.342
vn -0.9062 0 -0.4229
vn -0.9062 -0.0022 -0.4229
vn -0.9397 -0.0022 -0.342
vn -0.866 -0 -0.5
vn -0.866 -0.0022 -0.5
vn -0.8193 0 -0.5733
vn -0.8193 -0.0022 -0.5733
vn -0.5376 -0.8308 -0.1439
vn -0.8914 -0.3853 -0.2385
vn -0.5481 -0.8308 -0.0966
vn -0.9088 -0.3853 -0.1602
vn -0.9658 -0.0207 -0.2584
vn -0.9846 -0.0207 -0.1736
vn -0.5544 -0.8308 -0.0487
vn -0.5566 -0.8308 0
vn -0.9228 -0.3853 -0
vn -0.9193 -0.3853 -0.0807
vn -0.9998 -0.0207 -0
vn -0.996 -0.0207 -0.0875
vn -1 0 -0
vn -0.9962 0 -0.0875
vn -0.9962 -0.0022 -0.0875
vn -1 -0.0022 -0
vn -0.9848 -0 -0.1736
vn -0.9848 -0.0022 -0.1736
vn -0.966 -0 -0.2585
vn -0.966 -0.0022 -0.2585
vn -0.5544 -0.8308 0.0487
vn -0.9193 -0.3853 0.0807
vn -0.5481 -0.8308 0.0966
vn -0.9088 -0.3853 0.1602
vn -0.996 -0.0207 0.0875
vn -0.9846 -0.0207 0.1736
vn -0.5376 -0.8308 0.1439
vn -0.523 -0.8308 0.1904
vn -0.8672 -0.3853 0.3156
vn -0.8914 -0.3853 0.2385
vn -0.9395 -0.0207 0.3419
vn -0.9658 -0.0207 0.2584
vn -0.9397 0 0.342
vn -0.966 0 0.2585
vn -0.966 -0.0022 0.2585
vn -0.9397 -0.0022 0.342
vn -0.9848 0 0.1736
vn -0.9848 -0.0022 0.1737
vn -0.9962 0 0.0875
vn -0.9962 -0.0022 0.0875
vn -0.5043 -0.8308 0.2354
vn -0.8362 -0.3853 0.3903
vn -0.482 -0.8308 0.2783
vn -0.7992 -0.3853 0.4614
vn -0.906 -0.0207 0.4228
vn -0.8658 -0.0207 0.4999
vn -0.456 -0.8308 0.3191
vn -0.4263 -0.8308 0.3577
vn -0.7069 -0.3853 0.5932
vn -0.7561 -0.3853 0.529
vn -0.7659 -0.0207 0.6427
vn -0.8192 -0.0207 0.5732
vn -0.766 0 0.6428
vn -0.8193 0 0.5733
vn -0.8193 -0.0022 0.5733
vn -0.766 -0.0022 0.6428
vn -0.866 -0 0.5
vn -0.866 -0.0022 0.5
vn -0.9062 -0 0.4229
vn -0.9062 -0.0022 0.4229
vn -0.3934 -0.8308 0.3937
vn -0.6523 -0.3853 0.6527
vn -0.3577 -0.8308 0.4263
vn -0.5932 -0.3853 0.7069
vn -0.7067 -0.0207 0.7072
vn -0.6427 -0.0207 0.7659
vn -0.3194 -0.8308 0.4558
vn -0.2783 -0.8308 0.482
vn -0.4614 -0.3853 0.7992
vn -0.5295 -0.3853 0.7557
vn -0.4999 -0.0207 0.8658
vn -0.5737 -0.0207 0.8188
vn -0.5 0 0.866
vn -0.5739 -0 0.819
vn -0.5739 -0.0022 0.819
vn -0.5 -0.0022 0.866
vn -0.6428 0 0.766
vn -0.6428 -0.0022 0.766
vn -0.7069 -0 0.7073
vn -0.7069 -0.0022 0.7073
vn -0.235 -0.8308 0.5045
vn -0.3897 -0.3853 0.8365
vn -0.1903 -0.8308 0.523
vn -0.3156 -0.3853 0.8671
vn -0.4222 -0.0207 0.9063
vn -0.3419 -0.0207 0.9395
vn -0.1442 -0.8308 0.5375
vn -0.0966 -0.8308 0.5481
vn -0.1602 -0.3853 0.9088
vn -0.2391 -0.3853 0.8913
vn -0.1736 -0.0207 0.9846
vn -0.2591 -0.0207 0.9656
vn -0.1737 0 0.9848
vn -0.2591 0 0.9658
vn -0.2591 -0.0022 0.9658
vn -0.1736 -0.0022 0.9848
vn -0.342 0 0.9397
vn -0.342 -0.0022 0.9397
vn -0.4223 0 0.9064
vn -0.4223 -0.0022 0.9064
vn -0.0483 -0.8308 0.5544
vn -0.0801 -0.3853 0.9193
vn -0 -0.8308 0.5565
vn -0 -0.3853 0.9228
vn -0.0868 -0.0207 0.996
vn -0 -0.0207 0.9998
vn 0.0483 -0.8308 0.5544
vn 0.0966 -0.8308 0.5481
vn 0.1602 -0.3853 0.9088
vn 0.0801 -0.3853 0.9193
vn 0.1736 -0.0207 0.9846
vn 0.0868 -0.0207 0.996
vn 0.1737 0 0.9848
vn 0.0868 0 0.9962
vn 0.0868 -0.0022 0.9962
vn 0.1736 -0.0022 0.9848
vn 0 0 1
vn -0 -0.0022 1
vn -0.0868 0 0.9962
vn -0.0868 -0.0022 0.9962
vn 0.1442 -0.8308 0.5375
vn 0.2391 -0.3853 0.8913
vn 0.1903 -0.8308 0.523
vn 0.3156 -0.3853 0.8672
vn 0.2591 -0.0207 0.9656
vn 0.3419 -0.0207 0.9395
vn 0.235 -0.8308 0.5045
vn 0.2783 -0.8308 0.482
vn 0.4614 -0.3853 0.7992
vn 0.3897 -0.3853 0.8365
vn 0.4999 -0.0207 0.8658
vn 0.4222 -0.0207 0.9063
vn 0.5 -0 0.866
vn 0.4223 0 0.9065
vn 0.4223 -0.0022 0.9064
vn 0.5 -0.0022 0.866
vn 0.342 -0 0.9397
vn 0.342 -0.0022 0.9397
vn 0.2591 -0 0.9658
vn 0.2591 -0.0022 0.9658
vn 0.3194 -0.8308 0.4558
vn 0.5296 -0.3853 0.7557
vn 0.3577 -0.8308 0.4263
vn 0.5932 -0.3853 0.7069
vn 0.5737 -0.0207 0.8188
vn 0.6427 -0.0207 0.7659
vn 0.3934 -0.8308 0.3937
vn 0.4263 -0.8308 0.3577
vn 0.7069 -0.3853 0.5932
vn 0.6523 -0.3853 0.6527
vn 0.7659 -0.0207 0.6427
vn 0.7067 -0.0207 0.7072
vn 0.766 -0 0.6428
vn 0.7069 -0 0.7073
vn 0.7069 -0.0022 0.7073
vn 0.766 -0.0022 0.6428
vn 0.6428 -0 0.766
vn 0.6428 -0.0022 0.766
vn 0.5738 -0 0.819
vn 0.5739 -0.0022 0.819
vn 0.456 -0.8308 0.3191
vn 0.7561 -0.3853 0.529
vn 0.482 -0.8308 0.2783
vn 0.7992 -0.3853 0.4614
vn 0.8192 -0.0207 0.5732
vn 0.8658 -0.0207 0.4999
vn 0.5043 -0.8308 0.2354
vn 0.523 -0.8308 0.1904
vn 0.8672 -0.3852 0.3156
vn 0.8362 -0.3853 0.3903
vn 0.9395 -0.0207 0.3419
vn 0.906 -0.0207 0.4228
vn 0.9397 0 0.342
vn 0.9062 0 0.4229
vn 0.9062 -0.0022 0.4229
vn 0.9397 -0.0022 0.342
vn 0.866 0 0.5
vn 0.866 -0.0022 0.5
vn 0.8193 0 0.5733
vn 0.8193 -0.0022 0.5733
vn 0.5376 -0.8308 0.1439
vn 0.8914 -0.3853 0.2385
vn 0.5481 -0.8308 0.0966
vn 0.9088 -0.3853 0.1602
vn 0.9658 -0.0207 0.2584
vn 0.9846 -0.0207 0.1736
vn 0.5544 -0.8308 0.0487
vn 0.9193 -0.3853 0.0807
vn 0.996 -0.0207 0.0875
vn 0.9962 0 0.0875
vn 0.9962 -0.0022 0.0875
vn 0.9848 0 0.1736
vn 0.9848 -0.0022 0.1737
vn 0.966 -0 0.2585
vn 0.966 -0.0022 0.2585
vn 1 0 0
vn 0.9848 0 -0.1736
vn 0.9962 0 -0.0875
vn 1 -0 -0
vn 0.966 -0 -0.2585
vn 0.866 0 -0.5
vn 0.766 -0 -0.6428
vn 0.8193 -0 -0.5733
vn 0.6428 0 -0.766
vn 0.5739 0 -0.819
vn 0.5 -0 -0.866
vn 0.4223 0 -0.9064
vn 0.4223 -0 -0.9065
vn 0.342 0 -0.9397
vn 0.1736 0 -0.9848
vn 0.2591 0 -0.9658
vn 0.1736 -0 -0.9848
vn 0.0868 -0 -0.9962
vn -0.1736 -0 -0.9848
vn -0.0868 0 -0.9962
vn -0 0 -1
vn -0 -0 -1
vn -0.2591 -0 -0.9658
vn -0.342 -0 -0.9397
vn -0.4223 -0 -0.9065
vn -0.5 0 -0.866
vn -0.4223 0 -0.9064
vn -0.5739 0 -0.819
vn -0.6428 -0 -0.766
vn -0.766 0 -0.6428
vn -0.7069 -0 -0.7073
vn -0.8193 -0 -0.5733
vn -0.866 0 -0.5
vn -0.9397 0 -0.342
vn -0.9062 -0 -0.4229
vn -0.9848 -0 -0.1737
vn -0.9848 0 -0.1736
vn -1 -0 -0
vn -0.966 0 -0.2585
vn -0.9848 -0 0.1737
vn -0.9397 -0 0.342
vn -0.9848 -0 0.1736
vn -0.866 0 0.5
vn -0.9062 0 0.4229
vn -0.766 -0 0.6428
vn -0.7069 0 0.7073
vn -0.6428 -0 0.766
vn -0.5739 0 0.819
vn -0.5 -0 0.866
vn -0.4223 0 0.9065
vn -0.1736 0 0.9848
vn -0.1736 -0 0.9848
vn -0.2591 -0 0.9658
vn -0 0 1
vn -0.0868 -0 0.9962
vn 0.1736 -0 0.9848
vn 0.0868 -0 0.9962
vn 0.1736 0 0.9848
vn 0.1737 -0 0.9848
vn 0 -0 1
vn 0.2591 0 0.9658
vn 0.342 0 0.9397
vn 0.4223 -0 0.9065
vn 0.5 0 0.866
vn 0.4223 0 0.9064
vn 0.5739 -0 0.819
vn 0.6428 0 0.766
vn 0.5739 0 0.819
vn 0.7069 0 0.7073
vn 0.766 0 0.6428
vn 0.8193 -0 0.5733
vn 0.9397 -0 0.342
vn 0.866 -0 0.5
vn 0.966 0 0.2585
vn 0.9848 -0 0.1736
vn 0.2592 0 -0.9658
vn -0.9848 0 -0.1737
vn -0.9848 0 0.1737
vn -0.1737 -0 0.9848
vn -0 -0 1
vn 0.2592 -0 -0.9658
vn -0.4223 0 -0.9065
vn 0.9397 -0 -0.342
vn -0.9962 -0 -0.0875
vn -0.966 -0 0.2585
vn 0.9062 -0 0.4229
vn 0.2181 -0.9742 -0.0584
vn 0.2122 -0.9742 -0.0772
vn 0.2223 -0.9742 -0.0392
vn 0.0504 -0.9986 -0.0135
vn 0.049 -0.9986 -0.0178
vn 0.0514 -0.9986 -0.0091
vn 0.2258 -0.9742 0
vn 0.2249 -0.9742 -0.0198
vn 0.0522 -0.9986 -0
vn 0.052 -0.9986 -0.0046
vn 0 -1 -0
vn 0.0079 -1 -0.0007
vn 0.0079 -1 0
vn 0.0078 -1 -0.0014
vn 0.0074 -1 -0.0027
vn 0.0076 -1 -0.002
vn 0.2249 -0.9742 0.0198
vn 0.2223 -0.9742 0.0392
vn 0.052 -0.9986 0.0046
vn 0.0514 -0.9986 0.0091
vn 0.2122 -0.9742 0.0772
vn 0.2181 -0.9742 0.0584
vn 0.049 -0.9986 0.0178
vn 0.0504 -0.9986 0.0135
vn 0.0076 -1 0.002
vn 0.0074 -1 0.0027
vn 0.0078 -1 0.0014
vn 0.0079 -1 0.0007
vn 0.2045 -0.9742 0.0955
vn 0.1955 -0.9742 0.1129
vn 0.0473 -0.9986 0.0221
vn 0.0452 -0.9986 0.0261
vn 0.173 -0.9742 0.1451
vn 0.185 -0.9742 0.1294
vn 0.04 -0.9986 0.0335
vn 0.0427 -0.9986 0.0299
vn 0.0065 -1 0.0045
vn 0.0061 -1 0.0051
vn 0.0068 -1 0.004
vn 0.0072 -1 0.0033
vn 0.1596 -0.9742 0.1597
vn 0.1451 -0.9742 0.1729
vn 0.0369 -0.9986 0.0369
vn 0.0335 -0.9986 0.04
vn 0.1129 -0.9742 0.1955
vn 0.1295 -0.9742 0.1849
vn 0.0261 -0.9986 0.0452
vn 0.0299 -0.9986 0.0427
vn 0.0045 -1 0.0065
vn 0.004 -1 0.0068
vn 0.0051 -1 0.0061
vn 0.0056 -1 0.0056
vn 0.0953 -0.9742 0.2046
vn 0.0772 -0.9742 0.2121
vn 0.022 -0.9986 0.0473
vn 0.0178 -0.9986 0.049
vn 0.0392 -0.9742 0.2223
vn 0.0585 -0.9742 0.218
vn 0.0091 -0.9986 0.0514
vn 0.0135 -0.9986 0.0504
vn 0.002 -1 0.0076
vn 0.0014 -1 0.0078
vn 0.0027 -1 0.0074
vn 0.0033 -1 0.0072
vn 0.0196 -0.9742 0.2249
vn -0 -0.9742 0.2257
vn 0.0045 -0.9986 0.052
vn 0 -0.9986 0.0522
vn -0.0392 -0.9742 0.2224
vn -0.0196 -0.9742 0.2249
vn -0.0091 -0.9986 0.0514
vn -0.0045 -0.9986 0.052
vn -0.0007 -1 0.0079
vn -0.0014 -1 0.0078
vn -0 -1 0.0079
vn 0.0007 -1 0.0079
vn -0.0585 -0.9742 0.218
vn -0.0772 -0.9742 0.2121
vn -0.0135 -0.9986 0.0504
vn -0.0178 -0.9986 0.049
vn -0.1129 -0.9742 0.1955
vn -0.0953 -0.9742 0.2046
vn -0.0261 -0.9986 0.0452
vn -0.022 -0.9986 0.0473
vn -0.0033 -1 0.0072
vn -0.004 -1 0.0068
vn -0.0027 -1 0.0074
vn -0.002 -1 0.0076
vn -0.1295 -0.9742 0.1849
vn -0.1451 -0.9742 0.1729
vn -0.0299 -0.9986 0.0427
vn -0.0335 -0.9986 0.04
vn -0.173 -0.9742 0.1451
vn -0.1596 -0.9742 0.1597
vn -0.04 -0.9986 0.0335
vn -0.0369 -0.9986 0.0369
vn -0.0056 -1 0.0056
vn -0.0061 -1 0.0051
vn -0.0051 -1 0.0061
vn -0.0045 -1 0.0065
vn -0.185 -0.9742 0.1294
vn -0.1955 -0.9742 0.1129
vn -0.0427 -0.9986 0.0299
vn -0.0452 -0.9986 0.0261
vn -0.2122 -0.9742 0.0772
vn -0.2046 -0.9742 0.0955
vn -0.049 -0.9986 0.0178
vn -0.0473 -0.9986 0.0221
vn -0.0072 -1 0.0033
vn -0.0074 -1 0.0027
vn -0.0068 -1 0.004
vn -0.0065 -1 0.0045
vn -0.2181 -0.9742 0.0584
vn -0.2223 -0.9742 0.0392
vn -0.0504 -0.9986 0.0135
vn -0.0514 -0.9986 0.0091
vn -0.2258 -0.9742 0
vn -0.2249 -0.9742 0.0198
vn -0.0522 -0.9986 -0
vn -0.052 -0.9986 0.0046
vn -0.0079 -1 0.0007
vn -0.0079 -1 -0
vn -0.0078 -1 0.0014
vn -0.0076 -1 0.002
vn -0.2249 -0.9742 -0.0198
vn -0.2223 -0.9742 -0.0392
vn -0.052 -0.9986 -0.0046
vn -0.0514 -0.9986 -0.0091
vn -0.2122 -0.9742 -0.0772
vn -0.2181 -0.9742 -0.0584
vn -0.049 -0.9986 -0.0178
vn -0.0504 -0.9986 -0.0135
vn -0.0076 -1 -0.002
vn -0.0074 -1 -0.0027
vn -0.0078 -1 -0.0014
vn -0.0079 -1 -0.0007
vn -0.2045 -0.9742 -0.0955
vn -0.1955 -0.9742 -0.1129
vn -0.0473 -0.9986 -0.0221
vn -0.0452 -0.9986 -0.0261
vn -0.173 -0.9742 -0.1451
vn -0.185 -0.9742 -0.1294
vn -0.04 -0.9986 -0.0335
vn -0.0427 -0.9986 -0.0299
vn -0.0065 -1 -0.0045
vn -0.0061 -1 -0.0051
vn -0.0068 -1 -0.004
vn -0.0072 -1 -0.0033
vn -0.1596 -0.9742 -0.1597
vn -0.1451 -0.9742 -0.1729
vn -0.0369 -0.9986 -0.0369
vn -0.0335 -0.9986 -0.04
vn -0.1129 -0.9742 -0.1955
vn -0.1295 -0.9742 -0.1849
vn -0.0261 -0.9986 -0.0452
vn -0.0299 -0.9986 -0.0427
vn -0.0045 -1 -0.0065
vn -0.004 -1 -0.0068
vn -0.0051 -1 -0.0061
vn -0.0056 -1 -0.0056
vn -0.0953 -0.9742 -0.2046
vn -0.0772 -0.9742 -0.2121
vn -0.022 -0.9986 -0.0473
vn -0.0178 -0.9986 -0.049
vn -0.0392 -0.9742 -0.2224
vn -0.0585 -0.9742 -0.218
vn -0.0091 -0.9986 -0.0514
vn -0.0135 -0.9986 -0.0504
vn -0.002 -1 -0.0076
vn -0.0014 -1 -0.0078
vn -0.0027 -1 -0.0074
vn -0.0033 -1 -0.0072
vn -0.0196 -0.9742 -0.2249
vn 0 -0.9742 -0.2257
vn -0.0045 -0.9986 -0.052
vn 0 -0.9986 -0.0522
vn 0.0392 -0.9742 -0.2223
vn 0.0196 -0.9742 -0.2249
vn 0.0091 -0.9986 -0.0514
vn 0.0045 -0.9986 -0.052
vn 0.0007 -1 -0.0079
vn 0.0014 -1 -0.0078
vn -0 -1 -0.0079
vn -0.0007 -1 -0.0079
vn 0.0585 -0.9742 -0.218
vn 0.0772 -0.9742 -0.2121
vn 0.0135 -0.9986 -0.0504
vn 0.0178 -0.9986 -0.049
vn 0.1129 -0.9742 -0.1955
vn 0.0953 -0.9742 -0.2046
vn 0.0261 -0.9986 -0.0452
vn 0.022 -0.9986 -0.0473
vn 0.0033 -1 -0.0072
vn 0.004 -1 -0.0068
vn 0.0027 -1 -0.0074
vn 0.002 -1 -0.0076
vn 0.1295 -0.9742 -0.1849
vn 0.1451 -0.9742 -0.1729
vn 0.0299 -0.9986 -0.0427
vn 0.0335 -0.9986 -0.04
vn 0.173 -0.9742 -0.1451
vn 0.1596 -0.9742 -0.1597
vn 0.04 -0.9986 -0.0335
vn 0.0369 -0.9986 -0.0369
vn 0.0056 -1 -0.0056
vn 0.0061 -1 -0.0051
vn 0.0051 -1 -0.0061
vn 0.0045 -1 -0.0065
vn 0.185 -0.9742 -0.1294
vn 0.1955 -0.9742 -0.1129
vn 0.0427 -0.9986 -0.0299
vn 0.0452 -0.9986 -0.0261
vn 0.2046 -0.9742 -0.0955
vn 0.0473 -0.9986 -0.0221
vn 0.0072 -1 -0.0033
vn 0.0068 -1 -0.004
vn 0.0065 -1 -0.0045
vn 0.5772 0.8166 0
vn 0.5749 0.8166 -0.0505
vn 0.2405 0.9704 -0.0211
vn 0.2416 0.9704 0
vn 0.5685 0.8166 -0.1002
vn 0.2378 0.9704 -0.0419
vn 0.0595 0.9982 -0.0052
vn 0.0597 0.9982 0
vn 0.0588 0.9982 -0.0104
vn 0.5575 0.8166 -0.1492
vn 0.5425 0.8165 -0.1974
vn 0.227 0.9704 -0.0826
vn 0.2332 0.9704 -0.0624
vn 0.0561 0.9982 -0.0204
vn 0.0577 0.9982 -0.0154
vn 0 1 -0
vn -0 1 -0
vn 0.0091 1 -0.0024
vn 0.0088 1 -0.0032
vn 0.0093 1 -0.0016
vn 0 1 0
vn 0.0094 1 0
vn 0.0094 1 -0.0008
vn 0.5231 0.8166 -0.2441
vn 0.2188 0.9704 -0.1021
vn 0.4999 0.8166 -0.2886
vn 0.2091 0.9704 -0.1207
vn 0.0541 0.9982 -0.0252
vn 0.0517 0.9982 -0.0298
vn 0.4729 0.8166 -0.3309
vn 0.4422 0.8166 -0.3711
vn 0.1851 0.9704 -0.1553
vn 0.1978 0.9704 -0.1384
vn 0.0457 0.9982 -0.0384
vn 0.0489 0.9982 -0.0342
vn 0.0077 1 -0.0054
vn 0.0072 1 -0.006
vn 0.0082 1 -0.0047
vn 0.0085 1 -0.004
vn 0.408 0.8166 -0.4083
vn 0.1707 0.9704 -0.1708
vn 0.371 0.8166 -0.4422
vn 0.1552 0.9704 -0.185
vn 0.0422 0.9982 -0.0422
vn 0.0384 0.9982 -0.0457
vn 0.3312 0.8166 -0.4727
vn 0.2886 0.8165 -0.4999
vn 0.1208 0.9704 -0.2092
vn 0.1385 0.9704 -0.1977
vn 0.0298 0.9982 -0.0517
vn 0.0343 0.9982 -0.0489
vn 0.0054 1 -0.0077
vn 0.0047 1 -0.0081
vn 0.0061 1 -0.0072
vn 0.0066 1 -0.0066
vn 0.2438 0.8166 -0.5232
vn 0.102 0.9704 -0.2189
vn 0.1974 0.8166 -0.5424
vn 0.0826 0.9704 -0.2269
vn 0.0252 0.9982 -0.0541
vn 0.0204 0.9982 -0.0561
vn 0.1496 0.8166 -0.5574
vn 0.1002 0.8165 -0.5685
vn 0.042 0.9704 -0.2379
vn 0.0626 0.9704 -0.2332
vn 0.0104 0.9982 -0.0588
vn 0.0155 0.9982 -0.0577
vn 0.0024 1 -0.0091
vn 0.0016 1 -0.0093
vn 0.0032 1 -0.0088
vn 0.004 1 -0.0085
vn 0.0501 0.8166 -0.5751
vn 0.021 0.9704 -0.2406
vn 0 0.8166 -0.5772
vn -0 0.9704 -0.2415
vn 0.0052 0.9982 -0.0595
vn 0 0.9982 -0.0597
vn -0.0501 0.8166 -0.575
vn -0.1002 0.8165 -0.5685
vn -0.042 0.9704 -0.2379
vn -0.021 0.9704 -0.2405
vn -0.0104 0.9982 -0.0588
vn -0.0052 0.9982 -0.0595
vn -0 1 0
vn -0.0008 1 -0.0094
vn -0.0016 1 -0.0093
vn 0 1 -0.0094
vn 0.0008 1 -0.0094
vn -0.1496 0.8166 -0.5575
vn -0.0626 0.9704 -0.2332
vn -0.1974 0.8166 -0.5424
vn -0.0826 0.9704 -0.2269
vn -0.0155 0.9982 -0.0576
vn -0.0204 0.9982 -0.0561
vn -0.2437 0.8166 -0.5232
vn -0.2886 0.8165 -0.4999
vn -0.1208 0.9704 -0.2092
vn -0.102 0.9704 -0.2189
vn -0.0298 0.9982 -0.0517
vn -0.0252 0.9982 -0.0541
vn -0.004 1 -0.0085
vn -0.0047 1 -0.0081
vn -0.0032 1 -0.0088
vn -0.0024 1 -0.0091
vn -0.3313 0.8166 -0.4727
vn -0.1386 0.9704 -0.1978
vn -0.371 0.8166 -0.4422
vn -0.1552 0.9704 -0.185
vn -0.0342 0.9982 -0.0489
vn -0.0384 0.9982 -0.0457
vn -0.408 0.8166 -0.4083
vn -0.4422 0.8165 -0.3711
vn -0.1851 0.9704 -0.1553
vn -0.1707 0.9704 -0.1708
vn -0.0457 0.9982 -0.0384
vn -0.0422 0.9982 -0.0423
vn -0.0066 1 -0.0066
vn -0.0072 1 -0.006
vn -0.0061 1 -0.0072
vn -0.0054 1 -0.0077
vn -0.473 0.8166 -0.3309
vn -0.1979 0.9704 -0.1384
vn -0.4999 0.8166 -0.2886
vn -0.2091 0.9704 -0.1207
vn -0.0489 0.9982 -0.0342
vn -0.0517 0.9982 -0.0298
vn -0.523 0.8166 -0.2441
vn -0.5425 0.8165 -0.1974
vn -0.227 0.9704 -0.0826
vn -0.2188 0.9704 -0.1021
vn -0.0561 0.9982 -0.0204
vn -0.0541 0.9982 -0.0253
vn -0.0085 1 -0.004
vn -0.0088 1 -0.0032
vn -0.0082 1 -0.0047
vn -0.0077 1 -0.0054
vn -0.5576 0.8166 -0.1492
vn -0.2333 0.9704 -0.0624
vn -0.5685 0.8166 -0.1002
vn -0.2378 0.9704 -0.0419
vn -0.0576 0.9982 -0.0154
vn -0.0588 0.9982 -0.0104
vn -0.575 0.8166 -0.0505
vn -0.5773 0.8165 0
vn -0.2416 0.9704 -0
vn -0.2405 0.9704 -0.0211
vn -0.0597 0.9982 0
vn -0.0595 0.9982 -0.0052
vn -0.0094 1 -0.0008
vn -0.0094 1 -0
vn -0.0093 1 -0.0016
vn -0.0091 1 -0.0024
vn -0.575 0.8166 0.0505
vn -0.2406 0.9704 0.0211
vn -0.5685 0.8166 0.1002
vn -0.2378 0.9704 0.0419
vn -0.0594 0.9982 0.0052
vn -0.0588 0.9982 0.0104
vn -0.5575 0.8166 0.1492
vn -0.5425 0.8165 0.1974
vn -0.227 0.9704 0.0826
vn -0.2332 0.9704 0.0624
vn -0.0561 0.9982 0.0204
vn -0.0577 0.9982 0.0154
vn -0.0091 1 0.0024
vn -0.0088 1 0.0032
vn -0.0093 1 0.0016
vn -0.0094 1 0.0008
vn -0.5231 0.8166 0.2441
vn -0.2188 0.9704 0.1021
vn -0.4999 0.8166 0.2886
vn -0.2091 0.9704 0.1207
vn -0.0541 0.9982 0.0252
vn -0.0517 0.9982 0.0298
vn -0.4729 0.8166 0.3309
vn -0.4422 0.8165 0.3711
vn -0.1851 0.9704 0.1553
vn -0.1978 0.9704 0.1384
vn -0.0457 0.9982 0.0384
vn -0.0489 0.9982 0.0342
vn -0.0077 1 0.0054
vn -0.0072 1 0.006
vn -0.0082 1 0.0047
vn -0.0085 1 0.004
vn -0.408 0.8166 0.4083
vn -0.1707 0.9704 0.1708
vn -0.371 0.8166 0.4422
vn -0.1552 0.9704 0.185
vn -0.0422 0.9982 0.0422
vn -0.0384 0.9982 0.0457
vn -0.3312 0.8166 0.4727
vn -0.2886 0.8165 0.4999
vn -0.1208 0.9704 0.2093
vn -0.1385 0.9704 0.1977
vn -0.0298 0.9982 0.0517
vn -0.0343 0.9982 0.0489
vn -0.0054 1 0.0077
vn -0.0047 1 0.0081
vn -0.0061 1 0.0072
vn -0.0066 1 0.0066
vn -0.2438 0.8166 0.5232
vn -0.102 0.9704 0.2189
vn -0.1974 0.8166 0.5424
vn -0.0826 0.9704 0.2269
vn -0.0252 0.9982 0.0541
vn -0.0204 0.9982 0.0561
vn -0.1496 0.8166 0.5575
vn -0.1002 0.8165 0.5685
vn -0.042 0.9704 0.238
vn -0.0626 0.9704 0.2332
vn -0.0104 0.9982 0.0588
vn -0.0155 0.9982 0.0577
vn -0.0024 1 0.0091
vn -0.0016 1 0.0093
vn -0.0032 1 0.0088
vn -0.004 1 0.0085
vn -0.0501 0.8166 0.5751
vn -0.021 0.9704 0.2406
vn -0 0.8166 0.5772
vn 0 0.9704 0.2415
vn -0.0052 0.9982 0.0595
vn 0 0.9982 0.0597
vn 0.0501 0.8166 0.575
vn 0.1002 0.8165 0.5685
vn 0.042 0.9704 0.2379
vn 0.021 0.9704 0.2405
vn 0.0104 0.9982 0.0588
vn 0.0052 0.9982 0.0595
vn 0.0008 1 0.0094
vn 0.0016 1 0.0093
vn -0 1 0.0094
vn -0.0008 1 0.0094
vn 0.1496 0.8166 0.5575
vn 0.0626 0.9704 0.2332
vn 0.1974 0.8166 0.5424
vn 0.0826 0.9704 0.2269
vn 0.0155 0.9982 0.0576
vn 0.0204 0.9982 0.0561
vn 0.2437 0.8166 0.5232
vn 0.2886 0.8165 0.4999
vn 0.1208 0.9704 0.2093
vn 0.102 0.9704 0.2188
vn 0.0298 0.9982 0.0517
vn 0.0252 0.9982 0.0541
vn 0.004 1 0.0085
vn 0.0047 1 0.0081
vn 0.0032 1 0.0088
vn 0.0024 1 0.0091
vn 0.3313 0.8166 0.4727
vn 0.1386 0.9704 0.1978
vn 0.371 0.8166 0.4422
vn 0.1552 0.9704 0.185
vn 0.0342 0.9982 0.0489
vn 0.0384 0.9982 0.0457
vn 0.408 0.8166 0.4083
vn 0.4422 0.8165 0.3711
vn 0.1851 0.9704 0.1553
vn 0.1707 0.9704 0.1708
vn 0.0457 0.9982 0.0384
vn 0.0422 0.9982 0.0423
vn 0.0066 1 0.0066
vn 0.0072 1 0.006
vn 0.0061 1 0.0072
vn 0.0054 1 0.0077
vn 0.473 0.8166 0.3309
vn 0.1979 0.9704 0.1384
vn 0.4999 0.8166 0.2886
vn 0.2091 0.9704 0.1207
vn 0.0489 0.9982 0.0342
vn 0.0517 0.9982 0.0298
vn 0.523 0.8166 0.2441
vn 0.5425 0.8165 0.1974
vn 0.227 0.9704 0.0826
vn 0.2188 0.9704 0.1021
vn 0.0561 0.9982 0.0204
vn 0.0541 0.9982 0.0253
vn 0.0085 1 0.004
vn 0.0088 1 0.0032
vn 0.0082 1 0.0047
vn 0.0077 1 0.0054
vn 0.5576 0.8166 0.1492
vn 0.2333 0.9704 0.0624
vn 0.5685 0.8166 0.1002
vn 0.2378 0.9704 0.0419
vn 0.0576 0.9982 0.0154
vn 0.0588 0.9982 0.0104
vn 0.5749 0.8166 0.0505
vn 0.2405 0.9704 0.0211
vn 0.0595 0.9982 0.0052
vn 0.0094 1 0.0008
vn 0.0093 1 0.0016
vn 0.0091 1 0.0024
vn -0.1575 0.4207 0.8934
vn -0.0788 0.4207 0.9038
vn -0.0861 0.1273 0.9881
vn -0.1722 0.1273 0.9768
vn 0 0.4206 0.9072
vn 0 0.1273 0.9919
vn -0.0868 0.003 0.9962
vn -0.1736 0.003 0.9848
vn 0 0.003 1
vn 0.0788 0.4206 0.9038
vn 0.1575 0.4207 0.8934
vn 0.1722 0.1273 0.9768
vn 0.0861 0.1273 0.9881
vn 0.1736 0.003 0.9848
vn 0.0868 0.003 0.9962
vn 0.0868 0.0003 0.9962
vn 0.1736 0.0003 0.9848
vn 0 0.0003 1
vn -0.1736 0.0003 0.9848
vn -0.0868 0.0003 0.9962
vn -0.4536 0.4207 0.7857
vn -0.3831 0.4207 0.8223
vn -0.4189 0.1273 0.8991
vn -0.4959 0.1273 0.859
vn -0.3103 0.4207 0.8525
vn -0.3392 0.1273 0.932
vn -0.4223 0.003 0.9064
vn -0.5 0.003 0.866
vn -0.342 0.003 0.9397
vn -0.2351 0.4206 0.8762
vn -0.257 0.1273 0.958
vn -0.2591 0.003 0.9658
vn -0.2591 0.0003 0.9658
vn -0.342 0.0003 0.9397
vn -0.5 0.0003 0.866
vn -0.4223 0.0003 0.9064
vn -0.6949 0.4207 0.5831
vn -0.6413 0.4207 0.6417
vn -0.7011 0.1273 0.7016
vn -0.7598 0.1273 0.6376
vn -0.5831 0.4207 0.695
vn -0.6376 0.1273 0.7598
vn -0.7069 0.003 0.7073
vn -0.766 0.003 0.6428
vn -0.6428 0.003 0.766
vn -0.5206 0.4206 0.743
vn -0.5692 0.1273 0.8123
vn -0.5739 0.003 0.819
vn -0.5739 0.0003 0.819
vn -0.6428 0.0003 0.766
vn -0.766 0.0003 0.6428
vn -0.7069 0.0003 0.7073
vn -0.8525 0.4207 0.3103
vn -0.8221 0.4207 0.3837
vn -0.8988 0.1273 0.4195
vn -0.932 0.1273 0.3392
vn -0.7857 0.4207 0.4536
vn -0.859 0.1273 0.4959
vn -0.9062 0.003 0.4229
vn -0.9397 0.003 0.342
vn -0.866 0.003 0.5
vn -0.7433 0.4206 0.5201
vn -0.8127 0.1273 0.5686
vn -0.8193 0.003 0.5733
vn -0.8193 -0 0.5733
vn -0.8193 0.0003 0.5733
vn -0.866 0.0003 0.5
vn -0.9397 0.0003 0.342
vn -0.9062 0.0003 0.4229
vn -0.9072 0.4207 0
vn -0.9037 0.4207 0.0794
vn -0.9881 0.1273 0.0868
vn -0.9919 0.1273 0
vn -0.8934 0.4207 0.1575
vn -0.9768 0.1273 0.1722
vn -0.9962 0.003 0.0875
vn -1 0.003 0
vn -0.9848 0.003 0.1736
vn -0.8764 0.4206 0.2345
vn -0.9582 0.1273 0.2564
vn -0.966 0.003 0.2585
vn -0.966 0.0003 0.2585
vn -0.9848 0.0003 0.1737
vn -1 0.0003 -0
vn -0.9962 0.0003 0.0875
vn -0.8525 0.4207 -0.3103
vn -0.8764 0.4207 -0.2345
vn -0.9582 0.1273 -0.2564
vn -0.932 0.1273 -0.3392
vn -0.8934 0.4207 -0.1575
vn -0.9768 0.1273 -0.1722
vn -0.966 0.003 -0.2585
vn -0.9397 0.003 -0.342
vn -0.9848 0.003 -0.1736
vn -0.9038 0.4206 -0.0794
vn -0.9881 0.1273 -0.0868
vn -0.9962 0.003 -0.0875
vn -0.9962 0.0003 -0.0875
vn -0.9848 0.0003 -0.1737
vn -0.9397 0.0003 -0.342
vn -0.966 0.0003 -0.2585
vn -0.695 0.4207 -0.5831
vn -0.7433 0.4207 -0.5201
vn -0.8127 0.1273 -0.5686
vn -0.7598 0.1273 -0.6376
vn -0.7857 0.4207 -0.4536
vn -0.859 0.1273 -0.4959
vn -0.8193 0.003 -0.5733
vn -0.766 0.003 -0.6428
vn -0.866 0.003 -0.5
vn -0.8221 0.4206 -0.3837
vn -0.8988 0.1273 -0.4195
vn -0.9062 0.003 -0.4229
vn -0.9062 0.0003 -0.4229
vn -0.866 0.0003 -0.5
vn -0.766 0.0003 -0.6428
vn -0.8193 0.0003 -0.5733
vn -0.4536 0.4207 -0.7857
vn -0.5206 0.4207 -0.743
vn -0.5692 0.1273 -0.8123
vn -0.4959 0.1273 -0.859
vn -0.5831 0.4207 -0.695
vn -0.6376 0.1273 -0.7598
vn -0.5739 0.003 -0.819
vn -0.5 0.003 -0.866
vn -0.6428 0.003 -0.766
vn -0.6413 0.4206 -0.6417
vn -0.7011 0.1273 -0.7016
vn -0.7069 0.003 -0.7073
vn -0.7069 0.0003 -0.7073
vn -0.6428 0.0003 -0.766
vn -0.5738 0 -0.819
vn -0.5 0.0003 -0.866
vn -0.5739 0.0003 -0.819
vn -0.1575 0.4207 -0.8934
vn -0.2351 0.4207 -0.8762
vn -0.257 0.1273 -0.958
vn -0.1722 0.1273 -0.9768
vn -0.3103 0.4207 -0.8525
vn -0.3392 0.1273 -0.932
vn -0.2591 0.003 -0.9658
vn -0.1736 0.003 -0.9848
vn -0.342 0.003 -0.9397
vn -0.3831 0.4206 -0.8224
vn -0.4189 0.1273 -0.8991
vn -0.4223 0.003 -0.9064
vn -0.4223 0.0003 -0.9064
vn -0.342 0.0003 -0.9397
vn -0.1736 0.0003 -0.9848
vn -0.2591 0.0003 -0.9658
vn 0.1575 0.4207 -0.8934
vn 0.0788 0.4207 -0.9038
vn 0.0861 0.1273 -0.9881
vn 0.1722 0.1273 -0.9768
vn 0 0.4206 -0.9072
vn 0 0.1273 -0.9919
vn 0.0868 0.003 -0.9962
vn 0.1736 0.003 -0.9848
vn 0 0.003 -1
vn -0.0788 0.4206 -0.9038
vn -0.0861 0.1273 -0.9881
vn -0.0868 0.003 -0.9962
vn -0.0868 0.0003 -0.9962
vn -0 0.0003 -1
vn 0.1737 0.0003 -0.9848
vn 0.0868 0.0003 -0.9962
vn 0.4536 0.4207 -0.7857
vn 0.3831 0.4207 -0.8223
vn 0.4189 0.1273 -0.8991
vn 0.4959 0.1273 -0.859
vn 0.3103 0.4207 -0.8525
vn 0.3392 0.1273 -0.932
vn 0.4223 0.003 -0.9064
vn 0.5 0.003 -0.866
vn 0.342 0.003 -0.9397
vn 0.2351 0.4206 -0.8762
vn 0.257 0.1273 -0.958
vn 0.2591 0.003 -0.9658
vn 0.2591 0.0003 -0.9658
vn 0.342 0.0003 -0.9397
vn 0.5 0.0003 -0.866
vn 0.4223 0.0003 -0.9064
vn 0.695 0.4207 -0.5831
vn 0.6413 0.4207 -0.6417
vn 0.7011 0.1273 -0.7016
vn 0.7598 0.1273 -0.6376
vn 0.5831 0.4207 -0.695
vn 0.6376 0.1273 -0.7598
vn 0.7069 0.003 -0.7073
vn 0.766 0.003 -0.6428
vn 0.6428 0.003 -0.766
vn 0.5206 0.4206 -0.743
vn 0.5692 0.1273 -0.8123
vn 0.5739 0.003 -0.819
vn 0.5739 0.0003 -0.819
vn 0.6428 0.0003 -0.766
vn 0.766 0.0003 -0.6428
vn 0.7069 0.0003 -0.7073
vn 0.8525 0.4207 -0.3103
vn 0.8221 0.4207 -0.3837
vn 0.8988 0.1273 -0.4195
vn 0.932 0.1273 -0.3392
vn 0.7857 0.4207 -0.4536
vn 0.859 0.1273 -0.4959
vn 0.9062 0.003 -0.4229
vn 0.9397 0.003 -0.342
vn 0.866 0.003 -0.5
vn 0.7433 0.4206 -0.5201
vn 0.8127 0.1273 -0.5686
vn 0.8193 0.003 -0.5733
vn 0.8193 0.0003 -0.5733
vn 0.866 0.0003 -0.5
vn 0.9397 0.0003 -0.342
vn 0.9062 0.0003 -0.4229
vn 0.9072 0.4207 -0
vn 0.9037 0.4207 -0.0794
vn 0.9881 0.1273 -0.0868
vn 0.9919 0.1273 -0
vn 0.8934 0.4207 -0.1575
vn 0.9768 0.1273 -0.1722
vn 0.9962 0.003 -0.0875
vn 1 0.003 0
vn 0.9848 0.003 -0.1736
vn 0.8764 0.4206 -0.2345
vn 0.9582 0.1273 -0.2564
vn 0.966 0.003 -0.2585
vn 0.966 0.0003 -0.2585
vn 0.9848 -0 -0.1737
vn 0.9848 0.0003 -0.1736
vn 1 0.0003 0
vn 0.9962 0.0003 -0.0875
vn 0.8525 0.4207 0.3103
vn 0.8764 0.4207 0.2345
vn 0.9582 0.1273 0.2564
vn 0.932 0.1273 0.3392
vn 0.8934 0.4207 0.1575
vn 0.9768 0.1273 0.1722
vn 0.966 0.003 0.2585
vn 0.9397 0.003 0.342
vn 0.9848 0.003 0.1736
vn 0.9037 0.4206 0.0794
vn 0.9881 0.1273 0.0868
vn 0.9962 0.003 0.0875
vn 0.9962 0.0003 0.0875
vn 0.9848 0.0003 0.1737
vn 0.9397 0.0003 0.342
vn 0.966 0.0003 0.2585
vn 0.695 0.4207 0.5831
vn 0.7433 0.4207 0.5201
vn 0.8127 0.1273 0.5686
vn 0.7598 0.1273 0.6376
vn 0.7857 0.4207 0.4536
vn 0.859 0.1273 0.4959
vn 0.8193 0.003 0.5733
vn 0.766 0.003 0.6428
vn 0.866 0.003 0.5
vn 0.8221 0.4206 0.3837
vn 0.8988 0.1273 0.4195
vn 0.9062 0.003 0.4229
vn 0.9062 0.0003 0.4229
vn 0.866 0.0003 0.5
vn 0.766 0.0003 0.6428
vn 0.8193 0.0003 0.5733
vn 0.4536 0.4207 0.7856
vn 0.5206 0.4207 0.743
vn 0.5692 0.1273 0.8123
vn 0.4959 0.1273 0.859
vn 0.5831 0.4207 0.695
vn 0.6376 0.1273 0.7598
vn 0.5739 0.003 0.819
vn 0.5 0.003 0.866
vn 0.6428 0.003 0.766
vn 0.6413 0.4206 0.6417
vn 0.7011 0.1273 0.7016
vn 0.7069 0.003 0.7073
vn 0.7069 0.0003 0.7073
vn 0.6428 0.0003 0.766
vn 0.5 0.0003 0.866
vn 0.5739 0.0003 0.819
vn 0.2351 0.4207 0.8762
vn 0.257 0.1273 0.958
vn 0.3103 0.4207 0.8525
vn 0.3392 0.1273 0.932
vn 0.2591 0.003 0.9658
vn 0.342 0.003 0.9397
vn 0.3831 0.4206 0.8224
vn 0.4189 0.1273 0.8991
vn 0.4223 0.003 0.9064
vn 0.4223 0.0003 0.9064
vn 0.342 0.0003 0.9397
vn 0.2591 0.0003 0.9658
vn 0.9397 0.0025 -0.342
vn 0.966 0.0025 -0.2585
vn 0.9394 0.0233 -0.3419
vn 0.9657 0.0233 -0.2584
vn 0.9848 0.0025 -0.1736
vn 0.9845 0.0233 -0.1736
vn 0.8715 0.3739 -0.3172
vn 0.896 0.3739 -0.2398
vn 0.9134 0.3739 -0.1611
vn 0.9275 0.3739 -0
vn 0.9239 0.3739 -0.0811
vn 0.9997 0.0233 0
vn 0.9959 0.0233 -0.0875
vn 1 0.0025 0
vn 0.9962 0.0025 -0.0875
vn 0.766 0.0025 -0.6428
vn 0.8193 0.0025 -0.5733
vn 0.7658 0.0233 -0.6426
vn 0.8191 0.0233 -0.5731
vn 0.866 0.0025 -0.5
vn 0.8658 0.0233 -0.4999
vn 0.7105 0.3739 -0.5962
vn 0.7599 0.3739 -0.5317
vn 0.8032 0.3739 -0.4637
vn 0.8405 0.3739 -0.3923
vn 0.9059 0.0233 -0.4228
vn 0.9062 0.0025 -0.4229
vn 0.5 0.0025 -0.866
vn 0.5739 0.0025 -0.819
vn 0.4999 0.0233 -0.8658
vn 0.5737 0.0233 -0.8187
vn 0.6428 0.0025 -0.766
vn 0.6426 0.0233 -0.7658
vn 0.4637 0.3739 -0.8032
vn 0.5322 0.3739 -0.7596
vn 0.5962 0.3739 -0.7105
vn 0.6556 0.3739 -0.656
vn 0.7067 0.0233 -0.7072
vn 0.7069 0.0025 -0.7073
vn 0.1736 0.0025 -0.9848
vn 0.2591 0.0025 -0.9658
vn 0.1736 0.0233 -0.9845
vn 0.2591 0.0233 -0.9656
vn 0.342 0.0025 -0.9397
vn 0.3419 0.0233 -0.9394
vn 0.1611 0.3739 -0.9134
vn 0.2403 0.3739 -0.8958
vn 0.3172 0.3739 -0.8715
vn 0.3917 0.3739 -0.8407
vn 0.4222 0.0233 -0.9062
vn 0.4223 0.0025 -0.9064
vn -0.1737 0.0025 -0.9848
vn -0.0868 0.0025 -0.9962
vn -0.1736 0.0233 -0.9845
vn -0.0868 0.0233 -0.996
vn -0 0.0025 -1
vn -0 0.0233 -0.9997
vn -0.1611 0.3739 -0.9134
vn -0.0805 0.3739 -0.924
vn 0 0.3739 -0.9275
vn 0.0805 0.3739 -0.924
vn 0.0868 0.0233 -0.996
vn 0.0868 0.0025 -0.9962
vn -0.5 0.0025 -0.866
vn -0.4223 0.0025 -0.9064
vn -0.4999 0.0233 -0.8658
vn -0.4222 0.0233 -0.9062
vn -0.342 0.0025 -0.9397
vn -0.3419 0.0233 -0.9394
vn -0.4637 0.3739 -0.8032
vn -0.3917 0.3739 -0.8407
vn -0.3172 0.3739 -0.8715
vn -0.2404 0.3739 -0.8958
vn -0.2591 0.0233 -0.9656
vn -0.2591 0.0025 -0.9658
vn -0.766 0.0025 -0.6428
vn -0.7069 0.0025 -0.7073
vn -0.7658 0.0233 -0.6426
vn -0.7067 0.0233 -0.7072
vn -0.6428 0.0025 -0.766
vn -0.6426 0.0233 -0.7658
vn -0.7105 0.3739 -0.5962
vn -0.6556 0.3739 -0.656
vn -0.5962 0.3739 -0.7105
vn -0.5322 0.3739 -0.7596
vn -0.5737 0.0233 -0.8187
vn -0.5739 0.0025 -0.819
vn -0.9397 0.0025 -0.342
vn -0.9062 0.0025 -0.4229
vn -0.9394 0.0233 -0.3419
vn -0.9059 0.0233 -0.4228
vn -0.866 0.0025 -0.5
vn -0.8658 0.0233 -0.4999
vn -0.8715 0.3739 -0.3172
vn -0.8405 0.3739 -0.3923
vn -0.8032 0.3739 -0.4637
vn -0.7599 0.3739 -0.5317
vn -0.8191 0.0233 -0.5731
vn -0.8193 0.0025 -0.5733
vn -1 0.0025 -0
vn -0.9962 0.0025 -0.0875
vn -0.9997 0.0233 0
vn -0.9959 0.0233 -0.0875
vn -0.9848 0.0025 -0.1737
vn -0.9845 0.0233 -0.1736
vn -0.9275 0.3739 -0
vn -0.9239 0.3739 -0.0811
vn -0.9134 0.3739 -0.1611
vn -0.896 0.3739 -0.2398
vn -0.9657 0.0233 -0.2584
vn -0.966 0.0025 -0.2585
vn -0.9397 0.0025 0.342
vn -0.966 0.0025 0.2585
vn -0.9394 0.0233 0.3419
vn -0.9657 0.0233 0.2584
vn -0.9848 0.0025 0.1737
vn -0.9845 0.0233 0.1736
vn -0.8715 0.3739 0.3172
vn -0.896 0.3739 0.2398
vn -0.9134 0.3739 0.1611
vn -0.9239 0.3739 0.0811
vn -0.9959 0.0233 0.0875
vn -0.9962 0.0025 0.0875
vn -0.766 0.0025 0.6428
vn -0.8193 0.0025 0.5733
vn -0.7658 0.0233 0.6426
vn -0.8191 0.0233 0.5731
vn -0.866 0.0025 0.5
vn -0.8658 0.0233 0.4999
vn -0.7105 0.3739 0.5962
vn -0.7599 0.3739 0.5317
vn -0.8032 0.3739 0.4637
vn -0.8405 0.3739 0.3923
vn -0.9059 0.0233 0.4228
vn -0.9062 0.0025 0.4229
vn -0.5 0.0025 0.866
vn -0.5739 0.0025 0.819
vn -0.4999 0.0233 0.8658
vn -0.5737 0.0233 0.8187
vn -0.6428 0.0025 0.766
vn -0.6426 0.0233 0.7658
vn -0.4637 0.3739 0.8032
vn -0.5322 0.3739 0.7596
vn -0.5962 0.3739 0.7105
vn -0.6556 0.3739 0.656
vn -0.7067 0.0233 0.7072
vn -0.7069 0.0025 0.7073
vn -0.1736 0.0025 0.9848
vn -0.2591 0.0025 0.9658
vn -0.1736 0.0233 0.9845
vn -0.2591 0.0233 0.9656
vn -0.342 0.0025 0.9397
vn -0.3419 0.0233 0.9394
vn -0.1611 0.3739 0.9134
vn -0.2403 0.3739 0.8958
vn -0.3172 0.3739 0.8715
vn -0.3917 0.3739 0.8407
vn -0.4222 0.0233 0.9062
vn -0.4223 0.0025 0.9064
vn 0.1737 0.0025 0.9848
vn 0.0868 0.0025 0.9962
vn 0.1736 0.0233 0.9845
vn 0.0868 0.0233 0.996
vn -0 0.0025 1
vn -0 0.0233 0.9997
vn 0.1611 0.3739 0.9134
vn 0.0805 0.3739 0.924
vn -0 0.3739 0.9275
vn -0.0805 0.3739 0.924
vn -0.0868 0.0233 0.996
vn -0.0868 0.0025 0.9962
vn 0.5 0.0025 0.866
vn 0.4223 0.0025 0.9064
vn 0.4999 0.0233 0.8658
vn 0.4222 0.0233 0.9062
vn 0.342 0.0025 0.9397
vn 0.3419 0.0233 0.9394
vn 0.4637 0.3739 0.8032
vn 0.3917 0.3739 0.8407
vn 0.3172 0.3739 0.8715
vn 0.2403 0.3739 0.8958
vn 0.2591 0.0233 0.9656
vn 0.2591 0.0025 0.9658
vn 0.766 0.0025 0.6428
vn 0.7069 0.0025 0.7073
vn 0.7658 0.0233 0.6426
vn 0.7067 0.0233 0.7072
vn 0.6428 0.0025 0.766
vn 0.6426 0.0233 0.7658
vn 0.7105 0.3739 0.5962
vn 0.6556 0.3739 0.656
vn 0.5962 0.3739 0.7105
vn 0.5322 0.3739 0.7596
vn 0.5737 0.0233 0.8187
vn 0.5738 0.0025 0.819
vn 0.9397 0.0025 0.342
vn 0.9062 0.0025 0.4229
vn 0.9394 0.0233 0.3419
vn 0.9059 0.0233 0.4228
vn 0.866 0.0025 0.5
vn 0.8658 0.0233 0.4999
vn 0.8715 0.3739 0.3172
vn 0.8405 0.3739 0.3923
vn 0.8032 0.3739 0.4637
vn 0.7599 0.3739 0.5317
vn 0.8191 0.0233 0.5731
vn 0.8193 0.0025 0.5733
vn 0.9962 0.0025 0.0875
vn 0.9959 0.0233 0.0875
vn 0.9848 0.0025 0.1736
vn 0.9845 0.0233 0.1736
vn 0.9239 0.3739 0.0811
vn 0.9134 0.3739 0.1611
vn 0.896 0.3739 0.2398
vn 0.9657 0.0233 0.2584
vn 0.966 0.0025 0.2585
vn -0.2592 0 -0.9658
vn 0.5738 0 0.819
vn -0.0204 0.9998 0.0074
vn -0.021 0.9998 0.0056
vn -0.1445 0.9881 0.0526
vn -0.1486 0.9881 0.0398
vn -0.0215 0.9998 0.0038
vn -0.1515 0.9881 0.0267
vn -0.5347 0.8224 0.1946
vn -0.5497 0.8223 0.1471
vn -0.5604 0.8223 0.0988
vn -0.569 0.8224 -0
vn -0.5669 0.8223 0.0498
vn -0.1538 0.9881 0
vn -0.1533 0.9881 0.0135
vn -0.0218 0.9998 0
vn -0.0217 0.9998 0.0019
vn -0.0167 0.9998 0.014
vn -0.0178 0.9998 0.0125
vn -0.1178 0.9881 0.0989
vn -0.126 0.9881 0.0882
vn -0.0189 0.9998 0.0109
vn -0.1333 0.9881 0.0769
vn -0.4359 0.8224 0.3657
vn -0.4662 0.8223 0.3262
vn -0.4929 0.8223 0.2846
vn -0.5157 0.8223 0.2407
vn -0.1394 0.9881 0.0651
vn -0.0197 0.9998 0.0092
vn -0.0109 0.9998 0.0188
vn -0.0125 0.9998 0.0178
vn -0.0769 0.9881 0.1332
vn -0.0883 0.9881 0.126
vn -0.014 0.9998 0.0167
vn -0.0989 0.9881 0.1179
vn -0.2845 0.8223 0.4928
vn -0.3265 0.8223 0.466
vn -0.3658 0.8223 0.436
vn -0.4022 0.8223 0.4025
vn -0.1088 0.9881 0.1088
vn -0.0154 0.9998 0.0154
vn -0.0038 0.9998 0.0214
vn -0.0056 0.9998 0.021
vn -0.0267 0.9881 0.1515
vn -0.0399 0.9881 0.1485
vn -0.0075 0.9998 0.0205
vn -0.0526 0.9881 0.1446
vn -0.0988 0.8224 0.5603
vn -0.1475 0.8223 0.5496
vn -0.1946 0.8223 0.5348
vn -0.2403 0.8223 0.5158
vn -0.065 0.9881 0.1395
vn -0.0092 0.9998 0.0197
vn 0.0038 0.9998 0.0214
vn 0.0019 0.9998 0.0217
vn 0.0267 0.9881 0.1515
vn 0.0134 0.9881 0.1532
vn 0 0.9998 0.0218
vn 0 0.9881 0.1539
vn 0.0988 0.8224 0.5603
vn 0.0494 0.8223 0.5669
vn 0 0.8223 0.5691
vn -0.0494 0.8223 0.5669
vn -0.0134 0.9881 0.1533
vn -0.0019 0.9998 0.0217
vn 0.0109 0.9998 0.0188
vn 0.0092 0.9998 0.0197
vn 0.0769 0.9881 0.1332
vn 0.065 0.9881 0.1394
vn 0.0075 0.9998 0.0205
vn 0.0526 0.9881 0.1446
vn 0.2845 0.8224 0.4927
vn 0.2403 0.8223 0.5158
vn 0.1946 0.8223 0.5348
vn 0.1475 0.8223 0.5496
vn 0.0399 0.9881 0.1486
vn 0.0056 0.9998 0.021
vn 0.0167 0.9998 0.014
vn 0.0154 0.9998 0.0154
vn 0.1178 0.9881 0.0989
vn 0.1087 0.9881 0.1088
vn 0.014 0.9998 0.0167
vn 0.0989 0.9881 0.1179
vn 0.4359 0.8223 0.3657
vn 0.4022 0.8223 0.4025
vn 0.3658 0.8223 0.4359
vn 0.3266 0.8223 0.466
vn 0.0883 0.9881 0.126
vn 0.0125 0.9998 0.0178
vn 0.0204 0.9998 0.0074
vn 0.0197 0.9998 0.0092
vn 0.1445 0.9881 0.0526
vn 0.1394 0.9881 0.065
vn 0.0189 0.9998 0.0109
vn 0.1333 0.9881 0.0769
vn 0.5346 0.8224 0.1946
vn 0.5157 0.8223 0.2407
vn 0.4929 0.8223 0.2845
vn 0.4663 0.8223 0.3262
vn 0.1261 0.9881 0.0882
vn 0.0178 0.9998 0.0125
vn 0.0218 0.9998 0
vn 0.0217 0.9998 0.0019
vn 0.1538 0.9881 -0
vn 0.1532 0.9881 0.0135
vn 0.0215 0.9998 0.0038
vn 0.1515 0.9881 0.0267
vn 0.569 0.8224 0
vn 0.5669 0.8223 0.0498
vn 0.5604 0.8223 0.0988
vn 0.5497 0.8223 0.1471
vn 0.1486 0.9881 0.0398
vn 0.021 0.9998 0.0056
vn 0.0204 0.9998 -0.0074
vn 0.021 0.9998 -0.0056
vn 0.1445 0.9881 -0.0526
vn 0.1486 0.9881 -0.0398
vn 0.0215 0.9998 -0.0038
vn 0.1515 0.9881 -0.0267
vn 0.5347 0.8224 -0.1946
vn 0.5497 0.8223 -0.1471
vn 0.5604 0.8223 -0.0988
vn 0.5669 0.8223 -0.0498
vn 0.1533 0.9881 -0.0135
vn 0.0217 0.9998 -0.0019
vn 0.0167 0.9998 -0.014
vn 0.0178 0.9998 -0.0125
vn 0.1178 0.9881 -0.0989
vn 0.126 0.9881 -0.0882
vn 0.0189 0.9998 -0.0109
vn 0.1333 0.9881 -0.0769
vn 0.4359 0.8224 -0.3657
vn 0.4663 0.8223 -0.3262
vn 0.4929 0.8223 -0.2846
vn 0.5157 0.8223 -0.2407
vn 0.1394 0.9881 -0.0651
vn 0.0197 0.9998 -0.0092
vn 0.0109 0.9998 -0.0188
vn 0.0125 0.9998 -0.0178
vn 0.0769 0.9881 -0.1332
vn 0.0883 0.9881 -0.126
vn 0.014 0.9998 -0.0167
vn 0.0989 0.9881 -0.1179
vn 0.2845 0.8224 -0.4927
vn 0.3265 0.8223 -0.466
vn 0.3658 0.8223 -0.436
vn 0.4023 0.8223 -0.4025
vn 0.1088 0.9881 -0.1088
vn 0.0154 0.9998 -0.0154
vn 0.0038 0.9998 -0.0214
vn 0.0056 0.9998 -0.021
vn 0.0267 0.9881 -0.1515
vn 0.0399 0.9881 -0.1485
vn 0.0075 0.9998 -0.0205
vn 0.0526 0.9881 -0.1446
vn 0.0988 0.8224 -0.5603
vn 0.1475 0.8223 -0.5496
vn 0.1946 0.8223 -0.5348
vn 0.2403 0.8223 -0.5158
vn 0.065 0.9881 -0.1395
vn 0.0092 0.9998 -0.0197
vn -0.0038 0.9998 -0.0214
vn -0.0019 0.9998 -0.0217
vn -0.0267 0.9881 -0.1515
vn -0.0134 0.9881 -0.1532
vn 0 0.9998 -0.0218
vn 0 0.9881 -0.1539
vn -0.0988 0.8224 -0.5603
vn -0.0494 0.8223 -0.5669
vn -0 0.8223 -0.5691
vn 0.0494 0.8223 -0.5669
vn 0.0134 0.9881 -0.1533
vn 0.0019 0.9998 -0.0217
vn -0.0109 0.9998 -0.0188
vn -0.0092 0.9998 -0.0197
vn -0.0769 0.9881 -0.1332
vn -0.065 0.9881 -0.1394
vn -0.0075 0.9998 -0.0205
vn -0.0526 0.9881 -0.1446
vn -0.2845 0.8224 -0.4927
vn -0.2403 0.8223 -0.5158
vn -0.1946 0.8223 -0.5348
vn -0.1475 0.8223 -0.5496
vn -0.0399 0.9881 -0.1486
vn -0.0056 0.9998 -0.021
vn -0.0167 0.9998 -0.014
vn -0.0154 0.9998 -0.0154
vn -0.1178 0.9881 -0.0989
vn -0.1087 0.9881 -0.1088
vn -0.014 0.9998 -0.0167
vn -0.0989 0.9881 -0.1179
vn -0.4359 0.8224 -0.3657
vn -0.4022 0.8223 -0.4025
vn -0.3658 0.8223 -0.4359
vn -0.3265 0.8223 -0.466
vn -0.0883 0.9881 -0.126
vn -0.0125 0.9998 -0.0178
vn -0.0204 0.9998 -0.0074
vn -0.0197 0.9998 -0.0092
vn -0.1445 0.9881 -0.0526
vn -0.1394 0.9881 -0.065
vn -0.0189 0.9998 -0.0109
vn -0.1333 0.9881 -0.0769
vn -0.5347 0.8224 -0.1946
vn -0.5157 0.8223 -0.2407
vn -0.4928 0.8223 -0.2845
vn -0.4663 0.8223 -0.3262
vn -0.1261 0.9881 -0.0882
vn -0.0178 0.9998 -0.0125
vn -0.0217 0.9998 -0.0019
vn -0.1532 0.9881 -0.0135
vn -0.0215 0.9998 -0.0038
vn -0.1515 0.9881 -0.0267
vn -0.5669 0.8223 -0.0498
vn -0.5604 0.8223 -0.0988
vn -0.5497 0.8223 -0.1471
vn -0.1486 0.9881 -0.0398
vn -0.021 0.9998 -0.0056
vn -0.342 -0 0.9397
vn -0.1737 0 -0.9848
vn -0.1737 -0 -0.9848
vn 0 -0 -1
vn 0.7069 -0 -0.7073
vn 0.9062 -0 -0.4229
vn 0.9848 0 0.1737
vn -0.0288 -0.9996 -0
vn -0.0287 -0.9996 0.0025
vn -0.2061 -0.9785 -0
vn -0.2053 -0.9785 0.018
vn -0.0284 -0.9996 0.005
vn -0.203 -0.9785 0.0358
vn -0.6743 -0.7384 0
vn -0.954 -0.2999 0
vn -0.9503 -0.2998 0.0835
vn -0.6718 -0.7383 0.059
vn -0.9395 -0.2998 0.1657
vn -0.6642 -0.7383 0.1171
vn -0.8964 -0.2999 0.3263
vn -0.6337 -0.7384 0.2306
vn -0.6515 -0.7384 0.1743
vn -0.9216 -0.2999 0.2466
vn -0.1937 -0.9785 0.0705
vn -0.1991 -0.9785 0.0533
vn -0.0271 -0.9996 0.0099
vn -0.0278 -0.9996 0.0075
vn -0.0271 -0.9996 -0.0099
vn -0.0278 -0.9996 -0.0075
vn -0.1937 -0.9785 -0.0705
vn -0.1991 -0.9785 -0.0533
vn -0.0284 -0.9996 -0.005
vn -0.203 -0.9785 -0.0358
vn -0.6337 -0.7384 -0.2306
vn -0.8964 -0.2999 -0.3263
vn -0.9216 -0.2999 -0.2466
vn -0.6515 -0.7383 -0.1743
vn -0.9395 -0.2998 -0.1657
vn -0.6642 -0.7383 -0.1171
vn -0.6718 -0.7383 -0.059
vn -0.9503 -0.2998 -0.0835
vn -0.2054 -0.9785 -0.018
vn -0.0287 -0.9996 -0.0025
vn -0.0221 -0.9996 -0.0185
vn -0.0236 -0.9996 -0.0165
vn -0.1579 -0.9785 -0.1325
vn -0.1689 -0.9785 -0.1182
vn -0.025 -0.9996 -0.0144
vn -0.1785 -0.9785 -0.1031
vn -0.5166 -0.7384 -0.4335
vn -0.7308 -0.2999 -0.6132
vn -0.7816 -0.2999 -0.5469
vn -0.5526 -0.7383 -0.3866
vn -0.8262 -0.2998 -0.477
vn -0.5841 -0.7383 -0.3372
vn -0.6111 -0.7383 -0.2852
vn -0.8645 -0.2999 -0.4035
vn -0.1868 -0.9785 -0.0872
vn -0.0261 -0.9996 -0.0122
vn -0.0144 -0.9996 -0.025
vn -0.0165 -0.9996 -0.0236
vn -0.103 -0.9785 -0.1785
vn -0.1183 -0.9785 -0.1688
vn -0.0185 -0.9996 -0.0221
vn -0.1325 -0.9785 -0.1579
vn -0.3372 -0.7384 -0.584
vn -0.477 -0.2999 -0.8262
vn -0.5474 -0.2999 -0.7813
vn -0.387 -0.7383 -0.5523
vn -0.6132 -0.2999 -0.7308
vn -0.4335 -0.7383 -0.5167
vn -0.4767 -0.7383 -0.477
vn -0.6743 -0.2999 -0.6748
vn -0.1457 -0.9785 -0.1458
vn -0.0204 -0.9996 -0.0204
vn -0.005 -0.9996 -0.0284
vn -0.0075 -0.9996 -0.0278
vn -0.0358 -0.9785 -0.203
vn -0.0534 -0.9785 -0.1991
vn -0.0099 -0.9996 -0.0271
vn -0.0705 -0.9785 -0.1937
vn -0.1171 -0.7384 -0.6641
vn -0.1657 -0.2999 -0.9395
vn -0.2472 -0.2999 -0.9214
vn -0.1748 -0.7383 -0.6514
vn -0.3263 -0.2998 -0.8965
vn -0.2307 -0.7383 -0.6338
vn -0.2848 -0.7383 -0.6113
vn -0.4029 -0.2999 -0.8647
vn -0.0871 -0.9785 -0.1869
vn -0.0122 -0.9996 -0.0261
vn 0.005 -0.9996 -0.0284
vn 0.0025 -0.9996 -0.0287
vn 0.0358 -0.9785 -0.203
vn 0.0179 -0.9785 -0.2054
vn 0 -0.9996 -0.0288
vn 0 -0.9785 -0.2062
vn 0.1171 -0.7384 -0.6641
vn 0.1657 -0.2999 -0.9395
vn 0.0828 -0.2999 -0.9504
vn 0.0586 -0.7384 -0.6719
vn 0 -0.2998 -0.954
vn 0 -0.7383 -0.6745
vn -0.0586 -0.7383 -0.6719
vn -0.0828 -0.2999 -0.9504
vn -0.0179 -0.9785 -0.2054
vn -0.0025 -0.9996 -0.0287
vn 0.0144 -0.9996 -0.025
vn 0.0122 -0.9996 -0.0261
vn 0.103 -0.9785 -0.1785
vn 0.0871 -0.9785 -0.1869
vn 0.0099 -0.9996 -0.0271
vn 0.0705 -0.9785 -0.1937
vn 0.3372 -0.7384 -0.584
vn 0.477 -0.2999 -0.8262
vn 0.4029 -0.2999 -0.8647
vn 0.2848 -0.7383 -0.6113
vn 0.3263 -0.2998 -0.8965
vn 0.2307 -0.7383 -0.6338
vn 0.1748 -0.7383 -0.6514
vn 0.2472 -0.2998 -0.9214
vn 0.0534 -0.9785 -0.1991
vn 0.0075 -0.9996 -0.0278
vn 0.0221 -0.9996 -0.0185
vn 0.0204 -0.9996 -0.0204
vn 0.1579 -0.9785 -0.1325
vn 0.1457 -0.9785 -0.1458
vn 0.0185 -0.9996 -0.0221
vn 0.1325 -0.9785 -0.1579
vn 0.5166 -0.7384 -0.4335
vn 0.7308 -0.2999 -0.6132
vn 0.6743 -0.2999 -0.6748
vn 0.4767 -0.7384 -0.477
vn 0.6132 -0.2998 -0.7308
vn 0.4335 -0.7383 -0.5167
vn 0.387 -0.7384 -0.5523
vn 0.5474 -0.2999 -0.7813
vn 0.1183 -0.9785 -0.1688
vn 0.0165 -0.9996 -0.0236
vn 0.0271 -0.9996 -0.0099
vn 0.0261 -0.9996 -0.0122
vn 0.1937 -0.9785 -0.0705
vn 0.1868 -0.9785 -0.0872
vn 0.025 -0.9996 -0.0144
vn 0.1785 -0.9785 -0.1031
vn 0.6337 -0.7384 -0.2306
vn 0.8964 -0.2999 -0.3263
vn 0.8645 -0.2999 -0.4035
vn 0.6111 -0.7383 -0.2852
vn 0.8262 -0.2998 -0.477
vn 0.5841 -0.7383 -0.3372
vn 0.5526 -0.7384 -0.3866
vn 0.7816 -0.2999 -0.5469
vn 0.1689 -0.9785 -0.1182
vn 0.0236 -0.9996 -0.0165
vn 0.0288 -0.9996 -0
vn 0.0287 -0.9996 -0.0025
vn 0.2061 -0.9785 -0
vn 0.2054 -0.9785 -0.018
vn 0.0284 -0.9996 -0.005
vn 0.203 -0.9785 -0.0358
vn 0.6743 -0.7384 0
vn 0.954 -0.2999 -0
vn 0.9503 -0.2998 -0.0835
vn 0.6718 -0.7383 -0.059
vn 0.9395 -0.2998 -0.1657
vn 0.6642 -0.7383 -0.1171
vn 0.6515 -0.7383 -0.1743
vn 0.9216 -0.2999 -0.2466
vn 0.1991 -0.9785 -0.0533
vn 0.0278 -0.9996 -0.0075
vn 0.0271 -0.9996 0.0099
vn 0.0278 -0.9996 0.0075
vn 0.1937 -0.9785 0.0705
vn 0.1991 -0.9785 0.0533
vn 0.0284 -0.9996 0.005
vn 0.203 -0.9785 0.0358
vn 0.6337 -0.7384 0.2306
vn 0.8964 -0.2999 0.3263
vn 0.9216 -0.2999 0.2466
vn 0.6515 -0.7383 0.1743
vn 0.9395 -0.2998 0.1657
vn 0.6642 -0.7383 0.1171
vn 0.6718 -0.7383 0.059
vn 0.9503 -0.2998 0.0835
vn 0.2054 -0.9785 0.018
vn 0.0287 -0.9996 0.0025
vn 0.0221 -0.9996 0.0185
vn 0.0236 -0.9996 0.0165
vn 0.1579 -0.9785 0.1325
vn 0.1689 -0.9785 0.1182
vn 0.025 -0.9996 0.0144
vn 0.1785 -0.9785 0.1031
vn 0.5166 -0.7384 0.4335
vn 0.7308 -0.2999 0.6132
vn 0.7816 -0.2999 0.5469
vn 0.5526 -0.7384 0.3866
vn 0.8262 -0.2998 0.477
vn 0.5841 -0.7383 0.3372
vn 0.6111 -0.7383 0.2852
vn 0.8645 -0.2999 0.4035
vn 0.1868 -0.9785 0.0872
vn 0.0261 -0.9996 0.0122
vn 0.0144 -0.9996 0.025
vn 0.0165 -0.9996 0.0236
vn 0.103 -0.9785 0.1785
vn 0.1183 -0.9785 0.1688
vn 0.0185 -0.9996 0.0221
vn 0.1325 -0.9785 0.1579
vn 0.3372 -0.7384 0.584
vn 0.477 -0.2999 0.8262
vn 0.5474 -0.2999 0.7813
vn 0.387 -0.7384 0.5523
vn 0.6132 -0.2998 0.7308
vn 0.4335 -0.7383 0.5167
vn 0.4767 -0.7384 0.477
vn 0.6743 -0.2999 0.6748
vn 0.1457 -0.9785 0.1458
vn 0.0204 -0.9996 0.0204
vn 0.005 -0.9996 0.0284
vn 0.0075 -0.9996 0.0278
vn 0.0358 -0.9785 0.203
vn 0.0534 -0.9785 0.1991
vn 0.0099 -0.9996 0.0271
vn 0.0705 -0.9785 0.1937
vn 0.1171 -0.7384 0.6641
vn 0.1657 -0.2999 0.9395
vn 0.2472 -0.2998 0.9214
vn 0.1748 -0.7383 0.6514
vn 0.3263 -0.2998 0.8965
vn 0.2307 -0.7383 0.6338
vn 0.2848 -0.7383 0.6113
vn 0.4029 -0.2998 0.8647
vn 0.0871 -0.9785 0.1869
vn 0.0122 -0.9996 0.0261
vn -0.005 -0.9996 0.0284
vn -0.0025 -0.9996 0.0287
vn -0.0358 -0.9785 0.203
vn -0.0179 -0.9785 0.2054
vn 0 -0.9996 0.0288
vn -0 -0.9785 0.2062
vn -0.1171 -0.7384 0.6641
vn -0.1657 -0.2999 0.9395
vn -0.0828 -0.2998 0.9504
vn -0.0586 -0.7383 0.6719
vn -0 -0.2998 0.954
vn 0 -0.7383 0.6745
vn 0.0586 -0.7383 0.6719
vn 0.0828 -0.2998 0.9504
vn 0.0179 -0.9785 0.2054
vn 0.0025 -0.9996 0.0287
vn -0.0144 -0.9996 0.025
vn -0.0122 -0.9996 0.0261
vn -0.103 -0.9785 0.1785
vn -0.0871 -0.9785 0.1869
vn -0.0099 -0.9996 0.0271
vn -0.0705 -0.9785 0.1937
vn -0.3372 -0.7384 0.584
vn -0.477 -0.2999 0.8262
vn -0.4029 -0.2998 0.8647
vn -0.2848 -0.7383 0.6113
vn -0.3263 -0.2998 0.8965
vn -0.2307 -0.7383 0.6338
vn -0.1748 -0.7383 0.6514
vn -0.2472 -0.2998 0.9214
vn -0.0534 -0.9785 0.1991
vn -0.0075 -0.9996 0.0278
vn -0.0221 -0.9996 0.0185
vn -0.0204 -0.9996 0.0204
vn -0.1579 -0.9785 0.1325
vn -0.1457 -0.9785 0.1458
vn -0.0185 -0.9996 0.0221
vn -0.1325 -0.9785 0.1579
vn -0.5166 -0.7384 0.4335
vn -0.7308 -0.2999 0.6132
vn -0.6743 -0.2999 0.6748
vn -0.4767 -0.7383 0.477
vn -0.6132 -0.2998 0.7308
vn -0.4335 -0.7383 0.5167
vn -0.387 -0.7383 0.5523
vn -0.5474 -0.2999 0.7813
vn -0.1183 -0.9785 0.1688
vn -0.0165 -0.9996 0.0236
vn -0.0261 -0.9996 0.0122
vn -0.1868 -0.9785 0.0872
vn -0.025 -0.9996 0.0144
vn -0.1785 -0.9785 0.1031
vn -0.8645 -0.2999 0.4035
vn -0.6111 -0.7383 0.2852
vn -0.8262 -0.2998 0.477
vn -0.5841 -0.7383 0.3372
vn -0.5526 -0.7383 0.3866
vn -0.7816 -0.2999 0.5469
vn -0.1689 -0.9785 0.1182
vn -0.0236 -0.9996 0.0165
vn 0.1737 -0.0003 0.9848
vn 0.0868 -0.0003 0.9962
vn 0.1736 -0.0026 0.9848
vn 0.0868 -0.0026 0.9962
vn 0 -0.0003 1
vn 0 -0.0026 1
vn 0.173 -0.0862 0.9811
vn 0.0865 -0.0862 0.9925
vn -0 -0.0862 0.9963
vn -0.173 -0.0862 0.9811
vn -0.0865 -0.0862 0.9925
vn -0.1736 -0.0026 0.9848
vn -0.0868 -0.0026 0.9962
vn -0.1736 -0.0003 0.9848
vn -0.0868 -0.0003 0.9962
vn -0.2591 -0.0003 0.9658
vn -0.2591 -0.0026 0.9658
vn -0.342 -0.0003 0.9397
vn -0.342 -0.0026 0.9397
vn -0.2582 -0.0862 0.9622
vn -0.3408 -0.0862 0.9362
vn -0.4981 -0.0862 0.8628
vn -0.4207 -0.0862 0.9031
vn -0.5 -0.0026 0.866
vn -0.4223 -0.0026 0.9064
vn -0.5 -0.0003 0.866
vn -0.4223 -0.0003 0.9065
vn -0.5739 -0.0003 0.819
vn -0.5739 -0.0026 0.819
vn -0.6428 -0.0003 0.766
vn -0.6428 -0.0026 0.766
vn -0.5717 -0.0862 0.8159
vn -0.6404 -0.0862 0.7632
vn -0.7632 -0.0862 0.6404
vn -0.7042 -0.0862 0.7047
vn -0.766 -0.0026 0.6428
vn -0.7069 -0.0026 0.7073
vn -0.766 -0.0003 0.6428
vn -0.7069 -0.0003 0.7073
vn -0.8193 -0.0003 0.5733
vn -0.8193 -0.0026 0.5733
vn -0.866 -0.0003 0.5
vn -0.866 -0.0026 0.5
vn -0.8163 -0.0862 0.5712
vn -0.8628 -0.0862 0.4981
vn -0.9362 -0.0862 0.3408
vn -0.9028 -0.0862 0.4213
vn -0.9397 -0.0026 0.342
vn -0.9062 -0.0026 0.4229
vn -0.9397 -0.0003 0.342
vn -0.9062 -0.0003 0.4229
vn -0.966 -0.0003 0.2585
vn -0.966 -0.0026 0.2585
vn -0.9848 -0.0003 0.1737
vn -0.9848 -0.0026 0.1736
vn -0.9624 -0.0862 0.2575
vn -0.9811 -0.0862 0.173
vn -0.9963 -0.0862 -0
vn -0.9925 -0.0862 0.0872
vn -1 -0.0026 -0
vn -0.9962 -0.0026 0.0875
vn -1 -0.0003 -0
vn -0.9962 -0.0003 0.0875
vn -0.9962 -0.0003 -0.0875
vn -0.9962 -0.0026 -0.0875
vn -0.9848 -0.0003 -0.1736
vn -0.9848 -0.0026 -0.1736
vn -0.9925 -0.0862 -0.0872
vn -0.9811 -0.0862 -0.173
vn -0.9362 -0.0862 -0.3408
vn -0.9624 -0.0862 -0.2575
vn -0.9397 -0.0026 -0.342
vn -0.966 -0.0026 -0.2585
vn -0.9397 -0.0003 -0.342
vn -0.966 -0.0003 -0.2585
vn -0.9062 -0.0003 -0.4229
vn -0.9062 -0.0026 -0.4229
vn -0.866 -0.0003 -0.5
vn -0.866 -0.0026 -0.5
vn -0.9028 -0.0862 -0.4214
vn -0.8628 -0.0862 -0.4981
vn -0.7632 -0.0862 -0.6404
vn -0.8163 -0.0862 -0.5712
vn -0.766 -0.0026 -0.6428
vn -0.8193 -0.0026 -0.5733
vn -0.766 -0.0003 -0.6428
vn -0.8193 -0.0003 -0.5733
vn -0.7069 -0.0003 -0.7073
vn -0.7069 -0.0026 -0.7073
vn -0.6428 -0.0003 -0.766
vn -0.6428 -0.0026 -0.766
vn -0.7042 -0.0862 -0.7047
vn -0.6404 -0.0862 -0.7632
vn -0.4981 -0.0862 -0.8628
vn -0.5717 -0.0862 -0.8159
vn -0.5 -0.0026 -0.866
vn -0.5739 -0.0026 -0.819
vn -0.5 -0.0003 -0.866
vn -0.5739 -0.0003 -0.819
vn -0.4223 -0.0003 -0.9065
vn -0.4223 -0.0026 -0.9064
vn -0.342 -0.0003 -0.9397
vn -0.342 -0.0026 -0.9397
vn -0.4207 -0.0862 -0.9031
vn -0.3407 -0.0862 -0.9362
vn -0.173 -0.0862 -0.9811
vn -0.2582 -0.0862 -0.9622
vn -0.1736 -0.0026 -0.9848
vn -0.2591 -0.0026 -0.9658
vn -0.1736 -0.0003 -0.9848
vn -0.2591 -0.0003 -0.9658
vn -0.0868 -0.0003 -0.9962
vn -0.0868 -0.0026 -0.9962
vn 0 -0.0003 -1
vn 0 -0.0026 -1
vn -0.0865 -0.0862 -0.9925
vn 0 -0.0862 -0.9963
vn 0.173 -0.0862 -0.9811
vn 0.0865 -0.0862 -0.9925
vn 0.1736 -0.0026 -0.9848
vn 0.0868 -0.0026 -0.9962
vn 0.1737 -0.0003 -0.9848
vn 0.0868 -0.0003 -0.9962
vn 0.2591 -0.0003 -0.9658
vn 0.2591 -0.0026 -0.9658
vn 0.342 -0.0003 -0.9397
vn 0.342 -0.0026 -0.9397
vn 0.2582 -0.0862 -0.9622
vn 0.3408 -0.0862 -0.9362
vn 0.4981 -0.0862 -0.8628
vn 0.4207 -0.0862 -0.9031
vn 0.5 -0.0026 -0.866
vn 0.4223 -0.0026 -0.9064
vn 0.5 -0.0003 -0.866
vn 0.4223 -0.0003 -0.9064
vn 0.5739 -0.0003 -0.819
vn 0.5739 -0.0026 -0.819
vn 0.6428 -0.0003 -0.766
vn 0.6428 -0.0026 -0.766
vn 0.5717 -0.0862 -0.8159
vn 0.6404 -0.0862 -0.7632
vn 0.7632 -0.0862 -0.6404
vn 0.7042 -0.0862 -0.7047
vn 0.766 -0.0026 -0.6428
vn 0.7069 -0.0026 -0.7073
vn 0.766 -0.0003 -0.6428
vn 0.7069 -0.0003 -0.7073
vn 0.8193 -0.0003 -0.5733
vn 0.8193 -0.0026 -0.5733
vn 0.866 -0.0003 -0.5
vn 0.866 -0.0026 -0.5
vn 0.8163 -0.0862 -0.5712
vn 0.8628 -0.0862 -0.4981
vn 0.9362 -0.0862 -0.3407
vn 0.9028 -0.0862 -0.4213
vn 0.9397 -0.0026 -0.342
vn 0.9062 -0.0026 -0.4229
vn 0.9397 -0.0003 -0.342
vn 0.9062 -0.0003 -0.4229
vn 0.966 -0.0003 -0.2585
vn 0.966 -0.0026 -0.2585
vn 0.9848 -0.0003 -0.1736
vn 0.9848 -0.0026 -0.1737
vn 0.9624 -0.0862 -0.2575
vn 0.9811 -0.0862 -0.173
vn 0.9963 -0.0862 -0
vn 0.9925 -0.0862 -0.0872
vn 1 -0.0026 -0
vn 0.9962 -0.0026 -0.0875
vn 1 -0.0003 0
vn 0.9962 -0.0003 -0.0875
vn 0.9962 -0.0003 0.0875
vn 0.9962 -0.0026 0.0875
vn 0.9848 -0.0003 0.1736
vn 0.9848 -0.0026 0.1736
vn 0.9925 -0.0862 0.0872
vn 0.9811 -0.0862 0.173
vn 0.9362 -0.0862 0.3407
vn 0.9624 -0.0862 0.2575
vn 0.9397 -0.0026 0.342
vn 0.966 -0.0026 0.2585
vn 0.9397 -0.0003 0.342
vn 0.966 -0.0003 0.2585
vn 0.9062 -0.0003 0.4229
vn 0.9062 -0.0026 0.4229
vn 0.866 -0.0003 0.5
vn 0.866 -0.0026 0.5
vn 0.9028 -0.0862 0.4213
vn 0.8628 -0.0862 0.4981
vn 0.7632 -0.0862 0.6404
vn 0.8163 -0.0862 0.5712
vn 0.766 -0.0026 0.6428
vn 0.8193 -0.0026 0.5733
vn 0.766 -0.0003 0.6428
vn 0.8193 -0.0003 0.5733
vn 0.7069 -0.0003 0.7073
vn 0.7069 -0.0026 0.7073
vn 0.6428 -0.0003 0.766
vn 0.6428 -0.0026 0.766
vn 0.7042 -0.0862 0.7047
vn 0.6404 -0.0862 0.7632
vn 0.4981 -0.0862 0.8628
vn 0.5717 -0.0862 0.8159
vn 0.5 -0.0026 0.866
vn 0.5739 -0.0026 0.819
vn 0.5 -0.0003 0.866
vn 0.5739 -0.0003 0.819
vn 0.4223 -0.0003 0.9064
vn 0.4223 -0.0026 0.9064
vn 0.342 -0.0003 0.9397
vn 0.342 -0.0026 0.9397
vn 0.4207 -0.0862 0.9031
vn 0.3408 -0.0862 0.9362
vn 0.2582 -0.0862 0.9622
vn 0.2591 -0.0026 0.9658
vn 0.2591 -0.0003 0.9658
#end 2191 normals 

#begin 4608 faces
o Cylinder001
usemtl wire_008110135
g Cylinder001
f 1/1/1 2/2/2 3/3/3 4/4/4 
f 2/2/2 5/5/5 6/6/6 3/3/3 
f 4/4/4 3/3/3 7/7/7 8/8/8 
f 3/3/3 6/6/6 9/9/9 7/7/7 
f 10/10/10 11/11/11 12/12/12 13/13/13 
f 13/13/13 12/12/12 14/14/14 15/15/15 
f 5/5/5 10/10/10 13/13/13 6/6/6 
f 6/6/6 13/13/13 15/15/15 9/9/9 
f 16/16/16 17/17/17 18/18/18 19/19/19 
f 17/17/17 20/20/20 21/21/21 18/18/18 
f 19/19/19 18/18/18 15/15/15 14/14/14 
f 18/18/18 21/21/21 9/9/9 15/15/15 
f 22/22/22 23/23/23 24/24/24 25/25/25 
f 25/25/25 24/24/24 8/8/8 7/7/7 
f 20/20/20 22/22/22 25/25/25 21/21/21 
f 21/21/21 25/25/25 7/7/7 9/9/9 
f 11/11/11 26/26/26 27/27/27 12/12/12 
f 26/26/26 28/28/28 29/29/29 27/27/27 
f 12/12/12 27/27/27 30/30/30 14/14/14 
f 27/27/27 29/29/29 31/31/31 30/30/30 
f 32/32/32 33/33/33 34/34/34 35/35/35 
f 35/35/35 34/34/34 36/36/36 37/37/37 
f 28/28/28 32/32/32 35/35/35 29/29/29 
f 29/29/29 35/35/35 37/37/37 31/31/31 
f 38/38/38 39/39/39 40/40/40 41/41/41 
f 39/39/39 42/42/42 43/43/43 40/40/40 
f 41/41/41 40/40/40 37/37/37 36/36/36 
f 40/40/40 43/43/43 31/31/31 37/37/37 
f 44/44/44 16/16/16 19/19/19 45/45/45 
f 45/45/45 19/19/19 14/14/14 30/30/30 
f 42/42/42 44/44/44 45/45/45 43/43/43 
f 43/43/43 45/45/45 30/30/30 31/31/31 
f 33/33/33 46/46/46 47/47/47 34/34/34 
f 46/46/46 48/48/48 49/49/49 47/47/47 
f 34/34/34 47/47/47 50/50/50 36/36/36 
f 47/47/47 49/49/49 51/51/51 50/50/50 
f 52/52/52 53/53/53 54/54/54 55/55/55 
f 55/55/55 54/54/54 56/56/56 57/57/57 
f 48/48/48 52/52/52 55/55/55 49/49/49 
f 49/49/49 55/55/55 57/57/57 51/51/51 
f 58/58/58 59/59/59 60/60/60 61/61/61 
f 59/59/59 62/62/62 63/63/63 60/60/60 
f 61/61/61 60/60/60 57/57/57 56/56/56 
f 60/60/60 63/63/63 51/51/51 57/57/57 
f 64/64/64 38/38/38 41/41/41 65/65/65 
f 65/65/65 41/41/41 36/36/36 50/50/50 
f 62/62/62 64/64/64 65/65/65 63/63/63 
f 63/63/63 65/65/65 50/50/50 51/51/51 
f 53/53/53 66/66/66 67/67/67 54/54/54 
f 66/66/66 68/68/68 69/69/69 67/67/67 
f 54/54/54 67/67/67 70/70/70 56/56/56 
f 67/67/67 69/69/69 71/71/71 70/70/70 
f 72/72/72 73/73/73 74/74/74 75/75/75 
f 75/75/75 74/74/74 76/76/76 77/77/77 
f 68/68/68 72/72/72 75/75/75 69/69/69 
f 69/69/69 75/75/75 77/77/77 71/71/71 
f 78/78/78 79/79/79 80/80/80 81/81/81 
f 79/79/79 82/82/82 83/83/83 80/80/80 
f 81/81/81 80/80/80 77/77/77 76/76/76 
f 80/80/80 83/83/83 71/71/71 77/77/77 
f 84/84/84 58/58/58 61/61/61 85/85/85 
f 85/85/85 61/61/61 56/56/56 70/70/70 
f 82/82/82 84/84/84 85/85/85 83/83/83 
f 83/83/83 85/85/85 70/70/70 71/71/71 
f 73/73/73 86/86/86 87/87/87 74/74/74 
f 86/86/86 88/88/88 89/89/89 87/87/87 
f 74/74/74 87/87/87 90/90/90 76/76/76 
f 87/87/87 89/89/89 91/91/91 90/90/90 
f 92/92/92 93/93/93 94/94/94 95/95/95 
f 95/95/95 94/94/94 96/96/96 97/97/97 
f 88/88/88 92/92/92 95/95/95 89/89/89 
f 89/89/89 95/95/95 97/97/97 91/91/91 
f 98/98/98 99/99/99 100/100/100 101/101/101 
f 99/99/99 102/102/102 103/103/103 100/100/100 
f 101/101/101 100/100/100 97/97/97 96/96/96 
f 100/100/100 103/103/103 91/91/91 97/97/97 
f 104/104/104 78/78/78 81/81/81 105/105/105 
f 105/105/105 81/81/81 76/76/76 90/90/90 
f 102/102/102 104/104/104 105/105/105 103/103/103 
f 103/103/103 105/105/105 90/90/90 91/91/91 
f 93/93/93 106/106/106 107/107/107 94/94/94 
f 106/106/106 108/108/108 109/109/109 107/107/107 
f 94/94/94 107/107/107 110/110/110 96/96/96 
f 107/107/107 109/109/109 111/111/111 110/110/110 
f 112/112/112 113/113/113 114/114/114 115/115/115 
f 115/115/115 114/114/114 116/116/116 117/117/117 
f 108/108/108 112/112/112 115/115/115 109/109/109 
f 109/109/109 115/115/115 117/117/117 111/111/111 
f 118/118/118 119/119/119 120/120/120 121/121/121 
f 119/119/119 122/122/122 123/123/123 120/120/120 
f 121/121/121 120/120/120 117/117/117 116/116/116 
f 120/120/120 123/123/123 111/111/111 117/117/117 
f 124/124/124 98/98/98 101/101/101 125/125/125 
f 125/125/125 101/101/101 96/96/96 110/110/110 
f 122/122/122 124/124/124 125/125/125 123/123/123 
f 123/123/123 125/125/125 110/110/110 111/111/111 
f 113/113/113 126/126/126 127/127/127 114/114/114 
f 126/126/126 128/128/128 129/129/129 127/127/127 
f 114/114/114 127/127/127 130/130/130 116/116/116 
f 127/127/127 129/129/129 131/131/131 130/130/130 
f 132/132/132 133/133/133 134/134/134 135/135/135 
f 135/135/135 134/134/134 136/136/136 137/137/137 
f 128/128/128 132/132/132 135/135/135 129/129/129 
f 129/129/129 135/135/135 137/137/137 131/131/131 
f 138/138/138 139/139/139 140/140/140 141/141/141 
f 139/139/139 142/142/142 143/143/143 140/140/140 
f 141/141/141 140/140/140 137/137/137 136/136/136 
f 140/140/140 143/143/143 131/131/131 137/137/137 
f 144/144/144 118/118/118 121/121/121 145/145/145 
f 145/145/145 121/121/121 116/116/116 130/130/130 
f 142/142/142 144/144/144 145/145/145 143/143/143 
f 143/143/143 145/145/145 130/130/130 131/131/131 
f 133/133/133 146/4781/146 147/147/147 134/134/134 
f 146/146/146 148/148/148 149/149/149 147/4782/147 
f 134/134/134 147/147/147 150/150/150 136/136/136 
f 147/4782/147 149/149/149 151/151/151 150/4777/150 
f 152/152/152 153/153/153 154/154/154 155/155/155 
f 155/155/155 154/154/154 156/156/156 157/157/157 
f 148/148/148 152/152/152 155/155/155 149/149/149 
f 149/149/149 155/155/155 157/157/157 151/151/151 
f 158/158/158 159/159/159 160/160/160 161/161/161 
f 159/159/159 162/162/162 163/163/163 160/160/160 
f 161/161/161 160/160/160 157/157/157 156/156/156 
f 160/160/160 163/163/163 151/151/151 157/157/157 
f 164/164/164 138/138/138 141/141/141 165/165/165 
f 165/165/165 141/141/141 136/136/136 150/150/150 
f 162/162/162 164/4767/164 165/4778/165 163/163/163 
f 163/163/163 165/4778/165 150/4777/150 151/151/151 
f 153/153/153 166/166/166 167/167/167 154/154/154 
f 166/166/166 168/168/168 169/169/169 167/167/167 
f 154/154/154 167/167/167 170/170/170 156/156/156 
f 167/167/167 169/169/169 171/171/171 170/170/170 
f 172/172/172 173/173/173 174/174/174 175/175/175 
f 175/175/175 174/174/174 176/176/176 177/177/177 
f 168/168/168 172/172/172 175/175/175 169/169/169 
f 169/169/169 175/175/175 177/177/177 171/171/171 
f 178/178/178 179/179/179 180/180/180 181/181/181 
f 179/179/179 182/182/182 183/183/183 180/180/180 
f 181/181/181 180/180/180 177/177/177 176/176/176 
f 180/180/180 183/183/183 171/171/171 177/177/177 
f 184/184/184 158/158/158 161/161/161 185/185/185 
f 185/185/185 161/161/161 156/156/156 170/170/170 
f 182/182/182 184/184/184 185/185/185 183/183/183 
f 183/183/183 185/185/185 170/170/170 171/171/171 
f 173/173/173 186/186/186 187/187/187 174/174/174 
f 186/186/186 188/188/188 189/189/189 187/187/187 
f 174/174/174 187/187/187 190/190/190 176/176/176 
f 187/187/187 189/189/189 191/191/191 190/190/190 
f 192/192/192 193/193/193 194/194/194 195/195/195 
f 195/195/195 194/194/194 196/196/196 197/197/197 
f 188/188/188 192/192/192 195/195/195 189/189/189 
f 189/189/189 195/195/195 197/197/197 191/191/191 
f 198/198/198 199/199/199 200/200/200 201/201/201 
f 199/199/199 202/202/202 203/203/203 200/200/200 
f 201/201/201 200/200/200 197/197/197 196/196/196 
f 200/200/200 203/203/203 191/191/191 197/197/197 
f 204/204/204 178/178/178 181/181/181 205/205/205 
f 205/205/205 181/181/181 176/176/176 190/190/190 
f 202/202/202 204/204/204 205/205/205 203/203/203 
f 203/203/203 205/205/205 190/190/190 191/191/191 
f 193/193/193 206/206/206 207/207/207 194/194/194 
f 206/206/206 208/208/208 209/209/209 207/207/207 
f 194/194/194 207/207/207 210/210/210 196/196/196 
f 207/207/207 209/209/209 211/211/211 210/210/210 
f 212/212/212 213/213/213 214/214/214 215/215/215 
f 215/215/215 214/214/214 216/216/216 217/217/217 
f 208/208/208 212/212/212 215/215/215 209/209/209 
f 209/209/209 215/215/215 217/217/217 211/211/211 
f 218/218/218 219/219/219 220/220/220 221/221/221 
f 219/219/219 222/222/222 223/223/223 220/220/220 
f 221/221/221 220/220/220 217/217/217 216/216/216 
f 220/220/220 223/223/223 211/211/211 217/217/217 
f 224/224/224 198/198/198 201/201/201 225/225/225 
f 225/225/225 201/201/201 196/196/196 210/210/210 
f 222/222/222 224/224/224 225/225/225 223/223/223 
f 223/223/223 225/225/225 210/210/210 211/211/211 
f 213/213/213 226/226/226 227/227/227 214/214/214 
f 226/226/226 228/228/228 229/229/229 227/227/227 
f 214/214/214 227/227/227 230/230/230 216/216/216 
f 227/227/227 229/229/229 231/231/231 230/230/230 
f 232/232/232 233/233/233 234/234/234 235/235/235 
f 235/235/235 234/234/234 236/236/236 237/237/237 
f 228/228/228 232/232/232 235/235/235 229/229/229 
f 229/229/229 235/235/235 237/237/237 231/231/231 
f 238/238/238 239/239/239 240/240/240 241/241/241 
f 239/239/239 242/242/242 243/243/243 240/240/240 
f 241/241/241 240/240/240 237/237/237 236/236/236 
f 240/240/240 243/243/243 231/231/231 237/237/237 
f 244/244/244 218/218/218 221/221/221 245/245/245 
f 245/245/245 221/221/221 216/216/216 230/230/230 
f 242/242/242 244/244/244 245/245/245 243/243/243 
f 243/243/243 245/245/245 230/230/230 231/231/231 
f 233/233/233 246/246/246 247/247/247 234/234/234 
f 246/246/246 248/248/248 249/249/249 247/247/247 
f 234/234/234 247/247/247 250/250/250 236/236/236 
f 247/247/247 249/249/249 251/251/251 250/250/250 
f 252/252/252 253/253/253 254/254/254 255/255/255 
f 255/255/255 254/254/254 256/256/256 257/257/257 
f 248/248/248 252/252/252 255/255/255 249/249/249 
f 249/249/249 255/255/255 257/257/257 251/251/251 
f 258/258/258 259/259/259 260/260/260 261/261/261 
f 259/259/259 262/262/262 263/263/263 260/260/260 
f 261/261/261 260/260/260 257/257/257 256/256/256 
f 260/260/260 263/263/263 251/251/251 257/257/257 
f 264/264/264 238/238/238 241/241/241 265/265/265 
f 265/265/265 241/241/241 236/236/236 250/250/250 
f 262/262/262 264/264/264 265/265/265 263/263/263 
f 263/263/263 265/265/265 250/250/250 251/251/251 
f 253/253/253 266/266/266 267/267/267 254/254/254 
f 266/266/266 268/268/268 269/269/269 267/267/267 
f 254/254/254 267/267/267 270/270/270 256/256/256 
f 267/267/267 269/269/269 271/271/271 270/270/270 
f 272/272/272 273/273/273 274/274/274 275/275/275 
f 275/275/275 274/274/274 276/276/276 277/277/277 
f 268/268/268 272/272/272 275/275/275 269/269/269 
f 269/269/269 275/275/275 277/277/277 271/271/271 
f 278/278/278 279/279/279 280/280/280 281/281/281 
f 279/279/279 282/282/282 283/283/283 280/280/280 
f 281/281/281 280/280/280 277/277/277 276/276/276 
f 280/280/280 283/283/283 271/271/271 277/277/277 
f 284/284/284 258/258/258 261/261/261 285/285/285 
f 285/285/285 261/261/261 256/256/256 270/270/270 
f 282/282/282 284/284/284 285/285/285 283/283/283 
f 283/283/283 285/285/285 270/270/270 271/271/271 
f 273/273/273 286/286/286 287/287/287 274/274/274 
f 286/286/286 288/288/288 289/289/289 287/287/287 
f 274/274/274 287/287/287 290/290/290 276/276/276 
f 287/287/287 289/289/289 291/291/291 290/290/290 
f 292/292/292 293/293/293 294/294/294 295/295/295 
f 295/295/295 294/294/294 296/296/296 297/297/297 
f 288/288/288 292/292/292 295/295/295 289/289/289 
f 289/289/289 295/295/295 297/297/297 291/291/291 
f 298/298/298 299/299/299 300/300/300 301/301/301 
f 299/299/299 302/302/302 303/303/303 300/300/300 
f 301/301/301 300/300/300 297/297/297 296/296/296 
f 300/300/300 303/303/303 291/291/291 297/297/297 
f 304/304/304 278/278/278 281/281/281 305/305/305 
f 305/305/305 281/281/281 276/276/276 290/290/290 
f 302/302/302 304/304/304 305/305/305 303/303/303 
f 303/303/303 305/305/305 290/290/290 291/291/291 
f 293/293/293 306/306/306 307/307/307 294/294/294 
f 306/306/306 308/308/308 309/309/309 307/307/307 
f 294/294/294 307/307/307 310/310/310 296/296/296 
f 307/307/307 309/309/309 311/311/311 310/310/310 
f 312/312/312 313/313/313 314/314/314 315/315/315 
f 315/315/315 314/314/314 316/316/316 317/317/317 
f 308/308/308 312/312/312 315/315/315 309/309/309 
f 309/309/309 315/315/315 317/317/317 311/311/311 
f 318/318/318 319/319/319 320/320/320 321/321/321 
f 319/319/319 322/322/322 323/323/323 320/320/320 
f 321/321/321 320/320/320 317/317/317 316/316/316 
f 320/320/320 323/323/323 311/311/311 317/317/317 
f 324/324/324 298/298/298 301/301/301 325/325/325 
f 325/325/325 301/301/301 296/296/296 310/310/310 
f 322/322/322 324/324/324 325/325/325 323/323/323 
f 323/323/323 325/325/325 310/310/310 311/311/311 
f 313/313/313 326/326/326 327/327/327 314/314/314 
f 326/326/326 328/328/328 329/329/329 327/327/327 
f 314/314/314 327/327/327 330/330/330 316/316/316 
f 327/327/327 329/329/329 331/331/331 330/330/330 
f 332/332/332 333/333/333 334/334/334 335/335/335 
f 335/335/335 334/334/334 336/336/336 337/337/337 
f 328/328/328 332/332/332 335/335/335 329/329/329 
f 329/329/329 335/335/335 337/337/337 331/331/331 
f 338/338/338 339/339/339 340/340/340 341/341/341 
f 339/339/339 342/342/342 343/343/343 340/340/340 
f 341/341/341 340/340/340 337/337/337 336/336/336 
f 340/340/340 343/343/343 331/331/331 337/337/337 
f 344/344/344 318/318/318 321/321/321 345/345/345 
f 345/345/345 321/321/321 316/316/316 330/330/330 
f 342/342/342 344/344/344 345/345/345 343/343/343 
f 343/343/343 345/345/345 330/330/330 331/331/331 
f 333/333/333 346/346/346 347/347/347 334/334/334 
f 346/346/346 348/348/348 349/349/349 347/347/347 
f 334/334/334 347/347/347 350/350/350 336/336/336 
f 347/347/347 349/349/349 351/351/351 350/350/350 
f 352/352/352 1/1/1 4/4/4 353/353/353 
f 353/353/353 4/4/4 8/8/8 354/354/354 
f 348/348/348 352/352/352 353/353/353 349/349/349 
f 349/349/349 353/353/353 354/354/354 351/351/351 
f 23/23/23 355/355/355 356/356/356 24/24/24 
f 355/355/355 357/357/357 358/358/358 356/356/356 
f 24/24/24 356/356/356 354/354/354 8/8/8 
f 356/356/356 358/358/358 351/351/351 354/354/354 
f 359/359/359 338/338/338 341/341/341 360/360/360 
f 360/360/360 341/341/341 336/336/336 350/350/350 
f 357/357/357 359/359/359 360/360/360 358/358/358 
f 358/358/358 360/360/360 350/350/350 351/351/351 
f 361/361/23 362/362/22 363/363/22 364/364/361 
f 362/362/22 365/365/20 366/366/362 363/363/22 
f 364/364/361 363/363/22 367/367/363 368/368/364 
f 363/363/22 366/366/362 369/369/20 367/367/363 
f 370/370/17 371/371/16 372/372/16 373/373/17 
f 373/373/17 372/372/16 374/374/16 375/375/365 
f 365/365/20 370/370/17 373/373/17 366/366/362 
f 366/366/362 373/373/17 375/375/365 369/369/20 
f 376/376/16 377/377/17 378/378/17 379/379/16 
f 377/377/17 380/380/362 381/381/362 378/378/17 
f 379/379/16 378/378/17 375/375/365 374/374/16 
f 378/378/17 381/381/362 369/369/20 375/375/365 
f 382/382/22 383/383/23 384/384/23 385/385/22 
f 385/385/22 384/384/23 368/368/364 367/367/363 
f 380/380/362 382/382/22 385/385/22 381/381/362 
f 381/381/362 385/385/22 367/367/363 369/369/20 
f 371/371/16 386/386/44 387/387/44 372/372/16 
f 386/386/44 388/388/42 389/389/366 387/387/44 
f 372/372/16 387/387/44 390/390/44 374/374/16 
f 387/387/44 389/389/366 391/391/366 390/390/44 
f 392/392/39 393/393/367 394/394/367 395/395/368 
f 395/395/368 394/394/367 396/396/367 397/397/39 
f 388/388/42 392/392/39 395/395/368 389/389/366 
f 389/389/366 395/395/368 397/397/39 391/391/366 
f 398/398/367 399/399/39 400/400/39 401/401/38 
f 399/399/39 402/402/366 403/403/42 400/400/39 
f 401/401/38 400/400/39 397/397/39 396/396/367 
f 400/400/39 403/403/42 391/391/366 397/397/39 
f 404/404/44 376/376/16 379/379/16 405/405/44 
f 405/405/44 379/379/16 374/374/16 390/390/44 
f 402/402/366 404/404/44 405/405/44 403/403/42 
f 403/403/42 405/405/44 390/390/44 391/391/366 
f 393/393/367 406/406/64 407/407/64 394/394/367 
f 406/406/64 408/408/62 409/409/62 407/407/64 
f 394/394/367 407/407/64 410/410/64 396/396/367 
f 407/407/64 409/409/62 411/411/369 410/410/64 
f 412/412/59 413/413/58 414/414/58 415/415/370 
f 415/415/370 414/414/58 416/416/58 417/417/370 
f 408/408/62 412/412/59 415/415/370 409/409/62 
f 409/409/62 415/415/370 417/417/370 411/411/369 
f 418/418/58 419/419/59 420/420/370 421/421/371 
f 419/419/59 422/422/62 423/423/369 420/420/370 
f 421/421/371 420/420/370 417/417/370 416/416/58 
f 420/420/370 423/423/369 411/411/369 417/417/370 
f 424/424/64 398/398/367 401/401/38 425/425/64 
f 425/425/64 401/401/38 396/396/367 410/410/64 
f 422/422/62 424/424/64 425/425/64 423/423/369 
f 423/423/369 425/425/64 410/410/64 411/411/369 
f 413/413/58 426/426/84 427/427/372 414/414/58 
f 426/426/84 428/428/82 429/429/82 427/427/372 
f 414/414/58 427/427/372 430/430/373 416/416/58 
f 427/427/372 429/429/82 431/431/374 430/430/373 
f 432/432/79 433/433/375 434/434/375 435/435/376 
f 435/435/376 434/434/375 436/436/375 437/437/376 
f 428/428/82 432/432/79 435/435/376 429/429/82 
f 429/429/82 435/435/376 437/437/376 431/431/374 
f 438/438/377 439/439/79 440/440/376 441/441/377 
f 439/439/79 442/442/82 443/443/374 440/440/376 
f 441/441/377 440/440/376 437/437/376 436/436/375 
f 440/440/376 443/443/374 431/431/374 437/437/376 
f 444/444/84 418/418/58 421/421/371 445/445/373 
f 445/445/373 421/421/371 416/416/58 430/430/373 
f 442/442/82 444/444/84 445/445/373 443/443/374 
f 443/443/374 445/445/373 430/430/373 431/431/374 
f 433/433/375 446/446/104 447/447/104 434/434/375 
f 446/446/104 448/448/102 449/449/102 447/447/104 
f 434/434/375 447/447/104 450/450/378 436/436/375 
f 447/447/104 449/449/102 451/451/102 450/450/378 
f 452/452/99 453/453/379 454/454/379 455/455/99 
f 455/455/99 454/454/379 456/456/98 457/457/380 
f 448/448/102 452/452/99 455/455/99 449/449/102 
f 449/449/102 455/455/99 457/457/380 451/451/102 
f 458/458/379 459/459/99 460/460/380 461/461/98 
f 459/459/99 462/462/381 463/463/382 460/460/380 
f 461/461/98 460/460/380 457/457/380 456/456/98 
f 460/460/380 463/463/382 451/451/102 457/457/380 
f 464/464/104 438/438/377 441/441/377 465/465/104 
f 465/465/104 441/441/377 436/436/375 450/450/378 
f 462/462/381 464/464/104 465/465/104 463/463/382 
f 463/463/382 465/465/104 450/450/378 451/451/102 
f 453/453/379 466/466/124 467/467/383 454/454/379 
f 466/466/124 468/468/122 469/469/122 467/467/383 
f 454/454/379 467/467/383 470/470/383 456/456/98 
f 467/467/383 469/469/122 471/471/384 470/470/383 
f 472/472/385 473/473/386 474/474/386 475/475/385 
f 475/475/385 474/474/386 476/476/386 477/477/119 
f 468/468/122 472/472/385 475/475/385 469/469/122 
f 469/469/122 475/475/385 477/477/119 471/471/384 
f 478/478/118 479/479/387 480/480/387 481/481/386 
f 479/479/387 482/482/122 483/483/384 480/480/387 
f 481/481/386 480/480/387 477/477/119 476/476/386 
f 480/480/387 483/483/384 471/471/384 477/477/119 
f 484/484/124 458/458/379 461/461/98 485/485/124 
f 485/485/124 461/461/98 456/456/98 470/470/383 
f 482/482/122 484/484/124 485/485/124 483/483/384 
f 483/483/384 485/485/124 470/470/383 471/471/384 
f 473/473/386 486/486/388 487/487/388 474/474/386 
f 486/486/388 488/488/142 489/489/389 487/487/388 
f 474/474/386 487/487/388 490/490/388 476/476/386 
f 487/487/388 489/489/389 491/491/142 490/490/388 
f 492/492/139 493/493/138 494/494/390 495/495/139 
f 495/495/139 494/494/390 496/496/138 497/497/391 
f 488/488/142 492/492/139 495/495/139 489/489/389 
f 489/489/389 495/495/139 497/497/391 491/491/142 
f 498/498/138 499/499/139 500/500/391 501/501/390 
f 499/499/139 502/502/142 503/503/142 500/500/391 
f 501/501/390 500/500/391 497/497/391 496/496/138 
f 500/500/391 503/503/142 491/491/142 497/497/391 
f 504/504/388 478/478/118 481/481/386 505/505/144 
f 505/505/144 481/481/386 476/476/386 490/490/388 
f 502/502/142 504/504/388 505/505/144 503/503/142 
f 503/503/142 505/505/144 490/490/388 491/491/142 
f 493/493/138 506/506/164 507/507/392 494/494/390 
f 506/4784/164 508/508/162 509/509/393 507/4800/392 
f 494/494/390 507/507/392 510/510/164 496/496/138 
f 507/4800/392 509/509/393 511/511/162 510/4803/164 
f 512/512/159 513/513/394 514/514/158 515/515/395 
f 515/515/395 514/514/158 516/516/158 517/517/159 
f 508/508/162 512/512/159 515/515/395 509/509/393 
f 509/509/393 515/515/395 517/517/159 511/511/162 
f 518/518/394 519/519/159 520/520/159 521/521/394 
f 519/519/159 522/522/393 523/523/162 520/520/159 
f 521/521/394 520/520/159 517/517/159 516/516/158 
f 520/520/159 523/523/162 511/511/162 517/517/159 
f 524/524/164 498/498/138 501/501/390 525/525/164 
f 525/525/164 501/501/390 496/496/138 510/510/164 
f 522/522/393 524/4809/164 525/4804/164 523/523/162 
f 523/523/162 525/4804/164 510/4803/164 511/511/162 
f 513/513/394 526/526/184 527/527/184 514/514/158 
f 526/526/184 528/528/182 529/529/396 527/527/184 
f 514/514/158 527/527/184 530/530/184 516/516/158 
f 527/527/184 529/529/396 531/531/397 530/530/184 
f 532/532/179 533/533/178 534/534/398 535/535/179 
f 535/535/179 534/534/398 536/536/178 537/537/179 
f 528/528/182 532/532/179 535/535/179 529/529/396 
f 529/529/396 535/535/179 537/537/179 531/531/397 
f 538/538/398 539/539/179 540/540/179 541/541/398 
f 539/539/179 542/542/182 543/543/397 540/540/179 
f 541/541/398 540/540/179 537/537/179 536/536/178 
f 540/540/179 543/543/397 531/531/397 537/537/179 
f 544/544/399 518/518/394 521/521/394 545/545/399 
f 545/545/399 521/521/394 516/516/158 530/530/184 
f 542/542/182 544/544/399 545/545/399 543/543/397 
f 543/543/397 545/545/399 530/530/184 531/531/397 
f 533/533/178 546/546/204 547/547/204 534/534/398 
f 546/546/204 548/548/202 549/549/400 547/547/204 
f 534/534/398 547/547/204 550/550/204 536/536/178 
f 547/547/204 549/549/400 551/551/202 550/550/204 
f 552/552/199 553/553/401 554/554/198 555/555/199 
f 555/555/199 554/554/198 556/556/401 557/557/199 
f 548/548/202 552/552/199 555/555/199 549/549/400 
f 549/549/400 555/555/199 557/557/199 551/551/202 
f 558/558/198 559/559/199 560/560/199 561/561/198 
f 559/559/199 562/562/202 563/563/402 560/560/199 
f 561/561/198 560/560/199 557/557/199 556/556/401 
f 560/560/199 563/563/402 551/551/202 557/557/199 
f 564/564/204 538/538/398 541/541/398 565/565/204 
f 565/565/204 541/541/398 536/536/178 550/550/204 
f 562/562/202 564/564/204 565/565/204 563/563/402 
f 563/563/402 565/565/204 550/550/204 551/551/202 
f 553/553/401 566/566/224 567/567/224 554/554/198 
f 566/566/224 568/568/222 569/569/403 567/567/224 
f 554/554/198 567/567/224 570/570/404 556/556/401 
f 567/567/224 569/569/403 571/571/403 570/570/404 
f 572/572/219 573/573/218 574/574/405 575/575/219 
f 575/575/219 574/574/405 576/576/218 577/577/219 
f 568/568/222 572/572/219 575/575/219 569/569/403 
f 569/569/403 575/575/219 577/577/219 571/571/403 
f 578/578/405 579/579/219 580/580/219 581/581/218 
f 579/579/219 582/582/403 583/583/222 580/580/219 
f 581/581/218 580/580/219 577/577/219 576/576/218 
f 580/580/219 583/583/222 571/571/403 577/577/219 
f 584/584/224 558/558/198 561/561/198 585/585/404 
f 585/585/404 561/561/198 556/556/401 570/570/404 
f 582/582/403 584/584/224 585/585/404 583/583/222 
f 583/583/222 585/585/404 570/570/404 571/571/403 
f 573/573/218 586/586/244 587/587/406 574/574/405 
f 586/586/244 588/588/242 589/589/407 587/587/406 
f 574/574/405 587/587/406 590/590/406 576/576/218 
f 587/587/406 589/589/407 591/591/242 590/590/406 
f 592/592/408 593/593/238 594/594/238 595/595/408 
f 595/595/408 594/594/238 596/596/238 597/597/408 
f 588/588/242 592/592/408 595/595/408 589/589/407 
f 589/589/407 595/595/408 597/597/408 591/591/242 
f 598/598/409 599/599/408 600/600/408 601/601/409 
f 599/599/408 602/602/242 603/603/407 600/600/408 
f 601/601/409 600/600/408 597/597/408 596/596/238 
f 600/600/408 603/603/407 591/591/242 597/597/408 
f 604/604/244 578/578/405 581/581/218 605/605/244 
f 605/605/244 581/581/218 576/576/218 590/590/406 
f 602/602/242 604/604/244 605/605/244 603/603/407 
f 603/603/407 605/605/244 590/590/406 591/591/242 
f 593/593/238 606/606/410 607/607/410 594/594/238 
f 606/606/410 608/608/262 609/609/262 607/607/410 
f 594/594/238 607/607/410 610/610/264 596/596/238 
f 607/607/410 609/609/262 611/611/262 610/610/264 
f 612/612/259 613/613/258 614/614/411 615/615/259 
f 615/615/259 614/614/411 616/616/412 617/617/413 
f 608/608/262 612/612/259 615/615/259 609/609/262 
f 609/609/262 615/615/259 617/617/413 611/611/262 
f 618/618/411 619/619/259 620/620/413 621/621/411 
f 619/619/259 622/622/262 623/623/262 620/620/413 
f 621/621/411 620/620/413 617/617/413 616/616/412 
f 620/620/413 623/623/262 611/611/262 617/617/413 
f 624/624/264 598/598/409 601/601/409 625/625/410 
f 625/625/410 601/601/409 596/596/238 610/610/264 
f 622/622/262 624/624/264 625/625/410 623/623/262 
f 623/623/262 625/625/410 610/610/264 611/611/262 
f 613/613/258 626/626/284 627/627/284 614/614/411 
f 626/626/284 628/628/282 629/629/414 627/627/284 
f 614/614/411 627/627/284 630/630/415 616/616/412 
f 627/627/284 629/629/414 631/631/414 630/630/415 
f 632/632/279 633/633/416 634/634/278 635/635/417 
f 635/635/417 634/634/278 636/636/416 637/637/417 
f 628/628/282 632/632/279 635/635/417 629/629/414 
f 629/629/414 635/635/417 637/637/417 631/631/414 
f 638/638/418 639/639/279 640/640/417 641/641/419 
f 639/639/279 642/642/420 643/643/414 640/640/417 
f 641/641/419 640/640/417 637/637/417 636/636/416 
f 640/640/417 643/643/414 631/631/414 637/637/417 
f 644/644/284 618/618/411 621/621/411 645/645/415 
f 645/645/415 621/621/411 616/616/412 630/630/415 
f 642/642/420 644/644/284 645/645/415 643/643/414 
f 643/643/414 645/645/415 630/630/415 631/631/414 
f 633/633/416 646/646/421 647/647/421 634/634/278 
f 646/646/421 648/648/422 649/649/422 647/647/421 
f 634/634/278 647/647/421 650/650/421 636/636/416 
f 647/647/421 649/649/422 651/651/422 650/650/421 
f 652/652/299 653/653/298 654/654/298 655/655/299 
f 655/655/299 654/654/298 656/656/298 657/657/423 
f 648/648/422 652/652/299 655/655/299 649/649/422 
f 649/649/422 655/655/299 657/657/423 651/651/422 
f 658/658/424 659/659/425 660/660/299 661/661/424 
f 659/659/425 662/662/422 663/663/422 660/660/299 
f 661/661/424 660/660/299 657/657/423 656/656/298 
f 660/660/299 663/663/422 651/651/422 657/657/423 
f 664/664/421 638/638/418 641/641/419 665/665/421 
f 665/665/421 641/641/419 636/636/416 650/650/421 
f 662/662/422 664/664/421 665/665/421 663/663/422 
f 663/663/422 665/665/421 650/650/421 651/651/422 
f 653/653/298 666/666/426 667/667/426 654/654/298 
f 666/666/426 668/668/427 669/669/322 667/667/426 
f 654/654/298 667/667/426 670/670/428 656/656/298 
f 667/667/426 669/669/322 671/671/322 670/670/428 
f 672/672/429 673/673/430 674/674/318 675/675/429 
f 675/675/429 674/674/318 676/676/430 677/677/429 
f 668/668/427 672/672/429 675/675/429 669/669/322 
f 669/669/322 675/675/429 677/677/429 671/671/322 
f 678/678/318 679/679/429 680/680/429 681/681/430 
f 679/679/429 682/682/427 683/683/427 680/680/429 
f 681/681/430 680/680/429 677/677/429 676/676/430 
f 680/680/429 683/683/427 671/671/322 677/677/429 
f 684/684/428 658/658/424 661/661/424 685/685/428 
f 685/685/428 661/661/424 656/656/298 670/670/428 
f 682/682/427 684/684/428 685/685/428 683/683/427 
f 683/683/427 685/685/428 670/670/428 671/671/322 
f 673/673/430 686/686/344 687/687/431 674/674/318 
f 686/686/344 688/688/342 689/689/342 687/687/431 
f 674/674/318 687/687/431 690/690/344 676/676/430 
f 687/687/431 689/689/342 691/691/342 690/690/344 
f 692/692/339 693/693/338 694/694/432 695/695/339 
f 695/695/339 694/694/432 696/696/338 697/697/339 
f 688/688/342 692/692/339 695/695/339 689/689/342 
f 689/689/342 695/695/339 697/697/339 691/691/342 
f 698/698/432 699/699/339 700/700/339 701/701/432 
f 699/699/339 702/702/342 703/703/433 700/700/339 
f 701/701/432 700/700/339 697/697/339 696/696/338 
f 700/700/339 703/703/433 691/691/342 697/697/339 
f 704/704/344 678/678/318 681/681/430 705/705/344 
f 705/705/344 681/681/430 676/676/430 690/690/344 
f 702/702/342 704/704/344 705/705/344 703/703/433 
f 703/703/433 705/705/344 690/690/344 691/691/342 
f 693/693/338 706/706/434 707/707/434 694/694/432 
f 706/706/434 708/708/357 709/709/435 707/707/434 
f 694/694/432 707/707/434 710/710/434 696/696/338 
f 707/707/434 709/709/435 711/711/435 710/710/434 
f 712/712/355 361/361/23 364/364/361 713/713/355 
f 713/713/355 364/364/361 368/368/364 714/714/355 
f 708/708/357 712/712/355 713/713/355 709/709/435 
f 709/709/435 713/713/355 714/714/355 711/711/435 
f 383/383/23 715/715/355 716/716/355 384/384/23 
f 715/715/355 717/717/357 718/718/357 716/716/355 
f 384/384/23 716/716/355 714/714/355 368/368/364 
f 716/716/355 718/718/357 711/711/435 714/714/355 
f 719/719/434 698/698/432 701/701/432 720/720/434 
f 720/720/434 701/701/432 696/696/338 710/710/434 
f 717/717/357 719/719/434 720/720/434 718/718/357 
f 718/718/357 720/720/434 710/710/434 711/711/435 
f 383/383/23 382/382/22 721/721/22 722/722/361 
f 382/382/22 380/380/362 723/723/362 721/721/22 
f 722/722/361 721/721/22 724/724/363 725/725/364 
f 721/721/22 723/723/362 726/726/362 724/724/363 
f 377/377/17 376/376/16 727/727/16 728/728/17 
f 728/728/17 727/727/16 729/729/16 730/730/365 
f 380/380/362 377/377/17 728/728/17 723/723/362 
f 723/723/362 728/728/17 730/730/365 726/726/362 
f 731/731/16 732/732/17 733/733/17 734/734/16 
f 732/732/17 735/735/362 736/736/362 733/733/17 
f 734/734/16 733/733/17 730/730/365 729/729/16 
f 733/733/17 736/736/362 726/726/362 730/730/365 
f 737/737/22 738/738/23 739/739/23 740/740/22 
f 740/740/22 739/739/23 725/725/364 724/724/363 
f 735/735/362 737/737/22 740/740/22 736/736/362 
f 736/736/362 740/740/22 724/724/363 726/726/362 
f 376/376/16 404/404/44 741/741/44 727/727/16 
f 404/404/44 402/402/366 742/742/366 741/741/44 
f 727/727/16 741/741/44 743/743/44 729/729/16 
f 741/741/44 742/742/366 744/744/366 743/743/44 
f 399/399/39 398/398/367 745/745/367 746/746/39 
f 746/746/39 745/745/367 747/747/38 748/748/39 
f 402/402/366 399/399/39 746/746/39 742/742/366 
f 742/742/366 746/746/39 748/748/39 744/744/366 
f 749/749/38 750/750/39 751/751/39 752/752/38 
f 750/750/39 753/753/366 754/754/42 751/751/39 
f 752/752/38 751/751/39 748/748/39 747/747/38 
f 751/751/39 754/754/42 744/744/366 748/748/39 
f 755/755/44 731/731/16 734/734/16 756/756/44 
f 756/756/44 734/734/16 729/729/16 743/743/44 
f 753/753/366 755/755/44 756/756/44 754/754/42 
f 754/754/42 756/756/44 743/743/44 744/744/366 
f 398/398/367 424/424/64 757/757/64 745/745/367 
f 424/424/64 422/422/62 758/758/369 757/757/64 
f 745/745/367 757/757/64 759/759/64 747/747/38 
f 757/757/64 758/758/369 760/760/369 759/759/64 
f 419/419/59 418/418/58 761/761/58 762/762/370 
f 762/762/370 761/761/58 763/763/58 764/764/370 
f 422/422/62 419/419/59 762/762/370 758/758/369 
f 758/758/369 762/762/370 764/764/370 760/760/369 
f 765/765/58 766/766/59 767/767/370 768/768/371 
f 766/766/59 769/769/62 770/770/369 767/767/370 
f 768/768/371 767/767/370 764/764/370 763/763/58 
f 767/767/370 770/770/369 760/760/369 764/764/370 
f 771/771/64 749/749/38 752/752/38 772/772/64 
f 772/772/64 752/752/38 747/747/38 759/759/64 
f 769/769/62 771/771/64 772/772/64 770/770/369 
f 770/770/369 772/772/64 759/759/64 760/760/369 
f 418/418/58 444/444/84 773/773/372 761/761/58 
f 444/444/84 442/442/82 774/774/374 773/773/372 
f 761/761/58 773/773/372 775/775/373 763/763/58 
f 773/773/372 774/774/374 776/776/374 775/775/373 
f 439/439/79 438/438/377 777/777/375 778/778/376 
f 778/778/376 777/777/375 779/779/78 780/780/376 
f 442/442/82 439/439/79 778/778/376 774/774/374 
f 774/774/374 778/778/376 780/780/376 776/776/374 
f 781/781/377 782/782/79 783/783/436 784/784/377 
f 782/782/79 785/785/82 786/786/374 783/783/436 
f 784/784/377 783/783/436 780/780/376 779/779/78 
f 783/783/436 786/786/374 776/776/374 780/780/376 
f 787/787/84 765/765/58 768/768/371 788/788/373 
f 788/788/373 768/768/371 763/763/58 775/775/373 
f 785/785/82 787/787/84 788/788/373 786/786/374 
f 786/786/374 788/788/373 775/775/373 776/776/374 
f 438/438/377 464/464/104 789/789/104 777/777/375 
f 464/464/104 462/462/381 790/790/382 789/789/104 
f 777/777/375 789/789/104 791/791/378 779/779/78 
f 789/789/104 790/790/382 792/792/102 791/791/378 
f 459/459/99 458/458/379 793/793/379 794/794/99 
f 794/794/99 793/793/379 795/795/98 796/796/380 
f 462/462/381 459/459/99 794/794/99 790/790/382 
f 790/790/382 794/794/99 796/796/380 792/792/102 
f 797/797/98 798/798/99 799/799/380 800/800/98 
f 798/798/99 801/801/381 802/802/381 799/799/380 
f 800/800/98 799/799/380 796/796/380 795/795/98 
f 799/799/380 802/802/381 792/792/102 796/796/380 
f 803/803/104 781/781/377 784/784/377 804/804/104 
f 804/804/104 784/784/377 779/779/78 791/791/378 
f 801/801/381 803/803/104 804/804/104 802/802/381 
f 802/802/381 804/804/104 791/791/378 792/792/102 
f 458/458/379 484/484/124 805/805/383 793/793/379 
f 484/484/124 482/482/122 806/806/122 805/805/383 
f 793/793/379 805/805/383 807/807/383 795/795/98 
f 805/805/383 806/806/122 808/808/384 807/807/383 
f 479/479/387 478/478/118 809/809/386 810/810/385 
f 810/810/385 809/809/386 811/811/386 812/812/119 
f 482/482/122 479/479/387 810/810/385 806/806/122 
f 806/806/122 810/810/385 812/812/119 808/808/384 
f 813/813/386 814/814/387 815/815/387 816/816/118 
f 814/814/387 817/817/122 818/818/122 815/815/387 
f 816/816/118 815/815/387 812/812/119 811/811/386 
f 815/815/387 818/818/122 808/808/384 812/812/119 
f 819/819/124 797/797/98 800/800/98 820/820/124 
f 820/820/124 800/800/98 795/795/98 807/807/383 
f 817/817/122 819/819/124 820/820/124 818/818/122 
f 818/818/122 820/820/124 807/807/383 808/808/384 
f 478/478/118 504/504/388 821/821/388 809/809/386 
f 504/504/388 502/502/142 822/822/389 821/821/388 
f 809/809/386 821/821/388 823/823/388 811/811/386 
f 821/821/388 822/822/389 824/824/142 823/823/388 
f 499/499/139 498/498/138 825/825/138 826/826/139 
f 826/826/139 825/825/138 827/827/390 828/828/139 
f 502/502/142 499/499/139 826/826/139 822/822/389 
f 822/822/389 826/826/139 828/828/139 824/824/142 
f 829/829/390 830/830/139 831/831/391 832/832/390 
f 830/830/139 833/833/142 834/834/142 831/831/391 
f 832/832/390 831/831/391 828/828/139 827/827/390 
f 831/831/391 834/834/142 824/824/142 828/828/139 
f 835/835/388 813/813/386 816/816/118 836/836/144 
f 836/836/144 816/816/118 811/811/386 823/823/388 
f 833/833/142 835/835/388 836/836/144 834/834/142 
f 834/834/142 836/836/144 823/823/388 824/824/142 
f 498/498/138 524/524/164 837/837/164 825/825/138 
f 524/4809/164 522/522/393 838/838/393 837/4776/164 
f 825/825/138 837/837/164 839/839/164 827/827/390 
f 837/4776/164 838/838/393 840/840/393 839/4811/164 
f 519/519/159 518/518/394 841/841/158 842/842/395 
f 842/842/395 841/841/158 843/843/394 844/844/159 
f 522/522/393 519/519/159 842/842/395 838/838/393 
f 838/838/393 842/842/395 844/844/159 840/840/393 
f 845/845/394 846/846/395 847/847/159 848/848/394 
f 846/846/395 849/849/393 850/850/162 847/847/159 
f 848/848/394 847/847/159 844/844/159 843/843/394 
f 847/847/159 850/850/162 840/840/393 844/844/159 
f 851/851/164 829/829/390 832/832/390 852/852/164 
f 852/852/164 832/832/390 827/827/390 839/839/164 
f 849/849/393 851/4810/164 852/4812/164 850/850/162 
f 850/850/162 852/4812/164 839/4811/164 840/840/393 
f 518/518/394 544/544/399 853/853/399 841/841/158 
f 544/544/399 542/542/182 854/854/437 853/853/399 
f 841/841/158 853/853/399 855/855/184 843/843/394 
f 853/853/399 854/854/437 856/856/397 855/855/184 
f 539/539/179 538/538/398 857/857/398 858/858/179 
f 858/858/179 857/857/398 859/859/178 860/860/179 
f 542/542/182 539/539/179 858/858/179 854/854/437 
f 854/854/437 858/858/179 860/860/179 856/856/397 
f 861/861/178 862/862/179 863/863/179 864/864/178 
f 862/862/179 865/865/182 866/866/397 863/863/179 
f 864/864/178 863/863/179 860/860/179 859/859/178 
f 863/863/179 866/866/397 856/856/397 860/860/179 
f 867/867/399 845/845/394 848/848/394 868/868/399 
f 868/868/399 848/848/394 843/843/394 855/855/184 
f 865/865/182 867/867/399 868/868/399 866/866/397 
f 866/866/397 868/868/399 855/855/184 856/856/397 
f 538/538/398 564/564/204 869/869/204 857/857/398 
f 564/564/204 562/562/202 870/870/438 869/869/204 
f 857/857/398 869/869/204 871/871/204 859/859/178 
f 869/869/204 870/870/438 872/872/202 871/871/204 
f 559/559/199 558/558/198 873/873/198 874/874/199 
f 874/874/199 873/873/198 875/875/198 876/876/199 
f 562/562/202 559/559/199 874/874/199 870/870/438 
f 870/870/438 874/874/199 876/876/199 872/872/202 
f 877/877/198 878/878/199 879/879/199 880/880/198 
f 878/878/199 881/881/202 882/882/438 879/879/199 
f 880/880/198 879/879/199 876/876/199 875/875/198 
f 879/879/199 882/882/438 872/872/202 876/876/199 
f 883/883/204 861/861/178 864/864/178 884/884/204 
f 884/884/204 864/864/178 859/859/178 871/871/204 
f 881/881/202 883/883/204 884/884/204 882/882/438 
f 882/882/438 884/884/204 871/871/204 872/872/202 
f 558/558/198 584/584/224 885/885/224 873/873/198 
f 584/584/224 582/582/403 886/886/403 885/885/224 
f 873/873/198 885/885/224 887/887/404 875/875/198 
f 885/885/224 886/886/403 888/888/403 887/887/404 
f 579/579/219 578/578/405 889/889/405 890/890/219 
f 890/890/219 889/889/405 891/891/218 892/892/219 
f 582/582/403 579/579/219 890/890/219 886/886/403 
f 886/886/403 890/890/219 892/892/219 888/888/403 
f 893/893/218 894/894/219 895/895/219 896/896/218 
f 894/894/219 897/897/222 898/898/222 895/895/219 
f 896/896/218 895/895/219 892/892/219 891/891/218 
f 895/895/219 898/898/222 888/888/403 892/892/219 
f 899/899/224 877/877/198 880/880/198 900/900/404 
f 900/900/404 880/880/198 875/875/198 887/887/404 
f 897/897/222 899/899/224 900/900/404 898/898/222 
f 898/898/222 900/900/404 887/887/404 888/888/403 
f 578/578/405 604/604/244 901/901/406 889/889/405 
f 604/604/244 602/602/242 902/902/242 901/901/406 
f 889/889/405 901/901/406 903/903/406 891/891/218 
f 901/901/406 902/902/242 904/904/407 903/903/406 
f 599/599/408 598/598/409 905/905/238 906/906/408 
f 906/906/408 905/905/238 907/907/238 908/908/408 
f 602/602/242 599/599/408 906/906/408 902/902/242 
f 902/902/242 906/906/408 908/908/408 904/904/407 
f 909/909/238 910/910/408 911/911/408 912/912/409 
f 910/910/408 913/913/242 914/914/242 911/911/408 
f 912/912/409 911/911/408 908/908/408 907/907/238 
f 911/911/408 914/914/242 904/904/407 908/908/408 
f 915/915/406 893/893/218 896/896/218 916/916/244 
f 916/916/244 896/896/218 891/891/218 903/903/406 
f 913/913/242 915/915/406 916/916/244 914/914/242 
f 914/914/242 916/916/244 903/903/406 904/904/407 
f 598/598/409 624/624/264 917/917/410 905/905/238 
f 624/624/264 622/622/262 918/918/262 917/917/410 
f 905/905/238 917/917/410 919/919/264 907/907/238 
f 917/917/410 918/918/262 920/920/262 919/919/264 
f 619/619/259 618/618/411 921/921/412 922/922/259 
f 922/922/259 921/921/412 923/923/439 924/924/413 
f 622/622/262 619/619/259 922/922/259 918/918/262 
f 918/918/262 922/922/259 924/924/413 920/920/262 
f 925/925/411 926/926/259 927/927/413 928/928/411 
f 926/926/259 929/929/262 930/930/262 927/927/413 
f 928/928/411 927/927/413 924/924/413 923/923/439 
f 927/927/413 930/930/262 920/920/262 924/924/413 
f 931/931/264 909/909/238 912/912/409 932/932/410 
f 932/932/410 912/912/409 907/907/238 919/919/264 
f 929/929/262 931/931/264 932/932/410 930/930/262 
f 930/930/262 932/932/410 919/919/264 920/920/262 
f 618/618/411 644/644/284 933/933/284 921/921/412 
f 644/644/284 642/642/420 934/934/440 933/933/284 
f 921/921/412 933/933/284 935/935/415 923/923/439 
f 933/933/284 934/934/440 936/936/414 935/935/415 
f 639/639/279 638/638/418 937/937/278 938/938/279 
f 938/938/279 937/937/278 939/939/418 940/940/279 
f 642/642/420 639/639/279 938/938/279 934/934/440 
f 934/934/440 938/938/279 940/940/279 936/936/414 
f 941/941/416 942/942/279 943/943/279 944/944/419 
f 942/942/279 945/945/420 946/946/414 943/943/279 
f 944/944/419 943/943/279 940/940/279 939/939/418 
f 943/943/279 946/946/414 936/936/414 940/940/279 
f 947/947/284 925/925/411 928/928/411 948/948/415 
f 948/948/415 928/928/411 923/923/439 935/935/415 
f 945/945/420 947/947/284 948/948/415 946/946/414 
f 946/946/414 948/948/415 935/935/415 936/936/414 
f 638/638/418 664/664/421 949/949/421 937/937/278 
f 664/664/421 662/662/422 950/950/422 949/949/421 
f 937/937/278 949/949/421 951/951/421 939/939/418 
f 949/949/421 950/950/422 952/952/422 951/951/421 
f 659/659/425 658/658/424 953/953/298 954/954/425 
f 954/954/425 953/953/298 955/955/424 956/956/425 
f 662/662/422 659/659/425 954/954/425 950/950/422 
f 950/950/422 954/954/425 956/956/425 952/952/422 
f 957/957/424 958/958/299 959/959/425 960/960/424 
f 958/958/299 961/961/422 962/962/422 959/959/425 
f 960/960/424 959/959/425 956/956/425 955/955/424 
f 959/959/425 962/962/422 952/952/422 956/956/425 
f 963/963/421 941/941/416 944/944/419 964/964/421 
f 964/964/421 944/944/419 939/939/418 951/951/421 
f 961/961/422 963/963/421 964/964/421 962/962/422 
f 962/962/422 964/964/421 951/951/421 952/952/422 
f 658/658/424 684/684/428 965/965/428 953/953/298 
f 684/684/428 682/682/427 966/966/322 965/965/428 
f 953/953/298 965/965/428 967/967/428 955/955/424 
f 965/965/428 966/966/322 968/968/427 967/967/428 
f 679/679/429 678/678/318 969/969/318 970/970/429 
f 970/970/429 969/969/318 971/971/430 972/972/429 
f 682/682/427 679/679/429 970/970/429 966/966/322 
f 966/966/322 970/970/429 972/972/429 968/968/427 
f 973/973/318 974/974/429 975/975/429 976/976/430 
f 974/974/429 977/977/427 978/978/427 975/975/429 
f 976/976/430 975/975/429 972/972/429 971/971/430 
f 975/975/429 978/978/427 968/968/427 972/972/429 
f 979/979/428 957/957/424 960/960/424 980/980/428 
f 980/980/428 960/960/424 955/955/424 967/967/428 
f 977/977/427 979/979/428 980/980/428 978/978/427 
f 978/978/427 980/980/428 967/967/428 968/968/427 
f 678/678/318 704/704/344 981/981/344 969/969/318 
f 704/704/344 702/702/342 982/982/342 981/981/344 
f 969/969/318 981/981/344 983/983/344 971/971/430 
f 981/981/344 982/982/342 984/984/342 983/983/344 
f 699/699/339 698/698/432 985/985/432 986/986/339 
f 986/986/339 985/985/432 987/987/338 988/988/339 
f 702/702/342 699/699/339 986/986/339 982/982/342 
f 982/982/342 986/986/339 988/988/339 984/984/342 
f 989/989/338 990/990/339 991/991/339 992/992/338 
f 990/990/339 993/993/342 994/994/433 991/991/339 
f 992/992/338 991/991/339 988/988/339 987/987/338 
f 991/991/339 994/994/433 984/984/342 988/988/339 
f 995/995/344 973/973/318 976/976/430 996/996/344 
f 996/996/344 976/976/430 971/971/430 983/983/344 
f 993/993/342 995/995/344 996/996/344 994/994/433 
f 994/994/433 996/996/344 983/983/344 984/984/342 
f 698/698/432 719/719/434 997/997/434 985/985/432 
f 719/719/434 717/717/357 998/998/435 997/997/434 
f 985/985/432 997/997/434 999/999/434 987/987/338 
f 997/997/434 998/998/435 1000/1000/435 999/999/434 
f 715/715/355 383/383/23 722/722/361 1001/1001/355 
f 1001/1001/355 722/722/361 725/725/364 1002/1002/355 
f 717/717/357 715/715/355 1001/1001/355 998/998/435 
f 998/998/435 1001/1001/355 1002/1002/355 1000/1000/435 
f 738/738/23 1003/1003/355 1004/1004/355 739/739/23 
f 1003/1003/355 1005/1005/357 1006/1006/357 1004/1004/355 
f 739/739/23 1004/1004/355 1002/1002/355 725/725/364 
f 1004/1004/355 1006/1006/357 1000/1000/435 1002/1002/355 
f 1007/1007/434 989/989/338 992/992/338 1008/1008/434 
f 1008/1008/434 992/992/338 987/987/338 999/999/434 
f 1005/1005/357 1007/1007/434 1008/1008/434 1006/1006/357 
f 1006/1006/357 1008/1008/434 999/999/434 1000/1000/435 
f 738/738/23 737/737/22 1009/1009/363 1010/1010/361 
f 737/737/22 735/735/362 1011/1011/20 1009/1009/363 
f 1010/1010/361 1009/1009/363 1012/1012/363 1013/1013/364 
f 1009/1009/363 1011/1011/20 1014/1014/362 1012/1012/363 
f 732/732/17 731/731/16 1015/1015/16 1016/1016/365 
f 1016/1016/365 1015/1015/16 1017/1017/16 1018/1018/365 
f 735/735/362 732/732/17 1016/1016/365 1011/1011/20 
f 1011/1011/20 1016/1016/365 1018/1018/365 1014/1014/362 
f 1019/1019/16 1020/1020/17 1021/1021/17 1022/1022/16 
f 1020/1020/17 1023/1023/362 1024/1024/20 1021/1021/17 
f 1022/1022/16 1021/1021/17 1018/1018/365 1017/1017/16 
f 1021/1021/17 1024/1024/20 1014/1014/362 1018/1018/365 
f 1025/1025/22 1026/1026/23 1027/1027/23 1028/1028/363 
f 1028/1028/363 1027/1027/23 1013/1013/364 1012/1012/363 
f 1023/1023/362 1025/1025/22 1028/1028/363 1024/1024/20 
f 1024/1024/20 1028/1028/363 1012/1012/363 1014/1014/362 
f 731/731/16 755/755/44 1029/1029/44 1015/1015/16 
f 755/755/44 753/753/366 1030/1030/366 1029/1029/44 
f 1015/1015/16 1029/1029/44 1031/1031/44 1017/1017/16 
f 1029/1029/44 1030/1030/366 1032/1032/366 1031/1031/44 
f 750/750/39 749/749/38 1033/1033/367 1034/1034/39 
f 1034/1034/39 1033/1033/367 1035/1035/38 1036/1036/39 
f 753/753/366 750/750/39 1034/1034/39 1030/1030/366 
f 1030/1030/366 1034/1034/39 1036/1036/39 1032/1032/366 
f 1037/1037/367 1038/1038/39 1039/1039/39 1040/1040/38 
f 1038/1038/39 1041/1041/366 1042/1042/42 1039/1039/39 
f 1040/1040/38 1039/1039/39 1036/1036/39 1035/1035/38 
f 1039/1039/39 1042/1042/42 1032/1032/366 1036/1036/39 
f 1043/1043/44 1019/1019/16 1022/1022/16 1044/1044/44 
f 1044/1044/44 1022/1022/16 1017/1017/16 1031/1031/44 
f 1041/1041/366 1043/1043/44 1044/1044/44 1042/1042/42 
f 1042/1042/42 1044/1044/44 1031/1031/44 1032/1032/366 
f 749/749/38 771/771/64 1045/1045/64 1033/1033/367 
f 771/771/64 769/769/62 1046/1046/369 1045/1045/64 
f 1033/1033/367 1045/1045/64 1047/1047/64 1035/1035/38 
f 1045/1045/64 1046/1046/369 1048/1048/369 1047/1047/64 
f 766/766/59 765/765/58 1049/1049/58 1050/1050/370 
f 1050/1050/370 1049/1049/58 1051/1051/58 1052/1052/370 
f 769/769/62 766/766/59 1050/1050/370 1046/1046/369 
f 1046/1046/369 1050/1050/370 1052/1052/370 1048/1048/369 
f 1053/1053/58 1054/1054/59 1055/1055/59 1056/1056/371 
f 1054/1054/59 1057/1057/62 1058/1058/62 1055/1055/59 
f 1056/1056/371 1055/1055/59 1052/1052/370 1051/1051/58 
f 1055/1055/59 1058/1058/62 1048/1048/369 1052/1052/370 
f 1059/1059/64 1037/1037/367 1040/1040/38 1060/1060/64 
f 1060/1060/64 1040/1040/38 1035/1035/38 1047/1047/64 
f 1057/1057/62 1059/1059/64 1060/1060/64 1058/1058/62 
f 1058/1058/62 1060/1060/64 1047/1047/64 1048/1048/369 
f 765/765/58 787/787/84 1061/1061/372 1049/1049/58 
f 787/787/84 785/785/82 1062/1062/374 1061/1061/372 
f 1049/1049/58 1061/1061/372 1063/1063/373 1051/1051/58 
f 1061/1061/372 1062/1062/374 1064/1064/374 1063/1063/373 
f 782/782/79 781/781/377 1065/1065/375 1066/1066/376 
f 1066/1066/376 1065/1065/375 1067/1067/377 1068/1068/376 
f 785/785/82 782/782/79 1066/1066/376 1062/1062/374 
f 1062/1062/374 1066/1066/376 1068/1068/376 1064/1064/374 
f 1069/1069/377 1070/1070/79 1071/1071/441 1072/1072/377 
f 1070/1070/79 1073/1073/82 1074/1074/374 1071/1071/441 
f 1072/1072/377 1071/1071/441 1068/1068/376 1067/1067/377 
f 1071/1071/441 1074/1074/374 1064/1064/374 1068/1068/376 
f 1075/1075/84 1053/1053/58 1056/1056/371 1076/1076/84 
f 1076/1076/84 1056/1056/371 1051/1051/58 1063/1063/373 
f 1073/1073/82 1075/1075/84 1076/1076/84 1074/1074/374 
f 1074/1074/374 1076/1076/84 1063/1063/373 1064/1064/374 
f 781/781/377 803/803/104 1077/1077/378 1065/1065/375 
f 803/803/104 801/801/381 1078/1078/382 1077/1077/378 
f 1065/1065/375 1077/1077/378 1079/1079/378 1067/1067/377 
f 1077/1077/378 1078/1078/382 1080/1080/102 1079/1079/378 
f 798/798/99 797/797/98 1081/1081/379 1082/1082/99 
f 1082/1082/99 1081/1081/379 1083/1083/98 1084/1084/380 
f 801/801/381 798/798/99 1082/1082/99 1078/1078/382 
f 1078/1078/382 1082/1082/99 1084/1084/380 1080/1080/102 
f 1085/1085/379 1086/1086/99 1087/1087/380 1088/1088/98 
f 1086/1086/99 1089/1089/381 1090/1090/381 1087/1087/380 
f 1088/1088/98 1087/1087/380 1084/1084/380 1083/1083/98 
f 1087/1087/380 1090/1090/381 1080/1080/102 1084/1084/380 
f 1091/1091/104 1069/1069/377 1072/1072/377 1092/1092/104 
f 1092/1092/104 1072/1072/377 1067/1067/377 1079/1079/378 
f 1089/1089/381 1091/1091/104 1092/1092/104 1090/1090/381 
f 1090/1090/381 1092/1092/104 1079/1079/378 1080/1080/102 
f 797/797/98 819/819/124 1093/1093/383 1081/1081/379 
f 819/819/124 817/817/122 1094/1094/122 1093/1093/383 
f 1081/1081/379 1093/1093/383 1095/1095/383 1083/1083/98 
f 1093/1093/383 1094/1094/122 1096/1096/384 1095/1095/383 
f 814/814/387 813/813/386 1097/1097/386 1098/1098/385 
f 1098/1098/385 1097/1097/386 1099/1099/118 1100/1100/387 
f 817/817/122 814/814/387 1098/1098/385 1094/1094/122 
f 1094/1094/122 1098/1098/385 1100/1100/387 1096/1096/384 
f 1101/1101/118 1102/1102/442 1103/1103/387 1104/1104/118 
f 1102/1102/442 1105/1105/122 1106/1106/122 1103/1103/387 
f 1104/1104/118 1103/1103/387 1100/1100/387 1099/1099/118 
f 1103/1103/387 1106/1106/122 1096/1096/384 1100/1100/387 
f 1107/1107/124 1085/1085/379 1088/1088/98 1108/1108/124 
f 1108/1108/124 1088/1088/98 1083/1083/98 1095/1095/383 
f 1105/1105/122 1107/1107/124 1108/1108/124 1106/1106/122 
f 1106/1106/122 1108/1108/124 1095/1095/383 1096/1096/384 
f 813/813/386 835/835/388 1109/1109/388 1097/1097/386 
f 835/835/388 833/833/142 1110/1110/389 1109/1109/388 
f 1097/1097/386 1109/1109/388 1111/1111/144 1099/1099/118 
f 1109/1109/388 1110/1110/389 1112/1112/142 1111/1111/144 
f 830/830/139 829/829/390 1113/1113/138 1114/1114/139 
f 1114/1114/139 1113/1113/138 1115/1115/390 1116/1116/391 
f 833/833/142 830/830/139 1114/1114/139 1110/1110/389 
f 1110/1110/389 1114/1114/139 1116/1116/391 1112/1112/142 
f 1117/1117/138 1118/1118/139 1119/1119/391 1120/1120/390 
f 1118/1118/139 1121/1121/389 1122/1122/142 1119/1119/391 
f 1120/1120/390 1119/1119/391 1116/1116/391 1115/1115/390 
f 1119/1119/391 1122/1122/142 1112/1112/142 1116/1116/391 
f 1123/1123/388 1101/1101/118 1104/1104/118 1124/1124/144 
f 1124/1124/144 1104/1104/118 1099/1099/118 1111/1111/144 
f 1121/1121/389 1123/1123/388 1124/1124/144 1122/1122/142 
f 1122/1122/142 1124/1124/144 1111/1111/144 1112/1112/142 
f 829/829/390 851/851/164 1125/1125/164 1113/1113/138 
f 851/4810/164 849/849/393 1126/1126/393 1125/4772/164 
f 1113/1113/138 1125/1125/164 1127/1127/164 1115/1115/390 
f 1125/4772/164 1126/1126/393 1128/1128/393 1127/4805/164 
f 846/846/395 845/845/394 1129/1129/158 1130/1130/395 
f 1130/1130/395 1129/1129/158 1131/1131/394 1132/1132/159 
f 849/849/393 846/846/395 1130/1130/395 1126/1126/393 
f 1126/1126/393 1130/1130/395 1132/1132/159 1128/1128/393 
f 1133/1133/394 1134/1134/395 1135/1135/159 1136/1136/394 
f 1134/1134/395 1137/1137/393 1138/1138/162 1135/1135/159 
f 1136/1136/394 1135/1135/159 1132/1132/159 1131/1131/394 
f 1135/1135/159 1138/1138/162 1128/1128/393 1132/1132/159 
f 1139/1139/164 1117/1117/138 1120/1120/390 1140/1140/164 
f 1140/1140/164 1120/1120/390 1115/1115/390 1127/1127/164 
f 1137/1137/393 1139/4801/164 1140/4808/164 1138/1138/162 
f 1138/1138/162 1140/4808/164 1127/4805/164 1128/1128/393 
f 845/845/394 867/867/399 1141/1141/184 1129/1129/158 
f 867/867/399 865/865/182 1142/1142/437 1141/1141/184 
f 1129/1129/158 1141/1141/184 1143/1143/184 1131/1131/394 
f 1141/1141/184 1142/1142/437 1144/1144/397 1143/1143/184 
f 862/862/179 861/861/178 1145/1145/178 1146/1146/179 
f 1146/1146/179 1145/1145/178 1147/1147/398 1148/1148/179 
f 865/865/182 862/862/179 1146/1146/179 1142/1142/437 
f 1142/1142/437 1146/1146/179 1148/1148/179 1144/1144/397 
f 1149/1149/398 1150/1150/179 1151/1151/179 1152/1152/178 
f 1150/1150/179 1153/1153/182 1154/1154/182 1151/1151/179 
f 1152/1152/178 1151/1151/179 1148/1148/179 1147/1147/398 
f 1151/1151/179 1154/1154/182 1144/1144/397 1148/1148/179 
f 1155/1155/399 1133/1133/394 1136/1136/394 1156/1156/399 
f 1156/1156/399 1136/1136/394 1131/1131/394 1143/1143/184 
f 1153/1153/182 1155/1155/399 1156/1156/399 1154/1154/182 
f 1154/1154/182 1156/1156/399 1143/1143/184 1144/1144/397 
f 861/861/178 883/883/204 1157/1157/204 1145/1145/178 
f 883/883/204 881/881/202 1158/1158/438 1157/1157/204 
f 1145/1145/178 1157/1157/204 1159/1159/204 1147/1147/398 
f 1157/1157/204 1158/1158/438 1160/1160/402 1159/1159/204 
f 878/878/199 877/877/198 1161/1161/198 1162/1162/199 
f 1162/1162/199 1161/1161/198 1163/1163/198 1164/1164/199 
f 881/881/202 878/878/199 1162/1162/199 1158/1158/438 
f 1158/1158/438 1162/1162/199 1164/1164/199 1160/1160/402 
f 1165/1165/198 1166/1166/199 1167/1167/199 1168/1168/198 
f 1166/1166/199 1169/1169/402 1170/1170/438 1167/1167/199 
f 1168/1168/198 1167/1167/199 1164/1164/199 1163/1163/198 
f 1167/1167/199 1170/1170/438 1160/1160/402 1164/1164/199 
f 1171/1171/204 1149/1149/398 1152/1152/178 1172/1172/204 
f 1172/1172/204 1152/1152/178 1147/1147/398 1159/1159/204 
f 1169/1169/402 1171/1171/204 1172/1172/204 1170/1170/438 
f 1170/1170/438 1172/1172/204 1159/1159/204 1160/1160/402 
f 877/877/198 899/899/224 1173/1173/404 1161/1161/198 
f 899/899/224 897/897/222 1174/1174/403 1173/1173/404 
f 1161/1161/198 1173/1173/404 1175/1175/404 1163/1163/198 
f 1173/1173/404 1174/1174/403 1176/1176/403 1175/1175/404 
f 894/894/219 893/893/218 1177/1177/405 1178/1178/219 
f 1178/1178/219 1177/1177/405 1179/1179/218 1180/1180/219 
f 897/897/222 894/894/219 1178/1178/219 1174/1174/403 
f 1174/1174/403 1178/1178/219 1180/1180/219 1176/1176/403 
f 1181/1181/405 1182/1182/219 1183/1183/219 1184/1184/218 
f 1182/1182/219 1185/1185/403 1186/1186/222 1183/1183/219 
f 1184/1184/218 1183/1183/219 1180/1180/219 1179/1179/218 
f 1183/1183/219 1186/1186/222 1176/1176/403 1180/1180/219 
f 1187/1187/224 1165/1165/198 1168/1168/198 1188/1188/404 
f 1188/1188/404 1168/1168/198 1163/1163/198 1175/1175/404 
f 1185/1185/403 1187/1187/224 1188/1188/404 1186/1186/222 
f 1186/1186/222 1188/1188/404 1175/1175/404 1176/1176/403 
f 893/893/218 915/915/406 1189/1189/406 1177/1177/405 
f 915/915/406 913/913/242 1190/1190/242 1189/1189/406 
f 1177/1177/405 1189/1189/406 1191/1191/406 1179/1179/218 
f 1189/1189/406 1190/1190/242 1192/1192/407 1191/1191/406 
f 910/910/408 909/909/238 1193/1193/238 1194/1194/408 
f 1194/1194/408 1193/1193/238 1195/1195/409 1196/1196/408 
f 913/913/242 910/910/408 1194/1194/408 1190/1190/242 
f 1190/1190/242 1194/1194/408 1196/1196/408 1192/1192/407 
f 1197/1197/409 1198/1198/408 1199/1199/408 1200/1200/409 
f 1198/1198/408 1201/1201/407 1202/1202/242 1199/1199/408 
f 1200/1200/409 1199/1199/408 1196/1196/408 1195/1195/409 
f 1199/1199/408 1202/1202/242 1192/1192/407 1196/1196/408 
f 1203/1203/406 1181/1181/405 1184/1184/218 1204/1204/244 
f 1204/1204/244 1184/1184/218 1179/1179/218 1191/1191/406 
f 1201/1201/407 1203/1203/406 1204/1204/244 1202/1202/242 
f 1202/1202/242 1204/1204/244 1191/1191/406 1192/1192/407 
f 909/909/238 931/931/264 1205/1205/410 1193/1193/238 
f 931/931/264 929/929/262 1206/1206/262 1205/1205/410 
f 1193/1193/238 1205/1205/410 1207/1207/264 1195/1195/409 
f 1205/1205/410 1206/1206/262 1208/1208/262 1207/1207/264 
f 926/926/259 925/925/411 1209/1209/412 1210/1210/259 
f 1210/1210/259 1209/1209/412 1211/1211/412 1212/1212/413 
f 929/929/262 926/926/259 1210/1210/259 1206/1206/262 
f 1206/1206/262 1210/1210/259 1212/1212/413 1208/1208/262 
f 1213/1213/258 1214/1214/259 1215/1215/259 1216/1216/411 
f 1214/1214/259 1217/1217/262 1218/1218/262 1215/1215/259 
f 1216/1216/411 1215/1215/259 1212/1212/413 1211/1211/412 
f 1215/1215/259 1218/1218/262 1208/1208/262 1212/1212/413 
f 1219/1219/264 1197/1197/409 1200/1200/409 1220/1220/410 
f 1220/1220/410 1200/1200/409 1195/1195/409 1207/1207/264 
f 1217/1217/262 1219/1219/264 1220/1220/410 1218/1218/262 
f 1218/1218/262 1220/1220/410 1207/1207/264 1208/1208/262 
f 925/925/411 947/947/284 1221/1221/284 1209/1209/412 
f 947/947/284 945/945/420 1222/1222/440 1221/1221/284 
f 1209/1209/412 1221/1221/284 1223/1223/415 1211/1211/412 
f 1221/1221/284 1222/1222/440 1224/1224/414 1223/1223/415 
f 942/942/279 941/941/416 1225/1225/278 1226/1226/279 
f 1226/1226/279 1225/1225/278 1227/1227/416 1228/1228/279 
f 945/945/420 942/942/279 1226/1226/279 1222/1222/440 
f 1222/1222/440 1226/1226/279 1228/1228/279 1224/1224/414 
f 1229/1229/418 1230/1230/279 1231/1231/279 1232/1232/419 
f 1230/1230/279 1233/1233/420 1234/1234/414 1231/1231/279 
f 1232/1232/419 1231/1231/279 1228/1228/279 1227/1227/416 
f 1231/1231/279 1234/1234/414 1224/1224/414 1228/1228/279 
f 1235/1235/284 1213/1213/258 1216/1216/411 1236/1236/415 
f 1236/1236/415 1216/1216/411 1211/1211/412 1223/1223/415 
f 1233/1233/420 1235/1235/284 1236/1236/415 1234/1234/414 
f 1234/1234/414 1236/1236/415 1223/1223/415 1224/1224/414 
f 941/941/416 963/963/421 1237/1237/421 1225/1225/278 
f 963/963/421 961/961/422 1238/1238/422 1237/1237/421 
f 1225/1225/278 1237/1237/421 1239/1239/421 1227/1227/416 
f 1237/1237/421 1238/1238/422 1240/1240/422 1239/1239/421 
f 958/958/299 957/957/424 1241/1241/298 1242/1242/425 
f 1242/1242/425 1241/1241/298 1243/1243/424 1244/1244/299 
f 961/961/422 958/958/299 1242/1242/425 1238/1238/422 
f 1238/1238/422 1242/1242/425 1244/1244/299 1240/1240/422 
f 1245/1245/424 1246/1246/425 1247/1247/425 1248/1248/424 
f 1246/1246/425 1249/1249/422 1250/1250/422 1247/1247/425 
f 1248/1248/424 1247/1247/425 1244/1244/299 1243/1243/424 
f 1247/1247/425 1250/1250/422 1240/1240/422 1244/1244/299 
f 1251/1251/421 1229/1229/418 1232/1232/419 1252/1252/421 
f 1252/1252/421 1232/1232/419 1227/1227/416 1239/1239/421 
f 1249/1249/422 1251/1251/421 1252/1252/421 1250/1250/422 
f 1250/1250/422 1252/1252/421 1239/1239/421 1240/1240/422 
f 957/957/424 979/979/428 1253/1253/428 1241/1241/298 
f 979/979/428 977/977/427 1254/1254/322 1253/1253/428 
f 1241/1241/298 1253/1253/428 1255/1255/428 1243/1243/424 
f 1253/1253/428 1254/1254/322 1256/1256/427 1255/1255/428 
f 974/974/429 973/973/318 1257/1257/318 1258/1258/429 
f 1258/1258/429 1257/1257/318 1259/1259/318 1260/1260/429 
f 977/977/427 974/974/429 1258/1258/429 1254/1254/322 
f 1254/1254/322 1258/1258/429 1260/1260/429 1256/1256/427 
f 1261/1261/318 1262/1262/429 1263/1263/429 1264/1264/430 
f 1262/1262/429 1265/1265/427 1266/1266/427 1263/1263/429 
f 1264/1264/430 1263/1263/429 1260/1260/429 1259/1259/318 
f 1263/1263/429 1266/1266/427 1256/1256/427 1260/1260/429 
f 1267/1267/428 1245/1245/424 1248/1248/424 1268/1268/428 
f 1268/1268/428 1248/1248/424 1243/1243/424 1255/1255/428 
f 1265/1265/427 1267/1267/428 1268/1268/428 1266/1266/427 
f 1266/1266/427 1268/1268/428 1255/1255/428 1256/1256/427 
f 973/973/318 995/995/344 1269/1269/344 1257/1257/318 
f 995/995/344 993/993/342 1270/1270/342 1269/1269/344 
f 1257/1257/318 1269/1269/344 1271/1271/344 1259/1259/318 
f 1269/1269/344 1270/1270/342 1272/1272/433 1271/1271/344 
f 990/990/339 989/989/338 1273/1273/338 1274/1274/339 
f 1274/1274/339 1273/1273/338 1275/1275/432 1276/1276/339 
f 993/993/342 990/990/339 1274/1274/339 1270/1270/342 
f 1270/1270/342 1274/1274/339 1276/1276/339 1272/1272/433 
f 1277/1277/432 1278/1278/339 1279/1279/339 1280/1280/338 
f 1278/1278/339 1281/1281/342 1282/1282/433 1279/1279/339 
f 1280/1280/338 1279/1279/339 1276/1276/339 1275/1275/432 
f 1279/1279/339 1282/1282/433 1272/1272/433 1276/1276/339 
f 1283/1283/344 1261/1261/318 1264/1264/430 1284/1284/344 
f 1284/1284/344 1264/1264/430 1259/1259/318 1271/1271/344 
f 1281/1281/342 1283/1283/344 1284/1284/344 1282/1282/433 
f 1282/1282/433 1284/1284/344 1271/1271/344 1272/1272/433 
f 989/989/338 1007/1007/434 1285/1285/434 1273/1273/338 
f 1007/1007/434 1005/1005/357 1286/1286/435 1285/1285/434 
f 1273/1273/338 1285/1285/434 1287/1287/434 1275/1275/432 
f 1285/1285/434 1286/1286/435 1288/1288/357 1287/1287/434 
f 1003/1003/355 738/738/23 1010/1010/361 1289/1289/355 
f 1289/1289/355 1010/1010/361 1013/1013/364 1290/1290/355 
f 1005/1005/357 1003/1003/355 1289/1289/355 1286/1286/435 
f 1286/1286/435 1289/1289/355 1290/1290/355 1288/1288/357 
f 1026/1026/23 1291/1291/355 1292/1292/355 1027/1027/23 
f 1291/1291/355 1293/1293/357 1294/1294/357 1292/1292/355 
f 1027/1027/23 1292/1292/355 1290/1290/355 1013/1013/364 
f 1292/1292/355 1294/1294/357 1288/1288/357 1290/1290/355 
f 1295/1295/434 1277/1277/432 1280/1280/338 1296/1296/434 
f 1296/1296/434 1280/1280/338 1275/1275/432 1287/1287/434 
f 1293/1293/357 1295/1295/434 1296/1296/434 1294/1294/357 
f 1294/1294/357 1296/1296/434 1287/1287/434 1288/1288/357 
f 1026/1026/23 1025/1025/22 1297/1297/363 1298/1298/361 
f 1025/1025/22 1023/1023/362 1299/1299/20 1297/1297/363 
f 1298/1298/361 1297/1297/363 1300/1300/363 1301/1301/364 
f 1297/1297/363 1299/1299/20 1302/1302/362 1300/1300/363 
f 1020/1020/17 1019/1019/16 1303/1303/16 1304/1304/365 
f 1304/1304/365 1303/1303/16 1305/1305/16 1306/1306/365 
f 1023/1023/362 1020/1020/17 1304/1304/365 1299/1299/20 
f 1299/1299/20 1304/1304/365 1306/1306/365 1302/1302/362 
f 1307/1307/443 1308/1308/17 1309/1309/17 1310/1310/16 
f 1308/1308/17 1311/1311/362 1312/1312/20 1309/1309/17 
f 1310/1310/16 1309/1309/17 1306/1306/365 1305/1305/16 
f 1309/1309/17 1312/1312/20 1302/1302/362 1306/1306/365 
f 1313/1313/22 1314/1314/23 1315/1315/23 1316/1316/363 
f 1316/1316/363 1315/1315/23 1301/1301/364 1300/1300/363 
f 1311/1311/362 1313/1313/22 1316/1316/363 1312/1312/20 
f 1312/1312/20 1316/1316/363 1300/1300/363 1302/1302/362 
f 1019/1019/16 1043/1043/44 1317/1317/44 1303/1303/16 
f 1043/1043/44 1041/1041/366 1318/1318/366 1317/1317/44 
f 1303/1303/16 1317/1317/44 1319/1319/44 1305/1305/16 
f 1317/1317/44 1318/1318/366 1320/1320/366 1319/1319/44 
f 1038/1038/39 1037/1037/367 1321/1321/367 1322/1322/39 
f 1322/1322/39 1321/1321/367 1323/1323/38 1324/1324/39 
f 1041/1041/366 1038/1038/39 1322/1322/39 1318/1318/366 
f 1318/1318/366 1322/1322/39 1324/1324/39 1320/1320/366 
f 1325/1325/367 1326/1326/39 1327/1327/39 1328/1328/38 
f 1326/1326/39 1329/1329/366 1330/1330/42 1327/1327/39 
f 1328/1328/38 1327/1327/39 1324/1324/39 1323/1323/38 
f 1327/1327/39 1330/1330/42 1320/1320/366 1324/1324/39 
f 1331/1331/44 1307/1307/443 1310/1310/16 1332/1332/44 
f 1332/1332/44 1310/1310/16 1305/1305/16 1319/1319/44 
f 1329/1329/366 1331/1331/44 1332/1332/44 1330/1330/42 
f 1330/1330/42 1332/1332/44 1319/1319/44 1320/1320/366 
f 1037/1037/367 1059/1059/64 1333/1333/64 1321/1321/367 
f 1059/1059/64 1057/1057/62 1334/1334/369 1333/1333/64 
f 1321/1321/367 1333/1333/64 1335/1335/64 1323/1323/38 
f 1333/1333/64 1334/1334/369 1336/1336/369 1335/1335/64 
f 1054/1054/59 1053/1053/58 1337/1337/58 1338/1338/370 
f 1338/1338/370 1337/1337/58 1339/1339/58 1340/1340/370 
f 1057/1057/62 1054/1054/59 1338/1338/370 1334/1334/369 
f 1334/1334/369 1338/1338/370 1340/1340/370 1336/1336/369 
f 1341/1341/58 1342/1342/59 1343/1343/59 1344/1344/58 
f 1342/1342/59 1345/1345/62 1346/1346/62 1343/1343/59 
f 1344/1344/58 1343/1343/59 1340/1340/370 1339/1339/58 
f 1343/1343/59 1346/1346/62 1336/1336/369 1340/1340/370 
f 1347/1347/64 1325/1325/367 1328/1328/38 1348/1348/64 
f 1348/1348/64 1328/1328/38 1323/1323/38 1335/1335/64 
f 1345/1345/62 1347/1347/64 1348/1348/64 1346/1346/62 
f 1346/1346/62 1348/1348/64 1335/1335/64 1336/1336/369 
f 1053/1053/58 1075/1075/84 1349/1349/372 1337/1337/58 
f 1075/1075/84 1073/1073/82 1350/1350/374 1349/1349/372 
f 1337/1337/58 1349/1349/372 1351/1351/373 1339/1339/58 
f 1349/1349/372 1350/1350/374 1352/1352/374 1351/1351/373 
f 1070/1070/79 1069/1069/377 1353/1353/375 1354/1354/376 
f 1354/1354/376 1353/1353/375 1355/1355/377 1356/1356/376 
f 1073/1073/82 1070/1070/79 1354/1354/376 1350/1350/374 
f 1350/1350/374 1354/1354/376 1356/1356/376 1352/1352/374 
f 1357/1357/377 1358/1358/79 1359/1359/441 1360/1360/375 
f 1358/1358/79 1361/1361/82 1362/1362/374 1359/1359/441 
f 1360/1360/375 1359/1359/441 1356/1356/376 1355/1355/377 
f 1359/1359/441 1362/1362/374 1352/1352/374 1356/1356/376 
f 1363/1363/84 1341/1341/58 1344/1344/58 1364/1364/84 
f 1364/1364/84 1344/1344/58 1339/1339/58 1351/1351/373 
f 1361/1361/82 1363/1363/84 1364/1364/84 1362/1362/374 
f 1362/1362/374 1364/1364/84 1351/1351/373 1352/1352/374 
f 1069/1069/377 1091/1091/104 1365/1365/378 1353/1353/375 
f 1091/1091/104 1089/1089/381 1366/1366/382 1365/1365/378 
f 1353/1353/375 1365/1365/378 1367/1367/378 1355/1355/377 
f 1365/1365/378 1366/1366/382 1368/1368/102 1367/1367/378 
f 1086/1086/99 1085/1085/379 1369/1369/379 1370/1370/99 
f 1370/1370/99 1369/1369/379 1371/1371/98 1372/1372/380 
f 1089/1089/381 1086/1086/99 1370/1370/99 1366/1366/382 
f 1366/1366/382 1370/1370/99 1372/1372/380 1368/1368/102 
f 1373/1373/379 1374/1374/99 1375/1375/99 1376/1376/98 
f 1374/1374/99 1377/1377/382 1378/1378/381 1375/1375/99 
f 1376/1376/98 1375/1375/99 1372/1372/380 1371/1371/98 
f 1375/1375/99 1378/1378/381 1368/1368/102 1372/1372/380 
f 1379/1379/104 1357/1357/377 1360/1360/375 1380/1380/104 
f 1380/1380/104 1360/1360/375 1355/1355/377 1367/1367/378 
f 1377/1377/382 1379/1379/104 1380/1380/104 1378/1378/381 
f 1378/1378/381 1380/1380/104 1367/1367/378 1368/1368/102 
f 1085/1085/379 1107/1107/124 1381/1381/383 1369/1369/379 
f 1107/1107/124 1105/1105/122 1382/1382/122 1381/1381/383 
f 1369/1369/379 1381/1381/383 1383/1383/383 1371/1371/98 
f 1381/1381/383 1382/1382/122 1384/1384/384 1383/1383/383 
f 1102/1102/442 1101/1101/118 1385/1385/386 1386/1386/385 
f 1386/1386/385 1385/1385/386 1387/1387/118 1388/1388/387 
f 1105/1105/122 1102/1102/442 1386/1386/385 1382/1382/122 
f 1382/1382/122 1386/1386/385 1388/1388/387 1384/1384/384 
f 1389/1389/386 1390/1390/119 1391/1391/119 1392/1392/118 
f 1390/1390/119 1393/1393/122 1394/1394/122 1391/1391/119 
f 1392/1392/118 1391/1391/119 1388/1388/387 1387/1387/118 
f 1391/1391/119 1394/1394/122 1384/1384/384 1388/1388/387 
f 1395/1395/124 1373/1373/379 1376/1376/98 1396/1396/124 
f 1396/1396/124 1376/1376/98 1371/1371/98 1383/1383/383 
f 1393/1393/122 1395/1395/124 1396/1396/124 1394/1394/122 
f 1394/1394/122 1396/1396/124 1383/1383/383 1384/1384/384 
f 1101/1101/118 1123/1123/388 1397/1397/388 1385/1385/386 
f 1123/1123/388 1121/1121/389 1398/1398/389 1397/1397/388 
f 1385/1385/386 1397/1397/388 1399/1399/144 1387/1387/118 
f 1397/1397/388 1398/1398/389 1400/1400/142 1399/1399/144 
f 1118/1118/139 1117/1117/138 1401/1401/138 1402/1402/139 
f 1402/1402/139 1401/1401/138 1403/1403/390 1404/1404/391 
f 1121/1121/389 1118/1118/139 1402/1402/139 1398/1398/389 
f 1398/1398/389 1402/1402/139 1404/1404/391 1400/1400/142 
f 1405/1405/390 1406/1406/139 1407/1407/391 1408/1408/138 
f 1406/1406/139 1409/1409/389 1410/1410/142 1407/1407/391 
f 1408/1408/138 1407/1407/391 1404/1404/391 1403/1403/390 
f 1407/1407/391 1410/1410/142 1400/1400/142 1404/1404/391 
f 1411/1411/144 1389/1389/386 1392/1392/118 1412/1412/144 
f 1412/1412/144 1392/1392/118 1387/1387/118 1399/1399/144 
f 1409/1409/389 1411/1411/144 1412/1412/144 1410/1410/142 
f 1410/1410/142 1412/1412/144 1399/1399/144 1400/1400/142 
f 1117/1117/138 1139/1139/164 1413/1413/164 1401/1401/138 
f 1139/4801/164 1137/1137/393 1414/1414/393 1413/4802/164 
f 1401/1401/138 1413/1413/164 1415/1415/164 1403/1403/390 
f 1413/4802/164 1414/1414/393 1416/1416/393 1415/4797/164 
f 1134/1134/395 1133/1133/394 1417/1417/158 1418/1418/395 
f 1418/1418/395 1417/1417/158 1419/1419/394 1420/1420/159 
f 1137/1137/393 1134/1134/395 1418/1418/395 1414/1414/393 
f 1414/1414/393 1418/1418/395 1420/1420/159 1416/1416/393 
f 1421/1421/394 1422/1422/395 1423/1423/159 1424/1424/158 
f 1422/1422/395 1425/1425/393 1426/1426/162 1423/1423/159 
f 1424/1424/158 1423/1423/159 1420/1420/159 1419/1419/394 
f 1423/1423/159 1426/1426/162 1416/1416/393 1420/1420/159 
f 1427/1427/164 1405/1405/390 1408/1408/138 1428/1428/164 
f 1428/1428/164 1408/1408/138 1403/1403/390 1415/1415/164 
f 1425/1425/393 1427/4790/164 1428/4799/164 1426/1426/162 
f 1426/1426/162 1428/4799/164 1415/4797/164 1416/1416/393 
f 1133/1133/394 1155/1155/399 1429/1429/399 1417/1417/158 
f 1155/1155/399 1153/1153/182 1430/1430/437 1429/1429/399 
f 1417/1417/158 1429/1429/399 1431/1431/399 1419/1419/394 
f 1429/1429/399 1430/1430/437 1432/1432/397 1431/1431/399 
f 1150/1150/179 1149/1149/398 1433/1433/178 1434/1434/179 
f 1434/1434/179 1433/1433/178 1435/1435/398 1436/1436/179 
f 1153/1153/182 1150/1150/179 1434/1434/179 1430/1430/437 
f 1430/1430/437 1434/1434/179 1436/1436/179 1432/1432/397 
f 1437/1437/398 1438/1438/444 1439/1439/179 1440/1440/178 
f 1438/1438/444 1441/1441/182 1442/1442/182 1439/1439/179 
f 1440/1440/178 1439/1439/179 1436/1436/179 1435/1435/398 
f 1439/1439/179 1442/1442/182 1432/1432/397 1436/1436/179 
f 1443/1443/184 1421/1421/394 1424/1424/158 1444/1444/399 
f 1444/1444/399 1424/1424/158 1419/1419/394 1431/1431/399 
f 1441/1441/182 1443/1443/184 1444/1444/399 1442/1442/182 
f 1442/1442/182 1444/1444/399 1431/1431/399 1432/1432/397 
f 1149/1149/398 1171/1171/204 1445/1445/204 1433/1433/178 
f 1171/1171/204 1169/1169/402 1446/1446/438 1445/1445/204 
f 1433/1433/178 1445/1445/204 1447/1447/204 1435/1435/398 
f 1445/1445/204 1446/1446/438 1448/1448/202 1447/1447/204 
f 1166/1166/199 1165/1165/198 1449/1449/198 1450/1450/199 
f 1450/1450/199 1449/1449/198 1451/1451/198 1452/1452/199 
f 1169/1169/402 1166/1166/199 1450/1450/199 1446/1446/438 
f 1446/1446/438 1450/1450/199 1452/1452/199 1448/1448/202 
f 1453/1453/401 1454/1454/445 1455/1455/445 1456/1456/198 
f 1454/1454/445 1457/1457/438 1458/1458/202 1455/1455/445 
f 1456/1456/198 1455/1455/445 1452/1452/199 1451/1451/198 
f 1455/1455/445 1458/1458/202 1448/1448/202 1452/1452/199 
f 1459/1459/204 1437/1437/398 1440/1440/178 1460/1460/204 
f 1460/1460/204 1440/1440/178 1435/1435/398 1447/1447/204 
f 1457/1457/438 1459/1459/204 1460/1460/204 1458/1458/202 
f 1458/1458/202 1460/1460/204 1447/1447/204 1448/1448/202 
f 1165/1165/198 1187/1187/224 1461/1461/404 1449/1449/198 
f 1187/1187/224 1185/1185/403 1462/1462/403 1461/1461/404 
f 1449/1449/198 1461/1461/404 1463/1463/404 1451/1451/198 
f 1461/1461/404 1462/1462/403 1464/1464/403 1463/1463/404 
f 1182/1182/219 1181/1181/405 1465/1465/405 1466/1466/219 
f 1466/1466/219 1465/1465/405 1467/1467/218 1468/1468/219 
f 1185/1185/403 1182/1182/219 1466/1466/219 1462/1462/403 
f 1462/1462/403 1466/1466/219 1468/1468/219 1464/1464/403 
f 1469/1469/405 1470/1470/219 1471/1471/219 1472/1472/218 
f 1470/1470/219 1473/1473/403 1474/1474/222 1471/1471/219 
f 1472/1472/218 1471/1471/219 1468/1468/219 1467/1467/218 
f 1471/1471/219 1474/1474/222 1464/1464/403 1468/1468/219 
f 1475/1475/224 1453/1453/401 1456/1456/198 1476/1476/404 
f 1476/1476/404 1456/1456/198 1451/1451/198 1463/1463/404 
f 1473/1473/403 1475/1475/224 1476/1476/404 1474/1474/222 
f 1474/1474/222 1476/1476/404 1463/1463/404 1464/1464/403 
f 1181/1181/405 1203/1203/406 1477/1477/406 1465/1465/405 
f 1203/1203/406 1201/1201/407 1478/1478/242 1477/1477/406 
f 1465/1465/405 1477/1477/406 1479/1479/406 1467/1467/218 
f 1477/1477/406 1478/1478/242 1480/1480/407 1479/1479/406 
f 1198/1198/408 1197/1197/409 1481/1481/238 1482/1482/408 
f 1482/1482/408 1481/1481/238 1483/1483/409 1484/1484/408 
f 1201/1201/407 1198/1198/408 1482/1482/408 1478/1478/242 
f 1478/1478/242 1482/1482/408 1484/1484/408 1480/1480/407 
f 1485/1485/409 1486/1486/408 1487/1487/239 1488/1488/238 
f 1486/1486/408 1489/1489/407 1490/1490/242 1487/1487/239 
f 1488/1488/238 1487/1487/239 1484/1484/408 1483/1483/409 
f 1487/1487/239 1490/1490/242 1480/1480/407 1484/1484/408 
f 1491/1491/406 1469/1469/405 1472/1472/218 1492/1492/244 
f 1492/1492/244 1472/1472/218 1467/1467/218 1479/1479/406 
f 1489/1489/407 1491/1491/406 1492/1492/244 1490/1490/242 
f 1490/1490/242 1492/1492/244 1479/1479/406 1480/1480/407 
f 1197/1197/409 1219/1219/264 1493/1493/410 1481/1481/238 
f 1219/1219/264 1217/1217/262 1494/1494/262 1493/1493/410 
f 1481/1481/238 1493/1493/410 1495/1495/264 1483/1483/409 
f 1493/1493/410 1494/1494/262 1496/1496/262 1495/1495/264 
f 1214/1214/259 1213/1213/258 1497/1497/412 1498/1498/259 
f 1498/1498/259 1497/1497/412 1499/1499/412 1500/1500/413 
f 1217/1217/262 1214/1214/259 1498/1498/259 1494/1494/262 
f 1494/1494/262 1498/1498/259 1500/1500/413 1496/1496/262 
f 1501/1501/258 1502/1502/259 1503/1503/259 1504/1504/411 
f 1502/1502/259 1505/1505/262 1506/1506/262 1503/1503/259 
f 1504/1504/411 1503/1503/259 1500/1500/413 1499/1499/412 
f 1503/1503/259 1506/1506/262 1496/1496/262 1500/1500/413 
f 1507/1507/264 1485/1485/409 1488/1488/238 1508/1508/410 
f 1508/1508/410 1488/1488/238 1483/1483/409 1495/1495/264 
f 1505/1505/262 1507/1507/264 1508/1508/410 1506/1506/262 
f 1506/1506/262 1508/1508/410 1495/1495/264 1496/1496/262 
f 1213/1213/258 1235/1235/284 1509/1509/415 1497/1497/412 
f 1235/1235/284 1233/1233/420 1510/1510/440 1509/1509/415 
f 1497/1497/412 1509/1509/415 1511/1511/415 1499/1499/412 
f 1509/1509/415 1510/1510/440 1512/1512/414 1511/1511/415 
f 1230/1230/279 1229/1229/418 1513/1513/278 1514/1514/279 
f 1514/1514/279 1513/1513/278 1515/1515/416 1516/1516/279 
f 1233/1233/420 1230/1230/279 1514/1514/279 1510/1510/440 
f 1510/1510/440 1514/1514/279 1516/1516/279 1512/1512/414 
f 1517/1517/416 1518/1518/279 1519/1519/279 1520/1520/278 
f 1518/1518/279 1521/1521/282 1522/1522/414 1519/1519/279 
f 1520/1520/278 1519/1519/279 1516/1516/279 1515/1515/416 
f 1519/1519/279 1522/1522/414 1512/1512/414 1516/1516/279 
f 1523/1523/284 1501/1501/258 1504/1504/411 1524/1524/284 
f 1524/1524/284 1504/1504/411 1499/1499/412 1511/1511/415 
f 1521/1521/282 1523/1523/284 1524/1524/284 1522/1522/414 
f 1522/1522/414 1524/1524/284 1511/1511/415 1512/1512/414 
f 1229/1229/418 1251/1251/421 1525/1525/421 1513/1513/278 
f 1251/1251/421 1249/1249/422 1526/1526/422 1525/1525/421 
f 1513/1513/278 1525/1525/421 1527/1527/421 1515/1515/416 
f 1525/1525/421 1526/1526/422 1528/1528/422 1527/1527/421 
f 1246/1246/425 1245/1245/424 1529/1529/298 1530/1530/425 
f 1530/1530/425 1529/1529/298 1531/1531/424 1532/1532/299 
f 1249/1249/422 1246/1246/425 1530/1530/425 1526/1526/422 
f 1526/1526/422 1530/1530/425 1532/1532/299 1528/1528/422 
f 1533/1533/424 1534/1534/425 1535/1535/299 1536/1536/298 
f 1534/1534/425 1537/1537/302 1538/1538/302 1535/1535/299 
f 1536/1536/298 1535/1535/299 1532/1532/299 1531/1531/424 
f 1535/1535/299 1538/1538/302 1528/1528/422 1532/1532/299 
f 1539/1539/304 1517/1517/416 1520/1520/278 1540/1540/421 
f 1540/1540/421 1520/1520/278 1515/1515/416 1527/1527/421 
f 1537/1537/302 1539/1539/304 1540/1540/421 1538/1538/302 
f 1538/1538/302 1540/1540/421 1527/1527/421 1528/1528/422 
f 1245/1245/424 1267/1267/428 1541/1541/428 1529/1529/298 
f 1267/1267/428 1265/1265/427 1542/1542/322 1541/1541/428 
f 1529/1529/298 1541/1541/428 1543/1543/428 1531/1531/424 
f 1541/1541/428 1542/1542/322 1544/1544/427 1543/1543/428 
f 1262/1262/429 1261/1261/318 1545/1545/318 1546/1546/429 
f 1546/1546/429 1545/1545/318 1547/1547/430 1548/1548/429 
f 1265/1265/427 1262/1262/429 1546/1546/429 1542/1542/322 
f 1542/1542/322 1546/1546/429 1548/1548/429 1544/1544/427 
f 1549/1549/318 1550/1550/319 1551/1551/429 1552/1552/430 
f 1550/1550/319 1553/1553/427 1554/1554/427 1551/1551/429 
f 1552/1552/430 1551/1551/429 1548/1548/429 1547/1547/430 
f 1551/1551/429 1554/1554/427 1544/1544/427 1548/1548/429 
f 1555/1555/428 1533/1533/424 1536/1536/298 1556/1556/428 
f 1556/1556/428 1536/1536/298 1531/1531/424 1543/1543/428 
f 1553/1553/427 1555/1555/428 1556/1556/428 1554/1554/427 
f 1554/1554/427 1556/1556/428 1543/1543/428 1544/1544/427 
f 1261/1261/318 1283/1283/344 1557/1557/344 1545/1545/318 
f 1283/1283/344 1281/1281/342 1558/1558/342 1557/1557/344 
f 1545/1545/318 1557/1557/344 1559/1559/344 1547/1547/430 
f 1557/1557/344 1558/1558/342 1560/1560/433 1559/1559/344 
f 1278/1278/339 1277/1277/432 1561/1561/338 1562/1562/339 
f 1562/1562/339 1561/1561/338 1563/1563/432 1564/1564/446 
f 1281/1281/342 1278/1278/339 1562/1562/339 1558/1558/342 
f 1558/1558/342 1562/1562/339 1564/1564/446 1560/1560/433 
f 1565/1565/338 1566/1566/339 1567/1567/339 1568/1568/432 
f 1566/1566/339 1569/1569/342 1570/1570/433 1567/1567/339 
f 1568/1568/432 1567/1567/339 1564/1564/446 1563/1563/432 
f 1567/1567/339 1570/1570/433 1560/1560/433 1564/1564/446 
f 1571/1571/344 1549/1549/318 1552/1552/430 1572/1572/344 
f 1572/1572/344 1552/1552/430 1547/1547/430 1559/1559/344 
f 1569/1569/342 1571/1571/344 1572/1572/344 1570/1570/433 
f 1570/1570/433 1572/1572/344 1559/1559/344 1560/1560/433 
f 1277/1277/432 1295/1295/434 1573/1573/434 1561/1561/338 
f 1295/1295/434 1293/1293/357 1574/1574/435 1573/1573/434 
f 1561/1561/338 1573/1573/434 1575/1575/434 1563/1563/432 
f 1573/1573/434 1574/1574/435 1576/1576/357 1575/1575/434 
f 1291/1291/355 1026/1026/23 1298/1298/361 1577/1577/355 
f 1577/1577/355 1298/1298/361 1301/1301/364 1578/1578/355 
f 1293/1293/357 1291/1291/355 1577/1577/355 1574/1574/435 
f 1574/1574/435 1577/1577/355 1578/1578/355 1576/1576/357 
f 1314/1314/23 1579/1579/355 1580/1580/355 1315/1315/23 
f 1579/1579/355 1581/1581/357 1582/1582/357 1580/1580/355 
f 1315/1315/23 1580/1580/355 1578/1578/355 1301/1301/364 
f 1580/1580/355 1582/1582/357 1576/1576/357 1578/1578/355 
f 1583/1583/359 1565/1565/338 1568/1568/432 1584/1584/434 
f 1584/1584/434 1568/1568/432 1563/1563/432 1575/1575/434 
f 1581/1581/357 1583/1583/359 1584/1584/434 1582/1582/357 
f 1582/1582/357 1584/1584/434 1575/1575/434 1576/1576/357 
f 11/11/11 10/10/10 1585/1585/447 1586/1586/448 
f 10/10/10 5/5/5 1587/1587/449 1585/1585/447 
f 1586/1586/448 1585/1585/447 1588/1588/450 1589/1589/451 
f 1585/1585/447 1587/1587/449 1590/1590/452 1588/1588/450 
f 2/2/2 1/1/1 1591/1591/453 1592/1592/454 
f 1592/1592/454 1591/1591/453 1593/1593/455 1594/1594/456 
f 5/5/5 2/2/2 1592/1592/454 1587/1587/449 
f 1587/1587/449 1592/1592/454 1594/1594/456 1590/1590/452 
f 1595/1595/457 1596/1596/457 1597/1597/458 1598/1598/459 
f 1596/1596/457 1599/1599/457 1600/1600/460 1597/1597/458 
f 1598/1598/459 1597/1597/458 1594/1594/456 1593/1593/455 
f 1597/1597/458 1600/1600/460 1590/1590/452 1594/1594/456 
f 1601/1601/457 1602/1602/457 1603/1603/461 1604/1604/462 
f 1604/1604/462 1603/1603/461 1589/1589/451 1588/1588/450 
f 1599/1599/457 1601/1601/457 1604/1604/462 1600/1600/460 
f 1600/1600/460 1604/1604/462 1588/1588/450 1590/1590/452 
f 1/1/1 352/352/352 1605/1605/463 1591/1591/453 
f 352/352/352 348/348/348 1606/1606/464 1605/1605/463 
f 1591/1591/453 1605/1605/463 1607/1607/465 1593/1593/455 
f 1605/1605/463 1606/1606/464 1608/1608/466 1607/1607/465 
f 346/346/346 333/333/333 1609/1609/467 1610/1610/468 
f 1610/1610/468 1609/1609/467 1611/1611/469 1612/1612/470 
f 348/348/348 346/346/346 1610/1610/468 1606/1606/464 
f 1606/1606/464 1610/1610/468 1612/1612/470 1608/1608/466 
f 1613/1613/457 1614/1614/457 1615/1615/471 1616/1616/472 
f 1614/1614/457 1617/1617/457 1618/1618/473 1615/1615/471 
f 1616/1616/472 1615/1615/471 1612/1612/470 1611/1611/469 
f 1615/1615/471 1618/1618/473 1608/1608/466 1612/1612/470 
f 1619/1619/457 1595/1595/457 1598/1598/459 1620/1620/474 
f 1620/1620/474 1598/1598/459 1593/1593/455 1607/1607/465 
f 1617/1617/457 1619/1619/457 1620/1620/474 1618/1618/473 
f 1618/1618/473 1620/1620/474 1607/1607/465 1608/1608/466 
f 333/333/333 332/332/332 1621/1621/475 1609/1609/467 
f 332/332/332 328/328/328 1622/1622/476 1621/1621/475 
f 1609/1609/467 1621/1621/475 1623/1623/477 1611/1611/469 
f 1621/1621/475 1622/1622/476 1624/1624/478 1623/1623/477 
f 326/326/326 313/313/313 1625/1625/479 1626/1626/480 
f 1626/1626/480 1625/1625/479 1627/1627/481 1628/1628/482 
f 328/328/328 326/326/326 1626/1626/480 1622/1622/476 
f 1622/1622/476 1626/1626/480 1628/1628/482 1624/1624/478 
f 1629/1629/457 1630/1630/457 1631/1631/483 1632/1632/484 
f 1630/1630/457 1633/1633/457 1634/1634/485 1631/1631/483 
f 1632/1632/484 1631/1631/483 1628/1628/482 1627/1627/481 
f 1631/1631/483 1634/1634/485 1624/1624/478 1628/1628/482 
f 1635/1635/457 1613/1613/457 1616/1616/472 1636/1636/486 
f 1636/1636/486 1616/1616/472 1611/1611/469 1623/1623/477 
f 1633/1633/457 1635/1635/457 1636/1636/486 1634/1634/485 
f 1634/1634/485 1636/1636/486 1623/1623/477 1624/1624/478 
f 313/313/313 312/312/312 1637/1637/487 1625/1625/479 
f 312/312/312 308/308/308 1638/1638/488 1637/1637/487 
f 1625/1625/479 1637/1637/487 1639/1639/489 1627/1627/481 
f 1637/1637/487 1638/1638/488 1640/1640/490 1639/1639/489 
f 306/306/306 293/293/293 1641/1641/491 1642/1642/492 
f 1642/1642/492 1641/1641/491 1643/1643/493 1644/1644/494 
f 308/308/308 306/306/306 1642/1642/492 1638/1638/488 
f 1638/1638/488 1642/1642/492 1644/1644/494 1640/1640/490 
f 1645/1645/457 1646/1646/457 1647/1647/495 1648/1648/496 
f 1646/1646/457 1649/1649/457 1650/1650/497 1647/1647/495 
f 1648/1648/496 1647/1647/495 1644/1644/494 1643/1643/493 
f 1647/1647/495 1650/1650/497 1640/1640/490 1644/1644/494 
f 1651/1651/457 1629/1629/457 1632/1632/484 1652/1652/498 
f 1652/1652/498 1632/1632/484 1627/1627/481 1639/1639/489 
f 1649/1649/457 1651/1651/457 1652/1652/498 1650/1650/497 
f 1650/1650/497 1652/1652/498 1639/1639/489 1640/1640/490 
f 293/293/293 292/292/292 1653/1653/499 1641/1641/491 
f 292/292/292 288/288/288 1654/1654/500 1653/1653/499 
f 1641/1641/491 1653/1653/499 1655/1655/501 1643/1643/493 
f 1653/1653/499 1654/1654/500 1656/1656/502 1655/1655/501 
f 286/286/286 273/273/273 1657/1657/503 1658/1658/504 
f 1658/1658/504 1657/1657/503 1659/1659/505 1660/1660/506 
f 288/288/288 286/286/286 1658/1658/504 1654/1654/500 
f 1654/1654/500 1658/1658/504 1660/1660/506 1656/1656/502 
f 1661/1661/457 1662/1662/457 1663/1663/507 1664/1664/508 
f 1662/1662/457 1665/1665/457 1666/1666/509 1663/1663/507 
f 1664/1664/508 1663/1663/507 1660/1660/506 1659/1659/505 
f 1663/1663/507 1666/1666/509 1656/1656/502 1660/1660/506 
f 1667/1667/457 1645/1645/457 1648/1648/496 1668/1668/510 
f 1668/1668/510 1648/1648/496 1643/1643/493 1655/1655/501 
f 1665/1665/457 1667/1667/457 1668/1668/510 1666/1666/509 
f 1666/1666/509 1668/1668/510 1655/1655/501 1656/1656/502 
f 273/273/273 272/272/272 1669/1669/511 1657/1657/503 
f 272/272/272 268/268/268 1670/1670/512 1669/1669/511 
f 1657/1657/503 1669/1669/511 1671/1671/513 1659/1659/505 
f 1669/1669/511 1670/1670/512 1672/1672/514 1671/1671/513 
f 266/266/266 253/253/253 1673/1673/515 1674/1674/516 
f 1674/1674/516 1673/1673/515 1675/1675/517 1676/1676/518 
f 268/268/268 266/266/266 1674/1674/516 1670/1670/512 
f 1670/1670/512 1674/1674/516 1676/1676/518 1672/1672/514 
f 1677/1677/457 1678/1678/457 1679/1679/519 1680/1680/520 
f 1678/1678/457 1681/1681/457 1682/1682/521 1679/1679/519 
f 1680/1680/520 1679/1679/519 1676/1676/518 1675/1675/517 
f 1679/1679/519 1682/1682/521 1672/1672/514 1676/1676/518 
f 1683/1683/457 1661/1661/457 1664/1664/508 1684/1684/522 
f 1684/1684/522 1664/1664/508 1659/1659/505 1671/1671/513 
f 1681/1681/457 1683/1683/457 1684/1684/522 1682/1682/521 
f 1682/1682/521 1684/1684/522 1671/1671/513 1672/1672/514 
f 253/253/253 252/252/252 1685/1685/523 1673/1673/515 
f 252/252/252 248/248/248 1686/1686/524 1685/1685/523 
f 1673/1673/515 1685/1685/523 1687/1687/525 1675/1675/517 
f 1685/1685/523 1686/1686/524 1688/1688/526 1687/1687/525 
f 246/246/246 233/233/233 1689/1689/527 1690/1690/528 
f 1690/1690/528 1689/1689/527 1691/1691/529 1692/1692/530 
f 248/248/248 246/246/246 1690/1690/528 1686/1686/524 
f 1686/1686/524 1690/1690/528 1692/1692/530 1688/1688/526 
f 1693/1693/457 1694/1694/457 1695/1695/531 1696/1696/532 
f 1694/1694/457 1697/1697/457 1698/1698/533 1695/1695/531 
f 1696/1696/532 1695/1695/531 1692/1692/530 1691/1691/529 
f 1695/1695/531 1698/1698/533 1688/1688/526 1692/1692/530 
f 1699/1699/457 1677/1677/457 1680/1680/520 1700/1700/534 
f 1700/1700/534 1680/1680/520 1675/1675/517 1687/1687/525 
f 1697/1697/457 1699/1699/457 1700/1700/534 1698/1698/533 
f 1698/1698/533 1700/1700/534 1687/1687/525 1688/1688/526 
f 233/233/233 232/232/232 1701/1701/535 1689/1689/527 
f 232/232/232 228/228/228 1702/1702/536 1701/1701/535 
f 1689/1689/527 1701/1701/535 1703/1703/537 1691/1691/529 
f 1701/1701/535 1702/1702/536 1704/1704/538 1703/1703/537 
f 226/226/226 213/213/213 1705/1705/539 1706/1706/540 
f 1706/1706/540 1705/1705/539 1707/1707/541 1708/1708/542 
f 228/228/228 226/226/226 1706/1706/540 1702/1702/536 
f 1702/1702/536 1706/1706/540 1708/1708/542 1704/1704/538 
f 1709/1709/457 1710/1710/457 1711/1711/543 1712/1712/544 
f 1710/1710/457 1713/1713/457 1714/1714/545 1711/1711/543 
f 1712/1712/544 1711/1711/543 1708/1708/542 1707/1707/541 
f 1711/1711/543 1714/1714/545 1704/1704/538 1708/1708/542 
f 1715/1715/457 1693/1693/457 1696/1696/532 1716/1716/546 
f 1716/1716/546 1696/1696/532 1691/1691/529 1703/1703/537 
f 1713/1713/457 1715/1715/457 1716/1716/546 1714/1714/545 
f 1714/1714/545 1716/1716/546 1703/1703/537 1704/1704/538 
f 213/213/213 212/212/212 1717/1717/547 1705/1705/539 
f 212/212/212 208/208/208 1718/1718/548 1717/1717/547 
f 1705/1705/539 1717/1717/547 1719/1719/549 1707/1707/541 
f 1717/1717/547 1718/1718/548 1720/1720/550 1719/1719/549 
f 206/206/206 193/193/193 1721/1721/551 1722/1722/552 
f 1722/1722/552 1721/1721/551 1723/1723/553 1724/1724/554 
f 208/208/208 206/206/206 1722/1722/552 1718/1718/548 
f 1718/1718/548 1722/1722/552 1724/1724/554 1720/1720/550 
f 1725/1725/457 1726/1726/457 1727/1727/555 1728/1728/556 
f 1726/1726/457 1729/1729/457 1730/1730/557 1727/1727/555 
f 1728/1728/556 1727/1727/555 1724/1724/554 1723/1723/553 
f 1727/1727/555 1730/1730/557 1720/1720/550 1724/1724/554 
f 1731/1731/457 1709/1709/457 1712/1712/544 1732/1732/558 
f 1732/1732/558 1712/1712/544 1707/1707/541 1719/1719/549 
f 1729/1729/457 1731/1731/457 1732/1732/558 1730/1730/557 
f 1730/1730/557 1732/1732/558 1719/1719/549 1720/1720/550 
f 193/193/193 192/192/192 1733/1733/559 1721/1721/551 
f 192/192/192 188/188/188 1734/1734/560 1733/1733/559 
f 1721/1721/551 1733/1733/559 1735/1735/561 1723/1723/553 
f 1733/1733/559 1734/1734/560 1736/1736/562 1735/1735/561 
f 186/186/186 173/173/173 1737/1737/563 1738/1738/564 
f 1738/1738/564 1737/1737/563 1739/1739/565 1740/1740/566 
f 188/188/188 186/186/186 1738/1738/564 1734/1734/560 
f 1734/1734/560 1738/1738/564 1740/1740/566 1736/1736/562 
f 1741/1741/457 1742/1742/457 1743/1743/567 1744/1744/568 
f 1742/1742/457 1745/1745/457 1746/1746/569 1743/1743/567 
f 1744/1744/568 1743/1743/567 1740/1740/566 1739/1739/565 
f 1743/1743/567 1746/1746/569 1736/1736/562 1740/1740/566 
f 1747/1747/457 1725/1725/457 1728/1728/556 1748/1748/570 
f 1748/1748/570 1728/1728/556 1723/1723/553 1735/1735/561 
f 1745/1745/457 1747/1747/457 1748/1748/570 1746/1746/569 
f 1746/1746/569 1748/1748/570 1735/1735/561 1736/1736/562 
f 173/173/173 172/172/172 1749/1749/571 1737/1737/563 
f 172/172/172 168/168/168 1750/1750/572 1749/1749/571 
f 1737/1737/563 1749/1749/571 1751/1751/573 1739/1739/565 
f 1749/1749/571 1750/1750/572 1752/1752/574 1751/1751/573 
f 166/166/166 153/153/153 1753/1753/575 1754/1754/576 
f 1754/1754/576 1753/1753/575 1755/1755/577 1756/1756/578 
f 168/168/168 166/166/166 1754/1754/576 1750/1750/572 
f 1750/1750/572 1754/1754/576 1756/1756/578 1752/1752/574 
f 1757/1757/457 1758/1758/457 1759/1759/579 1760/1760/580 
f 1758/1758/457 1761/1761/457 1762/1762/581 1759/1759/579 
f 1760/1760/580 1759/1759/579 1756/1756/578 1755/1755/577 
f 1759/1759/579 1762/1762/581 1752/1752/574 1756/1756/578 
f 1763/1763/457 1741/1741/457 1744/1744/568 1764/1764/582 
f 1764/1764/582 1744/1744/568 1739/1739/565 1751/1751/573 
f 1761/1761/457 1763/1763/457 1764/1764/582 1762/1762/581 
f 1762/1762/581 1764/1764/582 1751/1751/573 1752/1752/574 
f 153/153/153 152/152/152 1765/1765/583 1753/1753/575 
f 152/152/152 148/148/148 1766/1766/584 1765/1765/583 
f 1753/1753/575 1765/1765/583 1767/1767/585 1755/1755/577 
f 1765/1765/583 1766/1766/584 1768/1768/586 1767/1767/585 
f 146/4781/146 133/133/133 1769/1769/587 1770/1770/588 
f 1770/1770/588 1769/1769/587 1771/1771/589 1772/1772/590 
f 148/148/148 146/146/146 1770/4780/588 1766/1766/584 
f 1766/1766/584 1770/4780/588 1772/4775/590 1768/1768/586 
f 1773/1773/457 1774/1774/457 1775/1775/591 1776/1776/592 
f 1774/4771/457 1777/1777/457 1778/1778/593 1775/4773/591 
f 1776/1776/592 1775/1775/591 1772/1772/590 1771/1771/589 
f 1775/4773/591 1778/1778/593 1768/1768/586 1772/4775/590 
f 1779/1779/457 1757/1757/457 1760/1760/580 1780/1780/594 
f 1780/1780/594 1760/1760/580 1755/1755/577 1767/1767/585 
f 1777/1777/457 1779/1779/457 1780/1780/594 1778/1778/593 
f 1778/1778/593 1780/1780/594 1767/1767/585 1768/1768/586 
f 133/133/133 132/132/132 1781/1781/595 1769/1769/587 
f 132/132/132 128/128/128 1782/1782/596 1781/1781/595 
f 1769/1769/587 1781/1781/595 1783/1783/597 1771/1771/589 
f 1781/1781/595 1782/1782/596 1784/1784/598 1783/1783/597 
f 126/126/126 113/113/113 1785/1785/599 1786/1786/600 
f 1786/1786/600 1785/1785/599 1787/1787/601 1788/1788/602 
f 128/128/128 126/126/126 1786/1786/600 1782/1782/596 
f 1782/1782/596 1786/1786/600 1788/1788/602 1784/1784/598 
f 1789/1789/457 1790/1790/457 1791/1791/603 1792/1792/604 
f 1790/1790/457 1793/1793/457 1794/1794/605 1791/1791/603 
f 1792/1792/604 1791/1791/603 1788/1788/602 1787/1787/601 
f 1791/1791/603 1794/1794/605 1784/1784/598 1788/1788/602 
f 1795/1795/457 1773/1773/457 1776/1776/592 1796/1796/606 
f 1796/1796/606 1776/1776/592 1771/1771/589 1783/1783/597 
f 1793/1793/457 1795/1795/457 1796/1796/606 1794/1794/605 
f 1794/1794/605 1796/1796/606 1783/1783/597 1784/1784/598 
f 113/113/113 112/112/112 1797/1797/607 1785/1785/599 
f 112/112/112 108/108/108 1798/1798/608 1797/1797/607 
f 1785/1785/599 1797/1797/607 1799/1799/609 1787/1787/601 
f 1797/1797/607 1798/1798/608 1800/1800/610 1799/1799/609 
f 106/106/106 93/93/93 1801/1801/611 1802/1802/612 
f 1802/1802/612 1801/1801/611 1803/1803/613 1804/1804/614 
f 108/108/108 106/106/106 1802/1802/612 1798/1798/608 
f 1798/1798/608 1802/1802/612 1804/1804/614 1800/1800/610 
f 1805/1805/457 1806/1806/457 1807/1807/615 1808/1808/616 
f 1806/1806/457 1809/1809/457 1810/1810/617 1807/1807/615 
f 1808/1808/616 1807/1807/615 1804/1804/614 1803/1803/613 
f 1807/1807/615 1810/1810/617 1800/1800/610 1804/1804/614 
f 1811/1811/457 1789/1789/457 1792/1792/604 1812/1812/618 
f 1812/1812/618 1792/1792/604 1787/1787/601 1799/1799/609 
f 1809/1809/457 1811/1811/457 1812/1812/618 1810/1810/617 
f 1810/1810/617 1812/1812/618 1799/1799/609 1800/1800/610 
f 93/93/93 92/92/92 1813/1813/619 1801/1801/611 
f 92/92/92 88/88/88 1814/1814/620 1813/1813/619 
f 1801/1801/611 1813/1813/619 1815/1815/621 1803/1803/613 
f 1813/1813/619 1814/1814/620 1816/1816/622 1815/1815/621 
f 86/86/86 73/73/73 1817/1817/623 1818/1818/624 
f 1818/1818/624 1817/1817/623 1819/1819/625 1820/1820/626 
f 88/88/88 86/86/86 1818/1818/624 1814/1814/620 
f 1814/1814/620 1818/1818/624 1820/1820/626 1816/1816/622 
f 1821/1821/457 1822/1822/457 1823/1823/627 1824/1824/628 
f 1822/1822/457 1825/1825/457 1826/1826/629 1823/1823/627 
f 1824/1824/628 1823/1823/627 1820/1820/626 1819/1819/625 
f 1823/1823/627 1826/1826/629 1816/1816/622 1820/1820/626 
f 1827/1827/457 1805/1805/457 1808/1808/616 1828/1828/630 
f 1828/1828/630 1808/1808/616 1803/1803/613 1815/1815/621 
f 1825/1825/457 1827/1827/457 1828/1828/630 1826/1826/629 
f 1826/1826/629 1828/1828/630 1815/1815/621 1816/1816/622 
f 73/73/73 72/72/72 1829/1829/631 1817/1817/623 
f 72/72/72 68/68/68 1830/1830/632 1829/1829/631 
f 1817/1817/623 1829/1829/631 1831/1831/633 1819/1819/625 
f 1829/1829/631 1830/1830/632 1832/1832/634 1831/1831/633 
f 66/66/66 53/53/53 1833/1833/635 1834/1834/636 
f 1834/1834/636 1833/1833/635 1835/1835/637 1836/1836/638 
f 68/68/68 66/66/66 1834/1834/636 1830/1830/632 
f 1830/1830/632 1834/1834/636 1836/1836/638 1832/1832/634 
f 1837/1837/457 1838/1838/457 1839/1839/639 1840/1840/640 
f 1838/1838/457 1841/1841/457 1842/1842/641 1839/1839/639 
f 1840/1840/640 1839/1839/639 1836/1836/638 1835/1835/637 
f 1839/1839/639 1842/1842/641 1832/1832/634 1836/1836/638 
f 1843/1843/457 1821/1821/457 1824/1824/628 1844/1844/642 
f 1844/1844/642 1824/1824/628 1819/1819/625 1831/1831/633 
f 1841/1841/457 1843/1843/457 1844/1844/642 1842/1842/641 
f 1842/1842/641 1844/1844/642 1831/1831/633 1832/1832/634 
f 53/53/53 52/52/52 1845/1845/643 1833/1833/635 
f 52/52/52 48/48/48 1846/1846/644 1845/1845/643 
f 1833/1833/635 1845/1845/643 1847/1847/645 1835/1835/637 
f 1845/1845/643 1846/1846/644 1848/1848/646 1847/1847/645 
f 46/46/46 33/33/33 1849/1849/647 1850/1850/648 
f 1850/1850/648 1849/1849/647 1851/1851/649 1852/1852/650 
f 48/48/48 46/46/46 1850/1850/648 1846/1846/644 
f 1846/1846/644 1850/1850/648 1852/1852/650 1848/1848/646 
f 1853/1853/457 1854/1854/457 1855/1855/651 1856/1856/652 
f 1854/1854/457 1857/1857/457 1858/1858/653 1855/1855/651 
f 1856/1856/652 1855/1855/651 1852/1852/650 1851/1851/649 
f 1855/1855/651 1858/1858/653 1848/1848/646 1852/1852/650 
f 1859/1859/457 1837/1837/457 1840/1840/640 1860/1860/654 
f 1860/1860/654 1840/1840/640 1835/1835/637 1847/1847/645 
f 1857/1857/457 1859/1859/457 1860/1860/654 1858/1858/653 
f 1858/1858/653 1860/1860/654 1847/1847/645 1848/1848/646 
f 33/33/33 32/32/32 1861/1861/655 1849/1849/647 
f 32/32/32 28/28/28 1862/1862/656 1861/1861/655 
f 1849/1849/647 1861/1861/655 1863/1863/657 1851/1851/649 
f 1861/1861/655 1862/1862/656 1864/1864/658 1863/1863/657 
f 26/26/26 11/11/11 1586/1586/448 1865/1865/659 
f 1865/1865/659 1586/1586/448 1589/1589/451 1866/1866/660 
f 28/28/28 26/26/26 1865/1865/659 1862/1862/656 
f 1862/1862/656 1865/1865/659 1866/1866/660 1864/1864/658 
f 1602/1602/457 1867/1867/457 1868/1868/661 1603/1603/461 
f 1867/1867/457 1869/1869/457 1870/1870/662 1868/1868/661 
f 1603/1603/461 1868/1868/661 1866/1866/660 1589/1589/451 
f 1868/1868/661 1870/1870/662 1864/1864/658 1866/1866/660 
f 1871/1871/457 1853/1853/457 1856/1856/652 1872/1872/663 
f 1872/1872/663 1856/1856/652 1851/1851/649 1863/1863/657 
f 1869/1869/457 1871/1871/457 1872/1872/663 1870/1870/662 
f 1870/1870/662 1872/1872/663 1863/1863/657 1864/1864/658 
f 1873/1873/664 1874/1874/665 1875/1875/666 1876/1876/667 
f 1874/1874/665 1877/1877/668 1878/1878/669 1875/1875/666 
f 1876/1876/667 1875/1875/666 1879/1879/670 1880/1880/671 
f 1875/1875/666 1878/1878/669 1881/1881/672 1879/1879/670 
f 1882/1882/673 1883/1883/674 1884/1884/675 1885/1885/676 
f 1885/1885/676 1884/1884/675 1886/1886/677 1887/1887/678 
f 1877/1877/668 1882/1882/673 1885/1885/676 1878/1878/669 
f 1878/1878/669 1885/1885/676 1887/1887/678 1881/1881/672 
f 1888/1888/679 1889/1889/680 1890/1890/681 1891/1891/682 
f 1889/1889/680 1892/1892/679 1893/1893/683 1890/1890/681 
f 1891/1891/682 1890/1890/681 1887/1887/678 1886/1886/677 
f 1890/1890/681 1893/1893/683 1881/1881/672 1887/1887/678 
f 1894/1894/684 1895/1895/679 1896/1896/685 1897/1897/686 
f 1897/1897/686 1896/1896/685 1880/1880/671 1879/1879/670 
f 1892/1892/679 1894/1894/684 1897/1897/686 1893/1893/683 
f 1893/1893/683 1897/1897/686 1879/1879/670 1881/1881/672 
f 1883/1883/674 1898/1898/687 1899/1899/688 1884/1884/675 
f 1898/1898/687 1900/1900/689 1901/1901/690 1899/1899/688 
f 1884/1884/675 1899/1899/688 1902/1902/691 1886/1886/677 
f 1899/1899/688 1901/1901/690 1903/1903/692 1902/1902/691 
f 1904/1904/693 1905/1905/694 1906/1906/695 1907/1907/696 
f 1907/1907/696 1906/1906/695 1908/1908/697 1909/1909/698 
f 1900/1900/689 1904/1904/693 1907/1907/696 1901/1901/690 
f 1901/1901/690 1907/1907/696 1909/1909/698 1903/1903/692 
f 1910/1910/679 1911/1911/680 1912/1912/699 1913/1913/700 
f 1911/1911/680 1914/1914/679 1915/1915/701 1912/1912/699 
f 1913/1913/700 1912/1912/699 1909/1909/698 1908/1908/697 
f 1912/1912/699 1915/1915/701 1903/1903/692 1909/1909/698 
f 1916/1916/684 1888/1888/679 1891/1891/682 1917/1917/702 
f 1917/1917/702 1891/1891/682 1886/1886/677 1902/1902/691 
f 1914/1914/679 1916/1916/684 1917/1917/702 1915/1915/701 
f 1915/1915/701 1917/1917/702 1902/1902/691 1903/1903/692 
f 1905/1905/694 1918/1918/703 1919/1919/704 1906/1906/695 
f 1918/1918/703 1920/1920/705 1921/1921/706 1919/1919/704 
f 1906/1906/695 1919/1919/704 1922/1922/707 1908/1908/697 
f 1919/1919/704 1921/1921/706 1923/1923/708 1922/1922/707 
f 1924/1924/709 1925/1925/710 1926/1926/711 1927/1927/712 
f 1927/1927/712 1926/1926/711 1928/1928/713 1929/1929/714 
f 1920/1920/705 1924/1924/709 1927/1927/712 1921/1921/706 
f 1921/1921/706 1927/1927/712 1929/1929/714 1923/1923/708 
f 1930/1930/679 1931/1931/680 1932/1932/715 1933/1933/716 
f 1931/1931/680 1934/1934/679 1935/1935/717 1932/1932/715 
f 1933/1933/716 1932/1932/715 1929/1929/714 1928/1928/713 
f 1932/1932/715 1935/1935/717 1923/1923/708 1929/1929/714 
f 1936/1936/684 1910/1910/679 1913/1913/700 1937/1937/718 
f 1937/1937/718 1913/1913/700 1908/1908/697 1922/1922/707 
f 1934/1934/679 1936/1936/684 1937/1937/718 1935/1935/717 
f 1935/1935/717 1937/1937/718 1922/1922/707 1923/1923/708 
f 1925/1925/710 1938/1938/719 1939/1939/720 1926/1926/711 
f 1938/1938/719 1940/1940/721 1941/1941/722 1939/1939/720 
f 1926/1926/711 1939/1939/720 1942/1942/723 1928/1928/713 
f 1939/1939/720 1941/1941/722 1943/1943/724 1942/1942/723 
f 1944/1944/725 1945/1945/726 1946/1946/727 1947/1947/728 
f 1947/1947/728 1946/1946/727 1948/1948/729 1949/1949/730 
f 1940/1940/721 1944/1944/725 1947/1947/728 1941/1941/722 
f 1941/1941/722 1947/1947/728 1949/1949/730 1943/1943/724 
f 1950/1950/679 1951/1951/680 1952/1952/731 1953/1953/732 
f 1951/1951/680 1954/1954/679 1955/1955/733 1952/1952/731 
f 1953/1953/732 1952/1952/731 1949/1949/730 1948/1948/729 
f 1952/1952/731 1955/1955/733 1943/1943/724 1949/1949/730 
f 1956/1956/684 1930/1930/679 1933/1933/716 1957/1957/734 
f 1957/1957/734 1933/1933/716 1928/1928/713 1942/1942/723 
f 1954/1954/679 1956/1956/684 1957/1957/734 1955/1955/733 
f 1955/1955/733 1957/1957/734 1942/1942/723 1943/1943/724 
f 1945/1945/726 1958/1958/735 1959/1959/736 1946/1946/727 
f 1958/1958/735 1960/1960/737 1961/1961/738 1959/1959/736 
f 1946/1946/727 1959/1959/736 1962/1962/739 1948/1948/729 
f 1959/1959/736 1961/1961/738 1963/1963/740 1962/1962/739 
f 1964/1964/741 1965/1965/742 1966/1966/743 1967/1967/744 
f 1967/1967/744 1966/1966/743 1968/1968/745 1969/1969/746 
f 1960/1960/737 1964/1964/741 1967/1967/744 1961/1961/738 
f 1961/1961/738 1967/1967/744 1969/1969/746 1963/1963/740 
f 1970/1970/679 1971/1971/747 1972/1972/748 1973/1973/749 
f 1971/1971/747 1974/1974/680 1975/1975/750 1972/1972/748 
f 1973/1973/749 1972/1972/748 1969/1969/746 1968/1968/745 
f 1972/1972/748 1975/1975/750 1963/1963/740 1969/1969/746 
f 1976/1976/684 1950/1950/679 1953/1953/732 1977/1977/751 
f 1977/1977/751 1953/1953/732 1948/1948/729 1962/1962/739 
f 1974/1974/680 1976/1976/684 1977/1977/751 1975/1975/750 
f 1975/1975/750 1977/1977/751 1962/1962/739 1963/1963/740 
f 1965/1965/742 1978/1978/752 1979/1979/753 1966/1966/743 
f 1978/1978/752 1980/1980/754 1981/1981/755 1979/1979/753 
f 1966/1966/743 1979/1979/753 1982/1982/756 1968/1968/745 
f 1979/1979/753 1981/1981/755 1983/1983/757 1982/1982/756 
f 1984/1984/758 1985/1985/759 1986/1986/760 1987/1987/761 
f 1987/1987/761 1986/1986/760 1988/1988/762 1989/1989/763 
f 1980/1980/754 1984/1984/758 1987/1987/761 1981/1981/755 
f 1981/1981/755 1987/1987/761 1989/1989/763 1983/1983/757 
f 1990/1990/679 1991/1991/747 1992/1992/764 1993/1993/765 
f 1991/1991/747 1994/1994/680 1995/1995/766 1992/1992/764 
f 1993/1993/765 1992/1992/764 1989/1989/763 1988/1988/762 
f 1992/1992/764 1995/1995/766 1983/1983/757 1989/1989/763 
f 1996/1996/679 1970/1970/679 1973/1973/749 1997/1997/767 
f 1997/1997/767 1973/1973/749 1968/1968/745 1982/1982/756 
f 1994/1994/680 1996/1996/679 1997/1997/767 1995/1995/766 
f 1995/1995/766 1997/1997/767 1982/1982/756 1983/1983/757 
f 1985/1985/759 1998/1998/768 1999/1999/769 1986/1986/760 
f 1998/1998/768 2000/2000/770 2001/2001/771 1999/1999/769 
f 1986/1986/760 1999/1999/769 2002/2002/772 1988/1988/762 
f 1999/1999/769 2001/2001/771 2003/2003/773 2002/2002/772 
f 2004/2004/774 2005/2005/775 2006/2006/776 2007/2007/777 
f 2007/2007/777 2006/2006/776 2008/2008/778 2009/2009/779 
f 2000/2000/770 2004/2004/774 2007/2007/777 2001/2001/771 
f 2001/2001/771 2007/2007/777 2009/2009/779 2003/2003/773 
f 2010/2010/679 2011/2011/747 2012/2012/780 2013/2013/781 
f 2011/2011/747 2014/2014/680 2015/2015/782 2012/2012/780 
f 2013/2013/781 2012/2012/780 2009/2009/779 2008/2008/778 
f 2012/2012/780 2015/2015/782 2003/2003/773 2009/2009/779 
f 2016/2016/679 1990/1990/679 1993/1993/765 2017/2017/783 
f 2017/2017/783 1993/1993/765 1988/1988/762 2002/2002/772 
f 2014/2014/680 2016/2016/679 2017/2017/783 2015/2015/782 
f 2015/2015/782 2017/2017/783 2002/2002/772 2003/2003/773 
f 2005/2005/775 2018/4794/784 2019/2019/785 2006/2006/776 
f 2018/2018/784 2020/2020/786 2021/2021/787 2019/4779/785 
f 2006/2006/776 2019/2019/785 2022/2022/788 2008/2008/778 
f 2019/4779/785 2021/2021/787 2023/2023/789 2022/4798/788 
f 2024/2024/790 2025/2025/791 2026/2026/792 2027/2027/793 
f 2027/2027/793 2026/2026/792 2028/2028/794 2029/2029/795 
f 2020/2020/786 2024/2024/790 2027/2027/793 2021/2021/787 
f 2021/2021/787 2027/2027/793 2029/2029/795 2023/2023/789 
f 2030/2030/679 2031/2031/747 2032/2032/796 2033/2033/797 
f 2031/2031/747 2034/2034/680 2035/2035/798 2032/2032/796 
f 2033/2033/797 2032/2032/796 2029/2029/795 2028/2028/794 
f 2032/2032/796 2035/2035/798 2023/2023/789 2029/2029/795 
f 2036/2036/679 2010/2010/679 2013/2013/781 2037/2037/799 
f 2037/2037/799 2013/2013/781 2008/2008/778 2022/2022/788 
f 2034/2034/680 2036/4814/679 2037/4816/799 2035/2035/798 
f 2035/2035/798 2037/4816/799 2022/4798/788 2023/2023/789 
f 2025/2025/791 2038/2038/800 2039/2039/801 2026/2026/792 
f 2038/2038/800 2040/2040/802 2041/2041/803 2039/2039/801 
f 2026/2026/792 2039/2039/801 2042/2042/804 2028/2028/794 
f 2039/2039/801 2041/2041/803 2043/2043/805 2042/2042/804 
f 2044/2044/806 2045/2045/807 2046/2046/808 2047/2047/809 
f 2047/2047/809 2046/2046/808 2048/2048/810 2049/2049/811 
f 2040/2040/802 2044/2044/806 2047/2047/809 2041/2041/803 
f 2041/2041/803 2047/2047/809 2049/2049/811 2043/2043/805 
f 2050/2050/679 2051/2051/747 2052/2052/812 2053/2053/813 
f 2051/2051/747 2054/2054/680 2055/2055/814 2052/2052/812 
f 2053/2053/813 2052/2052/812 2049/2049/811 2048/2048/810 
f 2052/2052/812 2055/2055/814 2043/2043/805 2049/2049/811 
f 2056/2056/679 2030/2030/679 2033/2033/797 2057/2057/815 
f 2057/2057/815 2033/2033/797 2028/2028/794 2042/2042/804 
f 2054/2054/680 2056/2056/679 2057/2057/815 2055/2055/814 
f 2055/2055/814 2057/2057/815 2042/2042/804 2043/2043/805 
f 2045/2045/807 2058/2058/816 2059/2059/817 2046/2046/808 
f 2058/2058/816 2060/2060/818 2061/2061/819 2059/2059/817 
f 2046/2046/808 2059/2059/817 2062/2062/820 2048/2048/810 
f 2059/2059/817 2061/2061/819 2063/2063/821 2062/2062/820 
f 2064/2064/822 2065/2065/823 2066/2066/824 2067/2067/825 
f 2067/2067/825 2066/2066/824 2068/2068/826 2069/2069/827 
f 2060/2060/818 2064/2064/822 2067/2067/825 2061/2061/819 
f 2061/2061/819 2067/2067/825 2069/2069/827 2063/2063/821 
f 2070/2070/679 2071/2071/684 2072/2072/828 2073/2073/829 
f 2071/2071/684 2074/2074/747 2075/2075/830 2072/2072/828 
f 2073/2073/829 2072/2072/828 2069/2069/827 2068/2068/826 
f 2072/2072/828 2075/2075/830 2063/2063/821 2069/2069/827 
f 2076/2076/680 2050/2050/679 2053/2053/813 2077/2077/831 
f 2077/2077/831 2053/2053/813 2048/2048/810 2062/2062/820 
f 2074/2074/747 2076/2076/680 2077/2077/831 2075/2075/830 
f 2075/2075/830 2077/2077/831 2062/2062/820 2063/2063/821 
f 2065/2065/823 2078/2078/832 2079/2079/833 2066/2066/824 
f 2078/2078/832 2080/2080/834 2081/2081/835 2079/2079/833 
f 2066/2066/824 2079/2079/833 2082/2082/836 2068/2068/826 
f 2079/2079/833 2081/2081/835 2083/2083/837 2082/2082/836 
f 2084/2084/838 2085/2085/839 2086/2086/840 2087/2087/841 
f 2087/2087/841 2086/2086/840 2088/2088/842 2089/2089/843 
f 2080/2080/834 2084/2084/838 2087/2087/841 2081/2081/835 
f 2081/2081/835 2087/2087/841 2089/2089/843 2083/2083/837 
f 2090/2090/679 2091/2091/684 2092/2092/844 2093/2093/845 
f 2091/2091/684 2094/2094/747 2095/2095/846 2092/2092/844 
f 2093/2093/845 2092/2092/844 2089/2089/843 2088/2088/842 
f 2092/2092/844 2095/2095/846 2083/2083/837 2089/2089/843 
f 2096/2096/680 2070/2070/679 2073/2073/829 2097/2097/847 
f 2097/2097/847 2073/2073/829 2068/2068/826 2082/2082/836 
f 2094/2094/747 2096/2096/680 2097/2097/847 2095/2095/846 
f 2095/2095/846 2097/2097/847 2082/2082/836 2083/2083/837 
f 2085/2085/839 2098/2098/848 2099/2099/849 2086/2086/840 
f 2098/2098/848 2100/2100/850 2101/2101/851 2099/2099/849 
f 2086/2086/840 2099/2099/849 2102/2102/852 2088/2088/842 
f 2099/2099/849 2101/2101/851 2103/2103/853 2102/2102/852 
f 2104/2104/854 2105/2105/855 2106/2106/856 2107/2107/857 
f 2107/2107/857 2106/2106/856 2108/2108/858 2109/2109/859 
f 2100/2100/850 2104/2104/854 2107/2107/857 2101/2101/851 
f 2101/2101/851 2107/2107/857 2109/2109/859 2103/2103/853 
f 2110/2110/679 2111/2111/684 2112/2112/860 2113/2113/861 
f 2111/2111/684 2114/2114/747 2115/2115/862 2112/2112/860 
f 2113/2113/861 2112/2112/860 2109/2109/859 2108/2108/858 
f 2112/2112/860 2115/2115/862 2103/2103/853 2109/2109/859 
f 2116/2116/680 2090/2090/679 2093/2093/845 2117/2117/863 
f 2117/2117/863 2093/2093/845 2088/2088/842 2102/2102/852 
f 2114/2114/747 2116/2116/680 2117/2117/863 2115/2115/862 
f 2115/2115/862 2117/2117/863 2102/2102/852 2103/2103/853 
f 2105/2105/855 2118/2118/864 2119/2119/865 2106/2106/856 
f 2118/2118/864 2120/2120/866 2121/2121/867 2119/2119/865 
f 2106/2106/856 2119/2119/865 2122/2122/868 2108/2108/858 
f 2119/2119/865 2121/2121/867 2123/2123/869 2122/2122/868 
f 2124/2124/870 2125/2125/871 2126/2126/872 2127/2127/873 
f 2127/2127/873 2126/2126/872 2128/2128/874 2129/2129/875 
f 2120/2120/866 2124/2124/870 2127/2127/873 2121/2121/867 
f 2121/2121/867 2127/2127/873 2129/2129/875 2123/2123/869 
f 2130/2130/679 2131/2131/684 2132/2132/876 2133/2133/877 
f 2131/2131/684 2134/2134/747 2135/2135/878 2132/2132/876 
f 2133/2133/877 2132/2132/876 2129/2129/875 2128/2128/874 
f 2132/2132/876 2135/2135/878 2123/2123/869 2129/2129/875 
f 2136/2136/680 2110/2110/679 2113/2113/861 2137/2137/879 
f 2137/2137/879 2113/2113/861 2108/2108/858 2122/2122/868 
f 2134/2134/747 2136/2136/680 2137/2137/879 2135/2135/878 
f 2135/2135/878 2137/2137/879 2122/2122/868 2123/2123/869 
f 2125/2125/871 2138/2138/880 2139/2139/881 2126/2126/872 
f 2138/2138/880 2140/2140/882 2141/2141/883 2139/2139/881 
f 2126/2126/872 2139/2139/881 2142/2142/884 2128/2128/874 
f 2139/2139/881 2141/2141/883 2143/2143/885 2142/2142/884 
f 2144/2144/886 2145/2145/887 2146/2146/888 2147/2147/889 
f 2147/2147/889 2146/2146/888 2148/2148/890 2149/2149/891 
f 2140/2140/882 2144/2144/886 2147/2147/889 2141/2141/883 
f 2141/2141/883 2147/2147/889 2149/2149/891 2143/2143/885 
f 2150/2150/679 2151/2151/679 2152/2152/892 2153/2153/893 
f 2151/2151/679 2154/2154/747 2155/2155/894 2152/2152/892 
f 2153/2153/893 2152/2152/892 2149/2149/891 2148/2148/890 
f 2152/2152/892 2155/2155/894 2143/2143/885 2149/2149/891 
f 2156/2156/680 2130/2130/679 2133/2133/877 2157/2157/895 
f 2157/2157/895 2133/2133/877 2128/2128/874 2142/2142/884 
f 2154/2154/747 2156/2156/680 2157/2157/895 2155/2155/894 
f 2155/2155/894 2157/2157/895 2142/2142/884 2143/2143/885 
f 2145/2145/887 2158/2158/896 2159/2159/897 2146/2146/888 
f 2158/2158/896 2160/2160/898 2161/2161/899 2159/2159/897 
f 2146/2146/888 2159/2159/897 2162/2162/900 2148/2148/890 
f 2159/2159/897 2161/2161/899 2163/2163/901 2162/2162/900 
f 2164/2164/902 2165/2165/903 2166/2166/904 2167/2167/905 
f 2167/2167/905 2166/2166/904 2168/2168/906 2169/2169/907 
f 2160/2160/898 2164/2164/902 2167/2167/905 2161/2161/899 
f 2161/2161/899 2167/2167/905 2169/2169/907 2163/2163/901 
f 2170/2170/679 2171/2171/679 2172/2172/908 2173/2173/909 
f 2171/2171/679 2174/2174/684 2175/2175/910 2172/2172/908 
f 2173/2173/909 2172/2172/908 2169/2169/907 2168/2168/906 
f 2172/2172/908 2175/2175/910 2163/2163/901 2169/2169/907 
f 2176/2176/747 2150/2150/679 2153/2153/893 2177/2177/911 
f 2177/2177/911 2153/2153/893 2148/2148/890 2162/2162/900 
f 2174/2174/684 2176/2176/747 2177/2177/911 2175/2175/910 
f 2175/2175/910 2177/2177/911 2162/2162/900 2163/2163/901 
f 2165/2165/903 2178/2178/912 2179/2179/913 2166/2166/904 
f 2178/2178/912 2180/2180/914 2181/2181/915 2179/2179/913 
f 2166/2166/904 2179/2179/913 2182/2182/916 2168/2168/906 
f 2179/2179/913 2181/2181/915 2183/2183/917 2182/2182/916 
f 2184/2184/918 2185/2185/919 2186/2186/920 2187/2187/921 
f 2187/2187/921 2186/2186/920 2188/2188/922 2189/2189/923 
f 2180/2180/914 2184/2184/918 2187/2187/921 2181/2181/915 
f 2181/2181/915 2187/2187/921 2189/2189/923 2183/2183/917 
f 2190/2190/679 2191/2191/679 2192/2192/924 2193/2193/925 
f 2191/2191/679 2194/2194/684 2195/2195/926 2192/2192/924 
f 2193/2193/925 2192/2192/924 2189/2189/923 2188/2188/922 
f 2192/2192/924 2195/2195/926 2183/2183/917 2189/2189/923 
f 2196/2196/747 2170/2170/679 2173/2173/909 2197/2197/927 
f 2197/2197/927 2173/2173/909 2168/2168/906 2182/2182/916 
f 2194/2194/684 2196/2196/747 2197/2197/927 2195/2195/926 
f 2195/2195/926 2197/2197/927 2182/2182/916 2183/2183/917 
f 2185/2185/919 2198/2198/928 2199/2199/929 2186/2186/920 
f 2198/2198/928 2200/2200/930 2201/2201/931 2199/2199/929 
f 2186/2186/920 2199/2199/929 2202/2202/932 2188/2188/922 
f 2199/2199/929 2201/2201/931 2203/2203/933 2202/2202/932 
f 2204/2204/934 2205/2205/935 2206/2206/936 2207/2207/937 
f 2207/2207/937 2206/2206/936 2208/2208/938 2209/2209/939 
f 2200/2200/930 2204/2204/934 2207/2207/937 2201/2201/931 
f 2201/2201/931 2207/2207/937 2209/2209/939 2203/2203/933 
f 2210/2210/679 2211/2211/679 2212/2212/940 2213/2213/941 
f 2211/2211/679 2214/2214/684 2215/2215/942 2212/2212/940 
f 2213/2213/941 2212/2212/940 2209/2209/939 2208/2208/938 
f 2212/2212/940 2215/2215/942 2203/2203/933 2209/2209/939 
f 2216/2216/747 2190/2190/679 2193/2193/925 2217/2217/943 
f 2217/2217/943 2193/2193/925 2188/2188/922 2202/2202/932 
f 2214/2214/684 2216/2216/747 2217/2217/943 2215/2215/942 
f 2215/2215/942 2217/2217/943 2202/2202/932 2203/2203/933 
f 2205/2205/935 2218/2218/944 2219/2219/945 2206/2206/936 
f 2218/2218/944 2220/2220/946 2221/2221/947 2219/2219/945 
f 2206/2206/936 2219/2219/945 2222/2222/948 2208/2208/938 
f 2219/2219/945 2221/2221/947 2223/2223/949 2222/2222/948 
f 2224/2224/950 1873/1873/664 1876/1876/667 2225/2225/951 
f 2225/2225/951 1876/1876/667 1880/1880/671 2226/2226/952 
f 2220/2220/946 2224/2224/950 2225/2225/951 2221/2221/947 
f 2221/2221/947 2225/2225/951 2226/2226/952 2223/2223/949 
f 1895/1895/679 2227/2227/679 2228/2228/953 1896/1896/685 
f 2227/2227/679 2229/2229/684 2230/2230/954 2228/2228/953 
f 1896/1896/685 2228/2228/953 2226/2226/952 1880/1880/671 
f 2228/2228/953 2230/2230/954 2223/2223/949 2226/2226/952 
f 2231/2231/747 2210/2210/679 2213/2213/941 2232/2232/955 
f 2232/2232/955 2213/2213/941 2208/2208/938 2222/2222/948 
f 2229/2229/684 2231/2231/747 2232/2232/955 2230/2230/954 
f 2230/2230/954 2232/2232/955 2222/2222/948 2223/2223/949 
f 2233/2233/956 2234/2234/957 2235/2235/958 2236/2236/959 
f 2234/2234/957 2237/2237/960 2238/2238/961 2235/2235/958 
f 2236/2236/959 2235/2235/958 2239/2239/962 2240/2240/963 
f 2235/2235/958 2238/2238/961 2241/2241/964 2239/2239/962 
f 2242/2242/965 2243/4658/966 2244/2244/967 2245/2245/968 
f 2245/2245/968 2244/2244/967 2246/2246/969 2247/2247/970 
f 2237/2237/960 2242/2242/965 2245/2245/968 2238/2238/961 
f 2238/2238/961 2245/2245/968 2247/2247/970 2241/2241/964 
f 2248/2248/418 2249/2249/279 2250/2250/971 2251/2251/972 
f 2249/2249/279 2252/2252/282 2253/2253/973 2250/2250/971 
f 2251/2251/972 2250/2250/971 2247/2247/970 2246/2246/969 
f 2250/2250/971 2253/2253/973 2241/2241/964 2247/2247/970 
f 2254/2254/284 2255/2255/258 2256/2256/974 2257/2257/975 
f 2257/2257/975 2256/2256/974 2240/2240/963 2239/2239/962 
f 2252/2252/282 2254/2254/284 2257/2257/975 2253/2253/973 
f 2253/2253/973 2257/2257/975 2239/2239/962 2241/2241/964 
f 2258/2258/976 2259/2259/977 2260/2260/978 2261/2261/979 
f 2259/2259/977 2262/2262/980 2263/2263/981 2260/2260/978 
f 2261/2261/979 2260/2260/978 2264/2264/982 2265/2265/983 
f 2260/2260/978 2263/2263/981 2266/2266/984 2264/2264/982 
f 2267/2267/985 2233/2233/956 2236/2236/959 2268/2268/986 
f 2268/2268/986 2236/2236/959 2240/2240/963 2269/2269/987 
f 2262/2262/980 2267/2267/985 2268/2268/986 2263/2263/981 
f 2263/2263/981 2268/2268/986 2269/2269/987 2266/2266/984 
f 2255/2255/258 2270/2270/259 2271/2271/988 2256/2256/974 
f 2270/2270/259 2272/2272/262 2273/2273/989 2271/2271/988 
f 2256/2256/974 2271/2271/988 2269/2269/987 2240/2240/963 
f 2271/2271/988 2273/2273/989 2266/2266/984 2269/2269/987 
f 2274/2274/410 2275/2275/238 2276/2276/990 2277/2277/991 
f 2277/2277/991 2276/2276/990 2265/2265/983 2264/2264/982 
f 2272/2272/262 2274/2274/410 2277/2277/991 2273/2273/989 
f 2273/2273/989 2277/2277/991 2264/2264/982 2266/2266/984 
f 2278/2278/992 2279/2279/993 2280/2280/994 2281/2281/995 
f 2279/2279/993 2282/2282/996 2283/2283/997 2280/2280/994 
f 2281/2281/995 2280/2280/994 2284/2284/998 2285/2285/999 
f 2280/2280/994 2283/2283/997 2286/2286/1000 2284/2284/998 
f 2287/2287/1001 2258/2258/976 2261/2261/979 2288/2288/1002 
f 2288/2288/1002 2261/2261/979 2265/2265/983 2289/2289/1003 
f 2282/2282/996 2287/2287/1001 2288/2288/1002 2283/2283/997 
f 2283/2283/997 2288/2288/1002 2289/2289/1003 2286/2286/1000 
f 2275/2275/238 2290/2290/408 2291/2291/1004 2276/2276/990 
f 2290/2290/408 2292/2292/242 2293/2293/1005 2291/2291/1004 
f 2276/2276/990 2291/2291/1004 2289/2289/1003 2265/2265/983 
f 2291/2291/1004 2293/2293/1005 2286/2286/1000 2289/2289/1003 
f 2294/2294/406 2295/2295/218 2296/2296/1006 2297/2297/1007 
f 2297/2297/1007 2296/2296/1006 2285/2285/999 2284/2284/998 
f 2292/2292/242 2294/2294/406 2297/2297/1007 2293/2293/1005 
f 2293/2293/1005 2297/2297/1007 2284/2284/998 2286/2286/1000 
f 2298/2298/1008 2299/2299/1009 2300/2300/1010 2301/2301/1011 
f 2299/2299/1009 2302/2302/1012 2303/2303/1013 2300/2300/1010 
f 2301/2301/1011 2300/2300/1010 2304/2304/1014 2305/2305/1015 
f 2300/2300/1010 2303/2303/1013 2306/2306/1016 2304/2304/1014 
f 2307/2307/1017 2278/2278/992 2281/2281/995 2308/2308/1018 
f 2308/2308/1018 2281/2281/995 2285/2285/999 2309/2309/1019 
f 2302/2302/1012 2307/2307/1017 2308/2308/1018 2303/2303/1013 
f 2303/2303/1013 2308/2308/1018 2309/2309/1019 2306/2306/1016 
f 2295/2295/218 2310/2310/1020 2311/2311/1021 2296/2296/1006 
f 2310/2310/1020 2312/2312/222 2313/2313/1022 2311/2311/1021 
f 2296/2296/1006 2311/2311/1021 2309/2309/1019 2285/2285/999 
f 2311/2311/1021 2313/2313/1022 2306/2306/1016 2309/2309/1019 
f 2314/2314/404 2315/2315/401 2316/2316/1023 2317/2317/1024 
f 2317/2317/1024 2316/2316/1023 2305/2305/1015 2304/2304/1014 
f 2312/2312/222 2314/2314/404 2317/2317/1024 2313/2313/1022 
f 2313/2313/1022 2317/2317/1024 2304/2304/1014 2306/2306/1016 
f 2318/2318/1025 2319/2319/1026 2320/2320/1027 2321/2321/1028 
f 2319/2319/1026 2322/2322/1029 2323/2323/1030 2320/2320/1027 
f 2321/2321/1028 2320/2320/1027 2324/2324/1031 2325/2325/1032 
f 2320/2320/1027 2323/2323/1030 2326/2326/1033 2324/2324/1031 
f 2327/2327/1034 2298/2298/1008 2301/2301/1011 2328/2328/1035 
f 2328/2328/1035 2301/2301/1011 2305/2305/1015 2329/2329/1036 
f 2322/2322/1029 2327/2327/1034 2328/2328/1035 2323/2323/1030 
f 2323/2323/1030 2328/2328/1035 2329/2329/1036 2326/2326/1033 
f 2315/2315/401 2330/2330/445 2331/2331/1037 2316/2316/1023 
f 2330/2330/445 2332/2332/402 2333/2333/1038 2331/2331/1037 
f 2316/2316/1023 2331/2331/1037 2329/2329/1036 2305/2305/1015 
f 2331/2331/1037 2333/2333/1038 2326/2326/1033 2329/2329/1036 
f 2334/2334/204 2335/2335/178 2336/2336/1039 2337/2337/1040 
f 2337/2337/1040 2336/2336/1039 2325/2325/1032 2324/2324/1031 
f 2332/2332/402 2334/2334/204 2337/2337/1040 2333/2333/1038 
f 2333/2333/1038 2337/2337/1040 2324/2324/1031 2326/2326/1033 
f 2338/2338/1041 2339/2339/1042 2340/2340/1043 2341/2341/1044 
f 2339/2339/1042 2342/2342/1045 2343/2343/1046 2340/2340/1043 
f 2341/2341/1044 2340/2340/1043 2344/2344/1047 2345/2345/1048 
f 2340/2340/1043 2343/2343/1046 2346/2346/1049 2344/2344/1047 
f 2347/2347/1050 2318/2318/1025 2321/2321/1028 2348/2348/1051 
f 2348/2348/1051 2321/2321/1028 2325/2325/1032 2349/2349/1052 
f 2342/2342/1045 2347/2347/1050 2348/2348/1051 2343/2343/1046 
f 2343/2343/1046 2348/2348/1051 2349/2349/1052 2346/2346/1049 
f 2335/2335/178 2350/2350/179 2351/2351/1053 2336/2336/1039 
f 2350/2350/179 2352/2352/397 2353/2353/1054 2351/2351/1053 
f 2336/2336/1039 2351/2351/1053 2349/2349/1052 2325/2325/1032 
f 2351/2351/1053 2353/2353/1054 2346/2346/1049 2349/2349/1052 
f 2354/2354/399 2355/2355/394 2356/2356/1055 2357/2357/1056 
f 2357/2357/1056 2356/2356/1055 2345/2345/1048 2344/2344/1047 
f 2352/2352/397 2354/2354/399 2357/2357/1056 2353/2353/1054 
f 2353/2353/1054 2357/2357/1056 2344/2344/1047 2346/2346/1049 
f 2358/2358/1057 2359/2359/1058 2360/2360/1059 2361/2361/1060 
f 2359/2359/1058 2362/2362/1061 2363/2363/1062 2360/2360/1059 
f 2361/2361/1060 2360/2360/1059 2364/2364/1063 2365/2365/1064 
f 2360/2360/1059 2363/2363/1062 2366/2366/1065 2364/2364/1063 
f 2367/2367/1066 2338/2338/1041 2341/2341/1044 2368/2368/1067 
f 2368/2368/1067 2341/2341/1044 2345/2345/1048 2369/2369/1068 
f 2362/2362/1061 2367/2367/1066 2368/2368/1067 2363/2363/1062 
f 2363/2363/1062 2368/2368/1067 2369/2369/1068 2366/2366/1065 
f 2355/2355/394 2370/2370/159 2371/2371/1069 2356/2356/1055 
f 2370/2370/159 2372/2372/393 2373/2373/1070 2371/2371/1069 
f 2356/2356/1055 2371/2371/1069 2369/2369/1068 2345/2345/1048 
f 2371/2371/1069 2373/2373/1070 2366/2366/1065 2369/2369/1068 
f 2374/2374/392 2375/2375/390 2376/2376/1071 2377/2377/1072 
f 2377/2377/1072 2376/2376/1071 2365/2365/1064 2364/2364/1063 
f 2372/2372/393 2374/2374/392 2377/2377/1072 2373/2373/1070 
f 2373/2373/1070 2377/2377/1072 2364/2364/1063 2366/2366/1065 
f 2378/2378/1073 2379/2379/1074 2380/2380/1075 2381/2381/1076 
f 2379/2379/1074 2382/2382/1077 2383/2383/1078 2380/2380/1075 
f 2381/2381/1076 2380/2380/1075 2384/2384/1079 2385/2385/1080 
f 2380/2380/1075 2383/2383/1078 2386/2386/1081 2384/2384/1079 
f 2387/2387/1082 2358/2358/1057 2361/2361/1060 2388/2388/1083 
f 2388/2388/1083 2361/2361/1060 2365/2365/1064 2389/2389/1084 
f 2382/2382/1077 2387/2387/1082 2388/2388/1083 2383/2383/1078 
f 2383/2383/1078 2388/2388/1083 2389/2389/1084 2386/2386/1081 
f 2375/2375/390 2390/2390/139 2391/2391/1085 2376/2376/1071 
f 2390/2390/139 2392/2392/389 2393/2393/1086 2391/2391/1085 
f 2376/2376/1071 2391/2391/1085 2389/2389/1084 2365/2365/1064 
f 2391/2391/1085 2393/2393/1086 2386/2386/1081 2389/2389/1084 
f 2394/2394/1087 2395/2395/386 2396/2396/1088 2397/2397/1089 
f 2397/2397/1089 2396/2396/1088 2385/2385/1080 2384/2384/1079 
f 2392/2392/389 2394/2394/1087 2397/2397/1089 2393/2393/1086 
f 2393/2393/1086 2397/2397/1089 2384/2384/1079 2386/2386/1081 
f 2398/2398/1090 2399/2399/1091 2400/2400/1092 2401/2401/1093 
f 2399/2399/1091 2402/2402/1094 2403/2403/1095 2400/2400/1092 
f 2401/2401/1093 2400/2400/1092 2404/2404/1096 2405/2405/1097 
f 2400/2400/1092 2403/2403/1095 2406/2406/1098 2404/2404/1096 
f 2407/2407/1099 2378/2378/1073 2381/2381/1076 2408/2408/1100 
f 2408/2408/1100 2381/2381/1076 2385/2385/1080 2409/2409/1101 
f 2402/2402/1094 2407/2407/1099 2408/2408/1100 2403/2403/1095 
f 2403/2403/1095 2408/2408/1100 2409/2409/1101 2406/2406/1098 
f 2395/2395/386 2410/2410/442 2411/2411/1102 2396/2396/1088 
f 2410/2410/442 2412/2412/122 2413/2413/1103 2411/2411/1102 
f 2396/2396/1088 2411/2411/1102 2409/2409/1101 2385/2385/1080 
f 2411/2411/1102 2413/2413/1103 2406/2406/1098 2409/2409/1101 
f 2414/2414/124 2415/2415/98 2416/2416/1104 2417/2417/1105 
f 2417/2417/1105 2416/2416/1104 2405/2405/1097 2404/2404/1096 
f 2412/2412/122 2414/2414/124 2417/2417/1105 2413/2413/1103 
f 2413/2413/1103 2417/2417/1105 2404/2404/1096 2406/2406/1098 
f 2418/2418/1106 2419/2419/1107 2420/2420/1108 2421/2421/1109 
f 2419/2419/1107 2422/2422/1110 2423/2423/1111 2420/2420/1108 
f 2421/2421/1109 2420/2420/1108 2424/2424/1112 2425/2425/1113 
f 2420/2420/1108 2423/2423/1111 2426/2426/1114 2424/2424/1112 
f 2427/2427/1115 2398/2398/1090 2401/2401/1093 2428/2428/1116 
f 2428/2428/1116 2401/2401/1093 2405/2405/1097 2429/2429/1117 
f 2422/2422/1110 2427/2427/1115 2428/2428/1116 2423/2423/1111 
f 2423/2423/1111 2428/2428/1116 2429/2429/1117 2426/2426/1114 
f 2415/2415/98 2430/2430/380 2431/2431/1118 2416/2416/1104 
f 2430/2430/380 2432/2432/102 2433/2433/1119 2431/2431/1118 
f 2416/2416/1104 2431/2431/1118 2429/2429/1117 2405/2405/1097 
f 2431/2431/1118 2433/2433/1119 2426/2426/1114 2429/2429/1117 
f 2434/2434/104 2435/2435/375 2436/2436/1120 2437/2437/1121 
f 2437/2437/1121 2436/2436/1120 2425/2425/1113 2424/2424/1112 
f 2432/2432/102 2434/2434/104 2437/2437/1121 2433/2433/1119 
f 2433/2433/1119 2437/2437/1121 2424/2424/1112 2426/2426/1114 
f 2438/2438/1122 2439/2439/1123 2440/2440/1124 2441/2441/1125 
f 2439/2439/1123 2442/2442/1126 2443/2443/1127 2440/2440/1124 
f 2441/2441/1125 2440/2440/1124 2444/2444/1128 2445/2445/1129 
f 2440/2440/1124 2443/2443/1127 2446/2446/1130 2444/2444/1128 
f 2447/2447/1131 2418/2418/1106 2421/2421/1109 2448/2448/1132 
f 2448/2448/1132 2421/2421/1109 2425/2425/1113 2449/2449/1133 
f 2442/2442/1126 2447/2447/1131 2448/2448/1132 2443/2443/1127 
f 2443/2443/1127 2448/2448/1132 2449/2449/1133 2446/2446/1130 
f 2435/2435/375 2450/2450/376 2451/2451/1134 2436/2436/1120 
f 2450/2450/376 2452/2452/374 2453/2453/1135 2451/2451/1134 
f 2436/2436/1120 2451/2451/1134 2449/2449/1133 2425/2425/1113 
f 2451/2451/1134 2453/2453/1135 2446/2446/1130 2449/2449/1133 
f 2454/2454/372 2455/2455/58 2456/2456/1136 2457/2457/1137 
f 2457/2457/1137 2456/2456/1136 2445/2445/1129 2444/2444/1128 
f 2452/2452/374 2454/2454/372 2457/2457/1137 2453/2453/1135 
f 2453/2453/1135 2457/2457/1137 2444/2444/1128 2446/2446/1130 
f 2458/2458/1138 2459/2459/1139 2460/2460/1140 2461/2461/1141 
f 2459/2459/1139 2462/2462/1142 2463/2463/1143 2460/2460/1140 
f 2461/2461/1141 2460/2460/1140 2464/2464/1144 2465/2465/1145 
f 2460/2460/1140 2463/2463/1143 2466/2466/1146 2464/2464/1144 
f 2467/2467/1147 2438/2438/1122 2441/2441/1125 2468/2468/1148 
f 2468/2468/1148 2441/2441/1125 2445/2445/1129 2469/2469/1149 
f 2462/2462/1142 2467/2467/1147 2468/2468/1148 2463/2463/1143 
f 2463/2463/1143 2468/2468/1148 2469/2469/1149 2466/2466/1146 
f 2455/2455/58 2470/2470/370 2471/2471/1150 2456/2456/1136 
f 2470/2470/370 2472/2472/369 2473/2473/1151 2471/2471/1150 
f 2456/2456/1136 2471/2471/1150 2469/2469/1149 2445/2445/1129 
f 2471/2471/1150 2473/2473/1151 2466/2466/1146 2469/2469/1149 
f 2474/2474/64 2475/2475/38 2476/2476/1152 2477/2477/1153 
f 2477/2477/1153 2476/2476/1152 2465/2465/1145 2464/2464/1144 
f 2472/2472/369 2474/2474/64 2477/2477/1153 2473/2473/1151 
f 2473/2473/1151 2477/2477/1153 2464/2464/1144 2466/2466/1146 
f 2478/2478/1154 2479/2479/1155 2480/2480/1156 2481/2481/1157 
f 2479/2479/1155 2482/2482/1158 2483/2483/1159 2480/2480/1156 
f 2481/2481/1157 2480/2480/1156 2484/2484/1160 2485/2485/1161 
f 2480/2480/1156 2483/2483/1159 2486/2486/1162 2484/2484/1160 
f 2487/2487/1163 2458/2458/1138 2461/2461/1141 2488/2488/1164 
f 2488/2488/1164 2461/2461/1141 2465/2465/1145 2489/2489/1165 
f 2482/2482/1158 2487/2487/1163 2488/2488/1164 2483/2483/1159 
f 2483/2483/1159 2488/2488/1164 2489/2489/1165 2486/2486/1162 
f 2475/2475/38 2490/2490/39 2491/2491/1166 2476/2476/1152 
f 2490/2490/39 2492/2492/42 2493/2493/1167 2491/2491/1166 
f 2476/2476/1152 2491/2491/1166 2489/2489/1165 2465/2465/1145 
f 2491/2491/1166 2493/2493/1167 2486/2486/1162 2489/2489/1165 
f 2494/2494/44 2495/2495/443 2496/2496/1168 2497/2497/1169 
f 2497/2497/1169 2496/2496/1168 2485/2485/1161 2484/2484/1160 
f 2492/2492/42 2494/2494/44 2497/2497/1169 2493/2493/1167 
f 2493/2493/1167 2497/2497/1169 2484/2484/1160 2486/2486/1162 
f 2498/2498/1170 2499/2499/1171 2500/2500/1172 2501/2501/1173 
f 2499/2499/1171 2502/2502/1174 2503/2503/1175 2500/2500/1172 
f 2501/2501/1173 2500/2500/1172 2504/2504/1176 2505/2505/1177 
f 2500/2500/1172 2503/2503/1175 2506/2506/1178 2504/2504/1176 
f 2507/2507/1179 2478/2478/1154 2481/2481/1157 2508/2508/1180 
f 2508/2508/1180 2481/2481/1157 2485/2485/1161 2509/2509/1181 
f 2502/2502/1174 2507/2507/1179 2508/2508/1180 2503/2503/1175 
f 2503/2503/1175 2508/2508/1180 2509/2509/1181 2506/2506/1178 
f 2495/2495/443 2510/2510/17 2511/2511/1182 2496/2496/1168 
f 2510/2510/17 2512/2512/1183 2513/2513/1184 2511/2511/1182 
f 2496/2496/1168 2511/2511/1182 2509/2509/1181 2485/2485/1161 
f 2511/2511/1182 2513/2513/1184 2506/2506/1178 2509/2509/1181 
f 2514/2514/363 2515/2515/364 2516/2516/1185 2517/2517/1186 
f 2517/2517/1186 2516/2516/1185 2505/2505/1177 2504/2504/1176 
f 2512/2512/1183 2514/2514/363 2517/2517/1186 2513/2513/1184 
f 2513/2513/1184 2517/2517/1186 2504/2504/1176 2506/2506/1178 
f 2518/2518/1187 2519/2519/1188 2520/2520/1189 2521/2521/1190 
f 2519/2519/1188 2522/2522/1191 2523/2523/1192 2520/2520/1189 
f 2521/2521/1190 2520/2520/1189 2524/2524/1193 2525/2525/1194 
f 2520/2520/1189 2523/2523/1192 2526/2526/1195 2524/2524/1193 
f 2527/2527/1196 2498/2498/1170 2501/2501/1173 2528/2528/1197 
f 2528/2528/1197 2501/2501/1173 2505/2505/1177 2529/2529/1198 
f 2522/2522/1191 2527/2527/1196 2528/2528/1197 2523/2523/1192 
f 2523/2523/1192 2528/2528/1197 2529/2529/1198 2526/2526/1195 
f 2515/2515/364 2530/2530/355 2531/2531/1199 2516/2516/1185 
f 2530/2530/355 2532/2532/435 2533/2533/1200 2531/2531/1199 
f 2516/2516/1185 2531/2531/1199 2529/2529/1198 2505/2505/1177 
f 2531/2531/1199 2533/2533/1200 2526/2526/1195 2529/2529/1198 
f 2534/2534/434 2535/2535/432 2536/2536/1201 2537/2537/1202 
f 2537/2537/1202 2536/2536/1201 2525/2525/1194 2524/2524/1193 
f 2532/2532/435 2534/2534/434 2537/2537/1202 2533/2533/1200 
f 2533/2533/1200 2537/2537/1202 2524/2524/1193 2526/2526/1195 
f 2538/2538/1203 2539/2539/1204 2540/2540/1205 2541/2541/1206 
f 2539/2539/1204 2542/2542/1207 2543/2543/1208 2540/2540/1205 
f 2541/2541/1206 2540/2540/1205 2544/2544/1209 2545/2545/1210 
f 2540/2540/1205 2543/2543/1208 2546/2546/1211 2544/2544/1209 
f 2547/2547/1212 2518/2518/1187 2521/2521/1190 2548/2548/1213 
f 2548/2548/1213 2521/2521/1190 2525/2525/1194 2549/2549/1214 
f 2542/2542/1207 2547/2547/1212 2548/2548/1213 2543/2543/1208 
f 2543/2543/1208 2548/2548/1213 2549/2549/1214 2546/2546/1211 
f 2535/2535/432 2550/2550/339 2551/2551/1215 2536/2536/1201 
f 2550/2550/339 2552/2552/342 2553/2553/1216 2551/2551/1215 
f 2536/2536/1201 2551/2551/1215 2549/2549/1214 2525/2525/1194 
f 2551/2551/1215 2553/2553/1216 2546/2546/1211 2549/2549/1214 
f 2554/2554/344 2555/2555/430 2556/2556/1217 2557/2557/1218 
f 2557/2557/1218 2556/2556/1217 2545/2545/1210 2544/2544/1209 
f 2552/2552/342 2554/2554/344 2557/2557/1218 2553/2553/1216 
f 2553/2553/1216 2557/2557/1218 2544/2544/1209 2546/2546/1211 
f 2558/2558/1219 2559/4757/1220 2560/2560/1221 2561/2561/1222 
f 2559/2559/1220 2562/2562/1223 2563/2563/1224 2560/4760/1221 
f 2561/2561/1222 2560/2560/1221 2564/2564/1225 2565/2565/1226 
f 2560/4760/1221 2563/2563/1224 2566/2566/1227 2564/4759/1225 
f 2567/2567/1228 2538/2538/1203 2541/2541/1206 2568/2568/1229 
f 2568/2568/1229 2541/2541/1206 2545/2545/1210 2569/2569/1230 
f 2562/2562/1223 2567/2567/1228 2568/2568/1229 2563/2563/1224 
f 2563/2563/1224 2568/2568/1229 2569/2569/1230 2566/2566/1227 
f 2555/2555/430 2570/2570/319 2571/2571/1231 2556/2556/1217 
f 2570/2570/319 2572/2572/427 2573/2573/1232 2571/2571/1231 
f 2556/2556/1217 2571/2571/1231 2569/2569/1230 2545/2545/1210 
f 2571/2571/1231 2573/2573/1232 2566/2566/1227 2569/2569/1230 
f 2574/2574/428 2575/2575/424 2576/2576/1233 2577/2577/1234 
f 2577/2577/1234 2576/2576/1233 2565/2565/1226 2564/2564/1225 
f 2572/2572/427 2574/4754/428 2577/4755/1234 2573/2573/1232 
f 2573/2573/1232 2577/4755/1234 2564/4759/1225 2566/2566/1227 
f 2243/4658/966 2578/2578/1235 2579/2579/1236 2244/2244/967 
f 2578/2578/1235 2580/2580/1237 2581/2581/1238 2579/2579/1236 
f 2244/2244/967 2579/2579/1236 2582/2582/1239 2246/2246/969 
f 2579/2579/1236 2581/2581/1238 2583/2583/1240 2582/2582/1239 
f 2584/2584/1241 2558/2558/1219 2561/2561/1222 2585/2585/1242 
f 2585/2585/1242 2561/2561/1222 2565/2565/1226 2586/2586/1243 
f 2580/2580/1237 2584/2584/1241 2585/2585/1242 2581/2581/1238 
f 2581/2581/1238 2585/2585/1242 2586/2586/1243 2583/2583/1240 
f 2575/2575/424 2587/2587/299 2588/2588/1244 2576/2576/1233 
f 2587/2587/299 2589/2589/422 2590/2590/1245 2588/2588/1244 
f 2576/2576/1233 2588/2588/1244 2586/2586/1243 2565/2565/1226 
f 2588/2588/1244 2590/2590/1245 2583/2583/1240 2586/2586/1243 
f 2591/2591/421 2248/2248/418 2251/2251/972 2592/2592/1246 
f 2592/2592/1246 2251/2251/972 2246/2246/969 2582/2582/1239 
f 2589/2589/422 2591/2591/421 2592/2592/1246 2590/2590/1245 
f 2590/2590/1245 2592/2592/1246 2582/2582/1239 2583/2583/1240 
f 1307/1307/443 2593/2593/1247 2594/2594/1248 1308/1308/17 
f 2593/2593/1247 2595/2595/1249 2596/2596/1250 2594/2594/1248 
f 1308/1308/17 2594/2594/1248 2597/2597/1251 1311/1311/362 
f 2594/2594/1248 2596/2596/1250 2598/2598/1252 2597/2597/1251 
f 2599/2599/1253 1883/1883/674 1882/1882/673 2600/2600/1254 
f 2600/2600/1254 1882/1882/673 1877/1877/668 2601/2601/1255 
f 2595/2595/1249 2599/2599/1253 2600/2600/1254 2596/2596/1250 
f 2596/2596/1250 2600/2600/1254 2601/2601/1255 2598/2598/1252 
f 1873/1873/664 2602/2602/1256 2603/2603/1257 1874/1874/665 
f 2602/2602/1256 2604/2604/1258 2605/2605/1259 2603/2603/1257 
f 1874/1874/665 2603/2603/1257 2601/2601/1255 1877/1877/668 
f 2603/2603/1257 2605/2605/1259 2598/2598/1252 2601/2601/1255 
f 2606/2606/1260 1314/1314/23 1313/1313/22 2607/2607/1261 
f 2607/2607/1261 1313/1313/22 1311/1311/362 2597/2597/1251 
f 2604/2604/1258 2606/2606/1260 2607/2607/1261 2605/2605/1259 
f 2605/2605/1259 2607/2607/1261 2597/2597/1251 2598/2598/1252 
f 1325/1325/367 2608/2608/1262 2609/2609/1263 1326/1326/39 
f 2608/2608/1262 2610/2610/1264 2611/2611/1265 2609/2609/1263 
f 1326/1326/39 2609/2609/1263 2612/2612/1266 1329/1329/366 
f 2609/2609/1263 2611/2611/1265 2613/2613/1267 2612/2612/1266 
f 2614/2614/1268 1905/1905/694 1904/1904/693 2615/2615/1269 
f 2615/2615/1269 1904/1904/693 1900/1900/689 2616/2616/1270 
f 2610/2610/1264 2614/2614/1268 2615/2615/1269 2611/2611/1265 
f 2611/2611/1265 2615/2615/1269 2616/2616/1270 2613/2613/1267 
f 1883/1883/674 2599/2599/1253 2617/2617/1271 1898/1898/687 
f 2599/2599/1253 2595/2595/1249 2618/2618/1272 2617/2617/1271 
f 1898/1898/687 2617/2617/1271 2616/2616/1270 1900/1900/689 
f 2617/2617/1271 2618/2618/1272 2613/2613/1267 2616/2616/1270 
f 2593/2593/1247 1307/1307/443 1331/1331/44 2619/2619/1273 
f 2619/2619/1273 1331/1331/44 1329/1329/366 2612/2612/1266 
f 2595/2595/1249 2593/2593/1247 2619/2619/1273 2618/2618/1272 
f 2618/2618/1272 2619/2619/1273 2612/2612/1266 2613/2613/1267 
f 1341/1341/58 2620/2620/1274 2621/2621/1275 1342/1342/59 
f 2620/2620/1274 2622/2622/1276 2623/2623/1277 2621/2621/1275 
f 1342/1342/59 2621/2621/1275 2624/2624/1278 1345/1345/62 
f 2621/2621/1275 2623/2623/1277 2625/2625/1279 2624/2624/1278 
f 2626/2626/1280 1925/1925/710 1924/1924/709 2627/2627/1281 
f 2627/2627/1281 1924/1924/709 1920/1920/705 2628/2628/1282 
f 2622/2622/1276 2626/2626/1280 2627/2627/1281 2623/2623/1277 
f 2623/2623/1277 2627/2627/1281 2628/2628/1282 2625/2625/1279 
f 1905/1905/694 2614/2614/1268 2629/2629/1283 1918/1918/703 
f 2614/2614/1268 2610/2610/1264 2630/2630/1284 2629/2629/1283 
f 1918/1918/703 2629/2629/1283 2628/2628/1282 1920/1920/705 
f 2629/2629/1283 2630/2630/1284 2625/2625/1279 2628/2628/1282 
f 2608/2608/1262 1325/1325/367 1347/1347/64 2631/2631/1285 
f 2631/2631/1285 1347/1347/64 1345/1345/62 2624/2624/1278 
f 2610/2610/1264 2608/2608/1262 2631/2631/1285 2630/2630/1284 
f 2630/2630/1284 2631/2631/1285 2624/2624/1278 2625/2625/1279 
f 1357/1357/377 2632/2632/1286 2633/2633/1287 1358/1358/79 
f 2632/2632/1286 2634/2634/1288 2635/2635/1289 2633/2633/1287 
f 1358/1358/79 2633/2633/1287 2636/2636/1290 1361/1361/82 
f 2633/2633/1287 2635/2635/1289 2637/2637/1291 2636/2636/1290 
f 2638/2638/1292 1945/1945/726 1944/1944/725 2639/2639/1293 
f 2639/2639/1293 1944/1944/725 1940/1940/721 2640/2640/1294 
f 2634/2634/1288 2638/2638/1292 2639/2639/1293 2635/2635/1289 
f 2635/2635/1289 2639/2639/1293 2640/2640/1294 2637/2637/1291 
f 1925/1925/710 2626/2626/1280 2641/2641/1295 1938/1938/719 
f 2626/2626/1280 2622/2622/1276 2642/2642/1296 2641/2641/1295 
f 1938/1938/719 2641/2641/1295 2640/2640/1294 1940/1940/721 
f 2641/2641/1295 2642/2642/1296 2637/2637/1291 2640/2640/1294 
f 2620/2620/1274 1341/1341/58 1363/1363/84 2643/2643/1297 
f 2643/2643/1297 1363/1363/84 1361/1361/82 2636/2636/1290 
f 2622/2622/1276 2620/2620/1274 2643/2643/1297 2642/2642/1296 
f 2642/2642/1296 2643/2643/1297 2636/2636/1290 2637/2637/1291 
f 1373/1373/379 2644/2644/1298 2645/2645/1299 1374/1374/99 
f 2644/2644/1298 2646/2646/1300 2647/2647/1301 2645/2645/1299 
f 1374/1374/99 2645/2645/1299 2648/2648/1302 1377/1377/382 
f 2645/2645/1299 2647/2647/1301 2649/2649/1303 2648/2648/1302 
f 2650/2650/1304 1965/1965/742 1964/1964/741 2651/2651/1305 
f 2651/2651/1305 1964/1964/741 1960/1960/737 2652/2652/1306 
f 2646/2646/1300 2650/2650/1304 2651/2651/1305 2647/2647/1301 
f 2647/2647/1301 2651/2651/1305 2652/2652/1306 2649/2649/1303 
f 1945/1945/726 2638/2638/1292 2653/2653/1307 1958/1958/735 
f 2638/2638/1292 2634/2634/1288 2654/2654/1308 2653/2653/1307 
f 1958/1958/735 2653/2653/1307 2652/2652/1306 1960/1960/737 
f 2653/2653/1307 2654/2654/1308 2649/2649/1303 2652/2652/1306 
f 2632/2632/1286 1357/1357/377 1379/1379/104 2655/2655/1309 
f 2655/2655/1309 1379/1379/104 1377/1377/382 2648/2648/1302 
f 2634/2634/1288 2632/2632/1286 2655/2655/1309 2654/2654/1308 
f 2654/2654/1308 2655/2655/1309 2648/2648/1302 2649/2649/1303 
f 1389/1389/386 2656/2656/1310 2657/2657/1311 1390/1390/119 
f 2656/2656/1310 2658/2658/1312 2659/2659/1313 2657/2657/1311 
f 1390/1390/119 2657/2657/1311 2660/2660/1314 1393/1393/122 
f 2657/2657/1311 2659/2659/1313 2661/2661/1315 2660/2660/1314 
f 2662/2662/1316 1985/1985/759 1984/1984/758 2663/2663/1317 
f 2663/2663/1317 1984/1984/758 1980/1980/754 2664/2664/1318 
f 2658/2658/1312 2662/2662/1316 2663/2663/1317 2659/2659/1313 
f 2659/2659/1313 2663/2663/1317 2664/2664/1318 2661/2661/1315 
f 1965/1965/742 2650/2650/1304 2665/2665/1319 1978/1978/752 
f 2650/2650/1304 2646/2646/1300 2666/2666/1320 2665/2665/1319 
f 1978/1978/752 2665/2665/1319 2664/2664/1318 1980/1980/754 
f 2665/2665/1319 2666/2666/1320 2661/2661/1315 2664/2664/1318 
f 2644/2644/1298 1373/1373/379 1395/1395/124 2667/2667/1321 
f 2667/2667/1321 1395/1395/124 1393/1393/122 2660/2660/1314 
f 2646/2646/1300 2644/2644/1298 2667/2667/1321 2666/2666/1320 
f 2666/2666/1320 2667/2667/1321 2660/2660/1314 2661/2661/1315 
f 1405/1405/390 2668/2668/1322 2669/2669/1323 1406/1406/139 
f 2668/2668/1322 2670/2670/1324 2671/2671/1325 2669/2669/1323 
f 1406/1406/139 2669/2669/1323 2672/2672/1326 1409/1409/389 
f 2669/2669/1323 2671/2671/1325 2673/2673/1327 2672/2672/1326 
f 2674/2674/1328 2005/2005/775 2004/2004/774 2675/2675/1329 
f 2675/2675/1329 2004/2004/774 2000/2000/770 2676/2676/1330 
f 2670/2670/1324 2674/2674/1328 2675/2675/1329 2671/2671/1325 
f 2671/2671/1325 2675/2675/1329 2676/2676/1330 2673/2673/1327 
f 1985/1985/759 2662/2662/1316 2677/2677/1331 1998/1998/768 
f 2662/2662/1316 2658/2658/1312 2678/2678/1332 2677/2677/1331 
f 1998/1998/768 2677/2677/1331 2676/2676/1330 2000/2000/770 
f 2677/2677/1331 2678/2678/1332 2673/2673/1327 2676/2676/1330 
f 2656/2656/1310 1389/1389/386 1411/1411/144 2679/2679/1333 
f 2679/2679/1333 1411/1411/144 1409/1409/389 2672/2672/1326 
f 2658/2658/1312 2656/2656/1310 2679/2679/1333 2678/2678/1332 
f 2678/2678/1332 2679/2679/1333 2672/2672/1326 2673/2673/1327 
f 1421/1421/394 2680/2680/1334 2681/2681/1335 1422/1422/395 
f 2680/2680/1334 2682/2682/1336 2683/2683/1337 2681/2681/1335 
f 1422/1422/395 2681/2681/1335 2684/2684/1338 1425/1425/393 
f 2681/2681/1335 2683/2683/1337 2685/2685/1339 2684/2684/1338 
f 2686/2686/1340 2025/2025/791 2024/2024/790 2687/2687/1341 
f 2687/2687/1341 2024/2024/790 2020/2020/786 2688/2688/1342 
f 2682/2682/1336 2686/2686/1340 2687/2687/1341 2683/2683/1337 
f 2683/2683/1337 2687/2687/1341 2688/2688/1342 2685/2685/1339 
f 2005/2005/775 2674/2674/1328 2689/2689/1343 2018/4794/784 
f 2674/2674/1328 2670/2670/1324 2690/2690/1344 2689/2689/1343 
f 2018/2018/784 2689/4783/1343 2688/2688/1342 2020/2020/786 
f 2689/4783/1343 2690/4807/1344 2685/2685/1339 2688/2688/1342 
f 2668/2668/1322 1405/1405/390 1427/1427/164 2691/2691/1345 
f 2691/4796/1345 1427/4790/164 1425/1425/393 2684/2684/1338 
f 2670/2670/1324 2668/2668/1322 2691/2691/1345 2690/2690/1344 
f 2690/4807/1344 2691/4796/1345 2684/2684/1338 2685/2685/1339 
f 1437/1437/398 2692/2692/1346 2693/2693/1347 1438/1438/444 
f 2692/2692/1346 2694/2694/1348 2695/2695/1349 2693/2693/1347 
f 1438/1438/444 2693/2693/1347 2696/2696/1350 1441/1441/182 
f 2693/2693/1347 2695/2695/1349 2697/2697/1351 2696/2696/1350 
f 2698/2698/1352 2045/2045/807 2044/2044/806 2699/2699/1353 
f 2699/2699/1353 2044/2044/806 2040/2040/802 2700/2700/1354 
f 2694/2694/1348 2698/2698/1352 2699/2699/1353 2695/2695/1349 
f 2695/2695/1349 2699/2699/1353 2700/2700/1354 2697/2697/1351 
f 2025/2025/791 2686/2686/1340 2701/2701/1355 2038/2038/800 
f 2686/2686/1340 2682/2682/1336 2702/2702/1356 2701/2701/1355 
f 2038/2038/800 2701/2701/1355 2700/2700/1354 2040/2040/802 
f 2701/2701/1355 2702/2702/1356 2697/2697/1351 2700/2700/1354 
f 2680/2680/1334 1421/1421/394 1443/1443/184 2703/2703/1357 
f 2703/2703/1357 1443/1443/184 1441/1441/182 2696/2696/1350 
f 2682/2682/1336 2680/2680/1334 2703/2703/1357 2702/2702/1356 
f 2702/2702/1356 2703/2703/1357 2696/2696/1350 2697/2697/1351 
f 1453/1453/401 2704/2704/1358 2705/2705/1359 1454/1454/445 
f 2704/2704/1358 2706/2706/1360 2707/2707/1361 2705/2705/1359 
f 1454/1454/445 2705/2705/1359 2708/2708/1362 1457/1457/438 
f 2705/2705/1359 2707/2707/1361 2709/2709/1363 2708/2708/1362 
f 2710/2710/1364 2065/2065/823 2064/2064/822 2711/2711/1365 
f 2711/2711/1365 2064/2064/822 2060/2060/818 2712/2712/1366 
f 2706/2706/1360 2710/2710/1364 2711/2711/1365 2707/2707/1361 
f 2707/2707/1361 2711/2711/1365 2712/2712/1366 2709/2709/1363 
f 2045/2045/807 2698/2698/1352 2713/2713/1367 2058/2058/816 
f 2698/2698/1352 2694/2694/1348 2714/2714/1368 2713/2713/1367 
f 2058/2058/816 2713/2713/1367 2712/2712/1366 2060/2060/818 
f 2713/2713/1367 2714/2714/1368 2709/2709/1363 2712/2712/1366 
f 2692/2692/1346 1437/1437/398 1459/1459/204 2715/2715/1369 
f 2715/2715/1369 1459/1459/204 1457/1457/438 2708/2708/1362 
f 2694/2694/1348 2692/2692/1346 2715/2715/1369 2714/2714/1368 
f 2714/2714/1368 2715/2715/1369 2708/2708/1362 2709/2709/1363 
f 1469/1469/405 2716/2716/1370 2717/2717/1371 1470/1470/219 
f 2716/2716/1370 2718/2718/1372 2719/2719/1373 2717/2717/1371 
f 1470/1470/219 2717/2717/1371 2720/2720/1374 1473/1473/403 
f 2717/2717/1371 2719/2719/1373 2721/2721/1375 2720/2720/1374 
f 2722/2722/1376 2085/2085/839 2084/2084/838 2723/2723/1377 
f 2723/2723/1377 2084/2084/838 2080/2080/834 2724/2724/1378 
f 2718/2718/1372 2722/2722/1376 2723/2723/1377 2719/2719/1373 
f 2719/2719/1373 2723/2723/1377 2724/2724/1378 2721/2721/1375 
f 2065/2065/823 2710/2710/1364 2725/2725/1379 2078/2078/832 
f 2710/2710/1364 2706/2706/1360 2726/2726/1380 2725/2725/1379 
f 2078/2078/832 2725/2725/1379 2724/2724/1378 2080/2080/834 
f 2725/2725/1379 2726/2726/1380 2721/2721/1375 2724/2724/1378 
f 2704/2704/1358 1453/1453/401 1475/1475/224 2727/2727/1381 
f 2727/2727/1381 1475/1475/224 1473/1473/403 2720/2720/1374 
f 2706/2706/1360 2704/2704/1358 2727/2727/1381 2726/2726/1380 
f 2726/2726/1380 2727/2727/1381 2720/2720/1374 2721/2721/1375 
f 1485/1485/409 2728/2728/1382 2729/2729/1383 1486/1486/408 
f 2728/2728/1382 2730/2730/1384 2731/2731/1385 2729/2729/1383 
f 1486/1486/408 2729/2729/1383 2732/2732/1386 1489/1489/407 
f 2729/2729/1383 2731/2731/1385 2733/2733/1387 2732/2732/1386 
f 2734/2734/1388 2105/2105/855 2104/2104/854 2735/2735/1389 
f 2735/2735/1389 2104/2104/854 2100/2100/850 2736/2736/1390 
f 2730/2730/1384 2734/2734/1388 2735/2735/1389 2731/2731/1385 
f 2731/2731/1385 2735/2735/1389 2736/2736/1390 2733/2733/1387 
f 2085/2085/839 2722/2722/1376 2737/2737/1391 2098/2098/848 
f 2722/2722/1376 2718/2718/1372 2738/2738/1392 2737/2737/1391 
f 2098/2098/848 2737/2737/1391 2736/2736/1390 2100/2100/850 
f 2737/2737/1391 2738/2738/1392 2733/2733/1387 2736/2736/1390 
f 2716/2716/1370 1469/1469/405 1491/1491/406 2739/2739/1393 
f 2739/2739/1393 1491/1491/406 1489/1489/407 2732/2732/1386 
f 2718/2718/1372 2716/2716/1370 2739/2739/1393 2738/2738/1392 
f 2738/2738/1392 2739/2739/1393 2732/2732/1386 2733/2733/1387 
f 1501/1501/258 2740/2740/1394 2741/2741/1395 1502/1502/259 
f 2740/2740/1394 2742/2742/1396 2743/2743/1397 2741/2741/1395 
f 1502/1502/259 2741/2741/1395 2744/2744/1398 1505/1505/262 
f 2741/2741/1395 2743/2743/1397 2745/2745/1399 2744/2744/1398 
f 2746/2746/1400 2125/2125/871 2124/2124/870 2747/2747/1401 
f 2747/2747/1401 2124/2124/870 2120/2120/866 2748/2748/1402 
f 2742/2742/1396 2746/2746/1400 2747/2747/1401 2743/2743/1397 
f 2743/2743/1397 2747/2747/1401 2748/2748/1402 2745/2745/1399 
f 2105/2105/855 2734/2734/1388 2749/2749/1403 2118/2118/864 
f 2734/2734/1388 2730/2730/1384 2750/2750/1404 2749/2749/1403 
f 2118/2118/864 2749/2749/1403 2748/2748/1402 2120/2120/866 
f 2749/2749/1403 2750/2750/1404 2745/2745/1399 2748/2748/1402 
f 2728/2728/1382 1485/1485/409 1507/1507/264 2751/2751/1405 
f 2751/2751/1405 1507/1507/264 1505/1505/262 2744/2744/1398 
f 2730/2730/1384 2728/2728/1382 2751/2751/1405 2750/2750/1404 
f 2750/2750/1404 2751/2751/1405 2744/2744/1398 2745/2745/1399 
f 1517/1517/416 2752/2752/1406 2753/2753/1407 1518/1518/279 
f 2752/2752/1406 2754/2754/1408 2755/2755/1409 2753/2753/1407 
f 1518/1518/279 2753/2753/1407 2756/2756/1410 1521/1521/282 
f 2753/2753/1407 2755/2755/1409 2757/2757/1411 2756/2756/1410 
f 2758/2758/1412 2145/2145/887 2144/2144/886 2759/2759/1413 
f 2759/2759/1413 2144/2144/886 2140/2140/882 2760/2760/1414 
f 2754/2754/1408 2758/2758/1412 2759/2759/1413 2755/2755/1409 
f 2755/2755/1409 2759/2759/1413 2760/2760/1414 2757/2757/1411 
f 2125/2125/871 2746/2746/1400 2761/2761/1415 2138/2138/880 
f 2746/2746/1400 2742/2742/1396 2762/2762/1416 2761/2761/1415 
f 2138/2138/880 2761/2761/1415 2760/2760/1414 2140/2140/882 
f 2761/2761/1415 2762/2762/1416 2757/2757/1411 2760/2760/1414 
f 2740/2740/1394 1501/1501/258 1523/1523/284 2763/2763/1417 
f 2763/2763/1417 1523/1523/284 1521/1521/282 2756/2756/1410 
f 2742/2742/1396 2740/2740/1394 2763/2763/1417 2762/2762/1416 
f 2762/2762/1416 2763/2763/1417 2756/2756/1410 2757/2757/1411 
f 1533/1533/424 2764/2764/1418 2765/2765/1419 1534/1534/425 
f 2764/2764/1418 2766/2766/1420 2767/2767/1421 2765/2765/1419 
f 1534/1534/425 2765/2765/1419 2768/2768/1422 1537/1537/302 
f 2765/2765/1419 2767/2767/1421 2769/2769/1423 2768/2768/1422 
f 2770/2770/1424 2165/2165/903 2164/2164/902 2771/2771/1425 
f 2771/2771/1425 2164/2164/902 2160/2160/898 2772/2772/1426 
f 2766/2766/1420 2770/2770/1424 2771/2771/1425 2767/2767/1421 
f 2767/2767/1421 2771/2771/1425 2772/2772/1426 2769/2769/1423 
f 2145/2145/887 2758/2758/1412 2773/2773/1427 2158/2158/896 
f 2758/2758/1412 2754/2754/1408 2774/2774/1428 2773/2773/1427 
f 2158/2158/896 2773/2773/1427 2772/2772/1426 2160/2160/898 
f 2773/2773/1427 2774/2774/1428 2769/2769/1423 2772/2772/1426 
f 2752/2752/1406 1517/1517/416 1539/1539/304 2775/2775/1429 
f 2775/2775/1429 1539/1539/304 1537/1537/302 2768/2768/1422 
f 2754/2754/1408 2752/2752/1406 2775/2775/1429 2774/2774/1428 
f 2774/2774/1428 2775/2775/1429 2768/2768/1422 2769/2769/1423 
f 1549/1549/318 2776/2776/1430 2777/2777/1431 1550/1550/319 
f 2776/2776/1430 2778/2778/1432 2779/2779/1433 2777/2777/1431 
f 1550/1550/319 2777/2777/1431 2780/2780/1434 1553/1553/427 
f 2777/2777/1431 2779/2779/1433 2781/2781/1435 2780/2780/1434 
f 2782/2782/1436 2185/2185/919 2184/2184/918 2783/2783/1437 
f 2783/2783/1437 2184/2184/918 2180/2180/914 2784/2784/1438 
f 2778/2778/1432 2782/2782/1436 2783/2783/1437 2779/2779/1433 
f 2779/2779/1433 2783/2783/1437 2784/2784/1438 2781/2781/1435 
f 2165/2165/903 2770/2770/1424 2785/2785/1439 2178/2178/912 
f 2770/2770/1424 2766/2766/1420 2786/2786/1440 2785/2785/1439 
f 2178/2178/912 2785/2785/1439 2784/2784/1438 2180/2180/914 
f 2785/2785/1439 2786/2786/1440 2781/2781/1435 2784/2784/1438 
f 2764/2764/1418 1533/1533/424 1555/1555/428 2787/2787/1441 
f 2787/2787/1441 1555/1555/428 1553/1553/427 2780/2780/1434 
f 2766/2766/1420 2764/2764/1418 2787/2787/1441 2786/2786/1440 
f 2786/2786/1440 2787/2787/1441 2780/2780/1434 2781/2781/1435 
f 1565/1565/338 2788/2788/1442 2789/2789/1443 1566/1566/339 
f 2788/2788/1442 2790/2790/1444 2791/2791/1445 2789/2789/1443 
f 1566/1566/339 2789/2789/1443 2792/2792/1446 1569/1569/342 
f 2789/2789/1443 2791/2791/1445 2793/2793/1447 2792/2792/1446 
f 2794/2794/1448 2205/2205/935 2204/2204/934 2795/2795/1449 
f 2795/2795/1449 2204/2204/934 2200/2200/930 2796/2796/1450 
f 2790/2790/1444 2794/2794/1448 2795/2795/1449 2791/2791/1445 
f 2791/2791/1445 2795/2795/1449 2796/2796/1450 2793/2793/1447 
f 2185/2185/919 2782/2782/1436 2797/2797/1451 2198/2198/928 
f 2782/2782/1436 2778/2778/1432 2798/2798/1452 2797/2797/1451 
f 2198/2198/928 2797/2797/1451 2796/2796/1450 2200/2200/930 
f 2797/2797/1451 2798/2798/1452 2793/2793/1447 2796/2796/1450 
f 2776/2776/1430 1549/1549/318 1571/1571/344 2799/2799/1453 
f 2799/2799/1453 1571/1571/344 1569/1569/342 2792/2792/1446 
f 2778/2778/1432 2776/2776/1430 2799/2799/1453 2798/2798/1452 
f 2798/2798/1452 2799/2799/1453 2792/2792/1446 2793/2793/1447 
f 1314/1314/23 2606/2606/1260 2800/2800/1454 1579/1579/355 
f 2606/2606/1260 2604/2604/1258 2801/2801/1455 2800/2800/1454 
f 1579/1579/355 2800/2800/1454 2802/2802/1456 1581/1581/357 
f 2800/2800/1454 2801/2801/1455 2803/2803/1457 2802/2802/1456 
f 2602/2602/1256 1873/1873/664 2224/2224/950 2804/2804/1458 
f 2804/2804/1458 2224/2224/950 2220/2220/946 2805/2805/1459 
f 2604/2604/1258 2602/2602/1256 2804/2804/1458 2801/2801/1455 
f 2801/2801/1455 2804/2804/1458 2805/2805/1459 2803/2803/1457 
f 2205/2205/935 2794/2794/1448 2806/2806/1460 2218/2218/944 
f 2794/2794/1448 2790/2790/1444 2807/2807/1461 2806/2806/1460 
f 2218/2218/944 2806/2806/1460 2805/2805/1459 2220/2220/946 
f 2806/2806/1460 2807/2807/1461 2803/2803/1457 2805/2805/1459 
f 2788/2788/1442 1565/1565/338 1583/1583/359 2808/2808/1462 
f 2808/2808/1462 1583/1583/359 1581/1581/357 2802/2802/1456 
f 2790/2790/1444 2788/2788/1442 2808/2808/1462 2807/2807/1461 
f 2807/2807/1461 2808/2808/1462 2802/2802/1456 2803/2803/1457 
f 1888/1888/679 2809/2809/679 2810/2810/679 1889/1889/680 
f 2809/2809/679 2811/2811/679 2812/2812/684 2810/2810/679 
f 1889/1889/680 2810/2810/679 2813/2813/747 1892/1892/679 
f 2810/2810/679 2812/2812/684 2814/2814/679 2813/2813/747 
f 2815/2815/747 2816/2816/679 2817/2817/680 2818/2818/679 
f 2818/2818/679 2817/2817/680 2819/2819/747 2820/2820/679 
f 2811/2811/679 2815/2815/747 2818/2818/679 2812/2812/684 
f 2812/2812/684 2818/2818/679 2820/2820/679 2814/2814/679 
f 2821/2821/679 2822/2822/747 2823/2823/679 2824/2824/684 
f 2822/2822/747 2825/2825/679 2826/2826/680 2823/2823/679 
f 2824/2824/684 2823/2823/679 2820/2820/679 2819/2819/747 
f 2823/2823/679 2826/2826/680 2814/2814/679 2820/2820/679 
f 2827/2827/684 1895/1895/679 1894/1894/684 2828/2828/679 
f 2828/2828/679 1894/1894/684 1892/1892/679 2813/2813/747 
f 2825/2825/679 2827/2827/684 2828/2828/679 2826/2826/680 
f 2826/2826/680 2828/2828/679 2813/2813/747 2814/2814/679 
f 1910/1910/679 2829/2829/679 2830/2830/679 1911/1911/680 
f 2829/2829/679 2831/2831/679 2832/2832/684 2830/2830/679 
f 1911/1911/680 2830/2830/679 2833/2833/747 1914/1914/679 
f 2830/2830/679 2832/2832/684 2834/2834/679 2833/2833/747 
f 2835/2835/747 2836/2836/679 2837/2837/680 2838/2838/679 
f 2838/2838/679 2837/2837/680 2839/2839/747 2840/2840/679 
f 2831/2831/679 2835/2835/747 2838/2838/679 2832/2832/684 
f 2832/2832/684 2838/2838/679 2840/2840/679 2834/2834/679 
f 2816/2816/679 2815/2815/747 2841/2841/679 2842/2842/684 
f 2815/2815/747 2811/2811/679 2843/2843/680 2841/2841/679 
f 2842/2842/684 2841/2841/679 2840/2840/679 2839/2839/747 
f 2841/2841/679 2843/2843/680 2834/2834/679 2840/2840/679 
f 2809/2809/679 1888/1888/679 1916/1916/684 2844/2844/679 
f 2844/2844/679 1916/1916/684 1914/1914/679 2833/2833/747 
f 2811/2811/679 2809/2809/679 2844/2844/679 2843/2843/680 
f 2843/2843/680 2844/2844/679 2833/2833/747 2834/2834/679 
f 1930/1930/679 2845/2845/679 2846/2846/679 1931/1931/680 
f 2845/2845/679 2847/2847/679 2848/2848/684 2846/2846/679 
f 1931/1931/680 2846/2846/679 2849/2849/747 1934/1934/679 
f 2846/2846/679 2848/2848/684 2850/2850/679 2849/2849/747 
f 2851/2851/747 2852/2852/679 2853/2853/680 2854/2854/679 
f 2854/2854/679 2853/2853/680 2855/2855/747 2856/2856/679 
f 2847/2847/679 2851/2851/747 2854/2854/679 2848/2848/684 
f 2848/2848/684 2854/2854/679 2856/2856/679 2850/2850/679 
f 2836/2836/679 2835/2835/747 2857/2857/679 2858/2858/684 
f 2835/2835/747 2831/2831/679 2859/2859/680 2857/2857/679 
f 2858/2858/684 2857/2857/679 2856/2856/679 2855/2855/747 
f 2857/2857/679 2859/2859/680 2850/2850/679 2856/2856/679 
f 2829/2829/679 1910/1910/679 1936/1936/684 2860/2860/679 
f 2860/2860/679 1936/1936/684 1934/1934/679 2849/2849/747 
f 2831/2831/679 2829/2829/679 2860/2860/679 2859/2859/680 
f 2859/2859/680 2860/2860/679 2849/2849/747 2850/2850/679 
f 1950/1950/679 2861/2861/679 2862/2862/679 1951/1951/680 
f 2861/2861/679 2863/2863/679 2864/2864/684 2862/2862/679 
f 1951/1951/680 2862/2862/679 2865/2865/747 1954/1954/679 
f 2862/2862/679 2864/2864/684 2866/2866/679 2865/2865/747 
f 2867/2867/747 2868/2868/679 2869/2869/680 2870/2870/679 
f 2870/2870/679 2869/2869/680 2871/2871/747 2872/2872/679 
f 2863/2863/679 2867/2867/747 2870/2870/679 2864/2864/684 
f 2864/2864/684 2870/2870/679 2872/2872/679 2866/2866/679 
f 2852/2852/679 2851/2851/747 2873/2873/679 2874/2874/684 
f 2851/2851/747 2847/2847/679 2875/2875/680 2873/2873/679 
f 2874/2874/684 2873/2873/679 2872/2872/679 2871/2871/747 
f 2873/2873/679 2875/2875/680 2866/2866/679 2872/2872/679 
f 2845/2845/679 1930/1930/679 1956/1956/684 2876/2876/679 
f 2876/2876/679 1956/1956/684 1954/1954/679 2865/2865/747 
f 2847/2847/679 2845/2845/679 2876/2876/679 2875/2875/680 
f 2875/2875/680 2876/2876/679 2865/2865/747 2866/2866/679 
f 1970/1970/679 2877/2877/680 2878/2878/679 1971/1971/747 
f 2877/2877/680 2879/2879/680 2880/2880/679 2878/2878/679 
f 1971/1971/747 2878/2878/679 2881/2881/684 1974/1974/680 
f 2878/2878/679 2880/2880/679 2882/2882/679 2881/2881/684 
f 2883/2883/684 2884/2884/679 2885/2885/747 2886/2886/679 
f 2886/2886/679 2885/2885/747 2887/2887/684 2888/2888/679 
f 2879/2879/680 2883/2883/684 2886/2886/679 2880/2880/679 
f 2880/2880/679 2886/2886/679 2888/2888/679 2882/2882/679 
f 2868/2868/679 2867/2867/747 2889/2889/679 2890/2890/684 
f 2867/2867/747 2863/2863/679 2891/2891/680 2889/2889/679 
f 2890/2890/684 2889/2889/679 2888/2888/679 2887/2887/684 
f 2889/2889/679 2891/2891/680 2882/2882/679 2888/2888/679 
f 2861/2861/679 1950/1950/679 1976/1976/684 2892/2892/679 
f 2892/2892/679 1976/1976/684 1974/1974/680 2881/2881/684 
f 2863/2863/679 2861/2861/679 2892/2892/679 2891/2891/680 
f 2891/2891/680 2892/2892/679 2881/2881/684 2882/2882/679 
f 1990/1990/679 2893/2893/680 2894/2894/679 1991/1991/747 
f 2893/2893/680 2895/2895/680 2896/2896/679 2894/2894/679 
f 1991/1991/747 2894/2894/679 2897/2897/684 1994/1994/680 
f 2894/2894/679 2896/2896/679 2898/2898/679 2897/2897/684 
f 2899/2899/684 2900/2900/679 2901/2901/747 2902/2902/679 
f 2902/2902/679 2901/2901/747 2903/2903/684 2904/2904/680 
f 2895/2895/680 2899/2899/684 2902/2902/679 2896/2896/679 
f 2896/2896/679 2902/2902/679 2904/2904/680 2898/2898/679 
f 2884/2884/679 2883/2883/684 2905/2905/679 2906/2906/679 
f 2883/2883/684 2879/2879/680 2907/2907/747 2905/2905/679 
f 2906/2906/679 2905/2905/679 2904/2904/680 2903/2903/684 
f 2905/2905/679 2907/2907/747 2898/2898/679 2904/2904/680 
f 2877/2877/680 1970/1970/679 1996/1996/679 2908/2908/679 
f 2908/2908/679 1996/1996/679 1994/1994/680 2897/2897/684 
f 2879/2879/680 2877/2877/680 2908/2908/679 2907/2907/747 
f 2907/2907/747 2908/2908/679 2897/2897/684 2898/2898/679 
f 2010/2010/679 2909/2909/680 2910/2910/679 2011/2011/747 
f 2909/2909/680 2911/2911/680 2912/2912/679 2910/2910/679 
f 2011/2011/747 2910/2910/679 2913/2913/684 2014/2014/680 
f 2910/2910/679 2912/2912/679 2914/2914/679 2913/2913/684 
f 2915/2915/684 2916/2916/679 2917/2917/747 2918/2918/679 
f 2918/2918/679 2917/2917/747 2919/2919/684 2920/2920/680 
f 2911/2911/680 2915/2915/684 2918/2918/679 2912/2912/679 
f 2912/2912/679 2918/2918/679 2920/2920/680 2914/2914/679 
f 2900/2900/679 2899/2899/684 2921/2921/679 2922/2922/679 
f 2899/2899/684 2895/2895/680 2923/2923/747 2921/2921/679 
f 2922/2922/679 2921/2921/679 2920/2920/680 2919/2919/684 
f 2921/2921/679 2923/2923/747 2914/2914/679 2920/2920/680 
f 2893/2893/680 1990/1990/679 2016/2016/679 2924/2924/679 
f 2924/2924/679 2016/2016/679 2014/2014/680 2913/2913/684 
f 2895/2895/680 2893/2893/680 2924/2924/679 2923/2923/747 
f 2923/2923/747 2924/2924/679 2913/2913/684 2914/2914/679 
f 2030/2030/679 2925/2925/680 2926/2926/679 2031/2031/747 
f 2925/2925/680 2927/2927/680 2928/2928/679 2926/2926/679 
f 2031/2031/747 2926/2926/679 2929/2929/684 2034/2034/680 
f 2926/2926/679 2928/2928/679 2930/2930/679 2929/2929/684 
f 2931/2931/684 2932/2932/679 2933/2933/747 2934/2934/679 
f 2934/2934/679 2933/2933/747 2935/2935/684 2936/2936/680 
f 2927/2927/680 2931/2931/684 2934/2934/679 2928/2928/679 
f 2928/2928/679 2934/2934/679 2936/2936/680 2930/2930/679 
f 2916/2916/679 2915/2915/684 2937/2937/679 2938/2938/679 
f 2915/2915/684 2911/2911/680 2939/2939/747 2937/2937/679 
f 2938/4817/679 2937/4774/679 2936/2936/680 2935/2935/684 
f 2937/4774/679 2939/4806/747 2930/2930/679 2936/2936/680 
f 2909/2909/680 2010/2010/679 2036/2036/679 2940/2940/679 
f 2940/4815/679 2036/4814/679 2034/2034/680 2929/2929/684 
f 2911/2911/680 2909/2909/680 2940/2940/679 2939/2939/747 
f 2939/4806/747 2940/4815/679 2929/2929/684 2930/2930/679 
f 2050/2050/679 2941/2941/680 2942/2942/679 2051/2051/747 
f 2941/2941/680 2943/2943/747 2944/2944/679 2942/2942/679 
f 2051/2051/747 2942/2942/679 2945/2945/684 2054/2054/680 
f 2942/2942/679 2944/2944/679 2946/2946/679 2945/2945/684 
f 2947/2947/679 2948/2948/679 2949/2949/747 2950/2950/679 
f 2950/2950/679 2949/2949/747 2951/2951/684 2952/2952/680 
f 2943/2943/747 2947/2947/679 2950/2950/679 2944/2944/679 
f 2944/2944/679 2950/2950/679 2952/2952/680 2946/2946/679 
f 2932/2932/679 2931/2931/684 2953/2953/679 2954/2954/679 
f 2931/2931/684 2927/2927/680 2955/2955/747 2953/2953/679 
f 2954/2954/679 2953/2953/679 2952/2952/680 2951/2951/684 
f 2953/2953/679 2955/2955/747 2946/2946/679 2952/2952/680 
f 2925/2925/680 2030/2030/679 2056/2056/679 2956/2956/679 
f 2956/2956/679 2056/2056/679 2054/2054/680 2945/2945/684 
f 2927/2927/680 2925/2925/680 2956/2956/679 2955/2955/747 
f 2955/2955/747 2956/2956/679 2945/2945/684 2946/2946/679 
f 2070/2070/679 2957/2957/747 2958/2958/679 2071/2071/684 
f 2957/2957/747 2959/2959/747 2960/2960/680 2958/2958/679 
f 2071/2071/684 2958/2958/679 2961/2961/679 2074/2074/747 
f 2958/2958/679 2960/2960/680 2962/2962/679 2961/2961/679 
f 2963/2963/679 2964/2964/679 2965/2965/684 2966/2966/679 
f 2966/2966/679 2965/2965/684 2967/2967/679 2968/2968/747 
f 2959/2959/747 2963/2963/679 2966/2966/679 2960/2960/680 
f 2960/2960/680 2966/2966/679 2968/2968/747 2962/2962/679 
f 2948/2948/679 2947/2947/679 2969/2969/679 2970/2970/680 
f 2947/2947/679 2943/2943/747 2971/2971/684 2969/2969/679 
f 2970/2970/680 2969/2969/679 2968/2968/747 2967/2967/679 
f 2969/2969/679 2971/2971/684 2962/2962/679 2968/2968/747 
f 2941/2941/680 2050/2050/679 2076/2076/680 2972/2972/679 
f 2972/2972/679 2076/2076/680 2074/2074/747 2961/2961/679 
f 2943/2943/747 2941/2941/680 2972/2972/679 2971/2971/684 
f 2971/2971/684 2972/2972/679 2961/2961/679 2962/2962/679 
f 2090/2090/679 2973/2973/747 2974/2974/679 2091/2091/684 
f 2973/2973/747 2975/2975/747 2976/2976/680 2974/2974/679 
f 2091/2091/684 2974/2974/679 2977/2977/679 2094/2094/747 
f 2974/2974/679 2976/2976/680 2978/2978/679 2977/2977/679 
f 2979/2979/679 2980/2980/679 2981/2981/684 2982/2982/679 
f 2982/2982/679 2981/2981/684 2983/2983/679 2984/2984/747 
f 2975/2975/747 2979/2979/679 2982/2982/679 2976/2976/680 
f 2976/2976/680 2982/2982/679 2984/2984/747 2978/2978/679 
f 2964/2964/679 2963/2963/679 2985/2985/679 2986/2986/680 
f 2963/2963/679 2959/2959/747 2987/2987/684 2985/2985/679 
f 2986/2986/680 2985/2985/679 2984/2984/747 2983/2983/679 
f 2985/2985/679 2987/2987/684 2978/2978/679 2984/2984/747 
f 2957/2957/747 2070/2070/679 2096/2096/680 2988/2988/679 
f 2988/2988/679 2096/2096/680 2094/2094/747 2977/2977/679 
f 2959/2959/747 2957/2957/747 2988/2988/679 2987/2987/684 
f 2987/2987/684 2988/2988/679 2977/2977/679 2978/2978/679 
f 2110/2110/679 2989/2989/747 2990/2990/679 2111/2111/684 
f 2989/2989/747 2991/2991/747 2992/2992/680 2990/2990/679 
f 2111/2111/684 2990/2990/679 2993/2993/679 2114/2114/747 
f 2990/2990/679 2992/2992/680 2994/2994/679 2993/2993/679 
f 2995/2995/679 2996/2996/679 2997/2997/684 2998/2998/679 
f 2998/2998/679 2997/2997/684 2999/2999/679 3000/3000/747 
f 2991/2991/747 2995/2995/679 2998/2998/679 2992/2992/680 
f 2992/2992/680 2998/2998/679 3000/3000/747 2994/2994/679 
f 2980/2980/679 2979/2979/679 3001/3001/679 3002/3002/680 
f 2979/2979/679 2975/2975/747 3003/3003/684 3001/3001/679 
f 3002/3002/680 3001/3001/679 3000/3000/747 2999/2999/679 
f 3001/3001/679 3003/3003/684 2994/2994/679 3000/3000/747 
f 2973/2973/747 2090/2090/679 2116/2116/680 3004/3004/679 
f 3004/3004/679 2116/2116/680 2114/2114/747 2993/2993/679 
f 2975/2975/747 2973/2973/747 3004/3004/679 3003/3003/684 
f 3003/3003/684 3004/3004/679 2993/2993/679 2994/2994/679 
f 2130/2130/679 3005/3005/747 3006/3006/679 2131/2131/684 
f 3005/3005/747 3007/3007/747 3008/3008/680 3006/3006/679 
f 2131/2131/684 3006/3006/679 3009/3009/679 2134/2134/747 
f 3006/3006/679 3008/3008/680 3010/3010/679 3009/3009/679 
f 3011/3011/679 3012/3012/679 3013/3013/684 3014/3014/679 
f 3014/3014/679 3013/3013/684 3015/3015/679 3016/3016/747 
f 3007/3007/747 3011/3011/679 3014/3014/679 3008/3008/680 
f 3008/3008/680 3014/3014/679 3016/3016/747 3010/3010/679 
f 2996/2996/679 2995/2995/679 3017/3017/679 3018/3018/680 
f 2995/2995/679 2991/2991/747 3019/3019/684 3017/3017/679 
f 3018/3018/680 3017/3017/679 3016/3016/747 3015/3015/679 
f 3017/3017/679 3019/3019/684 3010/3010/679 3016/3016/747 
f 2989/2989/747 2110/2110/679 2136/2136/680 3020/3020/679 
f 3020/3020/679 2136/2136/680 2134/2134/747 3009/3009/679 
f 2991/2991/747 2989/2989/747 3020/3020/679 3019/3019/684 
f 3019/3019/684 3020/3020/679 3009/3009/679 3010/3010/679 
f 2150/2150/679 3021/3021/684 3022/3022/679 2151/2151/679 
f 3021/3021/684 3023/3023/684 3024/3024/747 3022/3022/679 
f 2151/2151/679 3022/3022/679 3025/3025/679 2154/2154/747 
f 3022/3022/679 3024/3024/747 3026/3026/679 3025/3025/679 
f 3027/3027/680 3028/3028/679 3029/3029/679 3030/3030/679 
f 3030/3030/679 3029/3029/679 3031/3031/679 3032/3032/747 
f 3023/3023/684 3027/3027/680 3030/3030/679 3024/3024/747 
f 3024/3024/747 3030/3030/679 3032/3032/747 3026/3026/679 
f 3012/3012/679 3011/3011/679 3033/3033/679 3034/3034/680 
f 3011/3011/679 3007/3007/747 3035/3035/684 3033/3033/679 
f 3034/3034/680 3033/3033/679 3032/3032/747 3031/3031/679 
f 3033/3033/679 3035/3035/684 3026/3026/679 3032/3032/747 
f 3005/3005/747 2130/2130/679 2156/2156/680 3036/3036/679 
f 3036/3036/679 2156/2156/680 2154/2154/747 3025/3025/679 
f 3007/3007/747 3005/3005/747 3036/3036/679 3035/3035/684 
f 3035/3035/684 3036/3036/679 3025/3025/679 3026/3026/679 
f 2170/2170/679 3037/3037/684 3038/3038/679 2171/2171/679 
f 3037/3037/684 3039/3039/684 3040/3040/747 3038/3038/679 
f 2171/2171/679 3038/3038/679 3041/3041/680 2174/2174/684 
f 3038/3038/679 3040/3040/747 3042/3042/679 3041/3041/680 
f 3043/3043/680 3044/3044/679 3045/3045/679 3046/3046/679 
f 3046/3046/679 3045/3045/679 3047/3047/680 3048/3048/684 
f 3039/3039/684 3043/3043/680 3046/3046/679 3040/3040/747 
f 3040/3040/747 3046/3046/679 3048/3048/684 3042/3042/679 
f 3028/3028/679 3027/3027/680 3049/3049/679 3050/3050/747 
f 3027/3027/680 3023/3023/684 3051/3051/679 3049/3049/679 
f 3050/3050/747 3049/3049/679 3048/3048/684 3047/3047/680 
f 3049/3049/679 3051/3051/679 3042/3042/679 3048/3048/684 
f 3021/3021/684 2150/2150/679 2176/2176/747 3052/3052/679 
f 3052/3052/679 2176/2176/747 2174/2174/684 3041/3041/680 
f 3023/3023/684 3021/3021/684 3052/3052/679 3051/3051/679 
f 3051/3051/679 3052/3052/679 3041/3041/680 3042/3042/679 
f 2190/2190/679 3053/3053/684 3054/3054/679 2191/2191/679 
f 3053/3053/684 3055/3055/684 3056/3056/747 3054/3054/679 
f 2191/2191/679 3054/3054/679 3057/3057/680 2194/2194/684 
f 3054/3054/679 3056/3056/747 3058/3058/679 3057/3057/680 
f 3059/3059/680 3060/3060/679 3061/3061/679 3062/3062/679 
f 3062/3062/679 3061/3061/679 3063/3063/680 3064/3064/684 
f 3055/3055/684 3059/3059/680 3062/3062/679 3056/3056/747 
f 3056/3056/747 3062/3062/679 3064/3064/684 3058/3058/679 
f 3044/3044/679 3043/3043/680 3065/3065/679 3066/3066/747 
f 3043/3043/680 3039/3039/684 3067/3067/679 3065/3065/679 
f 3066/3066/747 3065/3065/679 3064/3064/684 3063/3063/680 
f 3065/3065/679 3067/3067/679 3058/3058/679 3064/3064/684 
f 3037/3037/684 2170/2170/679 2196/2196/747 3068/3068/679 
f 3068/3068/679 2196/2196/747 2194/2194/684 3057/3057/680 
f 3039/3039/684 3037/3037/684 3068/3068/679 3067/3067/679 
f 3067/3067/679 3068/3068/679 3057/3057/680 3058/3058/679 
f 2210/2210/679 3069/3069/684 3070/3070/679 2211/2211/679 
f 3069/3069/684 3071/3071/684 3072/3072/747 3070/3070/679 
f 2211/2211/679 3070/3070/679 3073/3073/680 2214/2214/684 
f 3070/3070/679 3072/3072/747 3074/3074/679 3073/3073/680 
f 3075/3075/680 3076/3076/679 3077/3077/679 3078/3078/679 
f 3078/3078/679 3077/3077/679 3079/3079/680 3080/3080/684 
f 3071/3071/684 3075/3075/680 3078/3078/679 3072/3072/747 
f 3072/3072/747 3078/3078/679 3080/3080/684 3074/3074/679 
f 3060/3060/679 3059/3059/680 3081/3081/679 3082/3082/747 
f 3059/3059/680 3055/3055/684 3083/3083/679 3081/3081/679 
f 3082/3082/747 3081/3081/679 3080/3080/684 3079/3079/680 
f 3081/3081/679 3083/3083/679 3074/3074/679 3080/3080/684 
f 3053/3053/684 2190/2190/679 2216/2216/747 3084/3084/679 
f 3084/3084/679 2216/2216/747 2214/2214/684 3073/3073/680 
f 3055/3055/684 3053/3053/684 3084/3084/679 3083/3083/679 
f 3083/3083/679 3084/3084/679 3073/3073/680 3074/3074/679 
f 1895/1895/679 2827/2827/684 3085/3085/679 2227/2227/679 
f 2827/2827/684 2825/2825/679 3086/3086/747 3085/3085/679 
f 2227/2227/679 3085/3085/679 3087/3087/680 2229/2229/684 
f 3085/3085/679 3086/3086/747 3088/3088/679 3087/3087/680 
f 2822/2822/747 2821/2821/679 3089/3089/679 3090/3090/679 
f 3090/3090/679 3089/3089/679 3091/3091/680 3092/3092/684 
f 2825/2825/679 2822/2822/747 3090/3090/679 3086/3086/747 
f 3086/3086/747 3090/3090/679 3092/3092/684 3088/3088/679 
f 3076/3076/679 3075/3075/680 3093/3093/679 3094/3094/747 
f 3075/3075/680 3071/3071/684 3095/3095/679 3093/3093/679 
f 3094/3094/747 3093/3093/679 3092/3092/684 3091/3091/680 
f 3093/3093/679 3095/3095/679 3088/3088/679 3092/3092/684 
f 3069/3069/684 2210/2210/679 2231/2231/747 3096/3096/679 
f 3096/3096/679 2231/2231/747 2229/2229/684 3087/3087/680 
f 3071/3071/684 3069/3069/684 3096/3096/679 3095/3095/679 
f 3095/3095/679 3096/3096/679 3087/3087/680 3088/3088/679 
f 16/16/16 3097/3097/443 3098/3098/17 17/17/17 
f 3097/3097/443 3099/3099/16 3100/3100/17 3098/3098/17 
f 17/17/17 3098/3098/17 3101/3101/362 20/20/20 
f 3098/3098/17 3100/3100/17 3102/3102/20 3101/3101/362 
f 3103/3103/16 371/371/16 370/370/17 3104/3104/17 
f 3104/3104/17 370/370/17 365/365/20 3105/3105/362 
f 3099/3099/16 3103/3103/16 3104/3104/17 3100/3100/17 
f 3100/3100/17 3104/3104/17 3105/3105/362 3102/3102/20 
f 361/361/23 3106/3106/23 3107/3107/22 362/362/22 
f 3106/3106/23 3108/3108/364 3109/3109/363 3107/3107/22 
f 362/362/22 3107/3107/22 3105/3105/362 365/365/20 
f 3107/3107/22 3109/3109/363 3102/3102/20 3105/3105/362 
f 3110/3110/361 23/23/23 22/22/22 3111/3111/22 
f 3111/3111/22 22/22/22 20/20/20 3101/3101/362 
f 3108/3108/364 3110/3110/361 3111/3111/22 3109/3109/363 
f 3109/3109/363 3111/3111/22 3101/3101/362 3102/3102/20 
f 38/38/38 3112/3112/367 3113/3113/39 39/39/39 
f 3112/3112/367 3114/3114/38 3115/3115/39 3113/3113/39 
f 39/39/39 3113/3113/39 3116/3116/366 42/42/42 
f 3113/3113/39 3115/3115/39 3117/3117/366 3116/3116/366 
f 3118/3118/38 393/393/367 392/392/39 3119/3119/39 
f 3119/3119/39 392/392/39 388/388/42 3120/3120/42 
f 3114/3114/38 3118/3118/38 3119/3119/39 3115/3115/39 
f 3115/3115/39 3119/3119/39 3120/3120/42 3117/3117/366 
f 371/371/16 3103/3103/16 3121/3121/44 386/386/44 
f 3103/3103/16 3099/3099/16 3122/3122/44 3121/3121/44 
f 386/386/44 3121/3121/44 3120/3120/42 388/388/42 
f 3121/3121/44 3122/3122/44 3117/3117/366 3120/3120/42 
f 3097/3097/443 16/16/16 44/44/44 3123/3123/44 
f 3123/3123/44 44/44/44 42/42/42 3116/3116/366 
f 3099/3099/16 3097/3097/443 3123/3123/44 3122/3122/44 
f 3122/3122/44 3123/3123/44 3116/3116/366 3117/3117/366 
f 58/58/58 3124/3124/58 3125/3125/370 59/59/59 
f 3124/3124/58 3126/3126/58 3127/3127/370 3125/3125/370 
f 59/59/59 3125/3125/370 3128/3128/369 62/62/62 
f 3125/3125/370 3127/3127/370 3129/3129/369 3128/3128/369 
f 3130/3130/58 413/413/58 412/412/59 3131/3131/370 
f 3131/3131/370 412/412/59 408/408/62 3132/3132/369 
f 3126/3126/58 3130/3130/58 3131/3131/370 3127/3127/370 
f 3127/3127/370 3131/3131/370 3132/3132/369 3129/3129/369 
f 393/393/367 3118/3118/38 3133/3133/64 406/406/64 
f 3118/3118/38 3114/3114/38 3134/3134/64 3133/3133/64 
f 406/406/64 3133/3133/64 3132/3132/369 408/408/62 
f 3133/3133/64 3134/3134/64 3129/3129/369 3132/3132/369 
f 3112/3112/367 38/38/38 64/64/64 3135/3135/64 
f 3135/3135/64 64/64/64 62/62/62 3128/3128/369 
f 3114/3114/38 3112/3112/367 3135/3135/64 3134/3134/64 
f 3134/3134/64 3135/3135/64 3128/3128/369 3129/3129/369 
f 78/78/78 3136/3136/377 3137/3137/376 79/79/79 
f 3136/3136/377 3138/3138/375 3139/3139/376 3137/3137/376 
f 79/79/79 3137/3137/376 3140/3140/82 82/82/82 
f 3137/3137/376 3139/3139/376 3141/3141/374 3140/3140/82 
f 3142/3142/377 433/433/375 432/432/79 3143/3143/436 
f 3143/3143/436 432/432/79 428/428/82 3144/3144/374 
f 3138/3138/375 3142/3142/377 3143/3143/436 3139/3139/376 
f 3139/3139/376 3143/3143/436 3144/3144/374 3141/3141/374 
f 413/413/58 3130/3130/58 3145/3145/373 426/426/84 
f 3130/3130/58 3126/3126/58 3146/3146/373 3145/3145/373 
f 426/426/84 3145/3145/373 3144/3144/374 428/428/82 
f 3145/3145/373 3146/3146/373 3141/3141/374 3144/3144/374 
f 3124/3124/58 58/58/58 84/84/84 3147/3147/372 
f 3147/3147/372 84/84/84 82/82/82 3140/3140/82 
f 3126/3126/58 3124/3124/58 3147/3147/372 3146/3146/373 
f 3146/3146/373 3147/3147/372 3140/3140/82 3141/3141/374 
f 98/98/98 3148/3148/98 3149/3149/380 99/99/99 
f 3148/3148/98 3150/3150/98 3151/3151/380 3149/3149/380 
f 99/99/99 3149/3149/380 3152/3152/382 102/102/102 
f 3149/3149/380 3151/3151/380 3153/3153/102 3152/3152/382 
f 3154/3154/98 453/453/379 452/452/99 3155/3155/380 
f 3155/3155/380 452/452/99 448/448/102 3156/3156/381 
f 3150/3150/98 3154/3154/98 3155/3155/380 3151/3151/380 
f 3151/3151/380 3155/3155/380 3156/3156/381 3153/3153/102 
f 433/433/375 3142/3142/377 3157/3157/104 446/446/104 
f 3142/3142/377 3138/3138/375 3158/3158/378 3157/3157/104 
f 446/446/104 3157/3157/104 3156/3156/381 448/448/102 
f 3157/3157/104 3158/3158/378 3153/3153/102 3156/3156/381 
f 3136/3136/377 78/78/78 104/104/104 3159/3159/104 
f 3159/3159/104 104/104/104 102/102/102 3152/3152/382 
f 3138/3138/375 3136/3136/377 3159/3159/104 3158/3158/378 
f 3158/3158/378 3159/3159/104 3152/3152/382 3153/3153/102 
f 118/118/118 3160/3160/386 3161/3161/387 119/119/119 
f 3160/3160/386 3162/3162/386 3163/3163/442 3161/3161/387 
f 119/119/119 3161/3161/387 3164/3164/122 122/122/122 
f 3161/3161/387 3163/3163/442 3165/3165/384 3164/3164/122 
f 3166/3166/118 473/473/386 472/472/385 3167/3167/387 
f 3167/3167/387 472/472/385 468/468/122 3168/3168/384 
f 3162/3162/386 3166/3166/118 3167/3167/387 3163/3163/442 
f 3163/3163/442 3167/3167/387 3168/3168/384 3165/3165/384 
f 453/453/379 3154/3154/98 3169/3169/124 466/466/124 
f 3154/3154/98 3150/3150/98 3170/3170/383 3169/3169/124 
f 466/466/124 3169/3169/124 3168/3168/384 468/468/122 
f 3169/3169/124 3170/3170/383 3165/3165/384 3168/3168/384 
f 3148/3148/98 98/98/98 124/124/124 3171/3171/1463 
f 3171/3171/1463 124/124/124 122/122/122 3164/3164/122 
f 3150/3150/98 3148/3148/98 3171/3171/1463 3170/3170/383 
f 3170/3170/383 3171/3171/1463 3164/3164/122 3165/3165/384 
f 138/138/138 3172/3172/390 3173/3173/139 139/139/139 
f 3172/3172/390 3174/3174/138 3175/3175/391 3173/3173/139 
f 139/139/139 3173/3173/139 3176/3176/142 142/142/142 
f 3173/3173/139 3175/3175/391 3177/3177/389 3176/3176/142 
f 3178/3178/390 493/493/138 492/492/139 3179/3179/391 
f 3179/3179/391 492/492/139 488/488/142 3180/3180/389 
f 3174/3174/138 3178/3178/390 3179/3179/391 3175/3175/391 
f 3175/3175/391 3179/3179/391 3180/3180/389 3177/3177/389 
f 473/473/386 3166/3166/118 3181/3181/144 486/486/388 
f 3166/3166/118 3162/3162/386 3182/3182/388 3181/3181/144 
f 486/486/388 3181/3181/144 3180/3180/389 488/488/142 
f 3181/3181/144 3182/3182/388 3177/3177/389 3180/3180/389 
f 3160/3160/386 118/118/118 144/144/144 3183/3183/144 
f 3183/3183/144 144/144/144 142/142/142 3176/3176/142 
f 3162/3162/386 3160/3160/386 3183/3183/144 3182/3182/388 
f 3182/3182/388 3183/3183/144 3176/3176/142 3177/3177/389 
f 158/158/158 3184/3184/394 3185/3185/395 159/159/159 
f 3184/3184/394 3186/3186/158 3187/3187/159 3185/3185/395 
f 159/159/159 3185/3185/395 3188/3188/393 162/162/162 
f 3185/3185/395 3187/3187/159 3189/3189/162 3188/3188/393 
f 3190/3190/394 513/513/394 512/512/159 3191/3191/159 
f 3191/3191/159 512/512/159 508/508/162 3192/3192/162 
f 3186/3186/158 3190/3190/394 3191/3191/159 3187/3187/159 
f 3187/3187/159 3191/3191/159 3192/3192/162 3189/3189/162 
f 493/493/138 3178/3178/390 3193/3193/164 506/506/164 
f 3178/3178/390 3174/3174/138 3194/3194/164 3193/3193/164 
f 506/4784/164 3193/4795/164 3192/3192/162 508/508/162 
f 3193/4795/164 3194/4787/164 3189/3189/162 3192/3192/162 
f 3172/3172/390 138/138/138 164/164/164 3195/3195/164 
f 3195/4769/164 164/4767/164 162/162/162 3188/3188/393 
f 3174/3174/138 3172/3172/390 3195/3195/164 3194/3194/164 
f 3194/4787/164 3195/4769/164 3188/3188/393 3189/3189/162 
f 178/178/178 3196/3196/398 3197/3197/179 179/179/179 
f 3196/3196/398 3198/3198/178 3199/3199/179 3197/3197/179 
f 179/179/179 3197/3197/179 3200/3200/396 182/182/182 
f 3197/3197/179 3199/3199/179 3201/3201/397 3200/3200/396 
f 3202/3202/398 533/533/178 532/532/179 3203/3203/179 
f 3203/3203/179 532/532/179 528/528/182 3204/3204/397 
f 3198/3198/178 3202/3202/398 3203/3203/179 3199/3199/179 
f 3199/3199/179 3203/3203/179 3204/3204/397 3201/3201/397 
f 513/513/394 3190/3190/394 3205/3205/399 526/526/184 
f 3190/3190/394 3186/3186/158 3206/3206/399 3205/3205/399 
f 526/526/184 3205/3205/399 3204/3204/397 528/528/182 
f 3205/3205/399 3206/3206/399 3201/3201/397 3204/3204/397 
f 3184/3184/394 158/158/158 184/184/184 3207/3207/184 
f 3207/3207/184 184/184/184 182/182/182 3200/3200/396 
f 3186/3186/158 3184/3184/394 3207/3207/184 3206/3206/399 
f 3206/3206/399 3207/3207/184 3200/3200/396 3201/3201/397 
f 198/198/198 3208/3208/401 3209/3209/199 199/199/199 
f 3208/3208/401 3210/3210/198 3211/3211/199 3209/3209/199 
f 199/199/199 3209/3209/199 3212/3212/438 202/202/202 
f 3209/3209/199 3211/3211/199 3213/3213/202 3212/3212/438 
f 3214/3214/401 553/553/401 552/552/199 3215/3215/199 
f 3215/3215/199 552/552/199 548/548/202 3216/3216/400 
f 3210/3210/198 3214/3214/401 3215/3215/199 3211/3211/199 
f 3211/3211/199 3215/3215/199 3216/3216/400 3213/3213/202 
f 533/533/178 3202/3202/398 3217/3217/204 546/546/204 
f 3202/3202/398 3198/3198/178 3218/3218/204 3217/3217/204 
f 546/546/204 3217/3217/204 3216/3216/400 548/548/202 
f 3217/3217/204 3218/3218/204 3213/3213/202 3216/3216/400 
f 3196/3196/398 178/178/178 204/204/204 3219/3219/204 
f 3219/3219/204 204/204/204 202/202/202 3212/3212/438 
f 3198/3198/178 3196/3196/398 3219/3219/204 3218/3218/204 
f 3218/3218/204 3219/3219/204 3212/3212/438 3213/3213/202 
f 218/218/218 3220/3220/405 3221/3221/219 219/219/219 
f 3220/3220/405 3222/3222/405 3223/3223/219 3221/3221/219 
f 219/219/219 3221/3221/219 3224/3224/403 222/222/222 
f 3221/3221/219 3223/3223/219 3225/3225/403 3224/3224/403 
f 3226/3226/218 573/573/218 572/572/219 3227/3227/219 
f 3227/3227/219 572/572/219 568/568/222 3228/3228/222 
f 3222/3222/405 3226/3226/218 3227/3227/219 3223/3223/219 
f 3223/3223/219 3227/3227/219 3228/3228/222 3225/3225/403 
f 553/553/401 3214/3214/401 3229/3229/404 566/566/224 
f 3214/3214/401 3210/3210/198 3230/3230/404 3229/3229/404 
f 566/566/224 3229/3229/404 3228/3228/222 568/568/222 
f 3229/3229/404 3230/3230/404 3225/3225/403 3228/3228/222 
f 3208/3208/401 198/198/198 224/224/224 3231/3231/224 
f 3231/3231/224 224/224/224 222/222/222 3224/3224/403 
f 3210/3210/198 3208/3208/401 3231/3231/224 3230/3230/404 
f 3230/3230/404 3231/3231/224 3224/3224/403 3225/3225/403 
f 238/238/238 3232/3232/409 3233/3233/408 239/239/239 
f 3232/3232/409 3234/3234/238 3235/3235/408 3233/3233/408 
f 239/239/239 3233/3233/408 3236/3236/407 242/242/242 
f 3233/3233/408 3235/3235/408 3237/3237/242 3236/3236/407 
f 3238/3238/409 593/593/238 592/592/408 3239/3239/408 
f 3239/3239/408 592/592/408 588/588/242 3240/3240/242 
f 3234/3234/238 3238/3238/409 3239/3239/408 3235/3235/408 
f 3235/3235/408 3239/3239/408 3240/3240/242 3237/3237/242 
f 573/573/218 3226/3226/218 3241/3241/244 586/586/244 
f 3226/3226/218 3222/3222/405 3242/3242/406 3241/3241/244 
f 586/586/244 3241/3241/244 3240/3240/242 588/588/242 
f 3241/3241/244 3242/3242/406 3237/3237/242 3240/3240/242 
f 3220/3220/405 218/218/218 244/244/244 3243/3243/406 
f 3243/3243/406 244/244/244 242/242/242 3236/3236/407 
f 3222/3222/405 3220/3220/405 3243/3243/406 3242/3242/406 
f 3242/3242/406 3243/3243/406 3236/3236/407 3237/3237/242 
f 258/258/258 3244/3244/411 3245/3245/259 259/259/259 
f 3244/3244/411 3246/3246/412 3247/3247/413 3245/3245/259 
f 259/259/259 3245/3245/259 3248/3248/262 262/262/262 
f 3245/3245/259 3247/3247/413 3249/3249/262 3248/3248/262 
f 3250/3250/412 613/613/258 612/612/259 3251/3251/413 
f 3251/3251/413 612/612/259 608/608/262 3252/3252/262 
f 3246/3246/412 3250/3250/412 3251/3251/413 3247/3247/413 
f 3247/3247/413 3251/3251/413 3252/3252/262 3249/3249/262 
f 593/593/238 3238/3238/409 3253/3253/410 606/606/410 
f 3238/3238/409 3234/3234/238 3254/3254/264 3253/3253/410 
f 606/606/410 3253/3253/410 3252/3252/262 608/608/262 
f 3253/3253/410 3254/3254/264 3249/3249/262 3252/3252/262 
f 3232/3232/409 238/238/238 264/264/264 3255/3255/410 
f 3255/3255/410 264/264/264 262/262/262 3248/3248/262 
f 3234/3234/238 3232/3232/409 3255/3255/410 3254/3254/264 
f 3254/3254/264 3255/3255/410 3248/3248/262 3249/3249/262 
f 278/278/278 3256/3256/416 3257/3257/279 279/279/279 
f 3256/3256/416 3258/3258/418 3259/3259/279 3257/3257/279 
f 279/279/279 3257/3257/279 3260/3260/414 282/282/282 
f 3257/3257/279 3259/3259/279 3261/3261/282 3260/3260/414 
f 3262/3262/419 633/633/416 632/632/279 3263/3263/279 
f 3263/3263/279 632/632/279 628/628/282 3264/3264/420 
f 3258/3258/418 3262/3262/419 3263/3263/279 3259/3259/279 
f 3259/3259/279 3263/3263/279 3264/3264/420 3261/3261/282 
f 613/613/258 3250/3250/412 3265/3265/415 626/626/284 
f 3250/3250/412 3246/3246/412 3266/3266/415 3265/3265/415 
f 626/626/284 3265/3265/415 3264/3264/420 628/628/282 
f 3265/3265/415 3266/3266/415 3261/3261/282 3264/3264/420 
f 3244/3244/411 258/258/258 284/284/284 3267/3267/284 
f 3267/3267/284 284/284/284 282/282/282 3260/3260/414 
f 3246/3246/412 3244/3244/411 3267/3267/284 3266/3266/415 
f 3266/3266/415 3267/3267/284 3260/3260/414 3261/3261/282 
f 298/298/298 3268/3268/298 3269/3269/423 299/299/299 
f 3268/3268/298 3270/3270/424 3271/3271/423 3269/3269/423 
f 299/299/299 3269/3269/423 3272/3272/422 302/302/302 
f 3269/3269/423 3271/3271/423 3273/3273/422 3272/3272/422 
f 3274/3274/424 653/653/298 652/652/299 3275/3275/425 
f 3275/3275/425 652/652/299 648/648/422 3276/3276/422 
f 3270/3270/424 3274/3274/424 3275/3275/425 3271/3271/423 
f 3271/3271/423 3275/3275/425 3276/3276/422 3273/3273/422 
f 633/633/416 3262/3262/419 3277/3277/421 646/646/421 
f 3262/3262/419 3258/3258/418 3278/3278/421 3277/3277/421 
f 646/646/421 3277/3277/421 3276/3276/422 648/648/422 
f 3277/3277/421 3278/3278/421 3273/3273/422 3276/3276/422 
f 3256/3256/416 278/278/278 304/304/304 3279/3279/304 
f 3279/3279/304 304/304/304 302/302/302 3272/3272/422 
f 3258/3258/418 3256/3256/416 3279/3279/304 3278/3278/421 
f 3278/3278/421 3279/3279/304 3272/3272/422 3273/3273/422 
f 318/318/318 3280/3280/318 3281/3281/319 319/319/319 
f 3280/3280/318 3282/3282/318 3283/3283/319 3281/3281/319 
f 319/319/319 3281/3281/319 3284/3284/322 322/322/322 
f 3281/3281/319 3283/3283/319 3285/3285/322 3284/3284/322 
f 3286/3286/318 673/673/430 672/672/429 3287/3287/429 
f 3287/3287/429 672/672/429 668/668/427 3288/3288/427 
f 3282/3282/318 3286/3286/318 3287/3287/429 3283/3283/319 
f 3283/3283/319 3287/3287/429 3288/3288/427 3285/3285/322 
f 653/653/298 3274/3274/424 3289/3289/1464 666/666/426 
f 3274/3274/424 3270/3270/424 3290/3290/428 3289/3289/1464 
f 666/666/426 3289/3289/1464 3288/3288/427 668/668/427 
f 3289/3289/1464 3290/3290/428 3285/3285/322 3288/3288/427 
f 3268/3268/298 298/298/298 324/324/324 3291/3291/426 
f 3291/3291/426 324/324/324 322/322/322 3284/3284/322 
f 3270/3270/424 3268/3268/298 3291/3291/426 3290/3290/428 
f 3290/3290/428 3291/3291/426 3284/3284/322 3285/3285/322 
f 338/338/338 3292/3292/338 3293/3293/339 339/339/339 
f 3292/3292/338 3294/3294/338 3295/3295/339 3293/3293/339 
f 339/339/339 3293/3293/339 3296/3296/342 342/342/342 
f 3293/3293/339 3295/3295/339 3297/3297/342 3296/3296/342 
f 3298/3298/432 693/693/338 692/692/339 3299/3299/339 
f 3299/3299/339 692/692/339 688/688/342 3300/3300/342 
f 3294/3294/338 3298/3298/432 3299/3299/339 3295/3295/339 
f 3295/3295/339 3299/3299/339 3300/3300/342 3297/3297/342 
f 673/673/430 3286/3286/318 3301/3301/344 686/686/344 
f 3286/3286/318 3282/3282/318 3302/3302/344 3301/3301/344 
f 686/686/344 3301/3301/344 3300/3300/342 688/688/342 
f 3301/3301/344 3302/3302/344 3297/3297/342 3300/3300/342 
f 3280/3280/318 318/318/318 344/344/344 3303/3303/344 
f 3303/3303/344 344/344/344 342/342/342 3296/3296/342 
f 3282/3282/318 3280/3280/318 3303/3303/344 3302/3302/344 
f 3302/3302/344 3303/3303/344 3296/3296/342 3297/3297/342 
f 23/23/23 3110/3110/361 3304/3304/355 355/355/355 
f 3110/3110/361 3108/3108/364 3305/3305/355 3304/3304/355 
f 355/355/355 3304/3304/355 3306/3306/357 357/357/357 
f 3304/3304/355 3305/3305/355 3307/3307/357 3306/3306/357 
f 3106/3106/23 361/361/23 712/712/355 3308/3308/355 
f 3308/3308/355 712/712/355 708/708/357 3309/3309/357 
f 3108/3108/364 3106/3106/23 3308/3308/355 3305/3305/355 
f 3305/3305/355 3308/3308/355 3309/3309/357 3307/3307/357 
f 693/693/338 3298/3298/432 3310/3310/434 706/706/434 
f 3298/3298/432 3294/3294/338 3311/3311/434 3310/3310/434 
f 706/706/434 3310/3310/434 3309/3309/357 708/708/357 
f 3310/3310/434 3311/3311/434 3307/3307/357 3309/3309/357 
f 3292/3292/338 338/338/338 359/359/359 3312/3312/359 
f 3312/3312/359 359/359/359 357/357/357 3306/3306/357 
f 3294/3294/338 3292/3292/338 3312/3312/359 3311/3311/434 
f 3311/3311/434 3312/3312/359 3306/3306/357 3307/3307/357 
f 1595/1595/457 3313/3313/457 3314/3314/457 1596/1596/457 
f 3313/3313/457 3315/3315/457 3316/3316/457 3314/3314/457 
f 1596/1596/457 3314/3314/457 3317/3317/457 1599/1599/457 
f 3314/3314/457 3316/3316/457 3318/3318/457 3317/3317/457 
f 3319/3319/457 3320/3320/457 3321/3321/457 3322/3322/457 
f 3322/3322/457 3321/3321/457 3323/3323/457 3324/3324/457 
f 3315/3315/457 3319/3319/457 3322/3322/457 3316/3316/457 
f 3316/3316/457 3322/3322/457 3324/3324/457 3318/3318/457 
f 3325/3325/457 3326/3326/457 3327/3327/457 3328/3328/457 
f 3326/3326/457 3329/3329/457 3330/3330/457 3327/3327/457 
f 3328/3328/457 3327/3327/457 3324/3324/457 3323/3323/457 
f 3327/3327/457 3330/3330/457 3318/3318/457 3324/3324/457 
f 3331/3331/457 1602/1602/457 1601/1601/457 3332/3332/457 
f 3332/3332/457 1601/1601/457 1599/1599/457 3317/3317/457 
f 3329/3329/457 3331/3331/457 3332/3332/457 3330/3330/457 
f 3330/3330/457 3332/3332/457 3317/3317/457 3318/3318/457 
f 1613/1613/457 3333/3333/457 3334/3334/457 1614/1614/457 
f 3333/3333/457 3335/3335/457 3336/3336/457 3334/3334/457 
f 1614/1614/457 3334/3334/457 3337/3337/457 1617/1617/457 
f 3334/3334/457 3336/3336/457 3338/3338/457 3337/3337/457 
f 3339/3339/457 3340/3340/457 3341/3341/457 3342/3342/457 
f 3342/3342/457 3341/3341/457 3343/3343/457 3344/3344/457 
f 3335/3335/457 3339/3339/457 3342/3342/457 3336/3336/457 
f 3336/3336/457 3342/3342/457 3344/3344/457 3338/3338/457 
f 3320/3320/457 3319/3319/457 3345/3345/457 3346/3346/457 
f 3319/3319/457 3315/3315/457 3347/3347/457 3345/3345/457 
f 3346/3346/457 3345/3345/457 3344/3344/457 3343/3343/457 
f 3345/3345/457 3347/3347/457 3338/3338/457 3344/3344/457 
f 3313/3313/457 1595/1595/457 1619/1619/457 3348/3348/457 
f 3348/3348/457 1619/1619/457 1617/1617/457 3337/3337/457 
f 3315/3315/457 3313/3313/457 3348/3348/457 3347/3347/457 
f 3347/3347/457 3348/3348/457 3337/3337/457 3338/3338/457 
f 1629/1629/457 3349/3349/457 3350/3350/457 1630/1630/457 
f 3349/3349/457 3351/3351/457 3352/3352/457 3350/3350/457 
f 1630/1630/457 3350/3350/457 3353/3353/457 1633/1633/457 
f 3350/3350/457 3352/3352/457 3354/3354/457 3353/3353/457 
f 3355/3355/457 3356/3356/457 3357/3357/457 3358/3358/457 
f 3358/3358/457 3357/3357/457 3359/3359/457 3360/3360/457 
f 3351/3351/457 3355/3355/457 3358/3358/457 3352/3352/457 
f 3352/3352/457 3358/3358/457 3360/3360/457 3354/3354/457 
f 3340/3340/457 3339/3339/457 3361/3361/457 3362/3362/457 
f 3339/3339/457 3335/3335/457 3363/3363/457 3361/3361/457 
f 3362/3362/457 3361/3361/457 3360/3360/457 3359/3359/457 
f 3361/3361/457 3363/3363/457 3354/3354/457 3360/3360/457 
f 3333/3333/457 1613/1613/457 1635/1635/457 3364/3364/457 
f 3364/3364/457 1635/1635/457 1633/1633/457 3353/3353/457 
f 3335/3335/457 3333/3333/457 3364/3364/457 3363/3363/457 
f 3363/3363/457 3364/3364/457 3353/3353/457 3354/3354/457 
f 1645/1645/457 3365/3365/457 3366/3366/457 1646/1646/457 
f 3365/3365/457 3367/3367/457 3368/3368/457 3366/3366/457 
f 1646/1646/457 3366/3366/457 3369/3369/457 1649/1649/457 
f 3366/3366/457 3368/3368/457 3370/3370/457 3369/3369/457 
f 3371/3371/457 3372/3372/457 3373/3373/457 3374/3374/457 
f 3374/3374/457 3373/3373/457 3375/3375/457 3376/3376/457 
f 3367/3367/457 3371/3371/457 3374/3374/457 3368/3368/457 
f 3368/3368/457 3374/3374/457 3376/3376/457 3370/3370/457 
f 3356/3356/457 3355/3355/457 3377/3377/457 3378/3378/457 
f 3355/3355/457 3351/3351/457 3379/3379/457 3377/3377/457 
f 3378/3378/457 3377/3377/457 3376/3376/457 3375/3375/457 
f 3377/3377/457 3379/3379/457 3370/3370/457 3376/3376/457 
f 3349/3349/457 1629/1629/457 1651/1651/457 3380/3380/457 
f 3380/3380/457 1651/1651/457 1649/1649/457 3369/3369/457 
f 3351/3351/457 3349/3349/457 3380/3380/457 3379/3379/457 
f 3379/3379/457 3380/3380/457 3369/3369/457 3370/3370/457 
f 1661/1661/457 3381/3381/457 3382/3382/457 1662/1662/457 
f 3381/3381/457 3383/3383/457 3384/3384/457 3382/3382/457 
f 1662/1662/457 3382/3382/457 3385/3385/457 1665/1665/457 
f 3382/3382/457 3384/3384/457 3386/3386/457 3385/3385/457 
f 3387/3387/457 3388/3388/457 3389/3389/457 3390/3390/457 
f 3390/3390/457 3389/3389/457 3391/3391/457 3392/3392/457 
f 3383/3383/457 3387/3387/457 3390/3390/457 3384/3384/457 
f 3384/3384/457 3390/3390/457 3392/3392/457 3386/3386/457 
f 3372/3372/457 3371/3371/457 3393/3393/457 3394/3394/457 
f 3371/3371/457 3367/3367/457 3395/3395/457 3393/3393/457 
f 3394/3394/457 3393/3393/457 3392/3392/457 3391/3391/457 
f 3393/3393/457 3395/3395/457 3386/3386/457 3392/3392/457 
f 3365/3365/457 1645/1645/457 1667/1667/457 3396/3396/457 
f 3396/3396/457 1667/1667/457 1665/1665/457 3385/3385/457 
f 3367/3367/457 3365/3365/457 3396/3396/457 3395/3395/457 
f 3395/3395/457 3396/3396/457 3385/3385/457 3386/3386/457 
f 1677/1677/457 3397/3397/457 3398/3398/457 1678/1678/457 
f 3397/3397/457 3399/3399/457 3400/3400/457 3398/3398/457 
f 1678/1678/457 3398/3398/457 3401/3401/457 1681/1681/457 
f 3398/3398/457 3400/3400/457 3402/3402/457 3401/3401/457 
f 3403/3403/457 3404/3404/457 3405/3405/457 3406/3406/457 
f 3406/3406/457 3405/3405/457 3407/3407/457 3408/3408/457 
f 3399/3399/457 3403/3403/457 3406/3406/457 3400/3400/457 
f 3400/3400/457 3406/3406/457 3408/3408/457 3402/3402/457 
f 3388/3388/457 3387/3387/457 3409/3409/457 3410/3410/457 
f 3387/3387/457 3383/3383/457 3411/3411/457 3409/3409/457 
f 3410/3410/457 3409/3409/457 3408/3408/457 3407/3407/457 
f 3409/3409/457 3411/3411/457 3402/3402/457 3408/3408/457 
f 3381/3381/457 1661/1661/457 1683/1683/457 3412/3412/457 
f 3412/3412/457 1683/1683/457 1681/1681/457 3401/3401/457 
f 3383/3383/457 3381/3381/457 3412/3412/457 3411/3411/457 
f 3411/3411/457 3412/3412/457 3401/3401/457 3402/3402/457 
f 1693/1693/457 3413/3413/457 3414/3414/457 1694/1694/457 
f 3413/3413/457 3415/3415/457 3416/3416/457 3414/3414/457 
f 1694/1694/457 3414/3414/457 3417/3417/457 1697/1697/457 
f 3414/3414/457 3416/3416/457 3418/3418/457 3417/3417/457 
f 3419/3419/457 3420/3420/457 3421/3421/457 3422/3422/457 
f 3422/3422/457 3421/3421/457 3423/3423/457 3424/3424/457 
f 3415/3415/457 3419/3419/457 3422/3422/457 3416/3416/457 
f 3416/3416/457 3422/3422/457 3424/3424/457 3418/3418/457 
f 3404/3404/457 3403/3403/457 3425/3425/457 3426/3426/457 
f 3403/3403/457 3399/3399/457 3427/3427/457 3425/3425/457 
f 3426/3426/457 3425/3425/457 3424/3424/457 3423/3423/457 
f 3425/3425/457 3427/3427/457 3418/3418/457 3424/3424/457 
f 3397/3397/457 1677/1677/457 1699/1699/457 3428/3428/457 
f 3428/3428/457 1699/1699/457 1697/1697/457 3417/3417/457 
f 3399/3399/457 3397/3397/457 3428/3428/457 3427/3427/457 
f 3427/3427/457 3428/3428/457 3417/3417/457 3418/3418/457 
f 1709/1709/457 3429/3429/457 3430/3430/457 1710/1710/457 
f 3429/3429/457 3431/3431/457 3432/3432/457 3430/3430/457 
f 1710/1710/457 3430/3430/457 3433/3433/457 1713/1713/457 
f 3430/3430/457 3432/3432/457 3434/3434/457 3433/3433/457 
f 3435/3435/457 3436/3436/457 3437/3437/457 3438/3438/457 
f 3438/3438/457 3437/3437/457 3439/3439/457 3440/3440/457 
f 3431/3431/457 3435/3435/457 3438/3438/457 3432/3432/457 
f 3432/3432/457 3438/3438/457 3440/3440/457 3434/3434/457 
f 3420/3420/457 3419/3419/457 3441/3441/457 3442/3442/457 
f 3419/3419/457 3415/3415/457 3443/3443/457 3441/3441/457 
f 3442/3442/457 3441/3441/457 3440/3440/457 3439/3439/457 
f 3441/3441/457 3443/3443/457 3434/3434/457 3440/3440/457 
f 3413/3413/457 1693/1693/457 1715/1715/457 3444/3444/457 
f 3444/3444/457 1715/1715/457 1713/1713/457 3433/3433/457 
f 3415/3415/457 3413/3413/457 3444/3444/457 3443/3443/457 
f 3443/3443/457 3444/3444/457 3433/3433/457 3434/3434/457 
f 1725/1725/457 3445/3445/457 3446/3446/457 1726/1726/457 
f 3445/3445/457 3447/3447/457 3448/3448/457 3446/3446/457 
f 1726/1726/457 3446/3446/457 3449/3449/457 1729/1729/457 
f 3446/3446/457 3448/3448/457 3450/3450/457 3449/3449/457 
f 3451/3451/457 3452/3452/457 3453/3453/457 3454/3454/457 
f 3454/3454/457 3453/3453/457 3455/3455/457 3456/3456/457 
f 3447/3447/457 3451/3451/457 3454/3454/457 3448/3448/457 
f 3448/3448/457 3454/3454/457 3456/3456/457 3450/3450/457 
f 3436/3436/457 3435/3435/457 3457/3457/457 3458/3458/457 
f 3435/3435/457 3431/3431/457 3459/3459/457 3457/3457/457 
f 3458/3458/457 3457/3457/457 3456/3456/457 3455/3455/457 
f 3457/3457/457 3459/3459/457 3450/3450/457 3456/3456/457 
f 3429/3429/457 1709/1709/457 1731/1731/457 3460/3460/457 
f 3460/3460/457 1731/1731/457 1729/1729/457 3449/3449/457 
f 3431/3431/457 3429/3429/457 3460/3460/457 3459/3459/457 
f 3459/3459/457 3460/3460/457 3449/3449/457 3450/3450/457 
f 1741/1741/457 3461/3461/457 3462/3462/457 1742/1742/457 
f 3461/3461/457 3463/3463/457 3464/3464/457 3462/3462/457 
f 1742/1742/457 3462/3462/457 3465/3465/457 1745/1745/457 
f 3462/3462/457 3464/3464/457 3466/3466/457 3465/3465/457 
f 3467/3467/457 3468/3468/457 3469/3469/457 3470/3470/457 
f 3470/3470/457 3469/3469/457 3471/3471/457 3472/3472/457 
f 3463/3463/457 3467/3467/457 3470/3470/457 3464/3464/457 
f 3464/3464/457 3470/3470/457 3472/3472/457 3466/3466/457 
f 3452/3452/457 3451/3451/457 3473/3473/457 3474/3474/457 
f 3451/3451/457 3447/3447/457 3475/3475/457 3473/3473/457 
f 3474/3474/457 3473/3473/457 3472/3472/457 3471/3471/457 
f 3473/3473/457 3475/3475/457 3466/3466/457 3472/3472/457 
f 3445/3445/457 1725/1725/457 1747/1747/457 3476/3476/457 
f 3476/3476/457 1747/1747/457 1745/1745/457 3465/3465/457 
f 3447/3447/457 3445/3445/457 3476/3476/457 3475/3475/457 
f 3475/3475/457 3476/3476/457 3465/3465/457 3466/3466/457 
f 1757/1757/457 3477/3477/457 3478/3478/457 1758/1758/457 
f 3477/3477/457 3479/3479/457 3480/3480/457 3478/3478/457 
f 1758/1758/457 3478/3478/457 3481/3481/457 1761/1761/457 
f 3478/3478/457 3480/3480/457 3482/3482/457 3481/3481/457 
f 3483/3483/457 3484/3484/457 3485/3485/457 3486/3486/457 
f 3486/3486/457 3485/3485/457 3487/3487/457 3488/3488/457 
f 3479/3479/457 3483/3483/457 3486/3486/457 3480/3480/457 
f 3480/3480/457 3486/3486/457 3488/3488/457 3482/3482/457 
f 3468/3468/457 3467/3467/457 3489/3489/457 3490/3490/457 
f 3467/3467/457 3463/3463/457 3491/3491/457 3489/3489/457 
f 3490/3490/457 3489/3489/457 3488/3488/457 3487/3487/457 
f 3489/3489/457 3491/3491/457 3482/3482/457 3488/3488/457 
f 3461/3461/457 1741/1741/457 1763/1763/457 3492/3492/457 
f 3492/3492/457 1763/1763/457 1761/1761/457 3481/3481/457 
f 3463/3463/457 3461/3461/457 3492/3492/457 3491/3491/457 
f 3491/3491/457 3492/3492/457 3481/3481/457 3482/3482/457 
f 1773/1773/457 3493/3493/457 3494/3494/457 1774/1774/457 
f 3493/3493/457 3495/3495/457 3496/3496/457 3494/3494/457 
f 1774/4771/457 3494/4770/457 3497/3497/457 1777/1777/457 
f 3494/4770/457 3496/4786/457 3498/3498/457 3497/3497/457 
f 3499/3499/457 3500/3500/457 3501/3501/457 3502/3502/457 
f 3502/4785/457 3501/4789/457 3503/3503/457 3504/3504/457 
f 3495/3495/457 3499/3499/457 3502/3502/457 3496/3496/457 
f 3496/4786/457 3502/4785/457 3504/3504/457 3498/3498/457 
f 3484/3484/457 3483/3483/457 3505/3505/457 3506/3506/457 
f 3483/3483/457 3479/3479/457 3507/3507/457 3505/3505/457 
f 3506/3506/457 3505/3505/457 3504/3504/457 3503/3503/457 
f 3505/3505/457 3507/3507/457 3498/3498/457 3504/3504/457 
f 3477/3477/457 1757/1757/457 1779/1779/457 3508/3508/457 
f 3508/3508/457 1779/1779/457 1777/1777/457 3497/3497/457 
f 3479/3479/457 3477/3477/457 3508/3508/457 3507/3507/457 
f 3507/3507/457 3508/3508/457 3497/3497/457 3498/3498/457 
f 1789/1789/457 3509/3509/457 3510/3510/457 1790/1790/457 
f 3509/3509/457 3511/3511/457 3512/3512/457 3510/3510/457 
f 1790/1790/457 3510/3510/457 3513/3513/457 1793/1793/457 
f 3510/3510/457 3512/3512/457 3514/3514/457 3513/3513/457 
f 3515/3515/457 3516/3516/457 3517/3517/457 3518/3518/457 
f 3518/3518/457 3517/3517/457 3519/3519/457 3520/3520/457 
f 3511/3511/457 3515/3515/457 3518/3518/457 3512/3512/457 
f 3512/3512/457 3518/3518/457 3520/3520/457 3514/3514/457 
f 3500/3500/457 3499/3499/457 3521/3521/457 3522/3522/457 
f 3499/3499/457 3495/3495/457 3523/3523/457 3521/3521/457 
f 3522/3522/457 3521/3521/457 3520/3520/457 3519/3519/457 
f 3521/3521/457 3523/3523/457 3514/3514/457 3520/3520/457 
f 3493/3493/457 1773/1773/457 1795/1795/457 3524/3524/457 
f 3524/3524/457 1795/1795/457 1793/1793/457 3513/3513/457 
f 3495/3495/457 3493/3493/457 3524/3524/457 3523/3523/457 
f 3523/3523/457 3524/3524/457 3513/3513/457 3514/3514/457 
f 1805/1805/457 3525/3525/457 3526/3526/457 1806/1806/457 
f 3525/3525/457 3527/3527/457 3528/3528/457 3526/3526/457 
f 1806/1806/457 3526/3526/457 3529/3529/457 1809/1809/457 
f 3526/3526/457 3528/3528/457 3530/3530/457 3529/3529/457 
f 3531/3531/457 3532/3532/457 3533/3533/457 3534/3534/457 
f 3534/3534/457 3533/3533/457 3535/3535/457 3536/3536/457 
f 3527/3527/457 3531/3531/457 3534/3534/457 3528/3528/457 
f 3528/3528/457 3534/3534/457 3536/3536/457 3530/3530/457 
f 3516/3516/457 3515/3515/457 3537/3537/457 3538/3538/457 
f 3515/3515/457 3511/3511/457 3539/3539/457 3537/3537/457 
f 3538/3538/457 3537/3537/457 3536/3536/457 3535/3535/457 
f 3537/3537/457 3539/3539/457 3530/3530/457 3536/3536/457 
f 3509/3509/457 1789/1789/457 1811/1811/457 3540/3540/457 
f 3540/3540/457 1811/1811/457 1809/1809/457 3529/3529/457 
f 3511/3511/457 3509/3509/457 3540/3540/457 3539/3539/457 
f 3539/3539/457 3540/3540/457 3529/3529/457 3530/3530/457 
f 1821/1821/457 3541/3541/457 3542/3542/457 1822/1822/457 
f 3541/3541/457 3543/3543/457 3544/3544/457 3542/3542/457 
f 1822/1822/457 3542/3542/457 3545/3545/457 1825/1825/457 
f 3542/3542/457 3544/3544/457 3546/3546/457 3545/3545/457 
f 3547/3547/457 3548/3548/457 3549/3549/457 3550/3550/457 
f 3550/3550/457 3549/3549/457 3551/3551/457 3552/3552/457 
f 3543/3543/457 3547/3547/457 3550/3550/457 3544/3544/457 
f 3544/3544/457 3550/3550/457 3552/3552/457 3546/3546/457 
f 3532/3532/457 3531/3531/457 3553/3553/457 3554/3554/457 
f 3531/3531/457 3527/3527/457 3555/3555/457 3553/3553/457 
f 3554/3554/457 3553/3553/457 3552/3552/457 3551/3551/457 
f 3553/3553/457 3555/3555/457 3546/3546/457 3552/3552/457 
f 3525/3525/457 1805/1805/457 1827/1827/457 3556/3556/457 
f 3556/3556/457 1827/1827/457 1825/1825/457 3545/3545/457 
f 3527/3527/457 3525/3525/457 3556/3556/457 3555/3555/457 
f 3555/3555/457 3556/3556/457 3545/3545/457 3546/3546/457 
f 1837/1837/457 3557/3557/457 3558/3558/457 1838/1838/457 
f 3557/3557/457 3559/3559/457 3560/3560/457 3558/3558/457 
f 1838/1838/457 3558/3558/457 3561/3561/457 1841/1841/457 
f 3558/3558/457 3560/3560/457 3562/3562/457 3561/3561/457 
f 3563/3563/457 3564/3564/457 3565/3565/457 3566/3566/457 
f 3566/3566/457 3565/3565/457 3567/3567/457 3568/3568/457 
f 3559/3559/457 3563/3563/457 3566/3566/457 3560/3560/457 
f 3560/3560/457 3566/3566/457 3568/3568/457 3562/3562/457 
f 3548/3548/457 3547/3547/457 3569/3569/457 3570/3570/457 
f 3547/3547/457 3543/3543/457 3571/3571/457 3569/3569/457 
f 3570/3570/457 3569/3569/457 3568/3568/457 3567/3567/457 
f 3569/3569/457 3571/3571/457 3562/3562/457 3568/3568/457 
f 3541/3541/457 1821/1821/457 1843/1843/457 3572/3572/457 
f 3572/3572/457 1843/1843/457 1841/1841/457 3561/3561/457 
f 3543/3543/457 3541/3541/457 3572/3572/457 3571/3571/457 
f 3571/3571/457 3572/3572/457 3561/3561/457 3562/3562/457 
f 1853/1853/457 3573/3573/457 3574/3574/457 1854/1854/457 
f 3573/3573/457 3575/3575/457 3576/3576/457 3574/3574/457 
f 1854/1854/457 3574/3574/457 3577/3577/457 1857/1857/457 
f 3574/3574/457 3576/3576/457 3578/3578/457 3577/3577/457 
f 3579/3579/457 3580/3580/457 3581/3581/457 3582/3582/457 
f 3582/3582/457 3581/3581/457 3583/3583/457 3584/3584/457 
f 3575/3575/457 3579/3579/457 3582/3582/457 3576/3576/457 
f 3576/3576/457 3582/3582/457 3584/3584/457 3578/3578/457 
f 3564/3564/457 3563/3563/457 3585/3585/457 3586/3586/457 
f 3563/3563/457 3559/3559/457 3587/3587/457 3585/3585/457 
f 3586/3586/457 3585/3585/457 3584/3584/457 3583/3583/457 
f 3585/3585/457 3587/3587/457 3578/3578/457 3584/3584/457 
f 3557/3557/457 1837/1837/457 1859/1859/457 3588/3588/457 
f 3588/3588/457 1859/1859/457 1857/1857/457 3577/3577/457 
f 3559/3559/457 3557/3557/457 3588/3588/457 3587/3587/457 
f 3587/3587/457 3588/3588/457 3577/3577/457 3578/3578/457 
f 1602/1602/457 3331/3331/457 3589/3589/457 1867/1867/457 
f 3331/3331/457 3329/3329/457 3590/3590/457 3589/3589/457 
f 1867/1867/457 3589/3589/457 3591/3591/457 1869/1869/457 
f 3589/3589/457 3590/3590/457 3592/3592/457 3591/3591/457 
f 3326/3326/457 3325/3325/457 3593/3593/457 3594/3594/457 
f 3594/3594/457 3593/3593/457 3595/3595/457 3596/3596/457 
f 3329/3329/457 3326/3326/457 3594/3594/457 3590/3590/457 
f 3590/3590/457 3594/3594/457 3596/3596/457 3592/3592/457 
f 3580/3580/457 3579/3579/457 3597/3597/457 3598/3598/457 
f 3579/3579/457 3575/3575/457 3599/3599/457 3597/3597/457 
f 3598/3598/457 3597/3597/457 3596/3596/457 3595/3595/457 
f 3597/3597/457 3599/3599/457 3592/3592/457 3596/3596/457 
f 3573/3573/457 1853/1853/457 1871/1871/457 3600/3600/457 
f 3600/3600/457 1871/1871/457 1869/1869/457 3591/3591/457 
f 3575/3575/457 3573/3573/457 3600/3600/457 3599/3599/457 
f 3599/3599/457 3600/3600/457 3591/3591/457 3592/3592/457 
f 2816/2816/679 3601/3601/1465 3602/3602/1466 2817/2817/680 
f 3601/3601/1465 3603/3603/1467 3604/3604/1468 3602/3602/1466 
f 2817/2817/680 3602/3602/1466 3605/3605/1469 2819/2819/747 
f 3602/3602/1466 3604/3604/1468 3606/3606/1470 3605/3605/1469 
f 3607/3607/1471 2298/4627/1008 2327/4626/1034 3608/3608/1472 
f 3608/3608/1472 2327/4626/1034 2322/4624/1029 3609/3609/1473 
f 3603/3603/1467 3607/3607/1471 3608/3608/1472 3604/3604/1468 
f 3604/3604/1468 3608/3608/1472 3609/3609/1473 3606/3606/1470 
f 2318/4622/1025 3610/3610/1474 3611/3611/1475 2319/4614/1026 
f 3610/3610/1474 3612/3612/1476 3613/3613/1477 3611/3611/1475 
f 2319/4614/1026 3611/3611/1475 3609/3609/1473 2322/4624/1029 
f 3611/3611/1475 3613/3613/1477 3606/3606/1470 3609/3609/1473 
f 3614/3614/1478 2821/2821/679 2824/2824/684 3615/3615/1479 
f 3615/3615/1479 2824/2824/684 2819/2819/747 3605/3605/1469 
f 3612/3612/1476 3614/3614/1478 3615/3615/1479 3613/3613/1477 
f 3613/3613/1477 3615/3615/1479 3605/3605/1469 3606/3606/1470 
f 2836/2836/679 3616/3616/1480 3617/3617/1481 2837/2837/680 
f 3616/3616/1480 3618/3618/1482 3619/3619/1483 3617/3617/1481 
f 2837/2837/680 3617/3617/1481 3620/3620/1484 2839/2839/747 
f 3617/3617/1481 3619/3619/1483 3621/3621/1485 3620/3620/1484 
f 3622/3622/1486 2278/4640/992 2307/4636/1017 3623/3623/1487 
f 3623/3623/1487 2307/4636/1017 2302/4634/1012 3624/3624/1488 
f 3618/3618/1482 3622/3622/1486 3623/3623/1487 3619/3619/1483 
f 3619/3619/1483 3623/3623/1487 3624/3624/1488 3621/3621/1485 
f 2298/4627/1008 3607/3607/1471 3625/3625/1489 2299/4632/1009 
f 3607/3607/1471 3603/3603/1467 3626/3626/1490 3625/3625/1489 
f 2299/4632/1009 3625/3625/1489 3624/3624/1488 2302/4634/1012 
f 3625/3625/1489 3626/3626/1490 3621/3621/1485 3624/3624/1488 
f 3601/3601/1465 2816/2816/679 2842/2842/684 3627/3627/1491 
f 3627/3627/1491 2842/2842/684 2839/2839/747 3620/3620/1484 
f 3603/3603/1467 3601/3601/1465 3627/3627/1491 3626/3626/1490 
f 3626/3626/1490 3627/3627/1491 3620/3620/1484 3621/3621/1485 
f 2852/2852/679 3628/3628/1492 3629/3629/1493 2853/2853/680 
f 3628/3628/1492 3630/3630/1494 3631/3631/1495 3629/3629/1493 
f 2853/2853/680 3629/3629/1493 3632/3632/1496 2855/2855/747 
f 3629/3629/1493 3631/3631/1495 3633/3633/1497 3632/3632/1496 
f 3634/3634/1498 2258/4648/976 2287/4645/1001 3635/3635/1499 
f 3635/3635/1499 2287/4645/1001 2282/4620/996 3636/3636/1500 
f 3630/3630/1494 3634/3634/1498 3635/3635/1499 3631/3631/1495 
f 3631/3631/1495 3635/3635/1499 3636/3636/1500 3633/3633/1497 
f 2278/4640/992 3622/3622/1486 3637/3637/1501 2279/4643/993 
f 3622/3622/1486 3618/3618/1482 3638/3638/1502 3637/3637/1501 
f 2279/4643/993 3637/3637/1501 3636/3636/1500 2282/4620/996 
f 3637/3637/1501 3638/3638/1502 3633/3633/1497 3636/3636/1500 
f 3616/3616/1480 2836/2836/679 2858/2858/684 3639/3639/1503 
f 3639/3639/1503 2858/2858/684 2855/2855/747 3632/3632/1496 
f 3618/3618/1482 3616/3616/1480 3639/3639/1503 3638/3638/1502 
f 3638/3638/1502 3639/3639/1503 3632/3632/1496 3633/3633/1497 
f 2868/2868/679 3640/3640/1504 3641/3641/1505 2869/2869/680 
f 3640/3640/1504 3642/3642/1506 3643/3643/1507 3641/3641/1505 
f 2869/2869/680 3641/3641/1505 3644/3644/1508 2871/2871/747 
f 3641/3641/1505 3643/3643/1507 3645/3645/1509 3644/3644/1508 
f 3646/3646/1510 2233/4652/956 2267/4609/985 3647/3647/1511 
f 3647/3647/1511 2267/4609/985 2262/4613/980 3648/3648/1512 
f 3642/3642/1506 3646/3646/1510 3647/3647/1511 3643/3643/1507 
f 3643/3643/1507 3647/3647/1511 3648/3648/1512 3645/3645/1509 
f 2258/4648/976 3634/3634/1498 3649/3649/1513 2259/4651/977 
f 3634/3634/1498 3630/3630/1494 3650/3650/1514 3649/3649/1513 
f 2259/4651/977 3649/3649/1513 3648/3648/1512 2262/4613/980 
f 3649/3649/1513 3650/3650/1514 3645/3645/1509 3648/3648/1512 
f 3628/3628/1492 2852/2852/679 2874/2874/684 3651/3651/1515 
f 3651/3651/1515 2874/2874/684 2871/2871/747 3644/3644/1508 
f 3630/3630/1494 3628/3628/1492 3651/3651/1515 3650/3650/1514 
f 3650/3650/1514 3651/3651/1515 3644/3644/1508 3645/3645/1509 
f 2884/2884/679 3652/3652/1516 3653/3653/1517 2885/2885/747 
f 3652/3652/1516 3654/3654/1518 3655/3655/1519 3653/3653/1517 
f 2885/2885/747 3653/3653/1517 3656/3656/1520 2887/2887/684 
f 3653/3653/1517 3655/3655/1519 3657/3657/1521 3656/3656/1520 
f 3658/3658/1522 2243/2243/966 2242/4655/965 3659/3659/1523 
f 3659/3659/1523 2242/4655/965 2237/4654/960 3660/3660/1524 
f 3654/3654/1518 3658/3658/1522 3659/3659/1523 3655/3655/1519 
f 3655/3655/1519 3659/3659/1523 3660/3660/1524 3657/3657/1521 
f 2233/4652/956 3646/3646/1510 3661/3661/1525 2234/4630/957 
f 3646/3646/1510 3642/3642/1506 3662/3662/1526 3661/3661/1525 
f 2234/4630/957 3661/3661/1525 3660/3660/1524 2237/4654/960 
f 3661/3661/1525 3662/3662/1526 3657/3657/1521 3660/3660/1524 
f 3640/3640/1504 2868/2868/679 2890/2890/684 3663/3663/1527 
f 3663/3663/1527 2890/2890/684 2887/2887/684 3656/3656/1520 
f 3642/3642/1506 3640/3640/1504 3663/3663/1527 3662/3662/1526 
f 3662/3662/1526 3663/3663/1527 3656/3656/1520 3657/3657/1521 
f 2900/2900/679 3664/3664/1528 3665/3665/1529 2901/2901/747 
f 3664/3664/1528 3666/3666/1530 3667/3667/1531 3665/3665/1529 
f 2901/2901/747 3665/3665/1529 3668/3668/1532 2903/2903/684 
f 3665/3665/1529 3667/3667/1531 3669/3669/1533 3668/3668/1532 
f 3670/3670/1534 2558/4661/1219 2584/4660/1241 3671/3671/1535 
f 3671/3671/1535 2584/4660/1241 2580/4639/1237 3672/3672/1536 
f 3666/3666/1530 3670/3670/1534 3671/3671/1535 3667/3667/1531 
f 3667/3667/1531 3671/3671/1535 3672/3672/1536 3669/3669/1533 
f 2243/2243/966 3658/3658/1522 3673/3673/1537 2578/4659/1235 
f 3658/3658/1522 3654/3654/1518 3674/3674/1538 3673/3673/1537 
f 2578/4659/1235 3673/3673/1537 3672/3672/1536 2580/4639/1237 
f 3673/3673/1537 3674/3674/1538 3669/3669/1533 3672/3672/1536 
f 3652/3652/1516 2884/2884/679 2906/2906/679 3675/3675/1539 
f 3675/3675/1539 2906/2906/679 2903/2903/684 3668/3668/1532 
f 3654/3654/1518 3652/3652/1516 3675/3675/1539 3674/3674/1538 
f 3674/3674/1538 3675/3675/1539 3668/3668/1532 3669/3669/1533 
f 2916/2916/679 3676/3676/1540 3677/3677/1541 2917/2917/747 
f 3676/3676/1540 3678/3678/1542 3679/3679/1543 3677/3677/1541 
f 2917/2917/747 3677/3677/1541 3680/3680/1544 2919/2919/684 
f 3677/3677/1541 3679/3679/1543 3681/3681/1545 3680/3680/1544 
f 3682/3682/1546 2538/4663/1203 2567/4653/1228 3683/3683/1547 
f 3683/3683/1547 2567/4653/1228 2562/4662/1223 3684/3684/1548 
f 3678/3678/1542 3682/3682/1546 3683/3683/1547 3679/3679/1543 
f 3679/3679/1543 3683/3683/1547 3684/3684/1548 3681/3681/1545 
f 2558/4661/1219 3670/3670/1534 3685/3685/1549 2559/4615/1220 
f 3670/3670/1534 3666/3666/1530 3686/3686/1550 3685/3685/1549 
f 2559/4615/1220 3685/3685/1549 3684/3684/1548 2562/4662/1223 
f 3685/3685/1549 3686/3686/1550 3681/3681/1545 3684/3684/1548 
f 3664/3664/1528 2900/2900/679 2922/2922/679 3687/3687/1551 
f 3687/3687/1551 2922/2922/679 2919/2919/684 3680/3680/1544 
f 3666/3666/1530 3664/3664/1528 3687/3687/1551 3686/3686/1550 
f 3686/3686/1550 3687/3687/1551 3680/3680/1544 3681/3681/1545 
f 2932/2932/679 3688/3688/1552 3689/3689/1553 2933/2933/747 
f 3688/3688/1552 3690/3690/1554 3691/3691/1555 3689/3689/1553 
f 2933/2933/747 3689/3689/1553 3692/3692/1556 2935/2935/684 
f 3689/3689/1553 3691/3691/1555 3693/3693/1557 3692/3692/1556 
f 3694/3694/1558 2518/4664/1187 2547/4629/1212 3695/3695/1559 
f 3695/3695/1559 2547/4629/1212 2542/4642/1207 3696/3696/1560 
f 3690/3690/1554 3694/3694/1558 3695/3695/1559 3691/3691/1555 
f 3691/3691/1555 3695/3695/1559 3696/3696/1560 3693/3693/1557 
f 2538/4663/1203 3682/3682/1546 3697/3697/1561 2539/4617/1204 
f 3682/3682/1546 3678/3678/1542 3698/4766/1562 3697/3697/1561 
f 2539/4813/1204 3697/4768/1561 3696/3696/1560 2542/4642/1207 
f 3697/4768/1561 3698/3698/1562 3693/3693/1557 3696/3696/1560 
f 3676/3676/1540 2916/2916/679 2938/2938/679 3699/3699/1563 
f 3699/4818/1563 2938/4817/679 2935/2935/684 3692/3692/1556 
f 3678/3678/1542 3676/3676/1540 3699/3699/1563 3698/4766/1562 
f 3698/3698/1562 3699/4818/1563 3692/3692/1556 3693/3693/1557 
f 2948/2948/679 3700/3700/1564 3701/3701/1565 2949/2949/747 
f 3700/3700/1564 3702/3702/1566 3703/3703/1567 3701/3701/1565 
f 2949/2949/747 3701/3701/1565 3704/3704/1568 2951/2951/684 
f 3701/3701/1565 3703/3703/1567 3705/3705/1569 3704/3704/1568 
f 3706/3706/1570 2498/4631/1170 2527/4638/1196 3707/3707/1571 
f 3707/3707/1571 2527/4638/1196 2522/4650/1191 3708/3708/1572 
f 3702/3702/1566 3706/3706/1570 3707/3707/1571 3703/3703/1567 
f 3703/3703/1567 3707/3707/1571 3708/3708/1572 3705/3705/1569 
f 2518/4664/1187 3694/3694/1558 3709/3709/1573 2519/4625/1188 
f 3694/3694/1558 3690/3690/1554 3710/3710/1574 3709/3709/1573 
f 2519/4625/1188 3709/3709/1573 3708/3708/1572 2522/4650/1191 
f 3709/3709/1573 3710/3710/1574 3705/3705/1569 3708/3708/1572 
f 3688/3688/1552 2932/2932/679 2954/2954/679 3711/3711/1575 
f 3711/3711/1575 2954/2954/679 2951/2951/684 3704/3704/1568 
f 3690/3690/1554 3688/3688/1552 3711/3711/1575 3710/3710/1574 
f 3710/3710/1574 3711/3711/1575 3704/3704/1568 3705/3705/1569 
f 2964/2964/679 3712/3712/1576 3713/3713/1577 2965/2965/684 
f 3712/3712/1576 3714/3714/1578 3715/3715/1579 3713/3713/1577 
f 2965/2965/684 3713/3713/1577 3716/3716/1580 2967/2967/679 
f 3713/3713/1577 3715/3715/1579 3717/3717/1581 3716/3716/1580 
f 3718/3718/1582 2478/4641/1154 2507/4646/1179 3719/3719/1583 
f 3719/3719/1583 2507/4646/1179 2502/4666/1174 3720/3720/1584 
f 3714/3714/1578 3718/3718/1582 3719/3719/1583 3715/3715/1579 
f 3715/3715/1579 3719/3719/1583 3720/3720/1584 3717/3717/1581 
f 2498/4631/1170 3706/3706/1570 3721/3721/1585 2499/4635/1171 
f 3706/3706/1570 3702/3702/1566 3722/3722/1586 3721/3721/1585 
f 2499/4635/1171 3721/3721/1585 3720/3720/1584 2502/4666/1174 
f 3721/3721/1585 3722/3722/1586 3717/3717/1581 3720/3720/1584 
f 3700/3700/1564 2948/2948/679 2970/2970/680 3723/3723/1587 
f 3723/3723/1587 2970/2970/680 2967/2967/679 3716/3716/1580 
f 3702/3702/1566 3700/3700/1564 3723/3723/1587 3722/3722/1586 
f 3722/3722/1586 3723/3723/1587 3716/3716/1580 3717/3717/1581 
f 2980/2980/679 3724/3724/1588 3725/3725/1589 2981/2981/684 
f 3724/3724/1588 3726/3726/1590 3727/3727/1591 3725/3725/1589 
f 2981/2981/684 3725/3725/1589 3728/3728/1592 2983/2983/679 
f 3725/3725/1589 3727/3727/1591 3729/3729/1593 3728/3728/1592 
f 3730/3730/1594 2458/4649/1138 2487/4633/1163 3731/3731/1595 
f 3731/3731/1595 2487/4633/1163 2482/4669/1158 3732/3732/1596 
f 3726/3726/1590 3730/3730/1594 3731/3731/1595 3727/3727/1591 
f 3727/3727/1591 3731/3731/1595 3732/3732/1596 3729/3729/1593 
f 2478/4641/1154 3718/3718/1582 3733/3733/1597 2479/4667/1155 
f 3718/3718/1582 3714/3714/1578 3734/3734/1598 3733/3733/1597 
f 2479/4667/1155 3733/3733/1597 3732/3732/1596 2482/4669/1158 
f 3733/3733/1597 3734/3734/1598 3729/3729/1593 3732/3732/1596 
f 3712/3712/1576 2964/2964/679 2986/2986/680 3735/3735/1599 
f 3735/3735/1599 2986/2986/680 2983/2983/679 3728/3728/1592 
f 3714/3714/1578 3712/3712/1576 3735/3735/1599 3734/3734/1598 
f 3734/3734/1598 3735/3735/1599 3728/3728/1592 3729/3729/1593 
f 2996/2996/679 3736/3736/1600 3737/3737/1601 2997/2997/684 
f 3736/3736/1600 3738/3738/1602 3739/3739/1603 3737/3737/1601 
f 2997/2997/684 3737/3737/1601 3740/3740/1604 2999/2999/679 
f 3737/3737/1601 3739/3739/1603 3741/3741/1605 3740/3740/1604 
f 3742/3742/1606 2438/4665/1122 2467/4619/1147 3743/3743/1607 
f 3743/3743/1607 2467/4619/1147 2462/4672/1142 3744/3744/1608 
f 3738/3738/1602 3742/3742/1606 3743/3743/1607 3739/3739/1603 
f 3739/3739/1603 3743/3743/1607 3744/3744/1608 3741/3741/1605 
f 2458/4649/1138 3730/3730/1594 3745/3745/1609 2459/4670/1139 
f 3730/3730/1594 3726/3726/1590 3746/3746/1610 3745/3745/1609 
f 2459/4670/1139 3745/3745/1609 3744/3744/1608 2462/4672/1142 
f 3745/3745/1609 3746/3746/1610 3741/3741/1605 3744/3744/1608 
f 3724/3724/1588 2980/2980/679 3002/3002/680 3747/3747/1611 
f 3747/3747/1611 3002/3002/680 2999/2999/679 3740/3740/1604 
f 3726/3726/1590 3724/3724/1588 3747/3747/1611 3746/3746/1610 
f 3746/3746/1610 3747/3747/1611 3740/3740/1604 3741/3741/1605 
f 3012/3012/679 3748/3748/1612 3749/3749/1613 3013/3013/684 
f 3748/3748/1612 3750/3750/1614 3751/3751/1615 3749/3749/1613 
f 3013/3013/684 3749/3749/1613 3752/3752/1616 3015/3015/679 
f 3749/3749/1613 3751/3751/1615 3753/3753/1617 3752/3752/1616 
f 3754/3754/1618 2418/4668/1106 2447/4612/1131 3755/3755/1619 
f 3755/3755/1619 2447/4612/1131 2442/4657/1126 3756/3756/1620 
f 3750/3750/1614 3754/3754/1618 3755/3755/1619 3751/3751/1615 
f 3751/3751/1615 3755/3755/1619 3756/3756/1620 3753/3753/1617 
f 2438/4665/1122 3742/3742/1606 3757/3757/1621 2439/4673/1123 
f 3742/3742/1606 3738/3738/1602 3758/3758/1622 3757/3757/1621 
f 2439/4673/1123 3757/3757/1621 3756/3756/1620 2442/4657/1126 
f 3757/3757/1621 3758/3758/1622 3753/3753/1617 3756/3756/1620 
f 3736/3736/1600 2996/2996/679 3018/3018/680 3759/3759/1623 
f 3759/3759/1623 3018/3018/680 3015/3015/679 3752/3752/1616 
f 3738/3738/1602 3736/3736/1600 3759/3759/1623 3758/3758/1622 
f 3758/3758/1622 3759/3759/1623 3752/3752/1616 3753/3753/1617 
f 3028/3028/679 3760/3760/1624 3761/3761/1625 3029/3029/679 
f 3760/3760/1624 3762/3762/1626 3763/3763/1627 3761/3761/1625 
f 3029/3029/679 3761/3761/1625 3764/3764/1628 3031/3031/679 
f 3761/3761/1625 3763/3763/1627 3765/3765/1629 3764/3764/1628 
f 3766/3766/1630 2398/4671/1090 2427/4656/1115 3767/3767/1631 
f 3767/3767/1631 2427/4656/1115 2422/4644/1110 3768/3768/1632 
f 3762/3762/1626 3766/3766/1630 3767/3767/1631 3763/3763/1627 
f 3763/3763/1627 3767/3767/1631 3768/3768/1632 3765/3765/1629 
f 2418/4668/1106 3754/3754/1618 3769/3769/1633 2419/4628/1107 
f 3754/3754/1618 3750/3750/1614 3770/3770/1634 3769/3769/1633 
f 2419/4628/1107 3769/3769/1633 3768/3768/1632 2422/4644/1110 
f 3769/3769/1633 3770/3770/1634 3765/3765/1629 3768/3768/1632 
f 3748/3748/1612 3012/3012/679 3034/3034/680 3771/3771/1635 
f 3771/3771/1635 3034/3034/680 3031/3031/679 3764/3764/1628 
f 3750/3750/1614 3748/3748/1612 3771/3771/1635 3770/3770/1634 
f 3770/3770/1634 3771/3771/1635 3764/3764/1628 3765/3765/1629 
f 3044/3044/679 3772/3772/1636 3773/3773/1637 3045/3045/679 
f 3772/3772/1636 3774/3774/1638 3775/3775/1639 3773/3773/1637 
f 3045/3045/679 3773/3773/1637 3776/3776/1640 3047/3047/680 
f 3773/3773/1637 3775/3775/1639 3777/3777/1641 3776/3776/1640 
f 3778/3778/1642 2378/4676/1073 2407/4675/1099 3779/3779/1643 
f 3779/3779/1643 2407/4675/1099 2402/4674/1094 3780/3780/1644 
f 3774/3774/1638 3778/3778/1642 3779/3779/1643 3775/3775/1639 
f 3775/3775/1639 3779/3779/1643 3780/3780/1644 3777/3777/1641 
f 2398/4671/1090 3766/3766/1630 3781/3781/1645 2399/4637/1091 
f 3766/3766/1630 3762/3762/1626 3782/3782/1646 3781/3781/1645 
f 2399/4637/1091 3781/3781/1645 3780/3780/1644 2402/4674/1094 
f 3781/3781/1645 3782/3782/1646 3777/3777/1641 3780/3780/1644 
f 3760/3760/1624 3028/3028/679 3050/3050/747 3783/3783/1647 
f 3783/3783/1647 3050/3050/747 3047/3047/680 3776/3776/1640 
f 3762/3762/1626 3760/3760/1624 3783/3783/1647 3782/3782/1646 
f 3782/3782/1646 3783/3783/1647 3776/3776/1640 3777/3777/1641 
f 3060/3060/679 3784/3784/1648 3785/3785/1649 3061/3061/679 
f 3784/3784/1648 3786/3786/1650 3787/3787/1651 3785/3785/1649 
f 3061/3061/679 3785/3785/1649 3788/3788/1652 3063/3063/680 
f 3785/3785/1649 3787/3787/1651 3789/3789/1653 3788/3788/1652 
f 3790/3790/1654 2358/4679/1057 2387/4678/1082 3791/3791/1655 
f 3791/3791/1655 2387/4678/1082 2382/4677/1077 3792/3792/1656 
f 3786/3786/1650 3790/3790/1654 3791/3791/1655 3787/3787/1651 
f 3787/3787/1651 3791/3791/1655 3792/3792/1656 3789/3789/1653 
f 2378/4676/1073 3778/3778/1642 3793/3793/1657 2379/4647/1074 
f 3778/3778/1642 3774/3774/1638 3794/3794/1658 3793/3793/1657 
f 2379/4647/1074 3793/3793/1657 3792/3792/1656 2382/4677/1077 
f 3793/3793/1657 3794/3794/1658 3789/3789/1653 3792/3792/1656 
f 3772/3772/1636 3044/3044/679 3066/3066/747 3795/3795/1659 
f 3795/3795/1659 3066/3066/747 3063/3063/680 3788/3788/1652 
f 3774/3774/1638 3772/3772/1636 3795/3795/1659 3794/3794/1658 
f 3794/3794/1658 3795/3795/1659 3788/3788/1652 3789/3789/1653 
f 3076/3076/679 3796/3796/1660 3797/3797/1661 3077/3077/679 
f 3796/3796/1660 3798/3798/1662 3799/3799/1663 3797/3797/1661 
f 3077/3077/679 3797/3797/1661 3800/3800/1664 3079/3079/680 
f 3797/3797/1661 3799/3799/1663 3801/3801/1665 3800/3800/1664 
f 3802/3802/1666 2338/4610/1041 2367/4616/1066 3803/3803/1667 
f 3803/3803/1667 2367/4616/1066 2362/4611/1061 3804/3804/1668 
f 3798/3798/1662 3802/3802/1666 3803/3803/1667 3799/3799/1663 
f 3799/3799/1663 3803/3803/1667 3804/3804/1668 3801/3801/1665 
f 2358/4679/1057 3790/3790/1654 3805/3805/1669 2359/4680/1058 
f 3790/3790/1654 3786/3786/1650 3806/3806/1670 3805/3805/1669 
f 2359/4680/1058 3805/3805/1669 3804/3804/1668 2362/4611/1061 
f 3805/3805/1669 3806/3806/1670 3801/3801/1665 3804/3804/1668 
f 3784/3784/1648 3060/3060/679 3082/3082/747 3807/3807/1671 
f 3807/3807/1671 3082/3082/747 3079/3079/680 3800/3800/1664 
f 3786/3786/1650 3784/3784/1648 3807/3807/1671 3806/3806/1670 
f 3806/3806/1670 3807/3807/1671 3800/3800/1664 3801/3801/1665 
f 2821/2821/679 3614/3614/1478 3808/3808/1672 3089/3089/679 
f 3614/3614/1478 3612/3612/1476 3809/3809/1673 3808/3808/1672 
f 3089/3089/679 3808/3808/1672 3810/3810/1674 3091/3091/680 
f 3808/3808/1672 3809/3809/1673 3811/3811/1675 3810/3810/1674 
f 3610/3610/1474 2318/4622/1025 2347/4618/1050 3812/3812/1676 
f 3812/3812/1676 2347/4618/1050 2342/4623/1045 3813/3813/1677 
f 3612/3612/1476 3610/3610/1474 3812/3812/1676 3809/3809/1673 
f 3809/3809/1673 3812/3812/1676 3813/3813/1677 3811/3811/1675 
f 2338/4610/1041 3802/3802/1666 3814/3814/1678 2339/4621/1042 
f 3802/3802/1666 3798/3798/1662 3815/3815/1679 3814/3814/1678 
f 2339/4621/1042 3814/3814/1678 3813/3813/1677 2342/4623/1045 
f 3814/3814/1678 3815/3815/1679 3811/3811/1675 3813/3813/1677 
f 3796/3796/1660 3076/3076/679 3094/3094/747 3816/3816/1680 
f 3816/3816/1680 3094/3094/747 3091/3091/680 3810/3810/1674 
f 3798/3798/1662 3796/3796/1660 3816/3816/1680 3815/3815/1679 
f 3815/3815/1679 3816/3816/1680 3810/3810/1674 3811/3811/1675 
f 2248/2248/418 3817/3817/416 3818/3818/279 2249/2249/279 
f 3817/3817/416 3819/3819/418 3820/3820/279 3818/3818/279 
f 2249/2249/279 3818/3818/279 3821/3821/420 2252/2252/282 
f 3818/3818/279 3820/3820/279 3822/3822/282 3821/3821/420 
f 3823/3823/418 3824/3824/416 3825/3825/279 3826/3826/279 
f 3826/3826/279 3825/3825/279 3827/3827/420 3828/3828/282 
f 3819/3819/418 3823/3823/418 3826/3826/279 3820/3820/279 
f 3820/3820/279 3826/3826/279 3828/3828/282 3822/3822/282 
f 3829/3829/412 3830/3830/411 3831/3831/284 3832/3832/415 
f 3830/3830/411 3833/3833/258 3834/3834/284 3831/3831/284 
f 3832/3832/415 3831/3831/284 3828/3828/282 3827/3827/420 
f 3831/3831/284 3834/3834/284 3822/3822/282 3828/3828/282 
f 3835/3835/412 2255/2255/258 2254/2254/284 3836/3836/284 
f 3836/3836/284 2254/2254/284 2252/2252/282 3821/3821/420 
f 3833/3833/258 3835/3835/412 3836/3836/284 3834/3834/284 
f 3834/3834/284 3836/3836/284 3821/3821/420 3822/3822/282 
f 2255/2255/258 3835/3835/412 3837/3837/259 2270/2270/259 
f 3835/3835/412 3833/3833/258 3838/3838/259 3837/3837/259 
f 2270/2270/259 3837/3837/259 3839/3839/1681 2272/2272/262 
f 3837/3837/259 3838/3838/259 3840/3840/262 3839/3839/1681 
f 3830/3830/411 3829/3829/412 3841/3841/259 3842/3842/259 
f 3842/3842/259 3841/3841/259 3843/3843/1681 3844/3844/262 
f 3833/3833/258 3830/3830/411 3842/3842/259 3838/3838/259 
f 3838/3838/259 3842/3842/259 3844/3844/262 3840/3840/262 
f 3845/3845/238 3846/3846/238 3847/3847/264 3848/3848/410 
f 3846/3846/238 3849/3849/238 3850/3850/264 3847/3847/264 
f 3848/3848/410 3847/3847/264 3844/3844/262 3843/3843/1681 
f 3847/3847/264 3850/3850/264 3840/3840/262 3844/3844/262 
f 3851/3851/409 2275/2275/238 2274/2274/410 3852/3852/264 
f 3852/3852/264 2274/2274/410 2272/2272/262 3839/3839/1681 
f 3849/3849/238 3851/3851/409 3852/3852/264 3850/3850/264 
f 3850/3850/264 3852/3852/264 3839/3839/1681 3840/3840/262 
f 2275/2275/238 3851/3851/409 3853/3853/408 2290/2290/408 
f 3851/3851/409 3849/3849/238 3854/3854/408 3853/3853/408 
f 2290/2290/408 3853/3853/408 3855/3855/407 2292/2292/242 
f 3853/3853/408 3854/3854/408 3856/3856/407 3855/3855/407 
f 3846/3846/238 3845/3845/238 3857/3857/239 3858/3858/408 
f 3858/3858/408 3857/3857/239 3859/3859/407 3860/3860/242 
f 3849/3849/238 3846/3846/238 3858/3858/408 3854/3854/408 
f 3854/3854/408 3858/3858/408 3860/3860/242 3856/3856/407 
f 3861/3861/405 3862/3862/405 3863/3863/406 3864/3864/406 
f 3862/3862/405 3865/3865/405 3866/3866/244 3863/3863/406 
f 3864/3864/406 3863/3863/406 3860/3860/242 3859/3859/407 
f 3863/3863/406 3866/3866/244 3856/3856/407 3860/3860/242 
f 3867/3867/218 2295/2295/218 2294/2294/406 3868/3868/406 
f 3868/3868/406 2294/2294/406 2292/2292/242 3855/3855/407 
f 3865/3865/405 3867/3867/218 3868/3868/406 3866/3866/244 
f 3866/3866/244 3868/3868/406 3855/3855/407 3856/3856/407 
f 2295/2295/218 3867/3867/218 3869/3869/219 2310/2310/1020 
f 3867/3867/218 3865/3865/405 3870/3870/219 3869/3869/219 
f 2310/2310/1020 3869/3869/219 3871/3871/403 2312/2312/222 
f 3869/3869/219 3870/3870/219 3872/3872/403 3871/3871/403 
f 3862/3862/405 3861/3861/405 3873/3873/219 3874/3874/219 
f 3874/3874/219 3873/3873/219 3875/3875/403 3876/3876/222 
f 3865/3865/405 3862/3862/405 3874/3874/219 3870/3870/219 
f 3870/3870/219 3874/3874/219 3876/3876/222 3872/3872/403 
f 3877/3877/198 3878/3878/401 3879/3879/404 3880/3880/404 
f 3878/3878/401 3881/3881/401 3882/3882/404 3879/3879/404 
f 3880/3880/404 3879/3879/404 3876/3876/222 3875/3875/403 
f 3879/3879/404 3882/3882/404 3872/3872/403 3876/3876/222 
f 3883/3883/198 2315/2315/401 2314/2314/404 3884/3884/224 
f 3884/3884/224 2314/2314/404 2312/2312/222 3871/3871/403 
f 3881/3881/401 3883/3883/198 3884/3884/224 3882/3882/404 
f 3882/3882/404 3884/3884/224 3871/3871/403 3872/3872/403 
f 2315/2315/401 3883/3883/198 3885/3885/199 2330/2330/445 
f 3883/3883/198 3881/3881/401 3886/3886/199 3885/3885/199 
f 2330/2330/445 3885/3885/199 3887/3887/438 2332/2332/402 
f 3885/3885/199 3886/3886/199 3888/3888/202 3887/3887/438 
f 3878/3878/401 3877/3877/198 3889/3889/199 3890/3890/445 
f 3890/3890/445 3889/3889/199 3891/3891/402 3892/3892/202 
f 3881/3881/401 3878/3878/401 3890/3890/445 3886/3886/199 
f 3886/3886/199 3890/3890/445 3892/3892/202 3888/3888/202 
f 3893/3893/398 3894/3894/178 3895/3895/204 3896/3896/204 
f 3894/3894/178 3897/3897/178 3898/3898/204 3895/3895/204 
f 3896/3896/204 3895/3895/204 3892/3892/202 3891/3891/402 
f 3895/3895/204 3898/3898/204 3888/3888/202 3892/3892/202 
f 3899/3899/178 2335/2335/178 2334/2334/204 3900/3900/204 
f 3900/3900/204 2334/2334/204 2332/2332/402 3887/3887/438 
f 3897/3897/178 3899/3899/178 3900/3900/204 3898/3898/204 
f 3898/3898/204 3900/3900/204 3887/3887/438 3888/3888/202 
f 2335/2335/178 3899/3899/178 3901/3901/179 2350/2350/179 
f 3899/3899/178 3897/3897/178 3902/3902/179 3901/3901/179 
f 2350/2350/179 3901/3901/179 3903/3903/397 2352/2352/397 
f 3901/3901/179 3902/3902/179 3904/3904/437 3903/3903/397 
f 3894/3894/178 3893/3893/398 3905/3905/179 3906/3906/179 
f 3906/3906/179 3905/3905/179 3907/3907/182 3908/3908/397 
f 3897/3897/178 3894/3894/178 3906/3906/179 3902/3902/179 
f 3902/3902/179 3906/3906/179 3908/3908/397 3904/3904/437 
f 3909/3909/158 3910/3910/394 3911/3911/399 3912/3912/184 
f 3910/3910/394 3913/3913/394 3914/3914/399 3911/3911/399 
f 3912/3912/184 3911/3911/399 3908/3908/397 3907/3907/182 
f 3911/3911/399 3914/3914/399 3904/3904/437 3908/3908/397 
f 3915/3915/394 2355/2355/394 2354/2354/399 3916/3916/399 
f 3916/3916/399 2354/2354/399 2352/2352/397 3903/3903/397 
f 3913/3913/394 3915/3915/394 3916/3916/399 3914/3914/399 
f 3914/3914/399 3916/3916/399 3903/3903/397 3904/3904/437 
f 2355/2355/394 3915/3915/394 3917/3917/159 2370/2370/159 
f 3915/3915/394 3913/3913/394 3918/3918/159 3917/3917/159 
f 2370/2370/159 3917/3917/159 3919/3919/162 2372/2372/393 
f 3917/3917/159 3918/3918/159 3920/3920/393 3919/3919/162 
f 3910/3910/394 3909/3909/158 3921/3921/159 3922/3922/159 
f 3922/3922/159 3921/3921/159 3923/3923/162 3924/3924/393 
f 3913/3913/394 3910/3910/394 3922/3922/159 3918/3918/159 
f 3918/3918/159 3922/3922/159 3924/3924/393 3920/3920/393 
f 3925/3925/138 3926/3926/390 3927/3927/164 3928/3928/392 
f 3926/3926/390 3929/3929/390 3930/3930/164 3927/3927/164 
f 3928/3928/392 3927/3927/164 3924/3924/393 3923/3923/162 
f 3927/3927/164 3930/3930/164 3920/3920/393 3924/3924/393 
f 3931/3931/138 2375/2375/390 2374/2374/392 3932/3932/392 
f 3932/3932/392 2374/2374/392 2372/2372/393 3919/3919/162 
f 3929/3929/390 3931/3931/138 3932/3932/392 3930/3930/164 
f 3930/3930/164 3932/3932/392 3919/3919/162 3920/3920/393 
f 2375/2375/390 3931/3931/138 3933/3933/139 2390/2390/139 
f 3931/3931/138 3929/3929/390 3934/3934/139 3933/3933/139 
f 2390/2390/139 3933/3933/139 3935/3935/389 2392/2392/389 
f 3933/3933/139 3934/3934/139 3936/3936/389 3935/3935/389 
f 3926/3926/390 3925/3925/138 3937/3937/139 3938/3938/139 
f 3938/3938/139 3937/3937/139 3939/3939/142 3940/3940/142 
f 3929/3929/390 3926/3926/390 3938/3938/139 3934/3934/139 
f 3934/3934/139 3938/3938/139 3940/3940/142 3936/3936/389 
f 3941/3941/118 3942/3942/386 3943/3943/388 3944/3944/388 
f 3942/3942/386 3945/3945/386 3946/3946/388 3943/3943/388 
f 3944/3944/388 3943/3943/388 3940/3940/142 3939/3939/142 
f 3943/3943/388 3946/3946/388 3936/3936/389 3940/3940/142 
f 3947/3947/118 2395/2395/386 2394/2394/1087 3948/3948/388 
f 3948/3948/388 2394/2394/1087 2392/2392/389 3935/3935/389 
f 3945/3945/386 3947/3947/118 3948/3948/388 3946/3946/388 
f 3946/3946/388 3948/3948/388 3935/3935/389 3936/3936/389 
f 2395/2395/386 3947/3947/118 3949/3949/442 2410/2410/442 
f 3947/3947/118 3945/3945/386 3950/3950/442 3949/3949/442 
f 2410/2410/442 3949/3949/442 3951/3951/384 2412/2412/122 
f 3949/3949/442 3950/3950/442 3952/3952/122 3951/3951/384 
f 3942/3942/386 3941/3941/118 3953/3953/442 3954/3954/442 
f 3954/3954/442 3953/3953/442 3955/3955/384 3956/3956/122 
f 3945/3945/386 3942/3942/386 3954/3954/442 3950/3950/442 
f 3950/3950/442 3954/3954/442 3956/3956/122 3952/3952/122 
f 3957/3957/379 3958/3958/1682 3959/3959/124 3960/3960/124 
f 3958/3958/1682 3961/3961/98 3962/3962/124 3959/3959/124 
f 3960/3960/124 3959/3959/124 3956/3956/122 3955/3955/384 
f 3959/3959/124 3962/3962/124 3952/3952/122 3956/3956/122 
f 3963/3963/1683 2415/2415/98 2414/2414/124 3964/3964/124 
f 3964/3964/124 2414/2414/124 2412/2412/122 3951/3951/384 
f 3961/3961/98 3963/3963/1683 3964/3964/124 3962/3962/124 
f 3962/3962/124 3964/3964/124 3951/3951/384 3952/3952/122 
f 2415/2415/98 3963/3963/1683 3965/3965/380 2430/2430/380 
f 3963/3963/1683 3961/3961/98 3966/3966/380 3965/3965/380 
f 2430/2430/380 3965/3965/380 3967/3967/1684 2432/2432/102 
f 3965/3965/380 3966/3966/380 3968/3968/1684 3967/3967/1684 
f 3958/3958/1682 3957/3957/379 3969/3969/380 3970/3970/380 
f 3970/3970/380 3969/3969/380 3971/3971/1684 3972/3972/102 
f 3961/3961/98 3958/3958/1682 3970/3970/380 3966/3966/380 
f 3966/3966/380 3970/3970/380 3972/3972/102 3968/3968/1684 
f 3973/3973/377 3974/3974/377 3975/3975/104 3976/3976/104 
f 3974/3974/377 3977/3977/78 3978/3978/378 3975/3975/104 
f 3976/3976/104 3975/3975/104 3972/3972/102 3971/3971/1684 
f 3975/3975/104 3978/3978/378 3968/3968/1684 3972/3972/102 
f 3979/3979/375 2435/2435/375 2434/2434/104 3980/3980/104 
f 3980/3980/104 2434/2434/104 2432/2432/102 3967/3967/1684 
f 3977/3977/78 3979/3979/375 3980/3980/104 3978/3978/378 
f 3978/3978/378 3980/3980/104 3967/3967/1684 3968/3968/1684 
f 2435/2435/375 3979/3979/375 3981/3981/376 2450/2450/376 
f 3979/3979/375 3977/3977/78 3982/3982/376 3981/3981/376 
f 2450/2450/376 3981/3981/376 3983/3983/82 2452/2452/374 
f 3981/3981/376 3982/3982/376 3984/3984/374 3983/3983/82 
f 3974/3974/377 3973/3973/377 3985/3985/376 3986/3986/79 
f 3986/3986/79 3985/3985/376 3987/3987/82 3988/3988/374 
f 3977/3977/78 3974/3974/377 3986/3986/79 3982/3982/376 
f 3982/3982/376 3986/3986/79 3988/3988/374 3984/3984/374 
f 3989/3989/58 3990/3990/371 3991/3991/372 3992/3992/84 
f 3990/3990/371 3993/3993/371 3994/3994/372 3991/3991/372 
f 3992/3992/84 3991/3991/372 3988/3988/374 3987/3987/82 
f 3991/3991/372 3994/3994/372 3984/3984/374 3988/3988/374 
f 3995/3995/371 2455/2455/58 2454/2454/372 3996/3996/372 
f 3996/3996/372 2454/2454/372 2452/2452/374 3983/3983/82 
f 3993/3993/371 3995/3995/371 3996/3996/372 3994/3994/372 
f 3994/3994/372 3996/3996/372 3983/3983/82 3984/3984/374 
f 2455/2455/58 3995/3995/371 3997/3997/370 2470/2470/370 
f 3995/3995/371 3993/3993/371 3998/3998/370 3997/3997/370 
f 2470/2470/370 3997/3997/370 3999/3999/369 2472/2472/369 
f 3997/3997/370 3998/3998/370 4000/4000/369 3999/3999/369 
f 3990/3990/371 3989/3989/58 4001/4001/370 4002/4002/370 
f 4002/4002/370 4001/4001/370 4003/4003/369 4004/4004/62 
f 3993/3993/371 3990/3990/371 4002/4002/370 3998/3998/370 
f 3998/3998/370 4002/4002/370 4004/4004/62 4000/4000/369 
f 4005/4005/38 4006/4006/38 4007/4007/64 4008/4008/64 
f 4006/4006/38 4009/4009/38 4010/4010/1685 4007/4007/64 
f 4008/4008/64 4007/4007/64 4004/4004/62 4003/4003/369 
f 4007/4007/64 4010/4010/1685 4000/4000/369 4004/4004/62 
f 4011/4011/367 2475/2475/38 2474/2474/64 4012/4012/1685 
f 4012/4012/1685 2474/2474/64 2472/2472/369 3999/3999/369 
f 4009/4009/38 4011/4011/367 4012/4012/1685 4010/4010/1685 
f 4010/4010/1685 4012/4012/1685 3999/3999/369 4000/4000/369 
f 2475/2475/38 4011/4011/367 4013/4013/368 2490/2490/39 
f 4011/4011/367 4009/4009/38 4014/4014/39 4013/4013/368 
f 2490/2490/39 4013/4013/368 4015/4015/366 2492/2492/42 
f 4013/4013/368 4014/4014/39 4016/4016/366 4015/4015/366 
f 4006/4006/38 4005/4005/38 4017/4017/39 4018/4018/39 
f 4018/4018/39 4017/4017/39 4019/4019/366 4020/4020/366 
f 4009/4009/38 4006/4006/38 4018/4018/39 4014/4014/39 
f 4014/4014/39 4018/4018/39 4020/4020/366 4016/4016/366 
f 4021/4021/16 4022/4022/443 4023/4023/1686 4024/4024/44 
f 4022/4022/443 4025/4025/443 4026/4026/44 4023/4023/1686 
f 4024/4024/44 4023/4023/1686 4020/4020/366 4019/4019/366 
f 4023/4023/1686 4026/4026/44 4016/4016/366 4020/4020/366 
f 4027/4027/16 2495/2495/443 2494/2494/44 4028/4028/1686 
f 4028/4028/1686 2494/2494/44 2492/2492/42 4015/4015/366 
f 4025/4025/443 4027/4027/16 4028/4028/1686 4026/4026/44 
f 4026/4026/44 4028/4028/1686 4015/4015/366 4016/4016/366 
f 2495/2495/443 4027/4027/16 4029/4029/17 2510/2510/17 
f 4027/4027/16 4025/4025/443 4030/4030/17 4029/4029/17 
f 2510/2510/17 4029/4029/17 4031/4031/362 2512/2512/1183 
f 4029/4029/17 4030/4030/17 4032/4032/362 4031/4031/362 
f 4022/4022/443 4021/4021/16 4033/4033/17 4034/4034/17 
f 4034/4034/17 4033/4033/17 4035/4035/362 4036/4036/20 
f 4025/4025/443 4022/4022/443 4034/4034/17 4030/4030/17 
f 4030/4030/17 4034/4034/17 4036/4036/20 4032/4032/362 
f 4037/4037/23 4038/4038/364 4039/4039/363 4040/4040/363 
f 4038/4038/364 4041/4041/364 4042/4042/363 4039/4039/363 
f 4040/4040/363 4039/4039/363 4036/4036/20 4035/4035/362 
f 4039/4039/363 4042/4042/363 4032/4032/362 4036/4036/20 
f 4043/4043/23 2515/2515/364 2514/2514/363 4044/4044/363 
f 4044/4044/363 2514/2514/363 2512/2512/1183 4031/4031/362 
f 4041/4041/364 4043/4043/23 4044/4044/363 4042/4042/363 
f 4042/4042/363 4044/4044/363 4031/4031/362 4032/4032/362 
f 2515/2515/364 4043/4043/23 4045/4045/355 2530/2530/355 
f 4043/4043/23 4041/4041/364 4046/4046/355 4045/4045/355 
f 2530/2530/355 4045/4045/355 4047/4047/1687 2532/2532/435 
f 4045/4045/355 4046/4046/355 4048/4048/435 4047/4047/1687 
f 4038/4038/364 4037/4037/23 4049/4049/355 4050/4050/355 
f 4050/4050/355 4049/4049/355 4051/4051/357 4052/4052/435 
f 4041/4041/364 4038/4038/364 4050/4050/355 4046/4046/355 
f 4046/4046/355 4050/4050/355 4052/4052/435 4048/4048/435 
f 4053/4053/338 4054/4054/432 4055/4055/359 4056/4056/434 
f 4054/4054/432 4057/4057/338 4058/4058/434 4055/4055/359 
f 4056/4056/434 4055/4055/359 4052/4052/435 4051/4051/357 
f 4055/4055/359 4058/4058/434 4048/4048/435 4052/4052/435 
f 4059/4059/338 2535/2535/432 2534/2534/434 4060/4060/359 
f 4060/4060/359 2534/2534/434 2532/2532/435 4047/4047/1687 
f 4057/4057/338 4059/4059/338 4060/4060/359 4058/4058/434 
f 4058/4058/434 4060/4060/359 4047/4047/1687 4048/4048/435 
f 2535/2535/432 4059/4059/338 4061/4061/339 2550/2550/339 
f 4059/4059/338 4057/4057/338 4062/4062/339 4061/4061/339 
f 2550/2550/339 4061/4061/339 4063/4063/342 2552/2552/342 
f 4061/4061/339 4062/4062/339 4064/4064/342 4063/4063/342 
f 4054/4054/432 4053/4053/338 4065/4065/446 4066/4066/446 
f 4066/4066/446 4065/4065/446 4067/4067/342 4068/4068/433 
f 4057/4057/338 4054/4054/432 4066/4066/446 4062/4062/339 
f 4062/4062/339 4066/4066/446 4068/4068/433 4064/4064/342 
f 4069/4069/318 4070/4070/430 4071/4071/344 4072/4072/344 
f 4070/4070/430 4073/4073/318 4074/4074/344 4071/4071/344 
f 4072/4072/344 4071/4071/344 4068/4068/433 4067/4067/342 
f 4071/4071/344 4074/4074/344 4064/4064/342 4068/4068/433 
f 4075/4075/430 2555/2555/430 2554/2554/344 4076/4076/344 
f 4076/4076/344 2554/2554/344 2552/2552/342 4063/4063/342 
f 4073/4073/318 4075/4075/430 4076/4076/344 4074/4074/344 
f 4074/4074/344 4076/4076/344 4063/4063/342 4064/4064/342 
f 2555/2555/430 4075/4075/430 4077/4077/429 2570/2570/319 
f 4075/4075/430 4073/4073/318 4078/4078/429 4077/4077/429 
f 2570/2570/319 4077/4077/429 4079/4079/322 2572/2572/427 
f 4077/4077/429 4078/4078/429 4080/4080/427 4079/4079/322 
f 4070/4070/430 4069/4069/318 4081/4081/319 4082/4082/319 
f 4082/4082/319 4081/4081/319 4083/4083/322 4084/4084/427 
f 4073/4073/318 4070/4070/430 4082/4082/319 4078/4078/429 
f 4078/4078/429 4082/4082/319 4084/4084/427 4080/4080/427 
f 4085/4085/424 4086/4086/424 4087/4087/428 4088/4088/428 
f 4086/4086/424 4089/4089/424 4090/4090/428 4087/4087/428 
f 4088/4763/428 4087/4762/428 4084/4084/427 4083/4083/322 
f 4087/4762/428 4090/4761/428 4080/4080/427 4084/4084/427 
f 4091/4091/298 2575/2575/424 2574/2574/428 4092/4092/426 
f 4092/4756/426 2574/4754/428 2572/2572/427 4079/4079/322 
f 4089/4089/424 4091/4091/298 4092/4092/426 4090/4090/428 
f 4090/4761/428 4092/4756/426 4079/4079/322 4080/4080/427 
f 2575/2575/424 4091/4091/298 4093/4093/425 2587/2587/299 
f 4091/4091/298 4089/4089/424 4094/4094/425 4093/4093/425 
f 2587/2587/299 4093/4093/425 4095/4095/302 2589/2589/422 
f 4093/4093/425 4094/4094/425 4096/4096/422 4095/4095/302 
f 4086/4086/424 4085/4085/424 4097/4097/299 4098/4098/425 
f 4098/4098/425 4097/4097/299 4099/4099/302 4100/4100/422 
f 4089/4089/424 4086/4086/424 4098/4098/425 4094/4094/425 
f 4094/4094/425 4098/4098/425 4100/4100/422 4096/4096/422 
f 3824/3824/416 3823/3823/418 4101/4101/421 4102/4102/421 
f 3823/3823/418 3819/3819/418 4103/4103/421 4101/4101/421 
f 4102/4102/421 4101/4101/421 4100/4100/422 4099/4099/302 
f 4101/4101/421 4103/4103/421 4096/4096/422 4100/4100/422 
f 3817/3817/416 2248/2248/418 2591/2591/421 4104/4104/421 
f 4104/4104/421 2591/2591/421 2589/2589/422 4095/4095/302 
f 3819/3819/418 3817/3817/416 4104/4104/421 4103/4103/421 
f 4103/4103/421 4104/4104/421 4095/4095/302 4096/4096/422 
f 3320/3320/457 4105/4105/1688 4106/4106/1689 3321/3321/457 
f 4105/4105/1688 4107/4107/1690 4108/4108/1691 4106/4106/1689 
f 3321/3321/457 4106/4106/1689 4109/4109/1692 3323/3323/457 
f 4106/4106/1689 4108/4108/1691 4110/4110/1693 4109/4109/1692 
f 4111/4111/1694 4112/4112/1695 4113/4113/1696 4114/4114/1697 
f 4114/4114/1697 4113/4113/1696 4115/4115/1698 4116/4116/1699 
f 4107/4107/1690 4111/4111/1694 4114/4114/1697 4108/4108/1691 
f 4108/4108/1691 4114/4114/1697 4116/4116/1699 4110/4110/1693 
f 4117/4117/1700 4118/4118/1701 4119/4119/1702 4120/4120/1703 
f 4118/4118/1701 4121/4121/1704 4122/4122/1705 4119/4119/1702 
f 4120/4120/1703 4119/4119/1702 4116/4116/1699 4115/4115/1698 
f 4119/4119/1702 4122/4122/1705 4110/4110/1693 4116/4116/1699 
f 4123/4123/1706 3325/3325/457 3328/3328/457 4124/4124/1707 
f 4124/4124/1707 3328/3328/457 3323/3323/457 4109/4109/1692 
f 4121/4121/1704 4123/4123/1706 4124/4124/1707 4122/4122/1705 
f 4122/4122/1705 4124/4124/1707 4109/4109/1692 4110/4110/1693 
f 3340/3340/457 4125/4125/1708 4126/4126/1709 3341/3341/457 
f 4125/4125/1708 4127/4127/1710 4128/4128/1711 4126/4126/1709 
f 3341/3341/457 4126/4126/1709 4129/4129/1712 3343/3343/457 
f 4126/4126/1709 4128/4128/1711 4130/4130/1713 4129/4129/1712 
f 4131/4131/1714 4132/4132/1715 4133/4133/1716 4134/4134/1717 
f 4134/4134/1717 4133/4133/1716 4135/4135/1718 4136/4136/1719 
f 4127/4127/1710 4131/4131/1714 4134/4134/1717 4128/4128/1711 
f 4128/4128/1711 4134/4134/1717 4136/4136/1719 4130/4130/1713 
f 4112/4112/1695 4111/4111/1694 4137/4137/1720 4138/4138/1721 
f 4111/4111/1694 4107/4107/1690 4139/4139/1722 4137/4137/1720 
f 4138/4138/1721 4137/4137/1720 4136/4136/1719 4135/4135/1718 
f 4137/4137/1720 4139/4139/1722 4130/4130/1713 4136/4136/1719 
f 4105/4105/1688 3320/3320/457 3346/3346/457 4140/4140/1723 
f 4140/4140/1723 3346/3346/457 3343/3343/457 4129/4129/1712 
f 4107/4107/1690 4105/4105/1688 4140/4140/1723 4139/4139/1722 
f 4139/4139/1722 4140/4140/1723 4129/4129/1712 4130/4130/1713 
f 3356/3356/457 4141/4141/1724 4142/4142/1725 3357/3357/457 
f 4141/4141/1724 4143/4143/1726 4144/4144/1727 4142/4142/1725 
f 3357/3357/457 4142/4142/1725 4145/4145/1728 3359/3359/457 
f 4142/4142/1725 4144/4144/1727 4146/4146/1729 4145/4145/1728 
f 4147/4147/1730 4148/4148/1731 4149/4149/1732 4150/4150/1733 
f 4150/4150/1733 4149/4149/1732 4151/4151/1734 4152/4152/1735 
f 4143/4143/1726 4147/4147/1730 4150/4150/1733 4144/4144/1727 
f 4144/4144/1727 4150/4150/1733 4152/4152/1735 4146/4146/1729 
f 4132/4132/1715 4131/4131/1714 4153/4153/1736 4154/4154/1737 
f 4131/4131/1714 4127/4127/1710 4155/4155/1738 4153/4153/1736 
f 4154/4154/1737 4153/4153/1736 4152/4152/1735 4151/4151/1734 
f 4153/4153/1736 4155/4155/1738 4146/4146/1729 4152/4152/1735 
f 4125/4125/1708 3340/3340/457 3362/3362/457 4156/4156/1739 
f 4156/4156/1739 3362/3362/457 3359/3359/457 4145/4145/1728 
f 4127/4127/1710 4125/4125/1708 4156/4156/1739 4155/4155/1738 
f 4155/4155/1738 4156/4156/1739 4145/4145/1728 4146/4146/1729 
f 3372/3372/457 4157/4157/1740 4158/4158/1741 3373/3373/457 
f 4157/4157/1740 4159/4159/1742 4160/4160/1743 4158/4158/1741 
f 3373/3373/457 4158/4158/1741 4161/4161/1744 3375/3375/457 
f 4158/4158/1741 4160/4160/1743 4162/4162/1745 4161/4161/1744 
f 4163/4163/1746 4164/4164/1747 4165/4165/1748 4166/4166/1749 
f 4166/4166/1749 4165/4165/1748 4167/4167/1750 4168/4168/1751 
f 4159/4159/1742 4163/4163/1746 4166/4166/1749 4160/4160/1743 
f 4160/4160/1743 4166/4166/1749 4168/4168/1751 4162/4162/1745 
f 4148/4148/1731 4147/4147/1730 4169/4169/1752 4170/4170/1753 
f 4147/4147/1730 4143/4143/1726 4171/4171/1754 4169/4169/1752 
f 4170/4170/1753 4169/4169/1752 4168/4168/1751 4167/4167/1750 
f 4169/4169/1752 4171/4171/1754 4162/4162/1745 4168/4168/1751 
f 4141/4141/1724 3356/3356/457 3378/3378/457 4172/4172/1755 
f 4172/4172/1755 3378/3378/457 3375/3375/457 4161/4161/1744 
f 4143/4143/1726 4141/4141/1724 4172/4172/1755 4171/4171/1754 
f 4171/4171/1754 4172/4172/1755 4161/4161/1744 4162/4162/1745 
f 3388/3388/457 4173/4173/1756 4174/4174/1757 3389/3389/457 
f 4173/4173/1756 4175/4175/1758 4176/4176/1759 4174/4174/1757 
f 3389/3389/457 4174/4174/1757 4177/4177/1760 3391/3391/457 
f 4174/4174/1757 4176/4176/1759 4178/4178/1761 4177/4177/1760 
f 4179/4179/1762 4180/4180/1763 4181/4181/1764 4182/4182/1765 
f 4182/4182/1765 4181/4181/1764 4183/4183/1766 4184/4184/1767 
f 4175/4175/1758 4179/4179/1762 4182/4182/1765 4176/4176/1759 
f 4176/4176/1759 4182/4182/1765 4184/4184/1767 4178/4178/1761 
f 4164/4164/1747 4163/4163/1746 4185/4185/1768 4186/4186/1769 
f 4163/4163/1746 4159/4159/1742 4187/4187/1770 4185/4185/1768 
f 4186/4186/1769 4185/4185/1768 4184/4184/1767 4183/4183/1766 
f 4185/4185/1768 4187/4187/1770 4178/4178/1761 4184/4184/1767 
f 4157/4157/1740 3372/3372/457 3394/3394/457 4188/4188/1771 
f 4188/4188/1771 3394/3394/457 3391/3391/457 4177/4177/1760 
f 4159/4159/1742 4157/4157/1740 4188/4188/1771 4187/4187/1770 
f 4187/4187/1770 4188/4188/1771 4177/4177/1760 4178/4178/1761 
f 3404/3404/457 4189/4189/1772 4190/4190/1773 3405/3405/457 
f 4189/4189/1772 4191/4191/1774 4192/4192/1775 4190/4190/1773 
f 3405/3405/457 4190/4190/1773 4193/4193/1776 3407/3407/457 
f 4190/4190/1773 4192/4192/1775 4194/4194/1777 4193/4193/1776 
f 4195/4195/1778 4196/4196/1779 4197/4197/1780 4198/4198/1781 
f 4198/4198/1781 4197/4197/1780 4199/4199/1782 4200/4200/1783 
f 4191/4191/1774 4195/4195/1778 4198/4198/1781 4192/4192/1775 
f 4192/4192/1775 4198/4198/1781 4200/4200/1783 4194/4194/1777 
f 4180/4180/1763 4179/4179/1762 4201/4201/1784 4202/4202/1785 
f 4179/4179/1762 4175/4175/1758 4203/4203/1786 4201/4201/1784 
f 4202/4202/1785 4201/4201/1784 4200/4200/1783 4199/4199/1782 
f 4201/4201/1784 4203/4203/1786 4194/4194/1777 4200/4200/1783 
f 4173/4173/1756 3388/3388/457 3410/3410/457 4204/4204/1787 
f 4204/4204/1787 3410/3410/457 3407/3407/457 4193/4193/1776 
f 4175/4175/1758 4173/4173/1756 4204/4204/1787 4203/4203/1786 
f 4203/4203/1786 4204/4204/1787 4193/4193/1776 4194/4194/1777 
f 3420/3420/457 4205/4205/1788 4206/4206/1789 3421/3421/457 
f 4205/4205/1788 4207/4207/1790 4208/4208/1791 4206/4206/1789 
f 3421/3421/457 4206/4206/1789 4209/4209/1792 3423/3423/457 
f 4206/4206/1789 4208/4208/1791 4210/4210/1793 4209/4209/1792 
f 4211/4211/1794 4212/4212/1795 4213/4213/1796 4214/4214/1797 
f 4214/4214/1797 4213/4213/1796 4215/4215/1798 4216/4216/1799 
f 4207/4207/1790 4211/4211/1794 4214/4214/1797 4208/4208/1791 
f 4208/4208/1791 4214/4214/1797 4216/4216/1799 4210/4210/1793 
f 4196/4196/1779 4195/4195/1778 4217/4217/1800 4218/4218/1801 
f 4195/4195/1778 4191/4191/1774 4219/4219/1802 4217/4217/1800 
f 4218/4218/1801 4217/4217/1800 4216/4216/1799 4215/4215/1798 
f 4217/4217/1800 4219/4219/1802 4210/4210/1793 4216/4216/1799 
f 4189/4189/1772 3404/3404/457 3426/3426/457 4220/4220/1803 
f 4220/4220/1803 3426/3426/457 3423/3423/457 4209/4209/1792 
f 4191/4191/1774 4189/4189/1772 4220/4220/1803 4219/4219/1802 
f 4219/4219/1802 4220/4220/1803 4209/4209/1792 4210/4210/1793 
f 3436/3436/457 4221/4221/1804 4222/4222/1805 3437/3437/457 
f 4221/4221/1804 4223/4223/1806 4224/4224/1807 4222/4222/1805 
f 3437/3437/457 4222/4222/1805 4225/4225/1808 3439/3439/457 
f 4222/4222/1805 4224/4224/1807 4226/4226/1809 4225/4225/1808 
f 4227/4227/1810 4228/4228/1811 4229/4229/1812 4230/4230/1813 
f 4230/4230/1813 4229/4229/1812 4231/4231/1814 4232/4232/1815 
f 4223/4223/1806 4227/4227/1810 4230/4230/1813 4224/4224/1807 
f 4224/4224/1807 4230/4230/1813 4232/4232/1815 4226/4226/1809 
f 4212/4212/1795 4211/4211/1794 4233/4233/1816 4234/4234/1817 
f 4211/4211/1794 4207/4207/1790 4235/4235/1818 4233/4233/1816 
f 4234/4234/1817 4233/4233/1816 4232/4232/1815 4231/4231/1814 
f 4233/4233/1816 4235/4235/1818 4226/4226/1809 4232/4232/1815 
f 4205/4205/1788 3420/3420/457 3442/3442/457 4236/4236/1819 
f 4236/4236/1819 3442/3442/457 3439/3439/457 4225/4225/1808 
f 4207/4207/1790 4205/4205/1788 4236/4236/1819 4235/4235/1818 
f 4235/4235/1818 4236/4236/1819 4225/4225/1808 4226/4226/1809 
f 3452/3452/457 4237/4237/1820 4238/4238/1821 3453/3453/457 
f 4237/4237/1820 4239/4239/1822 4240/4240/1823 4238/4238/1821 
f 3453/3453/457 4238/4238/1821 4241/4241/1824 3455/3455/457 
f 4238/4238/1821 4240/4240/1823 4242/4242/1825 4241/4241/1824 
f 4243/4243/1826 4244/4244/1827 4245/4245/1828 4246/4246/1829 
f 4246/4246/1829 4245/4245/1828 4247/4247/1830 4248/4248/1831 
f 4239/4239/1822 4243/4243/1826 4246/4246/1829 4240/4240/1823 
f 4240/4240/1823 4246/4246/1829 4248/4248/1831 4242/4242/1825 
f 4228/4228/1811 4227/4227/1810 4249/4249/1832 4250/4250/1833 
f 4227/4227/1810 4223/4223/1806 4251/4251/1834 4249/4249/1832 
f 4250/4250/1833 4249/4249/1832 4248/4248/1831 4247/4247/1830 
f 4249/4249/1832 4251/4251/1834 4242/4242/1825 4248/4248/1831 
f 4221/4221/1804 3436/3436/457 3458/3458/457 4252/4252/1835 
f 4252/4252/1835 3458/3458/457 3455/3455/457 4241/4241/1824 
f 4223/4223/1806 4221/4221/1804 4252/4252/1835 4251/4251/1834 
f 4251/4251/1834 4252/4252/1835 4241/4241/1824 4242/4242/1825 
f 3468/3468/457 4253/4253/1836 4254/4254/1837 3469/3469/457 
f 4253/4253/1836 4255/4255/1838 4256/4256/1839 4254/4254/1837 
f 3469/3469/457 4254/4254/1837 4257/4257/1840 3471/3471/457 
f 4254/4254/1837 4256/4256/1839 4258/4258/1841 4257/4257/1840 
f 4259/4259/1842 4260/4260/1843 4261/4261/1844 4262/4262/1845 
f 4262/4262/1845 4261/4261/1844 4263/4263/1846 4264/4264/1847 
f 4255/4255/1838 4259/4259/1842 4262/4262/1845 4256/4256/1839 
f 4256/4256/1839 4262/4262/1845 4264/4264/1847 4258/4258/1841 
f 4244/4244/1827 4243/4243/1826 4265/4265/1848 4266/4266/1849 
f 4243/4243/1826 4239/4239/1822 4267/4267/1850 4265/4265/1848 
f 4266/4266/1849 4265/4265/1848 4264/4264/1847 4263/4263/1846 
f 4265/4265/1848 4267/4267/1850 4258/4258/1841 4264/4264/1847 
f 4237/4237/1820 3452/3452/457 3474/3474/457 4268/4268/1851 
f 4268/4268/1851 3474/3474/457 3471/3471/457 4257/4257/1840 
f 4239/4239/1822 4237/4237/1820 4268/4268/1851 4267/4267/1850 
f 4267/4267/1850 4268/4268/1851 4257/4257/1840 4258/4258/1841 
f 3484/3484/457 4269/4269/1852 4270/4270/1853 3485/3485/457 
f 4269/4269/1852 4271/4271/1854 4272/4272/1855 4270/4270/1853 
f 3485/3485/457 4270/4270/1853 4273/4273/1856 3487/3487/457 
f 4270/4270/1853 4272/4272/1855 4274/4274/1857 4273/4273/1856 
f 4275/4275/1858 4276/4276/1859 4277/4277/1860 4278/4278/1861 
f 4278/4278/1861 4277/4277/1860 4279/4279/1862 4280/4280/1863 
f 4271/4271/1854 4275/4275/1858 4278/4278/1861 4272/4272/1855 
f 4272/4272/1855 4278/4278/1861 4280/4280/1863 4274/4274/1857 
f 4260/4260/1843 4259/4259/1842 4281/4281/1864 4282/4282/1865 
f 4259/4259/1842 4255/4255/1838 4283/4283/1866 4281/4281/1864 
f 4282/4282/1865 4281/4281/1864 4280/4280/1863 4279/4279/1862 
f 4281/4281/1864 4283/4283/1866 4274/4274/1857 4280/4280/1863 
f 4253/4253/1836 3468/3468/457 3490/3490/457 4284/4284/1867 
f 4284/4284/1867 3490/3490/457 3487/3487/457 4273/4273/1856 
f 4255/4255/1838 4253/4253/1836 4284/4284/1867 4283/4283/1866 
f 4283/4283/1866 4284/4284/1867 4273/4273/1856 4274/4274/1857 
f 3500/3500/457 4285/4285/1868 4286/4286/1869 3501/3501/457 
f 4285/4285/1868 4287/4287/1870 4288/4288/1871 4286/4286/1869 
f 3501/4789/457 4286/4788/1869 4289/4289/1872 3503/3503/457 
f 4286/4788/1869 4288/4792/1871 4290/4290/1873 4289/4289/1872 
f 4291/4291/1874 4292/4292/1875 4293/4793/1876 4294/4294/1877 
f 4294/4791/1877 4293/4293/1876 4295/4295/1878 4296/4296/1879 
f 4287/4287/1870 4291/4291/1874 4294/4294/1877 4288/4288/1871 
f 4288/4792/1871 4294/4791/1877 4296/4296/1879 4290/4290/1873 
f 4276/4276/1859 4275/4275/1858 4297/4297/1880 4298/4298/1881 
f 4275/4275/1858 4271/4271/1854 4299/4299/1882 4297/4297/1880 
f 4298/4298/1881 4297/4297/1880 4296/4296/1879 4295/4295/1878 
f 4297/4297/1880 4299/4299/1882 4290/4290/1873 4296/4296/1879 
f 4269/4269/1852 3484/3484/457 3506/3506/457 4300/4300/1883 
f 4300/4300/1883 3506/3506/457 3503/3503/457 4289/4289/1872 
f 4271/4271/1854 4269/4269/1852 4300/4300/1883 4299/4299/1882 
f 4299/4299/1882 4300/4300/1883 4289/4289/1872 4290/4290/1873 
f 3516/3516/457 4301/4301/1884 4302/4302/1885 3517/3517/457 
f 4301/4301/1884 4303/4303/1886 4304/4304/1887 4302/4302/1885 
f 3517/3517/457 4302/4302/1885 4305/4305/1888 3519/3519/457 
f 4302/4302/1885 4304/4304/1887 4306/4306/1889 4305/4305/1888 
f 4307/4307/1890 4308/4308/1891 4309/4309/1892 4310/4310/1893 
f 4310/4310/1893 4309/4309/1892 4311/4311/1894 4312/4312/1895 
f 4303/4303/1886 4307/4307/1890 4310/4310/1893 4304/4304/1887 
f 4304/4304/1887 4310/4310/1893 4312/4312/1895 4306/4306/1889 
f 4292/4292/1875 4291/4291/1874 4313/4313/1896 4314/4314/1897 
f 4291/4291/1874 4287/4287/1870 4315/4315/1898 4313/4313/1896 
f 4314/4314/1897 4313/4313/1896 4312/4312/1895 4311/4311/1894 
f 4313/4313/1896 4315/4315/1898 4306/4306/1889 4312/4312/1895 
f 4285/4285/1868 3500/3500/457 3522/3522/457 4316/4316/1899 
f 4316/4316/1899 3522/3522/457 3519/3519/457 4305/4305/1888 
f 4287/4287/1870 4285/4285/1868 4316/4316/1899 4315/4315/1898 
f 4315/4315/1898 4316/4316/1899 4305/4305/1888 4306/4306/1889 
f 3532/3532/457 4317/4317/1900 4318/4318/1901 3533/3533/457 
f 4317/4317/1900 4319/4319/1902 4320/4320/1903 4318/4318/1901 
f 3533/3533/457 4318/4318/1901 4321/4321/1904 3535/3535/457 
f 4318/4318/1901 4320/4320/1903 4322/4322/1905 4321/4321/1904 
f 4323/4323/1906 4324/4324/1907 4325/4325/1908 4326/4326/1909 
f 4326/4326/1909 4325/4325/1908 4327/4327/1910 4328/4328/1911 
f 4319/4319/1902 4323/4323/1906 4326/4326/1909 4320/4320/1903 
f 4320/4320/1903 4326/4326/1909 4328/4328/1911 4322/4322/1905 
f 4308/4308/1891 4307/4307/1890 4329/4329/1912 4330/4330/1913 
f 4307/4307/1890 4303/4303/1886 4331/4331/1914 4329/4329/1912 
f 4330/4330/1913 4329/4329/1912 4328/4328/1911 4327/4327/1910 
f 4329/4329/1912 4331/4331/1914 4322/4322/1905 4328/4328/1911 
f 4301/4301/1884 3516/3516/457 3538/3538/457 4332/4332/1915 
f 4332/4332/1915 3538/3538/457 3535/3535/457 4321/4321/1904 
f 4303/4303/1886 4301/4301/1884 4332/4332/1915 4331/4331/1914 
f 4331/4331/1914 4332/4332/1915 4321/4321/1904 4322/4322/1905 
f 3548/3548/457 4333/4333/1916 4334/4334/1917 3549/3549/457 
f 4333/4333/1916 4335/4335/1918 4336/4336/1919 4334/4334/1917 
f 3549/3549/457 4334/4334/1917 4337/4337/1920 3551/3551/457 
f 4334/4334/1917 4336/4336/1919 4338/4338/1921 4337/4337/1920 
f 4339/4339/1922 4340/4340/1923 4341/4341/1924 4342/4342/1925 
f 4342/4342/1925 4341/4341/1924 4343/4343/1926 4344/4344/1927 
f 4335/4335/1918 4339/4339/1922 4342/4342/1925 4336/4336/1919 
f 4336/4336/1919 4342/4342/1925 4344/4344/1927 4338/4338/1921 
f 4324/4324/1907 4323/4323/1906 4345/4345/1928 4346/4346/1929 
f 4323/4323/1906 4319/4319/1902 4347/4347/1930 4345/4345/1928 
f 4346/4346/1929 4345/4345/1928 4344/4344/1927 4343/4343/1926 
f 4345/4345/1928 4347/4347/1930 4338/4338/1921 4344/4344/1927 
f 4317/4317/1900 3532/3532/457 3554/3554/457 4348/4348/1931 
f 4348/4348/1931 3554/3554/457 3551/3551/457 4337/4337/1920 
f 4319/4319/1902 4317/4317/1900 4348/4348/1931 4347/4347/1930 
f 4347/4347/1930 4348/4348/1931 4337/4337/1920 4338/4338/1921 
f 3564/3564/457 4349/4349/1932 4350/4350/1933 3565/3565/457 
f 4349/4349/1932 4351/4351/1934 4352/4352/1935 4350/4350/1933 
f 3565/3565/457 4350/4350/1933 4353/4353/1936 3567/3567/457 
f 4350/4350/1933 4352/4352/1935 4354/4354/1937 4353/4353/1936 
f 4355/4355/1938 4356/4356/1939 4357/4357/1940 4358/4358/1941 
f 4358/4358/1941 4357/4357/1940 4359/4359/1942 4360/4360/1943 
f 4351/4351/1934 4355/4355/1938 4358/4358/1941 4352/4352/1935 
f 4352/4352/1935 4358/4358/1941 4360/4360/1943 4354/4354/1937 
f 4340/4340/1923 4339/4339/1922 4361/4361/1944 4362/4362/1945 
f 4339/4339/1922 4335/4335/1918 4363/4363/1946 4361/4361/1944 
f 4362/4362/1945 4361/4361/1944 4360/4360/1943 4359/4359/1942 
f 4361/4361/1944 4363/4363/1946 4354/4354/1937 4360/4360/1943 
f 4333/4333/1916 3548/3548/457 3570/3570/457 4364/4364/1947 
f 4364/4364/1947 3570/3570/457 3567/3567/457 4353/4353/1936 
f 4335/4335/1918 4333/4333/1916 4364/4364/1947 4363/4363/1946 
f 4363/4363/1946 4364/4364/1947 4353/4353/1936 4354/4354/1937 
f 3580/3580/457 4365/4365/1948 4366/4366/1949 3581/3581/457 
f 4365/4365/1948 4367/4367/1950 4368/4368/1951 4366/4366/1949 
f 3581/3581/457 4366/4366/1949 4369/4369/1952 3583/3583/457 
f 4366/4366/1949 4368/4368/1951 4370/4370/1953 4369/4369/1952 
f 4371/4371/1954 4372/4372/1955 4373/4373/1956 4374/4374/1957 
f 4374/4374/1957 4373/4373/1956 4375/4375/1958 4376/4376/1959 
f 4367/4367/1950 4371/4371/1954 4374/4374/1957 4368/4368/1951 
f 4368/4368/1951 4374/4374/1957 4376/4376/1959 4370/4370/1953 
f 4356/4356/1939 4355/4355/1938 4377/4377/1960 4378/4378/1961 
f 4355/4355/1938 4351/4351/1934 4379/4379/1962 4377/4377/1960 
f 4378/4378/1961 4377/4377/1960 4376/4376/1959 4375/4375/1958 
f 4377/4377/1960 4379/4379/1962 4370/4370/1953 4376/4376/1959 
f 4349/4349/1932 3564/3564/457 3586/3586/457 4380/4380/1963 
f 4380/4380/1963 3586/3586/457 3583/3583/457 4369/4369/1952 
f 4351/4351/1934 4349/4349/1932 4380/4380/1963 4379/4379/1962 
f 4379/4379/1962 4380/4380/1963 4369/4369/1952 4370/4370/1953 
f 3325/3325/457 4123/4123/1706 4381/4381/1964 3593/3593/457 
f 4123/4123/1706 4121/4121/1704 4382/4382/1965 4381/4381/1964 
f 3593/3593/457 4381/4381/1964 4383/4383/1966 3595/3595/457 
f 4381/4381/1964 4382/4382/1965 4384/4384/1967 4383/4383/1966 
f 4118/4118/1701 4117/4117/1700 4385/4385/1968 4386/4386/1969 
f 4386/4386/1969 4385/4385/1968 4387/4387/1970 4388/4388/1971 
f 4121/4121/1704 4118/4118/1701 4386/4386/1969 4382/4382/1965 
f 4382/4382/1965 4386/4386/1969 4388/4388/1971 4384/4384/1967 
f 4372/4372/1955 4371/4371/1954 4389/4389/1972 4390/4390/1973 
f 4371/4371/1954 4367/4367/1950 4391/4391/1974 4389/4389/1972 
f 4390/4390/1973 4389/4389/1972 4388/4388/1971 4387/4387/1970 
f 4389/4389/1972 4391/4391/1974 4384/4384/1967 4388/4388/1971 
f 4365/4365/1948 3580/3580/457 3598/3598/457 4392/4392/1975 
f 4392/4392/1975 3598/3598/457 3595/3595/457 4383/4383/1966 
f 4367/4367/1950 4365/4365/1948 4392/4392/1975 4391/4391/1974 
f 4391/4391/1974 4392/4392/1975 4383/4383/1966 4384/4384/1967 
f 3824/3824/416 4393/4393/1976 4394/4394/1977 3825/3825/279 
f 4393/4393/1976 4395/4395/1978 4396/4396/1979 4394/4394/1977 
f 3825/3825/279 4394/4394/1977 4397/4397/1980 3827/3827/420 
f 4394/4394/1977 4396/4396/1979 4398/4398/1981 4397/4397/1980 
f 4399/4399/1982 4324/4734/1907 4346/4731/1929 4400/4400/1983 
f 4400/4400/1983 4346/4731/1929 4343/4728/1926 4401/4401/1984 
f 4395/4395/1978 4399/4399/1982 4400/4400/1983 4396/4396/1979 
f 4396/4396/1979 4400/4400/1983 4401/4401/1984 4398/4398/1981 
f 4340/4722/1923 4402/4402/1985 4403/4403/1986 4341/4725/1924 
f 4402/4402/1985 4404/4404/1987 4405/4405/1988 4403/4403/1986 
f 4341/4725/1924 4403/4403/1986 4401/4401/1984 4343/4728/1926 
f 4403/4403/1986 4405/4405/1988 4398/4398/1981 4401/4401/1984 
f 4406/4406/1989 3829/3829/412 3832/3832/415 4407/4407/1990 
f 4407/4407/1990 3832/3832/415 3827/3827/420 4397/4397/1980 
f 4404/4404/1987 4406/4406/1989 4407/4407/1990 4405/4405/1988 
f 4405/4405/1988 4407/4407/1990 4397/4397/1980 4398/4398/1981 
f 3829/3829/412 4406/4406/1989 4408/4408/1991 3841/3841/259 
f 4406/4406/1989 4404/4404/1987 4409/4409/1992 4408/4408/1991 
f 3841/3841/259 4408/4408/1991 4410/4410/1993 3843/3843/1681 
f 4408/4408/1991 4409/4409/1992 4411/4411/1994 4410/4410/1993 
f 4402/4402/1985 4340/4722/1923 4362/4719/1945 4412/4412/1995 
f 4412/4412/1995 4362/4719/1945 4359/4718/1942 4413/4413/1996 
f 4404/4404/1987 4402/4402/1985 4412/4412/1995 4409/4409/1992 
f 4409/4409/1992 4412/4412/1995 4413/4413/1996 4411/4411/1994 
f 4356/4713/1939 4414/4414/1997 4415/4415/1998 4357/4715/1940 
f 4414/4414/1997 4416/4416/1999 4417/4417/2000 4415/4415/1998 
f 4357/4715/1940 4415/4415/1998 4413/4413/1996 4359/4718/1942 
f 4415/4415/1998 4417/4417/2000 4411/4411/1994 4413/4413/1996 
f 4418/4418/2001 3845/3845/238 3848/3848/410 4419/4419/2002 
f 4419/4419/2002 3848/3848/410 3843/3843/1681 4410/4410/1993 
f 4416/4416/1999 4418/4418/2001 4419/4419/2002 4417/4417/2000 
f 4417/4417/2000 4419/4419/2002 4410/4410/1993 4411/4411/1994 
f 3845/3845/238 4418/4418/2001 4420/4420/2003 3857/3857/239 
f 4418/4418/2001 4416/4416/1999 4421/4421/2004 4420/4420/2003 
f 3857/3857/239 4420/4420/2003 4422/4422/2005 3859/3859/407 
f 4420/4420/2003 4421/4421/2004 4423/4423/2006 4422/4422/2005 
f 4414/4414/1997 4356/4713/1939 4378/4702/1961 4424/4424/2007 
f 4424/4424/2007 4378/4702/1961 4375/4710/1958 4425/4425/2008 
f 4416/4416/1999 4414/4414/1997 4424/4424/2007 4421/4421/2004 
f 4421/4421/2004 4424/4424/2007 4425/4425/2008 4423/4423/2006 
f 4372/4684/1955 4426/4426/2009 4427/4427/2010 4373/4707/1956 
f 4426/4426/2009 4428/4428/2011 4429/4429/2012 4427/4427/2010 
f 4373/4707/1956 4427/4427/2010 4425/4425/2008 4375/4710/1958 
f 4427/4427/2010 4429/4429/2012 4423/4423/2006 4425/4425/2008 
f 4430/4430/2013 3861/3861/405 3864/3864/406 4431/4431/2014 
f 4431/4431/2014 3864/3864/406 3859/3859/407 4422/4422/2005 
f 4428/4428/2011 4430/4430/2013 4431/4431/2014 4429/4429/2012 
f 4429/4429/2012 4431/4431/2014 4422/4422/2005 4423/4423/2006 
f 3861/3861/405 4430/4430/2013 4432/4432/2015 3873/3873/219 
f 4430/4430/2013 4428/4428/2011 4433/4433/2016 4432/4432/2015 
f 3873/3873/219 4432/4432/2015 4434/4434/2017 3875/3875/403 
f 4432/4432/2015 4433/4433/2016 4435/4435/2018 4434/4434/2017 
f 4426/4426/2009 4372/4684/1955 4390/4705/1973 4436/4436/2019 
f 4436/4436/2019 4390/4705/1973 4387/4695/1970 4437/4437/2020 
f 4428/4428/2011 4426/4426/2009 4436/4436/2019 4433/4433/2016 
f 4433/4433/2016 4436/4436/2019 4437/4437/2020 4435/4435/2018 
f 4117/4685/1700 4438/4438/2021 4439/4439/2022 4385/4704/1968 
f 4438/4438/2021 4440/4440/2023 4441/4441/2024 4439/4439/2022 
f 4385/4704/1968 4439/4439/2022 4437/4437/2020 4387/4695/1970 
f 4439/4439/2022 4441/4441/2024 4435/4435/2018 4437/4437/2020 
f 4442/4442/2025 3877/3877/198 3880/3880/404 4443/4443/2026 
f 4443/4443/2026 3880/3880/404 3875/3875/403 4434/4434/2017 
f 4440/4440/2023 4442/4442/2025 4443/4443/2026 4441/4441/2024 
f 4441/4441/2024 4443/4443/2026 4434/4434/2017 4435/4435/2018 
f 3877/3877/198 4442/4442/2025 4444/4444/2027 3889/3889/199 
f 4442/4442/2025 4440/4440/2023 4445/4445/2028 4444/4444/2027 
f 3889/3889/199 4444/4444/2027 4446/4446/2029 3891/3891/402 
f 4444/4444/2027 4445/4445/2028 4447/4447/2030 4446/4446/2029 
f 4438/4438/2021 4117/4685/1700 4120/4699/1703 4448/4448/2031 
f 4448/4448/2031 4120/4699/1703 4115/4703/1698 4449/4449/2032 
f 4440/4440/2023 4438/4438/2021 4448/4448/2031 4445/4445/2028 
f 4445/4445/2028 4448/4448/2031 4449/4449/2032 4447/4447/2030 
f 4112/4700/1695 4450/4450/2033 4451/4451/2034 4113/4701/1696 
f 4450/4450/2033 4452/4452/2035 4453/4453/2036 4451/4451/2034 
f 4113/4701/1696 4451/4451/2034 4449/4449/2032 4115/4703/1698 
f 4451/4451/2034 4453/4453/2036 4447/4447/2030 4449/4449/2032 
f 4454/4454/2037 3893/3893/398 3896/3896/204 4455/4455/2038 
f 4455/4455/2038 3896/3896/204 3891/3891/402 4446/4446/2029 
f 4452/4452/2035 4454/4454/2037 4455/4455/2038 4453/4453/2036 
f 4453/4453/2036 4455/4455/2038 4446/4446/2029 4447/4447/2030 
f 3893/3893/398 4454/4454/2037 4456/4456/2039 3905/3905/179 
f 4454/4454/2037 4452/4452/2035 4457/4457/2040 4456/4456/2039 
f 3905/3905/179 4456/4456/2039 4458/4458/2041 3907/3907/182 
f 4456/4456/2039 4457/4457/2040 4459/4459/2042 4458/4458/2041 
f 4450/4450/2033 4112/4700/1695 4138/4698/1721 4460/4460/2043 
f 4460/4460/2043 4138/4698/1721 4135/4693/1718 4461/4461/2044 
f 4452/4452/2035 4450/4450/2033 4460/4460/2043 4457/4457/2040 
f 4457/4457/2040 4460/4460/2043 4461/4461/2044 4459/4459/2042 
f 4132/4752/1715 4462/4462/2045 4463/4463/2046 4133/4689/1716 
f 4462/4462/2045 4464/4464/2047 4465/4465/2048 4463/4463/2046 
f 4133/4689/1716 4463/4463/2046 4461/4461/2044 4135/4693/1718 
f 4463/4463/2046 4465/4465/2048 4459/4459/2042 4461/4461/2044 
f 4466/4466/2049 3909/3909/158 3912/3912/184 4467/4467/2050 
f 4467/4467/2050 3912/3912/184 3907/3907/182 4458/4458/2041 
f 4464/4464/2047 4466/4466/2049 4467/4467/2050 4465/4465/2048 
f 4465/4465/2048 4467/4467/2050 4458/4458/2041 4459/4459/2042 
f 3909/3909/158 4466/4466/2049 4468/4468/2051 3921/3921/159 
f 4466/4466/2049 4464/4464/2047 4469/4469/2052 4468/4468/2051 
f 3921/3921/159 4468/4468/2051 4470/4470/2053 3923/3923/162 
f 4468/4468/2051 4469/4469/2052 4471/4471/2054 4470/4470/2053 
f 4462/4462/2045 4132/4752/1715 4154/4751/1737 4472/4472/2055 
f 4472/4472/2055 4154/4751/1737 4151/4750/1734 4473/4473/2056 
f 4464/4464/2047 4462/4462/2045 4472/4472/2055 4469/4469/2052 
f 4469/4469/2052 4472/4472/2055 4473/4473/2056 4471/4471/2054 
f 4148/4748/1731 4474/4474/2057 4475/4475/2058 4149/4749/1732 
f 4474/4474/2057 4476/4476/2059 4477/4477/2060 4475/4475/2058 
f 4149/4749/1732 4475/4475/2058 4473/4473/2056 4151/4750/1734 
f 4475/4475/2058 4477/4477/2060 4471/4471/2054 4473/4473/2056 
f 4478/4478/2061 3925/3925/138 3928/3928/392 4479/4479/2062 
f 4479/4479/2062 3928/3928/392 3923/3923/162 4470/4470/2053 
f 4476/4476/2059 4478/4478/2061 4479/4479/2062 4477/4477/2060 
f 4477/4477/2060 4479/4479/2062 4470/4470/2053 4471/4471/2054 
f 3925/3925/138 4478/4478/2061 4480/4480/2063 3937/3937/139 
f 4478/4478/2061 4476/4476/2059 4481/4481/2064 4480/4480/2063 
f 3937/3937/139 4480/4480/2063 4482/4482/2065 3939/3939/142 
f 4480/4480/2063 4481/4481/2064 4483/4483/2066 4482/4482/2065 
f 4474/4474/2057 4148/4748/1731 4170/4747/1753 4484/4484/2067 
f 4484/4484/2067 4170/4747/1753 4167/4746/1750 4485/4485/2068 
f 4476/4476/2059 4474/4474/2057 4484/4484/2067 4481/4481/2064 
f 4481/4481/2064 4484/4484/2067 4485/4485/2068 4483/4483/2066 
f 4164/4714/1747 4486/4486/2069 4487/4487/2070 4165/4745/1748 
f 4486/4486/2069 4488/4488/2071 4489/4489/2072 4487/4487/2070 
f 4165/4745/1748 4487/4487/2070 4485/4485/2068 4167/4746/1750 
f 4487/4487/2070 4489/4489/2072 4483/4483/2066 4485/4485/2068 
f 4490/4490/2073 3941/3941/118 3944/3944/388 4491/4491/2074 
f 4491/4491/2074 3944/3944/388 3939/3939/142 4482/4482/2065 
f 4488/4488/2071 4490/4490/2073 4491/4491/2074 4489/4489/2072 
f 4489/4489/2072 4491/4491/2074 4482/4482/2065 4483/4483/2066 
f 3941/3941/118 4490/4490/2073 4492/4492/2075 3953/3953/442 
f 4490/4490/2073 4488/4488/2071 4493/4493/2076 4492/4492/2075 
f 3953/3953/442 4492/4492/2075 4494/4494/2077 3955/3955/384 
f 4492/4492/2075 4493/4493/2076 4495/4495/2078 4494/4494/2077 
f 4486/4486/2069 4164/4714/1747 4186/4738/1769 4496/4496/2079 
f 4496/4496/2079 4186/4738/1769 4183/4735/1766 4497/4497/2080 
f 4488/4488/2071 4486/4486/2069 4496/4496/2079 4493/4493/2076 
f 4493/4493/2076 4496/4496/2079 4497/4497/2080 4495/4495/2078 
f 4180/4706/1763 4498/4498/2081 4499/4499/2082 4181/4681/1764 
f 4498/4498/2081 4500/4500/2083 4501/4501/2084 4499/4499/2082 
f 4181/4681/1764 4499/4499/2082 4497/4497/2080 4183/4735/1766 
f 4499/4499/2082 4501/4501/2084 4495/4495/2078 4497/4497/2080 
f 4502/4502/2085 3957/3957/379 3960/3960/124 4503/4503/2086 
f 4503/4503/2086 3960/3960/124 3955/3955/384 4494/4494/2077 
f 4500/4500/2083 4502/4502/2085 4503/4503/2086 4501/4501/2084 
f 4501/4501/2084 4503/4503/2086 4494/4494/2077 4495/4495/2078 
f 3957/3957/379 4502/4502/2085 4504/4504/2087 3969/3969/380 
f 4502/4502/2085 4500/4500/2083 4505/4505/2088 4504/4504/2087 
f 3969/3969/380 4504/4504/2087 4506/4506/2089 3971/3971/1684 
f 4504/4504/2087 4505/4505/2088 4507/4507/2090 4506/4506/2089 
f 4498/4498/2081 4180/4706/1763 4202/4694/1785 4508/4508/2091 
f 4508/4508/2091 4202/4694/1785 4199/4690/1782 4509/4509/2092 
f 4500/4500/2083 4498/4498/2081 4508/4508/2091 4505/4505/2088 
f 4505/4505/2088 4508/4508/2091 4509/4509/2092 4507/4507/2090 
f 4196/4732/1779 4510/4510/2093 4511/4511/2094 4197/4686/1780 
f 4510/4510/2093 4512/4512/2095 4513/4513/2096 4511/4511/2094 
f 4197/4686/1780 4511/4511/2094 4509/4509/2092 4199/4690/1782 
f 4511/4511/2094 4513/4513/2096 4507/4507/2090 4509/4509/2092 
f 4514/4514/2097 3973/3973/377 3976/3976/104 4515/4515/2098 
f 4515/4515/2098 3976/3976/104 3971/3971/1684 4506/4506/2089 
f 4512/4512/2095 4514/4514/2097 4515/4515/2098 4513/4513/2096 
f 4513/4513/2096 4515/4515/2098 4506/4506/2089 4507/4507/2090 
f 3973/3973/377 4514/4514/2097 4516/4516/2099 3985/3985/376 
f 4514/4514/2097 4512/4512/2095 4517/4517/2100 4516/4516/2099 
f 3985/3985/376 4516/4516/2099 4518/4518/2101 3987/3987/82 
f 4516/4516/2099 4517/4517/2100 4519/4519/2102 4518/4518/2101 
f 4510/4510/2093 4196/4732/1779 4218/4729/1801 4520/4520/2103 
f 4520/4520/2103 4218/4729/1801 4215/4726/1798 4521/4521/2104 
f 4512/4512/2095 4510/4510/2093 4520/4520/2103 4517/4517/2100 
f 4517/4517/2100 4520/4520/2103 4521/4521/2104 4519/4519/2102 
f 4212/4720/1795 4522/4522/2105 4523/4523/2106 4213/4723/1796 
f 4522/4522/2105 4524/4524/2107 4525/4525/2108 4523/4523/2106 
f 4213/4723/1796 4523/4523/2106 4521/4521/2104 4215/4726/1798 
f 4523/4523/2106 4525/4525/2108 4519/4519/2102 4521/4521/2104 
f 4526/4526/2109 3989/3989/58 3992/3992/84 4527/4527/2110 
f 4527/4527/2110 3992/3992/84 3987/3987/82 4518/4518/2101 
f 4524/4524/2107 4526/4526/2109 4527/4527/2110 4525/4525/2108 
f 4525/4525/2108 4527/4527/2110 4518/4518/2101 4519/4519/2102 
f 3989/3989/58 4526/4526/2109 4528/4528/2111 4001/4001/370 
f 4526/4526/2109 4524/4524/2107 4529/4529/2112 4528/4528/2111 
f 4001/4001/370 4528/4528/2111 4530/4530/2113 4003/4003/369 
f 4528/4528/2111 4529/4529/2112 4531/4531/2114 4530/4530/2113 
f 4522/4522/2105 4212/4720/1795 4234/4743/1817 4532/4532/2115 
f 4532/4532/2115 4234/4743/1817 4231/4741/1814 4533/4533/2116 
f 4524/4524/2107 4522/4522/2105 4532/4532/2115 4529/4529/2112 
f 4529/4529/2112 4532/4532/2115 4533/4533/2116 4531/4531/2114 
f 4228/4716/1811 4534/4534/2117 4535/4535/2118 4229/4711/1812 
f 4534/4534/2117 4536/4536/2119 4537/4537/2120 4535/4535/2118 
f 4229/4711/1812 4535/4535/2118 4533/4533/2116 4231/4741/1814 
f 4535/4535/2118 4537/4537/2120 4531/4531/2114 4533/4533/2116 
f 4538/4538/2121 4005/4005/38 4008/4008/64 4539/4539/2122 
f 4539/4539/2122 4008/4008/64 4003/4003/369 4530/4530/2113 
f 4536/4536/2119 4538/4538/2121 4539/4539/2122 4537/4537/2120 
f 4537/4537/2120 4539/4539/2122 4530/4530/2113 4531/4531/2114 
f 4005/4005/38 4538/4538/2121 4540/4540/2123 4017/4017/39 
f 4538/4538/2121 4536/4536/2119 4541/4541/2124 4540/4540/2123 
f 4017/4017/39 4540/4540/2123 4542/4542/2125 4019/4019/366 
f 4540/4540/2123 4541/4541/2124 4543/4543/2126 4542/4542/2125 
f 4534/4534/2117 4228/4716/1811 4250/4739/1833 4544/4544/2127 
f 4544/4544/2127 4250/4739/1833 4247/4736/1830 4545/4545/2128 
f 4536/4536/2119 4534/4534/2117 4544/4544/2127 4541/4541/2124 
f 4541/4541/2124 4544/4544/2127 4545/4545/2128 4543/4543/2126 
f 4244/4708/1827 4546/4546/2129 4547/4547/2130 4245/4682/1828 
f 4546/4546/2129 4548/4548/2131 4549/4549/2132 4547/4547/2130 
f 4245/4682/1828 4547/4547/2130 4545/4545/2128 4247/4736/1830 
f 4547/4547/2130 4549/4549/2132 4543/4543/2126 4545/4545/2128 
f 4550/4550/2133 4021/4021/16 4024/4024/44 4551/4551/2134 
f 4551/4551/2134 4024/4024/44 4019/4019/366 4542/4542/2125 
f 4548/4548/2131 4550/4550/2133 4551/4551/2134 4549/4549/2132 
f 4549/4549/2132 4551/4551/2134 4542/4542/2125 4543/4543/2126 
f 4021/4021/16 4550/4550/2133 4552/4552/2135 4033/4033/17 
f 4550/4550/2133 4548/4548/2131 4553/4553/2136 4552/4552/2135 
f 4033/4033/17 4552/4552/2135 4554/4554/2137 4035/4035/362 
f 4552/4552/2135 4553/4553/2136 4555/4555/2138 4554/4554/2137 
f 4546/4546/2129 4244/4708/1827 4266/4696/1849 4556/4556/2139 
f 4556/4556/2139 4266/4696/1849 4263/4691/1846 4557/4557/2140 
f 4548/4548/2131 4546/4546/2129 4556/4556/2139 4553/4553/2136 
f 4553/4553/2136 4556/4556/2139 4557/4557/2140 4555/4555/2138 
f 4260/4733/1843 4558/4558/2141 4559/4559/2142 4261/4687/1844 
f 4558/4558/2141 4560/4560/2143 4561/4561/2144 4559/4559/2142 
f 4261/4687/1844 4559/4559/2142 4557/4557/2140 4263/4691/1846 
f 4559/4559/2142 4561/4561/2144 4555/4555/2138 4557/4557/2140 
f 4562/4562/2145 4037/4037/23 4040/4040/363 4563/4563/2146 
f 4563/4563/2146 4040/4040/363 4035/4035/362 4554/4554/2137 
f 4560/4560/2143 4562/4562/2145 4563/4563/2146 4561/4561/2144 
f 4561/4561/2144 4563/4563/2146 4554/4554/2137 4555/4555/2138 
f 4037/4037/23 4562/4562/2145 4564/4564/2147 4049/4049/355 
f 4562/4562/2145 4560/4560/2143 4565/4565/2148 4564/4564/2147 
f 4049/4049/355 4564/4564/2147 4566/4566/2149 4051/4051/357 
f 4564/4564/2147 4565/4565/2148 4567/4567/2150 4566/4566/2149 
f 4558/4558/2141 4260/4733/1843 4282/4730/1865 4568/4568/2151 
f 4568/4568/2151 4282/4730/1865 4279/4727/1862 4569/4569/2152 
f 4560/4560/2143 4558/4558/2141 4568/4568/2151 4565/4565/2148 
f 4565/4565/2148 4568/4568/2151 4569/4569/2152 4567/4567/2150 
f 4276/4721/1859 4570/4570/2153 4571/4571/2154 4277/4724/1860 
f 4570/4570/2153 4572/4572/2155 4573/4573/2156 4571/4571/2154 
f 4277/4724/1860 4571/4571/2154 4569/4569/2152 4279/4727/1862 
f 4571/4571/2154 4573/4573/2156 4567/4567/2150 4569/4569/2152 
f 4574/4574/2157 4053/4053/338 4056/4056/434 4575/4575/2158 
f 4575/4575/2158 4056/4056/434 4051/4051/357 4566/4566/2149 
f 4572/4572/2155 4574/4574/2157 4575/4575/2158 4573/4573/2156 
f 4573/4573/2156 4575/4575/2158 4566/4566/2149 4567/4567/2150 
f 4053/4053/338 4574/4574/2157 4576/4576/2159 4065/4065/446 
f 4574/4574/2157 4572/4572/2155 4577/4577/2160 4576/4576/2159 
f 4065/4065/446 4576/4576/2159 4578/4578/2161 4067/4067/342 
f 4576/4576/2159 4577/4577/2160 4579/4579/2162 4578/4578/2161 
f 4570/4570/2153 4276/4721/1859 4298/4744/1881 4580/4580/2163 
f 4580/4580/2163 4298/4744/1881 4295/4742/1878 4581/4581/2164 
f 4572/4572/2155 4570/4570/2153 4580/4580/2163 4577/4577/2160 
f 4577/4577/2160 4580/4580/2163 4581/4581/2164 4579/4579/2162 
f 4292/4717/1875 4582/4582/2165 4583/4583/2166 4293/4712/1876 
f 4582/4582/2165 4584/4584/2167 4585/4585/2168 4583/4583/2166 
f 4293/4712/1876 4583/4583/2166 4581/4581/2164 4295/4742/1878 
f 4583/4583/2166 4585/4585/2168 4579/4579/2162 4581/4581/2164 
f 4586/4586/2169 4069/4069/318 4072/4072/344 4587/4587/2170 
f 4587/4587/2170 4072/4072/344 4067/4067/342 4578/4578/2161 
f 4584/4584/2167 4586/4586/2169 4587/4587/2170 4585/4585/2168 
f 4585/4585/2168 4587/4587/2170 4578/4578/2161 4579/4579/2162 
f 4069/4069/318 4586/4586/2169 4588/4588/2171 4081/4081/319 
f 4586/4586/2169 4584/4584/2167 4589/4589/2172 4588/4588/2171 
f 4081/4081/319 4588/4588/2171 4590/4590/2173 4083/4083/322 
f 4588/4588/2171 4589/4589/2172 4591/4591/2174 4590/4590/2173 
f 4582/4582/2165 4292/4717/1875 4314/4740/1897 4592/4592/2175 
f 4592/4592/2175 4314/4740/1897 4311/4737/1894 4593/4593/2176 
f 4584/4584/2167 4582/4582/2165 4592/4592/2175 4589/4589/2172 
f 4589/4589/2172 4592/4592/2175 4593/4593/2176 4591/4591/2174 
f 4308/4709/1891 4594/4594/2177 4595/4595/2178 4309/4683/1892 
f 4594/4594/2177 4596/4596/2179 4597/4597/2180 4595/4595/2178 
f 4309/4765/1892 4595/4764/2178 4593/4593/2176 4311/4737/1894 
f 4595/4764/2178 4597/4753/2180 4591/4591/2174 4593/4593/2176 
f 4598/4598/2181 4085/4085/424 4088/4088/428 4599/4599/2182 
f 4599/4758/2182 4088/4763/428 4083/4083/322 4590/4590/2173 
f 4596/4596/2179 4598/4598/2181 4599/4599/2182 4597/4597/2180 
f 4597/4753/2180 4599/4758/2182 4590/4590/2173 4591/4591/2174 
f 4085/4085/424 4598/4598/2181 4600/4600/2183 4097/4097/299 
f 4598/4598/2181 4596/4596/2179 4601/4601/2184 4600/4600/2183 
f 4097/4097/299 4600/4600/2183 4602/4602/2185 4099/4099/302 
f 4600/4600/2183 4601/4601/2184 4603/4603/2186 4602/4602/2185 
f 4594/4594/2177 4308/4709/1891 4330/4697/1913 4604/4604/2187 
f 4604/4604/2187 4330/4697/1913 4327/4692/1910 4605/4605/2188 
f 4596/4596/2179 4594/4594/2177 4604/4604/2187 4601/4601/2184 
f 4601/4601/2184 4604/4604/2187 4605/4605/2188 4603/4603/2186 
f 4324/4734/1907 4399/4399/1982 4606/4606/2189 4325/4688/1908 
f 4399/4399/1982 4395/4395/1978 4607/4607/2190 4606/4606/2189 
f 4325/4688/1908 4606/4606/2189 4605/4605/2188 4327/4692/1910 
f 4606/4606/2189 4607/4607/2190 4603/4603/2186 4605/4605/2188 
f 4393/4393/1976 3824/3824/416 4102/4102/421 4608/4608/2191 
f 4608/4608/2191 4102/4102/421 4099/4099/302 4602/4602/2185 
f 4395/4395/1978 4393/4393/1976 4608/4608/2191 4607/4607/2190 
f 4607/4607/2190 4608/4608/2191 4602/4602/2185 4603/4603/2186 
#end 4608 faces

#ZOMPROPERTIES_04{
#ZOMPROPERTIES_04 table {Mesh table {Islands table {0 table {TopoStable table {Color int -1 } PolyIDs ints { 0 2 13 12
#ZOMPROPERTIES_04  2892 3152 3154 3165 3164 3136 3138 3149 3148 3120 3122 3133 3132 3104 3106 3117 3116 3088 3090 3101
#ZOMPROPERTIES_04  3100 3072 3074 3085 3084 3056 3058 3069 3068 3040 3042 3053 3052 3024 3026 3037 3036 3008 3010 3021
#ZOMPROPERTIES_04  3020 2992 2994 3005 3007 3003 3002 401 403 415 414 689 691 703 702 977 979 991 990 1265 1267 1279 1
#ZOMPROPERTIES_04 278 2429 2431 2427 2426 1841 1843 1855 1854 2717 2719 2715 2714 3581 3583 3579 3578 3573 3572 3592 3
#ZOMPROPERTIES_04 594 3589 3588 3608 3610 3605 3604 3624 3626 3621 3620 3640 3642 3637 3636 3656 3658 3653 3652 3672 3
#ZOMPROPERTIES_04 674 3669 3668 3688 3690 3685 3684 3704 3706 3701 3700 3720 3722 3717 3716 3736 3738 3733 3732 3464 3
#ZOMPROPERTIES_04 466 3461 3460 3480 3482 3477 3476 3496 3498 3493 3492 3512 3514 3509 3508 3528 3530 3525 3524 3544 3
#ZOMPROPERTIES_04 546 3541 3540 3560 3562 3557 3556 3576 3577 3582 3580 2712 2713 2718 2716 1852 1853 1842 1840 2424 2
#ZOMPROPERTIES_04 425 2430 2428 1276 1277 1266 1264 988 989 978 976 700 701 690 688 412 413 402 400 3000 3001 3006 300
#ZOMPROPERTIES_04 4 124 125 114 112 1620 1621 1626 1624 3344 3345 3350 3348 4208 4209 4214 4212 4232 4234 4229 4228 42
#ZOMPROPERTIES_04 48 4250 4245 4244 4264 4266 4261 4260 4280 4282 4277 4276 4296 4298 4293 4292 4312 4314 4309 4308 40
#ZOMPROPERTIES_04 40 4042 4037 4036 4056 4058 4053 4052 4072 4074 4069 4068 4088 4090 4085 4084 4104 4106 4101 4100 41
#ZOMPROPERTIES_04 20 4122 4117 4116 4136 4138 4133 4132 4152 4154 4149 4148 4168 4170 4165 4164 4184 4186 4181 4180 42
#ZOMPROPERTIES_04 00 4202 4197 4196 4216 4218 4213 4215 4211 4210 3349 3351 3347 3346 1625 1627 1623 1622 113 115 127 
#ZOMPROPERTIES_04 126 123 121 122 120 141 140 143 142 139 137 138 136 157 156 159 158 155 153 154 152 173 172 175 174 
#ZOMPROPERTIES_04 171 169 170 168 189 188 191 190 187 185 186 184 205 204 207 206 203 201 202 200 221 220 223 222 219 
#ZOMPROPERTIES_04 217 218 216 237 236 239 238 235 233 234 232 253 252 255 254 251 249 250 248 269 268 271 270 267 265 
#ZOMPROPERTIES_04 266 264 285 284 287 286 283 281 282 279 278 1457 1459 1471 1470 3197 3196 3168 3170 3181 3180 3440 3
#ZOMPROPERTIES_04 442 3453 3452 3424 3426 3437 3436 3408 3410 3421 3420 3392 3394 3405 3404 3376 3378 3389 3388 3360 3
#ZOMPROPERTIES_04 362 3373 3372 1644 1646 1647 1635 1633 102 103 107 105 2978 2989 2988 2960 2962 2973 2972 2944 2946 
#ZOMPROPERTIES_04 2957 2956 2928 2930 2941 2940 2912 2914 2925 2924 2896 2898 2909 2908 2880 2882 2893 14 9 11 7 6 144
#ZOMPROPERTIES_04 1 1443 1455 1454 1451 1449 1450 1448 1469 1445 1444 1456 1458 1447 1453 1722 1717 1716 16 18 29 28 3
#ZOMPROPERTIES_04 1 30 27 25 26 24 45 44 47 46 43 41 42 40 61 60 63 62 59 57 58 56 77 76 79 78 75 73 74 72 93 92 95 94
#ZOMPROPERTIES_04  91 89 90 88 109 108 111 98 96 1636 1637 1642 1640 1661 1660 1663 1662 1659 1657 1658 1656 1677 1676
#ZOMPROPERTIES_04  1679 1678 1675 1673 1674 1672 1693 1692 1695 1694 1691 1689 1690 1688 1709 1708 1711 1710 1707 1705
#ZOMPROPERTIES_04  1706 1704 1725 1724 1727 1726 1723 1715 1713 22 23 20 21 32 34 33 35 38 39 36 37 48 50 49 51 54 55 
#ZOMPROPERTIES_04 52 53 64 66 65 67 70 71 68 69 80 82 81 83 86 87 84 1649 1651 1648 1654 1655 1652 1653 1664 1666 1665
#ZOMPROPERTIES_04  1667 1670 1671 1668 1669 1680 1682 1681 1683 1686 1687 1684 1685 1696 1698 1697 1699 1702 1703 1700
#ZOMPROPERTIES_04  1701 1712 17 1714 1718 1719 1650 1643 1641 1639 1638 85 97 99 19 10 8 5 4 1440 1442 1721 1720 1452 
#ZOMPROPERTIES_04 1446 1 3 15 2883 2895 2891 2889 3158 3159 3163 3161 3142 3143 3147 3145 3126 3127 3131 3129 3110 311
#ZOMPROPERTIES_04 1 3115 3113 3094 3095 3099 3097 3078 3079 3083 3081 3062 3063 3067 3065 3046 3047 3051 3049 3030 303
#ZOMPROPERTIES_04 1 3035 3033 3014 3015 3019 3017 2998 2999 2996 2997 404 405 410 408 692 693 698 696 980 981 986 984 
#ZOMPROPERTIES_04 1268 1269 1274 1272 2416 2418 2417 2419 2422 2423 2420 2421 1844 1845 1850 1848 2704 2706 2705 2707 
#ZOMPROPERTIES_04 2710 2711 2708 2709 3568 3570 3569 3571 3574 3598 3599 3587 3585 3614 3615 3603 3601 3630 3631 3619 
#ZOMPROPERTIES_04 3617 3646 3647 3635 3633 3662 3663 3651 3649 3678 3679 3667 3665 3694 3695 3683 3681 3710 3711 3699 
#ZOMPROPERTIES_04 3697 3726 3727 3715 3713 3742 3743 3731 3729 3470 3471 3459 3457 3486 3487 3475 3473 3502 3503 3491 
#ZOMPROPERTIES_04 3489 3518 3519 3507 3505 3534 3535 3523 3521 3550 3551 3539 3537 3566 3567 3555 3553 3554 3552 2693 
#ZOMPROPERTIES_04 2692 2695 2694 2691 2689 2690 2688 1833 1835 1831 1830 2405 2404 2407 2406 2403 2401 2402 2400 1257 
#ZOMPROPERTIES_04 1259 1255 1254 969 971 967 966 681 683 679 678 393 395 391 390 2981 2980 2983 2982 2979 2987 2985 29
#ZOMPROPERTIES_04 66 2967 2971 2969 2950 2951 2955 2953 2934 2935 2939 2937 2918 2919 2923 2921 2902 2903 2907 2905 28
#ZOMPROPERTIES_04 86 2884 2885 294 295 299 297 582 583 587 585 870 871 875 873 1158 1159 1163 1161 2306 2317 2316 2576
#ZOMPROPERTIES_04  2578 2589 2588 2560 2562 2573 2572 2544 2546 2557 2556 2528 2530 2541 2540 2512 2514 2525 2524 2496
#ZOMPROPERTIES_04  2498 2509 2508 2480 2482 2493 2492 2464 2466 2477 2476 2448 2450 2461 2460 2432 2434 2445 2444 1292
#ZOMPROPERTIES_04  1294 1295 1283 1281 1006 1007 995 993 718 719 707 705 430 431 419 417 3018 416 422 420 421 426 424 
#ZOMPROPERTIES_04 708 709 714 712 996 997 1002 1000 1284 1285 1290 1288 1309 1308 1311 1310 1307 1305 1306 1304 1325 1
#ZOMPROPERTIES_04 324 1327 1326 1323 1321 1322 1320 1341 1340 1343 1342 1339 1337 1338 1336 1357 1356 1359 1358 1355 1
#ZOMPROPERTIES_04 353 1354 1352 1373 1372 1375 1374 1371 1369 1370 1368 1389 1388 1391 1390 1387 1385 1386 1384 1405 1
#ZOMPROPERTIES_04 404 1407 1406 1403 1401 1402 1400 1421 1420 1423 1422 1419 1417 1418 1416 1437 1436 1439 1438 1435 1
#ZOMPROPERTIES_04 433 1434 1432 1165 1164 1167 1154 1152 876 877 866 864 588 589 578 576 300 301 290 288 2888 564 3156
#ZOMPROPERTIES_04  566 3157 561 3162 560 3160 548 3140 550 3141 545 3146 544 3144 532 3124 534 3125 529 3130 528 3128 
#ZOMPROPERTIES_04 516 3108 518 3109 513 3114 512 3112 500 3092 502 3093 497 3098 496 3096 484 3076 486 3077 481 3082 4
#ZOMPROPERTIES_04 80 3080 468 3060 470 3061 465 3066 464 3064 452 3044 454 3045 449 3050 448 3048 436 3028 438 3029 43
#ZOMPROPERTIES_04 3 3034 432 435 447 446 721 723 735 734 1009 1011 1023 1022 1297 1299 1302 1303 1300 1301 1312 1314 1
#ZOMPROPERTIES_04 313 1315 1318 1319 1316 1317 1328 1330 1329 1331 1334 1335 1332 1333 1344 1346 1345 1347 1350 1351 1
#ZOMPROPERTIES_04 348 1349 1360 1362 1361 1363 1366 1367 1364 1365 1376 1378 1377 1379 1382 1383 1380 1381 1392 1394 1
#ZOMPROPERTIES_04 393 1395 1398 1399 1396 1397 1408 1410 1409 1411 1414 1415 1412 1413 1424 1426 1425 1427 1430 1431 1
#ZOMPROPERTIES_04 428 1145 1147 1143 1142 857 859 855 854 569 571 567 575 563 573 562 554 549 555 551 559 547 557 546 
#ZOMPROPERTIES_04 538 533 539 535 543 531 541 530 522 517 523 519 527 515 525 514 506 501 507 503 511 499 509 498 490 
#ZOMPROPERTIES_04 485 491 487 495 483 493 482 474 469 475 471 479 467 477 466 458 453 459 455 463 451 461 450 442 437 
#ZOMPROPERTIES_04 443 440 724 725 730 728 1012 1013 1018 1016 1037 1036 1039 1038 1035 1033 1034 1032 1053 1052 1055 1
#ZOMPROPERTIES_04 054 1051 1049 1050 1048 1069 1068 1071 1070 1067 1065 1066 1064 1085 1084 1087 1086 1083 1081 1082 1
#ZOMPROPERTIES_04 080 1101 1100 1103 1102 1099 1097 1098 1096 1117 1116 1119 1118 1115 1113 1114 1112 1133 1132 1135 1
#ZOMPROPERTIES_04 134 1131 1129 1130 1128 1149 1148 1151 1138 1136 860 861 850 848 572 836 552 838 553 833 558 832 556
#ZOMPROPERTIES_04  820 536 822 537 817 542 816 540 804 520 806 521 801 526 800 524 788 504 790 505 785 510 784 508 772
#ZOMPROPERTIES_04  488 774 489 769 494 768 492 756 472 758 473 753 478 752 476 740 456 742 457 737 462 736 739 751 750
#ZOMPROPERTIES_04  1025 1027 1030 1031 1028 1029 1040 1042 1041 1043 1046 1047 1044 1045 1056 1058 1057 1059 1062 1063
#ZOMPROPERTIES_04  1060 1061 1072 1074 1073 1075 1078 1079 1076 1077 1088 1090 1089 1091 1094 1095 1092 1093 1104 1106
#ZOMPROPERTIES_04  1105 1107 1110 1111 1108 1109 1120 1122 1121 1123 1126 1127 1124 841 843 839 847 835 845 834 826 82
#ZOMPROPERTIES_04 1 827 823 831 819 829 818 810 805 811 807 815 803 813 802 794 789 795 791 799 787 797 786 778 773 77
#ZOMPROPERTIES_04 9 775 783 771 781 770 762 757 763 759 767 755 765 754 746 741 747 744 764 766 761 760 780 782 777 77
#ZOMPROPERTIES_04 6 796 798 793 792 812 814 809 808 828 830 825 824 844 846 842 840 745 1024 748 743 749 738 837 849 8
#ZOMPROPERTIES_04 51 863 862 1125 1137 1139 1026 1019 1015 1014 729 731 727 460 726 441 574 570 568 852 853 858 856 11
#ZOMPROPERTIES_04 40 1141 1150 1146 1144 1017 1296 1020 1021 1010 1008 732 733 722 720 444 439 445 434 565 289 2890 29
#ZOMPROPERTIES_04 1 303 302 577 579 591 590 865 867 879 878 1429 1153 1155 1298 1291 1289 1287 1286 1001 1003 999 998 
#ZOMPROPERTIES_04 713 715 711 710 425 427 423 3032 3012 3013 418 429 428 704 706 717 716 992 994 1005 1004 1280 1282 1
#ZOMPROPERTIES_04 293 2447 2446 2443 2441 2442 2440 1857 1859 1871 1870 2733 2732 2735 2734 2731 2729 2730 2728 3597 2
#ZOMPROPERTIES_04 725 2724 2744 2746 2741 2740 2760 2762 2757 2756 2776 2778 2773 2772 2792 2794 2789 2788 2808 2810 2
#ZOMPROPERTIES_04 805 2804 2824 2826 2821 2820 2840 2842 2837 2836 2856 2858 2853 2852 2872 2874 2869 2868 2600 2602 2
#ZOMPROPERTIES_04 597 2596 2616 2618 2613 2612 2632 2634 2629 2628 2648 2650 2645 2644 2664 2666 2661 2660 2680 2682 2
#ZOMPROPERTIES_04 677 2676 2696 2698 2697 2699 2702 2703 2700 2701 1836 1837 1826 1824 2408 2410 2409 2411 2414 2415 2
#ZOMPROPERTIES_04 412 2413 1260 1261 1250 1248 972 973 962 960 684 685 674 672 396 397 386 384 2984 372 2964 374 2965 
#ZOMPROPERTIES_04 369 2970 368 2968 356 2948 358 2949 353 2954 352 2952 340 2932 342 2933 337 2938 336 2936 324 2916 3
#ZOMPROPERTIES_04 26 2917 321 2922 320 2920 308 2900 310 2901 305 2906 304 292 306 317 316 592 594 605 604 880 882 893
#ZOMPROPERTIES_04  892 1168 1170 1181 1180 2332 2304 2334 2305 2310 2311 2315 2313 2582 2583 2587 2585 2566 2567 2571 
#ZOMPROPERTIES_04 2569 2550 2551 2555 2553 2534 2535 2539 2537 2518 2519 2523 2521 2502 2503 2507 2505 2486 2487 2491 
#ZOMPROPERTIES_04 2489 2470 2471 2475 2473 2454 2455 2459 2457 2438 2439 2436 2437 1860 1861 1866 1864 2720 2722 2721 
#ZOMPROPERTIES_04 2723 2726 2750 2751 2739 2737 2766 2767 2755 2753 2782 2783 2771 2769 2798 2799 2787 2785 2814 2815 
#ZOMPROPERTIES_04 2803 2801 2830 2831 2819 2817 2846 2847 2835 2833 2862 2863 2851 2849 2878 2879 2867 2865 2606 2607 
#ZOMPROPERTIES_04 2595 2593 2622 2623 2611 2609 2638 2639 2627 2625 2654 2655 2643 2641 2670 2671 2659 2657 2686 2687 
#ZOMPROPERTIES_04 2675 2673 2674 2672 1817 1819 1815 1814 2389 2388 2391 2390 2387 2385 2386 2384 1241 1243 1239 1238 
#ZOMPROPERTIES_04 953 955 951 950 665 667 663 662 377 379 375 383 371 381 370 362 357 363 359 367 355 365 354 346 341 
#ZOMPROPERTIES_04 347 343 351 339 349 338 330 325 331 327 335 323 333 322 314 309 315 311 319 313 598 599 603 601 886 
#ZOMPROPERTIES_04 887 891 889 1174 1175 1179 1177 2322 2333 2323 2335 2327 2331 2330 2328 1744 1746 1757 1756 2620 175
#ZOMPROPERTIES_04 8 2621 1753 2610 1752 2608 1772 2636 1774 2637 1769 2626 1768 2624 1788 2652 1790 2653 1785 2642 178
#ZOMPROPERTIES_04 4 2640 1804 2668 1806 2669 1801 2658 1800 2656 1820 2684 1822 1821 1810 1808 2392 2394 2393 2395 239
#ZOMPROPERTIES_04 8 2399 2396 2397 1244 1245 1234 1232 956 957 946 944 668 669 658 656 380 644 360 646 361 641 366 640
#ZOMPROPERTIES_04  364 628 344 630 345 625 350 624 348 612 328 614 329 609 334 608 332 596 610 621 620 896 898 909 908
#ZOMPROPERTIES_04  1184 1186 1197 1196 2348 2320 2350 2321 2345 2326 2344 2324 1748 1749 1754 1762 1773 1763 1775 1767
#ZOMPROPERTIES_04  1771 1765 1770 1778 1789 1779 1791 1783 1787 1781 1786 1794 1805 1795 1807 1799 1803 1797 1798 2373
#ZOMPROPERTIES_04  2372 2375 2374 2371 2369 2370 2368 1225 1227 1223 1222 937 939 935 934 649 651 647 655 643 653 642 
#ZOMPROPERTIES_04 634 629 635 631 639 627 637 626 618 613 619 615 623 617 902 903 907 905 1190 1191 1195 1193 2338 234
#ZOMPROPERTIES_04 9 2339 2351 2343 2347 2341 2346 1766 2340 2360 2362 2357 2356 2376 2378 1793 2377 2379 2382 2383 238
#ZOMPROPERTIES_04 0 2381 1228 1229 1218 1216 940 941 930 928 652 916 632 918 633 913 638 912 636 900 914 925 924 1200 
#ZOMPROPERTIES_04 1202 1213 1212 2364 2336 2366 2337 2361 2367 2355 2353 2354 2352 1209 1211 1207 1206 921 923 919 927
#ZOMPROPERTIES_04  922 926 920 1201 1204 1203 1205 1215 1210 1214 1208 2365 2359 2363 1192 1194 1189 1188 904 915 906 
#ZOMPROPERTIES_04 901 917 929 931 943 942 1217 1219 1231 1230 2358 1792 1780 1782 1777 2342 1776 1764 1198 1199 1187 1
#ZOMPROPERTIES_04 185 910 911 899 616 897 622 654 650 648 932 933 938 936 1220 1221 1226 1224 1796 1761 1760 1751 1747
#ZOMPROPERTIES_04  1755 1750 1745 1176 1178 1173 1172 888 890 885 884 600 611 602 597 645 657 659 671 670 945 947 959 
#ZOMPROPERTIES_04 958 1233 1235 1247 1246 1809 1802 1811 1823 1759 1736 1737 1739 1735 1734 2309 1729 2314 1728 2312 2
#ZOMPROPERTIES_04 004 2580 2006 2581 2001 2586 2000 2584 1988 2564 1990 2565 1985 2570 1984 2568 1972 2548 1974 2549 1
#ZOMPROPERTIES_04 969 2554 1968 2552 1956 2532 1958 2533 1953 2538 1952 2536 1940 2516 1942 2517 1937 2522 1936 2520 1
#ZOMPROPERTIES_04 924 2500 1926 2501 1921 2506 1920 2504 1908 2484 1910 2485 1905 2490 1904 2488 1892 2468 1894 2469 1
#ZOMPROPERTIES_04 889 2474 1888 2472 1876 2452 1878 2453 1873 2458 1872 1875 1887 1886 2749 1881 2738 1880 2736 1900 2
#ZOMPROPERTIES_04 764 1902 2765 1897 2754 1896 2752 1916 2780 1918 2781 1913 2770 1912 2768 1932 2796 1934 2797 1929 2
#ZOMPROPERTIES_04 786 1928 2784 1948 2812 1950 2813 1945 2802 1944 2800 1964 2828 1966 2829 1961 2818 1960 2816 1980 2
#ZOMPROPERTIES_04 844 1982 2845 1977 2834 1976 2832 1996 2860 1998 2861 1993 2850 1992 2848 2012 2876 2014 2877 2009 2
#ZOMPROPERTIES_04 866 2008 2864 1740 2604 1742 1741 1730 1743 2010 2005 2011 2007 2015 2003 2013 2002 1994 1989 1995 1
#ZOMPROPERTIES_04 991 1999 1987 1997 1986 1978 1973 1979 1975 1983 1971 1981 1970 1962 1957 1963 1959 1967 1955 1965 1
#ZOMPROPERTIES_04 954 1946 1941 1947 1943 1951 1939 1949 1938 1930 1925 1931 1927 1935 1923 1933 1922 1914 1909 1915 1
#ZOMPROPERTIES_04 911 1919 1907 1917 1906 1898 1893 1899 1895 1903 1891 1901 1890 1882 1877 1883 1884 2748 1879 1885 1
#ZOMPROPERTIES_04 874 1731 1732 2308 1733 1738 2605 2594 2592 2325 1182 1183 1171 1169 894 895 883 881 606 607 595 312
#ZOMPROPERTIES_04  593 318 382 378 376 660 661 666 664 948 949 954 952 1236 1237 1242 1240 1812 1813 1818 1816 2685 26
#ZOMPROPERTIES_04 79 2683 2681 2662 2663 2667 2665 2646 2647 2651 2649 2630 2631 2635 2633 2614 2615 2619 2617 2598 25
#ZOMPROPERTIES_04 99 2603 2601 2870 2871 2875 2873 2854 2855 2859 2857 2838 2839 2843 2841 2822 2823 2827 2825 2806 28
#ZOMPROPERTIES_04 07 2811 2809 2790 2791 2795 2793 2774 2775 2779 2777 2758 2759 2763 2761 2742 2743 2747 2745 1865 18
#ZOMPROPERTIES_04 67 1863 1862 2456 2433 2462 2463 2451 2449 2478 2479 2467 2465 2494 2495 2483 2481 2510 2511 2499 24
#ZOMPROPERTIES_04 97 2526 2527 2515 2513 2542 2543 2531 2529 2558 2559 2547 2545 2574 2575 2563 2561 2590 2591 2579 25
#ZOMPROPERTIES_04 77 2318 2319 2307 2329 1160 1162 1157 1156 872 874 869 868 584 586 581 580 296 307 298 293 373 385 2
#ZOMPROPERTIES_04 986 387 399 398 673 675 687 686 961 963 975 974 1249 1251 1263 1262 1825 1827 1839 1838 2678 3564 35
#ZOMPROPERTIES_04 36 3538 3549 3548 3520 3522 3533 3532 3504 3506 3517 3516 3488 3490 3501 3500 3472 3474 3485 3484 34
#ZOMPROPERTIES_04 56 3458 3469 3468 3728 3730 3741 3740 3712 3714 3725 3724 3696 3698 3709 3708 3680 3682 3693 3692 36
#ZOMPROPERTIES_04 64 3666 3677 3676 3648 3650 3661 3660 3632 3634 3645 3644 3616 3618 3629 3628 3600 3602 3613 3612 27
#ZOMPROPERTIES_04 27 3584 3586 1868 1869 1858 1856 2435 1166 2904 2910 2911 2899 2897 2926 2927 2915 2913 2942 2943 29
#ZOMPROPERTIES_04 31 2929 2958 2959 2947 2945 2974 2975 2963 2961 2990 2991 388 389 394 392 676 677 682 680 964 965 97
#ZOMPROPERTIES_04 0 968 1252 1253 1258 1256 1828 1829 1834 1832 3565 3559 3563 3561 3542 3543 3547 3545 3526 3527 3531
#ZOMPROPERTIES_04  3529 3510 3511 3515 3513 3494 3495 3499 3497 3478 3479 3483 3481 3462 3463 3467 3465 3734 3735 3739
#ZOMPROPERTIES_04  3737 3718 3719 3723 3721 3702 3703 3707 3705 3686 3687 3691 3689 3670 3671 3675 3673 3654 3655 3659
#ZOMPROPERTIES_04  3657 3638 3639 3643 3641 3622 3623 3627 3625 3606 3607 3611 3609 3590 3591 3596 3595 3593 1849 1851
#ZOMPROPERTIES_04  1847 1846 1273 1275 1271 1270 985 987 983 982 697 699 695 694 409 411 407 406 3016 2993 3022 3023 3
#ZOMPROPERTIES_04 011 3009 3038 3039 3027 3025 3054 3055 3043 3041 3070 3071 3059 3057 3086 3087 3075 3073 3102 3103 3
#ZOMPROPERTIES_04 091 3089 3118 3119 3107 3105 3134 3135 3123 3121 3150 3151 3139 3137 3166 3167 3155 3153 2894 2887 2
#ZOMPROPERTIES_04 881 110 2977 2976 104 106 101 100 1632 1634 1645 3375 3374 3371 3369 3370 3368 4237 4236 4239 4238 4
#ZOMPROPERTIES_04 235 4227 4225 4254 4255 4243 4241 4270 4271 4259 4257 4286 4287 4275 4273 4302 4303 4291 4289 4318 4
#ZOMPROPERTIES_04 319 4307 4305 4046 4047 4035 4033 4062 4063 4051 4049 4078 4079 4067 4065 4094 4095 4083 4081 4110 4
#ZOMPROPERTIES_04 111 4099 4097 4126 4127 4115 4113 4142 4143 4131 4129 4158 4159 4147 4145 4174 4175 4163 4161 4190 4
#ZOMPROPERTIES_04 191 4179 4177 4206 4207 4195 4193 4222 4223 4220 4221 3352 3354 3353 3355 3358 3359 3356 3357 1628 1
#ZOMPROPERTIES_04 629 1618 1616 116 117 128 130 129 131 134 135 132 133 144 146 145 147 150 151 148 149 160 162 161 16
#ZOMPROPERTIES_04 3 166 167 164 165 176 178 177 179 182 183 180 181 192 194 193 195 198 199 196 197 208 210 209 211 21
#ZOMPROPERTIES_04 4 215 212 213 224 226 225 227 230 231 228 229 240 242 241 243 246 247 244 245 256 258 257 259 262 26
#ZOMPROPERTIES_04 3 260 261 272 274 273 1460 1461 1466 1464 3184 3186 3185 3187 3191 3195 3193 3174 3175 3179 3177 344
#ZOMPROPERTIES_04 6 3447 3451 3449 3430 3431 3435 3433 3414 3415 3419 3417 3398 3399 3403 3401 3382 3383 3387 3385 336
#ZOMPROPERTIES_04 6 3367 3364 3365 4224 3384 4252 3361 3386 4253 3390 3381 4242 3391 3380 4240 3379 3400 4268 3377 340
#ZOMPROPERTIES_04 2 4269 3406 3397 4258 3407 3396 4256 3395 3416 4284 3393 3418 4285 3422 3413 4274 3423 3412 4272 341
#ZOMPROPERTIES_04 1 3432 4300 3409 3434 4301 3438 3429 4290 3439 3428 4288 3427 3448 4316 3425 3450 4317 3454 3445 430
#ZOMPROPERTIES_04 6 3455 3444 4304 3443 3176 4044 3441 3178 4045 3182 3173 4034 3183 3172 4032 3171 3192 4060 3169 319
#ZOMPROPERTIES_04 4 4061 3198 3189 4050 3199 3188 3208 3210 3205 3204 3224 3226 3221 3220 3240 3242 3237 3236 3256 325
#ZOMPROPERTIES_04 8 3253 3252 3272 3274 3269 3268 3288 3290 3285 3284 3304 3306 3301 3300 3320 3322 3317 3316 3336 333
#ZOMPROPERTIES_04 8 3333 3332 3335 3334 3331 3329 3330 3328 1609 1611 1607 1606 1603 1601 1602 1600 1589 1588 1591 159
#ZOMPROPERTIES_04 0 1587 1585 1586 1584 1573 1572 1575 1574 1571 1569 1570 1568 1557 1556 1559 1558 1555 1553 1554 155
#ZOMPROPERTIES_04 2 1541 1540 1543 1542 1539 1537 1538 1536 1525 1524 1527 1526 1523 1521 1522 1520 1509 1508 1511 151
#ZOMPROPERTIES_04 0 1507 1505 1506 1504 1493 1492 1495 1494 1491 1489 1490 1488 1477 1476 1479 1478 1475 1473 1474 148
#ZOMPROPERTIES_04 7 1486 3213 3212 3215 3214 3211 3203 3201 3230 3231 3219 3217 3246 3247 3235 3233 3262 3263 3251 324
#ZOMPROPERTIES_04 9 3278 3279 3267 3265 3294 3295 3283 3281 3310 3311 3299 3297 3326 3327 3315 3313 3342 3343 3340 334
#ZOMPROPERTIES_04 1 1612 1613 1592 1594 1593 1595 1598 1599 1596 1597 1576 1578 1577 1579 1582 1583 1580 1581 1560 156
#ZOMPROPERTIES_04 2 1561 1563 1566 1567 1564 1565 1544 1546 1545 1547 1550 1551 1548 1549 1528 1530 1529 1531 1534 153
#ZOMPROPERTIES_04 5 1532 1533 1512 1514 1513 1515 1518 1519 1516 1517 1496 1498 1497 1499 1502 1503 1500 1501 1480 148
#ZOMPROPERTIES_04 2 1481 3202 3200 3228 3229 3218 3216 3244 3245 3234 3232 3260 3261 3250 3248 3276 3277 3266 3264 329
#ZOMPROPERTIES_04 2 3293 3282 3280 3308 3309 3298 3296 3324 3325 3314 1614 3312 3337 3318 3319 3323 3321 3302 3303 330
#ZOMPROPERTIES_04 7 3305 3286 3287 3291 3289 3270 3271 3275 3273 3254 3255 3259 3257 3238 3239 3243 3241 3222 3223 322
#ZOMPROPERTIES_04 7 3225 3206 3207 1483 1484 1485 1615 1605 1610 1608 3339 4194 4205 4204 4176 4178 4189 4188 4160 416
#ZOMPROPERTIES_04 2 4173 4172 4144 4146 4157 4156 4128 4130 4141 4140 4112 4114 4125 4124 4096 4098 4109 4108 4080 408
#ZOMPROPERTIES_04 2 4093 4092 4064 4066 3209 4077 4076 4048 3190 1465 1467 1472 1463 1462 1604 118 1617 1619 1631 1630
#ZOMPROPERTIES_04  4192 4217 4198 4199 4203 4201 4182 4183 4187 4185 4166 4167 4171 4169 4150 4151 4155 4153 4134 4135
#ZOMPROPERTIES_04  4139 4137 4118 4119 4123 4121 4102 4103 4107 4105 4086 4087 4091 4089 4070 4071 4075 4073 4054 4055
#ZOMPROPERTIES_04  4059 4057 4038 4039 4043 4041 4310 4311 4315 4313 4294 4295 4299 4297 4278 4279 4283 4281 4262 4263
#ZOMPROPERTIES_04  4267 4265 4246 4247 4251 4249 4226 4230 4231 3363 1468 275 276 277 119 4219 4233 3558 3575 2995 280
#ZOMPROPERTIES_04  } } 1 table {TopoStable table {Color int -1 } PolyIDs ints { 2016 2018 2029 2028 3756 3760 3762 377
#ZOMPROPERTIES_04 3 3772 3776 3778 3789 3788 3792 3794 3805 3804 3808 3810 3821 3820 3824 3826 3837 3836 3840 3842 385
#ZOMPROPERTIES_04 3 3852 3856 3858 3869 3868 3872 3874 3885 3884 3888 3890 3901 3900 3904 3906 3917 3916 3920 3922 393
#ZOMPROPERTIES_04 3 3932 3936 3938 3949 3948 3952 3954 3965 3964 3968 3970 3981 3980 3984 3986 3997 3996 4000 4002 401
#ZOMPROPERTIES_04 3 4015 4011 4010 4589 4591 4587 4586 4581 4580 4568 4570 4565 4564 4552 4554 4549 4548 4536 4538 453
#ZOMPROPERTIES_04 3 4532 4520 4522 4517 4516 4504 4506 4501 4500 4488 4490 4485 4484 4472 4474 4469 4468 4456 4458 445
#ZOMPROPERTIES_04 3 4452 4440 4442 4437 4436 4424 4426 4421 4420 4408 4410 4405 4404 4392 4394 4389 4388 4376 4378 437
#ZOMPROPERTIES_04 3 4372 4360 4362 4357 4356 4344 4346 4341 4340 4328 4330 4325 4324 4600 4602 4597 4596 4584 4585 459
#ZOMPROPERTIES_04 0 4588 4008 4009 4014 4012 2284 2285 2274 2272 2292 2294 2289 2288 2020 2022 2017 2023 2027 2025 374
#ZOMPROPERTIES_04 6 3757 3747 3759 3755 3753 3766 3767 3771 3769 3782 3783 3787 3785 3798 3799 3803 3801 3814 3815 381
#ZOMPROPERTIES_04 9 3817 3830 3831 3835 3833 3846 3847 3851 3849 3862 3863 3867 3865 3878 3879 3883 3881 3894 3895 389
#ZOMPROPERTIES_04 9 3897 3910 3911 3915 3913 3926 3927 3931 3929 3942 3943 3947 3945 3958 3959 3963 3961 3974 3975 397
#ZOMPROPERTIES_04 9 3977 3990 3991 3995 3993 4006 4007 4004 4005 4576 4578 4577 4579 4582 4574 4575 4563 4561 4558 455
#ZOMPROPERTIES_04 9 4547 4545 4542 4543 4531 4529 4526 4527 4515 4513 4510 4511 4499 4497 4494 4495 4483 4481 4478 447
#ZOMPROPERTIES_04 9 4467 4465 4462 4463 4451 4449 4446 4447 4435 4433 4430 4431 4419 4417 4414 4415 4403 4401 4398 439
#ZOMPROPERTIES_04 9 4387 4385 4382 4383 4371 4369 4366 4367 4355 4353 4350 4351 4339 4337 4334 4335 4323 4321 4606 460
#ZOMPROPERTIES_04 7 4595 4593 4594 4592 4021 4020 4023 4022 4019 4017 4018 4016 2297 2299 2295 2303 2291 2301 2290 202
#ZOMPROPERTIES_04 6 2300 4028 3744 4030 3745 4025 3750 3748 3749 4322 4320 4024 4604 4026 4027 4031 4029 2024 2302 229
#ZOMPROPERTIES_04 8 2296 4605 4599 4603 4601 4326 4333 3754 4327 4332 3752 4331 4336 3764 4329 4338 3765 4342 4349 377
#ZOMPROPERTIES_04 0 4343 4348 3768 4347 4352 3780 4345 4354 3781 4358 4365 3786 4359 4364 3784 4363 4368 3796 4361 437
#ZOMPROPERTIES_04 0 3797 4374 4381 3802 4375 4380 3800 4379 4384 3812 4377 4386 3813 4390 4397 3818 4391 4396 3816 439
#ZOMPROPERTIES_04 5 4400 3828 4393 4402 3829 4406 4413 3834 4407 4412 3832 4411 4416 3844 4409 4418 3845 4422 4429 385
#ZOMPROPERTIES_04 0 4423 4428 3848 4427 4432 3860 4425 4434 3861 4438 4445 3866 4439 4444 3864 4443 4448 3876 4441 445
#ZOMPROPERTIES_04 0 3877 4454 4461 3882 4455 4460 3880 4459 4464 3892 4457 4466 3893 4470 4477 3898 4471 4476 3896 447
#ZOMPROPERTIES_04 5 4480 3908 4473 4482 3909 4486 4493 3914 4487 4492 3912 4491 4496 3924 4489 4498 3925 4502 4509 393
#ZOMPROPERTIES_04 0 4503 4508 3928 4507 4512 3940 4505 4514 3941 4518 4525 3946 4519 4524 3944 4523 4528 3956 4521 453
#ZOMPROPERTIES_04 0 3957 4534 4541 3962 4535 4540 3960 4539 4544 3972 4537 4546 3973 4550 4557 3978 4551 4556 3976 455
#ZOMPROPERTIES_04 5 4560 3988 4553 4562 3989 4566 4573 3994 4567 4572 4571 4569 3992 4001 3998 3999 3987 3985 3982 398
#ZOMPROPERTIES_04 3 3971 3969 3966 3967 3955 3953 3950 3951 3939 3937 3934 3935 3923 3921 3918 3919 3907 3905 3902 390
#ZOMPROPERTIES_04 3 3891 3889 3886 3887 3875 3873 3870 3871 3859 3857 3854 3855 3843 3841 3838 3839 3827 3825 3822 382
#ZOMPROPERTIES_04 3 3811 3809 3806 3807 3795 3793 3790 3791 3779 3777 3774 3775 3763 3761 3758 3751 2030 2021 2031 201
#ZOMPROPERTIES_04 9 2293 4598 4583 4003 2286 2287 2275 2273 2278 2276 2277 2282 2280 2269 2268 2271 2270 2267 2265 226
#ZOMPROPERTIES_04 6 2264 2253 2252 2255 2254 2251 2249 2250 2248 2237 2236 2239 2238 2235 2233 2234 2232 2221 2220 222
#ZOMPROPERTIES_04 3 2222 2219 2217 2218 2216 2205 2204 2207 2206 2203 2201 2202 2200 2189 2188 2191 2190 2187 2185 218
#ZOMPROPERTIES_04 6 2184 2173 2172 2175 2174 2171 2169 2170 2168 2157 2156 2159 2158 2155 2153 2154 2152 2141 2140 214
#ZOMPROPERTIES_04 3 2142 2139 2137 2138 2136 2125 2124 2127 2126 2123 2121 2122 2120 2109 2108 2111 2110 2107 2105 210
#ZOMPROPERTIES_04 6 2104 2093 2092 2095 2094 2091 2089 2090 2088 2077 2076 2079 2078 2075 2073 2074 2072 2061 2060 206
#ZOMPROPERTIES_04 3 2062 2059 2057 2058 2056 2045 2044 2047 2046 2043 2041 2042 2039 2038 2033 2032 2052 2054 2049 204
#ZOMPROPERTIES_04 8 2068 2070 2065 2064 2084 2086 2081 2080 2100 2102 2097 2096 2116 2118 2113 2112 2132 2134 2129 212
#ZOMPROPERTIES_04 8 2148 2150 2145 2144 2164 2166 2161 2160 2180 2182 2177 2176 2196 2198 2193 2192 2212 2214 2209 220
#ZOMPROPERTIES_04 8 2228 2230 2225 2224 2244 2246 2241 2240 2260 2262 2257 2256 2259 2263 2261 2242 2243 2247 2245 222
#ZOMPROPERTIES_04 6 2227 2231 2229 2210 2211 2215 2213 2194 2195 2199 2197 2178 2179 2183 2181 2162 2163 2167 2165 214
#ZOMPROPERTIES_04 6 2147 2151 2149 2130 2131 2135 2133 2114 2115 2119 2117 2098 2099 2103 2101 2082 2083 2087 2085 206
#ZOMPROPERTIES_04 6 2067 2071 2069 2050 2051 2055 2053 2034 2035 2036 2037 2258 2283 2279 2281 2040 } } } SymPlane tab
#ZOMPROPERTIES_04 le {Point vector3d 0 0 0 Normal vector3d 1 0 0 Threshold double 0.01 Enabled bool false EdgeID int -
#ZOMPROPERTIES_04 1 SymEdgeID int -1 UPos double 0.5 LocalMode bool false } RootGroup CSubMeshGroup {Children table {T
#ZOMPROPERTIES_04 ile_0_0 CSubMeshGroup {Children table {} BBoxUV box3d 0 0 0 0 0 0 BBox3D box3d 0 0 0 0 0 0 Area3D do
#ZOMPROPERTIES_04 uble 0 AreaUV double 0.695881 IsRoot bool false TopoStable table {Selected bool false Box box3d 0 1 
#ZOMPROPERTIES_04 0 1 0 1 U int 0 V int 0 NU int 0 NV int 0 Tiling vector3d 1 1 1 TileRatioMode string "1:1" Pack tabl
#ZOMPROPERTIES_04 e {BoxFrameLocked bool false BoxFrameEdit bool false } } IsTile bool true PolyIDs ints { 0 2 13 12 2
#ZOMPROPERTIES_04 892 3152 3154 3165 3164 3136 3138 3149 3148 3120 3122 3133 3132 3104 3106 3117 3116 3088 3090 3101 3
#ZOMPROPERTIES_04 100 3072 3074 3085 3084 3056 3058 3069 3068 3040 3042 3053 3052 3024 3026 3037 3036 3008 3010 3021 3
#ZOMPROPERTIES_04 020 2992 2994 3005 3007 3003 3002 401 403 415 414 689 691 703 702 977 979 991 990 1265 1267 1279 127
#ZOMPROPERTIES_04 8 2429 2431 2427 2426 1841 1843 1855 1854 2717 2719 2715 2714 3581 3583 3579 3578 3573 3572 3592 359
#ZOMPROPERTIES_04 4 3589 3588 3608 3610 3605 3604 3624 3626 3621 3620 3640 3642 3637 3636 3656 3658 3653 3652 3672 367
#ZOMPROPERTIES_04 4 3669 3668 3688 3690 3685 3684 3704 3706 3701 3700 3720 3722 3717 3716 3736 3738 3733 3732 3464 346
#ZOMPROPERTIES_04 6 3461 3460 3480 3482 3477 3476 3496 3498 3493 3492 3512 3514 3509 3508 3528 3530 3525 3524 3544 354
#ZOMPROPERTIES_04 6 3541 3540 3560 3562 3557 3556 3576 3577 3582 3580 2712 2713 2718 2716 1852 1853 1842 1840 2424 242
#ZOMPROPERTIES_04 5 2430 2428 1276 1277 1266 1264 988 989 978 976 700 701 690 688 412 413 402 400 3000 3001 3006 3004 
#ZOMPROPERTIES_04 124 125 114 112 1620 1621 1626 1624 3344 3345 3350 3348 4208 4209 4214 4212 4232 4234 4229 4228 4248
#ZOMPROPERTIES_04  4250 4245 4244 4264 4266 4261 4260 4280 4282 4277 4276 4296 4298 4293 4292 4312 4314 4309 4308 4040
#ZOMPROPERTIES_04  4042 4037 4036 4056 4058 4053 4052 4072 4074 4069 4068 4088 4090 4085 4084 4104 4106 4101 4100 4120
#ZOMPROPERTIES_04  4122 4117 4116 4136 4138 4133 4132 4152 4154 4149 4148 4168 4170 4165 4164 4184 4186 4181 4180 4200
#ZOMPROPERTIES_04  4202 4197 4196 4216 4218 4213 4215 4211 4210 3349 3351 3347 3346 1625 1627 1623 1622 113 115 127 12
#ZOMPROPERTIES_04 6 123 121 122 120 141 140 143 142 139 137 138 136 157 156 159 158 155 153 154 152 173 172 175 174 17
#ZOMPROPERTIES_04 1 169 170 168 189 188 191 190 187 185 186 184 205 204 207 206 203 201 202 200 221 220 223 222 219 21
#ZOMPROPERTIES_04 7 218 216 237 236 239 238 235 233 234 232 253 252 255 254 251 249 250 248 269 268 271 270 267 265 26
#ZOMPROPERTIES_04 6 264 285 284 287 286 283 281 282 279 278 1457 1459 1471 1470 3197 3196 3168 3170 3181 3180 3440 344
#ZOMPROPERTIES_04 2 3453 3452 3424 3426 3437 3436 3408 3410 3421 3420 3392 3394 3405 3404 3376 3378 3389 3388 3360 336
#ZOMPROPERTIES_04 2 3373 3372 1644 1646 1647 1635 1633 102 103 107 105 2978 2989 2988 2960 2962 2973 2972 2944 2946 29
#ZOMPROPERTIES_04 57 2956 2928 2930 2941 2940 2912 2914 2925 2924 2896 2898 2909 2908 2880 2882 2893 14 9 11 7 6 1441 
#ZOMPROPERTIES_04 1443 1455 1454 1451 1449 1450 1448 1469 1445 1444 1456 1458 1447 1453 1722 1717 1716 16 18 29 28 31 
#ZOMPROPERTIES_04 30 27 25 26 24 45 44 47 46 43 41 42 40 61 60 63 62 59 57 58 56 77 76 79 78 75 73 74 72 93 92 95 94 9
#ZOMPROPERTIES_04 1 89 90 88 109 108 111 98 96 1636 1637 1642 1640 1661 1660 1663 1662 1659 1657 1658 1656 1677 1676 1
#ZOMPROPERTIES_04 679 1678 1675 1673 1674 1672 1693 1692 1695 1694 1691 1689 1690 1688 1709 1708 1711 1710 1707 1705 1
#ZOMPROPERTIES_04 706 1704 1725 1724 1727 1726 1723 1715 1713 22 23 20 21 32 34 33 35 38 39 36 37 48 50 49 51 54 55 52
#ZOMPROPERTIES_04  53 64 66 65 67 70 71 68 69 80 82 81 83 86 87 84 1649 1651 1648 1654 1655 1652 1653 1664 1666 1665 1
#ZOMPROPERTIES_04 667 1670 1671 1668 1669 1680 1682 1681 1683 1686 1687 1684 1685 1696 1698 1697 1699 1702 1703 1700 1
#ZOMPROPERTIES_04 701 1712 17 1714 1718 1719 1650 1643 1641 1639 1638 85 97 99 19 10 8 5 4 1440 1442 1721 1720 1452 14
#ZOMPROPERTIES_04 46 1 3 15 2883 2895 2891 2889 3158 3159 3163 3161 3142 3143 3147 3145 3126 3127 3131 3129 3110 3111 
#ZOMPROPERTIES_04 3115 3113 3094 3095 3099 3097 3078 3079 3083 3081 3062 3063 3067 3065 3046 3047 3051 3049 3030 3031 
#ZOMPROPERTIES_04 3035 3033 3014 3015 3019 3017 2998 2999 2996 2997 404 405 410 408 692 693 698 696 980 981 986 984 12
#ZOMPROPERTIES_04 68 1269 1274 1272 2416 2418 2417 2419 2422 2423 2420 2421 1844 1845 1850 1848 2704 2706 2705 2707 27
#ZOMPROPERTIES_04 10 2711 2708 2709 3568 3570 3569 3571 3574 3598 3599 3587 3585 3614 3615 3603 3601 3630 3631 3619 36
#ZOMPROPERTIES_04 17 3646 3647 3635 3633 3662 3663 3651 3649 3678 3679 3667 3665 3694 3695 3683 3681 3710 3711 3699 36
#ZOMPROPERTIES_04 97 3726 3727 3715 3713 3742 3743 3731 3729 3470 3471 3459 3457 3486 3487 3475 3473 3502 3503 3491 34
#ZOMPROPERTIES_04 89 3518 3519 3507 3505 3534 3535 3523 3521 3550 3551 3539 3537 3566 3567 3555 3553 3554 3552 2693 26
#ZOMPROPERTIES_04 92 2695 2694 2691 2689 2690 2688 1833 1835 1831 1830 2405 2404 2407 2406 2403 2401 2402 2400 1257 12
#ZOMPROPERTIES_04 59 1255 1254 969 971 967 966 681 683 679 678 393 395 391 390 2981 2980 2983 2982 2979 2987 2985 2966
#ZOMPROPERTIES_04  2967 2971 2969 2950 2951 2955 2953 2934 2935 2939 2937 2918 2919 2923 2921 2902 2903 2907 2905 2886
#ZOMPROPERTIES_04  2884 2885 294 295 299 297 582 583 587 585 870 871 875 873 1158 1159 1163 1161 2306 2317 2316 2576 2
#ZOMPROPERTIES_04 578 2589 2588 2560 2562 2573 2572 2544 2546 2557 2556 2528 2530 2541 2540 2512 2514 2525 2524 2496 2
#ZOMPROPERTIES_04 498 2509 2508 2480 2482 2493 2492 2464 2466 2477 2476 2448 2450 2461 2460 2432 2434 2445 2444 1292 1
#ZOMPROPERTIES_04 294 1295 1283 1281 1006 1007 995 993 718 719 707 705 430 431 419 417 3018 416 422 420 421 426 424 70
#ZOMPROPERTIES_04 8 709 714 712 996 997 1002 1000 1284 1285 1290 1288 1309 1308 1311 1310 1307 1305 1306 1304 1325 132
#ZOMPROPERTIES_04 4 1327 1326 1323 1321 1322 1320 1341 1340 1343 1342 1339 1337 1338 1336 1357 1356 1359 1358 1355 135
#ZOMPROPERTIES_04 3 1354 1352 1373 1372 1375 1374 1371 1369 1370 1368 1389 1388 1391 1390 1387 1385 1386 1384 1405 140
#ZOMPROPERTIES_04 4 1407 1406 1403 1401 1402 1400 1421 1420 1423 1422 1419 1417 1418 1416 1437 1436 1439 1438 1435 143
#ZOMPROPERTIES_04 3 1434 1432 1165 1164 1167 1154 1152 876 877 866 864 588 589 578 576 300 301 290 288 2888 564 3156 5
#ZOMPROPERTIES_04 66 3157 561 3162 560 3160 548 3140 550 3141 545 3146 544 3144 532 3124 534 3125 529 3130 528 3128 51
#ZOMPROPERTIES_04 6 3108 518 3109 513 3114 512 3112 500 3092 502 3093 497 3098 496 3096 484 3076 486 3077 481 3082 480
#ZOMPROPERTIES_04  3080 468 3060 470 3061 465 3066 464 3064 452 3044 454 3045 449 3050 448 3048 436 3028 438 3029 433 
#ZOMPROPERTIES_04 3034 432 435 447 446 721 723 735 734 1009 1011 1023 1022 1297 1299 1302 1303 1300 1301 1312 1314 131
#ZOMPROPERTIES_04 3 1315 1318 1319 1316 1317 1328 1330 1329 1331 1334 1335 1332 1333 1344 1346 1345 1347 1350 1351 134
#ZOMPROPERTIES_04 8 1349 1360 1362 1361 1363 1366 1367 1364 1365 1376 1378 1377 1379 1382 1383 1380 1381 1392 1394 139
#ZOMPROPERTIES_04 3 1395 1398 1399 1396 1397 1408 1410 1409 1411 1414 1415 1412 1413 1424 1426 1425 1427 1430 1431 142
#ZOMPROPERTIES_04 8 1145 1147 1143 1142 857 859 855 854 569 571 567 575 563 573 562 554 549 555 551 559 547 557 546 53
#ZOMPROPERTIES_04 8 533 539 535 543 531 541 530 522 517 523 519 527 515 525 514 506 501 507 503 511 499 509 498 490 48
#ZOMPROPERTIES_04 5 491 487 495 483 493 482 474 469 475 471 479 467 477 466 458 453 459 455 463 451 461 450 442 437 44
#ZOMPROPERTIES_04 3 440 724 725 730 728 1012 1013 1018 1016 1037 1036 1039 1038 1035 1033 1034 1032 1053 1052 1055 105
#ZOMPROPERTIES_04 4 1051 1049 1050 1048 1069 1068 1071 1070 1067 1065 1066 1064 1085 1084 1087 1086 1083 1081 1082 108
#ZOMPROPERTIES_04 0 1101 1100 1103 1102 1099 1097 1098 1096 1117 1116 1119 1118 1115 1113 1114 1112 1133 1132 1135 113
#ZOMPROPERTIES_04 4 1131 1129 1130 1128 1149 1148 1151 1138 1136 860 861 850 848 572 836 552 838 553 833 558 832 556 8
#ZOMPROPERTIES_04 20 536 822 537 817 542 816 540 804 520 806 521 801 526 800 524 788 504 790 505 785 510 784 508 772 4
#ZOMPROPERTIES_04 88 774 489 769 494 768 492 756 472 758 473 753 478 752 476 740 456 742 457 737 462 736 739 751 750 1
#ZOMPROPERTIES_04 025 1027 1030 1031 1028 1029 1040 1042 1041 1043 1046 1047 1044 1045 1056 1058 1057 1059 1062 1063 1
#ZOMPROPERTIES_04 060 1061 1072 1074 1073 1075 1078 1079 1076 1077 1088 1090 1089 1091 1094 1095 1092 1093 1104 1106 1
#ZOMPROPERTIES_04 105 1107 1110 1111 1108 1109 1120 1122 1121 1123 1126 1127 1124 841 843 839 847 835 845 834 826 821 
#ZOMPROPERTIES_04 827 823 831 819 829 818 810 805 811 807 815 803 813 802 794 789 795 791 799 787 797 786 778 773 779 
#ZOMPROPERTIES_04 775 783 771 781 770 762 757 763 759 767 755 765 754 746 741 747 744 764 766 761 760 780 782 777 776 
#ZOMPROPERTIES_04 796 798 793 792 812 814 809 808 828 830 825 824 844 846 842 840 745 1024 748 743 749 738 837 849 851
#ZOMPROPERTIES_04  863 862 1125 1137 1139 1026 1019 1015 1014 729 731 727 460 726 441 574 570 568 852 853 858 856 1140
#ZOMPROPERTIES_04  1141 1150 1146 1144 1017 1296 1020 1021 1010 1008 732 733 722 720 444 439 445 434 565 289 2890 291 
#ZOMPROPERTIES_04 303 302 577 579 591 590 865 867 879 878 1429 1153 1155 1298 1291 1289 1287 1286 1001 1003 999 998 71
#ZOMPROPERTIES_04 3 715 711 710 425 427 423 3032 3012 3013 418 429 428 704 706 717 716 992 994 1005 1004 1280 1282 129
#ZOMPROPERTIES_04 3 2447 2446 2443 2441 2442 2440 1857 1859 1871 1870 2733 2732 2735 2734 2731 2729 2730 2728 3597 272
#ZOMPROPERTIES_04 5 2724 2744 2746 2741 2740 2760 2762 2757 2756 2776 2778 2773 2772 2792 2794 2789 2788 2808 2810 280
#ZOMPROPERTIES_04 5 2804 2824 2826 2821 2820 2840 2842 2837 2836 2856 2858 2853 2852 2872 2874 2869 2868 2600 2602 259
#ZOMPROPERTIES_04 7 2596 2616 2618 2613 2612 2632 2634 2629 2628 2648 2650 2645 2644 2664 2666 2661 2660 2680 2682 267
#ZOMPROPERTIES_04 7 2676 2696 2698 2697 2699 2702 2703 2700 2701 1836 1837 1826 1824 2408 2410 2409 2411 2414 2415 241
#ZOMPROPERTIES_04 2 2413 1260 1261 1250 1248 972 973 962 960 684 685 674 672 396 397 386 384 2984 372 2964 374 2965 36
#ZOMPROPERTIES_04 9 2970 368 2968 356 2948 358 2949 353 2954 352 2952 340 2932 342 2933 337 2938 336 2936 324 2916 326
#ZOMPROPERTIES_04  2917 321 2922 320 2920 308 2900 310 2901 305 2906 304 292 306 317 316 592 594 605 604 880 882 893 8
#ZOMPROPERTIES_04 92 1168 1170 1181 1180 2332 2304 2334 2305 2310 2311 2315 2313 2582 2583 2587 2585 2566 2567 2571 25
#ZOMPROPERTIES_04 69 2550 2551 2555 2553 2534 2535 2539 2537 2518 2519 2523 2521 2502 2503 2507 2505 2486 2487 2491 24
#ZOMPROPERTIES_04 89 2470 2471 2475 2473 2454 2455 2459 2457 2438 2439 2436 2437 1860 1861 1866 1864 2720 2722 2721 27
#ZOMPROPERTIES_04 23 2726 2750 2751 2739 2737 2766 2767 2755 2753 2782 2783 2771 2769 2798 2799 2787 2785 2814 2815 28
#ZOMPROPERTIES_04 03 2801 2830 2831 2819 2817 2846 2847 2835 2833 2862 2863 2851 2849 2878 2879 2867 2865 2606 2607 25
#ZOMPROPERTIES_04 95 2593 2622 2623 2611 2609 2638 2639 2627 2625 2654 2655 2643 2641 2670 2671 2659 2657 2686 2687 26
#ZOMPROPERTIES_04 75 2673 2674 2672 1817 1819 1815 1814 2389 2388 2391 2390 2387 2385 2386 2384 1241 1243 1239 1238 95
#ZOMPROPERTIES_04 3 955 951 950 665 667 663 662 377 379 375 383 371 381 370 362 357 363 359 367 355 365 354 346 341 34
#ZOMPROPERTIES_04 7 343 351 339 349 338 330 325 331 327 335 323 333 322 314 309 315 311 319 313 598 599 603 601 886 88
#ZOMPROPERTIES_04 7 891 889 1174 1175 1179 1177 2322 2333 2323 2335 2327 2331 2330 2328 1744 1746 1757 1756 2620 1758 
#ZOMPROPERTIES_04 2621 1753 2610 1752 2608 1772 2636 1774 2637 1769 2626 1768 2624 1788 2652 1790 2653 1785 2642 1784 
#ZOMPROPERTIES_04 2640 1804 2668 1806 2669 1801 2658 1800 2656 1820 2684 1822 1821 1810 1808 2392 2394 2393 2395 2398 
#ZOMPROPERTIES_04 2399 2396 2397 1244 1245 1234 1232 956 957 946 944 668 669 658 656 380 644 360 646 361 641 366 640 3
#ZOMPROPERTIES_04 64 628 344 630 345 625 350 624 348 612 328 614 329 609 334 608 332 596 610 621 620 896 898 909 908 1
#ZOMPROPERTIES_04 184 1186 1197 1196 2348 2320 2350 2321 2345 2326 2344 2324 1748 1749 1754 1762 1773 1763 1775 1767 1
#ZOMPROPERTIES_04 771 1765 1770 1778 1789 1779 1791 1783 1787 1781 1786 1794 1805 1795 1807 1799 1803 1797 1798 2373 2
#ZOMPROPERTIES_04 372 2375 2374 2371 2369 2370 2368 1225 1227 1223 1222 937 939 935 934 649 651 647 655 643 653 642 63
#ZOMPROPERTIES_04 4 629 635 631 639 627 637 626 618 613 619 615 623 617 902 903 907 905 1190 1191 1195 1193 2338 2349 
#ZOMPROPERTIES_04 2339 2351 2343 2347 2341 2346 1766 2340 2360 2362 2357 2356 2376 2378 1793 2377 2379 2382 2383 2380 
#ZOMPROPERTIES_04 2381 1228 1229 1218 1216 940 941 930 928 652 916 632 918 633 913 638 912 636 900 914 925 924 1200 12
#ZOMPROPERTIES_04 02 1213 1212 2364 2336 2366 2337 2361 2367 2355 2353 2354 2352 1209 1211 1207 1206 921 923 919 927 9
#ZOMPROPERTIES_04 22 926 920 1201 1204 1203 1205 1215 1210 1214 1208 2365 2359 2363 1192 1194 1189 1188 904 915 906 90
#ZOMPROPERTIES_04 1 917 929 931 943 942 1217 1219 1231 1230 2358 1792 1780 1782 1777 2342 1776 1764 1198 1199 1187 118
#ZOMPROPERTIES_04 5 910 911 899 616 897 622 654 650 648 932 933 938 936 1220 1221 1226 1224 1796 1761 1760 1751 1747 1
#ZOMPROPERTIES_04 755 1750 1745 1176 1178 1173 1172 888 890 885 884 600 611 602 597 645 657 659 671 670 945 947 959 95
#ZOMPROPERTIES_04 8 1233 1235 1247 1246 1809 1802 1811 1823 1759 1736 1737 1739 1735 1734 2309 1729 2314 1728 2312 200
#ZOMPROPERTIES_04 4 2580 2006 2581 2001 2586 2000 2584 1988 2564 1990 2565 1985 2570 1984 2568 1972 2548 1974 2549 196
#ZOMPROPERTIES_04 9 2554 1968 2552 1956 2532 1958 2533 1953 2538 1952 2536 1940 2516 1942 2517 1937 2522 1936 2520 192
#ZOMPROPERTIES_04 4 2500 1926 2501 1921 2506 1920 2504 1908 2484 1910 2485 1905 2490 1904 2488 1892 2468 1894 2469 188
#ZOMPROPERTIES_04 9 2474 1888 2472 1876 2452 1878 2453 1873 2458 1872 1875 1887 1886 2749 1881 2738 1880 2736 1900 276
#ZOMPROPERTIES_04 4 1902 2765 1897 2754 1896 2752 1916 2780 1918 2781 1913 2770 1912 2768 1932 2796 1934 2797 1929 278
#ZOMPROPERTIES_04 6 1928 2784 1948 2812 1950 2813 1945 2802 1944 2800 1964 2828 1966 2829 1961 2818 1960 2816 1980 284
#ZOMPROPERTIES_04 4 1982 2845 1977 2834 1976 2832 1996 2860 1998 2861 1993 2850 1992 2848 2012 2876 2014 2877 2009 286
#ZOMPROPERTIES_04 6 2008 2864 1740 2604 1742 1741 1730 1743 2010 2005 2011 2007 2015 2003 2013 2002 1994 1989 1995 199
#ZOMPROPERTIES_04 1 1999 1987 1997 1986 1978 1973 1979 1975 1983 1971 1981 1970 1962 1957 1963 1959 1967 1955 1965 195
#ZOMPROPERTIES_04 4 1946 1941 1947 1943 1951 1939 1949 1938 1930 1925 1931 1927 1935 1923 1933 1922 1914 1909 1915 191
#ZOMPROPERTIES_04 1 1919 1907 1917 1906 1898 1893 1899 1895 1903 1891 1901 1890 1882 1877 1883 1884 2748 1879 1885 187
#ZOMPROPERTIES_04 4 1731 1732 2308 1733 1738 2605 2594 2592 2325 1182 1183 1171 1169 894 895 883 881 606 607 595 312 5
#ZOMPROPERTIES_04 93 318 382 378 376 660 661 666 664 948 949 954 952 1236 1237 1242 1240 1812 1813 1818 1816 2685 2679
#ZOMPROPERTIES_04  2683 2681 2662 2663 2667 2665 2646 2647 2651 2649 2630 2631 2635 2633 2614 2615 2619 2617 2598 2599
#ZOMPROPERTIES_04  2603 2601 2870 2871 2875 2873 2854 2855 2859 2857 2838 2839 2843 2841 2822 2823 2827 2825 2806 2807
#ZOMPROPERTIES_04  2811 2809 2790 2791 2795 2793 2774 2775 2779 2777 2758 2759 2763 2761 2742 2743 2747 2745 1865 1867
#ZOMPROPERTIES_04  1863 1862 2456 2433 2462 2463 2451 2449 2478 2479 2467 2465 2494 2495 2483 2481 2510 2511 2499 2497
#ZOMPROPERTIES_04  2526 2527 2515 2513 2542 2543 2531 2529 2558 2559 2547 2545 2574 2575 2563 2561 2590 2591 2579 2577
#ZOMPROPERTIES_04  2318 2319 2307 2329 1160 1162 1157 1156 872 874 869 868 584 586 581 580 296 307 298 293 373 385 298
#ZOMPROPERTIES_04 6 387 399 398 673 675 687 686 961 963 975 974 1249 1251 1263 1262 1825 1827 1839 1838 2678 3564 3536
#ZOMPROPERTIES_04  3538 3549 3548 3520 3522 3533 3532 3504 3506 3517 3516 3488 3490 3501 3500 3472 3474 3485 3484 3456
#ZOMPROPERTIES_04  3458 3469 3468 3728 3730 3741 3740 3712 3714 3725 3724 3696 3698 3709 3708 3680 3682 3693 3692 3664
#ZOMPROPERTIES_04  3666 3677 3676 3648 3650 3661 3660 3632 3634 3645 3644 3616 3618 3629 3628 3600 3602 3613 3612 2727
#ZOMPROPERTIES_04  3584 3586 1868 1869 1858 1856 2435 1166 2904 2910 2911 2899 2897 2926 2927 2915 2913 2942 2943 2931
#ZOMPROPERTIES_04  2929 2958 2959 2947 2945 2974 2975 2963 2961 2990 2991 388 389 394 392 676 677 682 680 964 965 970 
#ZOMPROPERTIES_04 968 1252 1253 1258 1256 1828 1829 1834 1832 3565 3559 3563 3561 3542 3543 3547 3545 3526 3527 3531 3
#ZOMPROPERTIES_04 529 3510 3511 3515 3513 3494 3495 3499 3497 3478 3479 3483 3481 3462 3463 3467 3465 3734 3735 3739 3
#ZOMPROPERTIES_04 737 3718 3719 3723 3721 3702 3703 3707 3705 3686 3687 3691 3689 3670 3671 3675 3673 3654 3655 3659 3
#ZOMPROPERTIES_04 657 3638 3639 3643 3641 3622 3623 3627 3625 3606 3607 3611 3609 3590 3591 3596 3595 3593 1849 1851 1
#ZOMPROPERTIES_04 847 1846 1273 1275 1271 1270 985 987 983 982 697 699 695 694 409 411 407 406 3016 2993 3022 3023 301
#ZOMPROPERTIES_04 1 3009 3038 3039 3027 3025 3054 3055 3043 3041 3070 3071 3059 3057 3086 3087 3075 3073 3102 3103 309
#ZOMPROPERTIES_04 1 3089 3118 3119 3107 3105 3134 3135 3123 3121 3150 3151 3139 3137 3166 3167 3155 3153 2894 2887 288
#ZOMPROPERTIES_04 1 110 2977 2976 104 106 101 100 1632 1634 1645 3375 3374 3371 3369 3370 3368 4237 4236 4239 4238 423
#ZOMPROPERTIES_04 5 4227 4225 4254 4255 4243 4241 4270 4271 4259 4257 4286 4287 4275 4273 4302 4303 4291 4289 4318 431
#ZOMPROPERTIES_04 9 4307 4305 4046 4047 4035 4033 4062 4063 4051 4049 4078 4079 4067 4065 4094 4095 4083 4081 4110 411
#ZOMPROPERTIES_04 1 4099 4097 4126 4127 4115 4113 4142 4143 4131 4129 4158 4159 4147 4145 4174 4175 4163 4161 4190 419
#ZOMPROPERTIES_04 1 4179 4177 4206 4207 4195 4193 4222 4223 4220 4221 3352 3354 3353 3355 3358 3359 3356 3357 1628 162
#ZOMPROPERTIES_04 9 1618 1616 116 117 128 130 129 131 134 135 132 133 144 146 145 147 150 151 148 149 160 162 161 163 
#ZOMPROPERTIES_04 166 167 164 165 176 178 177 179 182 183 180 181 192 194 193 195 198 199 196 197 208 210 209 211 214 
#ZOMPROPERTIES_04 215 212 213 224 226 225 227 230 231 228 229 240 242 241 243 246 247 244 245 256 258 257 259 262 263 
#ZOMPROPERTIES_04 260 261 272 274 273 1460 1461 1466 1464 3184 3186 3185 3187 3191 3195 3193 3174 3175 3179 3177 3446 
#ZOMPROPERTIES_04 3447 3451 3449 3430 3431 3435 3433 3414 3415 3419 3417 3398 3399 3403 3401 3382 3383 3387 3385 3366 
#ZOMPROPERTIES_04 3367 3364 3365 4224 3384 4252 3361 3386 4253 3390 3381 4242 3391 3380 4240 3379 3400 4268 3377 3402 
#ZOMPROPERTIES_04 4269 3406 3397 4258 3407 3396 4256 3395 3416 4284 3393 3418 4285 3422 3413 4274 3423 3412 4272 3411 
#ZOMPROPERTIES_04 3432 4300 3409 3434 4301 3438 3429 4290 3439 3428 4288 3427 3448 4316 3425 3450 4317 3454 3445 4306 
#ZOMPROPERTIES_04 3455 3444 4304 3443 3176 4044 3441 3178 4045 3182 3173 4034 3183 3172 4032 3171 3192 4060 3169 3194 
#ZOMPROPERTIES_04 4061 3198 3189 4050 3199 3188 3208 3210 3205 3204 3224 3226 3221 3220 3240 3242 3237 3236 3256 3258 
#ZOMPROPERTIES_04 3253 3252 3272 3274 3269 3268 3288 3290 3285 3284 3304 3306 3301 3300 3320 3322 3317 3316 3336 3338 
#ZOMPROPERTIES_04 3333 3332 3335 3334 3331 3329 3330 3328 1609 1611 1607 1606 1603 1601 1602 1600 1589 1588 1591 1590 
#ZOMPROPERTIES_04 1587 1585 1586 1584 1573 1572 1575 1574 1571 1569 1570 1568 1557 1556 1559 1558 1555 1553 1554 1552 
#ZOMPROPERTIES_04 1541 1540 1543 1542 1539 1537 1538 1536 1525 1524 1527 1526 1523 1521 1522 1520 1509 1508 1511 1510 
#ZOMPROPERTIES_04 1507 1505 1506 1504 1493 1492 1495 1494 1491 1489 1490 1488 1477 1476 1479 1478 1475 1473 1474 1487 
#ZOMPROPERTIES_04 1486 3213 3212 3215 3214 3211 3203 3201 3230 3231 3219 3217 3246 3247 3235 3233 3262 3263 3251 3249 
#ZOMPROPERTIES_04 3278 3279 3267 3265 3294 3295 3283 3281 3310 3311 3299 3297 3326 3327 3315 3313 3342 3343 3340 3341 
#ZOMPROPERTIES_04 1612 1613 1592 1594 1593 1595 1598 1599 1596 1597 1576 1578 1577 1579 1582 1583 1580 1581 1560 1562 
#ZOMPROPERTIES_04 1561 1563 1566 1567 1564 1565 1544 1546 1545 1547 1550 1551 1548 1549 1528 1530 1529 1531 1534 1535 
#ZOMPROPERTIES_04 1532 1533 1512 1514 1513 1515 1518 1519 1516 1517 1496 1498 1497 1499 1502 1503 1500 1501 1480 1482 
#ZOMPROPERTIES_04 1481 3202 3200 3228 3229 3218 3216 3244 3245 3234 3232 3260 3261 3250 3248 3276 3277 3266 3264 3292 
#ZOMPROPERTIES_04 3293 3282 3280 3308 3309 3298 3296 3324 3325 3314 1614 3312 3337 3318 3319 3323 3321 3302 3303 3307 
#ZOMPROPERTIES_04 3305 3286 3287 3291 3289 3270 3271 3275 3273 3254 3255 3259 3257 3238 3239 3243 3241 3222 3223 3227 
#ZOMPROPERTIES_04 3225 3206 3207 1483 1484 1485 1615 1605 1610 1608 3339 4194 4205 4204 4176 4178 4189 4188 4160 4162 
#ZOMPROPERTIES_04 4173 4172 4144 4146 4157 4156 4128 4130 4141 4140 4112 4114 4125 4124 4096 4098 4109 4108 4080 4082 
#ZOMPROPERTIES_04 4093 4092 4064 4066 3209 4077 4076 4048 3190 1465 1467 1472 1463 1462 1604 118 1617 1619 1631 1630 4
#ZOMPROPERTIES_04 192 4217 4198 4199 4203 4201 4182 4183 4187 4185 4166 4167 4171 4169 4150 4151 4155 4153 4134 4135 4
#ZOMPROPERTIES_04 139 4137 4118 4119 4123 4121 4102 4103 4107 4105 4086 4087 4091 4089 4070 4071 4075 4073 4054 4055 4
#ZOMPROPERTIES_04 059 4057 4038 4039 4043 4041 4310 4311 4315 4313 4294 4295 4299 4297 4278 4279 4283 4281 4262 4263 4
#ZOMPROPERTIES_04 267 4265 4246 4247 4251 4249 4226 4230 4231 3363 1468 275 276 277 119 4219 4233 3558 3575 2995 280 2
#ZOMPROPERTIES_04 016 2018 2029 2028 3756 3760 3762 3773 3772 3776 3778 3789 3788 3792 3794 3805 3804 3808 3810 3821 3
#ZOMPROPERTIES_04 820 3824 3826 3837 3836 3840 3842 3853 3852 3856 3858 3869 3868 3872 3874 3885 3884 3888 3890 3901 3
#ZOMPROPERTIES_04 900 3904 3906 3917 3916 3920 3922 3933 3932 3936 3938 3949 3948 3952 3954 3965 3964 3968 3970 3981 3
#ZOMPROPERTIES_04 980 3984 3986 3997 3996 4000 4002 4013 4015 4011 4010 4589 4591 4587 4586 4581 4580 4568 4570 4565 4
#ZOMPROPERTIES_04 564 4552 4554 4549 4548 4536 4538 4533 4532 4520 4522 4517 4516 4504 4506 4501 4500 4488 4490 4485 4
#ZOMPROPERTIES_04 484 4472 4474 4469 4468 4456 4458 4453 4452 4440 4442 4437 4436 4424 4426 4421 4420 4408 4410 4405 4
#ZOMPROPERTIES_04 404 4392 4394 4389 4388 4376 4378 4373 4372 4360 4362 4357 4356 4344 4346 4341 4340 4328 4330 4325 4
#ZOMPROPERTIES_04 324 4600 4602 4597 4596 4584 4585 4590 4588 4008 4009 4014 4012 2284 2285 2274 2272 2292 2294 2289 2
#ZOMPROPERTIES_04 288 2020 2022 2017 2023 2027 2025 3746 3757 3747 3759 3755 3753 3766 3767 3771 3769 3782 3783 3787 3
#ZOMPROPERTIES_04 785 3798 3799 3803 3801 3814 3815 3819 3817 3830 3831 3835 3833 3846 3847 3851 3849 3862 3863 3867 3
#ZOMPROPERTIES_04 865 3878 3879 3883 3881 3894 3895 3899 3897 3910 3911 3915 3913 3926 3927 3931 3929 3942 3943 3947 3
#ZOMPROPERTIES_04 945 3958 3959 3963 3961 3974 3975 3979 3977 3990 3991 3995 3993 4006 4007 4004 4005 4576 4578 4577 4
#ZOMPROPERTIES_04 579 4582 4574 4575 4563 4561 4558 4559 4547 4545 4542 4543 4531 4529 4526 4527 4515 4513 4510 4511 4
#ZOMPROPERTIES_04 499 4497 4494 4495 4483 4481 4478 4479 4467 4465 4462 4463 4451 4449 4446 4447 4435 4433 4430 4431 4
#ZOMPROPERTIES_04 419 4417 4414 4415 4403 4401 4398 4399 4387 4385 4382 4383 4371 4369 4366 4367 4355 4353 4350 4351 4
#ZOMPROPERTIES_04 339 4337 4334 4335 4323 4321 4606 4607 4595 4593 4594 4592 4021 4020 4023 4022 4019 4017 4018 4016 2
#ZOMPROPERTIES_04 297 2299 2295 2303 2291 2301 2290 2026 2300 4028 3744 4030 3745 4025 3750 3748 3749 4322 4320 4024 4
#ZOMPROPERTIES_04 604 4026 4027 4031 4029 2024 2302 2298 2296 4605 4599 4603 4601 4326 4333 3754 4327 4332 3752 4331 4
#ZOMPROPERTIES_04 336 3764 4329 4338 3765 4342 4349 3770 4343 4348 3768 4347 4352 3780 4345 4354 3781 4358 4365 3786 4
#ZOMPROPERTIES_04 359 4364 3784 4363 4368 3796 4361 4370 3797 4374 4381 3802 4375 4380 3800 4379 4384 3812 4377 4386 3
#ZOMPROPERTIES_04 813 4390 4397 3818 4391 4396 3816 4395 4400 3828 4393 4402 3829 4406 4413 3834 4407 4412 3832 4411 4
#ZOMPROPERTIES_04 416 3844 4409 4418 3845 4422 4429 3850 4423 4428 3848 4427 4432 3860 4425 4434 3861 4438 4445 3866 4
#ZOMPROPERTIES_04 439 4444 3864 4443 4448 3876 4441 4450 3877 4454 4461 3882 4455 4460 3880 4459 4464 3892 4457 4466 3
#ZOMPROPERTIES_04 893 4470 4477 3898 4471 4476 3896 4475 4480 3908 4473 4482 3909 4486 4493 3914 4487 4492 3912 4491 4
#ZOMPROPERTIES_04 496 3924 4489 4498 3925 4502 4509 3930 4503 4508 3928 4507 4512 3940 4505 4514 3941 4518 4525 3946 4
#ZOMPROPERTIES_04 519 4524 3944 4523 4528 3956 4521 4530 3957 4534 4541 3962 4535 4540 3960 4539 4544 3972 4537 4546 3
#ZOMPROPERTIES_04 973 4550 4557 3978 4551 4556 3976 4555 4560 3988 4553 4562 3989 4566 4573 3994 4567 4572 4571 4569 3
#ZOMPROPERTIES_04 992 4001 3998 3999 3987 3985 3982 3983 3971 3969 3966 3967 3955 3953 3950 3951 3939 3937 3934 3935 3
#ZOMPROPERTIES_04 923 3921 3918 3919 3907 3905 3902 3903 3891 3889 3886 3887 3875 3873 3870 3871 3859 3857 3854 3855 3
#ZOMPROPERTIES_04 843 3841 3838 3839 3827 3825 3822 3823 3811 3809 3806 3807 3795 3793 3790 3791 3779 3777 3774 3775 3
#ZOMPROPERTIES_04 763 3761 3758 3751 2030 2021 2031 2019 2293 4598 4583 4003 2286 2287 2275 2273 2278 2276 2277 2282 2
#ZOMPROPERTIES_04 280 2269 2268 2271 2270 2267 2265 2266 2264 2253 2252 2255 2254 2251 2249 2250 2248 2237 2236 2239 2
#ZOMPROPERTIES_04 238 2235 2233 2234 2232 2221 2220 2223 2222 2219 2217 2218 2216 2205 2204 2207 2206 2203 2201 2202 2
#ZOMPROPERTIES_04 200 2189 2188 2191 2190 2187 2185 2186 2184 2173 2172 2175 2174 2171 2169 2170 2168 2157 2156 2159 2
#ZOMPROPERTIES_04 158 2155 2153 2154 2152 2141 2140 2143 2142 2139 2137 2138 2136 2125 2124 2127 2126 2123 2121 2122 2
#ZOMPROPERTIES_04 120 2109 2108 2111 2110 2107 2105 2106 2104 2093 2092 2095 2094 2091 2089 2090 2088 2077 2076 2079 2
#ZOMPROPERTIES_04 078 2075 2073 2074 2072 2061 2060 2063 2062 2059 2057 2058 2056 2045 2044 2047 2046 2043 2041 2042 2
#ZOMPROPERTIES_04 039 2038 2033 2032 2052 2054 2049 2048 2068 2070 2065 2064 2084 2086 2081 2080 2100 2102 2097 2096 2
#ZOMPROPERTIES_04 116 2118 2113 2112 2132 2134 2129 2128 2148 2150 2145 2144 2164 2166 2161 2160 2180 2182 2177 2176 2
#ZOMPROPERTIES_04 196 2198 2193 2192 2212 2214 2209 2208 2228 2230 2225 2224 2244 2246 2241 2240 2260 2262 2257 2256 2
#ZOMPROPERTIES_04 259 2263 2261 2242 2243 2247 2245 2226 2227 2231 2229 2210 2211 2215 2213 2194 2195 2199 2197 2178 2
#ZOMPROPERTIES_04 179 2183 2181 2162 2163 2167 2165 2146 2147 2151 2149 2130 2131 2135 2133 2114 2115 2119 2117 2098 2
#ZOMPROPERTIES_04 099 2103 2101 2082 2083 2087 2085 2066 2067 2071 2069 2050 2051 2055 2053 2034 2035 2036 2037 2258 2
#ZOMPROPERTIES_04 283 2279 2281 2040 } } } BBoxUV box3d 0 0 0 0 0 0 BBox3D box3d 0 0 0 0 0 0 Area3D double 0 AreaUV do
#ZOMPROPERTIES_04 uble 0 IsRoot bool true TopoStable table {Selected bool false Box box3d 0 1 0 1 0 1 U int 0 V int 0 
#ZOMPROPERTIES_04 NU int 1 NV int 1 Tiling vector3d 1 1 1 TileRatioMode string "1:1" Pack table {Rotate table {Mode in
#ZOMPROPERTIES_04 t 2 Min double 0 Max double 90 Step double 0 } PaddingSize double 0.0078125 MarginSize double 0.0039
#ZOMPROPERTIES_04 0625 Resolution int 256 MapResolution int 2048 Scaling table {TexelDensity double 1024 Mode int 0 } 
#ZOMPROPERTIES_04 LayoutScalingMode int 2 MaxMutations int 1 } } IsTile bool false PolyIDs ints { } } Maps table {Dens
#ZOMPROPERTIES_04 ity table {PrimType string "Polygon" Size int 1 DefaultValue double 1 ScaleType string "Log" MergeMo
#ZOMPROPERTIES_04 de string "Average" MinValue double 0.1 MaxValue double 4 Data doubles { r 4608 1 } } Pin table {Pri
#ZOMPROPERTIES_04 mType string "Vertex" Size int 1 DefaultValue double 0 ScaleType string "Normalized" MergeMode strin
#ZOMPROPERTIES_04 g "×î´ó" MinValue double 0 MaxValue double 1 Data doubles { r 4818 0 } } Protect table {PrimType str
#ZOMPROPERTIES_04 ing "Vertex" Size int 1 DefaultValue double 0 ScaleType string "Normalized" MergeMode string "Averag
#ZOMPROPERTIES_04 e" MinValue double -1 MaxValue double 1 Data doubles { r 4818 0 } } } } }
#ZOMPROPERTIES_04}


#ZOMSCENE_01{
#ZOMSCENE_01 CScene {Settings table {AxisSystem table {UpVector string "y" } Unit string "cm" } }
#ZOMSCENE_01}

#begin 0 fatal error vertex (that RizomUV cannot handle)
#end 0 fatal error vertex (that RizomUV cannot handle)

#begin 0 error vertex
#end 0 error vertex
