#File written by RizomUV 2022.0.11.g5424fda. Compilation :Nov 24 2021,04:16:21
mtllib µç³Ø:mtl
#begin vertices
v 7.3744 0 1.1664
v 5.8642 0 2.1301
v 4.8961 0 -0.5299
v 5.6031 0 -1.9016
v 4.0879 0 2.3626
v 3.4727 0 -1.1262
v 2.3391 0 -7.555
v 13.7444 0.0688 -7.555
v 13.5698 0.0688 -9.5353
v 13.5965 0.2751 -9.54
v 13.7715 0.2751 -7.555
v 13.0566 0.0688 -11.4558
v 13.082 0.2751 -11.4651
v 13.082 0.5503 -11.4651
v 13.5965 0.5503 -9.54
v 13.7715 0.5503 -7.555
v 12.2152 0.0688 -13.257
v 12.2387 0.2751 -13.2705
v 11.0761 0.0688 -14.8862
v 11.0968 0.2751 -14.9036
v 11.0968 0.5503 -14.9036
v 12.2387 0.5503 -13.2705
v 9.6694 0.0688 -16.2909
v 9.6869 0.2751 -16.3117
v 8.0418 0.0688 -17.4322
v 8.0553 0.2751 -17.4557
v 8.0553 0.5503 -17.4557
v 9.6869 0.5503 -16.3117
v 6.2395 0.0688 -18.2712
v 6.2488 0.2751 -18.2967
v 4.3196 0.0688 -18.787
v 4.3243 0.2751 -18.8137
v 4.3243 0.5503 -18.8137
v 6.2488 0.5503 -18.2967
v 2.3391 0.0688 -18.9589
v 2.3391 0.2751 -18.986
v 0.3586 0.0688 -18.787
v 0.3539 0.2751 -18.8137
v 0.3539 0.5503 -18.8137
v 2.3391 0.5503 -18.986
v -1.5612 0.0688 -18.2712
v -1.5705 0.2751 -18.2967
v -3.3635 0.0688 -17.4322
v -3.377 0.2751 -17.4557
v -3.377 0.5503 -17.4557
v -1.5705 0.5503 -18.2967
v -4.9911 0.0688 -16.2909
v -5.0086 0.2751 -16.3117
v -6.3978 0.0688 -14.8862
v -6.4186 0.2751 -14.9036
v -6.4186 0.5503 -14.9036
v -5.0086 0.5503 -16.3117
v -7.5369 0.0688 -13.257
v -7.5604 0.2751 -13.2705
v -8.3783 0.0688 -11.4558
v -8.4038 0.2751 -11.4651
v -8.4038 0.5503 -11.4651
v -7.5604 0.5503 -13.2705
v -8.8915 0.0688 -9.5353
v -8.9182 0.2751 -9.54
v -9.0661 0.0688 -7.555
v -9.0932 0.2751 -7.555
v -9.0932 0.5503 -7.555
v -8.9182 0.5503 -9.54
v -8.8915 0.0688 -5.5748
v -8.9182 0.2751 -5.5701
v -8.3783 0.0688 -3.6542
v -8.4038 0.2751 -3.6449
v -8.4038 0.5503 -3.6449
v -8.9182 0.5503 -5.5701
v -7.5369 0.0688 -1.8531
v -7.5604 0.2751 -1.8395
v -6.3978 0.0688 -0.2239
v -6.4186 0.2751 -0.2065
v -6.4186 0.5503 -0.2065
v -7.5604 0.5503 -1.8395
v -4.9911 0.0688 1.1809
v -5.0086 0.2751 1.2016
v -3.3635 0.0688 2.3222
v -3.377 0.2751 2.3457
v -3.377 0.5503 2.3457
v -5.0086 0.5503 1.2016
v -1.5612 0.0688 3.1611
v -1.5705 0.2751 3.1866
v 0.3586 0.0688 3.6769
v 0.3539 0.2751 3.7036
v 0.3539 0.5503 3.7036
v -1.5705 0.5503 3.1866
v 2.3391 0.0688 3.8489
v 2.3391 0.2751 3.876
v 4.3196 0.0688 3.6769
v 4.3243 0.2751 3.7036
v 4.3243 0.5503 3.7036
v 2.3391 0.5503 3.876
v 6.2395 0.0688 3.1611
v 6.2488 0.2751 3.1866
v 8.0417 0.0688 2.3222
v 8.0553 0.2751 2.3457
v 8.0553 0.5503 2.3457
v 6.2488 0.5503 3.1866
v 9.6694 0.0688 1.1809
v 9.6869 0.2751 1.2016
v 11.076 0.0688 -0.2239
v 11.0968 0.2751 -0.2064
v 11.0968 0.5503 -0.2064
v 9.6869 0.5503 1.2016
v 12.2152 0.0688 -1.8531
v 12.2387 0.2751 -1.8395
v 13.0566 0.0688 -3.6542
v 13.082 0.2751 -3.6449
v 13.082 0.5503 -3.6449
v 12.2387 0.5503 -1.8395
v 13.5698 0.0688 -5.5748
v 13.5965 0.2751 -5.57
v 13.5965 0.5503 -5.57
v 13.5965 0.8254 -9.54
v 13.7715 0.8254 -7.555
v 13.082 0.8254 -11.4651
v 13.082 1.1005 -11.4651
v 13.5965 1.1005 -9.54
v 13.7715 1.1005 -7.555
v 12.2387 0.8254 -13.2705
v 11.0968 0.8254 -14.9036
v 11.0968 1.1005 -14.9036
v 12.2387 1.1005 -13.2705
v 9.6869 0.8254 -16.3117
v 8.0553 0.8254 -17.4557
v 8.0553 1.1005 -17.4557
v 9.6869 1.1005 -16.3117
v 6.2488 0.8254 -18.2967
v 4.3243 0.8254 -18.8137
v 4.3243 1.1005 -18.8137
v 6.2488 1.1005 -18.2967
v 2.3391 0.8254 -18.986
v 0.3539 0.8254 -18.8137
v 0.3539 1.1005 -18.8137
v 2.3391 1.1005 -18.986
v -1.5705 0.8254 -18.2967
v -3.377 0.8254 -17.4557
v -3.377 1.1005 -17.4557
v -1.5705 1.1005 -18.2967
v -5.0086 0.8254 -16.3117
v -6.4186 0.8254 -14.9036
v -6.4186 1.1005 -14.9036
v -5.0086 1.1005 -16.3117
v -7.5604 0.8254 -13.2705
v -8.4038 0.8254 -11.4651
v -8.4038 1.1005 -11.4651
v -7.5604 1.1005 -13.2705
v -8.9182 0.8254 -9.54
v -9.0932 0.8254 -7.555
v -9.0932 1.1005 -7.555
v -8.9182 1.1005 -9.54
v -8.9182 0.8254 -5.5701
v -8.4038 0.8254 -3.6449
v -8.4038 1.1005 -3.6449
v -8.9182 1.1005 -5.5701
v -7.5604 0.8254 -1.8395
v -6.4186 0.8254 -0.2065
v -6.4186 1.1005 -0.2065
v -7.5604 1.1005 -1.8395
v -5.0086 0.8254 1.2016
v -3.377 0.8254 2.3457
v -3.377 1.1005 2.3457
v -5.0086 1.1005 1.2016
v -1.5705 0.8254 3.1866
v 0.3539 0.8254 3.7036
v 0.3539 1.1005 3.7036
v -1.5705 1.1005 3.1866
v 2.3391 0.8254 3.876
v 4.3243 0.8254 3.7036
v 4.3243 1.1005 3.7036
v 2.3391 1.1005 3.876
v 6.2488 0.8254 3.1866
v 8.0553 0.8254 2.3457
v 8.0553 1.1005 2.3457
v 6.2488 1.1005 3.1866
v 9.6869 0.8254 1.2016
v 11.0968 0.8254 -0.2064
v 11.0968 1.1005 -0.2064
v 9.6869 1.1005 1.2016
v 12.2387 0.8254 -1.8395
v 13.082 0.8254 -3.6449
v 13.082 1.1005 -3.6449
v 12.2387 1.1005 -1.8395
v 13.5965 0.8254 -5.57
v 13.5965 1.1005 -5.57
v 13.5965 1.3756 -9.54
v 13.7715 1.3756 -7.555
v 13.082 1.3756 -11.4651
v 13.082 1.6508 -11.4651
v 13.5965 1.6508 -9.54
v 13.7715 1.6508 -7.555
v 12.2387 1.3756 -13.2705
v 11.0968 1.3756 -14.9036
v 11.0968 1.6508 -14.9036
v 12.2387 1.6508 -13.2705
v 9.6869 1.3756 -16.3117
v 8.0553 1.3756 -17.4557
v 8.0553 1.6508 -17.4557
v 9.6869 1.6508 -16.3117
v 6.2488 1.3756 -18.2967
v 4.3243 1.3756 -18.8137
v 4.3243 1.6508 -18.8137
v 6.2488 1.6508 -18.2967
v 2.3391 1.3756 -18.986
v 0.3539 1.3756 -18.8137
v 0.3539 1.6508 -18.8137
v 2.3391 1.6508 -18.986
v -1.5705 1.3756 -18.2967
v -3.377 1.3756 -17.4557
v -3.377 1.6508 -17.4557
v -1.5705 1.6508 -18.2967
v -5.0086 1.3756 -16.3117
v -6.4186 1.3756 -14.9036
v -6.4186 1.6508 -14.9036
v -5.0086 1.6508 -16.3117
v -7.5604 1.3756 -13.2705
v -8.4038 1.3756 -11.4651
v -8.4038 1.6508 -11.4651
v -7.5604 1.6508 -13.2705
v -8.9182 1.3756 -9.54
v -9.0932 1.3756 -7.555
v -9.0932 1.6508 -7.555
v -8.9182 1.6508 -9.54
v -8.9182 1.3756 -5.5701
v -8.4038 1.3756 -3.6449
v -8.4038 1.6508 -3.6449
v -8.9182 1.6508 -5.5701
v -7.5604 1.3756 -1.8395
v -6.4186 1.3756 -0.2065
v -6.4186 1.6508 -0.2065
v -7.5604 1.6508 -1.8395
v -5.0086 1.3756 1.2016
v -3.377 1.3756 2.3457
v -3.377 1.6508 2.3457
v -5.0086 1.6508 1.2016
v -1.5705 1.3756 3.1866
v 0.3539 1.3756 3.7036
v 0.3539 1.6508 3.7036
v -1.5705 1.6508 3.1866
v 2.3391 1.3756 3.876
v 4.3243 1.3756 3.7036
v 4.3243 1.6508 3.7036
v 2.3391 1.6508 3.876
v 6.2488 1.3756 3.1866
v 8.0553 1.3756 2.3457
v 8.0553 1.6508 2.3457
v 6.2488 1.6508 3.1866
v 9.6869 1.3756 1.2016
v 11.0968 1.3756 -0.2064
v 11.0968 1.6508 -0.2064
v 9.6869 1.6508 1.2016
v 12.2387 1.3756 -1.8395
v 13.082 1.3756 -3.6449
v 13.082 1.6508 -3.6449
v 12.2387 1.6508 -1.8395
v 13.5965 1.3756 -5.57
v 13.5965 1.6508 -5.57
v 13.5965 1.9259 -9.54
v 13.7715 1.9259 -7.555
v 13.082 1.9259 -11.4651
v 13.082 2.1989 -11.4651
v 13.5965 2.1989 -9.54
v 13.7715 2.1989 -7.555
v 12.2387 1.9259 -13.2705
v 11.0968 1.9259 -14.9036
v 11.0968 2.1989 -14.9036
v 12.2387 2.1989 -13.2705
v 9.6869 1.9259 -16.3117
v 8.0553 1.9259 -17.4557
v 8.0553 2.1989 -17.4557
v 9.6869 2.1989 -16.3117
v 6.2488 1.9259 -18.2967
v 4.3243 1.9259 -18.8137
v 4.3243 2.1989 -18.8137
v 6.2488 2.1989 -18.2967
v 2.3391 1.9259 -18.986
v 0.3539 1.9259 -18.8137
v 0.3539 2.1989 -18.8137
v 2.3391 2.1989 -18.986
v -1.5705 1.9259 -18.2967
v -3.377 1.9259 -17.4557
v -3.377 2.1989 -17.4557
v -1.5705 2.1989 -18.2967
v -5.0086 1.9259 -16.3117
v -6.4186 1.9259 -14.9036
v -6.4186 2.1989 -14.9036
v -5.0086 2.1989 -16.3117
v -7.5604 1.9259 -13.2705
v -8.4038 1.9259 -11.4651
v -8.4038 2.1989 -11.4651
v -7.5604 2.1989 -13.2705
v -8.9182 1.9259 -9.54
v -9.0932 1.9259 -7.555
v -9.0932 2.1989 -7.555
v -8.9182 2.1989 -9.54
v -8.9182 1.9259 -5.5701
v -8.4038 1.9259 -3.6449
v -8.4038 2.1989 -3.6449
v -8.9182 2.1989 -5.5701
v -7.5604 1.9259 -1.8395
v -6.4186 1.9259 -0.2065
v -6.4186 2.1989 -0.2065
v -7.5604 2.1989 -1.8395
v -5.0086 1.9259 1.2016
v -3.377 1.9259 2.3457
v -3.377 2.1989 2.3457
v -5.0086 2.1989 1.2016
v -1.5705 1.9259 3.1866
v 0.3539 1.9259 3.7036
v 0.3539 2.1989 3.7036
v -1.5705 2.1989 3.1866
v 2.3391 1.9259 3.876
v 4.3243 1.9259 3.7036
v 4.3243 2.1989 3.7036
v 2.3391 2.1989 3.876
v 6.2488 1.9259 3.1866
v 8.0553 1.9259 2.3457
v 8.0553 2.1989 2.3457
v 6.2488 2.1989 3.1866
v 9.6869 1.9259 1.2016
v 11.0968 1.9259 -0.2064
v 11.0968 2.1989 -0.2064
v 9.6869 2.1989 1.2016
v 12.2387 1.9259 -1.8395
v 13.082 1.9259 -3.6449
v 13.082 2.1989 -3.6449
v 12.2387 2.1989 -1.8395
v 13.5965 1.9259 -5.57
v 13.5965 2.1989 -5.57
v 13.5965 2.4677 -9.54
v 13.7715 2.4677 -7.555
v 13.082 2.4677 -11.4651
v 13.082 2.6699 -11.4651
v 13.5965 2.6699 -9.54
v 13.7715 2.6699 -7.555
v 12.2387 2.4677 -13.2705
v 11.0968 2.4677 -14.9036
v 11.0968 2.6699 -14.9036
v 12.2387 2.6699 -13.2705
v 9.6869 2.4677 -16.3117
v 8.0553 2.4677 -17.4557
v 8.0553 2.6699 -17.4557
v 9.6869 2.6699 -16.3117
v 6.2488 2.4677 -18.2967
v 4.3243 2.4677 -18.8137
v 4.3243 2.6699 -18.8137
v 6.2488 2.6699 -18.2967
v 2.3391 2.4677 -18.986
v 0.3539 2.4677 -18.8137
v 0.3539 2.6699 -18.8137
v 2.3391 2.6699 -18.986
v -1.5705 2.4677 -18.2967
v -3.377 2.4677 -17.4557
v -3.377 2.6699 -17.4557
v -1.5705 2.6699 -18.2967
v -5.0086 2.4677 -16.3117
v -6.4186 2.4677 -14.9036
v -6.4186 2.6699 -14.9036
v -5.0086 2.6699 -16.3117
v -7.5604 2.4677 -13.2705
v -8.4038 2.4677 -11.4651
v -8.4038 2.6699 -11.4651
v -7.5604 2.6699 -13.2705
v -8.9182 2.4677 -9.54
v -9.0932 2.4677 -7.555
v -9.0932 2.6699 -7.555
v -8.9182 2.6699 -9.54
v -8.9182 2.4677 -5.5701
v -8.4038 2.4677 -3.6449
v -8.4038 2.6699 -3.6449
v -8.9182 2.6699 -5.5701
v -7.5604 2.4677 -1.8395
v -6.4186 2.4677 -0.2065
v -6.4186 2.6699 -0.2065
v -7.5604 2.6699 -1.8395
v -5.0086 2.4677 1.2016
v -3.377 2.4677 2.3457
v -3.377 2.6699 2.3457
v -5.0086 2.6699 1.2016
v -1.5705 2.4677 3.1866
v 0.3539 2.4677 3.7036
v 0.3539 2.6699 3.7036
v -1.5705 2.6699 3.1866
v 2.3391 2.4677 3.876
v 4.3243 2.4677 3.7036
v 4.3243 2.6699 3.7036
v 2.3391 2.6699 3.876
v 6.2488 2.4677 3.1866
v 8.0553 2.4677 2.3457
v 8.0553 2.6699 2.3457
v 6.2488 2.6699 3.1866
v 9.6869 2.4677 1.2016
v 11.0968 2.4677 -0.2064
v 11.0968 2.6699 -0.2064
v 9.6869 2.6699 1.2016
v 12.2387 2.4677 -1.8395
v 13.082 2.4677 -3.6449
v 13.082 2.6699 -3.6449
v 12.2387 2.6699 -1.8395
v 13.5965 2.4677 -5.57
v 13.5965 2.6699 -5.57
v -1.9793 29.692 -9.1268
v -2.2929 29.6921 -8.3718
v -1.0252 29.6921 -8.1482
v -0.4639 29.6921 -8.5753
v -2.2565 29.692 -7.555
v -0.6438 29.6921 -7.555
v 2.3391 29.6921 -7.555
v 13.7693 2.7492 -7.555
v 13.5943 2.7492 -9.5396
v 13.5877 2.7513 -9.5384
v 13.7625 2.7513 -7.555
v 13.0799 2.7492 -11.4644
v 13.0736 2.7513 -11.4621
v 13.0565 2.7513 -11.4558
v 13.5697 2.7513 -9.5353
v 13.7443 2.7513 -7.555
v 12.2367 2.7492 -13.2694
v 12.2309 2.7513 -13.266
v 11.0951 2.7492 -14.9022
v 11.09 2.7513 -14.8978
v 11.076 2.7513 -14.8861
v 12.2152 2.7513 -13.257
v 9.6854 2.7492 -16.31
v 9.6811 2.7513 -16.3048
v 8.0542 2.7492 -17.4538
v 8.0508 2.7513 -17.448
v 8.0417 2.7513 -17.4322
v 9.6694 2.7513 -16.2909
v 6.248 2.7492 -18.2946
v 6.2457 2.7513 -18.2882
v 4.324 2.7492 -18.8115
v 4.3228 2.7513 -18.8049
v 4.3196 2.7513 -18.787
v 6.2395 2.7513 -18.2711
v 2.3391 2.7492 -18.9838
v 2.3391 2.7513 -18.9771
v 0.3543 2.7492 -18.8115
v 0.3555 2.7513 -18.8049
v 0.3586 2.7513 -18.787
v 2.3391 2.7513 -18.9589
v -1.5697 2.7492 -18.2946
v -1.5674 2.7513 -18.2882
v -3.3759 2.7492 -17.4538
v -3.3725 2.7513 -17.448
v -3.3635 2.7513 -17.4322
v -1.5612 2.7513 -18.2711
v -5.0071 2.7492 -16.31
v -5.0028 2.7513 -16.3048
v -6.4168 2.7492 -14.9022
v -6.4117 2.7513 -14.8978
v -6.3977 2.7513 -14.8861
v -4.9911 2.7513 -16.2909
v -7.5585 2.7492 -13.2694
v -7.5526 2.7513 -13.266
v -8.4017 2.7492 -11.4644
v -8.3953 2.7513 -11.4621
v -8.3782 2.7513 -11.4558
v -7.5369 2.7513 -13.257
v -8.916 2.7492 -9.5396
v -8.9094 2.7513 -9.5384
v -9.091 2.7492 -7.555
v -9.0842 2.7513 -7.555
v -9.0661 2.7513 -7.555
v -8.8915 2.7513 -9.5353
v -8.916 2.7492 -5.5704
v -8.9094 2.7513 -5.5716
v -8.4017 2.7492 -3.6457
v -8.3953 2.7513 -3.648
v -8.3782 2.7513 -3.6542
v -8.8915 2.7513 -5.5748
v -7.5585 2.7492 -1.8406
v -7.5526 2.7513 -1.844
v -6.4168 2.7492 -0.2079
v -6.4117 2.7513 -0.2122
v -6.3977 2.7513 -0.2239
v -7.5369 2.7513 -1.8531
v -5.0071 2.7492 1.1999
v -5.0028 2.7513 1.1948
v -3.3759 2.7492 2.3437
v -3.3726 2.7513 2.3379
v -3.3635 2.7513 2.3222
v -4.9911 2.7513 1.1808
v -1.5697 2.7492 3.1845
v -1.5674 2.7513 3.1782
v 0.3543 2.7492 3.7014
v 0.3555 2.7513 3.6948
v 0.3586 2.7513 3.6769
v -1.5612 2.7513 3.1611
v 2.3391 2.7492 3.8737
v 2.3391 2.7513 3.867
v 4.324 2.7492 3.7014
v 4.3228 2.7513 3.6948
v 4.3196 2.7513 3.6769
v 2.3391 2.7513 3.8488
v 6.248 2.7492 3.1845
v 6.2457 2.7513 3.1782
v 8.0542 2.7492 2.3437
v 8.0508 2.7513 2.3379
v 8.0417 2.7513 2.3222
v 6.2395 2.7513 3.1611
v 9.6854 2.7492 1.1999
v 9.6811 2.7513 1.1948
v 11.0951 2.7492 -0.2079
v 11.09 2.7513 -0.2122
v 11.076 2.7513 -0.2239
v 9.6694 2.7513 1.1808
v 12.2367 2.7492 -1.8406
v 12.2309 2.7513 -1.844
v 13.0799 2.7492 -3.6457
v 13.0736 2.7513 -3.648
v 13.0565 2.7513 -3.6542
v 12.2152 2.7513 -1.8531
v 13.5943 2.7492 -5.5704
v 13.5877 2.7513 -5.5716
v 13.5697 2.7513 -5.5748
v 13.6734 2.756 -7.555
v 13.4999 2.756 -9.523
v 13.4886 2.7703 -9.521
v 13.6619 2.7703 -7.555
v 12.9899 2.756 -11.4316
v 12.9791 2.7703 -11.4277
v 12.9791 2.7908 -11.4277
v 13.4886 2.7908 -9.521
v 13.662 2.7908 -7.555
v 12.1537 2.756 -13.2215
v 12.1438 2.7703 -13.2158
v 11.0217 2.756 -14.8405
v 11.0129 2.7703 -14.8332
v 11.0129 2.7908 -14.8332
v 12.1438 2.7908 -13.2158
v 9.6238 2.756 -16.2366
v 9.6164 2.7703 -16.2278
v 8.0063 2.756 -17.3708
v 8.0005 2.7703 -17.3609
v 8.0005 2.7908 -17.3609
v 9.6164 2.7908 -16.2278
v 6.2152 2.756 -18.2045
v 6.2113 2.7703 -18.1937
v 4.3073 2.756 -18.7171
v 4.3053 2.7703 -18.7058
v 4.3053 2.7908 -18.7058
v 6.2113 2.7908 -18.1937
v 2.3391 2.756 -18.888
v 2.3391 2.7703 -18.8765
v 0.371 2.756 -18.7171
v 0.373 2.7703 -18.7058
v 0.373 2.7908 -18.7058
v 2.3391 2.7908 -18.8765
v -1.537 2.756 -18.2045
v -1.533 2.7703 -18.1937
v -3.328 2.756 -17.3708
v -3.3223 2.7703 -17.3609
v -3.3223 2.7908 -17.3609
v -1.533 2.7908 -18.1937
v -4.9455 2.756 -16.2366
v -4.9382 2.7703 -16.2278
v -6.3434 2.756 -14.8405
v -6.3346 2.7703 -14.8332
v -6.3346 2.7908 -14.8332
v -4.9382 2.7908 -16.2278
v -7.4755 2.756 -13.2215
v -7.4656 2.7703 -13.2158
v -8.3116 2.756 -11.4316
v -8.3008 2.7703 -11.4277
v -8.3008 2.7908 -11.4277
v -7.4656 2.7908 -13.2158
v -8.8216 2.756 -9.523
v -8.8103 2.7703 -9.521
v -8.9951 2.756 -7.555
v -8.9837 2.7703 -7.555
v -8.9837 2.7908 -7.555
v -8.8103 2.7908 -9.521
v -8.8216 2.756 -5.5871
v -8.8103 2.7703 -5.5891
v -8.3116 2.756 -3.6785
v -8.3008 2.7703 -3.6824
v -8.3008 2.7908 -3.6824
v -8.8103 2.7908 -5.5891
v -7.4755 2.756 -1.8886
v -7.4656 2.7703 -1.8943
v -6.3434 2.756 -0.2695
v -6.3346 2.7703 -0.2769
v -6.3346 2.7908 -0.2769
v -7.4656 2.7908 -1.8943
v -4.9455 2.756 1.1265
v -4.9382 2.7703 1.1177
v -3.328 2.756 2.2607
v -3.3223 2.7703 2.2508
v -3.3223 2.7908 2.2508
v -4.9382 2.7908 1.1177
v -1.537 2.756 3.0944
v -1.533 2.7703 3.0837
v 0.371 2.756 3.607
v 0.373 2.7703 3.5958
v 0.373 2.7908 3.5958
v -1.533 2.7908 3.0837
v 2.3391 2.756 3.7779
v 2.3391 2.7703 3.7665
v 4.3073 2.756 3.607
v 4.3053 2.7703 3.5958
v 4.3053 2.7908 3.5958
v 2.3391 2.7908 3.7665
v 6.2152 2.756 3.0944
v 6.2113 2.7703 3.0837
v 8.0063 2.756 2.2607
v 8.0005 2.7703 2.2508
v 8.0005 2.7908 2.2508
v 6.2113 2.7908 3.0837
v 9.6238 2.756 1.1265
v 9.6164 2.7703 1.1177
v 11.0217 2.756 -0.2695
v 11.0129 2.7703 -0.2769
v 11.0129 2.7908 -0.2769
v 9.6164 2.7908 1.1177
v 12.1537 2.756 -1.8886
v 12.1438 2.7703 -1.8943
v 12.9899 2.756 -3.6785
v 12.9791 2.7703 -3.6824
v 12.9791 2.7908 -3.6824
v 12.1438 2.7908 -1.8943
v 13.4999 2.756 -5.5871
v 13.4886 2.7703 -5.5891
v 13.4886 2.7908 -5.5891
v 13.4886 2.8143 -9.521
v 13.6619 2.8143 -7.555
v 12.9791 2.8143 -11.4277
v 12.9919 5.4373 -11.4323
v 13.5021 5.4373 -9.5234
v 13.6756 5.4373 -7.555
v 12.1438 2.8143 -13.2158
v 11.0129 2.8143 -14.8332
v 11.0234 5.4373 -14.842
v 12.1557 5.4373 -13.2226
v 9.6164 2.8143 -16.2278
v 8.0005 2.8143 -17.3609
v 8.0074 5.4373 -17.3727
v 9.6252 5.4373 -16.2383
v 6.2113 2.8143 -18.1937
v 4.3053 2.8143 -18.7058
v 4.3077 5.4373 -18.7193
v 6.216 5.4373 -18.2066
v 2.3391 2.8143 -18.8765
v 0.373 2.8143 -18.7058
v 0.3706 5.4373 -18.7193
v 2.3391 5.4373 -18.8902
v -1.533 2.8143 -18.1937
v -3.3223 2.8143 -17.3609
v -3.3291 5.4373 -17.3727
v -1.5377 5.4373 -18.2066
v -4.9382 2.8143 -16.2278
v -6.3346 2.8143 -14.8332
v -6.3451 5.4373 -14.842
v -4.947 5.4373 -16.2383
v -7.4656 2.8143 -13.2158
v -8.3008 2.8143 -11.4277
v -8.3137 5.4373 -11.4323
v -7.4774 5.4373 -13.2226
v -8.8103 2.8143 -9.521
v -8.9837 2.8143 -7.555
v -8.9973 5.4373 -7.555
v -8.8238 5.4373 -9.5234
v -8.8103 2.8143 -5.5891
v -8.3008 2.8143 -3.6824
v -8.3137 5.4373 -3.6777
v -8.8238 5.4373 -5.5867
v -7.4656 2.8143 -1.8943
v -6.3346 2.8143 -0.2769
v -6.3451 5.4373 -0.2681
v -7.4774 5.4373 -1.8875
v -4.9382 2.8143 1.1177
v -3.3223 2.8143 2.2508
v -3.3291 5.4373 2.2626
v -4.947 5.4373 1.1282
v -1.533 2.8143 3.0837
v 0.373 2.8143 3.5958
v 0.3706 5.4373 3.6092
v -1.5377 5.4373 3.0965
v 2.3391 2.8143 3.7665
v 4.3053 2.8143 3.5958
v 4.3077 5.4373 3.6092
v 2.3391 5.4373 3.7801
v 6.2113 2.8143 3.0837
v 8.0005 2.8143 2.2508
v 8.0074 5.4373 2.2627
v 6.216 5.4373 3.0965
v 9.6164 2.8143 1.1177
v 11.0129 2.8143 -0.2769
v 11.0234 5.4373 -0.2681
v 9.6252 5.4373 1.1282
v 12.1438 2.8143 -1.8943
v 12.9791 2.8143 -3.6824
v 12.9919 5.4373 -3.6777
v 12.1557 5.4373 -1.8874
v 13.4886 2.8143 -5.5891
v 13.5021 5.4373 -5.5867
v 13.5425 13.2564 -9.5305
v 13.7166 13.2564 -7.555
v 13.0305 13.2564 -11.4464
v 13.069 21.0744 -11.4604
v 13.5828 21.0744 -9.5376
v 13.7576 21.0744 -7.555
v 12.1912 13.2564 -13.2431
v 11.0548 13.2564 -14.8683
v 11.0862 21.0744 -14.8947
v 12.2267 21.0744 -13.2636
v 9.6516 13.2564 -16.2697
v 8.0279 13.2564 -17.4082
v 8.0484 21.0744 -17.4437
v 9.6779 21.0744 -16.3011
v 6.23 13.2564 -18.2451
v 4.3148 13.2564 -18.7597
v 4.3219 21.0744 -18.8001
v 6.244 21.0744 -18.2837
v 2.3391 13.2564 -18.9312
v 0.3635 13.2564 -18.7597
v 0.3563 21.0744 -18.8001
v 2.3391 21.0744 -18.9722
v -1.5517 13.2564 -18.2451
v -3.3496 13.2564 -17.4082
v -3.3701 21.0744 -17.4437
v -1.5658 21.0744 -18.2836
v -4.9733 13.2564 -16.2697
v -6.3765 13.2564 -14.8683
v -6.4079 21.0744 -14.8947
v -4.9997 21.0744 -16.3011
v -7.5129 13.2564 -13.2431
v -8.3522 13.2564 -11.4464
v -8.3907 21.0744 -11.4604
v -7.5484 21.0744 -13.2636
v -8.8642 13.2564 -9.5305
v -9.0383 13.2564 -7.555
v -9.0794 21.0744 -7.555
v -8.9046 21.0744 -9.5376
v -8.8642 13.2564 -5.5796
v -8.3522 13.2564 -3.6637
v -8.3907 21.0744 -3.6497
v -8.9046 21.0744 -5.5725
v -7.5129 13.2564 -1.867
v -6.3765 13.2564 -0.2417
v -6.4079 21.0744 -0.2154
v -7.5484 21.0744 -1.8464
v -4.9733 13.2564 1.1596
v -3.3496 13.2564 2.2982
v -3.3701 21.0744 2.3337
v -4.9997 21.0744 1.191
v -1.5517 13.2564 3.135
v 0.3635 13.2564 3.6496
v 0.3563 21.0744 3.69
v -1.5658 21.0744 3.1736
v 2.3391 13.2564 3.8211
v 4.3148 13.2564 3.6496
v 4.3219 21.0744 3.69
v 2.3391 21.0744 3.8621
v 6.23 13.2564 3.1351
v 8.0279 13.2564 2.2982
v 8.0484 21.0744 2.3337
v 6.244 21.0744 3.1736
v 9.6516 13.2564 1.1596
v 11.0548 13.2564 -0.2417
v 11.0862 21.0744 -0.2154
v 9.6779 21.0744 1.191
v 12.1912 13.2564 -1.867
v 13.0305 13.2564 -3.6637
v 13.069 21.0744 -3.6497
v 12.2267 21.0744 -1.8464
v 13.5425 13.2564 -5.5796
v 13.5828 21.0744 -5.5725
v 13.7667 23.7111 -7.555
v 13.5918 23.7111 -9.5392
v 13.5779 23.7194 -9.5367
v 13.7526 23.7194 -7.555
v 13.0776 23.7111 -11.4635
v 13.0643 23.7194 -11.4587
v 13.0425 23.7244 -11.4508
v 13.5551 23.7244 -9.5327
v 13.7295 23.7244 -7.555
v 12.2346 23.7111 -13.2682
v 12.2223 23.7194 -13.2611
v 11.0932 23.7111 -14.9006
v 11.0824 23.7194 -14.8915
v 11.0646 23.7244 -14.8766
v 12.2023 23.7244 -13.2495
v 9.6838 23.7111 -16.3081
v 9.6747 23.7194 -16.2972
v 8.0529 23.7111 -17.4516
v 8.0459 23.7194 -17.4394
v 8.0343 23.7244 -17.4193
v 9.6598 23.7244 -16.2795
v 6.2472 23.7111 -18.2922
v 6.2423 23.7194 -18.2789
v 4.3235 23.7111 -18.809
v 4.3211 23.7194 -18.7951
v 4.317 23.7244 -18.7723
v 6.2344 23.7244 -18.2572
v 2.3391 23.7111 -18.9813
v 2.3391 23.7194 -18.9672
v 0.3548 23.7111 -18.809
v 0.3572 23.7194 -18.7951
v 0.3612 23.7244 -18.7723
v 2.3391 23.7244 -18.944
v -1.5689 23.7111 -18.2922
v -1.564 23.7194 -18.2789
v -3.3747 23.7111 -17.4516
v -3.3676 23.7194 -17.4394
v -3.356 23.7244 -17.4193
v -1.5561 23.7244 -18.2572
v -5.0055 23.7111 -16.3081
v -4.9964 23.7194 -16.2972
v -6.4149 23.7111 -14.9006
v -6.4041 23.7194 -14.8915
v -6.3864 23.7244 -14.8766
v -4.9816 23.7244 -16.2795
v -7.5563 23.7111 -13.2682
v -7.5441 23.7194 -13.2611
v -8.3993 23.7111 -11.4635
v -8.386 23.7194 -11.4587
v -8.3643 23.7244 -11.4508
v -7.524 23.7244 -13.2495
v -8.9135 23.7111 -9.5392
v -8.8996 23.7194 -9.5367
v -9.0885 23.7111 -7.555
v -9.0743 23.7194 -7.555
v -9.0512 23.7244 -7.555
v -8.8768 23.7244 -9.5327
v -8.9135 23.7111 -5.5709
v -8.8996 23.7194 -5.5733
v -8.3993 23.7111 -3.6466
v -8.386 23.7194 -3.6514
v -8.3643 23.7244 -3.6593
v -8.8768 23.7244 -5.5774
v -7.5563 23.7111 -1.8419
v -7.5441 23.7194 -1.849
v -6.4149 23.7111 -0.2095
v -6.4041 23.7194 -0.2186
v -6.3864 23.7244 -0.2335
v -7.524 23.7244 -1.8605
v -5.0055 23.7111 1.198
v -4.9964 23.7194 1.1872
v -3.3747 23.7111 2.3416
v -3.3676 23.7194 2.3293
v -3.356 23.7244 2.3093
v -4.9816 23.7244 1.1694
v -1.5689 23.7111 3.1822
v -1.564 23.7194 3.1689
v 0.3548 23.7111 3.699
v 0.3572 23.7194 3.685
v 0.3612 23.7244 3.6623
v -1.5561 23.7244 3.1471
v 2.3391 23.7111 3.8712
v 2.3391 23.7194 3.8571
v 4.3235 23.7111 3.699
v 4.3211 23.7194 3.685
v 4.317 23.7244 3.6623
v 2.3391 23.7244 3.834
v 6.2471 23.7111 3.1822
v 6.2423 23.7194 3.1689
v 8.0529 23.7111 2.3416
v 8.0459 23.7194 2.3293
v 8.0343 23.7244 2.3093
v 6.2344 23.7244 3.1471
v 9.6838 23.7111 1.198
v 9.6747 23.7194 1.1872
v 11.0932 23.7111 -0.2095
v 11.0824 23.7194 -0.2186
v 11.0646 23.7244 -0.2335
v 9.6598 23.7244 1.1695
v 12.2346 23.7111 -1.8419
v 12.2223 23.7194 -1.849
v 13.0776 23.7111 -3.6465
v 13.0643 23.7194 -3.6514
v 13.0425 23.7244 -3.6593
v 12.2023 23.7244 -1.8605
v 13.5918 23.7111 -5.5709
v 13.5779 23.7194 -5.5733
v 13.5551 23.7244 -5.5773
v 13.6832 23.7465 -7.555
v 13.5096 23.7465 -9.5247
v 13.5371 23.7765 -9.5295
v 13.7111 23.7765 -7.555
v 12.9991 23.7465 -11.4349
v 13.0253 23.7765 -11.4445
v 13.0613 23.8057 -11.4576
v 13.5747 23.8057 -9.5362
v 13.7494 23.8057 -7.555
v 12.1622 23.7465 -13.2264
v 12.1864 23.7765 -13.2404
v 11.0292 23.7465 -14.8469
v 11.0506 23.7765 -14.8648
v 11.0799 23.8057 -14.8894
v 12.2196 23.8057 -13.2595
v 9.6301 23.7465 -16.2441
v 9.6481 23.7765 -16.2655
v 8.0112 23.7465 -17.3793
v 8.0251 23.7765 -17.4035
v 8.0443 23.8057 -17.4366
v 9.6727 23.8057 -16.2948
v 6.2186 23.7465 -18.2137
v 6.2281 23.7765 -18.24
v 4.309 23.7465 -18.7268
v 4.3139 23.7765 -18.7542
v 4.3205 23.8057 -18.792
v 6.2412 23.8057 -18.2759
v 2.3391 23.7465 -18.8978
v 2.3391 23.7765 -18.9257
v 0.3693 23.7465 -18.7268
v 0.3644 23.7765 -18.7542
v 0.3578 23.8057 -18.792
v 2.3391 23.8057 -18.964
v -1.5403 23.7465 -18.2137
v -1.5499 23.7765 -18.2399
v -3.3329 23.7465 -17.3793
v -3.3469 23.7765 -17.4035
v -3.366 23.8057 -17.4366
v -1.5629 23.8057 -18.2759
v -4.9518 23.7465 -16.2441
v -4.9698 23.7765 -16.2655
v -6.3509 23.7465 -14.8469
v -6.3723 23.7765 -14.8648
v -6.4016 23.8057 -14.8894
v -4.9944 23.8057 -16.2948
v -7.484 23.7465 -13.2264
v -7.5081 23.7765 -13.2404
v -8.3208 23.7465 -11.4349
v -8.347 23.7765 -11.4445
v -8.383 23.8057 -11.4576
v -7.5413 23.8057 -13.2595
v -8.8313 23.7465 -9.5247
v -8.8588 23.7765 -9.5295
v -9.0049 23.7465 -7.555
v -9.0328 23.7765 -7.555
v -9.0711 23.8057 -7.555
v -8.8965 23.8057 -9.5362
v -8.8313 23.7465 -5.5854
v -8.8588 23.7765 -5.5805
v -8.3208 23.7465 -3.6751
v -8.347 23.7765 -3.6656
v -8.383 23.8057 -3.6525
v -8.8965 23.8057 -5.5739
v -7.484 23.7465 -1.8837
v -7.5081 23.7765 -1.8697
v -6.3509 23.7465 -0.2632
v -6.3723 23.7765 -0.2453
v -6.4016 23.8057 -0.2206
v -7.5413 23.8057 -1.8506
v -4.9518 23.7465 1.134
v -4.9698 23.7765 1.1554
v -3.3329 23.7465 2.2692
v -3.3469 23.7765 2.2934
v -3.366 23.8057 2.3266
v -4.9944 23.8057 1.1847
v -1.5403 23.7465 3.1037
v -1.5499 23.7765 3.1299
v 0.3693 23.7465 3.6167
v 0.3644 23.7765 3.6442
v 0.3578 23.8057 3.6819
v -1.5629 23.8057 3.1659
v 2.3391 23.7465 3.7877
v 2.3391 23.7765 3.8156
v 4.309 23.7465 3.6167
v 4.3139 23.7765 3.6442
v 4.3205 23.8057 3.6819
v 2.3391 23.8057 3.8539
v 6.2186 23.7465 3.1037
v 6.2281 23.7765 3.1299
v 8.0112 23.7465 2.2692
v 8.0251 23.7765 2.2934
v 8.0443 23.8057 2.3266
v 6.2412 23.8057 3.1659
v 9.6301 23.7465 1.134
v 9.6481 23.7765 1.1554
v 11.0292 23.7465 -0.2632
v 11.0506 23.7765 -0.2452
v 11.0799 23.8057 -0.2206
v 9.6727 23.8057 1.1847
v 12.1622 23.7465 -1.8836
v 12.1864 23.7765 -1.8697
v 12.9991 23.7465 -3.6751
v 13.0253 23.7765 -3.6656
v 13.0613 23.8057 -3.6525
v 12.2196 23.8057 -1.8506
v 13.5096 23.7465 -5.5854
v 13.5371 23.7765 -5.5805
v 13.5747 23.8057 -5.5739
v 13.7701 23.8233 -7.555
v 13.5951 23.8233 -9.5398
v 13.5965 23.8301 -9.54
v 13.7715 23.8301 -7.555
v 13.0807 23.8233 -11.4646
v 13.082 23.8301 -11.4651
v 13.082 24.1214 -11.4651
v 13.5965 24.1214 -9.54
v 13.7715 24.1214 -7.555
v 12.2375 23.8233 -13.2698
v 12.2387 23.8301 -13.2705
v 11.0958 23.8233 -14.9027
v 11.0968 23.8301 -14.9036
v 11.0968 24.1214 -14.9036
v 12.2387 24.1214 -13.2705
v 9.686 23.8233 -16.3106
v 9.6869 23.8301 -16.3117
v 8.0546 23.8233 -17.4545
v 8.0553 23.8301 -17.4557
v 8.0553 24.1214 -17.4557
v 9.6869 24.1214 -16.3117
v 6.2483 23.8233 -18.2954
v 6.2488 23.8301 -18.2967
v 4.3241 23.8233 -18.8123
v 4.3243 23.8301 -18.8137
v 4.3243 24.1214 -18.8137
v 6.2488 24.1214 -18.2967
v 2.3391 23.8233 -18.9846
v 2.3391 23.8301 -18.986
v 0.3542 23.8233 -18.8123
v 0.3539 23.8301 -18.8137
v 0.3539 24.1214 -18.8137
v 2.3391 24.1214 -18.986
v -1.57 23.8233 -18.2954
v -1.5705 23.8301 -18.2967
v -3.3763 23.8233 -17.4545
v -3.377 23.8301 -17.4557
v -3.377 24.1214 -17.4557
v -1.5705 24.1214 -18.2967
v -5.0077 23.8233 -16.3106
v -5.0086 23.8301 -16.3117
v -6.4175 23.8233 -14.9027
v -6.4186 23.8301 -14.9036
v -6.4186 24.1214 -14.9036
v -5.0086 24.1214 -16.3117
v -7.5592 23.8233 -13.2698
v -7.5604 23.8301 -13.2705
v -8.4024 23.8233 -11.4646
v -8.4038 23.8301 -11.4651
v -8.4038 24.1214 -11.4651
v -7.5604 24.1214 -13.2705
v -8.9168 23.8233 -9.5398
v -8.9182 23.8301 -9.54
v -9.0918 23.8233 -7.555
v -9.0932 23.8301 -7.555
v -9.0932 24.1214 -7.555
v -8.9182 24.1214 -9.54
v -8.9168 23.8233 -5.5703
v -8.9182 23.8301 -5.5701
v -8.4024 23.8233 -3.6454
v -8.4038 23.8301 -3.6449
v -8.4038 24.1214 -3.6449
v -8.9182 24.1214 -5.5701
v -7.5592 23.8233 -1.8402
v -7.5604 23.8301 -1.8395
v -6.4175 23.8233 -0.2074
v -6.4186 23.8301 -0.2065
v -6.4186 24.1214 -0.2065
v -7.5604 24.1214 -1.8395
v -5.0077 23.8233 1.2006
v -5.0086 23.8301 1.2016
v -3.3763 23.8233 2.3445
v -3.377 23.8301 2.3457
v -3.377 24.1214 2.3457
v -5.0086 24.1214 1.2016
v -1.57 23.8233 3.1853
v -1.5705 23.8301 3.1866
v 0.3542 23.8233 3.7023
v 0.3539 23.8301 3.7036
v 0.3539 24.1214 3.7036
v -1.5705 24.1214 3.1866
v 2.3391 23.8233 3.8746
v 2.3391 23.8301 3.876
v 4.3241 23.8233 3.7023
v 4.3243 23.8301 3.7036
v 4.3243 24.1214 3.7036
v 2.3391 24.1214 3.876
v 6.2483 23.8233 3.1853
v 6.2488 23.8301 3.1866
v 8.0546 23.8233 2.3445
v 8.0553 23.8301 2.3457
v 8.0553 24.1214 2.3457
v 6.2488 24.1214 3.1866
v 9.686 23.8233 1.2006
v 9.6869 23.8301 1.2016
v 11.0958 23.8233 -0.2073
v 11.0968 23.8301 -0.2064
v 11.0968 24.1214 -0.2064
v 9.6869 24.1214 1.2016
v 12.2375 23.8233 -1.8402
v 12.2387 23.8301 -1.8395
v 13.0807 23.8233 -3.6454
v 13.082 23.8301 -3.6449
v 13.082 24.1214 -3.6449
v 12.2387 24.1214 -1.8395
v 13.5951 23.8233 -5.5703
v 13.5965 23.8301 -5.57
v 13.5965 24.1214 -5.57
v 13.7673 26.1386 -7.555
v 13.5924 26.1386 -9.5393
v 13.58 26.141 -9.5371
v 13.7547 26.141 -7.555
v 13.0781 26.1386 -11.4637
v 13.0663 26.141 -11.4594
v 12.3262 26.141 -11.19
v 12.8045 26.141 -9.4003
v 12.9672 26.141 -7.555
v 12.2351 26.1386 -13.2684
v 12.2242 26.141 -13.2622
v 11.0936 26.1386 -14.9009
v 11.084 26.141 -14.8928
v 10.4807 26.141 -14.3866
v 11.5422 26.141 -12.8684
v 9.6842 26.1386 -16.3085
v 9.6761 26.141 -16.2989
v 8.0532 26.1386 -17.4521
v 8.0469 26.141 -17.4412
v 7.6531 26.141 -16.7592
v 9.1699 26.141 -15.6956
v 6.2473 26.1386 -18.2927
v 6.243 26.141 -18.2809
v 4.3236 26.1386 -18.8096
v 4.3214 26.141 -18.7972
v 4.1847 26.141 -18.0216
v 5.9737 26.141 -17.5409
v 2.3391 26.1386 -18.9819
v 2.3391 26.141 -18.9693
v 0.3547 26.1386 -18.8096
v 0.3568 26.141 -18.7972
v 0.4936 26.141 -18.0216
v 2.3391 26.141 -18.1818
v -1.5691 26.1386 -18.2927
v -1.5648 26.141 -18.2809
v -3.3749 26.1386 -17.4521
v -3.3687 26.141 -17.4412
v -2.9749 26.141 -16.7592
v -1.2954 26.141 -17.5409
v -5.0059 26.1386 -16.3085
v -4.9978 26.141 -16.2989
v -6.4153 26.1386 -14.9009
v -6.4057 26.141 -14.8928
v -5.8024 26.141 -14.3866
v -4.4916 26.141 -15.6956
v -7.5568 26.1386 -13.2684
v -7.5459 26.141 -13.2622
v -8.3998 26.1386 -11.4637
v -8.388 26.141 -11.4594
v -7.6479 26.141 -11.19
v -6.8639 26.141 -12.8684
v -8.9141 26.1386 -9.5393
v -8.9017 26.141 -9.5371
v -9.089 26.1386 -7.555
v -9.0764 26.141 -7.555
v -8.2889 26.141 -7.555
v -8.1262 26.141 -9.4003
v -8.9141 26.1386 -5.5708
v -8.9017 26.141 -5.573
v -8.3998 26.1386 -3.6464
v -8.388 26.141 -3.6507
v -7.6479 26.141 -3.92
v -8.1262 26.141 -5.7097
v -7.5568 26.1386 -1.8416
v -7.5459 26.141 -1.8479
v -6.4153 26.1386 -0.2091
v -6.4057 26.141 -0.2172
v -5.8024 26.141 -0.7235
v -6.8639 26.141 -2.2416
v -5.0059 26.1386 1.1984
v -4.9978 26.141 1.1888
v -3.3749 26.1386 2.3421
v -3.3687 26.141 2.3312
v -2.9749 26.141 1.6491
v -4.4916 26.141 0.5856
v -1.5691 26.1386 3.1827
v -1.5648 26.141 3.1709
v 0.3547 26.1386 3.6995
v 0.3568 26.141 3.6871
v 0.4936 26.141 2.9115
v -1.2954 26.141 2.4309
v 2.3391 26.1386 3.8718
v 2.3391 26.141 3.8592
v 4.3236 26.1386 3.6995
v 4.3214 26.141 3.6871
v 4.1847 26.141 2.9115
v 2.3391 26.141 3.0717
v 6.2473 26.1386 3.1827
v 6.243 26.141 3.1709
v 8.0532 26.1386 2.3421
v 8.0469 26.141 2.3312
v 7.6531 26.141 1.6491
v 5.9737 26.141 2.4309
v 9.6842 26.1386 1.1984
v 9.6761 26.141 1.1888
v 11.0936 26.1386 -0.2091
v 11.084 26.141 -0.2172
v 10.4807 26.141 -0.7235
v 9.1699 26.141 0.5856
v 12.2351 26.1386 -1.8416
v 12.2242 26.141 -1.8479
v 13.0781 26.1386 -3.6464
v 13.0663 26.141 -3.6507
v 12.3262 26.141 -3.92
v 11.5422 26.141 -2.2416
v 13.5924 26.1386 -5.5708
v 13.58 26.141 -5.573
v 12.8045 26.141 -5.7097
v 7.5167 26.1431 -7.555
v 7.4374 26.1431 -8.454
v 7.4344 26.1494 -8.4535
v 7.5136 26.1494 -7.555
v 7.2044 26.1431 -9.3258
v 7.2016 26.1494 -9.3248
v 7.2016 26.5953 -9.3248
v 7.4344 26.5953 -8.4535
v 7.5136 26.5953 -7.555
v 6.8225 26.1431 -10.1435
v 6.8198 26.1494 -10.142
v 6.3054 26.1431 -10.8831
v 6.303 26.1494 -10.8811
v 6.303 26.5953 -10.8811
v 6.8198 26.5953 -10.142
v 5.6668 26.1431 -11.5208
v 5.6648 26.1494 -11.5184
v 4.9279 26.1431 -12.0389
v 4.9264 26.1494 -12.0363
v 4.9264 26.5953 -12.0363
v 5.6648 26.5953 -11.5184
v 4.1098 26.1431 -12.4197
v 4.1087 26.1494 -12.4169
v 3.2382 26.1431 -12.6539
v 3.2377 26.1494 -12.6509
v 3.2377 26.5953 -12.6509
v 4.1087 26.5953 -12.4169
v 2.3391 26.1431 -12.732
v 2.3391 26.1494 -12.7289
v 1.4401 26.1431 -12.6539
v 1.4406 26.1494 -12.6509
v 1.4406 26.5953 -12.6509
v 2.3391 26.5953 -12.7289
v 0.5685 26.1431 -12.4197
v 0.5696 26.1494 -12.4169
v -0.2496 26.1431 -12.0389
v -0.2481 26.1494 -12.0363
v -0.2481 26.5953 -12.0363
v 0.5696 26.5953 -12.4169
v -0.9885 26.1431 -11.5208
v -0.9866 26.1494 -11.5184
v -1.6271 26.1431 -10.8831
v -1.6247 26.1494 -10.8811
v -1.6247 26.5953 -10.8811
v -0.9866 26.5953 -11.5184
v -2.1442 26.1431 -10.1435
v -2.1416 26.1494 -10.142
v -2.5261 26.1431 -9.3258
v -2.5233 26.1494 -9.3248
v -2.5233 26.5953 -9.3248
v -2.1416 26.5953 -10.142
v -2.7591 26.1431 -8.454
v -2.7561 26.1494 -8.4535
v -2.8384 26.1431 -7.555
v -2.8353 26.1494 -7.555
v -2.8353 26.5953 -7.555
v -2.7561 26.5953 -8.4535
v -2.7591 26.1431 -6.6561
v -2.7561 26.1494 -6.6566
v -2.5261 26.1431 -5.7842
v -2.5233 26.1494 -5.7853
v -2.5233 26.5953 -5.7853
v -2.7561 26.5953 -6.6566
v -2.1442 26.1431 -4.9666
v -2.1416 26.1494 -4.9681
v -1.6271 26.1431 -4.227
v -1.6247 26.1494 -4.2289
v -1.6247 26.5953 -4.2289
v -2.1416 26.5953 -4.9681
v -0.9885 26.1431 -3.5893
v -0.9866 26.1494 -3.5916
v -0.2496 26.1431 -3.0712
v -0.2481 26.1494 -3.0738
v -0.2481 26.5953 -3.0738
v -0.9866 26.5953 -3.5916
v 0.5685 26.1431 -2.6903
v 0.5696 26.1494 -2.6932
v 1.4401 26.1431 -2.4562
v 1.4406 26.1494 -2.4592
v 1.4406 26.5953 -2.4592
v 0.5696 26.5953 -2.6932
v 2.3391 26.1431 -2.3781
v 2.3391 26.1494 -2.3812
v 3.2382 26.1431 -2.4562
v 3.2377 26.1494 -2.4592
v 3.2377 26.5953 -2.4592
v 2.3391 26.5953 -2.3812
v 4.1097 26.1431 -2.6903
v 4.1087 26.1494 -2.6932
v 4.9279 26.1431 -3.0712
v 4.9264 26.1494 -3.0738
v 4.9264 26.5953 -3.0738
v 4.1087 26.5953 -2.6932
v 5.6668 26.1431 -3.5893
v 5.6648 26.1494 -3.5916
v 6.3054 26.1431 -4.227
v 6.303 26.1494 -4.2289
v 6.303 26.5953 -4.2289
v 5.6648 26.5953 -3.5916
v 6.8225 26.1431 -4.9666
v 6.8198 26.1494 -4.9681
v 7.2044 26.1431 -5.7842
v 7.2016 26.1494 -5.7852
v 7.2016 26.5953 -5.7852
v 6.8198 26.5953 -4.9681
v 7.4374 26.1431 -6.6561
v 7.4344 26.1494 -6.6566
v 7.4344 26.5953 -6.6566
v 0.0413 29.692 -11.5349
v -0.6842 29.6921 -11.1581
v 0.1433 29.6921 -10.172
v 0.8476 29.6921 -10.1384
v -1.1813 29.692 -10.509
v 0.054 29.6921 -9.4725
v 4.6369 29.692 -3.5751
v 5.3625 29.6921 -3.952
v 4.535 29.6921 -4.9381
v 3.8306 29.6921 -4.9717
v 5.8596 29.692 -4.601
v 4.6242 29.6921 -5.6376
v 5.2976 29.6921 -5.8469
v 5.1422 29.6921 -6.5348
v 6.4125 29.6921 -5.2033
v 6.6576 29.692 -5.9832
v 1.5411 29.692 -12.0808
v 0.7305 29.6921 -11.9748
v 1.1707 29.6921 -10.7652
v 1.8211 29.6921 -10.4927
v -0.6194 29.6921 -9.2631
v -1.7342 29.6921 -9.9068
v -1.9793 29.692 -5.9832
v -1.7342 29.6921 -5.2033
v -0.6194 29.6921 -5.8469
v -0.4639 29.6921 -6.5348
v -1.1813 29.692 -4.601
v 0.054 29.6921 -5.6376
v 5.7034 29.6921 -6.9618
v 5.3221 29.6921 -7.555
v 6.9711 29.6921 -6.7383
v 6.9348 29.692 -7.555
v 3.1372 29.692 -3.0292
v 3.9478 29.6921 -3.1352
v 3.5075 29.6921 -4.3449
v 2.8571 29.6921 -4.6174
v 5.7034 29.6921 -8.1482
v 5.1422 29.6921 -8.5753
v 6.9711 29.6921 -8.3718
v 6.6576 29.692 -9.1268
v 3.1372 29.692 -12.0808
v 2.3391 29.6921 -12.2585
v 2.3391 29.6921 -10.9712
v 2.8571 29.6921 -10.4927
v -1.0252 29.6921 -6.9618
v -2.2929 29.6921 -6.7383
v 1.5411 29.692 -3.0292
v 2.3391 29.6921 -2.8516
v 2.3391 29.6921 -4.1388
v 1.8211 29.6921 -4.6174
v 3.8306 29.6921 -10.1384
v 3.5075 29.6921 -10.7652
v 4.6369 29.692 -11.5349
v 3.9478 29.6921 -11.9748
v 0.0413 29.692 -3.5751
v 0.7305 29.6921 -3.1352
v 1.1707 29.6921 -4.3449
v 0.8476 29.6921 -4.9717
v 4.6242 29.6921 -9.4725
v 4.535 29.6921 -10.172
v 5.8596 29.692 -10.509
v 5.3625 29.6921 -11.1581
v -0.6842 29.6921 -3.952
v 0.1433 29.6921 -4.9381
v 5.2977 29.6921 -9.2631
v 6.4125 29.6921 -9.9068
v 7.2016 29.2374 -9.3248
v 7.2016 29.6835 -9.3248
v 7.4344 29.6835 -8.4535
v 7.4344 29.2374 -8.4535
v 7.1957 29.6899 -9.3227
v 7.4283 29.6899 -8.4524
v 7.5074 29.6899 -7.555
v 7.5136 29.6835 -7.555
v 7.5136 29.2374 -7.555
v 6.303 29.2374 -10.8811
v 6.303 29.6835 -10.8811
v 6.8198 29.6835 -10.142
v 6.8198 29.2374 -10.142
v 6.2983 29.6899 -10.8771
v 6.8145 29.6899 -10.1389
v 4.9264 29.2374 -12.0363
v 4.9264 29.6835 -12.0363
v 5.6648 29.6835 -11.5184
v 5.6648 29.2374 -11.5184
v 4.9233 29.6899 -12.0309
v 5.6609 29.6899 -11.5137
v 3.2377 29.2374 -12.6509
v 3.2377 29.6835 -12.6509
v 4.1087 29.6835 -12.4169
v 4.1087 29.2374 -12.4169
v 3.2366 29.6899 -12.6448
v 4.1066 29.6899 -12.4111
v 1.4406 29.2374 -12.6509
v 1.4406 29.6835 -12.6509
v 2.3391 29.6835 -12.7289
v 2.3391 29.2374 -12.7289
v 1.4417 29.6899 -12.6448
v 2.3391 29.6899 -12.7227
v -0.2481 29.2374 -12.0363
v -0.2481 29.6835 -12.0363
v 0.5696 29.6835 -12.4169
v 0.5696 29.2374 -12.4169
v -0.245 29.6899 -12.0309
v 0.5717 29.6899 -12.4111
v -1.6247 29.2374 -10.8811
v -1.6247 29.6835 -10.8811
v -0.9866 29.6835 -11.5184
v -0.9866 29.2374 -11.5184
v -1.62 29.6899 -10.8771
v -0.9826 29.6899 -11.5137
v -2.5233 29.2374 -9.3248
v -2.5233 29.6835 -9.3248
v -2.1416 29.6835 -10.142
v -2.1416 29.2374 -10.142
v -2.5175 29.6899 -9.3227
v -2.1362 29.6899 -10.1389
v -2.8353 29.2374 -7.555
v -2.8353 29.6835 -7.555
v -2.7561 29.6835 -8.4535
v -2.7561 29.2374 -8.4535
v -2.8291 29.6899 -7.555
v -2.75 29.6899 -8.4524
v -2.5233 29.2374 -5.7853
v -2.5233 29.6835 -5.7853
v -2.7561 29.6835 -6.6566
v -2.7561 29.2374 -6.6566
v -2.5175 29.6899 -5.7874
v -2.75 29.6899 -6.6577
v -1.6247 29.2374 -4.2289
v -1.6247 29.6835 -4.2289
v -2.1416 29.6835 -4.9681
v -2.1416 29.2374 -4.9681
v -1.62 29.6899 -4.2329
v -2.1362 29.6899 -4.9712
v -0.2481 29.2374 -3.0738
v -0.2481 29.6835 -3.0738
v -0.9866 29.6835 -3.5916
v -0.9866 29.2374 -3.5916
v -0.245 29.6899 -3.0792
v -0.9826 29.6899 -3.5964
v 1.4406 29.2374 -2.4592
v 1.4406 29.6835 -2.4592
v 0.5696 29.6835 -2.6932
v 0.5696 29.2374 -2.6932
v 1.4417 29.6899 -2.4653
v 0.5717 29.6899 -2.699
v 3.2377 29.2374 -2.4592
v 3.2377 29.6835 -2.4592
v 2.3391 29.6835 -2.3812
v 2.3391 29.2374 -2.3812
v 3.2366 29.6899 -2.4653
v 2.3391 29.6899 -2.3874
v 4.9264 29.2374 -3.0738
v 4.9264 29.6835 -3.0738
v 4.1087 29.6835 -2.6932
v 4.1087 29.2374 -2.6932
v 4.9233 29.6899 -3.0792
v 4.1066 29.6899 -2.699
v 6.303 29.2374 -4.2289
v 6.303 29.6835 -4.2289
v 5.6648 29.6835 -3.5916
v 5.6648 29.2374 -3.5916
v 6.2983 29.6899 -4.2329
v 5.6609 29.6899 -3.5964
v 7.2016 29.2374 -5.7852
v 7.2016 29.6835 -5.7852
v 6.8198 29.6835 -4.9681
v 6.8198 29.2374 -4.9681
v 7.1957 29.6899 -5.7874
v 6.8145 29.6899 -4.9712
v 7.4344 29.6835 -6.6566
v 7.4344 29.2374 -6.6566
v 7.4283 29.6899 -6.6577
v 7.41 29.692 -8.4492
v 7.4888 29.692 -7.555
v 7.1783 29.692 -9.3163
v 6.7984 29.692 -10.1296
v 6.284 29.692 -10.8652
v 5.6489 29.692 -11.4995
v 4.914 29.692 -12.0148
v 4.1002 29.692 -12.3936
v 3.2334 29.692 -12.6265
v 2.3391 29.692 -12.7041
v 1.4449 29.692 -12.6265
v 0.578 29.692 -12.3936
v -0.2357 29.692 -12.0148
v -0.9706 29.692 -11.4995
v -1.6057 29.692 -10.8652
v -2.1201 29.692 -10.1296
v -2.5 29.692 -9.3163
v -2.7317 29.692 -8.4492
v -2.8105 29.692 -7.555
v -2.7317 29.692 -6.6609
v -2.5 29.692 -5.7937
v -2.1201 29.692 -4.9805
v -1.6057 29.692 -4.2449
v -0.9706 29.692 -3.6106
v -0.2357 29.692 -3.0953
v 0.578 29.692 -2.7165
v 1.4449 29.692 -2.4836
v 2.3391 29.692 -2.4059
v 3.2334 29.692 -2.4836
v 4.1002 29.692 -2.7165
v 4.914 29.692 -3.0953
v 5.6489 29.692 -3.6106
v 6.284 29.692 -4.2449
v 6.7984 29.692 -4.9805
v 7.1783 29.692 -5.7937
v 7.41 29.692 -6.6609
v 13.0819 23.6944 -11.4651
v 13.5964 23.6944 -9.54
v 13.7714 23.6944 -7.555
v 11.0968 23.6944 -14.9035
v 12.2386 23.6944 -13.2705
v 8.0553 23.6944 -17.4556
v 9.6868 23.6944 -16.3116
v 4.3243 23.6944 -18.8136
v 6.2487 23.6944 -18.2966
v 0.354 23.6944 -18.8136
v 2.3391 23.6944 -18.9859
v -3.377 23.6944 -17.4556
v -1.5705 23.6944 -18.2966
v -6.4185 23.6944 -14.9035
v -5.0085 23.6944 -16.3116
v -8.4037 23.6944 -11.4651
v -7.5603 23.6944 -13.2705
v -9.0931 23.6944 -7.555
v -8.9181 23.6944 -9.54
v -8.4037 23.6944 -3.645
v -8.9181 23.6944 -5.5701
v -6.4185 23.6944 -0.2065
v -7.5603 23.6944 -1.8396
v -3.377 23.6944 2.3456
v -5.0085 23.6944 1.2016
v 0.3539 23.6944 3.7035
v -1.5705 23.6944 3.1865
v 4.3243 23.6944 3.7035
v 2.3391 23.6944 3.8759
v 8.0553 23.6944 2.3456
v 6.2487 23.6944 3.1865
v 11.0967 23.6944 -0.2065
v 9.6868 23.6944 1.2016
v 13.0819 23.6944 -3.645
v 12.2386 23.6944 -1.8396
v 13.5964 23.6944 -5.5701
v 13.0128 23.7313 -11.4399
v 13.524 23.7313 -9.5272
v 13.6978 23.7313 -7.555
v 11.0404 23.7313 -14.8563
v 12.1749 23.7313 -13.2337
v 8.0185 23.7313 -17.3919
v 9.6395 23.7313 -16.2553
v 4.3116 23.7313 -18.7412
v 6.2236 23.7313 -18.2275
v 0.3667 23.7313 -18.7412
v 2.3391 23.7313 -18.9124
v -3.3402 23.7313 -17.3919
v -1.5453 23.7313 -18.2275
v -6.3621 23.7313 -14.8563
v -4.9612 23.7313 -16.2553
v -8.3345 23.7313 -11.4399
v -7.4966 23.7313 -13.2337
v -9.0196 23.7313 -7.555
v -8.8457 23.7313 -9.5272
v -8.3345 23.7313 -3.6701
v -8.8457 23.7313 -5.5828
v -6.3621 23.7313 -0.2538
v -7.4966 23.7313 -1.8763
v -3.3402 23.7313 2.2819
v -4.9612 23.7313 1.1452
v 0.3667 23.7313 3.6311
v -1.5453 23.7313 3.1174
v 4.3116 23.7313 3.6311
v 2.3391 23.7313 3.8023
v 8.0185 23.7313 2.2819
v 6.2236 23.7313 3.1174
v 11.0404 23.7313 -0.2538
v 9.6395 23.7313 1.1452
v 13.0128 23.7313 -3.6701
v 12.1749 23.7313 -1.8763
v 13.524 23.7313 -5.5828
v 13.0768 23.8182 -11.4632
v 13.591 23.8182 -9.539
v 13.7659 23.8182 -7.555
v 11.0925 23.8182 -14.9
v 12.2338 23.8182 -13.2677
v 8.0525 23.8182 -17.4509
v 9.6833 23.8182 -16.3074
v 4.3234 23.8182 -18.8082
v 6.2469 23.8182 -18.2914
v 0.3549 23.8182 -18.8082
v 2.3391 23.8182 -18.9804
v -3.3742 23.8182 -17.4509
v -1.5686 23.8182 -18.2914
v -6.4143 23.8182 -14.9
v -5.005 23.8182 -16.3074
v -8.3985 23.8182 -11.4632
v -7.5556 23.8182 -13.2677
v -9.0876 23.8182 -7.555
v -8.9127 23.8182 -9.539
v -8.3985 23.8182 -3.6468
v -8.9127 23.8182 -5.571
v -6.4143 23.8182 -0.21
v -7.5556 23.8182 -1.8423
v -3.3742 23.8182 2.3408
v -5.005 23.8182 1.1974
v 0.3549 23.8182 3.6981
v -1.5686 23.8182 3.1814
v 4.3234 23.8182 3.6981
v 2.3391 23.8182 3.8704
v 8.0525 23.8182 2.3408
v 6.2469 23.8182 3.1814
v 11.0925 23.8182 -0.21
v 9.6833 23.8182 1.1974
v 13.0768 23.8182 -3.6468
v 12.2338 23.8182 -1.8423
v 13.591 23.8182 -5.571
v 13.082 24.98 -11.4651
v 13.5965 24.98 -9.54
v 13.082 25.8391 -11.4651
v 13.5965 25.8391 -9.54
v 13.7715 25.8391 -7.555
v 13.7715 24.98 -7.555
v 11.0968 24.98 -14.9036
v 12.2387 24.98 -13.2705
v 11.0968 25.8391 -14.9036
v 12.2387 25.8391 -13.2705
v 8.0553 24.98 -17.4557
v 9.6869 24.98 -16.3117
v 8.0553 25.8391 -17.4557
v 9.6869 25.8391 -16.3117
v 4.3243 24.98 -18.8137
v 6.2488 24.98 -18.2967
v 4.3243 25.8391 -18.8137
v 6.2488 25.8391 -18.2967
v 0.3539 24.98 -18.8137
v 2.3391 24.98 -18.986
v 0.3539 25.8391 -18.8137
v 2.3391 25.8391 -18.986
v -3.377 24.98 -17.4557
v -1.5705 24.98 -18.2967
v -3.377 25.8391 -17.4557
v -1.5705 25.8391 -18.2967
v -6.4186 24.98 -14.9036
v -5.0086 24.98 -16.3117
v -6.4186 25.8391 -14.9036
v -5.0086 25.8391 -16.3117
v -8.4038 24.98 -11.4651
v -7.5604 24.98 -13.2705
v -8.4038 25.8391 -11.4651
v -7.5604 25.8391 -13.2705
v -9.0932 24.98 -7.555
v -8.9182 24.98 -9.54
v -9.0932 25.8391 -7.555
v -8.9182 25.8391 -9.54
v -8.4038 24.98 -3.6449
v -8.9182 24.98 -5.5701
v -8.4038 25.8391 -3.6449
v -8.9182 25.8391 -5.5701
v -6.4186 24.98 -0.2065
v -7.5604 24.98 -1.8395
v -6.4186 25.8391 -0.2065
v -7.5604 25.8391 -1.8395
v -3.377 24.98 2.3457
v -5.0086 24.98 1.2016
v -3.377 25.8391 2.3457
v -5.0086 25.8391 1.2016
v 0.3539 24.98 3.7036
v -1.5705 24.98 3.1866
v 0.3539 25.8391 3.7036
v -1.5705 25.8391 3.1866
v 4.3243 24.98 3.7036
v 2.3391 24.98 3.876
v 4.3243 25.8391 3.7036
v 2.3391 25.8391 3.876
v 8.0553 24.98 2.3457
v 6.2488 24.98 3.1866
v 8.0553 25.8391 2.3457
v 6.2488 25.8391 3.1866
v 11.0968 24.98 -0.2064
v 9.6869 24.98 1.2016
v 11.0968 25.8391 -0.2064
v 9.6869 25.8391 1.2016
v 13.082 24.98 -3.6449
v 12.2387 24.98 -1.8395
v 13.082 25.8391 -3.6449
v 12.2387 25.8391 -1.8395
v 13.5965 24.98 -5.57
v 13.5965 25.8391 -5.57
v 13.0221 2.7513 -11.4433
v 13.5337 2.7513 -9.5289
v 13.7077 2.7513 -7.555
v 11.048 2.7513 -14.8626
v 12.1835 2.7513 -13.2387
v 8.0234 2.7513 -17.4005
v 9.6459 2.7513 -16.2629
v 4.3133 2.7513 -18.7509
v 6.227 2.7513 -18.2368
v 0.365 2.7513 -18.7509
v 2.3391 2.7513 -18.9223
v -3.3452 2.7513 -17.4005
v -1.5487 2.7513 -18.2368
v -6.3697 2.7513 -14.8626
v -4.9676 2.7513 -16.2629
v -8.3439 2.7513 -11.4433
v -7.5052 2.7513 -13.2387
v -9.0295 2.7513 -7.555
v -8.8554 2.7513 -9.5289
v -8.3439 2.7513 -3.6667
v -8.8554 2.7513 -5.5811
v -6.3697 2.7513 -0.2474
v -7.5052 2.7513 -1.8714
v -3.3452 2.7513 2.2905
v -4.9676 2.7513 1.1528
v 0.365 2.7513 3.6409
v -1.5487 2.7513 3.1267
v 4.3133 2.7513 3.6409
v 2.3391 2.7513 3.8122
v 8.0234 2.7513 2.2905
v 6.227 2.7513 3.1267
v 11.048 2.7513 -0.2474
v 9.6459 2.7513 1.1528
v 13.0221 2.7513 -3.6667
v 12.1835 2.7513 -1.8714
v 13.5337 2.7513 -5.5811
v 13.082 2.7429 -11.4651
v 13.5965 2.7429 -9.54
v 13.7715 2.7429 -7.555
v 11.0968 2.7429 -14.9036
v 12.2387 2.7429 -13.2705
v 8.0553 2.7429 -17.4557
v 9.6869 2.7429 -16.3117
v 4.3243 2.7429 -18.8137
v 6.2488 2.7429 -18.2967
v 0.3539 2.7429 -18.8137
v 2.3391 2.7429 -18.986
v -3.377 2.7429 -17.4557
v -1.5705 2.7429 -18.2967
v -6.4186 2.7429 -14.9036
v -5.0086 2.7429 -16.3117
v -8.4038 2.7429 -11.4651
v -7.5604 2.7429 -13.2705
v -9.0932 2.7429 -7.555
v -8.9182 2.7429 -9.54
v -8.4038 2.7429 -3.6449
v -8.9182 2.7429 -5.5701
v -6.4186 2.7429 -0.2065
v -7.5604 2.7429 -1.8395
v -3.377 2.7429 2.3457
v -5.0086 2.7429 1.2016
v 0.3539 2.7429 3.7036
v -1.5705 2.7429 3.1866
v 4.3243 2.7429 3.7036
v 2.3391 2.7429 3.876
v 8.0553 2.7429 2.3457
v 6.2488 2.7429 3.1866
v 11.0968 2.7429 -0.2064
v 9.6869 2.7429 1.2016
v 13.082 2.7429 -3.6449
v 12.2387 2.7429 -1.8395
v 13.5965 2.7429 -5.57
v 13.4896 0 -9.5212
v 12.9801 0 -11.428
v 13.663 0 -7.555
v 12.4098 0 -7.555
v 12.4892 0 -9.3448
v 11.8024 0 -10.9994
v 13.4896 0 -5.5889
v 12.9801 0 -3.682
v 11.8024 0 -4.1107
v 12.4892 0 -5.7653
v 12.1447 0 -1.8938
v 11.0137 0 -0.2762
v 10.0537 0 -1.0817
v 11.265 0 -2.4017
v 9.6171 0 1.1185
v 8.0011 0 2.2517
v 8.9641 0 0.3403
v 6.2117 0 3.0847
v 4.3055 0 3.5968
v 2.3391 0 3.7675
v 0.3728 0 3.5968
v 0.5904 0 2.3626
v 2.3391 0 2.7516
v -1.5334 0 3.0847
v -3.3228 0 2.2517
v -2.6962 0 1.1664
v -1.1859 0 2.1301
v -4.9388 0 1.1185
v -6.3354 0 -0.2762
v -5.3754 0 -1.0818
v -4.2858 0 0.3403
v -7.4665 0 -1.8938
v -8.3018 0 -3.682
v -7.1242 0 -4.1107
v -6.5867 0 -2.4017
v -8.8114 0 -5.5889
v -8.9847 0 -7.555
v -7.7315 0 -7.555
v -7.8109 0 -5.7653
v -8.8114 0 -9.5212
v -8.3018 0 -11.428
v -7.1242 0 -10.9994
v -7.8109 0 -9.3448
v -7.4665 0 -13.2163
v -6.3354 0 -14.8339
v -5.3754 0 -14.0283
v -6.5867 0 -12.7084
v -4.9388 0 -16.2286
v -3.3228 0 -17.3618
v -2.6962 0 -16.2764
v -4.2858 0 -15.4504
v -1.5334 0 -18.1947
v 0.3728 0 -18.7068
v 0.5904 0 -17.4727
v -1.1859 0 -17.2401
v 2.3391 0 -18.8776
v 4.3055 0 -18.7068
v 4.0879 0 -17.4727
v 2.3391 0 -17.8617
v 6.2117 0 -18.1947
v 8.0011 0 -17.3618
v 7.3745 0 -16.2764
v 5.8642 0 -17.2401
v 9.6171 0 -16.2286
v 11.0137 0 -14.8339
v 10.0537 0 -14.0283
v 8.9641 0 -15.4504
v 12.1447 0 -13.2163
v 11.265 0 -12.7084
v 9.7016 0 -8.8532
v 8.4734 0 -9.7877
v 8.8671 0 -7.555
v -5.0233 0 -6.2568
v -3.7952 0 -5.3223
v -4.1888 0 -7.555
v -5.0233 0 -8.8532
v -3.7952 0 -9.7877
v 8.8136 0 -11.293
v 7.3399 0 -11.7511
v 9.7016 0 -6.2568
v 8.4734 0 -5.3223
v -4.1353 0 -3.817
v -2.6616 0 -3.3589
v -4.1353 0 -11.293
v -2.6616 0 -11.7511
v 7.1446 0 -13.282
v 5.6031 0 -13.2084
v 8.8136 0 -3.817
v 7.3399 0 -3.3589
v -2.4664 0 -1.8281
v -0.9248 0 -1.9016
v -2.4664 0 -13.282
v -0.9248 0 -13.2084
v 4.8961 0 -14.5802
v 3.4727 0 -13.9838
v 7.1446 0 -1.8281
v -0.2178 0 -0.5299
v 1.2056 0 -1.1262
v 1.2056 0 -13.9838
v 2.3391 0 -15.031
v 2.3391 0 -0.079
v -0.2178 0 -14.5802
v 7.2016 27.9164 -9.3248
v 7.4344 27.9164 -8.4535
v 7.5136 27.9164 -7.555
v 6.303 27.9164 -10.8811
v 6.8198 27.9164 -10.142
v 4.9264 27.9164 -12.0363
v 5.6648 27.9164 -11.5184
v 3.2377 27.9164 -12.6509
v 4.1087 27.9164 -12.4169
v 1.4406 27.9164 -12.6509
v 2.3391 27.9164 -12.7289
v -0.2481 27.9164 -12.0363
v 0.5696 27.9164 -12.4169
v -1.6247 27.9164 -10.8811
v -0.9866 27.9164 -11.5184
v -2.5233 27.9164 -9.3248
v -2.1416 27.9164 -10.142
v -2.8353 27.9164 -7.555
v -2.7561 27.9164 -8.4535
v -2.5233 27.9164 -5.7853
v -2.7561 27.9164 -6.6566
v -1.6247 27.9164 -4.2289
v -2.1416 27.9164 -4.9681
v -0.2481 27.9164 -3.0738
v -0.9866 27.9164 -3.5916
v 1.4406 27.9164 -2.4592
v 0.5696 27.9164 -2.6932
v 3.2377 27.9164 -2.4592
v 2.3391 27.9164 -2.3812
v 4.9264 27.9164 -3.0738
v 4.1087 27.9164 -2.6932
v 6.303 27.9164 -4.2289
v 5.6648 27.9164 -3.5916
v 7.2016 27.9164 -5.7852
v 6.8198 27.9164 -4.9681
v 7.4344 27.9164 -6.6566
v 7.9499 26.141 -9.5972
v 7.213 26.141 -9.329
v 7.4464 26.141 -8.4556
v 8.2186 26.141 -8.5917
v 7.5258 26.141 -7.555
v 8.31 26.141 -7.555
v 6.9131 26.141 -11.393
v 6.3124 26.141 -10.889
v 6.8304 26.141 -10.1481
v 7.5094 26.141 -10.5401
v 5.3246 26.141 -12.7259
v 4.9325 26.141 -12.0468
v 5.6727 26.141 -11.5278
v 6.1767 26.141 -12.1284
v 3.376 26.141 -13.4352
v 3.2398 26.141 -12.6629
v 4.1129 26.141 -12.4284
v 4.381 26.141 -13.1651
v 1.3023 26.141 -13.4352
v 1.4385 26.141 -12.6629
v 2.3391 26.141 -12.7411
v 2.3391 26.141 -13.5252
v -0.6463 26.141 -12.7259
v -0.2542 26.141 -12.0468
v 0.5654 26.141 -12.4284
v 0.2972 26.141 -13.1651
v -2.2348 26.141 -11.393
v -1.6341 26.141 -10.889
v -0.9944 26.141 -11.5278
v -1.4984 26.141 -12.1284
v -3.2716 26.141 -9.5972
v -2.5348 26.141 -9.329
v -2.1521 26.141 -10.1481
v -2.8312 26.141 -10.5401
v -3.6317 26.141 -7.555
v -2.8476 26.141 -7.555
v -2.7682 26.141 -8.4556
v -3.5403 26.141 -8.5917
v -3.2716 26.141 -5.5129
v -2.5348 26.141 -5.7811
v -2.7682 26.141 -6.6545
v -3.5403 26.141 -6.5183
v -2.2348 26.141 -3.717
v -1.6341 26.141 -4.2211
v -2.1521 26.141 -4.962
v -2.8312 26.141 -4.57
v -0.6463 26.141 -2.3841
v -0.2542 26.141 -3.0632
v -0.9944 26.141 -3.5823
v -1.4984 26.141 -2.9816
v 1.3023 26.141 -1.6749
v 1.4385 26.141 -2.4471
v 0.5654 26.141 -2.6817
v 0.2972 26.141 -1.9449
v 3.376 26.141 -1.6749
v 3.2398 26.141 -2.4471
v 2.3391 26.141 -2.3689
v 2.3391 26.141 -1.5849
v 5.3246 26.141 -2.3841
v 4.9325 26.141 -3.0632
v 4.1129 26.141 -2.6817
v 4.381 26.141 -1.9449
v 6.9131 26.141 -3.717
v 6.3124 26.141 -4.2211
v 5.6727 26.141 -3.5823
v 6.1767 26.141 -2.9816
v 7.9499 26.141 -5.5129
v 7.213 26.141 -5.7811
v 6.8304 26.141 -4.962
v 7.5094 26.141 -4.57
v 7.4464 26.141 -6.6545
v 8.2186 26.141 -6.5183
v 13.082 26.1317 -11.4651
v 13.5965 26.1317 -9.54
v 13.7715 26.1317 -7.555
v 11.0968 26.1317 -14.9036
v 12.2387 26.1317 -13.2705
v 8.0553 26.1317 -17.4557
v 9.6869 26.1317 -16.3117
v 4.3243 26.1317 -18.8137
v 6.2488 26.1317 -18.2967
v 0.3539 26.1317 -18.8137
v 2.3391 26.1317 -18.986
v -3.377 26.1317 -17.4557
v -1.5705 26.1317 -18.2967
v -6.4186 26.1317 -14.9036
v -5.0086 26.1317 -16.3117
v -8.4038 26.1317 -11.4651
v -7.5604 26.1317 -13.2705
v -9.0932 26.1317 -7.555
v -8.9182 26.1317 -9.54
v -8.4038 26.1317 -3.6449
v -8.9182 26.1317 -5.5701
v -6.4186 26.1317 -0.2065
v -7.5604 26.1317 -1.8395
v -3.377 26.1317 2.3457
v -5.0086 26.1317 1.2016
v 0.3539 26.1317 3.7036
v -1.5705 26.1317 3.1866
v 4.3243 26.1317 3.7036
v 2.3391 26.1317 3.876
v 8.0553 26.1317 2.3457
v 6.2488 26.1317 3.1866
v 11.0968 26.1317 -0.2064
v 9.6869 26.1317 1.2016
v 13.082 26.1317 -3.6449
v 12.2387 26.1317 -1.8395
v 13.5965 26.1317 -5.57
v 10.1375 26.141 -10.3934
v 10.511 26.141 -8.9959
v 10.638 26.141 -7.555
v 8.6964 26.141 -12.8894
v 9.5253 26.141 -11.704
v 6.4886 26.141 -14.7421
v 7.6729 26.141 -13.9116
v 3.7802 26.141 -15.7278
v 5.1772 26.141 -15.3525
v 0.8981 26.141 -15.7278
v 2.3391 26.141 -15.8529
v -1.8103 26.141 -14.7421
v -0.4989 26.141 -15.3525
v -4.0182 26.141 -12.8894
v -2.9946 26.141 -13.9116
v -5.4592 26.141 -10.3934
v -4.847 26.141 -11.704
v -5.9597 26.141 -7.555
v -5.8327 26.141 -8.9959
v -5.4592 26.141 -4.7167
v -5.8327 26.141 -6.1141
v -4.0182 26.141 -2.2206
v -4.847 26.141 -3.4061
v -1.8103 26.141 -0.368
v -2.9946 26.141 -1.1985
v 0.8981 26.141 0.6178
v -0.4989 26.141 0.2424
v 3.7802 26.141 0.6178
v 2.3391 26.141 0.7429
v 6.4886 26.141 -0.368
v 5.1772 26.141 0.2424
v 8.6964 26.141 -2.2206
v 7.6729 26.141 -1.1985
v 10.1375 26.141 -4.7166
v 9.5253 26.141 -3.4061
v 10.511 26.141 -6.1141
#end vertices

#begin 2224 textures vertices 
vt 0.3978056 0.2407226 0
vt 0.3870995 0.2202031 0
vt 0.4224256 0.2107372 0
vt 0.4392841 0.22138 0
vt 0.3861097 0.1970798 0
vt 0.4317026 0.1930888 0
vt 0.5157186 0.1857356 0
vt 0.5028488 0.3328462 0
vt 0.5285884 0.332838 0
vt 0.5288235 0.3355154 0
vt 0.5026155 0.3355226 0
vt 0.5539384 0.3283758 0
vt 0.5546352 0.3309703 0
vt 0.5555551 0.3343997 0
vt 0.5291341 0.3390538 0
vt 0.5023069 0.3390599 0
vt 0.5781237 0.3195644 0
vt 0.5792598 0.3220001 0
vt 0.6004193 0.306701 0
vt 0.6019611 0.3089009 0
vt 0.6039985 0.3118089 0
vt 0.5807618 0.3252189 0
vt 0.6201314 0.2901493 0
vt 0.6220323 0.2920494 0
vt 0.6366824 0.2704363 0
vt 0.638884 0.2719758 0
vt 0.6417931 0.2740116 0
vt 0.6245447 0.2945603 0
vt 0.6495456 0.2481402 0
vt 0.6519818 0.2492754 0
vt 0.6583563 0.223954 0
vt 0.6609515 0.2246483 0
vt 0.6643814 0.2255663 0
vt 0.6552014 0.2507756 0
vt 0.662818 0.1986036 0
vt 0.6654955 0.1988369 0
vt 0.6628256 0.1728628 0
vt 0.6655018 0.1726279 0
vt 0.6690389 0.1723175 0
vt 0.669034 0.1991455 0
vt 0.6583484 0.1475161 0
vt 0.6609442 0.1468193 0
vt 0.6495511 0.1233241 0
vt 0.6519858 0.1221885 0
vt 0.6552035 0.120687 0
vt 0.6643749 0.1458989 0
vt 0.636674 0.1010377 0
vt 0.6388749 0.09949481 0
vt 0.6201331 0.08131422 0
vt 0.6220316 0.07941354 0
vt 0.6245415 0.0769021 0
vt 0.6417839 0.09745653 0
vt 0.6004098 0.06477515 0
vt 0.6019498 0.0625725 0
vt 0.5781201 0.05189796 0
vt 0.5792547 0.04946275 0
vt 0.5807543 0.04624421 0
vt 0.6039862 0.05966217 0
vt 0.55393 0.04310287 0
vt 0.5546244 0.04050647 0
vt 0.5285808 0.03862662 0
vt 0.5288138 0.03595027 0
vt 0.529122 0.03241296 0
vt 0.5555425 0.03707514 0
vt 0.5028416 0.03863586 0
vt 0.5026062 0.03595854 0
vt 0.4774903 0.04309952 0
vt 0.4767937 0.04050489 0
vt 0.4758734 0.03707553 0
vt 0.5022953 0.03242013 0
vt 0.4533064 0.0519121 0
vt 0.452169 0.0494769 0
vt 0.4310115 0.06477694 0
vt 0.42947 0.0625767 0
vt 0.4274324 0.05966892 0
vt 0.4506666 0.04625827 0
vt 0.411299 0.08132942 0
vt 0.4093986 0.07942894 0
vt 0.3947494 0.1010428 0
vt 0.3925477 0.09950351 0
vt 0.3896384 0.09746799 0
vt 0.4068859 0.07691821 0
vt 0.3818877 0.1233385 0
vt 0.3794513 0.1222035 0
vt 0.3730783 0.1475231 0
vt 0.370483 0.146829 0
vt 0.3670529 0.1459112 0
vt 0.3762315 0.1207036 0
vt 0.3686179 0.1728725 0
vt 0.3659405 0.1726395 0
vt 0.3686116 0.1986124 0
vt 0.3659354 0.1988476 0
vt 0.3623983 0.1991583 0
vt 0.3624019 0.1723312 0
vt 0.3730899 0.2239586 0
vt 0.3704942 0.2246556 0
vt 0.3818871 0.2481476 0
vt 0.3794529 0.2492842 0
vt 0.3762354 0.2507857 0
vt 0.3670635 0.2255761 0
vt 0.3947632 0.2704341 0
vt 0.392563 0.2719775 0
vt 0.4113027 0.2901566 0
vt 0.4094033 0.2920567 0
vt 0.4068932 0.2945681 0
vt 0.389654 0.2740157 0
vt 0.4310249 0.3066958 0
vt 0.4294837 0.3088978 0
vt 0.4533121 0.3195729 0
vt 0.452177 0.3220077 0
vt 0.4506771 0.325226 0
vt 0.4274471 0.311808 0
vt 0.4775018 0.3283691 0
vt 0.4768059 0.3309651 0
vt 0.4758875 0.3343964 0
vt 0.5294447 0.3425926 0
vt 0.5019983 0.3425978 0
vt 0.5564752 0.3378298 0
vt 0.5573963 0.3412636 0
vt 0.5297556 0.346135 0
vt 0.5016894 0.3461396 0
vt 0.582264 0.328438 0
vt 0.6060362 0.3147174 0
vt 0.6080762 0.3176291 0
vt 0.5837678 0.3316605 0
vt 0.6270573 0.2970715 0
vt 0.6447027 0.2760478 0
vt 0.6476156 0.2780862 0
vt 0.6295726 0.2995853 0
vt 0.6584213 0.2522759 0
vt 0.667812 0.2264845 0
vt 0.6712463 0.2274037 0
vt 0.6616446 0.2537778 0
vt 0.6725729 0.1994541 0
vt 0.6725766 0.172007 0
vt 0.6761182 0.1716962 0
vt 0.6761155 0.199763 0
vt 0.667806 0.1449786 0
vt 0.6584217 0.1191852 0
vt 0.6616434 0.1176817 0
vt 0.6712406 0.1440572 0
vt 0.6446932 0.09541806 0
vt 0.6270518 0.07439024 0
vt 0.6295649 0.0718756 0
vt 0.6476055 0.09337744 0
vt 0.6060228 0.05675159 0
vt 0.5822541 0.04302513 0
vt 0.5837555 0.03980249 0
vt 0.6080615 0.05383798 0
vt 0.5564607 0.0336435 0
vt 0.5294302 0.02887506 0
vt 0.5297388 0.02533326 0
vt 0.5573798 0.03020827 0
vt 0.5019844 0.0288814 0
vt 0.474953 0.03364559 0
vt 0.4740315 0.03021188 0
vt 0.5016731 0.02533899 0
vt 0.449164 0.04303935 0
vt 0.4253944 0.05676064 0
vt 0.4233541 0.05384917 0
vt 0.4476599 0.03981708 0
vt 0.4043731 0.07440725 0
vt 0.3867286 0.09543212 0
vt 0.3838156 0.09339404 0
vt 0.4018575 0.07189368 0
vt 0.3730114 0.1192036 0
vt 0.3636222 0.1449933 0
vt 0.3601878 0.1440744 0
vt 0.3697879 0.1177019 0
vt 0.358863 0.1720229 0
vt 0.3588606 0.1994691 0
vt 0.3553189 0.1997802 0
vt 0.3553205 0.1717143 0
vt 0.3636325 0.2264967 0
vt 0.3730173 0.2522875 0
vt 0.3697957 0.253791 0
vt 0.3601979 0.2274183 0
vt 0.3867447 0.2760541 0
vt 0.4043827 0.2970799 0
vt 0.4018694 0.2995945 0
vt 0.3838323 0.2780946 0
vt 0.4254102 0.3147184 0
vt 0.4491771 0.328445 0
vt 0.4476753 0.3316674 0
vt 0.4233713 0.3176319 0
vt 0.4749689 0.337828 0
vt 0.4740494 0.3412631 0
vt 0.5300671 0.3496832 0
vt 0.5013799 0.3496873 0
vt 0.5583189 0.3447032 0
vt 0.559244 0.3481517 0
vt 0.5303794 0.3532405 0
vt 0.5010697 0.3532443 0
vt 0.585274 0.3348882 0
vt 0.6101196 0.3205457 0
vt 0.6121684 0.3234699 0
vt 0.5867841 0.3381241 0
vt 0.6320919 0.3021031 0
vt 0.6505333 0.280128 0
vt 0.6534587 0.282175 0
vt 0.6346177 0.3046274 0
vt 0.6648732 0.2552822 0
vt 0.6746863 0.2283244 0
vt 0.6781354 0.2292475 0
vt 0.66811 0.2567903 0
vt 0.6796638 0.2000724 0
vt 0.6796658 0.1713849 0
vt 0.6832226 0.1710728 0
vt 0.6832213 0.2003827 0
vt 0.6746808 0.1431344 0
vt 0.6648705 0.1161757 0
vt 0.6681061 0.1146658 0
vt 0.6781298 0.1422091 0
vt 0.6505225 0.09133347 0
vt 0.6320821 0.06935672 0
vt 0.6346059 0.06683123 0
vt 0.653447 0.08928421 0
vt 0.6101036 0.05091963 0
vt 0.5852595 0.03657445 0
vt 0.5867673 0.03333797 0
vt 0.6121509 0.04799379 0
vt 0.5583004 0.02676747 0
vt 0.5300479 0.02178553 0
vt 0.5303577 0.01822852 0
vt 0.5592234 0.02331782 0
vt 0.5013613 0.02179082 0
vt 0.4731085 0.02677242 0
vt 0.472183 0.02332399 0
vt 0.5010486 0.01823354 0
vt 0.4461533 0.03658959 0
vt 0.4213104 0.05093283 0
vt 0.4192614 0.04800887 0
vt 0.4446427 0.03335382 0
vt 0.3993379 0.06937604 0
vt 0.3808977 0.09135258 0
vt 0.3779721 0.08930582 0
vt 0.3968118 0.06685194 0
vt 0.3665592 0.1161979 0
vt 0.3567475 0.143154 0
vt 0.3532983 0.1422312 0
vt 0.3633222 0.11469 0
vt 0.3517721 0.1714053 0
vt 0.3517714 0.2000918 0
vt 0.3482145 0.2004042 0
vt 0.3482147 0.1710955 0
vt 0.3567578 0.2283414 0
vt 0.3665688 0.255297 0
vt 0.3633333 0.256807 0
vt 0.3533089 0.229267 0
vt 0.3809153 0.2801384 0
vt 0.3993519 0.3021133 0
vt 0.3968278 0.3046386 0
vt 0.3779907 0.2821875 0
vt 0.4213291 0.3205501 0
vt 0.4461711 0.3348953 0
vt 0.4446629 0.3381316 0
vt 0.4192816 0.3234758 0
vt 0.4731284 0.3447039 0
vt 0.4722051 0.3481535 0
vt 0.5306924 0.3568064 0
vt 0.5007587 0.35681 0
vt 0.5601713 0.3516088 0
vt 0.5610947 0.355051 0
vt 0.5310042 0.3603569 0
vt 0.5004491 0.3603604 0
vt 0.5882978 0.3413679 0
vt 0.6142222 0.3264012 0
vt 0.6162673 0.32932 0
vt 0.5898051 0.3445977 0
vt 0.6371496 0.3071579 0
vt 0.6563913 0.2842271 0
vt 0.6593113 0.2862704 0
vt 0.6396706 0.3096773 0
vt 0.6713547 0.2583022 0
vt 0.681593 0.2301728 0
vt 0.6850357 0.2310941 0
vt 0.6745854 0.2598075 0
vt 0.6867874 0.2006937 0
vt 0.6867881 0.1707598 0
vt 0.6903384 0.1704483 0
vt 0.690338 0.2010033 0
vt 0.6815871 0.1412817 0
vt 0.6713496 0.1131521 0
vt 0.6745792 0.111645 0
vt 0.6850296 0.1403583 0
vt 0.6563785 0.08722996 0
vt 0.6371359 0.0642995 0
vt 0.639655 0.06177858 0
vt 0.6592974 0.08518454 0
vt 0.6142032 0.04506089 0
vt 0.5882788 0.03009353 0
vt 0.5897839 0.02686298 0
vt 0.6162467 0.04214068 0
vt 0.5601486 0.01985982 0
vt 0.5306682 0.01466278 0
vt 0.5309774 0.01111232 0
vt 0.5610698 0.01641675 0
vt 0.5007352 0.01466765 0
vt 0.4712551 0.01986711 0
vt 0.4703312 0.01642505 0
vt 0.5004232 0.01111715 0
vt 0.4431286 0.03011024 0
vt 0.4172073 0.04507775 0
vt 0.415162 0.04215917 0
vt 0.4416209 0.02688066 0
vt 0.3942796 0.06432174 0
vt 0.3750394 0.08725408 0
vt 0.3721191 0.08521117 0
vt 0.3917584 0.06180246 0
vt 0.3600773 0.1131784 0
vt 0.3498406 0.1413062 0
vt 0.3463977 0.1403853 0
vt 0.3568465 0.1116733 0
vt 0.3446486 0.170785 0
vt 0.344649 0.2007175 0
vt 0.3410987 0.2010293 0
vt 0.341098 0.1704758 0
vt 0.3498516 0.2301949 0
vt 0.36009 0.2583206 0
vt 0.3568605 0.2598278 0
vt 0.3464093 0.2311188 0
vt 0.3750591 0.2842416 0
vt 0.3942975 0.3071702 0
vt 0.391778 0.3096909 0
vt 0.3721401 0.2862867 0
vt 0.4172292 0.3264086 0
vt 0.443151 0.3413758 0
vt 0.4416455 0.3446062 0
vt 0.4151857 0.3293288 0
vt 0.4712795 0.3516114 0
vt 0.470358 0.3550544 0
vt 0.5313123 0.3638662 0
vt 0.5001431 0.3638699 0
vt 0.5620075 0.3584534 0
vt 0.5626965 0.3610227 0
vt 0.5315448 0.3665162 0
vt 0.4999118 0.3665199 0
vt 0.5912948 0.3477901 0
vt 0.6182888 0.332205 0
vt 0.6198151 0.3343837 0
vt 0.5924196 0.3502008 0
vt 0.6421624 0.3121677 0
vt 0.6621976 0.2882899 0
vt 0.6643771 0.2898151 0
vt 0.6440439 0.3140483 0
vt 0.6777786 0.2612954 0
vt 0.6884387 0.2320047 0
vt 0.6910083 0.2326925 0
vt 0.6801898 0.2624191 0
vt 0.6938476 0.2013095 0
vt 0.6938476 0.1701403 0
vt 0.6964975 0.1699079 0
vt 0.6964977 0.2015408 0
vt 0.6884322 0.1394455 0
vt 0.6777715 0.1101553 0
vt 0.6801821 0.1090305 0
vt 0.6910016 0.1387565 0
vt 0.6621823 0.08316276 0
vt 0.642145 0.05928675 0
vt 0.6440253 0.05740519 0
vt 0.6643609 0.0816362 0
vt 0.6182665 0.03925434 0
vt 0.5912714 0.02366975 0
vt 0.5923949 0.02125852 0
vt 0.619792 0.03707495 0
vt 0.5619803 0.01301356 0
vt 0.5312829 0.007602883 0
vt 0.5315137 0.004952809 0
vt 0.562668 0.01044382 0
vt 0.5001149 0.007607763 0
vt 0.4694179 0.01302279 0
vt 0.4687284 0.01045359 0
vt 0.4998822 0.004957778 0
vt 0.4401306 0.02368849 0
vt 0.4131404 0.03927431 0
vt 0.4116139 0.03709576 0
vt 0.4390055 0.02127798 0
vt 0.3892663 0.05931235 0
vt 0.3692326 0.08319191 0
vt 0.367053 0.08166699 0
vt 0.3873847 0.05743194 0
vt 0.3536532 0.1101856 0
vt 0.3429946 0.139475 0
vt 0.3404248 0.1387876 0
vt 0.3512419 0.109062 0
vt 0.3375884 0.1701703 0
vt 0.3375894 0.2013375 0
vt 0.3349394 0.20157 0
vt 0.3349383 0.1699395 0
vt 0.3430069 0.2320322 0
vt 0.3536683 0.2613176 0
vt 0.3512576 0.2624424 0
vt 0.3404376 0.2327217 0
vt 0.3692549 0.2883082 0
vt 0.3892875 0.3121824 0
vt 0.3874068 0.3140637 0
vt 0.3670762 0.2898345 0
vt 0.4131659 0.3322152 0
vt 0.4401574 0.3477992 0
vt 0.4390335 0.3502102 0
vt 0.4116407 0.3343946 0
vt 0.4694471 0.3584574 0
vt 0.4687591 0.3610271 0
vt 0.7608551 0.1320914 0
vt 0.750184 0.1334995 0
vt 0.751673 0.1166172 0
vt 0.7590213 0.1109396 0
vt 0.739923 0.130246 0
vt 0.7454344 0.1097411 0
vt 0.7556277 0.071814 0
vt 0.0240071 0.7800783 0
vt 0.02017141 0.7522301 0
vt 0.02026281 0.7522174 0
vt 0.0240993 0.7800633 0
vt 0.01674543 0.7243096 0
vt 0.01683696 0.724298 0
vt 0.01707439 0.7242686 0
vt 0.02049984 0.7521819 0
vt 0.02433504 0.7800247 0
vt 0.01374131 0.6963341 0
vt 0.01383329 0.6963245 0
vt 0.0111308 0.6683092 0
vt 0.01122312 0.6683017 0
vt 0.01146145 0.6682785 0
vt 0.01406927 0.6962974 0
vt 0.008935065 0.6402473 0
vt 0.009027609 0.6402406 0
vt 0.007128471 0.6121534 0
vt 0.007220727 0.6121468 0
vt 0.007459534 0.6121316 0
vt 0.009265206 0.6402212 0
vt 0.005730295 0.584036 0
vt 0.005823642 0.5840317 0
vt 0.004721444 0.5559003 0
vt 0.004813674 0.5558966 0
vt 0.005052242 0.5558877 0
vt 0.006062105 0.5840202 0
vt 0.004119995 0.527752 0
vt 0.004212162 0.5277502 0
vt 0.00390625 0.4995979 0
vt 0.00399855 0.4995979 0
vt 0.004236962 0.4995959 0
vt 0.004450999 0.5277454 0
vt 0.004101532 0.4714479 0
vt 0.004194979 0.4714484 0
vt 0.004684338 0.4433014 0
vt 0.004776778 0.4433043 0
vt 0.005015384 0.4433087 0
vt 0.004433716 0.4714504 0
vt 0.005673599 0.4151722 0
vt 0.005766345 0.4151752 0
vt 0.007047606 0.3870614 0
vt 0.007140167 0.3870651 0
vt 0.007379232 0.3870787 0
vt 0.006004526 0.4151851 0
vt 0.008828122 0.3589789 0
vt 0.008921444 0.3589855 0
vt 0.01099121 0.3309303 0
vt 0.01108429 0.3309387 0
vt 0.01132276 0.330958 0
vt 0.009158335 0.3590029 0
vt 0.01356114 0.3029275 0
vt 0.01365302 0.3029363 0
vt 0.01651483 0.2749739 0
vt 0.01660761 0.2749848 0
vt 0.01684353 0.2750126 0
vt 0.01389008 0.3029611 0
vt 0.01987539 0.2470874 0
vt 0.0199668 0.2471002 0
vt 0.02362484 0.2192753 0
vt 0.02371729 0.2192889 0
vt 0.02395343 0.2193245 0
vt 0.02020326 0.2471326 0
vt 0.02778871 0.1915549 0
vt 0.02788095 0.1915706 0
vt 0.03235769 0.1639361 0
vt 0.03244786 0.1639535 0
vt 0.03268325 0.1639979 0
vt 0.02811559 0.1916111 0
vt 0.0373736 0.1364473 0
vt 0.03746345 0.1364663 0
vt 0.04285047 0.1091106 0
vt 0.04293969 0.1091326 0
vt 0.04317152 0.1091876 0
vt 0.03769751 0.1365167 0
vt 0.04886517 0.08198248 0
vt 0.04895428 0.08200658 0
vt 0.05550049 0.0551551 0
vt 0.05558866 0.05518245 0
vt 0.05581596 0.05525503 0
vt 0.04918462 0.08206941 0
vt 0.06297653 0.02888997 0
vt 0.06306269 0.0289231 0
vt 0.07511322 0.9960938 0
vt 0.07183942 0.003950254 0
vt 0.07205154 0.004064276 0
vt 0.06328603 0.02900892 0
vt 0.06523676 0.9708042 0
vt 0.06532221 0.9707689 0
vt 0.05719878 0.9444389 0
vt 0.05728657 0.9444097 0
vt 0.05751246 0.9443335 0
vt 0.06554312 0.9706772 0
vt 0.05018994 0.9175705 0
vt 0.0502782 0.917545 0
vt 0.04388959 0.8904037 0
vt 0.04397854 0.8903807 0
vt 0.0442108 0.890322 0
vt 0.05050808 0.9174778 0
vt 0.0381891 0.8630292 0
vt 0.03827917 0.8630081 0
vt 0.4385898 0.3511627 0
vt 0.03308607 0.8354781 0
vt 0.03332014 0.8354307 0
vt 0.03851129 0.8629549 0
vt 0.02828397 0.8078402 0
vt 0.02837468 0.8078231 0
vt 0.02861069 0.8077796 0
vt 0.0252579 0.7798737 0
vt 0.02142466 0.7520473 0
vt 0.02166349 0.7520127 0
vt 0.02549632 0.7798348 0
vt 0.01800139 0.7241494 0
vt 0.01824076 0.7241183 0
vt 0.0185088 0.724084 0
vt 0.02193089 0.7519739 0
vt 0.02576303 0.7797912 0
vt 0.01499912 0.6961936 0
vt 0.01523849 0.6961667 0
vt 0.01239276 0.6681898 0
vt 0.01263255 0.668166 0
vt 0.01290154 0.6681403 0
vt 0.01550703 0.6961367 0
vt 0.01019645 0.6401462 0
vt 0.01043715 0.6401268 0
vt 0.008392693 0.6120717 0
vt 0.008633414 0.6120551 0
vt 0.008903063 0.6120376 0
vt 0.01070649 0.6401053 0
vt 0.00699531 0.583973 0
vt 0.007236327 0.5839614 0
vt 0.005987398 0.5558555 0
vt 0.0062286 0.5558469 0
vt 0.006498649 0.5558375 0
vt 0.007506175 0.583948 0
vt 0.005385318 0.5277267 0
vt 0.005626709 0.5277219 0
vt 0.00517356 0.4995922 0
vt 0.005414856 0.499591 0
vt 0.005685053 0.4995896 0
vt 0.005896857 0.5277165 0
vt 0.005367307 0.471459 0
vt 0.005608914 0.4714623 0
vt 0.005950495 0.4433323 0
vt 0.006191354 0.4433381 0
vt 0.006461496 0.4433447 0
vt 0.005879094 0.4714649 0
vt 0.006938339 0.4152224 0
vt 0.007179087 0.415231 0
vt 0.008313367 0.3871294 0
vt 0.008553915 0.3871435 0
vt 0.008823719 0.3871582 0
vt 0.007449071 0.4152417 0
vt 0.01009057 0.3590675 0
vt 0.01033084 0.3590845 0
vt 0.01225391 0.3310382 0
vt 0.01249436 0.3310591 0
vt 0.0127636 0.3310822 0
vt 0.0106004 0.3591034 0
vt 0.01482074 0.3030558 0
vt 0.01506082 0.3030801 0
vt 0.01777384 0.2751221 0
vt 0.01801294 0.2751502 0
vt 0.01828134 0.2751818 0
vt 0.01532964 0.3031073 0
vt 0.02113012 0.2472569 0
vt 0.02136927 0.2472892 0
vt 0.02487776 0.2194659 0
vt 0.02511646 0.2195018 0
vt 0.02538364 0.2195424 0
vt 0.02163708 0.2473252 0
vt 0.02903705 0.1917689 0
vt 0.0292745 0.1918092 0
vt 0.03360221 0.1641736 0
vt 0.03383944 0.1642189 0
vt 0.03410495 0.1642695 0
vt 0.02954088 0.1918547 0
vt 0.03861156 0.1367109 0
vt 0.03884712 0.136762 0
vt 0.04408269 0.1094052 0
vt 0.04431707 0.1094614 0
vt 0.04458 0.1095241 0
vt 0.03911146 0.1368182 0
vt 0.05008754 0.08231509 0
vt 0.05032048 0.08237672 0
vt 0.05671013 0.05553591 0
vt 0.05693985 0.05560782 0
vt 0.05719785 0.05568889 0
vt 0.0505814 0.08244735 0
vt 0.06416037 0.02934379 0
vt 0.06438561 0.02942973 0
vt 0.07288166 0.004507082 0
vt 0.07309669 0.004613167 0
vt 0.0733431 0.004717726 0
vt 0.06463832 0.0295259 0
vt 0.06641016 0.9703194 0
vt 0.06663292 0.9702276 0
vt 0.05839937 0.9440316 0
vt 0.05862842 0.9439552 0
vt 0.05888452 0.9438685 0
vt 0.0668828 0.9701247 0
vt 0.05140609 0.9172177 0
vt 0.05163821 0.9171506 0
vt 0.04511747 0.8900903 0
vt 0.04535158 0.8900304 0
vt 0.04561351 0.8899637 0
vt 0.05189785 0.9170754 0
vt 0.03942419 0.8627475 0
vt 0.03965913 0.8626943 0
vt 0.034236 0.8352432 0
vt 0.03447261 0.8351954 0
vt 0.03473743 0.8351415 0
vt 0.03992267 0.8626345 0
vt 0.02952976 0.8076116 0
vt 0.02976713 0.8075681 0
vt 0.03003295 0.8075195 0
vt 0.02223745 0.7519293 0
vt 0.02606876 0.7797412 0
vt 0.01881605 0.7240446 0
vt 0.05313624 0.7196885 0
vt 0.0564862 0.7469996 0
vt 0.06024184 0.774217 0
vt 0.01581489 0.6961024 0
vt 0.01320989 0.6681108 0
vt 0.047635 0.6648468 0
vt 0.05018772 0.6922986 0
vt 0.01101525 0.6400805 0
vt 0.009212159 0.6120176 0
vt 0.04371085 0.6098056 0
vt 0.04547711 0.6373445 0
vt 0.007815524 0.5839326 0
vt 0.006808215 0.5558268 0
vt 0.04135277 0.5546443 0
vt 0.04233686 0.5822352 0
vt 0.006206538 0.5277103 0
vt 0.005994789 0.499588 0
vt 0.0405591 0.4994299 0
vt 0.04076081 0.5270391 0
vt 0.006188812 0.4714679 0
vt 0.006771171 0.4433523 0
vt 0.04132767 0.4442204 0
vt 0.04074869 0.4718205 0
vt 0.007758549 0.415254 0
vt 0.009133019 0.3871751 0
vt 0.04365328 0.3890756 0
vt 0.04229698 0.4166357 0
vt 0.01090938 0.359125 0
vt 0.01307226 0.3311086 0
vt 0.0475286 0.3340579 0
vt 0.04539794 0.361546 0
vt 0.01563782 0.3031386 0
vt 0.01858898 0.275218 0
vt 0.05294904 0.2792483 0
vt 0.05004617 0.3066221 0
vt 0.0219441 0.2473665 0
vt 0.02568991 0.2195889 0
vt 0.05991588 0.2247534 0
vt 0.05623935 0.2519533 0
vt 0.02984626 0.1919067 0
vt 0.03440932 0.1643275 0
vt 0.06844859 0.1707361 0
vt 0.06398353 0.1976718 0
vt 0.03941449 0.1368827 0
vt 0.04488146 0.109596 0
vt 0.07864445 0.117474 0
vt 0.07332758 0.1439864 0
vt 0.05088054 0.08252826 0
vt 0.05749369 0.05578175 0
vt 0.09076864 0.06544706 0
vt 0.08444109 0.09126686 0
vt 0.06492804 0.02963599 0
vt 0.07362525 0.004837373 0
vt 0.105102 0.01507939 0
vt 0.09767281 0.04007707 0
vt 0.06716918 0.9700069 0
vt 0.05917817 0.9437693 0
vt 0.09227478 0.9335853 0
vt 0.09954448 0.9589557 0
vt 0.05219553 0.9169892 0
vt 0.04591382 0.8898872 0
vt 0.07958045 0.8815389 0
vt 0.08563431 0.9077539 0
vt 0.04022477 0.8625658 0
vt 0.03504104 0.8350796 0
vt 0.06901025 0.8282612 0
vt 0.07405571 0.8550197 0
vt 0.03033769 0.8074638 0
vt 0.06441287 0.8013129 0
vt 0.1588434 0.733399 0
vt 0.1624411 0.7591904 0
vt 0.1556246 0.70754 0
vt 0.2581405 0.6966218 0
vt 0.2612337 0.7212533 0
vt 0.2646818 0.7458913 0
vt 0.1527854 0.6816222 0
vt 0.1503258 0.6556526 0
vt 0.2530362 0.6473511 0
vt 0.2554077 0.6719899 0
vt 0.1482452 0.6296388 0
vt 0.1465436 0.6035903 0
vt 0.2493846 0.5980466 0
vt 0.251028 0.6227034 0
vt 0.1452207 0.5775128 0
vt 0.1442768 0.5514146 0
vt 0.2471964 0.548702 0
vt 0.2481071 0.5733782 0
vt 0.1437117 0.5253028 0
vt 0.1435256 0.499186 0
vt 0.246481 0.4993323 0
vt 0.2466544 0.5240194 0
vt 0.1437175 0.4730687 0
vt 0.1442867 0.4469592 0
vt 0.2472331 0.4499571 0
vt 0.2466749 0.4746436 0
vt 0.1452314 0.4208649 0
vt 0.1465508 0.3947905 0
vt 0.2494318 0.4005957 0
vt 0.248153 0.4252738 0
vt 0.1482437 0.3687441 0
vt 0.1503104 0.3427323 0
vt 0.2530723 0.3512574 0
vt 0.2510708 0.3759233 0
vt 0.1527506 0.316761 0
vt 0.1555643 0.2908389 0
vt 0.258168 0.3019402 0
vt 0.2554387 0.326597 0
vt 0.1587492 0.2649754 0
vt 0.1623033 0.2391756 0
vt 0.2646934 0.2526164 0
vt 0.2612553 0.2772838 0
vt 0.1662226 0.2134481 0
vt 0.170503 0.1877959 0
vt 0.2725777 0.2032023 0
vt 0.2684725 0.2279277 0
vt 0.1751361 0.1622234 0
vt 0.1801093 0.1367252 0
vt 0.2816989 0.1535458 0
vt 0.2769932 0.1784179 0
vt 0.1853976 0.1112888 0
vt 0.1909562 0.08588523 0
vt 0.2918643 0.1034118 0
vt 0.2866677 0.1285567 0
vt 0.1967059 0.06046788 0
vt 0.2025205 0.03497165 0
vt 0.3027116 0.05252959 0
vt 0.2972381 0.07807681 0
vt 0.1973975 0.9375598 0
vt 0.1915527 0.9122552 0
vt 0.291927 0.8948488 0
vt 0.2972632 0.920148 0
vt 0.1859009 0.8869303 0
vt 0.1805235 0.8615474 0
vt 0.2817602 0.8448057 0
vt 0.2867382 0.86975 0
vt 0.1754674 0.836085 0
vt 0.1707599 0.8105383 0
vt 0.2726007 0.7952345 0
vt 0.2770375 0.8199795 0
vt 0.1664147 0.7849048 0
vt 0.2684755 0.7705459 0
vt 0.2991561 0.7413783 0
vt 0.2957603 0.7171642 0
vt 0.2959741 0.7171393 0
vt 0.2993692 0.7413501 0
vt 0.2927134 0.692975 0
vt 0.2929276 0.6929519 0
vt 0.2932372 0.6929188 0
vt 0.2962828 0.7171023 0
vt 0.2996769 0.7413095 0
vt 0.2900251 0.6687942 0
vt 0.2902403 0.6687743 0
vt 0.2876906 0.6446169 0
vt 0.2879052 0.6446003 0
vt 0.2882161 0.6445755 0
vt 0.2905494 0.6687464 0
vt 0.2857147 0.6204382 0
vt 0.2859304 0.6204246 0
vt 0.2840948 0.5962583 0
vt 0.2843091 0.5962478 0
vt 0.2846203 0.596232 0
vt 0.2862404 0.620404 0
vt 0.2828371 0.5720744 0
vt 0.2830526 0.5720657 0
vt 0.2819377 0.5478861 0
vt 0.2821527 0.5478818 0
vt 0.2824636 0.5478737 0
vt 0.2833626 0.5720542 0
vt 0.2814029 0.523694 0
vt 0.281618 0.5236921 0
vt 0.2812295 0.4994995 0
vt 0.2814445 0.4995001 0
vt 0.2817555 0.4995016 0
vt 0.2819293 0.5236894 0
vt 0.2814206 0.4752971 0
vt 0.2816363 0.4753021 0
vt 0.2819697 0.4510901 0
vt 0.2821847 0.4510979 0
vt 0.2824963 0.4511084 0
vt 0.2819463 0.4753082 0
vt 0.2828758 0.4268803 0
vt 0.2830917 0.4268901 0
vt 0.2841325 0.4026695 0
vt 0.2843474 0.4026822 0
vt 0.2846575 0.4027006 0
vt 0.2834013 0.4269043 0
vt 0.2857434 0.3784611 0
vt 0.285958 0.3784764 0
vt 0.287706 0.3542582 0
vt 0.2879206 0.3542775 0
vt 0.2882297 0.3543046 0
vt 0.2862686 0.3784995 0
vt 0.2900314 0.3300558 0
vt 0.2902456 0.3300769 0
vt 0.2927148 0.3058442 0
vt 0.2929295 0.3058689 0
vt 0.2932377 0.3059042 0
vt 0.2905548 0.3301086 0
vt 0.2957565 0.2816143 0
vt 0.2959699 0.2816409 0
vt 0.2991431 0.2573534 0
vt 0.2993565 0.2573828 0
vt 0.2996638 0.2574258 0
vt 0.2962784 0.2816813 0
vt 0.3028685 0.2330455 0
vt 0.3030811 0.2330783 0
vt 0.3069129 0.2086742 0
vt 0.3071254 0.2087091 0
vt 0.3074318 0.2087594 0
vt 0.3033887 0.2331238 0
vt 0.3112634 0.1842179 0
vt 0.3114755 0.1842542 0
vt 0.3158909 0.1596526 0
vt 0.3161034 0.1596915 0
vt 0.316409 0.1597468 0
vt 0.3117816 0.1843085 0
vt 0.320775 0.134945 0
vt 0.3209869 0.1349851 0
vt 0.3258843 0.1100553 0
vt 0.3260958 0.1100991 0
vt 0.3263992 0.1101606 0
vt 0.3212923 0.1350443 0
vt 0.3312009 0.08493279 0
vt 0.331411 0.08497789 0
vt 0.336749 0.05947685 0
vt 0.336957 0.05953887 0
vt 0.3372536 0.05963328 0
vt 0.3317141 0.08504299 0
vt 0.3312535 0.9134708 0
vt 0.331464 0.9134259 0
vt 0.3259665 0.8883717 0
vt 0.3261775 0.8883286 0
vt 0.3264819 0.8882686 0
vt 0.3317684 0.9133611 0
vt 0.3208604 0.8635164 0
vt 0.3210718 0.863477 0
vt 0.3159647 0.8388574 0
vt 0.3161765 0.8388193 0
vt 0.3164834 0.8387651 0
vt 0.3213771 0.86342 0
vt 0.3113218 0.8143447 0
vt 0.3115349 0.8143091 0
vt 0.3069547 0.789947 0
vt 0.3071678 0.7899131 0
vt 0.3074754 0.7898654 0
vt 0.3118406 0.8142586 0
vt 0.3028947 0.7656305 0
vt 0.3031076 0.7656004 0
vt 0.3034153 0.7655562 0
vt 0.3003742 0.7412174 0
vt 0.2969793 0.717019 0
vt 0.297514 0.7169557 0
vt 0.3009082 0.7411466 0
vt 0.2939356 0.692846 0
vt 0.2944712 0.6927886 0
vt 0.295101 0.6927219 0
vt 0.2981411 0.71688 0
vt 0.3015354 0.7410635 0
vt 0.291249 0.6686812 0
vt 0.2917859 0.6686314 0
vt 0.288916 0.6445203 0
vt 0.2894534 0.6444785 0
vt 0.2900842 0.6444285 0
vt 0.2924154 0.6685738 0
vt 0.2869405 0.6203585 0
vt 0.2874783 0.6203239 0
vt 0.2853215 0.5961961 0
vt 0.2858595 0.5961679 0
vt 0.286491 0.5961364 0
vt 0.2881092 0.6202828 0
vt 0.2840645 0.5720286 0
vt 0.2846033 0.5720078 0
vt 0.2831651 0.5478579 0
vt 0.2837034 0.5478463 0
vt 0.2843366 0.5478311 0
vt 0.2852341 0.5719847 0
vt 0.2826311 0.5236833 0
vt 0.2831693 0.5236787 0
vt 0.2824576 0.4995065 0
vt 0.2829956 0.4995089 0
vt 0.283629 0.4995132 0
vt 0.2838026 0.5236732 0
vt 0.2826485 0.4753218 0
vt 0.283187 0.4753319 0
vt 0.2831977 0.451132 0
vt 0.2837366 0.45115 0
vt 0.284368 0.4511714 0
vt 0.2838193 0.4753455 0
vt 0.2841031 0.4269384 0
vt 0.2846418 0.4269636 0
vt 0.2853591 0.402744 0
vt 0.2858971 0.4027763 0
vt 0.2865288 0.4028148 0
vt 0.2852728 0.4269934 0
vt 0.2869686 0.3785514 0
vt 0.2875055 0.3785921 0
vt 0.2889306 0.3543654 0
vt 0.2894672 0.3544132 0
vt 0.2900981 0.3544686 0
vt 0.2881359 0.3786382 0
vt 0.2912527 0.3301796 0
vt 0.2917884 0.3302335 0
vt 0.2939362 0.3059844 0
vt 0.2944713 0.3060461 0
vt 0.2950998 0.3061183 0
vt 0.2924177 0.330298 0
vt 0.2969745 0.2817699 0
vt 0.2975092 0.2818379 0
vt 0.3003599 0.257523 0
vt 0.300893 0.2575984 0
vt 0.3015202 0.2576867 0
vt 0.2981358 0.2819187 0
vt 0.3040829 0.2332304 0
vt 0.3046154 0.2333106 0
vt 0.3081257 0.2088715 0
vt 0.3086576 0.2089589 0
vt 0.3092824 0.2090599 0
vt 0.3052402 0.2334065 0
vt 0.312474 0.1844275 0
vt 0.3130052 0.1845201 0
vt 0.3171 0.1598739 0
vt 0.3176303 0.1599715 0
vt 0.3182527 0.1600853 0
vt 0.3136282 0.1846286 0
vt 0.3219808 0.1351771 0
vt 0.3225096 0.1352801 0
vt 0.3270883 0.1102998 0
vt 0.3276162 0.1104081 0
vt 0.3282365 0.1105342 0
vt 0.3231308 0.1353994 0
vt 0.3324015 0.08519087 0
vt 0.3329281 0.0853046 0
vt 0.337928 0.05983731 0
vt 0.3384609 0.0599223 0
vt 0.3390879 0.06001743 0
vt 0.3335465 0.08543838 0
vt 0.3324547 0.9132159 0
vt 0.3329819 0.9131043 0
vt 0.3271707 0.8881309 0
vt 0.3276991 0.8880258 0
vt 0.3283205 0.8879009 0
vt 0.3336008 0.9129727 0
vt 0.3220672 0.8632892 0
vt 0.3225966 0.8631886 0
vt 0.3171742 0.8386423 0
vt 0.3177054 0.8385478 0
vt 0.3183284 0.8384366 0
vt 0.3232173 0.8630709 0
vt 0.3125334 0.8141432 0
vt 0.3130642 0.8140533 0
vt 0.308169 0.7897571 0
vt 0.3087012 0.7896732 0
vt 0.3093269 0.7895751 0
vt 0.3136875 0.8139478 0
vt 0.3041096 0.765455 0
vt 0.3046431 0.7653782 0
vt 0.3052674 0.7652873 0
vt 0.6453924 0.4526688 0
vt 0.640022 0.4221832 0
vt 0.6401132 0.4221759 0
vt 0.6454807 0.4526451 0
vt 0.6400222 0.3912285 0
vt 0.6401133 0.3912361 0
vt 0.6439328 0.3915698 0
vt 0.6439326 0.4218412 0
vt 0.649184 0.4516524 0
vt 0.645402 0.360745 0
vt 0.6454903 0.3607686 0
vt 0.6559916 0.3316545 0
vt 0.6560746 0.3316925 0
vt 0.6595493 0.3333131 0
vt 0.6491939 0.3617605 0
vt 0.6714773 0.3048514 0
vt 0.6715524 0.3049037 0
vt 0.6913783 0.2811413 0
vt 0.6914428 0.2812061 0
vt 0.6941536 0.2839174 0
vt 0.6746928 0.3071033 0
vt 0.7150967 0.2612519 0
vt 0.7151488 0.261327 0
vt 0.7419072 0.245782 0
vt 0.7419464 0.2458646 0
vt 0.7435658 0.2493399 0
vt 0.7173473 0.2644682 0
vt 0.7709945 0.2352075 0
vt 0.7710182 0.2352958 0
vt 0.8014745 0.2298398 0
vt 0.8014833 0.2299309 0
vt 0.8018166 0.2337505 0
vt 0.7720096 0.2389995 0
vt 0.8324214 0.2298496 0
vt 0.8324138 0.2299407 0
vt 0.8628982 0.2352285 0
vt 0.8628746 0.2353168 0
vt 0.8618819 0.2390201 0
vt 0.8320791 0.2337602 0
vt 0.8919753 0.2458202 0
vt 0.8919363 0.2459029 0
vt 0.9187747 0.2612943 0
vt 0.9187224 0.2613694 0
vt 0.9165238 0.2645103 0
vt 0.890316 0.2493778 0
vt 0.9424779 0.2811899 0
vt 0.9424131 0.2812544 0
vt 0.96237 0.3048976 0
vt 0.962295 0.3049502 0
vt 0.9591546 0.3071498 0
vt 0.9397023 0.2839659 0
vt 0.9778387 0.3316996 0
vt 0.9777561 0.3317389 0
vt 0.9884232 0.3607819 0
vt 0.9883348 0.3608056 0
vt 0.9846316 0.3617984 0
vt 0.9742814 0.3333597 0
vt 0.993792 0.3912583 0
vt 0.9937008 0.3912656 0
vt 0.993792 0.422205 0
vt 0.9937007 0.4221969 0
vt 0.9898812 0.4218635 0
vt 0.9898813 0.3916001 0
vt 0.9884156 0.4526788 0
vt 0.9883273 0.4526552 0
vt 0.9778347 0.4817575 0
vt 0.9777519 0.4817186 0
vt 0.9742764 0.4800998 0
vt 0.9846235 0.4516639 0
vt 0.9623632 0.5085582 0
vt 0.9622888 0.5085052 0
vt 0.9424734 0.5322695 0
vt 0.9424088 0.5322048 0
vt 0.9396963 0.5294951 0
vt 0.9591469 0.5063077 0
vt 0.9187685 0.5521619 0
vt 0.9187164 0.5520868 0
vt 0.8919708 0.5676445 0
vt 0.8919332 0.5675614 0
vt 0.8903101 0.5640879 0
vt 0.916515 0.5489477 0
vt 0.8628872 0.5782328 0
vt 0.8628635 0.5781445 0
vt 0.832406 0.5836158 0
vt 0.8323985 0.5835249 0
vt 0.8320616 0.5797057 0
vt 0.8618685 0.5744417 0
vt 0.8014512 0.5836173 0
vt 0.8014587 0.5835262 0
vt 0.7709658 0.5782487 0
vt 0.7709894 0.5781604 0
vt 0.7719794 0.5744564 0
vt 0.8017907 0.5797065 0
vt 0.7418748 0.5676614 0
vt 0.7419127 0.5675784 0
vt 0.7150625 0.5521858 0
vt 0.7151154 0.5521114 0
vt 0.7173136 0.5489701 0
vt 0.7435316 0.5641027 0
vt 0.6913493 0.5322821 0
vt 0.691414 0.5322176 0
vt 0.6714522 0.5085672 0
vt 0.6715273 0.5085151 0
vt 0.6746678 0.5063158 0
vt 0.694125 0.5295063 0
vt 0.6559795 0.4817572 0
vt 0.6560628 0.4817193 0
vt 0.6595375 0.4800985 0
vt 0.6745657 0.444876 0
vt 0.6701115 0.4195731 0
vt 0.6702775 0.4195588 0
vt 0.6747267 0.4448328 0
vt 0.6701012 0.3938834 0
vt 0.6702667 0.3938979 0
vt 0.6804659 0.394791 0
vt 0.6804792 0.4186683 0
vt 0.6846147 0.4421833 0
vt 0.6745697 0.3685847 0
vt 0.6747303 0.3686266 0
vt 0.6833477 0.3444408 0
vt 0.6834981 0.3445115 0
vt 0.692776 0.3488392 0
vt 0.684622 0.3712798 0
vt 0.6962014 0.3221979 0
vt 0.6963378 0.3222929 0
vt 0.7127092 0.3025146 0
vt 0.712827 0.3026323 0
vt 0.7200647 0.3098724 0
vt 0.7047252 0.3281696 0
vt 0.7323958 0.2860107 0
vt 0.7324912 0.2861469 0
vt 0.7546387 0.2731629 0
vt 0.7547092 0.2733139 0
vt 0.7590325 0.282594 0
vt 0.7383617 0.2945383 0
vt 0.7787816 0.2643894 0
vt 0.7788247 0.2645505 0
vt 0.8040742 0.259924 0
vt 0.8040898 0.2600897 0
vt 0.8049793 0.2702889 0
vt 0.7814716 0.2744436 0
vt 0.8297612 0.2599356 0
vt 0.8297466 0.2601012 0
vt 0.855055 0.2643888 0
vt 0.855013 0.2645494 0
vt 0.852361 0.2744374 0
vt 0.8288499 0.2703032 0
vt 0.8791877 0.2731825 0
vt 0.879117 0.273333 0
vt 0.901434 0.2860159 0
vt 0.901339 0.2861522 0
vt 0.8954662 0.2945378 0
vt 0.874787 0.2826141 0
vt 0.9211049 0.3025317 0
vt 0.9209868 0.3026483 0
vt 0.9376206 0.3221986 0
vt 0.9374845 0.322294 0
vt 0.9290977 0.3281667 0
vt 0.9137442 0.3098896 0
vt 0.9504562 0.344445 0
vt 0.9503052 0.3445156 0
vt 0.9592493 0.3685762 0
vt 0.9590883 0.3686193 0
vt 0.9491999 0.3712694 0
vt 0.9410237 0.3488436 0
vt 0.9637015 0.3938703 0
vt 0.9635354 0.3938846 0
vt 0.9637119 0.4195523 0
vt 0.9635463 0.4195378 0
vt 0.9533471 0.4186477 0
vt 0.9533336 0.3947776 0
vt 0.9592462 0.4448453 0
vt 0.9590852 0.4448021 0
vt 0.9504732 0.4689846 0
vt 0.9503227 0.468914 0
vt 0.9410432 0.4645889 0
vt 0.9491931 0.4421531 0
vt 0.9376284 0.4912253 0
vt 0.937492 0.4911304 0
vt 0.9211294 0.5109103 0
vt 0.9210128 0.5107923 0
vt 0.9137707 0.5035554 0
vt 0.929102 0.4852588 0
vt 0.9014514 0.5274178 0
vt 0.901356 0.5272817 0
vt 0.8792137 0.5402747 0
vt 0.8791443 0.5401234 0
vt 0.8748133 0.5308467 0
vt 0.8954787 0.5188954 0
vt 0.8550761 0.5490578 0
vt 0.8550329 0.5488967 0
vt 0.829781 0.5535331 0
vt 0.8297666 0.5533671 0
vt 0.8288696 0.5431684 0
vt 0.8523789 0.5390055 0
vt 0.8040928 0.5535302 0
vt 0.8041072 0.5533645 0
vt 0.7787915 0.5490837 0
vt 0.7788346 0.5489229 0
vt 0.7814814 0.5390322 0
vt 0.8049965 0.5431622 0
vt 0.7546507 0.5402933 0
vt 0.7547213 0.5401428 0
vt 0.7323971 0.5274597 0
vt 0.7324921 0.5273233 0
vt 0.7383628 0.5189349 0
vt 0.7590483 0.5308609 0
vt 0.7127206 0.5109402 0
vt 0.7128384 0.5108223 0
vt 0.6962002 0.4912656 0
vt 0.6963363 0.4911703 0
vt 0.7047228 0.4852982 0
vt 0.7200801 0.5035811 0
vt 0.6833614 0.4690124 0
vt 0.6835124 0.4689418 0
vt 0.6927937 0.4646152 0
vt 0.7534074 0.4237514 0
vt 0.7514199 0.4124634 0
vt 0.7515119 0.4124549 0
vt 0.753497 0.4237274 0
vt 0.7514086 0.401004 0
vt 0.7515003 0.4010118 0
vt 0.3159074 0.5466339 0
vt 0.3159074 0.5585074 0
vt 0.3159074 0.5703824 0
vt 0.7534028 0.3897191 0
vt 0.7534925 0.3897424 0
vt 0.7573134 0.3789471 0
vt 0.7573976 0.3789862 0
vt 0.3159074 0.5228854 0
vt 0.3159074 0.5347588 0
vt 0.7630487 0.3690255 0
vt 0.7631247 0.3690789 0
vt 0.7704065 0.3602423 0
vt 0.7704716 0.3603076 0
vt 0.3159074 0.4991371 0
vt 0.3159074 0.5110112 0
vt 0.7791882 0.3528841 0
vt 0.7792419 0.3529591 0
vt 0.7891122 0.3471481 0
vt 0.789151 0.347232 0
vt 0.3159074 0.4753889 0
vt 0.3159074 0.4872626 0
vt 0.7998834 0.3432334 0
vt 0.7999074 0.343323 0
vt 0.811166 0.3412356 0
vt 0.8111744 0.3413276 0
vt 0.3159074 0.4516403 0
vt 0.3159074 0.4635139 0
vt 0.822627 0.3412442 0
vt 0.822618 0.341336 0
vt 0.8339147 0.3432272 0
vt 0.8338908 0.3433162 0
vt 0.3159074 0.4278921 0
vt 0.3159074 0.4397665 0
vt 0.8446817 0.347149 0
vt 0.8446436 0.3472333 0
vt 0.8546109 0.3528687 0
vt 0.8545575 0.3529447 0
vt 0.3159074 0.4041436 0
vt 0.3159074 0.4160168 0
vt 0.8633845 0.360239 0
vt 0.8633193 0.3603042 0
vt 0.8707568 0.3690123 0
vt 0.8706812 0.3690649 0
vt 0.3159074 0.3803949 0
vt 0.3159074 0.3922695 0
vt 0.8764815 0.3789357 0
vt 0.8763975 0.3789744 0
vt 0.880409 0.3896986 0
vt 0.8803194 0.3897225 0
vt 0.3159074 0.3566464 0
vt 0.3159074 0.3685214 0
vt 0.8823893 0.4009845 0
vt 0.8822972 0.4009928 0
vt 0.8823949 0.4124481 0
vt 0.8823031 0.4124391 0
vt 0.3159074 0.3328992 0
vt 0.3159074 0.3447727 0
vt 0.880404 0.4237326 0
vt 0.880315 0.4237088 0
vt 0.8764975 0.434504 0
vt 0.8764131 0.4344659 0
vt 0.3159074 0.3091494 0
vt 0.3159074 0.3210246 0
vt 0.8707638 0.4444252 0
vt 0.8706885 0.4443721 0
vt 0.8634063 0.4532094 0
vt 0.8633411 0.4531443 0
vt 0.3159074 0.7128718 0
vt 0.3159074 0.7247463 0
vt 0.8546273 0.4605717 0
vt 0.8545736 0.460496 0
vt 0.8447075 0.4663091 0
vt 0.8446688 0.4662252 0
vt 0.3159074 0.6891237 0
vt 0.3159074 0.7009974 0
vt 0.8339379 0.4702224 0
vt 0.833914 0.4701328 0
vt 0.8226516 0.47222 0
vt 0.8226432 0.4721279 0
vt 0.3159074 0.665375 0
vt 0.3159074 0.67725 0
vt 0.8111913 0.4722173 0
vt 0.8111987 0.472125 0
vt 0.7999025 0.4702381 0
vt 0.7999264 0.470149 0
vt 0.3159074 0.6416268 0
vt 0.3159074 0.6535013 0
vt 0.7891358 0.4663143 0
vt 0.7891755 0.4662308 0
vt 0.779206 0.4605927 0
vt 0.77926 0.4605176 0
vt 0.3159074 0.6178793 0
vt 0.3159074 0.6297534 0
vt 0.7704311 0.4532224 0
vt 0.7704971 0.4531574 0
vt 0.7630587 0.4444505 0
vt 0.7631342 0.4443979 0
vt 0.3159074 0.5941309 0
vt 0.3159074 0.6060048 0
vt 0.7573349 0.4345204 0
vt 0.7574189 0.4344817 0
vt 0.3159074 0.5822561 0
vt 0.7983761 0.1146278 0
vt 0.7911066 0.1225647 0
vt 0.7813968 0.1086743 0
vt 0.7833762 0.09960454 0
vt 0.7811554 0.1266674 0
vt 0.7721981 0.1074199 0
vt 0.7128739 0.02900551 0
vt 0.7201433 0.02106715 0
vt 0.729856 0.03495563 0
vt 0.7278778 0.0440263 0
vt 0.7300927 0.01696322 0
vt 0.739055 0.03621028 0
vt 0.7440157 0.02836306 0
vt 0.752232 0.03268804 0
vt 0.7396386 0.01198981 0
vt 0.7503921 0.01153601 0
vt 0.8104422 0.09742445 0
vt 0.8063242 0.1073684 0
vt 0.7924494 0.09763812 0
vt 0.7912073 0.08843739 0
vt 0.7672348 0.1152666 0
vt 0.7716099 0.1316402 0
vt 0.7208859 0.1213498 0
vt 0.7118076 0.1155685 0
vt 0.7238008 0.1035944 0
vt 0.7330785 0.103968 0
vt 0.7060398 0.1064807 0
vt 0.7234413 0.09431771 0
vt 0.7595775 0.02701069 0
vt 0.7658181 0.03388501 0
vt 0.7610643 0.01012821 0
vt 0.7713254 0.01337952 0
vt 0.7008108 0.04620732 0
vt 0.7049276 0.03626406 0
vt 0.7188045 0.04599359 0
vt 0.7200476 0.05519344 0
vt 0.7746628 0.03106325 0
vt 0.7781765 0.03965797 0
vt 0.7818359 0.01570814 0
vt 0.7903657 0.0222737 0
vt 0.8158955 0.07713075 0
vt 0.8154287 0.0878856 0
vt 0.7990612 0.0834864 0
vt 0.7947471 0.07526501 0
vt 0.736589 0.1125636 0
vt 0.7294146 0.1279178 0
vt 0.6953584 0.06649912 0
vt 0.6958258 0.05574697 0
vt 0.7121925 0.06014427 0
vt 0.7165082 0.06836496 0
vt 0.7935685 0.06167614 0
vt 0.8004337 0.0679266 0
vt 0.8140785 0.05619751 0
vt 0.8173168 0.06646219 0
vt 0.6971753 0.08743163 0
vt 0.6939374 0.07716671 0
vt 0.7108216 0.07570313 0
vt 0.7176869 0.08195251 0
vt 0.787814 0.04930984 0
vt 0.7964027 0.05283475 0
vt 0.805214 0.03714447 0
vt 0.8117678 0.04568399 0
vt 0.6994873 0.0979431 0
vt 0.7148529 0.09079212 0
vt 0.7874528 0.04003079 0
vt 0.7994466 0.02805574 0
vt 0.3506919 0.5466339 0
vt 0.356565 0.5466339 0
vt 0.356565 0.5585074 0
vt 0.3506919 0.5585074 0
vt 0.7946954 0.01609982 0
vt 0.7844227 0.0101687 0
vt 0.773281 0.006097365 0
vt 0.7733115 0.005983968 0
vt 0.3506919 0.5703824 0
vt 0.3506919 0.5228854 0
vt 0.356565 0.5228854 0
vt 0.356565 0.5347588 0
vt 0.3506919 0.5347588 0
vt 0.8113953 0.03282464 0
vt 0.8037727 0.02373674 0
vt 0.3506919 0.4991371 0
vt 0.356565 0.4991371 0
vt 0.356565 0.5110112 0
vt 0.3506919 0.5110112 0
vt 0.8213652 0.05425145 0
vt 0.8173106 0.04310552 0
vt 0.3506919 0.4753889 0
vt 0.356565 0.4753889 0
vt 0.356565 0.4872626 0
vt 0.3506919 0.4872626 0
vt 0.8234075 0.07779349 0
vt 0.8234081 0.06593386 0
vt 0.3506919 0.4516403 0
vt 0.356565 0.4516403 0
vt 0.356565 0.4635139 0
vt 0.3506919 0.4635139 0
vt 0.8172745 0.1006169 0
vt 0.8213323 0.08947229 0
vt 0.3506919 0.4278921 0
vt 0.356565 0.4278921 0
vt 0.356565 0.4397665 0
vt 0.3506919 0.4397665 0
vt 0.8037051 0.1199639 0
vt 0.8113298 0.1108796 0
vt 0.3506919 0.4041436 0
vt 0.356565 0.4041436 0
vt 0.356565 0.4160168 0
vt 0.3506919 0.4160168 0
vt 0.7843376 0.133504 0
vt 0.7946091 0.127575 0
vt 0.3506919 0.3803949 0
vt 0.356565 0.3803949 0
vt 0.356565 0.3922695 0
vt 0.3506919 0.3922695 0
vt 0.7615071 0.1396051 0
vt 0.7731879 0.137546 0
vt 0.3506919 0.3566464 0
vt 0.356565 0.3566464 0
vt 0.356565 0.3685214 0
vt 0.3506919 0.3685214 0
vt 0.7379658 0.1375277 0
vt 0.749647 0.1395882 0
vt 0.3506919 0.3328992 0
vt 0.356565 0.3328992 0
vt 0.356565 0.3447727 0
vt 0.3506919 0.3447727 0
vt 0.716556 0.1275243 0
vt 0.7268263 0.1334553 0
vt 0.3506919 0.3091494 0
vt 0.356565 0.3091494 0
vt 0.356565 0.3210246 0
vt 0.3506919 0.3210246 0
vt 0.6998588 0.1108009 0
vt 0.7074814 0.1198873 0
vt 0.3506919 0.7128718 0
vt 0.356565 0.7128718 0
vt 0.356565 0.2972762 0
vt 0.3506919 0.7247463 0
vt 0.6898904 0.08937701 0
vt 0.6939445 0.1005218 0
vt 0.3506919 0.6891237 0
vt 0.6877307 0.06582703 0
vt 0.356565 0.7009974 0
vt 0.3506919 0.7009974 0
vt 0.6878476 0.06583701 0
vt 0.6878473 0.07769573 0
vt 0.3506919 0.665375 0
vt 0.356565 0.665375 0
vt 0.356565 0.67725 0
vt 0.3506919 0.67725 0
vt 0.6939794 0.04301596 0
vt 0.6899221 0.05416063 0
vt 0.3506919 0.6416268 0
vt 0.356565 0.6416268 0
vt 0.356565 0.6535013 0
vt 0.3506919 0.6535013 0
vt 0.7075451 0.02367004 0
vt 0.6999226 0.0327543 0
vt 0.3506919 0.6178793 0
vt 0.356565 0.6178793 0
vt 0.356565 0.6297534 0
vt 0.3506919 0.6297534 0
vt 0.7269088 0.01012727 0
vt 0.7166394 0.01605774 0
vt 0.3506919 0.5941309 0
vt 0.356565 0.5941309 0
vt 0.356565 0.6060048 0
vt 0.3506919 0.6060048 0
vt 0.7497385 0.004024035 0
vt 0.7380586 0.006084696 0
vt 0.356565 0.5822561 0
vt 0.3506919 0.5822561 0
vt 0.7616002 0.004038024 0
vt 0.7843188 0.01039188 0
vt 0.7732171 0.006335373 0
vt 0.7945537 0.01630048 0
vt 0.8035983 0.02391075 0
vt 0.8111938 0.03296664 0
vt 0.8170876 0.04321018 0
vt 0.8211272 0.05431505 0
vt 0.8231622 0.06595556 0
vt 0.8231623 0.07777154 0
vt 0.8210943 0.08940833 0
vt 0.8170514 0.100513 0
vt 0.8111275 0.1107388 0
vt 0.803531 0.1197896 0
vt 0.7944687 0.1273726 0
vt 0.7842345 0.1332802 0
vt 0.7731243 0.137308 0
vt 0.7614854 0.1393592 0
vt 0.749669 0.1393431 0
vt 0.7380298 0.1372897 0
vt 0.7269302 0.1332322 0
vt 0.7166968 0.127322 0
vt 0.7076558 0.1197133 0
vt 0.7000616 0.1106592 0
vt 0.6941675 0.1004171 0
vt 0.6901284 0.0893134 0
vt 0.6880929 0.07767527 0
vt 0.6880928 0.06585895 0
vt 0.6901588 0.05422424 0
vt 0.6942025 0.04311985 0
vt 0.7001246 0.03289634 0
vt 0.7077192 0.02384436 0
vt 0.7167799 0.01626007 0
vt 0.7270133 0.01035146 0
vt 0.7381223 0.006322658 0
vt 0.7497594 0.004268347 0
vt 0.7615783 0.004283195 0
vt 0.2924864 0.6929987 0
vt 0.2955334 0.7171913 0
vt 0.2989294 0.7414082 0
vt 0.2874631 0.644636 0
vt 0.2897977 0.6688153 0
vt 0.2838666 0.596271 0
vt 0.2854869 0.6204537 0
vt 0.2817092 0.5478912 0
vt 0.2826087 0.5720817 0
vt 0.2810009 0.4994984 0
vt 0.2811747 0.5236959 0
vt 0.2817415 0.4510825 0
vt 0.2811921 0.4752926 0
vt 0.2839046 0.4026545 0
vt 0.2826478 0.426869 0
vt 0.2874783 0.3542382 0
vt 0.2855158 0.3784441 0
vt 0.292488 0.3058182 0
vt 0.2898041 0.3300326 0
vt 0.2989167 0.2573217 0
vt 0.2955298 0.2815855 0
vt 0.3066873 0.2086377 0
vt 0.3026427 0.2330113 0
vt 0.3156663 0.1596115 0
vt 0.3110382 0.1841787 0
vt 0.3256605 0.1100113 0
vt 0.3205509 0.1349023 0
vt 0.3365273 0.05942213 0
vt 0.3309775 0.08488478 0
vt 0.3257424 0.8884152 0
vt 0.3310303 0.9135176 0
vt 0.3157401 0.8388979 0
vt 0.3206359 0.8635589 0
vt 0.3067292 0.7899814 0
vt 0.3110966 0.8143823 0
vt 0.3026685 0.765663 0
vt 0.29366 0.692875 0
vt 0.2967039 0.7170523 0
vt 0.3000993 0.7412537 0
vt 0.2886394 0.6445421 0
vt 0.2909725 0.668707 0
vt 0.285045 0.5962105 0
vt 0.2866637 0.6203765 0
vt 0.2828876 0.5478649 0
vt 0.2837867 0.5720386 0
vt 0.2821801 0.4995042 0
vt 0.2823539 0.5236857 0
vt 0.282921 0.4511224 0
vt 0.2823705 0.4753166 0
vt 0.2850821 0.4027272 0
vt 0.283826 0.4269253 0
vt 0.2886546 0.3543413 0
vt 0.2866925 0.3785311 0
vt 0.2936598 0.3059527 0
vt 0.2909768 0.3301512 0
vt 0.3000855 0.2574844 0
vt 0.2966993 0.281734 0
vt 0.3078518 0.2088269 0
vt 0.3038089 0.2331875 0
vt 0.3168269 0.1598235 0
vt 0.3122007 0.1843802 0
vt 0.3268163 0.1102453 0
vt 0.3217088 0.1351247 0
vt 0.3376612 0.0597599 0
vt 0.3321304 0.08513251 0
vt 0.3268986 0.8881855 0
vt 0.3321836 0.9132732 0
vt 0.3169011 0.838691 0
vt 0.3217948 0.8633405 0
vt 0.3078952 0.7898 0
vt 0.3122595 0.8141888 0
vt 0.303835 0.7654954 0
vt 0.2953713 0.6926937 0
vt 0.2984116 0.7168486 0
vt 0.301805 0.7410278 0
vt 0.290355 0.6444069 0
vt 0.292685 0.6685489 0
vt 0.2867625 0.5961219 0
vt 0.2883801 0.6202654 0
vt 0.284608 0.5478253 0
vt 0.285506 0.5719753 0
vt 0.2839005 0.4995142 0
vt 0.2840734 0.5236709 0
vt 0.2846397 0.4511812 0
vt 0.2840914 0.4753503 0
vt 0.2868006 0.4028309 0
vt 0.2855439 0.427006 0
vt 0.2903688 0.354492 0
vt 0.288407 0.3786578 0
vt 0.2953699 0.3061495 0
vt 0.2926877 0.3303248 0
vt 0.3017897 0.2577239 0
vt 0.2984052 0.2819527 0
vt 0.3095513 0.2091044 0
vt 0.3055095 0.2334471 0
vt 0.3185192 0.1601343 0
vt 0.3138966 0.1846747 0
vt 0.3285025 0.1105892 0
vt 0.3233978 0.1354519 0
vt 0.3393572 0.06005749 0
vt 0.3338123 0.08549596 0
vt 0.3285862 0.8878476 0
vt 0.3338669 0.9129153 0
vt 0.3185958 0.838389 0
vt 0.3234851 0.8630206 0
vt 0.3095959 0.7895336 0
vt 0.3139554 0.8139039 0
vt 0.3055371 0.7652485 0
vt 0.6551029 0.3925585 0
vt 0.6551062 0.4208744 0
vt 0.6662134 0.3935417 0
vt 0.6662217 0.419912 0
vt 0.6707951 0.4458846 0
vt 0.6600186 0.448761 0
vt 0.6697072 0.3380641 0
vt 0.6600243 0.3646741 0
vt 0.6798112 0.3427892 0
vt 0.6707987 0.3675721 0
vt 0.7020733 0.2918567 0
vt 0.6838719 0.3135471 0
vt 0.709951 0.2997532 0
vt 0.6930042 0.3199565 0
vt 0.7482911 0.2595095 0
vt 0.7237686 0.2736634 0
vt 0.7529921 0.2696244 0
vt 0.7301575 0.2828105 0
vt 0.8027792 0.2449229 0
vt 0.7748986 0.2498367 0
vt 0.8037375 0.2560355 0
vt 0.7777737 0.2606175 0
vt 0.8589666 0.2498486 0
vt 0.8310881 0.2449318 0
vt 0.8560676 0.2606195 0
vt 0.8301033 0.2560455 0
vt 0.9100823 0.2736896 0
vt 0.8855652 0.2595372 0
vt 0.9036752 0.2828197 0
vt 0.8808398 0.2696445 0
vt 0.9499624 0.3135726 0
vt 0.931764 0.2918891 0
vt 0.9408194 0.3199616 0
vt 0.9238671 0.2997716 0
vt 0.9737968 0.3646903 0
vt 0.9641121 0.3380899 0
vt 0.9630199 0.3675673 0
vt 0.9539958 0.3427965 0
vt 0.9787111 0.4208759 0
vt 0.9787074 0.3925673 0
vt 0.9676005 0.4198942 0
vt 0.9675914 0.3935309 0
vt 0.9641166 0.4753536 0
vt 0.9737925 0.4487525 0
vt 0.954011 0.470633 0
vt 0.9630174 0.445857 0
vt 0.9317717 0.5215612 0
vt 0.9499632 0.4998696 0
vt 0.9238892 0.5136699 0
vt 0.940827 0.4934651 0
vt 0.8855742 0.5539226 0
vt 0.9100862 0.539758 0
vt 0.8808644 0.5438114 0
vt 0.9036908 0.5306161 0
vt 0.8310887 0.5685336 0
vt 0.8589706 0.5636076 0
vt 0.8301216 0.5574212 0
vt 0.8560871 0.5528295 0
vt 0.7748877 0.563626 0
vt 0.8027739 0.5685344 0
vt 0.7777808 0.5528536 0
vt 0.8037515 0.55742 0
vt 0.7237529 0.5397888 0
vt 0.7482781 0.5539412 0
vt 0.7301577 0.5306565 0
vt 0.7529998 0.543832 0
vt 0.6838602 0.4998931 0
vt 0.702063 0.5215836 0
vt 0.6930028 0.4935039 0
vt 0.7099589 0.5137006 0
vt 0.6697066 0.4753685 0
vt 0.6798224 0.4706621 0
vt 0.01755118 0.7242072 0
vt 0.02097488 0.7521135 0
vt 0.0248091 0.7799471 0
vt 0.01193938 0.6682328 0
vt 0.0145464 0.6962441 0
vt 0.007939266 0.6121005 0
vt 0.009743117 0.6401829 0
vt 0.005532913 0.5558718 0
vt 0.006540315 0.5839962 0
vt 0.004718477 0.4995939 0
vt 0.004931289 0.5277358 0
vt 0.005495972 0.4433205 0
vt 0.0049125 0.4714553 0
vt 0.007858621 0.3871049 0
vt 0.006483588 0.4152041 0
vt 0.01180051 0.3309987 0
vt 0.009637236 0.3590365 0
vt 0.01732093 0.2750688 0
vt 0.01436854 0.3030092 0
vt 0.02442743 0.2193969 0
vt 0.02067973 0.2471958 0
vt 0.03315487 0.1640879 0
vt 0.02858886 0.1916918 0
vt 0.04363918 0.1092994 0
vt 0.03816654 0.1366165 0
vt 0.0562744 0.05539895 0
vt 0.04964812 0.08219535 0
vt 0.07247776 0.004291378 0
vt 0.06373519 0.02918115 0
vt 0.05796808 0.944179 0
vt 0.0659878 0.9704932 0
vt 0.0446761 0.8902032 0
vt 0.05096884 0.9173441 0
vt 0.03379091 0.8353349 0
vt 0.03897954 0.8628484 0
vt 0.0290827 0.8076939 0
vt 0.5629457 0.3619527 0
vt 0.5316287 0.3674753 0
vt 0.4998279 0.367479 0
vt 0.6203673 0.3351723 0
vt 0.5928264 0.3510733 0
vt 0.6651657 0.2903673 0
vt 0.6447246 0.314729 0
vt 0.6919383 0.2329417 0
vt 0.6810623 0.262826 0
vt 0.6974566 0.1698241 0
vt 0.6974568 0.2016248 0
vt 0.6810547 0.1086237 0
vt 0.6919315 0.1385074 0
vt 0.6447061 0.05672443 0
vt 0.6651495 0.08108393 0
vt 0.5928017 0.02038597 0
vt 0.6203442 0.03628635 0
vt 0.5315976 0.003993727 0
vt 0.5629172 0.00951387 0
vt 0.4684792 0.009523688 0
vt 0.4997982 0.003998706 0
vt 0.4110616 0.03630717 0
vt 0.4385985 0.02040549 0
vt 0.3662643 0.08111486 0
vt 0.3867039 0.05675123 0
vt 0.3394949 0.1385385 0
vt 0.3503693 0.1086552 0
vt 0.3339804 0.2016539 0
vt 0.3339792 0.1698557 0
vt 0.3503851 0.2628492 0
vt 0.3395077 0.232971 0
vt 0.386726 0.3147444 0
vt 0.3662875 0.2903867 0
vt 0.4386265 0.3510827 0
vt 0.4110884 0.3351832 0
vt 0.4685099 0.361957 0
vt 0.5284686 0.3314648 0
vt 0.5535823 0.3270452 0
vt 0.5029687 0.331474 0
vt 0.5043786 0.3153477 0
vt 0.5273245 0.3183882 0
vt 0.549392 0.3114085 0
vt 0.477858 0.3270374 0
vt 0.4538937 0.3183242 0
vt 0.460735 0.303652 0
vt 0.4812557 0.314358 0
vt 0.4318152 0.3055668 0
vt 0.4122765 0.2891831 0
vt 0.4237215 0.2777358 0
vt 0.4393441 0.2948147 0
vt 0.3958925 0.2696438 0
vt 0.3831356 0.2475665 0
vt 0.4066452 0.2621143 0
vt 0.3744201 0.223602 0
vt 0.3699832 0.1984925 0
vt 0.3699908 0.1729923 0
vt 0.3744083 0.1478802 0
vt 0.3900456 0.1520675 0
vt 0.3830681 0.1741353 0
vt 0.383136 0.1239201 0
vt 0.395878 0.1018327 0
vt 0.4091394 0.1111155 0
vt 0.3950335 0.1294673 0
vt 0.4122743 0.08230342 0
vt 0.4318014 0.06590566 0
vt 0.4410891 0.07916417 0
vt 0.4215575 0.09158481 0
vt 0.4538893 0.05316 0
vt 0.4778466 0.04443012 0
vt 0.4820397 0.06006525 0
vt 0.4594378 0.06505684 0
vt 0.5029617 0.0400081 0
vt 0.5284609 0.03999893 0
vt 0.5270524 0.05612526 0
vt 0.504107 0.05308585 0
vt 0.553574 0.04443356 0
vt 0.5775386 0.05314669 0
vt 0.5706995 0.06781837 0
vt 0.5501773 0.05711432 0
vt 0.5996195 0.06590319 0
vt 0.6191595 0.08228892 0
vt 0.6077139 0.09373622 0
vt 0.5920911 0.07665696 0
vt 0.6355458 0.1018282 0
vt 0.6483037 0.1239066 0
vt 0.6336319 0.1307492 0
vt 0.624793 0.109358 0
vt 0.6570172 0.1478724 0
vt 0.661453 0.1729838 0
vt 0.6453279 0.1743958 0
vt 0.6443376 0.1512707 0
vt 0.6614461 0.1984838 0
vt 0.6570253 0.223598 0
vt 0.6413898 0.2194097 0
vt 0.6483688 0.1973397 0
vt 0.6482963 0.2475585 0
vt 0.6355549 0.2696462 0
vt 0.6222929 0.2603622 0
vt 0.6363994 0.2420104 0
vt 0.6191573 0.2891751 0
vt 0.5996294 0.3055722 0
vt 0.5903431 0.2923127 0
vt 0.6098751 0.2798928 0
vt 0.5775411 0.3183154 0
vt 0.5719937 0.3064193 0
vt 0.5241368 0.2819557 0
vt 0.5375468 0.2672002 0
vt 0.5083685 0.2697536 0
vt 0.5072962 0.08951785 0
vt 0.4938871 0.1042723 0
vt 0.5230657 0.1017194 0
vt 0.5407133 0.09244023 0
vt 0.5513583 0.1092984 0
vt 0.5565372 0.2732736 0
vt 0.5640921 0.2548221 0
vt 0.4907206 0.2790323 0
vt 0.4800769 0.2621727 0
vt 0.4748956 0.09820102 0
vt 0.4673418 0.1166524 0
vt 0.571115 0.1066157 0
vt 0.575352 0.1260987 0
vt 0.5840152 0.2540323 0
vt 0.5848032 0.2341096 0
vt 0.4603202 0.2648564 0
vt 0.4560842 0.2453737 0
vt 0.4474197 0.1174419 0
vt 0.4466313 0.1373652 0
vt 0.5948357 0.1303346 0
vt 0.5921528 0.1500927 0
vt 0.6032547 0.2265547 0
vt 0.5971813 0.2075635 0
vt 0.4366023 0.2411367 0
vt 0.428181 0.1449208 0
vt 0.4342541 0.163911 0
vt 0.5997339 0.1783848 0
vt 0.6119355 0.1941528 0
vt 0.4195003 0.1773209 0
vt 0.6090125 0.1607367 0
vt 0.3333003 0.5466339 0
vt 0.3333003 0.5585074 0
vt 0.3333003 0.5703824 0
vt 0.3333003 0.5228854 0
vt 0.3333003 0.5347588 0
vt 0.3333003 0.4991371 0
vt 0.3333003 0.5110112 0
vt 0.3333003 0.4753889 0
vt 0.3333003 0.4872626 0
vt 0.3333003 0.4516403 0
vt 0.3333003 0.4635139 0
vt 0.3333003 0.4278921 0
vt 0.3333003 0.4397665 0
vt 0.3333003 0.4041436 0
vt 0.3333003 0.4160168 0
vt 0.3333003 0.3803949 0
vt 0.3333003 0.3922695 0
vt 0.3333003 0.3566464 0
vt 0.3333003 0.3685214 0
vt 0.3333003 0.3328992 0
vt 0.3333003 0.3447727 0
vt 0.3333003 0.3091494 0
vt 0.3333003 0.3210246 0
vt 0.3333003 0.7128718 0
vt 0.3333003 0.7247463 0
vt 0.3333003 0.6891237 0
vt 0.3333003 0.7009974 0
vt 0.3333003 0.665375 0
vt 0.3333003 0.67725 0
vt 0.3333003 0.6416268 0
vt 0.3333003 0.6535013 0
vt 0.3333003 0.6178793 0
vt 0.3333003 0.6297534 0
vt 0.3333003 0.5941309 0
vt 0.3333003 0.6060048 0
vt 0.3333003 0.5822561 0
vt 0.7410006 0.4000932 0
vt 0.7512848 0.4009924 0
vt 0.7512965 0.4124741 0
vt 0.7410135 0.4133756 0
vt 0.7532883 0.4237833 0
vt 0.743315 0.4264565 0
vt 0.7478456 0.3745311 0
vt 0.7572011 0.3788945 0
vt 0.7532833 0.3896866 0
vt 0.7433139 0.3870146 0
vt 0.7630213 0.3528533 0
vt 0.7703187 0.360155 0
vt 0.762947 0.3689546 0
vt 0.7544924 0.3630332 0
vt 0.7846989 0.3376769 0
vt 0.7890597 0.3470359 0
vt 0.7791172 0.3527811 0
vt 0.7732026 0.3443239 0
vt 0.8102597 0.3308274 0
vt 0.8111555 0.3411122 0
vt 0.7998514 0.3431143 0
vt 0.7971825 0.3331427 0
vt 0.8366207 0.3331351 0
vt 0.8339472 0.3431077 0
vt 0.8226372 0.3411196 0
vt 0.8235409 0.3308378 0
vt 0.8606041 0.3443122 0
vt 0.8546818 0.352767 0
vt 0.8447343 0.3470367 0
vt 0.8490976 0.3376826 0
vt 0.8793156 0.3630188 0
vt 0.8708593 0.3689401 0
vt 0.8634718 0.3601512 0
vt 0.8707726 0.3528534 0
vt 0.8905004 0.3869977 0
vt 0.8805293 0.3896664 0
vt 0.8765949 0.3788829 0
vt 0.8859497 0.3745228 0
vt 0.8928051 0.4133561 0
vt 0.8825196 0.4124582 0
vt 0.8825139 0.4009736 0
vt 0.8927964 0.4000773 0
vt 0.8859666 0.4389177 0
vt 0.8766098 0.4345566 0
vt 0.8805235 0.423765 0
vt 0.8904957 0.4264328 0
vt 0.8707952 0.4605967 0
vt 0.8634945 0.4532979 0
vt 0.8708655 0.444496 0
vt 0.879322 0.4504158 0
vt 0.8491222 0.4757782 0
vt 0.8447603 0.4664225 0
vt 0.854698 0.4606733 0
vt 0.8606182 0.4691286 0
vt 0.8235617 0.4826292 0
vt 0.8226625 0.4723446 0
vt 0.8339701 0.4703428 0
vt 0.8366397 0.4803128 0
vt 0.7971995 0.4803309 0
vt 0.7998704 0.4703589 0
vt 0.8111797 0.472341 0
vt 0.810282 0.4826242 0
vt 0.7732141 0.4691521 0
vt 0.7791351 0.4606945 0
vt 0.7890832 0.4664266 0
vt 0.7847214 0.4757828 0
vt 0.7544996 0.450441 0
vt 0.762957 0.4445212 0
vt 0.7703438 0.4533103 0
vt 0.763045 0.4606085 0
vt 0.7572227 0.4345728 0
vt 0.7478665 0.4389342 0
vt 0.6699969 0.3938745 0
vt 0.6700071 0.4195825 0
vt 0.6744642 0.4449032 0
vt 0.6832526 0.3443963 0
vt 0.6744684 0.3685573 0
vt 0.7126349 0.3024406 0
vt 0.6961153 0.3221377 0
vt 0.7545947 0.2730678 0
vt 0.7323349 0.2859245 0
vt 0.804066 0.2598194 0
vt 0.7787546 0.2642885 0
vt 0.8550824 0.2642876 0
vt 0.8297697 0.2598306 0
vt 0.9014951 0.2859298 0
vt 0.8792322 0.2730874 0
vt 0.9377073 0.3221388 0
vt 0.9211789 0.3024573 0
vt 0.9593508 0.368549 0
vt 0.9505513 0.344401 0
vt 0.963817 0.419562 0
vt 0.9638059 0.3938608 0
vt 0.9505691 0.4690275 0
vt 0.9593474 0.4448727 0
vt 0.9212037 0.5109842 0
vt 0.9377146 0.4912854 0
vt 0.879259 0.5403693 0
vt 0.9015113 0.5275037 0
vt 0.8297905 0.5536374 0
vt 0.8551034 0.5491593 0
vt 0.7787641 0.5491849 0
vt 0.8040827 0.5536346 0
vt 0.732337 0.5275457 0
vt 0.7546062 0.5403884 0
vt 0.6961148 0.4913266 0
vt 0.7126466 0.5110146 0
vt 0.6832667 0.4690576 0
vt 0.7106753 0.3974377 0
vt 0.7106893 0.4160272 0
vt 0.7139079 0.4343357 0
vt 0.7202588 0.3616612 0
vt 0.7139133 0.3791323 0
vt 0.741501 0.3313214 0
vt 0.7295627 0.3455683 0
vt 0.7718413 0.3100826 0
vt 0.7557493 0.3193844 0
vt 0.8076136 0.3005006 0
vt 0.7893124 0.3037386 0
vt 0.8445053 0.3037283 0
vt 0.8262003 0.3005132 0
vt 0.8780689 0.3193777 0
vt 0.8619658 0.3100964 0
vt 0.9042544 0.3455593 0
vt 0.8922978 0.3313315 0
vt 0.9199061 0.379119 0
vt 0.9135383 0.3616598 0
vt 0.9231351 0.4160062 0
vt 0.9231221 0.3974229 0
vt 0.9135585 0.451778 0
vt 0.9198989 0.4343078 0
vt 0.8923229 0.4821183 0
vt 0.9042569 0.4678699 0
vt 0.8619897 0.5033672 0
vt 0.8780785 0.4940589 0
vt 0.8262198 0.5129585 0
vt 0.8445214 0.5097158 0
vt 0.7893239 0.5097378 0
vt 0.8076317 0.512949 0
vt 0.7557556 0.4940913 0
vt 0.7718602 0.5033717 0
vt 0.7295636 0.4679036 0
vt 0.7415221 0.4821342 0
vt 0.7202779 0.4517987 0
vt 0.6811423 0.2628627 0
vt 0.6975443 0.2016324 0
vt 0.6920228 0.2329658 0
vt 0.3502893 0.1086185 0
vt 0.4997891 0.003911267 0
vt 0.5316362 0.367563 0
vt 0.3662149 0.2904365 0
vt 0.6203945 0.0362144 0
vt 0.6975443 0.1698166 0
vt 0.3394098 0.1385159 0
vt 0.4998202 0.3675664 0
vt 0.4684569 0.009438558 0
vt 0.3394226 0.2329933 0
vt 0.6447694 0.05666304 0
vt 0.4110372 0.335255 0
vt 0.3866643 0.3148073 0
vt 0.4385614 0.02032589 0
vt 0.3866409 0.05668958 0
vt 0.3661925 0.08106369 0
vt 0.41101 0.03623574 0
vt 0.3503055 0.2628872 0
vt 0.03299567 0.8354966 0
vt 0.4684873 0.3620421 0
vt 0.6811342 0.1085866 0
vt 0.6652221 0.08103412 0
vt 0.5928644 0.3511529 0
vt 0.6652377 0.2904176 0
vt 0.6920167 0.1384851 0
vt 0.6204179 0.3352441 0
vt 0.5316052 0.00390625 0
vt 0.3338913 0.169848 0
vt 0.5928397 0.02030674 0
vt 0.6447875 0.3147907 0
vt 0.5629694 0.3620373 0
vt 0.5629397 0.00942883 0
vt 0.3338929 0.201663 0
vt 0.2841786 0.4753527 0
vt 0.2847262 0.4511839 0
vt 0.2856306 0.42701 0
vt 0.298491 0.281964 0
vt 0.3056227 0.7652358 0
vt 0.2868873 0.4028363 0
vt 0.3018753 0.2577362 0
vt 0.2927739 0.3303345 0
vt 0.2954563 0.3061594 0
vt 0.3055952 0.2334599 0
vt 0.3096363 0.2091191 0
vt 0.313982 0.1846897 0
vt 0.3186052 0.1601497 0
vt 0.3234827 0.1354681 0
vt 0.3285882 0.1106062 0
vt 0.3018911 0.7410164 0
vt 0.3338972 0.08551436 0
vt 0.3394435 0.06007224 0
vt 0.3339515 0.9128975 0
vt 0.328672 0.8878308 0
vt 0.3235703 0.8630043 0
vt 0.3186818 0.8383729 0
vt 0.3140414 0.813889 0
vt 0.3096812 0.78952 0
vt 0.2984976 0.7168374 0
vt 0.2884934 0.3786644 0
vt 0.2954573 0.6926848 0
vt 0.2927721 0.6685412 0
vt 0.2904422 0.6444006 0
vt 0.2884667 0.6202599 0
vt 0.286849 0.5961177 0
vt 0.2855931 0.5719714 0
vt 0.2846945 0.5478231 0
vt 0.2841603 0.5236701 0
vt 0.283987 0.499515 0
vt 0.2904549 0.3544993 0
vt 0.07175729 0.00390625 0
vt 0.07582215 0.9956881 0
vt 0.07667607 0.9952396 0
vt 0.07519436 0.9960481 0
vt 0.3026424 0.9456911 0
vt 0.1073461 0.983867 0
vt 0.07540342 0.9959288 0
vt 0.07643225 0.9953504 0
vt 0.07621985 0.9954616 0
vt 0.3365256 0.9389208 0
vt 0.2033038 0.9629061 0
vt 0.07695535 0.995113 0
vt 0.3367475 0.9388672 0
vt 0.3369551 0.9388043 0
vt 0.339357 0.9382949 0
vt 0.3394435 0.9382815 0
vt 0.3390878 0.9383352 0
vt 0.3384603 0.938427 0
vt 0.3376599 0.9385861 0
vt 0.3379273 0.9385114 0
vt 0.3372525 0.9387136 0
vt 0.3100369 0.4753889 0
vt 0.3100369 0.4160168 0
vt 0.3100369 0.4635139 0
vt 0.3100369 0.4278921 0
vt 0.3100369 0.4397665 0
vt 0.3100369 0.4041436 0
vt 0.3100369 0.4872626 0
vt 0.3100369 0.4516403 0
vt 0.3100369 0.4991371 0
vt 0.3100369 0.5110112 0
vt 0.3100369 0.7009974 0
vt 0.3100369 0.5228854 0
vt 0.3100369 0.5347588 0
vt 0.3100369 0.5466339 0
vt 0.3100369 0.3091494 0
vt 0.3100369 0.5585074 0
vt 0.3100369 0.5703824 0
vt 0.3100369 0.5822561 0
vt 0.3100369 0.5941309 0
vt 0.3100369 0.6060048 0
vt 0.3100369 0.6178793 0
vt 0.3100369 0.6297534 0
vt 0.3100369 0.6416268 0
vt 0.3100369 0.6535013 0
vt 0.3100369 0.665375 0
vt 0.3100369 0.67725 0
vt 0.3100369 0.6891237 0
vt 0.3100369 0.7128718 0
vt 0.3100369 0.3210246 0
vt 0.3100369 0.3328992 0
vt 0.3100369 0.3447727 0
vt 0.3100369 0.3566464 0
vt 0.3100369 0.3685214 0
vt 0.3100369 0.3803949 0
vt 0.3100369 0.3922695 0
vt 0.3100369 0.7247463 0
vt 0.7615171 0.1397218 0
vt 0.7732181 0.1376597 0
vt 0.749637 0.1397052 0
vt 0.7379353 0.1376411 0
vt 0.7267763 0.1335615 0
vt 0.7164888 0.1276202 0
vt 0.7947626 0.01600289 0
vt 0.7073982 0.1199705 0
vt 0.6997625 0.1108675 0
vt 0.356565 0.5703824 0
vt 0.6938375 0.1005712 0
vt 0.6897767 0.08940716 0
vt 0.6877307 0.07770572 0
vt 0.356565 0.6891237 0
vt 0.6898087 0.05413016 0
vt 0.6938731 0.04296598 0
vt 0.6998267 0.03268719 0
vt 0.7074618 0.02358696 0
vt 0.7165712 0.0159624 0
vt 0.7268588 0.01002132 0
vt 0.7380279 0.005971938 0
vt 0.7497276 0.00390625 0
vt 0.7946758 0.1276713 0
vt 0.7616102 0.003921066 0
vt 0.7844726 0.01006249 0
vt 0.8038557 0.0236545 0
vt 0.8114916 0.03275801 0
vt 0.8174164 0.04305677 0
vt 0.8214789 0.0542213 0
vt 0.8235248 0.06592387 0
vt 0.8235245 0.07780348 0
vt 0.8214457 0.08950276 0
vt 0.8173808 0.1006669 0
vt 0.8114257 0.1109468 0
vt 0.8037883 0.120047 0
vt 0.7843876 0.13361 0
vt 0.3159074 0.2972762 0
vt 0.3100369 0.2972762 0
vt 0.3333003 0.2972762 0
vt 0.3506919 0.2972762 0
vt 0.356565 0.7247463 0
#end 2224 textures vertices 

#begin 1196 normals 
vn 0 -1 -0
vn 0.8821 -0.4711 0
vn 0.8687 -0.4711 -0.1532
vn 0.9827 -0.0651 -0.1733
vn 0.9979 -0.0651 -0
vn 0.8289 -0.4711 -0.3017
vn 0.9377 -0.0651 -0.3413
vn 0.9397 0 -0.342
vn 0.9848 0 -0.1736
vn 1 0 -0
vn 0.7639 -0.4711 -0.441
vn 0.8642 -0.0651 -0.4989
vn 0.6757 -0.4711 -0.567
vn 0.7644 -0.0651 -0.6414
vn 0.766 0 -0.6428
vn 0.866 0 -0.5
vn 0.567 -0.4711 -0.6757
vn 0.6414 -0.0651 -0.7644
vn 0.4411 -0.4711 -0.7639
vn 0.4989 -0.0651 -0.8642
vn 0.5 0 -0.866
vn 0.6428 0 -0.766
vn 0.3017 -0.4711 -0.8289
vn 0.3413 -0.0651 -0.9377
vn 0.1532 -0.4711 -0.8687
vn 0.1733 -0.0651 -0.9827
vn 0.1736 0 -0.9848
vn 0.342 0 -0.9397
vn -0 -0.4711 -0.8821
vn -0 -0.0651 -0.9979
vn -0.1532 -0.4711 -0.8687
vn -0.1733 -0.0651 -0.9827
vn -0.1736 0 -0.9848
vn 0 0 -1
vn -0.3017 -0.4711 -0.8289
vn -0.3413 -0.0651 -0.9377
vn -0.4411 -0.4711 -0.7639
vn -0.4989 -0.0651 -0.8642
vn -0.5 0 -0.866
vn -0.342 0 -0.9397
vn -0.567 -0.4711 -0.6757
vn -0.6414 -0.0651 -0.7644
vn -0.6757 -0.4711 -0.567
vn -0.7644 -0.0651 -0.6414
vn -0.766 0 -0.6428
vn -0.6428 0 -0.766
vn -0.7639 -0.4711 -0.441
vn -0.8642 -0.0651 -0.4989
vn -0.8289 -0.4711 -0.3017
vn -0.9377 -0.0651 -0.3413
vn -0.9397 0 -0.342
vn -0.866 0 -0.5
vn -0.8687 -0.4711 -0.1532
vn -0.9827 -0.0651 -0.1733
vn -0.8821 -0.4711 -0
vn -0.9979 -0.0651 -0
vn -1 -0 -0
vn -0.9848 0 -0.1736
vn -0.8687 -0.4711 0.1532
vn -0.9827 -0.0651 0.1733
vn -0.8289 -0.4711 0.3017
vn -0.9377 -0.0651 0.3413
vn -0.9397 0 0.342
vn -0.9848 0 0.1736
vn -0.7639 -0.4711 0.441
vn -0.8642 -0.0651 0.4989
vn -0.6757 -0.4711 0.567
vn -0.7644 -0.0651 0.6414
vn -0.766 0 0.6428
vn -0.866 0 0.5
vn -0.567 -0.4711 0.6757
vn -0.6414 -0.0651 0.7644
vn -0.4411 -0.4711 0.7639
vn -0.4989 -0.0651 0.8642
vn -0.5 0 0.866
vn -0.6428 0 0.766
vn -0.3017 -0.4711 0.8289
vn -0.3413 -0.0651 0.9377
vn -0.1532 -0.4711 0.8687
vn -0.1733 -0.0651 0.9827
vn -0.1736 0 0.9848
vn -0.342 0 0.9397
vn -0 -0.4711 0.8821
vn -0 -0.0651 0.9979
vn 0.1532 -0.4711 0.8687
vn 0.1733 -0.0651 0.9827
vn 0.1736 0 0.9848
vn -0 0 1
vn 0.3017 -0.4711 0.8289
vn 0.3413 -0.0651 0.9377
vn 0.4411 -0.471 0.7639
vn 0.4989 -0.0651 0.8642
vn 0.5 -0 0.866
vn 0.342 0 0.9397
vn 0.567 -0.4711 0.6757
vn 0.6414 -0.0651 0.7644
vn 0.6757 -0.4711 0.567
vn 0.7644 -0.0651 0.6414
vn 0.766 0 0.6428
vn 0.6428 0 0.766
vn 0.7639 -0.4711 0.441
vn 0.8642 -0.0651 0.4989
vn 0.8289 -0.4711 0.3017
vn 0.9377 -0.0651 0.3413
vn 0.9397 0 0.342
vn 0.866 0 0.5
vn 0.8687 -0.4711 0.1532
vn 0.9827 -0.0651 0.1733
vn 0.9848 0 0.1737
vn -0 0 -1
vn -0.9397 -0 -0.342
vn -1 0 -0
vn -0.766 -0 0.6428
vn 0.5 0 0.866
vn 1 0 0
vn 0.9848 0 0.1736
vn 0.766 -0 -0.6428
vn 0.1736 -0 -0.9848
vn -0.5 -0 -0.866
vn -0.5 -0 0.866
vn -0.1736 -0 0.9848
vn -0.342 -0 0.9397
vn 0.9397 -0 0.342
vn 0.9397 -0 -0.342
vn -0.1737 -0 -0.9848
vn -0.9848 -0 -0.1736
vn -0.866 -0 0.5
vn -0.1737 -0 0.9848
vn 0.1736 -0 0.9848
vn 0.1737 0 0.9848
vn -0 1 -0
vn 0 1 -0
vn -0 1 0
vn 0.7054 0.7088 0
vn 0.6945 0.709 -0.1225
vn 0.1563 0.9873 -0.0276
vn 0.1588 0.9873 0
vn 0.6629 0.7088 -0.2413
vn 0.1492 0.9873 -0.0543
vn 0.6108 0.709 -0.3526
vn 0.1374 0.9873 -0.0793
vn 0.5404 0.7088 -0.4534
vn 0.1216 0.9873 -0.1021
vn 0.4533 0.709 -0.5402
vn 0.102 0.9873 -0.1215
vn 0.3527 0.7088 -0.6109
vn 0.0794 0.9873 -0.1375
vn 0.2412 0.709 -0.6627
vn 0.0543 0.9873 -0.1491
vn 0.1225 0.7089 -0.6946
vn 0.0276 0.9873 -0.1564
vn -0 0.709 -0.7052
vn -0 0.9873 -0.1587
vn -0.1225 0.7088 -0.6946
vn -0.0276 0.9873 -0.1564
vn 0 1 0
vn -0.2412 0.709 -0.6627
vn -0.0543 0.9873 -0.1491
vn -0.3527 0.7089 -0.6108
vn -0.0794 0.9873 -0.1375
vn -0.4533 0.709 -0.5402
vn -0.102 0.9873 -0.1216
vn -0.5403 0.7088 -0.4534
vn -0.1217 0.9873 -0.1021
vn -0.6108 0.709 -0.3526
vn -0.1374 0.9873 -0.0793
vn -0.6628 0.7089 -0.2412
vn -0.1492 0.9873 -0.0543
vn -0.6945 0.709 -0.1225
vn -0.1562 0.9873 -0.0275
vn -0.7054 0.7088 0
vn -0.1588 0.9873 -0
vn -0.6945 0.709 0.1225
vn -0.1563 0.9873 0.0276
vn -0.6629 0.7088 0.2413
vn -0.1492 0.9873 0.0543
vn -0.6107 0.709 0.3526
vn -0.1374 0.9873 0.0793
vn -0.5404 0.7088 0.4534
vn -0.1216 0.9873 0.1021
vn -0.4533 0.709 0.5402
vn -0.102 0.9873 0.1216
vn -0.3527 0.7088 0.6109
vn -0.0794 0.9873 0.1375
vn -0.2412 0.709 0.6627
vn -0.0543 0.9873 0.1491
vn -0.1225 0.7089 0.6946
vn -0.0276 0.9873 0.1564
vn -0 0.709 0.7052
vn -0 0.9873 0.1587
vn 0.1225 0.7088 0.6947
vn 0.0276 0.9873 0.1564
vn 0.2412 0.709 0.6627
vn 0.0543 0.9873 0.1491
vn 0.3527 0.7088 0.6109
vn 0.0794 0.9873 0.1375
vn 0.4533 0.709 0.5402
vn 0.102 0.9873 0.1216
vn 0.5403 0.7088 0.4534
vn 0.1216 0.9873 0.1021
vn 0.6108 0.709 0.3526
vn 0.1374 0.9873 0.0793
vn 0.6628 0.7088 0.2413
vn 0.1492 0.9873 0.0543
vn 0.6945 0.709 0.1225
vn 0.1563 0.9873 0.0276
vn 0.4778 0.8785 0
vn 0.4708 0.8783 -0.083
vn 0.9271 0.3373 -0.1635
vn 0.9414 0.3373 0
vn 0.449 0.8785 -0.1634
vn 0.8846 0.3374 -0.322
vn 1 -0 0
vn 0.414 0.8783 -0.239
vn 0.8153 0.3373 -0.4707
vn 0.366 0.8785 -0.3071
vn 0.7211 0.3374 -0.6051
vn 0.3073 0.8783 -0.3662
vn 0.6051 0.3373 -0.7212
vn 0.2389 0.8785 -0.4138
vn 0.4707 0.3374 -0.8152
vn 0.5 -0 -0.866
vn 0.1635 0.8783 -0.4493
vn 0.322 0.3373 -0.8846
vn 0.083 0.8785 -0.4705
vn 0.1635 0.3374 -0.9271
vn -0 0.8783 -0.4781
vn -0 0.3373 -0.9414
vn -0.083 0.8785 -0.4705
vn -0.1635 0.3374 -0.9271
vn -0.1736 -0 -0.9848
vn -0.1635 0.8783 -0.4493
vn -0.322 0.3373 -0.8846
vn -0.2389 0.8785 -0.4138
vn -0.4707 0.3374 -0.8152
vn -0.3073 0.8783 -0.3662
vn -0.6051 0.3373 -0.7212
vn -0.366 0.8785 -0.3071
vn -0.7211 0.3374 -0.6051
vn -0.414 0.8783 -0.239
vn -0.8153 0.3373 -0.4707
vn -0.449 0.8785 -0.1634
vn -0.8846 0.3374 -0.322
vn -0.4708 0.8783 -0.083
vn -0.9271 0.3373 -0.1635
vn -0.4778 0.8785 0
vn -0.9414 0.3373 -0
vn -0.4708 0.8783 0.083
vn -0.9271 0.3373 0.1635
vn -0.449 0.8785 0.1634
vn -0.8846 0.3374 0.322
vn -0.9397 -0 0.342
vn -0.414 0.8783 0.239
vn -0.8153 0.3373 0.4707
vn -0.366 0.8785 0.3071
vn -0.7211 0.3374 0.6051
vn -0.3073 0.8783 0.3662
vn -0.6051 0.3373 0.7212
vn -0.2389 0.8785 0.4138
vn -0.4707 0.3374 0.8152
vn -0.1635 0.8783 0.4493
vn -0.322 0.3373 0.8846
vn -0.083 0.8785 0.4705
vn -0.1635 0.3374 0.9271
vn -0 0.8783 0.4781
vn -0 0.3373 0.9414
vn 0.083 0.8785 0.4705
vn 0.1635 0.3374 0.9271
vn 0.1635 0.8783 0.4493
vn 0.322 0.3373 0.8846
vn 0.2389 0.8785 0.4138
vn 0.4707 0.3374 0.8152
vn 0.3073 0.8783 0.3662
vn 0.6051 0.3373 0.7212
vn 0.366 0.8785 0.3071
vn 0.7211 0.3374 0.6051
vn 0.766 -0 0.6428
vn 0.414 0.8783 0.239
vn 0.8153 0.3373 0.4707
vn 0.449 0.8785 0.1634
vn 0.8846 0.3374 0.322
vn 0.4708 0.8783 0.083
vn 0.9271 0.3373 0.1635
vn 0.9848 -0.0026 -0.1737
vn 1 -0.0026 -0
vn 0.9397 -0.0026 -0.342
vn 0.9397 -0.0052 -0.342
vn 0.9848 -0.0052 -0.1736
vn 1 -0.0052 0
vn 0.866 -0.0026 -0.5
vn 0.766 -0.0026 -0.6428
vn 0.766 -0.0052 -0.6428
vn 0.866 -0.0052 -0.5
vn 0.6428 -0.0026 -0.766
vn 0.5 -0.0026 -0.866
vn 0.5 -0.0052 -0.866
vn 0.6428 -0.0052 -0.766
vn 0.342 -0.0026 -0.9397
vn 0.1736 -0.0026 -0.9848
vn 0.1736 -0.0052 -0.9848
vn 0.342 -0.0052 -0.9397
vn -0 -0.0026 -1
vn -0.1737 -0.0026 -0.9848
vn -0.1736 -0.0052 -0.9848
vn -0 -0.0052 -1
vn -0.342 -0.0026 -0.9397
vn -0.5 -0.0026 -0.866
vn -0.5 -0.0052 -0.866
vn -0.342 -0.0052 -0.9397
vn -0.6428 -0.0026 -0.766
vn -0.766 -0.0026 -0.6428
vn -0.766 -0.0052 -0.6428
vn -0.6428 -0.0052 -0.766
vn -0.866 -0.0026 -0.5
vn -0.9397 -0.0026 -0.342
vn -0.9397 -0.0052 -0.342
vn -0.866 -0.0052 -0.5
vn -0.9848 -0.0026 -0.1736
vn -1 -0.0026 -0
vn -1 -0.0052 -0
vn -0.9848 -0.0052 -0.1736
vn -0.9848 -0.0026 0.1736
vn -0.9397 -0.0026 0.342
vn -0.9397 -0.0052 0.342
vn -0.9848 -0.0052 0.1736
vn -0.866 -0.0026 0.5
vn -0.766 -0.0026 0.6428
vn -0.766 -0.0052 0.6428
vn -0.866 -0.0052 0.5
vn -0.6428 -0.0026 0.766
vn -0.5 -0.0026 0.866
vn -0.5 -0.0052 0.866
vn -0.6428 -0.0052 0.766
vn -0.342 -0.0026 0.9397
vn -0.1736 -0.0026 0.9848
vn -0.1736 -0.0052 0.9848
vn -0.342 -0.0052 0.9397
vn 0 -0.0026 1
vn 0.1736 -0.0026 0.9848
vn 0.1736 -0.0052 0.9848
vn -0 -0.0052 1
vn 0.342 -0.0026 0.9397
vn 0.5 -0.0026 0.866
vn 0.5 -0.0052 0.866
vn 0.342 -0.0052 0.9397
vn 0.6428 -0.0026 0.766
vn 0.766 -0.0026 0.6428
vn 0.766 -0.0052 0.6428
vn 0.6428 -0.0052 0.766
vn 0.866 -0.0026 0.5
vn 0.9397 -0.0026 0.342
vn 0.9397 -0.0052 0.342
vn 0.866 -0.0052 0.5
vn 0.9848 -0.0026 0.1737
vn 0.9848 -0.0052 0.1736
vn -1 -0.0052 0
vn 0.8004 0.5995 0
vn 0.7881 0.5997 -0.139
vn 0.3661 0.9283 -0.0646
vn 0.3718 0.9283 0
vn 0.7521 0.5995 -0.2737
vn 0.3494 0.9283 -0.1272
vn 0.1999 0.9771 -0.0728
vn 0.2096 0.9771 -0.037
vn 0.2128 0.9771 0
vn 0.693 0.5997 -0.4001
vn 0.3219 0.9283 -0.1859
vn 0.6131 0.5995 -0.5145
vn 0.2848 0.9283 -0.239
vn 0.163 0.9771 -0.1368
vn 0.1843 0.9771 -0.1064
vn 0.5144 0.5997 -0.613
vn 0.239 0.9283 -0.2848
vn 0.4002 0.5995 -0.6931
vn 0.1859 0.9283 -0.322
vn 0.1064 0.9771 -0.1843
vn 0.1368 0.9771 -0.163
vn 0.2737 0.5997 -0.752
vn 0.1271 0.9283 -0.3493
vn 0.139 0.5996 -0.7882
vn 0.0646 0.9283 -0.3662
vn 0.0369 0.9771 -0.2095
vn 0.0728 0.9771 -0.2
vn -0 0.5997 -0.8002
vn -0 0.9283 -0.3717
vn -0.139 0.5996 -0.7882
vn -0.0646 0.9283 -0.3662
vn -0.0369 0.9771 -0.2095
vn -0 0.9771 -0.2128
vn -0.2737 0.5997 -0.752
vn -0.1271 0.9283 -0.3493
vn -0.4002 0.5995 -0.6931
vn -0.1859 0.9283 -0.322
vn -0.1064 0.9771 -0.1843
vn -0.0728 0.9771 -0.2
vn -0.5144 0.5997 -0.613
vn -0.239 0.9283 -0.2848
vn -0.6131 0.5995 -0.5145
vn -0.2848 0.9283 -0.239
vn -0.163 0.9771 -0.1368
vn -0.1368 0.9771 -0.163
vn -0.693 0.5997 -0.4001
vn -0.3219 0.9283 -0.1859
vn -0.7521 0.5995 -0.2737
vn -0.3494 0.9283 -0.1272
vn -0.1999 0.9771 -0.0728
vn -0.1843 0.9771 -0.1064
vn -0.7881 0.5997 -0.139
vn -0.3661 0.9283 -0.0646
vn -0.8003 0.5996 0
vn -0.3718 0.9283 0
vn -0.2128 0.9771 -0
vn -0.2096 0.9771 -0.037
vn -0.7881 0.5997 0.139
vn -0.3661 0.9283 0.0646
vn -0.7521 0.5996 0.2737
vn -0.3494 0.9283 0.1272
vn -0.1999 0.9771 0.0728
vn -0.2096 0.9771 0.037
vn -0.693 0.5997 0.4001
vn -0.3219 0.9283 0.1859
vn -0.6131 0.5995 0.5144
vn -0.2848 0.9283 0.239
vn -0.163 0.9771 0.1368
vn -0.1843 0.9771 0.1064
vn -0.5144 0.5997 0.613
vn -0.239 0.9283 0.2848
vn -0.4002 0.5995 0.6931
vn -0.1859 0.9283 0.322
vn -0.1064 0.9771 0.1843
vn -0.1368 0.9771 0.163
vn -0.2737 0.5997 0.752
vn -0.1271 0.9283 0.3493
vn -0.139 0.5995 0.7882
vn -0.0646 0.9283 0.3662
vn -0.0369 0.9771 0.2095
vn -0.0728 0.9771 0.2
vn -0 0.5997 0.8002
vn -0 0.9283 0.3717
vn 0.139 0.5995 0.7882
vn 0.0646 0.9283 0.3662
vn 0.0369 0.9771 0.2095
vn -0 0.9771 0.2128
vn 0.2737 0.5997 0.752
vn 0.1271 0.9283 0.3493
vn 0.4002 0.5995 0.6931
vn 0.1859 0.9283 0.322
vn 0.1064 0.9771 0.1843
vn 0.0728 0.9771 0.2
vn 0.5144 0.5997 0.613
vn 0.239 0.9283 0.2848
vn 0.6131 0.5995 0.5145
vn 0.2848 0.9283 0.239
vn 0.163 0.9771 0.1368
vn 0.1368 0.9771 0.163
vn 0.693 0.5997 0.4001
vn 0.3219 0.9283 0.1859
vn 0.7521 0.5995 0.2737
vn 0.3494 0.9283 0.1272
vn 0.1999 0.9771 0.0728
vn 0.1843 0.9771 0.1064
vn 0.7881 0.5997 0.139
vn 0.3661 0.9283 0.0646
vn 0.2096 0.9771 0.037
vn 1 0.0085 -0
vn 0.9848 0.0085 -0.1736
vn 0.6587 -0.7434 -0.1162
vn 0.6688 -0.7434 0
vn 0.9397 0.0085 -0.342
vn 0.6285 -0.7434 -0.2288
vn 0.5691 -0.7958 -0.2071
vn 0.5965 -0.7957 -0.1052
vn 0.6056 -0.7958 0
vn 0.866 0.0085 -0.5
vn 0.5793 -0.7433 -0.3345
vn 0.766 0.0085 -0.6428
vn 0.5124 -0.7434 -0.4299
vn 0.4639 -0.7958 -0.3893
vn 0.5245 -0.7957 -0.3028
vn 0.6428 0.0085 -0.766
vn 0.43 -0.7433 -0.5124
vn 0.5 0.0085 -0.866
vn 0.3344 -0.7434 -0.5792
vn 0.3028 -0.7958 -0.5245
vn 0.3893 -0.7957 -0.464
vn 0.342 0.0085 -0.9397
vn 0.2288 -0.7433 -0.6286
vn 0.1736 0.0085 -0.9848
vn 0.1161 -0.7434 -0.6587
vn 0.1052 -0.7958 -0.5964
vn 0.2072 -0.7957 -0.5691
vn -0 0.0085 -1
vn -0 -0.7433 -0.6689
vn -0.1736 0.0085 -0.9848
vn -0.1161 -0.7434 -0.6587
vn -0.1052 -0.7958 -0.5964
vn -0 -0.7957 -0.6057
vn -0.342 0.0085 -0.9397
vn -0.2288 -0.7433 -0.6286
vn -0.5 0.0085 -0.866
vn -0.3344 -0.7434 -0.5792
vn -0.3028 -0.7958 -0.5245
vn -0.2071 -0.7957 -0.5691
vn -0.6428 0.0085 -0.766
vn -0.43 -0.7433 -0.5124
vn -0.766 0.0085 -0.6428
vn -0.5124 -0.7434 -0.4299
vn -0.4639 -0.7958 -0.3893
vn -0.3893 -0.7957 -0.464
vn -0.866 0.0085 -0.5
vn -0.5793 -0.7433 -0.3345
vn -0.9397 0.0085 -0.342
vn -0.6285 -0.7434 -0.2288
vn -0.5691 -0.7958 -0.2071
vn -0.5245 -0.7957 -0.3028
vn -0.9848 0.0085 -0.1736
vn -0.6587 -0.7433 -0.1162
vn -1 0.0085 0
vn -0.6688 -0.7434 -0
vn -0.6056 -0.7958 0
vn -0.5965 -0.7957 -0.1052
vn -0.9848 0.0085 0.1736
vn -0.6587 -0.7434 0.1162
vn -0.9397 0.0085 0.342
vn -0.6285 -0.7434 0.2288
vn -0.5691 -0.7958 0.2071
vn -0.5965 -0.7957 0.1052
vn -0.866 0.0085 0.5
vn -0.5793 -0.7434 0.3345
vn -0.766 0.0085 0.6428
vn -0.5124 -0.7434 0.4299
vn -0.4639 -0.7958 0.3893
vn -0.5245 -0.7957 0.3028
vn -0.6428 0.0085 0.766
vn -0.43 -0.7433 0.5124
vn -0.5 0.0085 0.866
vn -0.3344 -0.7434 0.5792
vn -0.3028 -0.7958 0.5245
vn -0.3893 -0.7957 0.464
vn -0.342 0.0085 0.9397
vn -0.2288 -0.7433 0.6286
vn -0.1736 0.0085 0.9848
vn -0.1161 -0.7434 0.6587
vn -0.1052 -0.7958 0.5964
vn -0.2072 -0.7957 0.5691
vn -0 0.0085 1
vn -0 -0.7433 0.6689
vn 0.1736 0.0085 0.9848
vn 0.1161 -0.7434 0.6587
vn 0.1052 -0.7958 0.5964
vn -0 -0.7957 0.6057
vn 0.342 0.0085 0.9397
vn 0.2288 -0.7433 0.6286
vn 0.5 0.0085 0.866
vn 0.3344 -0.7434 0.5792
vn 0.3028 -0.7958 0.5245
vn 0.2071 -0.7957 0.5691
vn 0.6428 0.0085 0.766
vn 0.43 -0.7433 0.5124
vn 0.766 0.0085 0.6428
vn 0.5124 -0.7434 0.4299
vn 0.4639 -0.7958 0.3893
vn 0.3893 -0.7957 0.464
vn 0.866 0.0085 0.5
vn 0.5793 -0.7433 0.3345
vn 0.9397 0.0085 0.342
vn 0.6285 -0.7434 0.2288
vn 0.5691 -0.7958 0.2071
vn 0.5245 -0.7957 0.3028
vn 0.9848 0.0085 0.1736
vn 0.6587 -0.7433 0.1162
vn 0.5965 -0.7957 0.1052
vn 0.9044 -0.4268 0
vn 0.8906 -0.4268 -0.157
vn 0.9797 -0.1013 -0.1728
vn 0.9949 -0.1014 -0
vn 0.8498 -0.4268 -0.3093
vn 0.9349 -0.1013 -0.3403
vn 0.7832 -0.4268 -0.4522
vn 0.8616 -0.1013 -0.4974
vn 0.6928 -0.4267 -0.5813
vn 0.7621 -0.1013 -0.6395
vn 0.866 -0 -0.5
vn 0.5813 -0.4268 -0.6928
vn 0.6395 -0.1013 -0.7621
vn 0.4522 -0.4268 -0.7832
vn 0.4974 -0.1013 -0.8616
vn 0.6428 -0 -0.766
vn 0.3093 -0.4268 -0.8498
vn 0.3403 -0.1013 -0.9349
vn 0.157 -0.4268 -0.8906
vn 0.1727 -0.1014 -0.9797
vn 0.342 -0 -0.9397
vn -0 -0.4268 -0.9044
vn -0 -0.1013 -0.9949
vn -0.157 -0.4267 -0.8906
vn -0.1728 -0.1013 -0.9797
vn -0.3093 -0.4268 -0.8498
vn -0.3403 -0.1013 -0.9349
vn -0.4522 -0.4267 -0.7832
vn -0.4974 -0.1013 -0.8616
vn -0.5813 -0.4268 -0.6928
vn -0.6395 -0.1013 -0.7621
vn -0.6928 -0.4268 -0.5813
vn -0.7621 -0.1014 -0.6395
vn -0.7832 -0.4267 -0.4522
vn -0.8616 -0.1013 -0.4974
vn -0.8498 -0.4268 -0.3093
vn -0.9349 -0.1013 -0.3403
vn -0.8906 -0.4268 -0.157
vn -0.9797 -0.1014 -0.1728
vn -0.9044 -0.4267 0
vn -0.9949 -0.1013 0
vn -0.8906 -0.4268 0.157
vn -0.9797 -0.1013 0.1728
vn -0.8498 -0.4268 0.3093
vn -0.9349 -0.1013 0.3403
vn -0.7832 -0.4268 0.4522
vn -0.8616 -0.1013 0.4974
vn -0.6928 -0.4268 0.5813
vn -0.7621 -0.1014 0.6395
vn -0.5813 -0.4268 0.6928
vn -0.6395 -0.1013 0.7621
vn -0.4522 -0.4267 0.7832
vn -0.4974 -0.1013 0.8616
vn -0.3093 -0.4268 0.8498
vn -0.3403 -0.1013 0.9349
vn -0.157 -0.4267 0.8907
vn -0.1728 -0.1012 0.9797
vn -0 -0.4268 0.9044
vn -0 -0.1013 0.9949
vn 0.157 -0.4267 0.8906
vn 0.1728 -0.1013 0.9797
vn 0.3093 -0.4268 0.8498
vn 0.3403 -0.1013 0.9349
vn 0.4522 -0.4267 0.7832
vn 0.4974 -0.1012 0.8616
vn 0.5813 -0.4268 0.6928
vn 0.6395 -0.1013 0.7621
vn 0.6928 -0.4268 0.5813
vn 0.7621 -0.1013 0.6395
vn 0.7832 -0.4268 0.4522
vn 0.8616 -0.1013 0.4974
vn 0.8498 -0.4268 0.3093
vn 0.9349 -0.1013 0.3403
vn 0.8906 -0.4268 0.157
vn 0.9797 -0.1013 0.1728
vn 0.5842 0.8116 0
vn 0.5752 0.8117 -0.1014
vn 0.0946 0.9954 -0.0167
vn 0.0959 0.9954 0
vn 0.549 0.8116 -0.1998
vn 0.0902 0.9954 -0.0328
vn 0.5058 0.8117 -0.292
vn 0.0832 0.9954 -0.048
vn 0.4475 0.8116 -0.3755
vn 0.0735 0.9954 -0.0617
vn 0.3754 0.8117 -0.4474
vn 0.0617 0.9954 -0.0736
vn 0.2921 0.8116 -0.5059
vn 0.048 0.9954 -0.0831
vn 0.1998 0.8117 -0.5489
vn 0.0328 0.9954 -0.0902
vn 0.1015 0.8116 -0.5754
vn 0.0167 0.9954 -0.0945
vn -0 0.8117 -0.5841
vn -0 0.9954 -0.096
vn -0.1014 0.8116 -0.5753
vn -0.0167 0.9954 -0.0945
vn -0.1998 0.8117 -0.5489
vn -0.0328 0.9954 -0.0902
vn -0.2921 0.8116 -0.506
vn -0.048 0.9954 -0.0831
vn -0.3754 0.8117 -0.4474
vn -0.0617 0.9954 -0.0736
vn -0.4475 0.8116 -0.3755
vn -0.0735 0.9954 -0.0617
vn -0.5058 0.8117 -0.292
vn -0.0832 0.9954 -0.048
vn -0.549 0.8116 -0.1998
vn -0.0902 0.9954 -0.0328
vn -0.5751 0.8117 -0.1014
vn -0.0946 0.9954 -0.0167
vn -0.5842 0.8116 0
vn -0.0959 0.9954 0
vn -0.5752 0.8117 0.1014
vn -0.0946 0.9954 0.0167
vn -0.549 0.8116 0.1998
vn -0.0902 0.9954 0.0328
vn -0.5058 0.8117 0.292
vn -0.0832 0.9954 0.048
vn -0.4476 0.8116 0.3755
vn -0.0735 0.9954 0.0617
vn -0.3754 0.8117 0.4474
vn -0.0617 0.9954 0.0736
vn -0.2921 0.8116 0.506
vn -0.048 0.9954 0.0831
vn -0.1998 0.8117 0.5489
vn -0.0328 0.9954 0.0902
vn -0.1015 0.8116 0.5754
vn -0.0167 0.9954 0.0945
vn -0 0.8117 0.5841
vn -0 0.9954 0.096
vn 0.1015 0.8115 0.5754
vn 0.0167 0.9954 0.0945
vn 0.1998 0.8117 0.5489
vn 0.0328 0.9954 0.0902
vn 0.2921 0.8116 0.506
vn 0.048 0.9954 0.0831
vn 0.3754 0.8117 0.4474
vn 0.0617 0.9954 0.0736
vn 0.4476 0.8116 0.3755
vn 0.0735 0.9954 0.0617
vn 0.5058 0.8117 0.292
vn 0.0832 0.9954 0.048
vn 0.549 0.8116 0.1998
vn 0.0902 0.9954 0.0328
vn 0.5752 0.8117 0.1014
vn 0.0946 0.9954 0.0167
vn 0.6077 0.7942 0
vn 0.5987 0.7939 -0.1056
vn 0.9592 0.2264 -0.1691
vn 0.974 0.2265 0
vn 0.5711 0.7942 -0.2078
vn 0.9153 0.2265 -0.3331
vn 0.5265 0.7939 -0.304
vn 0.8435 0.2264 -0.487
vn 0.4655 0.7941 -0.3906
vn 0.7461 0.2265 -0.6261
vn 0.3908 0.7939 -0.4658
vn 0.6261 0.2264 -0.7462
vn 0.3039 0.7942 -0.5263
vn 0.487 0.2265 -0.8435
vn 0.2079 0.794 -0.5713
vn 0.3331 0.2264 -0.9153
vn 0.1055 0.7942 -0.5985
vn 0.1691 0.2265 -0.9592
vn -0 0.7939 -0.608
vn -0 0.2264 -0.974
vn -0.1055 0.7942 -0.5985
vn -0.1691 0.2265 -0.9592
vn -0.2079 0.794 -0.5713
vn -0.3331 0.2264 -0.9153
vn -0.3039 0.7942 -0.5263
vn -0.487 0.2265 -0.8435
vn -0.3908 0.794 -0.4657
vn -0.6261 0.2264 -0.7462
vn -0.4655 0.7942 -0.3906
vn -0.7461 0.2265 -0.6261
vn -0.6428 -0 -0.766
vn -0.5265 0.7939 -0.304
vn -0.8435 0.2264 -0.487
vn -0.5711 0.7942 -0.2078
vn -0.9153 0.2265 -0.3331
vn -0.5988 0.7939 -0.1056
vn -0.9592 0.2264 -0.1691
vn -0.6077 0.7942 -0
vn -0.974 0.2265 0
vn -0.5988 0.7939 0.1056
vn -0.9592 0.2264 0.1691
vn -0.5711 0.7942 0.2078
vn -0.9153 0.2265 0.3331
vn -0.5265 0.794 0.304
vn -0.8435 0.2264 0.487
vn -0.4655 0.7942 0.3906
vn -0.7461 0.2265 0.6261
vn -0.3908 0.7939 0.4657
vn -0.6261 0.2264 0.7462
vn -0.3039 0.7941 0.5263
vn -0.487 0.2265 0.8435
vn -0.2079 0.794 0.5713
vn -0.3331 0.2264 0.9153
vn -0.1055 0.7941 0.5985
vn -0.1691 0.2264 0.9592
vn -0 0.7939 0.608
vn -0 0.2264 0.974
vn 0.1055 0.7941 0.5985
vn 0.1691 0.2265 0.9592
vn 0.208 0.7939 0.5713
vn 0.3331 0.2264 0.9153
vn 0.3039 0.7942 0.5263
vn 0.487 0.2265 0.8435
vn 0.3908 0.7939 0.4657
vn 0.6261 0.2264 0.7462
vn 0.4655 0.7941 0.3906
vn 0.7461 0.2265 0.6261
vn 0.5265 0.7939 0.304
vn 0.8435 0.2264 0.487
vn 0.5711 0.7942 0.2078
vn 0.9153 0.2265 0.3331
vn 0.5988 0.7939 0.1056
vn 0.9592 0.2264 0.1691
vn 0.8738 0.3679 -0.318
vn 0.9157 0.3679 -0.1615
vn 0.4297 0.8893 -0.1564
vn 0.4501 0.8894 -0.0794
vn 0.4572 0.8893 0
vn 0.9299 0.3679 0
vn 0.7123 0.3679 -0.5977
vn 0.8053 0.3679 -0.4649
vn 0.3503 0.8894 -0.2939
vn 0.3958 0.8894 -0.2285
vn 0.4649 0.3679 -0.8053
vn 0.5977 0.3679 -0.7123
vn 0.2286 0.8893 -0.396
vn 0.2938 0.8894 -0.3501
vn 0.1615 0.3679 -0.9157
vn 0.318 0.3679 -0.8738
vn 0.0794 0.8893 -0.4503
vn 0.1563 0.8894 -0.4295
vn -0.1615 0.3679 -0.9157
vn -0 0.3679 -0.9298
vn -0.0794 0.8893 -0.4503
vn -0 0.8894 -0.4571
vn -0.4649 0.3679 -0.8053
vn -0.318 0.368 -0.8738
vn -0.2286 0.8893 -0.396
vn -0.1563 0.8894 -0.4295
vn -0.7123 0.3679 -0.5977
vn -0.5977 0.3679 -0.7123
vn -0.3503 0.8893 -0.2939
vn -0.2938 0.8894 -0.3501
vn -0.8738 0.3679 -0.318
vn -0.8053 0.3679 -0.4649
vn -0.4297 0.8893 -0.1564
vn -0.3958 0.8894 -0.2285
vn -0.9299 0.3679 -0
vn -0.9157 0.3679 -0.1615
vn -0.4572 0.8894 -0
vn -0.4501 0.8894 -0.0794
vn -0.8738 0.3679 0.318
vn -0.9157 0.3679 0.1615
vn -0.4297 0.8893 0.1564
vn -0.4501 0.8894 0.0794
vn -0.7123 0.3679 0.5977
vn -0.8053 0.3679 0.4649
vn -0.3503 0.8893 0.2939
vn -0.3958 0.8894 0.2285
vn -0.4649 0.3679 0.8053
vn -0.5977 0.3679 0.7123
vn -0.2286 0.8893 0.396
vn -0.2938 0.8894 0.3501
vn -0.1615 0.3679 0.9157
vn -0.318 0.368 0.8738
vn -0.0794 0.8893 0.4503
vn -0.1563 0.8894 0.4295
vn 0.1615 0.3679 0.9157
vn -0 0.3679 0.9299
vn -0 -0 1
vn 0.0794 0.8893 0.4503
vn -0 0.8894 0.4571
vn 0.4649 0.3679 0.8053
vn 0.318 0.3679 0.8738
vn 0.2286 0.8893 0.396
vn 0.1563 0.8894 0.4295
vn 0.7123 0.3679 0.5977
vn 0.5977 0.3679 0.7123
vn 0.3503 0.8894 0.2939
vn 0.2938 0.8894 0.3501
vn 0.8738 0.3679 0.318
vn 0.8053 0.3679 0.4649
vn 0.4297 0.8893 0.1564
vn 0.3958 0.8894 0.2285
vn 0.9157 0.368 0.1615
vn 0.4501 0.8894 0.0794
vn 0.0593 0.9982 -0.0105
vn 0.0603 0.9982 0
vn 0.0567 0.9982 -0.0206
vn 0.0522 0.9982 -0.0301
vn 0.0462 0.9982 -0.0388
vn 0.0387 0.9982 -0.0462
vn 0.0302 0.9982 -0.0523
vn 0.0206 0.9982 -0.0566
vn 0.0105 0.9982 -0.0594
vn -0 0.9982 -0.0603
vn -0.0105 0.9982 -0.0594
vn -0.0206 0.9982 -0.0566
vn -0.0302 0.9982 -0.0523
vn -0.0387 0.9982 -0.0462
vn -0.0462 0.9982 -0.0388
vn -0.0522 0.9982 -0.0301
vn -0.0567 0.9982 -0.0206
vn -0.0593 0.9982 -0.0105
vn -0.0604 0.9982 -0
vn -0.0593 0.9982 0.0105
vn -0.0567 0.9982 0.0206
vn -0.0522 0.9982 0.0301
vn -0.0462 0.9982 0.0388
vn -0.0387 0.9982 0.0462
vn -0.0302 0.9982 0.0523
vn -0.0206 0.9982 0.0566
vn -0.0105 0.9982 0.0594
vn -0 0.9982 0.0603
vn 0.0105 0.9982 0.0594
vn 0.0206 0.9982 0.0566
vn 0.0302 0.9982 0.0523
vn 0.0387 0.9982 0.0462
vn 0.0462 0.9982 0.0388
vn 0.0522 0.9982 0.0301
vn 0.0567 0.9982 0.0206
vn 0.0593 0.9982 0.0105
vn 0.9315 0.1316 -0.339
vn 0.9762 0.1316 -0.1721
vn 0.9913 0.1316 0
vn 0.7594 0.1316 -0.6372
vn 0.8585 0.1316 -0.4957
vn 0.4957 0.1316 -0.8585
vn 0.6372 0.1316 -0.7594
vn 0.1721 0.1316 -0.9762
vn 0.339 0.1316 -0.9315
vn -0.1721 0.1316 -0.9762
vn -0 0.1316 -0.9913
vn -0.4956 0.1316 -0.8585
vn -0.339 0.1316 -0.9315
vn -0.7594 0.1316 -0.6372
vn -0.6372 0.1316 -0.7594
vn -0.9315 0.1316 -0.339
vn -0.8585 0.1316 -0.4957
vn -0.9913 0.1316 -0
vn -0.9762 0.1316 -0.1721
vn -0.9315 0.1316 0.339
vn -0.9762 0.1316 0.1721
vn -0.7594 0.1316 0.6372
vn -0.8585 0.1316 0.4957
vn -0.4957 0.1316 0.8585
vn -0.6372 0.1316 0.7594
vn -0.1721 0.1316 0.9762
vn -0.339 0.1316 0.9315
vn 0.1721 0.1316 0.9762
vn -0 0.1316 0.9913
vn 0.4956 0.1316 0.8585
vn 0.339 0.1316 0.9315
vn 0.7594 0.1316 0.6372
vn 0.6372 0.1316 0.7594
vn 0.9315 0.1316 0.339
vn 0.8585 0.1316 0.4957
vn 0.9762 0.1316 0.1721
vn 0.4469 0.8797 -0.1626
vn 0.4685 0.8796 -0.0826
vn 0.4755 0.8797 0
vn 0.3643 0.8797 -0.3057
vn 0.412 0.8796 -0.2379
vn 0.2378 0.8797 -0.4118
vn 0.3058 0.8796 -0.3644
vn 0.0826 0.8797 -0.4683
vn 0.1627 0.8796 -0.4471
vn -0.0826 0.8797 -0.4683
vn -0 0.8796 -0.4757
vn -0.2378 0.8797 -0.4118
vn -0.1627 0.8796 -0.447
vn -0.3643 0.8797 -0.3057
vn -0.3058 0.8796 -0.3644
vn -0.4469 0.8797 -0.1626
vn -0.412 0.8796 -0.2379
vn -0.4755 0.8797 0
vn -0.4685 0.8796 -0.0826
vn -0.4469 0.8797 0.1626
vn -0.4685 0.8796 0.0826
vn -0.3643 0.8797 0.3057
vn -0.412 0.8796 0.2379
vn -0.2378 0.8797 0.4118
vn -0.3058 0.8796 0.3644
vn -0.0826 0.8797 0.4683
vn -0.1627 0.8796 0.4471
vn 0.0826 0.8797 0.4683
vn -0 0.8796 0.4758
vn 0.2378 0.8797 0.4118
vn 0.1627 0.8796 0.447
vn 0.3643 0.8797 0.3057
vn 0.3058 0.8796 0.3644
vn 0.4469 0.8797 0.1626
vn 0.412 0.8796 0.2379
vn 0.4685 0.8796 0.0826
vn 0.6546 -0.7174 -0.2383
vn 0.6861 -0.7174 -0.121
vn 0.6966 -0.7174 0
vn 0.5336 -0.7174 -0.4478
vn 0.6034 -0.7174 -0.3483
vn 0.3483 -0.7174 -0.6033
vn 0.4478 -0.7174 -0.5337
vn 0.121 -0.7174 -0.6861
vn 0.2383 -0.7174 -0.6546
vn -0.121 -0.7174 -0.686
vn 0 -0.7174 -0.6967
vn -0.3483 -0.7174 -0.6033
vn -0.2383 -0.7174 -0.6547
vn -0.5337 -0.7174 -0.4478
vn -0.4478 -0.7174 -0.5337
vn -0.6546 -0.7174 -0.2383
vn -0.6034 -0.7174 -0.3484
vn -0.6967 -0.7174 -0
vn -0.6861 -0.7174 -0.121
vn -0.6546 -0.7174 0.2383
vn -0.6861 -0.7174 0.121
vn -0.5337 -0.7174 0.4478
vn -0.6033 -0.7174 0.3483
vn -0.3483 -0.7174 0.6033
vn -0.4478 -0.7174 0.5337
vn -0.121 -0.7174 0.686
vn -0.2383 -0.7173 0.6547
vn 0.121 -0.7174 0.686
vn -0 -0.7174 0.6967
vn 0.3483 -0.7175 0.6033
vn 0.2383 -0.7174 0.6547
vn 0.5336 -0.7175 0.4478
vn 0.4478 -0.7174 0.5337
vn 0.6546 -0.7174 0.2383
vn 0.6033 -0.7174 0.3483
vn 0.6861 -0.7174 0.121
vn 0.9848 -0 -0.1736
vn -0.766 -0 -0.6428
vn -1 0 0
vn -0.9848 -0 0.1736
vn -0.6428 0 0.7661
vn 0.6428 -0 0.766
vn 0.0611 0.9979 -0.0222
vn 0.0641 0.9979 -0.0113
vn 0.065 0.9979 0
vn 0.0498 0.9979 -0.0418
vn 0.0563 0.9979 -0.0325
vn 0.0325 0.9979 -0.0563
vn 0.0418 0.9979 -0.0498
vn 0.0113 0.9979 -0.064
vn 0.0222 0.9979 -0.0611
vn -0.0113 0.9979 -0.064
vn -0 0.9979 -0.065
vn -0.0325 0.9979 -0.0563
vn -0.0222 0.9979 -0.0611
vn -0.0498 0.9979 -0.0418
vn -0.0418 0.9979 -0.0498
vn -0.0611 0.9979 -0.0222
vn -0.0563 0.9979 -0.0325
vn -0.065 0.9979 -0
vn -0.0641 0.9979 -0.0113
vn -0.0611 0.9979 0.0222
vn -0.0641 0.9979 0.0113
vn -0.0498 0.9979 0.0418
vn -0.0563 0.9979 0.0325
vn -0.0325 0.9979 0.0563
vn -0.0418 0.9979 0.0498
vn -0.0113 0.9979 0.064
vn -0.0222 0.9979 0.0611
vn 0.0113 0.9979 0.064
vn -0 0.9979 0.065
vn 0.0325 0.9979 0.0563
vn 0.0222 0.9979 0.0611
vn 0.0498 0.9979 0.0418
vn 0.0418 0.9979 0.0498
vn 0.0611 0.9979 0.0222
vn 0.0563 0.9979 0.0325
vn 0.0641 0.9979 0.0113
vn 0.9262 0.1687 -0.3371
vn 0.9707 0.1687 -0.1712
vn 0.9857 0.1687 -0
vn 0.7551 0.1687 -0.6336
vn 0.8536 0.1687 -0.4928
vn 0.4928 0.1687 -0.8536
vn 0.6336 0.1687 -0.7551
vn 0.1712 0.1688 -0.9707
vn 0.3371 0.1687 -0.9262
vn -0.1712 0.1688 -0.9707
vn -0 0.1687 -0.9857
vn -0.4928 0.1688 -0.8536
vn -0.3371 0.1687 -0.9262
vn -0.7551 0.1688 -0.6336
vn -0.6336 0.1687 -0.7551
vn -0.9262 0.1688 -0.3371
vn -0.8536 0.1687 -0.4928
vn -0.9857 0.1687 -0
vn -0.9707 0.1687 -0.1712
vn -0.9262 0.1687 0.3371
vn -0.9707 0.1687 0.1712
vn -0.7551 0.1687 0.6336
vn -0.8536 0.1688 0.4928
vn -0.4928 0.1688 0.8536
vn -0.6336 0.1687 0.7551
vn -0.1712 0.1688 0.9707
vn -0.3371 0.1687 0.9262
vn 0.1712 0.1687 0.9707
vn -0 0.1687 0.9857
vn 0.4928 0.1687 0.8536
vn 0.3371 0.1687 0.9262
vn 0.7551 0.1688 0.6336
vn 0.6336 0.1687 0.7551
vn 0.9262 0.1687 0.3371
vn 0.8536 0.1687 0.4928
vn 0.9707 0.1687 0.1712
vn 0.3547 -0.9329 -0.0625
vn 0.3387 -0.9328 -0.1233
vn 0.3604 -0.9328 0
vn 0.3547 -0.9329 0.0625
vn 0.3387 -0.9328 0.1233
vn 0.3119 -0.9329 0.1801
vn 0.2761 -0.9328 0.2317
vn 0.2315 -0.9329 0.2759
vn 0.1802 -0.9328 0.3121
vn 0.1232 -0.9329 0.3385
vn 0.0626 -0.9328 0.355
vn -0 -0.9329 0.3602
vn -0.0626 -0.9328 0.355
vn -0.1232 -0.9329 0.3385
vn -0.1802 -0.9328 0.3121
vn -0.2315 -0.9329 0.2759
vn -0.2761 -0.9328 0.2317
vn -0.312 -0.9329 0.1801
vn -0.3387 -0.9328 0.1233
vn -0.3547 -0.9329 0.0625
vn -0.3604 -0.9328 -0
vn -0.3547 -0.9329 -0.0625
vn -0.3387 -0.9328 -0.1233
vn -0.312 -0.9329 -0.1801
vn -0.2761 -0.9328 -0.2317
vn -0.2315 -0.9329 -0.2759
vn -0.1802 -0.9328 -0.3121
vn -0.1232 -0.9329 -0.3385
vn -0.0626 -0.9328 -0.355
vn -0 -0.9329 -0.3602
vn 0.0626 -0.9328 -0.355
vn 0.1232 -0.9329 -0.3385
vn 0.1802 -0.9328 -0.3121
vn 0.2315 -0.9329 -0.2759
vn 0.2761 -0.9328 -0.2317
vn 0.3119 -0.9329 -0.1801
vn -0.6428 -0 0.766
vn 0.0999 0.9943 -0.0363
vn 0.1048 0.9943 -0.0185
vn 0.1063 0.9943 0
vn 0.0814 0.9943 -0.0683
vn 0.0921 0.9943 -0.0532
vn 0.0531 0.9943 -0.092
vn 0.0684 0.9943 -0.0815
vn 0.0185 0.9943 -0.1047
vn 0.0364 0.9943 -0.1
vn -0.0185 0.9943 -0.1047
vn -0 0.9943 -0.1064
vn -0.0531 0.9943 -0.092
vn -0.0364 0.9943 -0.1
vn -0.0814 0.9943 -0.0683
vn -0.0684 0.9943 -0.0815
vn -0.0999 0.9943 -0.0363
vn -0.0921 0.9943 -0.0532
vn -0.1063 0.9943 -0
vn -0.1048 0.9943 -0.0185
vn -0.0999 0.9943 0.0363
vn -0.1048 0.9943 0.0185
vn -0.0814 0.9943 0.0683
vn -0.0921 0.9943 0.0532
vn -0.0531 0.9943 0.092
vn -0.0684 0.9943 0.0815
vn -0.0185 0.9943 0.1047
vn -0.0364 0.9943 0.1
vn 0.0185 0.9943 0.1047
vn -0 0.9943 0.1064
vn 0.0531 0.9943 0.092
vn 0.0364 0.9943 0.1
vn 0.0814 0.9943 0.0683
vn 0.0684 0.9943 0.0815
vn 0.0999 0.9943 0.0363
vn 0.0921 0.9943 0.0532
vn 0.1048 0.9943 0.0185
vn 0.9064 0.264 -0.3299
vn 0.9498 0.2641 -0.1675
vn 0.9645 0.2639 -0
vn 0.7389 0.264 -0.62
vn 0.8353 0.2641 -0.4822
vn 0.4823 0.264 -0.8353
vn 0.62 0.2641 -0.7389
vn 0.1675 0.2639 -0.9499
vn 0.3299 0.2641 -0.9063
vn -0.1675 0.264 -0.9499
vn -0 0.264 -0.9645
vn -0.4823 0.2639 -0.8353
vn -0.3299 0.2641 -0.9063
vn -0.7389 0.264 -0.62
vn -0.62 0.2641 -0.7389
vn -0.9064 0.264 -0.3299
vn -0.8353 0.2641 -0.4822
vn -0.9645 0.2639 0
vn -0.9498 0.2641 -0.1675
vn -0.9064 0.264 0.3299
vn -0.9498 0.2641 0.1675
vn -0.7389 0.2639 0.62
vn -0.8353 0.2641 0.4822
vn -0.4823 0.2639 0.8353
vn -0.62 0.2641 0.7389
vn -0.1675 0.2639 0.9499
vn -0.3299 0.2641 0.9063
vn 0.1675 0.2639 0.9499
vn -0 0.264 0.9645
vn 0.4823 0.2639 0.8353
vn 0.3299 0.2641 0.9063
vn 0.7389 0.2639 0.62
vn 0.62 0.2641 0.7389
vn 0.9064 0.2639 0.3299
vn 0.8353 0.2641 0.4823
vn 0.9498 0.2641 0.1675
#end 1196 normals 

#begin 2052 faces
o Cylinder001
usemtl wire_153228184
g Cylinder001
f 1/1/1 2/2/1 3/3/1 4/4/1 
f 2/2/1 5/5/1 6/6/1 3/3/1 
f 7/7/1 4/4/1 3/3/1 6/6/1 
f 8/8/2 9/9/3 10/10/4 11/11/5 
f 9/9/3 12/12/6 13/13/7 10/10/4 
f 14/14/8 15/15/9 10/10/4 13/13/7 
f 15/15/9 16/16/10 11/11/5 10/10/4 
f 12/12/6 17/17/11 18/18/12 13/13/7 
f 17/17/11 19/19/13 20/20/14 18/18/12 
f 21/21/15 22/22/16 18/18/12 20/20/14 
f 22/22/16 14/14/8 13/13/7 18/18/12 
f 19/19/13 23/23/17 24/24/18 20/20/14 
f 23/23/17 25/25/19 26/26/20 24/24/18 
f 27/27/21 28/28/22 24/24/18 26/26/20 
f 28/28/22 21/21/15 20/20/14 24/24/18 
f 25/25/19 29/29/23 30/30/24 26/26/20 
f 29/29/23 31/31/25 32/32/26 30/30/24 
f 33/33/27 34/34/28 30/30/24 32/32/26 
f 34/34/28 27/27/21 26/26/20 30/30/24 
f 31/31/25 35/35/29 36/36/30 32/32/26 
f 35/35/29 37/37/31 38/38/32 36/36/30 
f 39/39/33 40/40/34 36/36/30 38/38/32 
f 40/40/34 33/33/27 32/32/26 36/36/30 
f 37/37/31 41/41/35 42/42/36 38/38/32 
f 41/41/35 43/43/37 44/44/38 42/42/36 
f 45/45/39 46/46/40 42/42/36 44/44/38 
f 46/46/40 39/39/33 38/38/32 42/42/36 
f 43/43/37 47/47/41 48/48/42 44/44/38 
f 47/47/41 49/49/43 50/50/44 48/48/42 
f 51/51/45 52/52/46 48/48/42 50/50/44 
f 52/52/46 45/45/39 44/44/38 48/48/42 
f 49/49/43 53/53/47 54/54/48 50/50/44 
f 53/53/47 55/55/49 56/56/50 54/54/48 
f 57/57/51 58/58/52 54/54/48 56/56/50 
f 58/58/52 51/51/45 50/50/44 54/54/48 
f 55/55/49 59/59/53 60/60/54 56/56/50 
f 59/59/53 61/61/55 62/62/56 60/60/54 
f 63/63/57 64/64/58 60/60/54 62/62/56 
f 64/64/58 57/57/51 56/56/50 60/60/54 
f 61/61/55 65/65/59 66/66/60 62/62/56 
f 65/65/59 67/67/61 68/68/62 66/66/60 
f 69/69/63 70/70/64 66/66/60 68/68/62 
f 70/70/64 63/63/57 62/62/56 66/66/60 
f 67/67/61 71/71/65 72/72/66 68/68/62 
f 71/71/65 73/73/67 74/74/68 72/72/66 
f 75/75/69 76/76/70 72/72/66 74/74/68 
f 76/76/70 69/69/63 68/68/62 72/72/66 
f 73/73/67 77/77/71 78/78/72 74/74/68 
f 77/77/71 79/79/73 80/80/74 78/78/72 
f 81/81/75 82/82/76 78/78/72 80/80/74 
f 82/82/76 75/75/69 74/74/68 78/78/72 
f 79/79/73 83/83/77 84/84/78 80/80/74 
f 83/83/77 85/85/79 86/86/80 84/84/78 
f 87/87/81 88/88/82 84/84/78 86/86/80 
f 88/88/82 81/81/75 80/80/74 84/84/78 
f 85/85/79 89/89/83 90/90/84 86/86/80 
f 89/89/83 91/91/85 92/92/86 90/90/84 
f 93/93/87 94/94/88 90/90/84 92/92/86 
f 94/94/88 87/87/81 86/86/80 90/90/84 
f 91/91/85 95/95/89 96/96/90 92/92/86 
f 95/95/89 97/97/91 98/98/92 96/96/90 
f 99/99/93 100/100/94 96/96/90 98/98/92 
f 100/100/94 93/93/87 92/92/86 96/96/90 
f 97/97/91 101/101/95 102/102/96 98/98/92 
f 101/101/95 103/103/97 104/104/98 102/102/96 
f 105/105/99 106/106/100 102/102/96 104/104/98 
f 106/106/100 99/99/93 98/98/92 102/102/96 
f 103/103/97 107/107/101 108/108/102 104/104/98 
f 107/107/101 109/109/103 110/110/104 108/108/102 
f 111/111/105 112/112/106 108/108/102 110/110/104 
f 112/112/106 105/105/99 104/104/98 108/108/102 
f 109/109/103 113/113/107 114/114/108 110/110/104 
f 113/113/107 8/8/2 11/11/5 114/114/108 
f 16/16/10 115/115/109 114/114/108 11/11/5 
f 115/115/109 111/111/105 110/110/104 114/114/108 
f 16/16/10 15/15/9 116/116/9 117/117/10 
f 15/15/9 14/14/8 118/118/8 116/116/9 
f 119/119/8 120/120/9 116/116/9 118/118/8 
f 120/120/9 121/121/10 117/117/10 116/116/9 
f 14/14/8 22/22/16 122/122/16 118/118/8 
f 22/22/16 21/21/15 123/123/15 122/122/16 
f 124/124/15 125/125/16 122/122/16 123/123/15 
f 125/125/16 119/119/8 118/118/8 122/122/16 
f 21/21/15 28/28/22 126/126/22 123/123/15 
f 28/28/22 27/27/21 127/127/21 126/126/22 
f 128/128/21 129/129/22 126/126/22 127/127/21 
f 129/129/22 124/124/15 123/123/15 126/126/22 
f 27/27/21 34/34/28 130/130/28 127/127/21 
f 34/34/28 33/33/27 131/131/27 130/130/28 
f 132/132/27 133/133/28 130/130/28 131/131/27 
f 133/133/28 128/128/21 127/127/21 130/130/28 
f 33/33/27 40/40/34 134/134/110 131/131/27 
f 40/40/34 39/39/33 135/135/33 134/134/110 
f 136/136/33 137/137/34 134/134/110 135/135/33 
f 137/137/34 132/132/27 131/131/27 134/134/110 
f 39/39/33 46/46/40 138/138/40 135/135/33 
f 46/46/40 45/45/39 139/139/39 138/138/40 
f 140/140/39 141/141/40 138/138/40 139/139/39 
f 141/141/40 136/136/33 135/135/33 138/138/40 
f 45/45/39 52/52/46 142/142/46 139/139/39 
f 52/52/46 51/51/45 143/143/45 142/142/46 
f 144/144/45 145/145/46 142/142/46 143/143/45 
f 145/145/46 140/140/39 139/139/39 142/142/46 
f 51/51/45 58/58/52 146/146/52 143/143/45 
f 58/58/52 57/57/51 147/147/51 146/146/52 
f 148/148/111 149/149/52 146/146/52 147/147/51 
f 149/149/52 144/144/45 143/143/45 146/146/52 
f 57/57/51 64/64/58 150/150/58 147/147/51 
f 64/64/58 63/63/57 151/151/112 150/150/58 
f 152/152/112 153/153/58 150/150/58 151/151/112 
f 153/153/58 148/148/111 147/147/51 150/150/58 
f 63/63/57 70/70/64 154/154/64 151/151/112 
f 70/70/64 69/69/63 155/155/63 154/154/64 
f 156/156/63 157/157/64 154/154/64 155/155/63 
f 157/157/64 152/152/112 151/151/112 154/154/64 
f 69/69/63 76/76/70 158/158/70 155/155/63 
f 76/76/70 75/75/69 159/159/69 158/158/70 
f 160/160/113 161/161/70 158/158/70 159/159/69 
f 161/161/70 156/156/63 155/155/63 158/158/70 
f 75/75/69 82/82/76 162/162/76 159/159/69 
f 82/82/76 81/81/75 163/163/75 162/162/76 
f 164/164/75 165/165/76 162/162/76 163/163/75 
f 165/165/76 160/160/113 159/159/69 162/162/76 
f 81/81/75 88/88/82 166/166/82 163/163/75 
f 88/88/82 87/87/81 167/167/81 166/166/82 
f 168/168/81 169/169/82 166/166/82 167/167/81 
f 169/169/82 164/164/75 163/163/75 166/166/82 
f 87/87/81 94/94/88 170/170/88 167/167/81 
f 94/94/88 93/93/87 171/171/87 170/170/88 
f 172/172/87 173/173/88 170/170/88 171/171/87 
f 173/173/88 168/168/81 167/167/81 170/170/88 
f 93/93/87 100/100/94 174/174/94 171/171/87 
f 100/100/94 99/99/93 175/175/114 174/174/94 
f 176/176/114 177/177/94 174/174/94 175/175/114 
f 177/177/94 172/172/87 171/171/87 174/174/94 
f 99/99/93 106/106/100 178/178/100 175/175/114 
f 106/106/100 105/105/99 179/179/99 178/178/100 
f 180/180/99 181/181/100 178/178/100 179/179/99 
f 181/181/100 176/176/114 175/175/114 178/178/100 
f 105/105/99 112/112/106 182/182/106 179/179/99 
f 112/112/106 111/111/105 183/183/105 182/182/106 
f 184/184/105 185/185/106 182/182/106 183/183/105 
f 185/185/106 180/180/99 179/179/99 182/182/106 
f 111/111/105 115/115/109 186/186/109 183/183/105 
f 115/115/109 16/16/10 117/117/10 186/186/109 
f 121/121/10 187/187/109 186/186/109 117/117/10 
f 187/187/109 184/184/105 183/183/105 186/186/109 
f 121/121/10 120/120/9 188/188/9 189/189/115 
f 120/120/9 119/119/8 190/190/8 188/188/9 
f 191/191/8 192/192/9 188/188/9 190/190/8 
f 192/192/9 193/193/115 189/189/115 188/188/9 
f 119/119/8 125/125/16 194/194/16 190/190/8 
f 125/125/16 124/124/15 195/195/15 194/194/16 
f 196/196/15 197/197/16 194/194/16 195/195/15 
f 197/197/16 191/191/8 190/190/8 194/194/16 
f 124/124/15 129/129/22 198/198/22 195/195/15 
f 129/129/22 128/128/21 199/199/21 198/198/22 
f 200/200/21 201/201/22 198/198/22 199/199/21 
f 201/201/22 196/196/15 195/195/15 198/198/22 
f 128/128/21 133/133/28 202/202/28 199/199/21 
f 133/133/28 132/132/27 203/203/27 202/202/28 
f 204/204/27 205/205/28 202/202/28 203/203/27 
f 205/205/28 200/200/21 199/199/21 202/202/28 
f 132/132/27 137/137/34 206/206/110 203/203/27 
f 137/137/34 136/136/33 207/207/33 206/206/110 
f 208/208/33 209/209/34 206/206/110 207/207/33 
f 209/209/34 204/204/27 203/203/27 206/206/110 
f 136/136/33 141/141/40 210/210/40 207/207/33 
f 141/141/40 140/140/39 211/211/39 210/210/40 
f 212/212/39 213/213/40 210/210/40 211/211/39 
f 213/213/40 208/208/33 207/207/33 210/210/40 
f 140/140/39 145/145/46 214/214/46 211/211/39 
f 145/145/46 144/144/45 215/215/45 214/214/46 
f 216/216/45 217/217/46 214/214/46 215/215/45 
f 217/217/46 212/212/39 211/211/39 214/214/46 
f 144/144/45 149/149/52 218/218/52 215/215/45 
f 149/149/52 148/148/111 219/219/111 218/218/52 
f 220/220/111 221/221/52 218/218/52 219/219/111 
f 221/221/52 216/216/45 215/215/45 218/218/52 
f 148/148/111 153/153/58 222/222/58 219/219/111 
f 153/153/58 152/152/112 223/223/112 222/222/58 
f 224/224/112 225/225/58 222/222/58 223/223/112 
f 225/225/58 220/220/111 219/219/111 222/222/58 
f 152/152/112 157/157/64 226/226/64 223/223/112 
f 157/157/64 156/156/63 227/227/63 226/226/64 
f 228/228/63 229/229/64 226/226/64 227/227/63 
f 229/229/64 224/224/112 223/223/112 226/226/64 
f 156/156/63 161/161/70 230/230/70 227/227/63 
f 161/161/70 160/160/113 231/231/113 230/230/70 
f 232/232/113 233/233/70 230/230/70 231/231/113 
f 233/233/70 228/228/63 227/227/63 230/230/70 
f 160/160/113 165/165/76 234/234/76 231/231/113 
f 165/165/76 164/164/75 235/235/75 234/234/76 
f 236/236/75 237/237/76 234/234/76 235/235/75 
f 237/237/76 232/232/113 231/231/113 234/234/76 
f 164/164/75 169/169/82 238/238/82 235/235/75 
f 169/169/82 168/168/81 239/239/81 238/238/82 
f 240/240/81 241/241/82 238/238/82 239/239/81 
f 241/241/82 236/236/75 235/235/75 238/238/82 
f 168/168/81 173/173/88 242/242/88 239/239/81 
f 173/173/88 172/172/87 243/243/87 242/242/88 
f 244/244/87 245/245/88 242/242/88 243/243/87 
f 245/245/88 240/240/81 239/239/81 242/242/88 
f 172/172/87 177/177/94 246/246/94 243/243/87 
f 177/177/94 176/176/114 247/247/114 246/246/94 
f 248/248/114 249/249/94 246/246/94 247/247/114 
f 249/249/94 244/244/87 243/243/87 246/246/94 
f 176/176/114 181/181/100 250/250/100 247/247/114 
f 181/181/100 180/180/99 251/251/99 250/250/100 
f 252/252/99 253/253/100 250/250/100 251/251/99 
f 253/253/100 248/248/114 247/247/114 250/250/100 
f 180/180/99 185/185/106 254/254/106 251/251/99 
f 185/185/106 184/184/105 255/255/105 254/254/106 
f 256/256/105 257/257/106 254/254/106 255/255/105 
f 257/257/106 252/252/99 251/251/99 254/254/106 
f 184/184/105 187/187/109 258/258/116 255/255/105 
f 187/187/109 121/121/10 189/189/115 258/258/116 
f 193/193/115 259/259/116 258/258/116 189/189/115 
f 259/259/116 256/256/105 255/255/105 258/258/116 
f 193/193/115 192/192/9 260/260/9 261/261/115 
f 192/192/9 191/191/8 262/262/8 260/260/9 
f 263/263/8 264/264/9 260/260/9 262/262/8 
f 264/264/9 265/265/115 261/261/115 260/260/9 
f 191/191/8 197/197/16 266/266/16 262/262/8 
f 197/197/16 196/196/15 267/267/15 266/266/16 
f 268/268/117 269/269/16 266/266/16 267/267/15 
f 269/269/16 263/263/8 262/262/8 266/266/16 
f 196/196/15 201/201/22 270/270/22 267/267/15 
f 201/201/22 200/200/21 271/271/21 270/270/22 
f 272/272/21 273/273/22 270/270/22 271/271/21 
f 273/273/22 268/268/117 267/267/15 270/270/22 
f 200/200/21 205/205/28 274/274/28 271/271/21 
f 205/205/28 204/204/27 275/275/27 274/274/28 
f 276/276/118 277/277/28 274/274/28 275/275/27 
f 277/277/28 272/272/21 271/271/21 274/274/28 
f 204/204/27 209/209/34 278/278/110 275/275/27 
f 209/209/34 208/208/33 279/279/33 278/278/110 
f 280/280/33 281/281/34 278/278/110 279/279/33 
f 281/281/34 276/276/118 275/275/27 278/278/110 
f 208/208/33 213/213/40 282/282/40 279/279/33 
f 213/213/40 212/212/39 283/283/39 282/282/40 
f 284/284/119 285/285/40 282/282/40 283/283/39 
f 285/285/40 280/280/33 279/279/33 282/282/40 
f 212/212/39 217/217/46 286/286/46 283/283/39 
f 217/217/46 216/216/45 287/287/45 286/286/46 
f 288/288/45 289/289/46 286/286/46 287/287/45 
f 289/289/46 284/284/119 283/283/39 286/286/46 
f 216/216/45 221/221/52 290/290/52 287/287/45 
f 221/221/52 220/220/111 291/291/111 290/290/52 
f 292/292/51 293/293/52 290/290/52 291/291/111 
f 293/293/52 288/288/45 287/287/45 290/290/52 
f 220/220/111 225/225/58 294/294/58 291/291/111 
f 225/225/58 224/224/112 295/295/112 294/294/58 
f 296/296/57 297/297/58 294/294/58 295/295/112 
f 297/297/58 292/292/51 291/291/111 294/294/58 
f 224/224/112 229/229/64 298/298/64 295/295/112 
f 229/229/64 228/228/63 299/299/63 298/298/64 
f 300/300/63 301/301/64 298/298/64 299/299/63 
f 301/301/64 296/296/57 295/295/112 298/298/64 
f 228/228/63 233/233/70 302/302/70 299/299/63 
f 233/233/70 232/232/113 303/303/113 302/302/70 
f 304/304/69 305/305/70 302/302/70 303/303/113 
f 305/305/70 300/300/63 299/299/63 302/302/70 
f 232/232/113 237/237/76 306/306/76 303/303/113 
f 237/237/76 236/236/75 307/307/75 306/306/76 
f 308/308/120 309/309/76 306/306/76 307/307/75 
f 309/309/76 304/304/69 303/303/113 306/306/76 
f 236/236/75 241/241/82 310/310/82 307/307/75 
f 241/241/82 240/240/81 311/311/81 310/310/82 
f 312/312/121 313/313/122 310/310/82 311/311/81 
f 313/313/122 308/308/120 307/307/75 310/310/82 
f 240/240/81 245/245/88 314/314/88 311/311/81 
f 245/245/88 244/244/87 315/315/87 314/314/88 
f 316/316/87 317/317/88 314/314/88 315/315/87 
f 317/317/88 312/312/121 311/311/81 314/314/88 
f 244/244/87 249/249/94 318/318/94 315/315/87 
f 249/249/94 248/248/114 319/319/114 318/318/94 
f 320/320/93 321/321/94 318/318/94 319/319/114 
f 321/321/94 316/316/87 315/315/87 318/318/94 
f 248/248/114 253/253/100 322/322/100 319/319/114 
f 253/253/100 252/252/99 323/323/99 322/322/100 
f 324/324/99 325/325/100 322/322/100 323/323/99 
f 325/325/100 320/320/93 319/319/114 322/322/100 
f 252/252/99 257/257/106 326/326/106 323/323/99 
f 257/257/106 256/256/105 327/327/105 326/326/106 
f 328/328/123 329/329/106 326/326/106 327/327/105 
f 329/329/106 324/324/99 323/323/99 326/326/106 
f 256/256/105 259/259/116 330/330/116 327/327/105 
f 259/259/116 193/193/115 261/261/115 330/330/116 
f 265/265/115 331/331/116 330/330/116 261/261/115 
f 331/331/116 328/328/123 327/327/105 330/330/116 
f 265/265/115 264/264/9 332/332/9 333/333/10 
f 264/264/9 263/263/8 334/334/8 332/332/9 
f 335/335/124 336/336/9 332/332/9 334/334/8 
f 336/336/9 337/337/115 333/333/10 332/332/9 
f 263/263/8 269/269/16 338/338/16 334/334/8 
f 269/269/16 268/268/117 339/339/117 338/338/16 
f 340/340/117 341/341/16 338/338/16 339/339/117 
f 341/341/16 335/335/124 334/334/8 338/338/16 
f 268/268/117 273/273/22 342/342/22 339/339/117 
f 273/273/22 272/272/21 343/343/21 342/342/22 
f 344/344/21 345/345/22 342/342/22 343/343/21 
f 345/345/22 340/340/117 339/339/117 342/342/22 
f 272/272/21 277/277/28 346/346/28 343/343/21 
f 277/277/28 276/276/118 347/347/27 346/346/28 
f 348/348/118 349/349/28 346/346/28 347/347/27 
f 349/349/28 344/344/21 343/343/21 346/346/28 
f 276/276/118 281/281/34 350/350/110 347/347/27 
f 281/281/34 280/280/33 351/351/33 350/350/110 
f 352/352/125 353/353/110 350/350/110 351/351/33 
f 353/353/110 348/348/118 347/347/27 350/350/110 
f 280/280/33 285/285/40 354/354/40 351/351/33 
f 285/285/40 284/284/119 355/355/39 354/354/40 
f 356/356/119 357/357/40 354/354/40 355/355/39 
f 357/357/40 352/352/125 351/351/33 354/354/40 
f 284/284/119 289/289/46 358/358/46 355/355/39 
f 289/289/46 288/288/45 359/359/45 358/358/46 
f 360/360/45 361/361/46 358/358/46 359/359/45 
f 361/361/46 356/356/119 355/355/39 358/358/46 
f 288/288/45 293/293/52 362/362/52 359/359/45 
f 293/293/52 292/292/51 363/363/111 362/362/52 
f 364/364/51 365/365/52 362/362/52 363/363/111 
f 365/365/52 360/360/45 359/359/45 362/362/52 
f 292/292/51 297/297/58 366/366/126 363/363/111 
f 297/297/58 296/296/57 367/367/112 366/366/126 
f 368/368/57 369/369/126 366/366/126 367/367/112 
f 369/369/126 364/364/51 363/363/111 366/366/126 
f 296/296/57 301/301/64 370/370/64 367/367/112 
f 301/301/64 300/300/63 371/371/63 370/370/64 
f 372/372/63 373/373/64 370/370/64 371/371/63 
f 373/373/64 368/368/57 367/367/112 370/370/64 
f 300/300/63 305/305/70 374/374/127 371/371/63 
f 305/305/70 304/304/69 375/375/113 374/374/127 
f 376/376/69 377/377/127 374/374/127 375/375/113 
f 377/377/127 372/372/63 371/371/63 374/374/127 
f 304/304/69 309/309/76 378/378/76 375/375/113 
f 309/309/76 308/308/120 379/379/75 378/378/76 
f 380/380/120 381/381/76 378/378/76 379/379/75 
f 381/381/76 376/376/69 375/375/113 378/378/76 
f 308/308/120 313/313/122 382/382/122 379/379/75 
f 313/313/122 312/312/121 383/383/81 382/382/122 
f 384/384/128 385/385/82 382/382/122 383/383/81 
f 385/385/82 380/380/120 379/379/75 382/382/122 
f 312/312/121 317/317/88 386/386/88 383/383/81 
f 317/317/88 316/316/87 387/387/129 386/386/88 
f 388/388/130 389/389/88 386/386/88 387/387/129 
f 389/389/88 384/384/128 383/383/81 386/386/88 
f 316/316/87 321/321/94 390/390/94 387/387/129 
f 321/321/94 320/320/93 391/391/114 390/390/94 
f 392/392/93 393/393/94 390/390/94 391/391/114 
f 393/393/94 388/388/130 387/387/129 390/390/94 
f 320/320/93 325/325/100 394/394/100 391/391/114 
f 325/325/100 324/324/99 395/395/99 394/394/100 
f 396/396/99 397/397/100 394/394/100 395/395/99 
f 397/397/100 392/392/93 391/391/114 394/394/100 
f 324/324/99 329/329/106 398/398/106 395/395/99 
f 329/329/106 328/328/123 399/399/105 398/398/106 
f 400/400/123 401/401/106 398/398/106 399/399/105 
f 401/401/106 396/396/99 395/395/99 398/398/106 
f 328/328/123 331/331/116 402/402/109 399/399/105 
f 331/331/116 265/265/115 333/333/10 402/402/109 
f 337/337/115 403/403/116 402/402/109 333/333/10 
f 403/403/116 400/400/123 399/399/105 402/402/109 
f 404/404/131 405/405/131 406/406/132 407/407/131 
f 405/405/131 408/408/131 409/409/131 406/406/132 
f 410/410/133 407/407/131 406/406/132 409/409/131 
f 411/411/134 412/412/135 413/413/136 414/414/137 
f 412/412/135 415/415/138 416/416/139 413/413/136 
f 417/417/133 418/418/131 413/413/136 416/416/139 
f 418/418/131 419/419/131 414/414/137 413/413/136 
f 415/415/138 420/420/140 421/421/141 416/416/139 
f 420/420/140 422/422/142 423/423/143 421/421/141 
f 424/424/133 425/425/131 421/421/141 423/423/143 
f 425/425/131 417/417/133 416/416/139 421/421/141 
f 422/422/142 426/426/144 427/427/145 423/423/143 
f 426/426/144 428/428/146 429/429/147 427/427/145 
f 430/430/133 431/431/131 427/427/145 429/429/147 
f 431/431/131 424/424/133 423/423/143 427/427/145 
f 428/428/146 432/432/148 433/433/149 429/429/147 
f 432/432/148 434/434/150 435/435/151 433/433/149 
f 436/436/133 437/437/131 433/433/149 435/435/151 
f 437/437/131 430/430/133 429/429/147 433/433/149 
f 434/434/150 438/438/152 439/439/153 435/435/151 
f 438/438/152 440/440/154 441/441/155 439/439/153 
f 442/442/156 443/443/131 439/439/153 441/441/155 
f 443/443/131 436/436/133 435/435/151 439/439/153 
f 440/440/154 444/444/157 445/445/158 441/441/155 
f 444/444/157 446/446/159 447/447/160 445/445/158 
f 448/448/156 449/449/132 445/445/158 447/447/160 
f 449/449/132 442/442/156 441/441/155 445/445/158 
f 446/446/159 450/450/161 451/451/162 447/447/160 
f 450/450/161 452/452/163 453/453/164 451/451/162 
f 454/454/156 455/455/132 451/451/162 453/453/164 
f 455/455/132 448/448/156 447/447/160 451/451/162 
f 452/452/163 456/456/165 457/457/166 453/453/164 
f 456/456/165 458/458/167 459/459/168 457/457/166 
f 460/460/156 461/461/132 457/457/166 459/459/168 
f 461/461/132 454/454/156 453/453/164 457/457/166 
f 458/458/167 462/462/169 463/463/170 459/459/168 
f 462/462/169 464/464/171 465/465/172 463/463/170 
f 466/466/156 467/467/133 463/463/170 465/465/172 
f 467/467/133 460/460/156 459/459/168 463/463/170 
f 464/464/171 468/468/173 469/469/174 465/465/172 
f 468/468/173 470/470/175 471/471/176 469/469/174 
f 472/472/132 473/473/156 469/469/174 471/471/176 
f 473/473/156 466/466/156 465/465/172 469/469/174 
f 470/470/175 474/474/177 475/475/178 471/471/176 
f 474/474/177 476/476/179 477/477/180 475/475/178 
f 478/478/132 479/479/131 475/475/178 477/477/180 
f 479/479/131 472/472/132 471/471/176 475/475/178 
f 476/476/179 480/480/181 481/481/182 477/477/180 
f 480/480/181 482/482/183 483/483/184 481/481/182 
f 484/484/132 485/485/156 481/481/182 483/483/184 
f 485/485/156 478/478/132 477/477/180 481/481/182 
f 482/482/183 486/486/185 487/487/186 483/483/184 
f 486/486/185 488/488/187 489/489/188 487/487/186 
f 490/490/132 491/491/156 487/487/186 489/489/188 
f 491/491/156 484/484/132 483/483/184 487/487/186 
f 488/488/187 492/492/189 493/493/190 489/489/188 
f 492/492/189 494/2127/191 495/495/192 493/493/190 
f 496/496/131 497/497/131 493/493/190 495/495/192 
f 497/497/131 490/490/132 489/489/188 493/493/190 
f 494/494/191 498/498/193 499/499/194 495/2130/192 
f 498/498/193 500/500/195 501/501/196 499/499/194 
f 502/502/131 503/503/133 499/499/194 501/501/196 
f 503/503/133 496/2133/131 495/2130/192 499/499/194 
f 500/500/195 504/504/197 505/505/198 501/501/196 
f 504/504/197 506/506/199 507/507/200 505/505/198 
f 508/508/131 509/509/132 505/505/198 507/507/200 
f 509/509/132 502/502/131 501/501/196 505/505/198 
f 506/506/199 510/510/201 511/511/202 507/507/200 
f 510/510/201 512/2076/203 513/513/204 511/511/202 
f 514/514/131 515/515/133 511/511/202 513/513/204 
f 515/515/133 508/508/131 507/507/200 511/511/202 
f 512/2076/203 516/516/205 517/517/206 513/513/204 
f 516/516/205 411/411/134 414/414/137 517/517/206 
f 419/419/131 518/518/133 517/517/206 414/414/137 
f 518/518/133 514/514/131 513/513/204 517/517/206 
f 519/519/207 520/520/208 521/521/209 522/522/210 
f 520/520/208 523/523/211 524/524/212 521/521/209 
f 525/525/8 526/526/9 521/521/209 524/524/212 
f 526/526/9 527/527/213 522/522/210 521/521/209 
f 523/523/211 528/528/214 529/529/215 524/524/212 
f 528/528/214 530/530/216 531/531/217 529/529/215 
f 532/532/15 533/533/16 529/529/215 531/531/217 
f 533/533/16 525/525/8 524/524/212 529/529/215 
f 530/530/216 534/534/218 535/535/219 531/531/217 
f 534/534/218 536/536/220 537/537/221 535/535/219 
f 538/538/222 539/539/22 535/535/219 537/537/221 
f 539/539/22 532/532/15 531/531/217 535/535/219 
f 536/536/220 540/540/223 541/541/224 537/537/221 
f 540/540/223 542/542/225 543/543/226 541/541/224 
f 544/544/118 545/545/28 541/541/224 543/543/226 
f 545/545/28 538/538/222 537/537/221 541/541/224 
f 542/542/225 546/546/227 547/547/228 543/543/226 
f 546/546/227 548/548/229 549/549/230 547/547/228 
f 550/550/231 551/551/110 547/547/228 549/549/230 
f 551/551/110 544/544/118 543/543/226 547/547/228 
f 548/548/229 552/552/232 553/553/233 549/549/230 
f 552/552/232 554/554/234 555/555/235 553/553/233 
f 556/556/119 557/557/40 553/553/233 555/555/235 
f 557/557/40 550/550/231 549/549/230 553/553/233 
f 554/554/234 558/558/236 559/559/237 555/555/235 
f 558/558/236 560/560/238 561/561/239 559/559/237 
f 562/562/45 563/563/46 559/559/237 561/561/239 
f 563/563/46 556/556/119 555/555/235 559/559/237 
f 560/560/238 564/564/240 565/565/241 561/561/239 
f 564/564/240 566/566/242 567/567/243 565/565/241 
f 568/568/111 569/569/52 565/565/241 567/567/243 
f 569/569/52 562/562/45 561/561/239 565/565/241 
f 566/566/242 570/570/244 571/571/245 567/567/243 
f 570/570/244 572/572/246 573/573/247 571/571/245 
f 574/574/57 575/575/58 571/571/245 573/573/247 
f 575/575/58 568/568/111 567/567/243 571/571/245 
f 572/572/246 576/576/248 577/577/249 573/573/247 
f 576/576/248 578/578/250 579/579/251 577/577/249 
f 580/580/252 581/581/64 577/577/249 579/579/251 
f 581/581/64 574/574/57 573/573/247 577/577/249 
f 578/578/250 582/582/253 583/583/254 579/579/251 
f 582/582/253 584/584/255 585/585/256 583/583/254 
f 586/586/113 587/587/70 583/583/254 585/585/256 
f 587/587/70 580/580/252 579/579/251 583/583/254 
f 584/584/255 588/588/257 589/589/258 585/585/256 
f 588/588/257 590/590/259 591/591/260 589/589/258 
f 592/592/120 593/593/76 589/589/258 591/591/260 
f 593/593/76 586/586/113 585/585/256 589/589/258 
f 590/590/259 594/594/261 595/595/262 591/591/260 
f 594/594/261 596/596/263 597/597/264 595/595/262 
f 598/598/121 599/599/82 595/595/262 597/597/264 
f 599/599/82 592/592/120 591/591/260 595/595/262 
f 596/596/263 600/600/265 601/601/266 597/597/264 
f 600/600/265 602/602/267 603/603/268 601/601/266 
f 604/604/129 605/605/88 601/601/266 603/603/268 
f 605/605/88 598/598/121 597/597/264 601/601/266 
f 602/2135/267 606/606/269 607/607/270 603/2134/268 
f 606/606/269 608/608/271 609/609/272 607/607/270 
f 610/610/114 611/611/94 607/607/270 609/609/272 
f 611/611/94 604/2129/129 603/2134/268 607/607/270 
f 608/608/271 612/612/273 613/613/274 609/609/272 
f 612/612/273 614/614/275 615/615/276 613/613/274 
f 616/616/277 617/617/100 613/613/274 615/615/276 
f 617/617/100 610/610/114 609/609/272 613/613/274 
f 614/614/275 618/618/278 619/619/279 615/615/276 
f 618/618/278 620/620/280 621/621/281 619/619/279 
f 622/622/105 623/623/106 619/619/279 621/621/281 
f 623/623/106 616/616/277 615/615/276 619/619/279 
f 620/620/280 624/624/282 625/625/283 621/621/281 
f 624/624/282 519/519/207 522/522/210 625/625/283 
f 527/527/213 626/626/116 625/625/283 522/522/210 
f 626/626/116 622/622/105 621/621/281 625/625/283 
f 527/527/213 526/526/9 627/627/284 628/628/285 
f 526/526/9 525/525/8 629/629/286 627/627/284 
f 630/630/287 631/631/288 627/627/284 629/629/286 
f 631/631/288 632/632/289 628/628/285 627/627/284 
f 525/525/8 533/533/16 633/633/290 629/629/286 
f 533/533/16 532/532/15 634/634/291 633/633/290 
f 635/635/292 636/636/293 633/633/290 634/634/291 
f 636/636/293 630/630/287 629/629/286 633/633/290 
f 532/532/15 539/539/22 637/637/294 634/634/291 
f 539/539/22 538/538/222 638/638/295 637/637/294 
f 639/639/296 640/640/297 637/637/294 638/638/295 
f 640/640/297 635/635/292 634/634/291 637/637/294 
f 538/538/222 545/545/28 641/641/298 638/638/295 
f 545/545/28 544/544/118 642/642/299 641/641/298 
f 643/643/300 644/644/301 641/641/298 642/642/299 
f 644/644/301 639/639/296 638/638/295 641/641/298 
f 544/544/118 551/551/110 645/645/302 642/642/299 
f 551/551/110 550/550/231 646/646/303 645/645/302 
f 647/647/304 648/648/305 645/645/302 646/646/303 
f 648/648/305 643/643/300 642/642/299 645/645/302 
f 550/550/231 557/557/40 649/649/306 646/646/303 
f 557/557/40 556/556/119 650/650/307 649/649/306 
f 651/651/308 652/652/309 649/649/306 650/650/307 
f 652/652/309 647/647/304 646/646/303 649/649/306 
f 556/556/119 563/563/46 653/653/310 650/650/307 
f 563/563/46 562/562/45 654/654/311 653/653/310 
f 655/655/312 656/656/313 653/653/310 654/654/311 
f 656/656/313 651/651/308 650/650/307 653/653/310 
f 562/562/45 569/569/52 657/657/314 654/654/311 
f 569/569/52 568/568/111 658/658/315 657/657/314 
f 659/659/316 660/660/317 657/657/314 658/658/315 
f 660/660/317 655/655/312 654/654/311 657/657/314 
f 568/568/111 575/575/58 661/661/318 658/658/315 
f 575/575/58 574/574/57 662/662/319 661/661/318 
f 663/663/320 664/664/321 661/661/318 662/662/319 
f 664/664/321 659/659/316 658/658/315 661/661/318 
f 574/574/57 581/581/64 665/665/322 662/662/319 
f 581/581/64 580/580/252 666/666/323 665/665/322 
f 667/667/324 668/668/325 665/665/322 666/666/323 
f 668/668/325 663/663/320 662/662/319 665/665/322 
f 580/580/252 587/587/70 669/669/326 666/666/323 
f 587/587/70 586/586/113 670/670/327 669/669/326 
f 671/671/328 672/672/329 669/669/326 670/670/327 
f 672/672/329 667/667/324 666/666/323 669/669/326 
f 586/586/113 593/593/76 673/673/330 670/670/327 
f 593/593/76 592/592/120 674/674/331 673/673/330 
f 675/675/332 676/676/333 673/673/330 674/674/331 
f 676/676/333 671/671/328 670/670/327 673/673/330 
f 592/592/120 599/599/82 677/677/334 674/674/331 
f 599/599/82 598/598/121 678/678/335 677/677/334 
f 679/679/336 680/680/337 677/677/334 678/678/335 
f 680/680/337 675/675/332 674/674/331 677/677/334 
f 598/598/121 605/605/88 681/681/338 678/678/335 
f 605/605/88 604/604/129 682/682/339 681/681/338 
f 683/683/340 684/684/341 681/681/338 682/682/339 
f 684/684/341 679/679/336 678/678/335 681/681/338 
f 604/2129/129 611/611/94 685/685/342 682/2138/339 
f 611/611/94 610/610/114 686/686/343 685/685/342 
f 687/687/344 688/688/345 685/685/342 686/686/343 
f 688/688/345 683/2132/340 682/2138/339 685/685/342 
f 610/610/114 617/617/100 689/689/346 686/686/343 
f 617/617/100 616/616/277 690/690/347 689/689/346 
f 691/691/348 692/692/349 689/689/346 690/690/347 
f 692/692/349 687/687/344 686/686/343 689/689/346 
f 616/616/277 623/623/106 693/693/350 690/690/347 
f 623/623/106 622/622/105 694/694/351 693/693/350 
f 695/695/352 696/696/353 693/693/350 694/694/351 
f 696/696/353 691/691/348 690/690/347 693/693/350 
f 622/622/105 626/626/116 697/697/354 694/694/351 
f 626/626/116 527/527/213 628/628/285 697/697/354 
f 632/632/289 698/698/355 697/697/354 628/628/285 
f 698/698/355 695/695/352 694/694/351 697/697/354 
f 632/632/289 631/631/288 699/699/288 700/700/289 
f 631/631/288 630/630/287 701/701/287 699/699/288 
f 702/702/287 703/703/288 699/699/288 701/701/287 
f 703/703/288 704/704/289 700/700/289 699/699/288 
f 630/630/287 636/636/293 705/705/293 701/701/287 
f 636/636/293 635/635/292 706/706/292 705/705/293 
f 707/707/292 708/708/293 705/705/293 706/706/292 
f 708/708/293 702/702/287 701/701/287 705/705/293 
f 635/635/292 640/640/297 709/709/297 706/706/292 
f 640/640/297 639/639/296 710/710/296 709/709/297 
f 711/711/296 712/712/297 709/709/297 710/710/296 
f 712/712/297 707/707/292 706/706/292 709/709/297 
f 639/639/296 644/644/301 713/713/301 710/710/296 
f 644/644/301 643/643/300 714/714/300 713/713/301 
f 715/715/300 716/716/301 713/713/301 714/714/300 
f 716/716/301 711/711/296 710/710/296 713/713/301 
f 643/643/300 648/648/305 717/717/305 714/714/300 
f 648/648/305 647/647/304 718/718/304 717/717/305 
f 719/719/304 720/720/305 717/717/305 718/718/304 
f 720/720/305 715/715/300 714/714/300 717/717/305 
f 647/647/304 652/652/309 721/721/309 718/718/304 
f 652/652/309 651/651/308 722/722/308 721/721/309 
f 723/723/308 724/724/309 721/721/309 722/722/308 
f 724/724/309 719/719/304 718/718/304 721/721/309 
f 651/651/308 656/656/313 725/725/313 722/722/308 
f 656/656/313 655/655/312 726/726/312 725/725/313 
f 727/727/312 728/728/313 725/725/313 726/726/312 
f 728/728/313 723/723/308 722/722/308 725/725/313 
f 655/655/312 660/660/317 729/729/317 726/726/312 
f 660/660/317 659/659/316 730/730/316 729/729/317 
f 731/731/316 732/732/317 729/729/317 730/730/316 
f 732/732/317 727/727/312 726/726/312 729/729/317 
f 659/659/316 664/664/321 733/733/321 730/730/316 
f 664/664/321 663/663/320 734/734/356 733/733/321 
f 735/735/320 736/736/321 733/733/321 734/734/356 
f 736/736/321 731/731/316 730/730/316 733/733/321 
f 663/663/320 668/668/325 737/737/325 734/734/356 
f 668/668/325 667/667/324 738/738/324 737/737/325 
f 739/739/324 740/740/325 737/737/325 738/738/324 
f 740/740/325 735/735/320 734/734/356 737/737/325 
f 667/667/324 672/672/329 741/741/329 738/738/324 
f 672/672/329 671/671/328 742/742/328 741/741/329 
f 743/743/328 744/744/329 741/741/329 742/742/328 
f 744/744/329 739/739/324 738/738/324 741/741/329 
f 671/671/328 676/676/333 745/745/333 742/742/328 
f 676/676/333 675/675/332 746/746/332 745/745/333 
f 747/747/332 748/748/333 745/745/333 746/746/332 
f 748/748/333 743/743/328 742/742/328 745/745/333 
f 675/675/332 680/680/337 749/749/337 746/746/332 
f 680/680/337 679/679/336 750/750/336 749/749/337 
f 751/751/336 752/752/337 749/749/337 750/750/336 
f 752/752/337 747/747/332 746/746/332 749/749/337 
f 679/679/336 684/684/341 753/753/341 750/750/336 
f 684/684/341 683/683/340 754/754/340 753/753/341 
f 755/755/340 756/756/341 753/753/341 754/754/340 
f 756/756/341 751/751/336 750/750/336 753/753/341 
f 683/2132/340 688/688/345 757/757/345 754/2137/340 
f 688/688/345 687/687/344 758/758/344 757/757/345 
f 759/759/344 760/760/345 757/757/345 758/758/344 
f 760/760/345 755/2131/340 754/2137/340 757/757/345 
f 687/687/344 692/692/349 761/761/349 758/758/344 
f 692/692/349 691/691/348 762/762/348 761/761/349 
f 763/763/348 764/764/349 761/761/349 762/762/348 
f 764/764/349 759/759/344 758/758/344 761/761/349 
f 691/691/348 696/696/353 765/765/353 762/762/348 
f 696/696/353 695/695/352 766/766/352 765/765/353 
f 767/767/352 768/768/353 765/765/353 766/766/352 
f 768/768/353 763/763/348 762/762/348 765/765/353 
f 695/695/352 698/698/355 769/769/355 766/766/352 
f 698/698/355 632/632/289 700/700/289 769/769/355 
f 704/704/289 770/770/355 769/769/355 700/700/289 
f 770/770/355 767/767/352 766/766/352 769/769/355 
f 771/771/357 772/772/358 773/773/359 774/774/360 
f 772/772/358 775/775/361 776/776/362 773/773/359 
f 777/777/363 778/778/364 773/773/359 776/776/362 
f 778/778/364 779/779/365 774/774/360 773/773/359 
f 775/775/361 780/780/366 781/781/367 776/776/362 
f 780/780/366 782/782/368 783/783/369 781/781/367 
f 784/784/370 785/785/371 781/781/367 783/783/369 
f 785/785/371 777/777/363 776/776/362 781/781/367 
f 782/782/368 786/786/372 787/787/373 783/783/369 
f 786/786/372 788/788/374 789/789/375 787/787/373 
f 790/790/376 791/791/377 787/787/373 789/789/375 
f 791/791/377 784/784/370 783/783/369 787/787/373 
f 788/788/374 792/792/378 793/793/379 789/789/375 
f 792/792/378 794/794/380 795/795/381 793/793/379 
f 796/796/382 797/797/383 793/793/379 795/795/381 
f 797/797/383 790/790/376 789/789/375 793/793/379 
f 794/794/380 798/798/384 799/799/385 795/795/381 
f 798/798/384 800/800/386 801/801/387 799/799/385 
f 802/802/388 803/803/389 799/799/385 801/801/387 
f 803/803/389 796/796/382 795/795/381 799/799/385 
f 800/800/386 804/804/390 805/805/391 801/801/387 
f 804/804/390 806/806/392 807/807/393 805/805/391 
f 808/808/394 809/809/395 805/805/391 807/807/393 
f 809/809/395 802/802/388 801/801/387 805/805/391 
f 806/806/392 810/810/396 811/811/397 807/807/393 
f 810/810/396 812/812/398 813/813/399 811/811/397 
f 814/814/400 815/815/401 811/811/397 813/813/399 
f 815/815/401 808/808/394 807/807/393 811/811/397 
f 812/812/398 816/816/402 817/817/403 813/813/399 
f 816/816/402 818/818/404 819/819/405 817/817/403 
f 820/820/406 821/821/407 817/817/403 819/819/405 
f 821/821/407 814/814/400 813/813/399 817/817/403 
f 818/818/404 822/822/408 823/823/409 819/819/405 
f 822/822/408 824/824/410 825/825/411 823/823/409 
f 826/826/412 827/827/413 823/823/409 825/825/411 
f 827/827/413 820/820/406 819/819/405 823/823/409 
f 824/824/410 828/828/414 829/829/415 825/825/411 
f 828/828/414 830/830/416 831/831/417 829/829/415 
f 832/832/418 833/833/419 829/829/415 831/831/417 
f 833/833/419 826/826/412 825/825/411 829/829/415 
f 830/830/416 834/834/420 835/835/421 831/831/417 
f 834/834/420 836/836/422 837/837/423 835/835/421 
f 838/838/424 839/839/425 835/835/421 837/837/423 
f 839/839/425 832/832/418 831/831/417 835/835/421 
f 836/836/422 840/840/426 841/841/427 837/837/423 
f 840/840/426 842/842/428 843/843/429 841/841/427 
f 844/844/430 845/845/431 841/841/427 843/843/429 
f 845/845/431 838/838/424 837/837/423 841/841/427 
f 842/842/428 846/846/432 847/847/433 843/843/429 
f 846/846/432 848/848/434 849/849/435 847/847/433 
f 850/850/436 851/851/437 847/847/433 849/849/435 
f 851/851/437 844/844/430 843/843/429 847/847/433 
f 848/848/434 852/852/438 853/853/439 849/849/435 
f 852/852/438 854/854/440 855/855/441 853/853/439 
f 856/856/442 857/857/443 853/853/439 855/855/441 
f 857/857/443 850/850/436 849/849/435 853/853/439 
f 854/2139/440 858/858/444 859/859/445 855/2140/441 
f 858/858/444 860/860/446 861/861/447 859/859/445 
f 862/862/448 863/863/449 859/859/445 861/861/447 
f 863/863/449 856/2147/442 855/2140/441 859/859/445 
f 860/860/446 864/864/450 865/865/451 861/861/447 
f 864/864/450 866/866/452 867/867/453 865/865/451 
f 868/868/454 869/869/455 865/865/451 867/867/453 
f 869/869/455 862/862/448 861/861/447 865/865/451 
f 866/866/452 870/870/456 871/871/457 867/867/453 
f 870/870/456 872/872/458 873/873/459 871/871/457 
f 874/874/460 875/875/461 871/871/457 873/873/459 
f 875/875/461 868/868/454 867/867/453 871/871/457 
f 872/872/458 876/876/462 877/877/463 873/873/459 
f 876/876/462 771/771/357 774/774/360 877/877/463 
f 779/779/365 878/878/464 877/877/463 774/774/360 
f 878/878/464 874/874/460 873/873/459 877/877/463 
f 879/879/465 880/880/466 881/881/467 882/882/468 
f 880/880/466 883/883/469 884/884/470 881/881/467 
f 885/885/471 886/886/472 881/881/467 884/884/470 
f 886/886/472 887/887/473 882/882/468 881/881/467 
f 883/883/469 888/888/474 889/889/475 884/884/470 
f 888/888/474 890/890/476 891/891/477 889/889/475 
f 892/892/478 893/893/479 889/889/475 891/891/477 
f 893/893/479 885/885/471 884/884/470 889/889/475 
f 890/890/476 894/894/480 895/895/481 891/891/477 
f 894/894/480 896/896/482 897/897/483 895/895/481 
f 898/898/484 899/899/485 895/895/481 897/897/483 
f 899/899/485 892/892/478 891/891/477 895/895/481 
f 896/896/482 900/900/486 901/901/487 897/897/483 
f 900/900/486 902/902/488 903/903/489 901/901/487 
f 904/904/490 905/905/491 901/901/487 903/903/489 
f 905/905/491 898/898/484 897/897/483 901/901/487 
f 902/902/488 906/906/492 907/907/493 903/903/489 
f 906/906/492 908/908/494 909/909/495 907/907/493 
f 910/910/496 911/911/497 907/907/493 909/909/495 
f 911/911/497 904/904/490 903/903/489 907/907/493 
f 908/908/494 912/912/498 913/913/499 909/909/495 
f 912/912/498 914/914/500 915/915/501 913/913/499 
f 916/916/502 917/917/503 913/913/499 915/915/501 
f 917/917/503 910/910/496 909/909/495 913/913/499 
f 914/914/500 918/918/504 919/919/505 915/915/501 
f 918/918/504 920/920/506 921/921/507 919/919/505 
f 922/922/508 923/923/509 919/919/505 921/921/507 
f 923/923/509 916/916/502 915/915/501 919/919/505 
f 920/920/506 924/924/510 925/925/511 921/921/507 
f 924/924/510 926/926/512 927/927/513 925/925/511 
f 928/928/514 929/929/515 925/925/511 927/927/513 
f 929/929/515 922/922/508 921/921/507 925/925/511 
f 926/926/512 930/930/516 931/931/517 927/927/513 
f 930/930/516 932/932/518 933/933/519 931/931/517 
f 934/934/520 935/935/521 931/931/517 933/933/519 
f 935/935/521 928/928/514 927/927/513 931/931/517 
f 932/932/518 936/936/522 937/937/523 933/933/519 
f 936/936/522 938/938/524 939/939/525 937/937/523 
f 940/940/526 941/941/527 937/937/523 939/939/525 
f 941/941/527 934/934/520 933/933/519 937/937/523 
f 938/938/524 942/942/528 943/943/529 939/939/525 
f 942/942/528 944/944/530 945/945/531 943/943/529 
f 946/946/532 947/947/533 943/943/529 945/945/531 
f 947/947/533 940/940/526 939/939/525 943/943/529 
f 944/944/530 948/948/534 949/949/535 945/945/531 
f 948/948/534 950/950/536 951/951/537 949/949/535 
f 952/952/538 953/953/539 949/949/535 951/951/537 
f 953/953/539 946/946/532 945/945/531 949/949/535 
f 950/950/536 954/954/540 955/955/541 951/951/537 
f 954/954/540 956/956/542 957/957/543 955/955/541 
f 958/958/544 959/959/545 955/955/541 957/957/543 
f 959/959/545 952/952/538 951/951/537 955/955/541 
f 956/956/542 960/960/546 961/961/547 957/957/543 
f 960/960/546 962/962/548 963/963/549 961/961/547 
f 964/964/550 965/965/551 961/961/547 963/963/549 
f 965/965/551 958/958/544 957/957/543 961/961/547 
f 962/2146/548 966/966/552 967/967/553 963/2144/549 
f 966/966/552 968/968/554 969/969/555 967/967/553 
f 970/970/556 971/971/557 967/967/553 969/969/555 
f 971/971/557 964/2143/550 963/2144/549 967/967/553 
f 968/968/554 972/972/558 973/973/559 969/969/555 
f 972/972/558 974/974/560 975/975/561 973/973/559 
f 976/976/562 977/977/563 973/973/559 975/975/561 
f 977/977/563 970/970/556 969/969/555 973/973/559 
f 974/974/560 978/978/564 979/979/565 975/975/561 
f 978/978/564 980/980/566 981/981/567 979/979/565 
f 982/982/568 983/983/569 979/979/565 981/981/567 
f 983/983/569 976/976/562 975/975/561 979/979/565 
f 980/980/566 984/984/570 985/985/571 981/981/567 
f 984/984/570 879/879/465 882/882/468 985/985/571 
f 887/887/473 986/986/572 985/985/571 882/882/468 
f 986/986/572 982/982/568 981/981/567 985/985/571 
f 987/987/573 988/988/574 989/989/575 990/990/576 
f 988/988/574 991/991/577 992/992/578 989/989/575 
f 993/993/8 994/994/9 989/989/575 992/992/578 
f 994/994/9 995/995/115 990/990/576 989/989/575 
f 991/991/577 996/996/579 997/997/580 992/992/578 
f 996/996/579 998/998/581 999/999/582 997/997/580 
f 1000/1000/117 1001/1001/583 997/997/580 999/999/582 
f 1001/1001/583 993/993/8 992/992/578 997/997/580 
f 998/998/581 1002/1002/584 1003/1003/585 999/999/582 
f 1002/1002/584 1004/1004/586 1005/1005/587 1003/1003/585 
f 1006/1006/21 1007/1007/588 1003/1003/585 1005/1005/587 
f 1007/1007/588 1000/1000/117 999/999/582 1003/1003/585 
f 1004/1004/586 1008/1008/589 1009/1009/590 1005/1005/587 
f 1008/1008/589 1010/1010/591 1011/1011/592 1009/1009/590 
f 1012/1012/27 1013/1013/593 1009/1009/590 1011/1011/592 
f 1013/1013/593 1006/1006/21 1005/1005/587 1009/1009/590 
f 1010/1010/591 1014/1014/594 1015/1015/595 1011/1011/592 
f 1014/1014/594 1016/1016/596 1017/1017/597 1015/1015/595 
f 1018/1018/33 1019/1019/110 1015/1015/595 1017/1017/597 
f 1019/1019/110 1012/1012/27 1011/1011/592 1015/1015/595 
f 1016/1016/596 1020/1020/598 1021/1021/599 1017/1017/597 
f 1020/1020/598 1022/1022/600 1023/1023/601 1021/1021/599 
f 1024/1024/119 1025/1025/40 1021/1021/599 1023/1023/601 
f 1025/1025/40 1018/1018/33 1017/1017/597 1021/1021/599 
f 1022/1022/600 1026/1026/602 1027/1027/603 1023/1023/601 
f 1026/1026/602 1028/1028/604 1029/1029/605 1027/1027/603 
f 1030/1030/45 1031/1031/46 1027/1027/603 1029/1029/605 
f 1031/1031/46 1024/1024/119 1023/1023/601 1027/1027/603 
f 1028/1028/604 1032/1032/606 1033/1033/607 1029/1029/605 
f 1032/1032/606 1034/1034/608 1035/1035/609 1033/1033/607 
f 1036/1036/51 1037/1037/52 1033/1033/607 1035/1035/609 
f 1037/1037/52 1030/1030/45 1029/1029/605 1033/1033/607 
f 1034/1034/608 1038/1038/610 1039/1039/611 1035/1035/609 
f 1038/1038/610 1040/1040/612 1041/1041/613 1039/1039/611 
f 1042/1042/112 1043/1043/58 1039/1039/611 1041/1041/613 
f 1043/1043/58 1036/1036/51 1035/1035/609 1039/1039/611 
f 1040/1040/612 1044/1044/614 1045/1045/615 1041/1041/613 
f 1044/1044/614 1046/1046/616 1047/1047/617 1045/1045/615 
f 1048/1048/252 1049/1049/64 1045/1045/615 1047/1047/617 
f 1049/1049/64 1042/1042/112 1041/1041/613 1045/1045/615 
f 1046/1046/616 1050/1050/618 1051/1051/619 1047/1047/617 
f 1050/1050/618 1052/1052/620 1053/1053/621 1051/1051/619 
f 1054/1054/69 1055/1055/70 1051/1051/619 1053/1053/621 
f 1055/1055/70 1048/1048/252 1047/1047/617 1051/1051/619 
f 1052/1052/620 1056/1056/622 1057/1057/623 1053/1053/621 
f 1056/1056/622 1058/1058/624 1059/1059/625 1057/1057/623 
f 1060/1060/75 1061/1061/76 1057/1057/623 1059/1059/625 
f 1061/1061/76 1054/1054/69 1053/1053/621 1057/1057/623 
f 1058/1058/624 1062/1062/626 1063/1063/627 1059/1059/625 
f 1062/1062/626 1064/1064/628 1065/1065/629 1063/1063/627 
f 1066/1066/121 1067/1067/82 1063/1063/627 1065/1065/629 
f 1067/1067/82 1060/1060/75 1059/1059/625 1063/1063/627 
f 1064/1064/628 1068/1068/630 1069/1069/631 1065/1065/629 
f 1068/1068/630 1070/1070/632 1071/1071/633 1069/1069/631 
f 1072/1072/129 1073/1073/88 1069/1069/631 1071/1071/633 
f 1073/1073/88 1066/1066/121 1065/1065/629 1069/1069/631 
f 1070/1070/632 1074/1074/634 1075/1075/635 1071/1071/633 
f 1074/1074/634 1076/1076/636 1077/1077/637 1075/1075/635 
f 1078/1078/114 1079/1079/94 1075/1075/635 1077/1077/637 
f 1079/1079/94 1072/1072/129 1071/1071/633 1075/1075/635 
f 1076/1076/636 1080/1080/638 1081/1081/639 1077/1077/637 
f 1080/1080/638 1082/1082/640 1083/1083/641 1081/1081/639 
f 1084/1084/99 1085/1085/100 1081/1081/639 1083/1083/641 
f 1085/1085/100 1078/1078/114 1077/1077/637 1081/1081/639 
f 1082/1082/640 1086/1086/642 1087/1087/643 1083/1083/641 
f 1086/1086/642 1088/1088/644 1089/1089/645 1087/1087/643 
f 1090/1090/105 1091/1091/106 1087/1087/643 1089/1089/645 
f 1091/1091/106 1084/1084/99 1083/1083/641 1087/1087/643 
f 1088/1088/644 1092/1092/646 1093/1093/647 1089/1089/645 
f 1092/1092/646 987/987/573 990/990/576 1093/1093/647 
f 995/995/115 1094/1094/116 1093/1093/647 990/990/576 
f 1094/1094/116 1090/1090/105 1089/1089/645 1093/1093/647 
f 1095/1095/648 1096/1096/649 1097/1097/650 1098/1098/651 
f 1096/1096/649 1099/1099/652 1100/1100/653 1097/1097/650 
f 1101/1101/132 1102/1102/132 1097/1097/650 1100/1100/653 
f 1102/1102/132 1103/1103/132 1098/1098/651 1097/1097/650 
f 1099/1099/652 1104/1104/654 1105/1105/655 1100/1100/653 
f 1104/1104/654 1106/1106/656 1107/1107/657 1105/1105/655 
f 1108/1108/132 1109/1109/132 1105/1105/655 1107/1107/657 
f 1109/1109/132 1101/1101/132 1100/1100/653 1105/1105/655 
f 1106/1106/656 1110/1110/658 1111/1111/659 1107/1107/657 
f 1110/1110/658 1112/1112/660 1113/1113/661 1111/1111/659 
f 1114/1114/132 1115/1115/132 1111/1111/659 1113/1113/661 
f 1115/1115/132 1108/1108/132 1107/1107/657 1111/1111/659 
f 1112/1112/660 1116/1116/662 1117/1117/663 1113/1113/661 
f 1116/1116/662 1118/1118/664 1119/1119/665 1117/1117/663 
f 1120/1120/132 1121/1121/132 1117/1117/663 1119/1119/665 
f 1121/1121/132 1114/1114/132 1113/1113/661 1117/1117/663 
f 1118/1118/664 1122/1122/666 1123/1123/667 1119/1119/665 
f 1122/1122/666 1124/1124/668 1125/1125/669 1123/1123/667 
f 1126/1126/131 1127/1127/131 1123/1123/667 1125/1125/669 
f 1127/1127/131 1120/1120/132 1119/1119/665 1123/1123/667 
f 1124/1124/668 1128/1128/670 1129/1129/671 1125/1125/669 
f 1128/1128/670 1130/1130/672 1131/1131/673 1129/1129/671 
f 1132/1132/131 1133/1133/131 1129/1129/671 1131/1131/673 
f 1133/1133/131 1126/1126/131 1125/1125/669 1129/1129/671 
f 1130/1130/672 1134/1134/674 1135/1135/675 1131/1131/673 
f 1134/1134/674 1136/1136/676 1137/1137/677 1135/1135/675 
f 1138/1138/131 1139/1139/131 1135/1135/675 1137/1137/677 
f 1139/1139/131 1132/1132/131 1131/1131/673 1135/1135/675 
f 1136/1136/676 1140/1140/678 1141/1141/679 1137/1137/677 
f 1140/1140/678 1142/1142/680 1143/1143/681 1141/1141/679 
f 1144/1144/131 1145/1145/131 1141/1141/679 1143/1143/681 
f 1145/1145/131 1138/1138/131 1137/1137/677 1141/1141/679 
f 1142/1142/680 1146/1146/682 1147/1147/683 1143/1143/681 
f 1146/1146/682 1148/1148/684 1149/1149/685 1147/1147/683 
f 1150/1150/131 1151/1151/131 1147/1147/683 1149/1149/685 
f 1151/1151/131 1144/1144/131 1143/1143/681 1147/1147/683 
f 1148/1148/684 1152/1152/686 1153/1153/687 1149/1149/685 
f 1152/1152/686 1154/1154/688 1155/1155/689 1153/1153/687 
f 1156/1156/133 1157/1157/133 1153/1153/687 1155/1155/689 
f 1157/1157/133 1150/1150/131 1149/1149/685 1153/1153/687 
f 1154/1154/688 1158/1158/690 1159/1159/691 1155/1155/689 
f 1158/1158/690 1160/1160/692 1161/1161/693 1159/1159/691 
f 1162/1162/133 1163/1163/133 1159/1159/691 1161/1161/693 
f 1163/1163/133 1156/1156/133 1155/1155/689 1159/1159/691 
f 1160/1160/692 1164/1164/694 1165/1165/695 1161/1161/693 
f 1164/1164/694 1166/1166/696 1167/1167/697 1165/1165/695 
f 1168/1168/133 1169/1169/133 1165/1165/695 1167/1167/697 
f 1169/1169/133 1162/1162/133 1161/1161/693 1165/1165/695 
f 1166/1166/696 1170/1170/698 1171/1171/699 1167/1167/697 
f 1170/1170/698 1172/1172/700 1173/1173/701 1171/1171/699 
f 1174/1174/133 1175/1175/133 1171/1171/699 1173/1173/701 
f 1175/1175/133 1168/1168/133 1167/1167/697 1171/1171/699 
f 1172/1172/700 1176/1176/702 1177/1177/703 1173/1173/701 
f 1176/1176/702 1178/1178/704 1179/1179/705 1177/1177/703 
f 1180/1180/156 1181/1181/156 1177/1177/703 1179/1179/705 
f 1181/1181/156 1174/1174/133 1173/1173/701 1177/1177/703 
f 1178/1178/704 1182/1182/706 1183/1183/707 1179/1179/705 
f 1182/1182/706 1184/1184/708 1185/1185/709 1183/1183/707 
f 1186/1186/156 1187/1187/156 1183/1183/707 1185/1185/709 
f 1187/1187/156 1180/1180/156 1179/1179/705 1183/1183/707 
f 1184/1184/708 1188/1188/710 1189/1189/711 1185/1185/709 
f 1188/1188/710 1190/1190/712 1191/1191/713 1189/1189/711 
f 1192/1192/156 1193/1193/156 1189/1189/711 1191/1191/713 
f 1193/1193/156 1186/1186/156 1185/1185/709 1189/1189/711 
f 1190/1190/712 1194/1194/714 1195/1195/715 1191/1191/713 
f 1194/1194/714 1196/1196/716 1197/1197/717 1195/1195/715 
f 1198/1198/156 1199/1199/156 1195/1195/715 1197/1197/717 
f 1199/1199/156 1192/1192/156 1191/1191/713 1195/1195/715 
f 1196/1196/716 1200/1200/718 1201/1201/719 1197/1197/717 
f 1200/1200/718 1095/1095/648 1098/1098/651 1201/1201/719 
f 1103/1103/132 1202/1202/156 1201/1201/719 1098/1098/651 
f 1202/1202/156 1198/1198/156 1197/1197/717 1201/1201/719 
f 1203/1203/720 1204/1204/721 1205/1205/722 1206/1206/723 
f 1204/1204/721 1207/1207/724 1208/1208/725 1205/1205/722 
f 1209/1209/124 1210/1210/9 1205/2163/722 1208/2161/725 
f 1210/1210/9 1211/1211/213 1206/2164/723 1205/2163/722 
f 1207/1207/724 1212/1212/726 1213/1213/727 1208/1208/725 
f 1212/1212/726 1214/1214/728 1215/1215/729 1213/1213/727 
f 1216/1216/15 1217/1217/16 1213/2160/727 1215/2159/729 
f 1217/1217/16 1209/1209/124 1208/2161/725 1213/2160/727 
f 1214/1214/728 1218/1218/730 1219/1219/731 1215/1215/729 
f 1218/1218/730 1220/1220/732 1221/1221/733 1219/1219/731 
f 1222/1222/21 1223/1223/22 1219/2157/731 1221/2156/733 
f 1223/1223/22 1216/1216/15 1215/2159/729 1219/2157/731 
f 1220/1220/732 1224/1224/734 1225/1225/735 1221/1221/733 
f 1224/1224/734 1226/1226/736 1227/1227/737 1225/1225/735 
f 1228/1228/27 1229/1229/593 1225/2154/735 1227/2148/737 
f 1229/1229/593 1222/1222/21 1221/2156/733 1225/2154/735 
f 1226/1226/736 1230/1230/738 1231/1231/739 1227/1227/737 
f 1230/1230/738 1232/1232/740 1233/1233/741 1231/1231/739 
f 1234/1234/231 1235/1235/110 1231/2150/739 1233/2155/741 
f 1235/1235/110 1228/1228/27 1227/2148/737 1231/2150/739 
f 1232/1232/740 1236/1236/742 1237/1237/743 1233/1233/741 
f 1236/1236/742 1238/1238/744 1239/1239/745 1237/1237/743 
f 1240/1240/39 1241/1241/40 1237/2152/743 1239/2151/745 
f 1241/1241/40 1234/1234/231 1233/2155/741 1237/2152/743 
f 1238/1238/744 1242/1242/746 1243/1243/747 1239/1239/745 
f 1242/1242/746 1244/1244/748 1245/1245/749 1243/1243/747 
f 1246/1246/45 1247/1247/750 1243/2149/747 1245/2153/749 
f 1247/1247/750 1240/1240/39 1239/2151/745 1243/2149/747 
f 1244/1244/748 1248/1248/751 1249/1249/752 1245/1245/749 
f 1248/1248/751 1250/1250/753 1251/1251/754 1249/1249/752 
f 1252/1252/51 1253/1253/52 1249/2182/752 1251/2181/754 
f 1253/1253/52 1246/1246/45 1245/2153/749 1249/2182/752 
f 1250/1250/753 1254/1254/755 1255/1255/756 1251/1251/754 
f 1254/1254/755 1256/1256/757 1257/1257/758 1255/1255/756 
f 1258/1258/57 1259/1259/58 1255/2180/756 1257/2179/758 
f 1259/1259/58 1252/1252/51 1251/2181/754 1255/2180/756 
f 1256/1256/757 1260/1260/759 1261/1261/760 1257/1257/758 
f 1260/1260/759 1262/1262/761 1263/1263/762 1261/1261/760 
f 1264/1264/63 1265/1265/64 1261/2178/760 1263/2177/762 
f 1265/1265/64 1258/1258/57 1257/2179/758 1261/2178/760 
f 1262/1262/761 1266/1266/763 1267/1267/764 1263/1263/762 
f 1266/1266/763 1268/1268/765 1269/1269/766 1267/1267/764 
f 1270/1270/113 1271/1271/127 1267/2176/764 1269/2162/766 
f 1271/1271/127 1264/1264/63 1263/2177/762 1267/2176/764 
f 1268/1268/765 1272/1272/767 1273/1273/768 1269/1269/766 
f 1272/1272/767 1274/1274/769 1275/1275/770 1273/1273/768 
f 1276/1276/75 1277/1277/76 1273/2183/768 1275/2175/770 
f 1277/2220/76 1270/1270/113 1269/2162/766 1273/2221/768 
f 1274/1274/769 1278/1278/771 1279/1279/772 1275/1275/770 
f 1278/1278/771 1280/1280/773 1281/1281/774 1279/1279/772 
f 1282/1282/81 1283/1283/82 1279/2158/772 1281/2174/774 
f 1283/1283/82 1276/1276/75 1275/2175/770 1279/2158/772 
f 1280/1280/773 1284/1284/775 1285/1285/776 1281/1281/774 
f 1284/1284/775 1286/1286/777 1287/1287/778 1285/1285/776 
f 1288/1288/129 1289/1289/88 1285/2173/776 1287/2172/778 
f 1289/1289/88 1282/1282/81 1281/2174/774 1285/2173/776 
f 1286/1286/777 1290/1290/779 1291/1291/780 1287/1287/778 
f 1290/1290/779 1292/1292/781 1293/1293/782 1291/1291/780 
f 1294/1294/114 1295/1295/94 1291/2171/780 1293/2170/782 
f 1295/1295/94 1288/1288/129 1287/2172/778 1291/2171/780 
f 1292/1292/781 1296/1296/783 1297/1297/784 1293/1293/782 
f 1296/1296/783 1298/1298/785 1299/1299/786 1297/1297/784 
f 1300/1300/99 1301/1301/100 1297/2169/784 1299/2168/786 
f 1301/1301/100 1294/1294/114 1293/2170/782 1297/2169/784 
f 1298/1298/785 1302/1302/787 1303/1303/788 1299/1299/786 
f 1302/1302/787 1304/1304/789 1305/1305/790 1303/1303/788 
f 1306/1306/123 1307/1307/106 1303/2167/788 1305/2166/790 
f 1307/1307/106 1300/1300/99 1299/2168/786 1303/2167/788 
f 1304/1304/789 1308/1308/791 1309/1309/792 1305/1305/790 
f 1308/1308/791 1203/1203/720 1206/1206/723 1309/1309/792 
f 1211/1211/213 1310/1310/116 1309/2165/792 1206/2164/723 
f 1310/1310/116 1306/1306/123 1305/2166/790 1309/2165/792 
f 1311/1311/131 1312/1312/131 1313/1313/132 1314/1314/131 
f 1312/1312/131 1315/1315/131 1316/1316/131 1313/1313/132 
f 410/410/133 1314/1314/131 1313/1313/132 1316/1316/131 
f 1317/1317/156 1318/1318/156 1319/1319/132 1320/1320/156 
f 1318/1318/156 1321/1321/156 1322/1322/156 1319/1319/132 
f 410/410/133 1320/1320/156 1319/1319/132 1322/1322/156 
f 410/410/133 1322/1322/156 1323/1323/132 1324/1324/156 
f 1322/1322/156 1321/1321/156 1325/1325/156 1323/1323/132 
f 1326/1326/156 1324/1324/156 1323/1323/132 1325/1325/156 
f 1327/1327/131 1328/1328/131 1329/1329/132 1330/1330/131 
f 1328/1328/131 1311/1311/131 1314/1314/131 1329/1329/132 
f 410/410/133 1330/1330/131 1329/1329/132 1314/1314/131 
f 410/410/133 1316/1316/131 1331/1331/132 407/407/131 
f 1316/1316/131 1315/1315/131 1332/1332/131 1331/1331/132 
f 404/404/131 407/407/131 1331/1331/132 1332/1332/131 
f 1333/1333/133 1334/1334/133 1335/1335/132 1336/1336/133 
f 1334/1334/133 1337/1337/133 1338/1338/133 1335/1335/132 
f 410/410/133 1336/1336/133 1335/1335/132 1338/1338/133 
f 410/410/133 1324/1324/156 1339/1339/132 1340/1340/156 
f 1324/1324/156 1326/1326/156 1341/1341/156 1339/1339/132 
f 1342/1342/156 1340/1340/156 1339/1339/132 1341/1341/156 
f 1343/1343/156 1344/1344/156 1345/1345/132 1346/1346/156 
f 1344/1344/156 1317/1317/156 1320/1320/156 1345/1345/132 
f 410/410/133 1346/1346/156 1345/1345/132 1320/1320/156 
f 410/410/133 1340/1340/156 1347/1347/132 1348/1348/132 
f 1340/1340/156 1342/1342/156 1349/1349/132 1347/1347/132 
f 1350/1350/132 1348/1348/132 1347/1347/132 1349/1349/132 
f 1351/1351/132 1352/1352/131 1353/1353/132 1354/1354/132 
f 1352/1352/131 1327/1327/131 1330/1330/131 1353/1353/132 
f 410/410/133 1354/1354/132 1353/1353/132 1330/1330/131 
f 410/410/133 409/409/131 1355/1355/132 1336/1336/133 
f 409/409/131 408/408/131 1356/1356/133 1355/1355/132 
f 1333/1333/133 1336/1336/133 1355/1355/132 1356/1356/133 
f 1357/1357/133 1358/1358/133 1359/1359/132 1360/1360/133 
f 1358/1358/133 1343/1343/156 1346/1346/156 1359/1359/132 
f 410/410/133 1360/1360/133 1359/1359/132 1346/1346/156 
f 410/410/133 1361/1361/132 1362/1362/132 1354/1354/132 
f 1361/1361/132 1363/1363/132 1364/1364/132 1362/1362/132 
f 1351/1351/132 1354/1354/132 1362/1362/132 1364/1364/132 
f 1365/1365/133 1366/1366/133 1367/1367/132 1368/1368/133 
f 1366/1366/133 1357/1357/133 1360/1360/133 1367/1367/132 
f 410/410/133 1368/1368/133 1367/1367/132 1360/1360/133 
f 410/410/133 1369/1369/132 1370/1370/132 1361/1361/132 
f 1369/1369/132 1371/1371/132 1372/1372/132 1370/1370/132 
f 1363/1363/132 1361/1361/132 1370/1370/132 1372/1372/132 
f 1337/1337/133 1373/1373/133 1374/1374/132 1338/1338/133 
f 1373/1373/133 1365/1365/133 1368/1368/133 1374/1374/132 
f 410/410/133 1338/1338/133 1374/1374/132 1368/1368/133 
f 410/410/133 1348/1348/132 1375/1375/132 1369/1369/132 
f 1348/1348/132 1350/1350/132 1376/1376/132 1375/1375/132 
f 1371/1371/132 1369/1369/132 1375/1375/132 1376/1376/132 
f 1377/1377/8 1378/1378/793 1379/1379/794 1380/1380/9 
f 1378/2190/793 1381/1381/795 1382/1382/796 1379/2208/794 
f 1383/1383/797 1384/1384/798 1379/2208/794 1382/1382/796 
f 1384/2193/798 1385/1385/115 1380/1380/9 1379/1379/794 
f 1386/1386/15 1387/1387/799 1388/1388/800 1389/1389/16 
f 1387/2210/799 1390/1390/801 1391/1391/802 1388/2209/800 
f 1381/1381/795 1378/2190/793 1388/2209/800 1391/1391/802 
f 1378/1378/793 1377/1377/8 1389/1389/16 1388/1388/800 
f 1392/1392/21 1393/1393/803 1394/1394/804 1395/1395/22 
f 1393/2212/803 1396/1396/805 1397/1397/806 1394/2211/804 
f 1390/1390/801 1387/2210/799 1394/2211/804 1397/1397/806 
f 1387/1387/799 1386/1386/15 1395/1395/22 1394/1394/804 
f 1398/1398/118 1399/1399/807 1400/1400/808 1401/1401/593 
f 1399/2214/807 1402/1402/809 1403/1403/810 1400/2213/808 
f 1396/1396/805 1393/2212/803 1400/2213/808 1403/1403/810 
f 1393/1393/803 1392/1392/21 1401/1401/593 1400/1400/808 
f 1404/1404/33 1405/1405/811 1406/1406/812 1407/1407/34 
f 1405/2216/811 1408/1408/813 1409/1409/814 1406/2215/812 
f 1402/1402/809 1399/2214/807 1406/2215/812 1409/1409/814 
f 1399/1399/807 1398/1398/118 1407/1407/34 1406/1406/812 
f 1410/1410/39 1411/1411/815 1412/1412/816 1413/1413/40 
f 1411/2218/815 1414/1414/817 1415/1415/818 1412/2217/816 
f 1408/1408/813 1405/2216/811 1412/2217/816 1415/1415/818 
f 1405/1405/811 1404/1404/33 1413/1413/40 1412/1412/816 
f 1416/1416/45 1417/1417/819 1418/1418/820 1419/1419/46 
f 1417/2219/819 1420/1420/821 1421/1421/822 1418/2206/820 
f 1414/1414/817 1411/2218/815 1418/2206/820 1421/1421/822 
f 1411/1411/815 1410/1410/39 1419/1419/46 1418/1418/820 
f 1422/1422/51 1423/1423/823 1424/1424/824 1425/1425/52 
f 1423/2184/823 1426/1426/825 1427/1427/826 1424/2185/824 
f 1420/1420/821 1417/2219/819 1424/2185/824 1427/1427/826 
f 1417/1417/819 1416/1416/45 1425/1425/52 1424/1424/824 
f 1428/1428/112 1429/1429/827 1430/1430/828 1431/1431/58 
f 1429/2187/827 1432/1432/829 1433/1433/830 1430/2186/828 
f 1426/1426/825 1423/2184/823 1430/2186/828 1433/1433/830 
f 1423/1423/823 1422/1422/51 1431/1431/58 1430/1430/828 
f 1434/1434/252 1435/1435/831 1436/1436/832 1437/1437/64 
f 1435/2189/831 1438/1438/833 1439/1439/834 1436/2188/832 
f 1432/1432/829 1429/2187/827 1436/2188/832 1439/1439/834 
f 1429/1429/827 1428/1428/112 1437/1437/64 1436/1436/832 
f 1440/1440/69 1441/1441/835 1442/1442/836 1443/1443/70 
f 1441/2192/835 1444/1444/837 1445/1445/838 1442/2191/836 
f 1438/1438/833 1435/2189/831 1442/2191/836 1445/1445/838 
f 1435/1435/831 1434/1434/252 1443/1443/70 1442/1442/836 
f 1446/1446/120 1447/1447/839 1448/2224/840 1449/1449/76 
f 1447/2195/839 1450/1450/841 1451/1451/842 1448/2194/840 
f 1444/1444/837 1441/2192/835 1448/2194/840 1451/1451/842 
f 1441/1441/835 1440/1440/69 1449/2223/76 1448/1448/840 
f 1452/1452/121 1453/2197/843 1454/1454/844 1455/1455/82 
f 1453/1453/843 1456/1456/845 1457/1457/846 1454/2196/844 
f 1450/1450/841 1447/2195/839 1454/2196/844 1457/1457/846 
f 1447/1447/839 1446/1446/120 1455/1455/82 1454/1454/844 
f 1458/1458/87 1459/1459/847 1460/1460/848 1461/1461/849 
f 1459/2199/847 1462/1462/850 1463/1463/851 1460/2198/848 
f 1456/1456/845 1453/1453/843 1460/2198/848 1463/1463/851 
f 1453/2197/843 1452/1452/121 1461/1461/849 1460/1460/848 
f 1464/1464/114 1465/1465/852 1466/1466/853 1467/1467/94 
f 1465/2201/852 1468/1468/854 1469/1469/855 1466/2200/853 
f 1462/1462/850 1459/2199/847 1466/2200/853 1469/1469/855 
f 1459/1459/847 1458/1458/87 1467/1467/94 1466/1466/853 
f 1470/1470/99 1471/1471/856 1472/1472/857 1473/1473/100 
f 1471/2203/856 1474/1474/858 1475/1475/859 1472/2202/857 
f 1468/1468/854 1465/2201/852 1472/2202/857 1475/1475/859 
f 1465/1465/852 1464/1464/114 1473/1473/100 1472/1472/857 
f 1476/1476/105 1477/1477/860 1478/1478/861 1479/1479/106 
f 1477/2205/860 1480/1480/862 1481/1481/863 1478/2204/861 
f 1474/1474/858 1471/2203/856 1478/2204/861 1481/1481/863 
f 1471/1471/856 1470/1470/99 1479/1479/106 1478/1478/861 
f 1385/1385/115 1384/2193/798 1482/1482/864 1483/1483/116 
f 1384/1384/798 1383/1383/797 1484/1484/865 1482/2207/864 
f 1480/1480/862 1477/2205/860 1482/2207/864 1484/1484/865 
f 1477/1477/860 1476/1476/105 1483/1483/116 1482/1482/864 
f 1383/1383/797 1382/1382/796 1485/1485/866 1486/1486/867 
f 1382/1382/796 1381/1381/795 1487/1487/868 1485/1485/866 
f 1350/1350/132 1349/1349/132 1485/1485/866 1487/1487/868 
f 1349/1349/132 1342/1342/156 1486/1486/867 1485/1485/866 
f 1381/1381/795 1391/1391/802 1488/1488/869 1487/1487/868 
f 1391/1391/802 1390/1390/801 1489/1489/870 1488/1488/869 
f 1371/1371/132 1376/1376/132 1488/1488/869 1489/1489/870 
f 1376/1376/132 1350/1350/132 1487/1487/868 1488/1488/869 
f 1390/1390/801 1397/1397/806 1490/1490/871 1489/1489/870 
f 1397/1397/806 1396/1396/805 1491/1491/872 1490/1490/871 
f 1363/1363/132 1372/1372/132 1490/1490/871 1491/1491/872 
f 1372/1372/132 1371/1371/132 1489/1489/870 1490/1490/871 
f 1396/1396/805 1403/1403/810 1492/1492/873 1491/1491/872 
f 1403/1403/810 1402/1402/809 1493/1493/874 1492/1492/873 
f 1351/1351/132 1364/1364/132 1492/1492/873 1493/1493/874 
f 1364/1364/132 1363/1363/132 1491/1491/872 1492/1492/873 
f 1402/1402/809 1409/1409/814 1494/1494/875 1493/1493/874 
f 1409/1409/814 1408/1408/813 1495/1495/876 1494/1494/875 
f 1327/1327/131 1352/1352/131 1494/1494/875 1495/1495/876 
f 1352/1352/131 1351/1351/132 1493/1493/874 1494/1494/875 
f 1408/1408/813 1415/1415/818 1496/1496/877 1495/1495/876 
f 1415/1415/818 1414/1414/817 1497/1497/878 1496/1496/877 
f 1311/1311/131 1328/1328/131 1496/1496/877 1497/1497/878 
f 1328/1328/131 1327/1327/131 1495/1495/876 1496/1496/877 
f 1414/1414/817 1421/1421/822 1498/1498/879 1497/1497/878 
f 1421/1421/822 1420/1420/821 1499/1499/880 1498/1498/879 
f 1315/1315/131 1312/1312/131 1498/1498/879 1499/1499/880 
f 1312/1312/131 1311/1311/131 1497/1497/878 1498/1498/879 
f 1420/1420/821 1427/1427/826 1500/1500/881 1499/1499/880 
f 1427/1427/826 1426/1426/825 1501/1501/882 1500/1500/881 
f 404/404/131 1332/1332/131 1500/1500/881 1501/1501/882 
f 1332/1332/131 1315/1315/131 1499/1499/880 1500/1500/881 
f 1426/1426/825 1433/1433/830 1502/1502/883 1501/1501/882 
f 1433/1433/830 1432/1432/829 1503/1503/884 1502/1502/883 
f 408/408/131 405/405/131 1502/1502/883 1503/1503/884 
f 405/405/131 404/404/131 1501/1501/882 1502/1502/883 
f 1432/1432/829 1439/1439/834 1504/1504/885 1503/1503/884 
f 1439/1439/834 1438/1438/833 1505/1505/886 1504/1504/885 
f 1333/1333/133 1356/1356/133 1504/1504/885 1505/1505/886 
f 1356/1356/133 408/408/131 1503/1503/884 1504/1504/885 
f 1438/1438/833 1445/1445/838 1506/1506/887 1505/1505/886 
f 1445/1445/838 1444/1444/837 1507/1507/888 1506/1506/887 
f 1337/1337/133 1334/1334/133 1506/1506/887 1507/1507/888 
f 1334/1334/133 1333/1333/133 1505/1505/886 1506/1506/887 
f 1444/1444/837 1451/1451/842 1508/1508/889 1507/1507/888 
f 1451/1451/842 1450/1450/841 1509/1509/890 1508/1508/889 
f 1365/1365/133 1373/1373/133 1508/1508/889 1509/1509/890 
f 1373/1373/133 1337/1337/133 1507/1507/888 1508/1508/889 
f 1450/1450/841 1457/1457/846 1510/1510/891 1509/1509/890 
f 1457/1457/846 1456/1456/845 1511/1511/892 1510/1510/891 
f 1357/1357/133 1366/1366/133 1510/1510/891 1511/1511/892 
f 1366/1366/133 1365/1365/133 1509/1509/890 1510/1510/891 
f 1456/1456/845 1463/1463/851 1512/1512/893 1511/1511/892 
f 1463/1463/851 1462/1462/850 1513/1513/894 1512/1512/893 
f 1343/1343/156 1358/1358/133 1512/1512/893 1513/1513/894 
f 1358/1358/133 1357/1357/133 1511/1511/892 1512/1512/893 
f 1462/1462/850 1469/1469/855 1514/1514/895 1513/1513/894 
f 1469/1469/855 1468/1468/854 1515/1515/896 1514/1514/895 
f 1317/1317/156 1344/1344/156 1514/1514/895 1515/1515/896 
f 1344/1344/156 1343/1343/156 1513/1513/894 1514/1514/895 
f 1468/1468/854 1475/1475/859 1516/1516/897 1515/1515/896 
f 1475/1475/859 1474/1474/858 1517/1517/898 1516/1516/897 
f 1321/1321/156 1318/1318/156 1516/1516/897 1517/1517/898 
f 1318/1318/156 1317/1317/156 1515/1515/896 1516/1516/897 
f 1474/1474/858 1481/1481/863 1518/1518/899 1517/1517/898 
f 1481/1481/863 1480/1480/862 1519/1519/900 1518/1518/899 
f 1326/1326/156 1325/1325/156 1518/1518/899 1519/1519/900 
f 1325/1325/156 1321/1321/156 1517/1517/898 1518/1518/899 
f 1480/1480/862 1484/1484/865 1520/1520/901 1519/1519/900 
f 1484/1484/865 1383/1383/797 1486/1486/867 1520/1520/901 
f 1342/1342/156 1341/1341/156 1520/1520/901 1486/1486/867 
f 1341/1341/156 1326/1326/156 1519/1519/900 1520/1520/901 
f 702/702/287 1521/1521/902 1522/1522/903 703/703/288 
f 1521/1521/902 775/775/361 772/772/358 1522/1522/903 
f 771/771/357 1523/1523/904 1522/1522/903 772/772/358 
f 1523/1523/904 704/704/289 703/703/288 1522/1522/903 
f 707/707/292 1524/1524/905 1525/1525/906 708/708/293 
f 1524/1524/905 782/782/368 780/780/366 1525/1525/906 
f 775/775/361 1521/1521/902 1525/1525/906 780/780/366 
f 1521/1521/902 702/702/287 708/708/293 1525/1525/906 
f 711/711/296 1526/1526/907 1527/1527/908 712/712/297 
f 1526/1526/907 788/788/374 786/786/372 1527/1527/908 
f 782/782/368 1524/1524/905 1527/1527/908 786/786/372 
f 1524/1524/905 707/707/292 712/712/297 1527/1527/908 
f 715/715/300 1528/1528/909 1529/1529/910 716/716/301 
f 1528/1528/909 794/794/380 792/792/378 1529/1529/910 
f 788/788/374 1526/1526/907 1529/1529/910 792/792/378 
f 1526/1526/907 711/711/296 716/716/301 1529/1529/910 
f 719/719/304 1530/1530/911 1531/1531/912 720/720/305 
f 1530/1530/911 800/800/386 798/798/384 1531/1531/912 
f 794/794/380 1528/1528/909 1531/1531/912 798/798/384 
f 1528/1528/909 715/715/300 720/720/305 1531/1531/912 
f 723/723/308 1532/1532/913 1533/1533/914 724/724/309 
f 1532/1532/913 806/806/392 804/804/390 1533/1533/914 
f 800/800/386 1530/1530/911 1533/1533/914 804/804/390 
f 1530/1530/911 719/719/304 724/724/309 1533/1533/914 
f 727/727/312 1534/1534/915 1535/1535/916 728/728/313 
f 1534/1534/915 812/812/398 810/810/396 1535/1535/916 
f 806/806/392 1532/1532/913 1535/1535/916 810/810/396 
f 1532/1532/913 723/723/308 728/728/313 1535/1535/916 
f 731/731/316 1536/1536/917 1537/1537/918 732/732/317 
f 1536/1536/917 818/818/404 816/816/402 1537/1537/918 
f 812/812/398 1534/1534/915 1537/1537/918 816/816/402 
f 1534/1534/915 727/727/312 732/732/317 1537/1537/918 
f 735/735/320 1538/1538/919 1539/1539/920 736/736/321 
f 1538/1538/919 824/824/410 822/822/408 1539/1539/920 
f 818/818/404 1536/1536/917 1539/1539/920 822/822/408 
f 1536/1536/917 731/731/316 736/736/321 1539/1539/920 
f 739/739/324 1540/1540/921 1541/1541/922 740/740/325 
f 1540/1540/921 830/830/416 828/828/414 1541/1541/922 
f 824/824/410 1538/1538/919 1541/1541/922 828/828/414 
f 1538/1538/919 735/735/320 740/740/325 1541/1541/922 
f 743/743/328 1542/1542/923 1543/1543/924 744/744/329 
f 1542/1542/923 836/836/422 834/834/420 1543/1543/924 
f 830/830/416 1540/1540/921 1543/1543/924 834/834/420 
f 1540/1540/921 739/739/324 744/744/329 1543/1543/924 
f 747/747/332 1544/1544/925 1545/1545/926 748/748/333 
f 1544/1544/925 842/842/428 840/840/426 1545/1545/926 
f 836/836/422 1542/1542/923 1545/1545/926 840/840/426 
f 1542/1542/923 743/743/328 748/748/333 1545/1545/926 
f 751/751/336 1546/1546/927 1547/1547/928 752/752/337 
f 1546/1546/927 848/848/434 846/846/432 1547/1547/928 
f 842/842/428 1544/1544/925 1547/1547/928 846/846/432 
f 1544/1544/925 747/747/332 752/752/337 1547/1547/928 
f 755/755/340 1548/1548/929 1549/1549/930 756/756/341 
f 1548/1548/929 854/854/440 852/852/438 1549/1549/930 
f 848/848/434 1546/1546/927 1549/1549/930 852/852/438 
f 1546/1546/927 751/751/336 756/756/341 1549/1549/930 
f 759/759/344 1550/1550/931 1551/1551/932 760/760/345 
f 1550/1550/931 860/860/446 858/858/444 1551/1551/932 
f 854/2139/440 1548/2136/929 1551/1551/932 858/858/444 
f 1548/2136/929 755/2131/340 760/760/345 1551/1551/932 
f 763/763/348 1552/1552/933 1553/1553/934 764/764/349 
f 1552/1552/933 866/866/452 864/864/450 1553/1553/934 
f 860/860/446 1550/1550/931 1553/1553/934 864/864/450 
f 1550/1550/931 759/759/344 764/764/349 1553/1553/934 
f 767/767/352 1554/1554/935 1555/1555/936 768/768/353 
f 1554/1554/935 872/872/458 870/870/456 1555/1555/936 
f 866/866/452 1552/1552/933 1555/1555/936 870/870/456 
f 1552/1552/933 763/763/348 768/768/353 1555/1555/936 
f 704/704/289 1523/1523/904 1556/1556/937 770/770/355 
f 1523/1523/904 771/771/357 876/876/462 1556/1556/937 
f 872/872/458 1554/1554/935 1556/1556/937 876/876/462 
f 1554/1554/935 767/767/352 770/770/355 1556/1556/937 
f 777/777/363 1557/1557/938 1558/1558/939 778/778/364 
f 1557/1557/938 883/883/469 880/880/466 1558/1558/939 
f 879/879/465 1559/1559/940 1558/1558/939 880/880/466 
f 1559/1559/940 779/779/365 778/778/364 1558/1558/939 
f 784/784/370 1560/1560/941 1561/1561/942 785/785/371 
f 1560/1560/941 890/890/476 888/888/474 1561/1561/942 
f 883/883/469 1557/1557/938 1561/1561/942 888/888/474 
f 1557/1557/938 777/777/363 785/785/371 1561/1561/942 
f 790/790/376 1562/1562/943 1563/1563/944 791/791/377 
f 1562/1562/943 896/896/482 894/894/480 1563/1563/944 
f 890/890/476 1560/1560/941 1563/1563/944 894/894/480 
f 1560/1560/941 784/784/370 791/791/377 1563/1563/944 
f 796/796/382 1564/1564/945 1565/1565/946 797/797/383 
f 1564/1564/945 902/902/488 900/900/486 1565/1565/946 
f 896/896/482 1562/1562/943 1565/1565/946 900/900/486 
f 1562/1562/943 790/790/376 797/797/383 1565/1565/946 
f 802/802/388 1566/1566/947 1567/1567/948 803/803/389 
f 1566/1566/947 908/908/494 906/906/492 1567/1567/948 
f 902/902/488 1564/1564/945 1567/1567/948 906/906/492 
f 1564/1564/945 796/796/382 803/803/389 1567/1567/948 
f 808/808/394 1568/1568/949 1569/1569/950 809/809/395 
f 1568/1568/949 914/914/500 912/912/498 1569/1569/950 
f 908/908/494 1566/1566/947 1569/1569/950 912/912/498 
f 1566/1566/947 802/802/388 809/809/395 1569/1569/950 
f 814/814/400 1570/1570/951 1571/1571/952 815/815/401 
f 1570/1570/951 920/920/506 918/918/504 1571/1571/952 
f 914/914/500 1568/1568/949 1571/1571/952 918/918/504 
f 1568/1568/949 808/808/394 815/815/401 1571/1571/952 
f 820/820/406 1572/1572/953 1573/1573/954 821/821/407 
f 1572/1572/953 926/926/512 924/924/510 1573/1573/954 
f 920/920/506 1570/1570/951 1573/1573/954 924/924/510 
f 1570/1570/951 814/814/400 821/821/407 1573/1573/954 
f 826/826/412 1574/1574/955 1575/1575/956 827/827/413 
f 1574/1574/955 932/932/518 930/930/516 1575/1575/956 
f 926/926/512 1572/1572/953 1575/1575/956 930/930/516 
f 1572/1572/953 820/820/406 827/827/413 1575/1575/956 
f 832/832/418 1576/1576/957 1577/1577/958 833/833/419 
f 1576/1576/957 938/938/524 936/936/522 1577/1577/958 
f 932/932/518 1574/1574/955 1577/1577/958 936/936/522 
f 1574/1574/955 826/826/412 833/833/419 1577/1577/958 
f 838/838/424 1578/1578/959 1579/1579/960 839/839/425 
f 1578/1578/959 944/944/530 942/942/528 1579/1579/960 
f 938/938/524 1576/1576/957 1579/1579/960 942/942/528 
f 1576/1576/957 832/832/418 839/839/425 1579/1579/960 
f 844/844/430 1580/1580/961 1581/1581/962 845/845/431 
f 1580/1580/961 950/950/536 948/948/534 1581/1581/962 
f 944/944/530 1578/1578/959 1581/1581/962 948/948/534 
f 1578/1578/959 838/838/424 845/845/431 1581/1581/962 
f 850/850/436 1582/1582/963 1583/1583/964 851/851/437 
f 1582/1582/963 956/956/542 954/954/540 1583/1583/964 
f 950/950/536 1580/1580/961 1583/1583/964 954/954/540 
f 1580/1580/961 844/844/430 851/851/437 1583/1583/964 
f 856/856/442 1584/1584/965 1585/1585/966 857/857/443 
f 1584/1584/965 962/962/548 960/960/546 1585/1585/966 
f 956/956/542 1582/1582/963 1585/1585/966 960/960/546 
f 1582/1582/963 850/850/436 857/857/443 1585/1585/966 
f 862/862/448 1586/1586/967 1587/1587/968 863/863/449 
f 1586/1586/967 968/968/554 966/966/552 1587/1587/968 
f 962/2146/548 1584/2145/965 1587/1587/968 966/966/552 
f 1584/2145/965 856/2147/442 863/863/449 1587/1587/968 
f 868/868/454 1588/1588/969 1589/1589/970 869/869/455 
f 1588/1588/969 974/974/560 972/972/558 1589/1589/970 
f 968/968/554 1586/1586/967 1589/1589/970 972/972/558 
f 1586/1586/967 862/862/448 869/869/455 1589/1589/970 
f 874/874/460 1590/1590/971 1591/1591/972 875/875/461 
f 1590/1590/971 980/980/566 978/978/564 1591/1591/972 
f 974/974/560 1588/1588/969 1591/1591/972 978/978/564 
f 1588/1588/969 868/868/454 875/875/461 1591/1591/972 
f 779/779/365 1559/1559/940 1592/1592/973 878/878/464 
f 1559/1559/940 879/879/465 984/984/570 1592/1592/973 
f 980/980/566 1590/1590/971 1592/1592/973 984/984/570 
f 1590/1590/971 874/874/460 878/878/464 1592/1592/973 
f 885/885/471 1593/1593/974 1594/1594/975 886/886/472 
f 1593/1593/974 991/2117/577 988/2115/574 1594/1594/975 
f 987/2106/573 1595/1595/976 1594/1594/975 988/2115/574 
f 1595/1595/976 887/887/473 886/886/472 1594/1594/975 
f 892/892/478 1596/1596/977 1597/1597/978 893/893/479 
f 1596/1596/977 998/2119/581 996/2118/579 1597/1597/978 
f 991/2117/577 1593/1593/974 1597/1597/978 996/2118/579 
f 1593/1593/974 885/885/471 893/893/479 1597/1597/978 
f 898/898/484 1598/1598/979 1599/1599/980 899/899/485 
f 1598/1598/979 1004/2121/586 1002/2120/584 1599/1599/980 
f 998/2119/581 1596/1596/977 1599/1599/980 1002/2120/584 
f 1596/1596/977 892/892/478 899/899/485 1599/1599/980 
f 904/904/490 1600/1600/981 1601/1601/982 905/905/491 
f 1600/1600/981 1010/2123/591 1008/2122/589 1601/1601/982 
f 1004/2121/586 1598/1598/979 1601/1601/982 1008/2122/589 
f 1598/1598/979 898/898/484 905/905/491 1601/1601/982 
f 910/910/496 1602/1602/983 1603/1603/984 911/911/497 
f 1602/1602/983 1016/2125/596 1014/2124/594 1603/1603/984 
f 1010/2123/591 1600/1600/981 1603/1603/984 1014/2124/594 
f 1600/1600/981 904/904/490 911/911/497 1603/1603/984 
f 916/916/502 1604/1604/985 1605/1605/986 917/917/503 
f 1604/1604/985 1022/2092/600 1020/2091/598 1605/1605/986 
f 1016/2125/596 1602/1602/983 1605/1605/986 1020/2091/598 
f 1602/1602/983 910/910/496 917/917/503 1605/1605/986 
f 922/922/508 1606/1606/987 1607/1607/988 923/923/509 
f 1606/1606/987 1028/2096/604 1026/2093/602 1607/1607/988 
f 1022/2092/600 1604/1604/985 1607/1607/988 1026/2093/602 
f 1604/1604/985 916/916/502 923/923/509 1607/1607/988 
f 928/928/514 1608/1608/989 1609/1609/990 929/929/515 
f 1608/1608/989 1034/2126/608 1032/2116/606 1609/1609/990 
f 1028/2096/604 1606/1606/987 1609/1609/990 1032/2116/606 
f 1606/1606/987 922/922/508 929/929/515 1609/1609/990 
f 934/934/520 1610/1610/991 1611/1611/992 935/935/521 
f 1610/1610/991 1040/2099/612 1038/2098/610 1611/1611/992 
f 1034/2126/608 1608/1608/989 1611/1611/992 1038/2098/610 
f 1608/1608/989 928/928/514 935/935/521 1611/1611/992 
f 940/940/526 1612/1612/993 1613/1613/994 941/941/527 
f 1612/1612/993 1046/2097/616 1044/2094/614 1613/1613/994 
f 1040/2099/612 1610/1610/991 1613/1613/994 1044/2094/614 
f 1610/1610/991 934/934/520 941/941/527 1613/1613/994 
f 946/946/532 1614/1614/995 1615/1615/996 947/947/533 
f 1614/1614/995 1052/2101/620 1050/2100/618 1615/1615/996 
f 1046/2097/616 1612/1612/993 1615/1615/996 1050/2100/618 
f 1612/1612/993 940/940/526 947/947/533 1615/1615/996 
f 952/952/538 1616/1616/997 1617/1617/998 953/953/539 
f 1616/1616/997 1058/2103/624 1056/2102/622 1617/1617/998 
f 1052/2101/620 1614/1614/995 1617/1617/998 1056/2102/622 
f 1614/1614/995 946/946/532 953/953/539 1617/1617/998 
f 958/958/544 1618/1618/999 1619/1619/1000 959/959/545 
f 1618/1618/999 1064/2105/628 1062/2104/626 1619/1619/1000 
f 1058/2103/624 1616/1616/997 1619/1619/1000 1062/2104/626 
f 1616/1616/997 952/952/538 959/959/545 1619/1619/1000 
f 964/964/550 1620/1620/1001 1621/1621/1002 965/965/551 
f 1620/1620/1001 1070/2108/632 1068/2107/630 1621/1621/1002 
f 1064/2105/628 1618/1618/999 1621/1621/1002 1068/2107/630 
f 1618/1618/999 958/958/544 965/965/551 1621/1621/1002 
f 970/970/556 1622/1622/1003 1623/1623/1004 971/971/557 
f 1622/1622/1003 1076/2110/636 1074/2109/634 1623/1623/1004 
f 1070/2142/632 1620/2141/1001 1623/1623/1004 1074/2109/634 
f 1620/2141/1001 964/2143/550 971/971/557 1623/1623/1004 
f 976/976/562 1624/1624/1005 1625/1625/1006 977/977/563 
f 1624/1624/1005 1082/2112/640 1080/2111/638 1625/1625/1006 
f 1076/2110/636 1622/1622/1003 1625/1625/1006 1080/2111/638 
f 1622/1622/1003 970/970/556 977/977/563 1625/1625/1006 
f 982/982/568 1626/1626/1007 1627/1627/1008 983/983/569 
f 1626/1626/1007 1088/2114/644 1086/2113/642 1627/1627/1008 
f 1082/2112/640 1624/1624/1005 1627/1627/1008 1086/2113/642 
f 1624/1624/1005 976/976/562 983/983/569 1627/1627/1008 
f 887/887/473 1595/1595/976 1628/1628/1009 986/986/572 
f 1595/1595/976 987/2106/573 1092/2095/646 1628/1628/1009 
f 1088/2114/644 1626/1626/1007 1628/1628/1009 1092/2095/646 
f 1626/1626/1007 982/982/568 986/986/572 1628/1628/1009 
f 993/993/8 1629/1629/124 1630/1630/9 994/994/9 
f 1629/1629/124 1631/1631/124 1632/1632/1010 1630/1630/9 
f 1633/1633/115 1634/1634/115 1630/1630/9 1632/1632/1010 
f 1634/1634/115 995/995/115 994/994/9 1630/1630/9 
f 1000/1000/117 1635/1635/117 1636/1636/583 1001/1001/583 
f 1635/1635/117 1637/1637/117 1638/1638/583 1636/1636/583 
f 1631/1631/124 1629/1629/124 1636/1636/583 1638/1638/583 
f 1629/1629/124 993/993/8 1001/1001/583 1636/1636/583 
f 1006/1006/21 1639/1639/222 1640/1640/588 1007/1007/588 
f 1639/1639/222 1641/1641/222 1642/1642/22 1640/1640/588 
f 1637/1637/117 1635/1635/117 1640/1640/588 1642/1642/22 
f 1635/1635/117 1000/1000/117 1007/1007/588 1640/1640/588 
f 1012/1012/27 1643/1643/27 1644/1644/28 1013/1013/593 
f 1643/1643/27 1645/1645/27 1646/1646/28 1644/1644/28 
f 1641/1641/222 1639/1639/222 1644/1644/28 1646/1646/28 
f 1639/1639/222 1006/1006/21 1013/1013/593 1644/1644/28 
f 1018/1018/33 1647/1647/231 1648/1648/110 1019/1019/110 
f 1647/1647/231 1649/1649/231 1650/1650/110 1648/1648/110 
f 1645/1645/27 1643/1643/27 1648/1648/110 1650/1650/110 
f 1643/1643/27 1012/1012/27 1019/1019/110 1648/1648/110 
f 1024/1024/119 1651/1651/119 1652/1652/40 1025/1025/40 
f 1651/1651/119 1653/1653/39 1654/1654/40 1652/1652/40 
f 1649/1649/231 1647/1647/231 1652/1652/40 1654/1654/40 
f 1647/1647/231 1018/1018/33 1025/1025/40 1652/1652/40 
f 1030/1030/45 1655/1655/1011 1656/1656/46 1031/1031/46 
f 1655/1655/1011 1657/1657/1011 1658/1658/46 1656/1656/46 
f 1653/1653/39 1651/1651/119 1656/1656/46 1658/1658/46 
f 1651/1651/119 1024/1024/119 1031/1031/46 1656/1656/46 
f 1036/1036/51 1659/1659/51 1660/1660/52 1037/1037/52 
f 1659/1659/51 1661/1661/51 1662/1662/52 1660/1660/52 
f 1657/1657/1011 1655/1655/1011 1660/1660/52 1662/1662/52 
f 1655/1655/1011 1030/1030/45 1037/1037/52 1660/1660/52 
f 1042/1042/112 1663/1663/1012 1664/1664/126 1043/1043/58 
f 1663/1663/1012 1665/1665/1012 1666/1666/126 1664/1664/126 
f 1661/1661/51 1659/1659/51 1664/1664/126 1666/1666/126 
f 1659/1659/51 1036/1036/51 1043/1043/58 1664/1664/126 
f 1048/1048/252 1667/1667/63 1668/1668/1013 1049/1049/64 
f 1667/1667/63 1669/1669/252 1670/1670/1013 1668/1668/1013 
f 1665/1665/1012 1663/1663/1012 1668/1668/1013 1670/1670/1013 
f 1663/1663/1012 1042/1042/112 1049/1049/64 1668/1668/1013 
f 1054/1054/69 1671/1671/113 1672/1672/70 1055/1055/70 
f 1671/1671/113 1673/1673/113 1674/1674/127 1672/1672/70 
f 1669/1669/252 1667/1667/63 1672/1672/70 1674/1674/127 
f 1667/1667/63 1048/1048/252 1055/1055/70 1672/1672/70 
f 1060/1060/75 1675/1675/120 1676/1676/76 1061/1061/76 
f 1675/1675/120 1677/1677/75 1678/1678/1014 1676/1676/76 
f 1673/1673/113 1671/1671/113 1676/1676/76 1678/1678/1014 
f 1671/1671/113 1054/1054/69 1061/1061/76 1676/1676/76 
f 1066/1066/121 1679/1679/81 1680/1680/82 1067/1067/82 
f 1679/1679/81 1681/1681/81 1682/1682/82 1680/1680/82 
f 1677/1677/75 1675/1675/120 1680/1680/82 1682/1682/82 
f 1675/1675/120 1060/1060/75 1067/1067/82 1680/1680/82 
f 1072/1072/129 1683/1683/129 1684/1684/88 1073/1073/88 
f 1683/1683/129 1685/1685/87 1686/1686/88 1684/1684/88 
f 1681/1681/81 1679/1679/81 1684/1684/88 1686/1686/88 
f 1679/1679/81 1066/1066/121 1073/1073/88 1684/1684/88 
f 1078/1078/114 1687/1687/93 1688/1688/94 1079/1079/94 
f 1687/1687/93 1689/1689/93 1690/1690/94 1688/1688/94 
f 1685/1685/87 1683/1683/129 1688/1688/94 1690/1690/94 
f 1683/1683/129 1072/1072/129 1079/1079/94 1688/1688/94 
f 1084/1084/99 1691/1691/99 1692/1692/100 1085/1085/100 
f 1691/1691/99 1693/1693/277 1694/1694/1015 1692/1692/100 
f 1689/1689/93 1687/1687/93 1692/1692/100 1694/1694/1015 
f 1687/1687/93 1078/1078/114 1085/1085/100 1692/1692/100 
f 1090/1090/105 1695/1695/123 1696/1696/106 1091/1091/106 
f 1695/1695/123 1697/1697/123 1698/1698/106 1696/1696/106 
f 1693/1693/277 1691/1691/99 1696/1696/106 1698/1698/106 
f 1691/1691/99 1084/1084/99 1091/1091/106 1696/1696/106 
f 995/995/115 1634/1634/115 1699/1699/109 1094/1094/116 
f 1634/1634/115 1633/1633/115 1700/1700/116 1699/1699/109 
f 1697/1697/123 1695/1695/123 1699/1699/109 1700/1700/116 
f 1695/1695/123 1090/1090/105 1094/1094/116 1699/1699/109 
f 417/417/133 1701/1701/1016 1702/1702/1017 418/418/131 
f 1701/1701/1016 523/523/211 520/520/208 1702/1702/1017 
f 519/519/207 1703/1703/1018 1702/1702/1017 520/520/208 
f 1703/1703/1018 419/419/131 418/418/131 1702/1702/1017 
f 424/424/133 1704/1704/1019 1705/1705/1020 425/425/131 
f 1704/1704/1019 530/530/216 528/528/214 1705/1705/1020 
f 523/523/211 1701/1701/1016 1705/1705/1020 528/528/214 
f 1701/1701/1016 417/417/133 425/425/131 1705/1705/1020 
f 430/430/133 1706/1706/1021 1707/1707/1022 431/431/131 
f 1706/1706/1021 536/536/220 534/534/218 1707/1707/1022 
f 530/530/216 1704/1704/1019 1707/1707/1022 534/534/218 
f 1704/1704/1019 424/424/133 431/431/131 1707/1707/1022 
f 436/436/133 1708/1708/1023 1709/1709/1024 437/437/131 
f 1708/1708/1023 542/542/225 540/540/223 1709/1709/1024 
f 536/536/220 1706/1706/1021 1709/1709/1024 540/540/223 
f 1706/1706/1021 430/430/133 437/437/131 1709/1709/1024 
f 442/442/156 1710/1710/1025 1711/1711/1026 443/443/131 
f 1710/1710/1025 548/548/229 546/546/227 1711/1711/1026 
f 542/542/225 1708/1708/1023 1711/1711/1026 546/546/227 
f 1708/1708/1023 436/436/133 443/443/131 1711/1711/1026 
f 448/448/156 1712/1712/1027 1713/1713/1028 449/449/132 
f 1712/1712/1027 554/554/234 552/552/232 1713/1713/1028 
f 548/548/229 1710/1710/1025 1713/1713/1028 552/552/232 
f 1710/1710/1025 442/442/156 449/449/132 1713/1713/1028 
f 454/454/156 1714/1714/1029 1715/1715/1030 455/455/132 
f 1714/1714/1029 560/560/238 558/558/236 1715/1715/1030 
f 554/554/234 1712/1712/1027 1715/1715/1030 558/558/236 
f 1712/1712/1027 448/448/156 455/455/132 1715/1715/1030 
f 460/460/156 1716/1716/1031 1717/1717/1032 461/461/132 
f 1716/1716/1031 566/566/242 564/564/240 1717/1717/1032 
f 560/560/238 1714/1714/1029 1717/1717/1032 564/564/240 
f 1714/1714/1029 454/454/156 461/461/132 1717/1717/1032 
f 466/466/156 1718/1718/1033 1719/1719/1034 467/467/133 
f 1718/1718/1033 572/572/246 570/570/244 1719/1719/1034 
f 566/566/242 1716/1716/1031 1719/1719/1034 570/570/244 
f 1716/1716/1031 460/460/156 467/467/133 1719/1719/1034 
f 472/472/132 1720/1720/1035 1721/1721/1036 473/473/156 
f 1720/1720/1035 578/578/250 576/576/248 1721/1721/1036 
f 572/572/246 1718/1718/1033 1721/1721/1036 576/576/248 
f 1718/1718/1033 466/466/156 473/473/156 1721/1721/1036 
f 478/478/132 1722/1722/1037 1723/1723/1038 479/479/131 
f 1722/1722/1037 584/584/255 582/582/253 1723/1723/1038 
f 578/578/250 1720/1720/1035 1723/1723/1038 582/582/253 
f 1720/1720/1035 472/472/132 479/479/131 1723/1723/1038 
f 484/484/132 1724/1724/1039 1725/1725/1040 485/485/156 
f 1724/1724/1039 590/590/259 588/588/257 1725/1725/1040 
f 584/584/255 1722/1722/1037 1725/1725/1040 588/588/257 
f 1722/1722/1037 478/478/132 485/485/156 1725/1725/1040 
f 490/490/132 1726/1726/1041 1727/1727/1042 491/491/156 
f 1726/1726/1041 596/596/263 594/594/261 1727/1727/1042 
f 590/590/259 1724/1724/1039 1727/1727/1042 594/594/261 
f 1724/1724/1039 484/484/132 491/491/156 1727/1727/1042 
f 496/496/131 1728/1728/1043 1729/1729/1044 497/497/131 
f 1728/1728/1043 602/602/267 600/600/265 1729/1729/1044 
f 596/596/263 1726/1726/1041 1729/1729/1044 600/600/265 
f 1726/1726/1041 490/490/132 497/497/131 1729/1729/1044 
f 502/502/131 1730/1730/1045 1731/1731/1046 503/503/133 
f 1730/1730/1045 608/608/271 606/606/269 1731/1731/1046 
f 602/2135/267 1728/2128/1043 1731/1731/1046 606/606/269 
f 1728/2128/1043 496/2133/131 503/503/133 1731/1731/1046 
f 508/508/131 1732/1732/1047 1733/1733/1048 509/509/132 
f 1732/1732/1047 614/614/275 612/612/273 1733/1733/1048 
f 608/608/271 1730/1730/1045 1733/1733/1048 612/612/273 
f 1730/1730/1045 502/502/131 509/509/132 1733/1733/1048 
f 514/514/131 1734/1734/1049 1735/1735/1050 515/515/133 
f 1734/1734/1049 620/620/280 618/618/278 1735/1735/1050 
f 614/614/275 1732/1732/1047 1735/1735/1050 618/618/278 
f 1732/1732/1047 508/508/131 515/515/133 1735/1735/1050 
f 419/419/131 1703/1703/1018 1736/1736/1051 518/518/133 
f 1703/1703/1018 519/519/207 624/624/282 1736/1736/1051 
f 620/620/280 1734/1734/1049 1736/1736/1051 624/624/282 
f 1734/1734/1049 514/514/131 518/518/133 1736/1736/1051 
f 335/335/124 1737/1737/1052 1738/1738/1053 336/336/9 
f 1737/1737/1052 415/2088/138 412/2060/135 1738/1738/1053 
f 411/2065/134 1739/1739/1054 1738/1738/1053 412/2060/135 
f 1739/1739/1054 337/337/115 336/336/9 1738/1738/1053 
f 340/340/117 1740/1740/1055 1741/1741/1056 341/341/16 
f 1740/1740/1055 422/2083/142 420/2080/140 1741/1741/1056 
f 415/2088/138 1737/1737/1052 1741/1741/1056 420/2080/140 
f 1737/1737/1052 335/335/124 341/341/16 1741/1741/1056 
f 344/344/21 1742/1742/1057 1743/1743/1058 345/345/22 
f 1742/1742/1057 428/2081/146 426/2087/144 1743/1743/1058 
f 422/2083/142 1740/1740/1055 1743/1743/1058 426/2087/144 
f 1740/1740/1055 340/340/117 345/345/22 1743/1743/1058 
f 348/348/118 1744/1744/1059 1745/1745/1060 349/349/28 
f 1744/1744/1059 434/2057/150 432/2055/148 1745/1745/1060 
f 428/2081/146 1742/1742/1057 1745/1745/1060 432/2055/148 
f 1742/1742/1057 344/344/21 349/349/28 1745/1745/1060 
f 352/352/125 1746/1746/1061 1747/1747/1062 353/353/110 
f 1746/1746/1061 440/2063/154 438/2056/152 1747/1747/1062 
f 434/2057/150 1744/1744/1059 1747/1747/1062 438/2056/152 
f 1744/1744/1059 348/348/118 353/353/110 1747/1747/1062 
f 356/356/119 1748/1748/1063 1749/1749/1064 357/357/40 
f 1748/1748/1063 446/2078/159 444/2082/157 1749/1749/1064 
f 440/2063/154 1746/1746/1061 1749/1749/1064 444/2082/157 
f 1746/1746/1061 352/352/125 357/357/40 1749/1749/1064 
f 360/360/45 1750/1750/1065 1751/1751/1066 361/361/46 
f 1750/1750/1065 452/2068/163 450/2079/161 1751/1751/1066 
f 446/2078/159 1748/1748/1063 1751/1751/1066 450/2079/161 
f 1748/1748/1063 356/356/119 361/361/46 1751/1751/1066 
f 364/364/51 1752/1752/1067 1753/1753/1068 365/365/52 
f 1752/1752/1067 458/2086/167 456/2062/165 1753/1753/1068 
f 452/2068/163 1750/1750/1065 1753/1753/1068 456/2062/165 
f 1750/1750/1065 360/360/45 365/365/52 1753/1753/1068 
f 368/368/57 1754/1754/1069 1755/1755/1070 369/369/126 
f 1754/1754/1069 464/2084/171 462/2089/169 1755/1755/1070 
f 458/2086/167 1752/1752/1067 1755/1755/1070 462/2089/169 
f 1752/1752/1067 364/364/51 369/369/126 1755/1755/1070 
f 372/372/63 1756/1756/1071 1757/1757/1072 373/373/64 
f 1756/1756/1071 470/2066/175 468/2059/173 1757/1757/1072 
f 464/2084/171 1754/1754/1069 1757/1757/1072 468/2059/173 
f 1754/1754/1069 368/368/57 373/373/64 1757/1757/1072 
f 376/376/69 1758/1758/1073 1759/1759/1074 377/377/127 
f 1758/1758/1073 476/2074/179 474/2071/177 1759/1759/1074 
f 470/2066/175 1756/1756/1071 1759/1759/1074 474/2071/177 
f 1756/1756/1071 372/372/63 377/377/127 1759/1759/1074 
f 380/380/120 1760/1760/1075 1761/1761/1076 381/381/76 
f 1760/1760/1075 482/2073/183 480/2072/181 1761/1761/1076 
f 476/2074/179 1758/1758/1073 1761/1761/1076 480/2072/181 
f 1758/1758/1073 376/376/69 381/381/76 1761/1761/1076 
f 384/384/128 1762/1762/1077 1763/1763/1078 385/385/82 
f 1762/1762/1077 488/2064/187 486/2058/185 1763/1763/1078 
f 482/2073/183 1760/1760/1075 1763/1763/1078 486/2058/185 
f 1760/1760/1075 380/380/120 385/385/82 1763/1763/1078 
f 388/388/130 1764/1764/1079 1765/1765/1080 389/389/88 
f 1764/1764/1079 494/2090/191 492/2085/189 1765/1765/1080 
f 488/2064/187 1762/1762/1077 1765/1765/1080 492/2085/189 
f 1762/1762/1077 384/384/128 389/389/88 1765/1765/1080 
f 392/392/93 1766/1766/1081 1767/1767/1082 393/393/94 
f 1766/1766/1081 500/2075/195 498/2067/193 1767/1767/1082 
f 494/2090/191 1764/1764/1079 1767/1767/1082 498/2067/193 
f 1764/1764/1079 388/388/130 393/393/94 1767/1767/1082 
f 396/396/99 1768/1768/1083 1769/1769/1084 397/397/100 
f 1768/1768/1083 506/2070/199 504/2061/197 1769/1769/1084 
f 500/2075/195 1766/1766/1081 1769/1769/1084 504/2061/197 
f 1766/1766/1081 392/392/93 397/397/100 1769/1769/1084 
f 400/400/123 1770/1770/1085 1771/1771/1086 401/401/106 
f 1770/1770/1085 512/512/203 510/2069/201 1771/1771/1086 
f 506/2070/199 1768/1768/1083 1771/1771/1086 510/2069/201 
f 1768/1768/1083 396/396/99 401/401/106 1771/1771/1086 
f 337/337/115 1739/1739/1054 1772/1772/1087 403/403/116 
f 1739/1739/1054 411/2065/134 516/2077/205 1772/1772/1087 
f 512/512/203 1770/1770/1085 1772/1772/1087 516/2077/205 
f 1770/1770/1085 400/400/123 403/403/116 1772/1772/1087 
f 12/12/6 9/9/3 1773/1773/1088 1774/1774/1089 
f 9/9/3 8/8/2 1775/1775/1090 1773/1773/1088 
f 1776/1776/1 1777/1777/1 1773/1773/1088 1775/1775/1090 
f 1777/1777/1 1778/1778/1 1774/1774/1089 1773/1773/1088 
f 8/8/2 113/113/107 1779/1779/1091 1775/1775/1090 
f 113/113/107 109/109/103 1780/1780/1092 1779/1779/1091 
f 1781/1781/1 1782/1782/1 1779/1779/1091 1780/1780/1092 
f 1782/1782/1 1776/1776/1 1775/1775/1090 1779/1779/1091 
f 109/109/103 107/107/101 1783/1783/1093 1780/1780/1092 
f 107/107/101 103/103/97 1784/1784/1094 1783/1783/1093 
f 1785/1785/1 1786/1786/1 1783/1783/1093 1784/1784/1094 
f 1786/1786/1 1781/1781/1 1780/1780/1092 1783/1783/1093 
f 103/103/97 101/101/95 1787/1787/1095 1784/1784/1094 
f 101/101/95 97/97/91 1788/1788/1096 1787/1787/1095 
f 1/1/1 1789/1789/1 1787/1787/1095 1788/1788/1096 
f 1789/1789/1 1785/1785/1 1784/1784/1094 1787/1787/1095 
f 97/97/91 95/95/89 1790/1790/1097 1788/1788/1096 
f 95/95/89 91/91/85 1791/1791/1098 1790/1790/1097 
f 5/5/1 2/2/1 1790/1790/1097 1791/1791/1098 
f 2/2/1 1/1/1 1788/1788/1096 1790/1790/1097 
f 91/91/85 89/89/83 1792/1792/1099 1791/1791/1098 
f 89/89/83 85/85/79 1793/1793/1100 1792/1792/1099 
f 1794/1794/1 1795/1795/1 1792/1792/1099 1793/1793/1100 
f 1795/1795/1 5/5/1 1791/1791/1098 1792/1792/1099 
f 85/85/79 83/83/77 1796/1796/1101 1793/1793/1100 
f 83/83/77 79/79/73 1797/1797/1102 1796/1796/1101 
f 1798/1798/1 1799/1799/1 1796/1796/1101 1797/1797/1102 
f 1799/1799/1 1794/1794/1 1793/1793/1100 1796/1796/1101 
f 79/79/73 77/77/71 1800/1800/1103 1797/1797/1102 
f 77/77/71 73/73/67 1801/1801/1104 1800/1800/1103 
f 1802/1802/1 1803/1803/1 1800/1800/1103 1801/1801/1104 
f 1803/1803/1 1798/1798/1 1797/1797/1102 1800/1800/1103 
f 73/73/67 71/71/65 1804/1804/1105 1801/1801/1104 
f 71/71/65 67/67/61 1805/1805/1106 1804/1804/1105 
f 1806/1806/1 1807/1807/1 1804/1804/1105 1805/1805/1106 
f 1807/1807/1 1802/1802/1 1801/1801/1104 1804/1804/1105 
f 67/67/61 65/65/59 1808/1808/1107 1805/1805/1106 
f 65/65/59 61/61/55 1809/1809/1108 1808/1808/1107 
f 1810/1810/1 1811/1811/1 1808/1808/1107 1809/1809/1108 
f 1811/1811/1 1806/1806/1 1805/1805/1106 1808/1808/1107 
f 61/61/55 59/59/53 1812/1812/1109 1809/1809/1108 
f 59/59/53 55/55/49 1813/1813/1110 1812/1812/1109 
f 1814/1814/1 1815/1815/1 1812/1812/1109 1813/1813/1110 
f 1815/1815/1 1810/1810/1 1809/1809/1108 1812/1812/1109 
f 55/55/49 53/53/47 1816/1816/1111 1813/1813/1110 
f 53/53/47 49/49/43 1817/1817/1112 1816/1816/1111 
f 1818/1818/1 1819/1819/1 1816/1816/1111 1817/1817/1112 
f 1819/1819/1 1814/1814/1 1813/1813/1110 1816/1816/1111 
f 49/49/43 47/47/41 1820/1820/1113 1817/1817/1112 
f 47/47/41 43/43/37 1821/1821/1114 1820/1820/1113 
f 1822/1822/1 1823/1823/1 1820/1820/1113 1821/1821/1114 
f 1823/1823/1 1818/1818/1 1817/1817/1112 1820/1820/1113 
f 43/43/37 41/41/35 1824/1824/1115 1821/1821/1114 
f 41/41/35 37/37/31 1825/1825/1116 1824/1824/1115 
f 1826/1826/1 1827/1827/1 1824/1824/1115 1825/1825/1116 
f 1827/1827/1 1822/1822/1 1821/1821/1114 1824/1824/1115 
f 37/37/31 35/35/29 1828/1828/1117 1825/1825/1116 
f 35/35/29 31/31/25 1829/1829/1118 1828/1828/1117 
f 1830/1830/1 1831/1831/1 1828/1828/1117 1829/1829/1118 
f 1831/1831/1 1826/1826/1 1825/1825/1116 1828/1828/1117 
f 31/31/25 29/29/23 1832/1832/1119 1829/1829/1118 
f 29/29/23 25/25/19 1833/1833/1120 1832/1832/1119 
f 1834/1834/1 1835/1835/1 1832/1832/1119 1833/1833/1120 
f 1835/1835/1 1830/1830/1 1829/1829/1118 1832/1832/1119 
f 25/25/19 23/23/17 1836/1836/1121 1833/1833/1120 
f 23/23/17 19/19/13 1837/1837/1122 1836/1836/1121 
f 1838/1838/1 1839/1839/1 1836/1836/1121 1837/1837/1122 
f 1839/1839/1 1834/1834/1 1833/1833/1120 1836/1836/1121 
f 19/19/13 17/17/11 1840/1840/1123 1837/1837/1122 
f 17/17/11 12/12/6 1774/1774/1089 1840/1840/1123 
f 1778/1778/1 1841/1841/1 1840/1840/1123 1774/1774/1089 
f 1841/1841/1 1838/1838/1 1837/1837/1122 1840/1840/1123 
f 1778/1778/1 1777/1777/1 1842/1842/1 1843/1843/1 
f 1777/1777/1 1776/1776/1 1844/1844/1 1842/1842/1 
f 7/7/1 1843/1843/1 1842/1842/1 1844/1844/1 
f 1806/1806/1 1811/1811/1 1845/1845/1 1846/1846/1 
f 1811/1811/1 1810/1810/1 1847/1847/1 1845/1845/1 
f 7/7/1 1846/1846/1 1845/1845/1 1847/1847/1 
f 7/7/1 1847/1847/1 1848/1848/1 1849/1849/1 
f 1847/1847/1 1810/1810/1 1815/1815/1 1848/1848/1 
f 1814/1814/1 1849/1849/1 1848/1848/1 1815/1815/1 
f 1838/1838/1 1841/1841/1 1850/1850/1 1851/1851/1 
f 1841/1841/1 1778/1778/1 1843/1843/1 1850/1850/1 
f 7/7/1 1851/1851/1 1850/1850/1 1843/1843/1 
f 7/7/1 1844/1844/1 1852/1852/1 1853/1853/1 
f 1844/1844/1 1776/1776/1 1782/1782/1 1852/1852/1 
f 1781/1781/1 1853/1853/1 1852/1852/1 1782/1782/1 
f 1802/1802/1 1807/1807/1 1854/1854/1 1855/1855/1 
f 1807/1807/1 1806/1806/1 1846/1846/1 1854/1854/1 
f 7/7/1 1855/1855/1 1854/1854/1 1846/1846/1 
f 7/7/1 1849/1849/1 1856/1856/1 1857/1857/1 
f 1849/1849/1 1814/1814/1 1819/1819/1 1856/1856/1 
f 1818/1818/1 1857/1857/1 1856/1856/1 1819/1819/1 
f 1834/1834/1 1839/1839/1 1858/1858/1 1859/1859/1 
f 1839/1839/1 1838/1838/1 1851/1851/1 1858/1858/1 
f 7/7/1 1859/1859/1 1858/1858/1 1851/1851/1 
f 7/7/1 1853/1853/1 1860/1860/1 1861/1861/1 
f 1853/1853/1 1781/1781/1 1786/1786/1 1860/1860/1 
f 1785/1785/1 1861/1861/1 1860/1860/1 1786/1786/1 
f 1798/1798/1 1803/1803/1 1862/1862/1 1863/1863/1 
f 1803/1803/1 1802/1802/1 1855/1855/1 1862/1862/1 
f 7/7/1 1863/1863/1 1862/1862/1 1855/1855/1 
f 7/7/1 1857/1857/1 1864/1864/1 1865/1865/1 
f 1857/1857/1 1818/1818/1 1823/1823/1 1864/1864/1 
f 1822/1822/1 1865/1865/1 1864/1864/1 1823/1823/1 
f 1830/1830/1 1835/1835/1 1866/1866/1 1867/1867/1 
f 1835/1835/1 1834/1834/1 1859/1859/1 1866/1866/1 
f 7/7/1 1867/1867/1 1866/1866/1 1859/1859/1 
f 7/7/1 1861/1861/1 1868/1868/1 4/4/1 
f 1861/1861/1 1785/1785/1 1789/1789/1 1868/1868/1 
f 1/1/1 4/4/1 1868/1868/1 1789/1789/1 
f 1794/1794/1 1799/1799/1 1869/1869/1 1870/1870/1 
f 1799/1799/1 1798/1798/1 1863/1863/1 1869/1869/1 
f 7/7/1 1870/1870/1 1869/1869/1 1863/1863/1 
f 7/7/1 1871/1871/1 1872/1872/1 1867/1867/1 
f 1871/1871/1 1826/1826/1 1831/1831/1 1872/1872/1 
f 1830/1830/1 1867/1867/1 1872/1872/1 1831/1831/1 
f 5/5/1 1795/1795/1 1873/1873/1 6/6/1 
f 1795/1795/1 1794/1794/1 1870/1870/1 1873/1873/1 
f 7/7/1 6/6/1 1873/1873/1 1870/1870/1 
f 7/7/1 1865/1865/1 1874/1874/1 1871/1871/1 
f 1865/1865/1 1822/1822/1 1827/1827/1 1874/1874/1 
f 1826/1826/1 1871/1871/1 1874/1874/1 1827/1827/1 
f 1209/1209/124 1875/1875/8 1876/1876/9 1210/1210/9 
f 1875/1875/8 1377/1377/8 1380/1380/9 1876/1876/9 
f 1385/1385/115 1877/1877/115 1876/1876/9 1380/1380/9 
f 1877/1877/115 1211/1211/213 1210/1210/9 1876/1876/9 
f 1216/1216/15 1878/1878/15 1879/1879/16 1217/1217/16 
f 1878/1878/15 1386/1386/15 1389/1389/16 1879/1879/16 
f 1377/1377/8 1875/1875/8 1879/1879/16 1389/1389/16 
f 1875/1875/8 1209/1209/124 1217/1217/16 1879/1879/16 
f 1222/1222/21 1880/1880/21 1881/1881/22 1223/1223/22 
f 1880/1880/21 1392/1392/21 1395/1395/22 1881/1881/22 
f 1386/1386/15 1878/1878/15 1881/1881/22 1395/1395/22 
f 1878/1878/15 1216/1216/15 1223/1223/22 1881/1881/22 
f 1228/1228/27 1882/1882/27 1883/1883/593 1229/1229/593 
f 1882/1882/27 1398/1398/118 1401/1401/593 1883/1883/593 
f 1392/1392/21 1880/1880/21 1883/1883/593 1401/1401/593 
f 1880/1880/21 1222/1222/21 1229/1229/593 1883/1883/593 
f 1234/1234/231 1884/1884/33 1885/1885/110 1235/1235/110 
f 1884/1884/33 1404/1404/33 1407/1407/34 1885/1885/110 
f 1398/1398/118 1882/1882/27 1885/1885/110 1407/1407/34 
f 1882/1882/27 1228/1228/27 1235/1235/110 1885/1885/110 
f 1240/1240/39 1886/1886/39 1887/1887/40 1241/1241/40 
f 1886/1886/39 1410/1410/39 1413/1413/40 1887/1887/40 
f 1404/1404/33 1884/1884/33 1887/1887/40 1413/1413/40 
f 1884/1884/33 1234/1234/231 1241/1241/40 1887/1887/40 
f 1246/1246/45 1888/1888/1011 1889/1889/46 1247/1247/750 
f 1888/1888/1011 1416/1416/45 1419/1419/46 1889/1889/46 
f 1410/1410/39 1886/1886/39 1889/1889/46 1419/1419/46 
f 1886/1886/39 1240/1240/39 1247/1247/750 1889/1889/46 
f 1252/1252/51 1890/1890/111 1891/1891/52 1253/1253/52 
f 1890/1890/111 1422/1422/51 1425/1425/52 1891/1891/52 
f 1416/1416/45 1888/1888/1011 1891/1891/52 1425/1425/52 
f 1888/1888/1011 1246/1246/45 1253/1253/52 1891/1891/52 
f 1258/1258/57 1892/1892/57 1893/1893/58 1259/1259/58 
f 1892/1892/57 1428/1428/112 1431/1431/58 1893/1893/58 
f 1422/1422/51 1890/1890/111 1893/1893/58 1431/1431/58 
f 1890/1890/111 1252/1252/51 1259/1259/58 1893/1893/58 
f 1264/1264/63 1894/1894/252 1895/1895/64 1265/1265/64 
f 1894/1894/252 1434/1434/252 1437/1437/64 1895/1895/64 
f 1428/1428/112 1892/1892/57 1895/1895/64 1437/1437/64 
f 1892/1892/57 1258/1258/57 1265/1265/64 1895/1895/64 
f 1270/1270/113 1896/1896/113 1897/1897/127 1271/1271/127 
f 1896/1896/113 1440/1440/69 1443/1443/70 1897/1897/127 
f 1434/1434/252 1894/1894/252 1897/1897/127 1443/1443/70 
f 1894/1894/252 1264/1264/63 1271/1271/127 1897/1897/127 
f 1276/1276/75 1898/1898/120 1899/1899/1124 1277/1277/76 
f 1898/1898/120 1446/1446/120 1449/1449/76 1899/1899/1124 
f 1440/1440/69 1896/1896/113 1899/2222/1124 1449/2223/76 
f 1896/1896/113 1270/1270/113 1277/2220/76 1899/2222/1124 
f 1282/1282/81 1900/1900/128 1901/1901/82 1283/1283/82 
f 1900/1900/128 1452/1452/121 1455/1455/82 1901/1901/82 
f 1446/1446/120 1898/1898/120 1901/1901/82 1455/1455/82 
f 1898/1898/120 1276/1276/75 1283/1283/82 1901/1901/82 
f 1288/1288/129 1902/1902/87 1903/1903/849 1289/1289/88 
f 1902/1902/87 1458/1458/87 1461/1461/849 1903/1903/849 
f 1452/1452/121 1900/1900/128 1903/1903/849 1461/1461/849 
f 1900/1900/128 1282/1282/81 1289/1289/88 1903/1903/849 
f 1294/1294/114 1904/1904/114 1905/1905/94 1295/1295/94 
f 1904/1904/114 1464/1464/114 1467/1467/94 1905/1905/94 
f 1458/1458/87 1902/1902/87 1905/1905/94 1467/1467/94 
f 1902/1902/87 1288/1288/129 1295/1295/94 1905/1905/94 
f 1300/1300/99 1906/1906/99 1907/1907/100 1301/1301/100 
f 1906/1906/99 1470/1470/99 1473/1473/100 1907/1907/100 
f 1464/1464/114 1904/1904/114 1907/1907/100 1473/1473/100 
f 1904/1904/114 1294/1294/114 1301/1301/100 1907/1907/100 
f 1306/1306/123 1908/1908/105 1909/1909/106 1307/1307/106 
f 1908/1908/105 1476/1476/105 1479/1479/106 1909/1909/106 
f 1470/1470/99 1906/1906/99 1909/1909/106 1479/1479/106 
f 1906/1906/99 1300/1300/99 1307/1307/106 1909/1909/106 
f 1211/1211/213 1877/1877/115 1910/1910/109 1310/1310/116 
f 1877/1877/115 1385/1385/115 1483/1483/116 1910/1910/109 
f 1476/1476/105 1908/1908/105 1910/1910/109 1483/1483/116 
f 1908/1908/105 1306/1306/123 1310/1310/116 1910/1910/109 
f 1911/1911/133 1912/1912/1125 1913/1913/1126 1914/1914/132 
f 1912/1912/1125 1207/1207/724 1204/1204/721 1913/1913/1126 
f 1203/1203/720 1915/1915/1127 1913/1913/1126 1204/1204/721 
f 1915/1915/1127 1916/1916/131 1914/1914/132 1913/1913/1126 
f 1917/1917/133 1918/1918/1128 1919/1919/1129 1920/1920/132 
f 1918/1918/1128 1214/1214/728 1212/1212/726 1919/1919/1129 
f 1207/1207/724 1912/1912/1125 1919/1919/1129 1212/1212/726 
f 1912/1912/1125 1911/1911/133 1920/1920/132 1919/1919/1129 
f 1921/1921/133 1922/1922/1130 1923/1923/1131 1924/1924/132 
f 1922/1922/1130 1220/1220/732 1218/1218/730 1923/1923/1131 
f 1214/1214/728 1918/1918/1128 1923/1923/1131 1218/1218/730 
f 1918/1918/1128 1917/1917/133 1924/1924/132 1923/1923/1131 
f 1925/1925/133 1926/1926/1132 1927/1927/1133 1928/1928/132 
f 1926/1926/1132 1226/1226/736 1224/1224/734 1927/1927/1133 
f 1220/1220/732 1922/1922/1130 1927/1927/1133 1224/1224/734 
f 1922/1922/1130 1921/1921/133 1928/1928/132 1927/1927/1133 
f 1929/1929/156 1930/1930/1134 1931/1931/1135 1932/1932/131 
f 1930/1930/1134 1232/1232/740 1230/1230/738 1931/1931/1135 
f 1226/1226/736 1926/1926/1132 1931/1931/1135 1230/1230/738 
f 1926/1926/1132 1925/1925/133 1932/1932/131 1931/1931/1135 
f 1933/1933/156 1934/1934/1136 1935/1935/1137 1936/1936/131 
f 1934/1934/1136 1238/1238/744 1236/1236/742 1935/1935/1137 
f 1232/1232/740 1930/1930/1134 1935/1935/1137 1236/1236/742 
f 1930/1930/1134 1929/1929/156 1936/1936/131 1935/1935/1137 
f 1937/1937/156 1938/1938/1138 1939/1939/1139 1940/1940/131 
f 1938/1938/1138 1244/1244/748 1242/1242/746 1939/1939/1139 
f 1238/1238/744 1934/1934/1136 1939/1939/1139 1242/1242/746 
f 1934/1934/1136 1933/1933/156 1940/1940/131 1939/1939/1139 
f 1941/1941/156 1942/1942/1140 1943/1943/1141 1944/1944/131 
f 1942/1942/1140 1250/1250/753 1248/1248/751 1943/1943/1141 
f 1244/1244/748 1938/1938/1138 1943/1943/1141 1248/1248/751 
f 1938/1938/1138 1937/1937/156 1944/1944/131 1943/1943/1141 
f 1945/1945/132 1946/1946/1142 1947/1947/1143 1948/1948/131 
f 1946/1946/1142 1256/1256/757 1254/1254/755 1947/1947/1143 
f 1250/1250/753 1942/1942/1140 1947/1947/1143 1254/1254/755 
f 1942/1942/1140 1941/1941/156 1948/1948/131 1947/1947/1143 
f 1949/1949/132 1950/1950/1144 1951/1951/1145 1952/1952/133 
f 1950/1950/1144 1262/1262/761 1260/1260/759 1951/1951/1145 
f 1256/1256/757 1946/1946/1142 1951/1951/1145 1260/1260/759 
f 1946/1946/1142 1945/1945/132 1952/1952/133 1951/1951/1145 
f 1953/1953/132 1954/1954/1146 1955/1955/1147 1956/1956/133 
f 1954/1954/1146 1268/1268/765 1266/1266/763 1955/1955/1147 
f 1262/1262/761 1950/1950/1144 1955/1955/1147 1266/1266/763 
f 1950/1950/1144 1949/1949/132 1956/1956/133 1955/1955/1147 
f 1957/1957/132 1958/1958/1148 1959/1959/1149 1960/1960/133 
f 1958/1958/1148 1274/1274/769 1272/1272/767 1959/1959/1149 
f 1268/1268/765 1954/1954/1146 1959/1959/1149 1272/1272/767 
f 1954/1954/1146 1953/1953/132 1960/1960/133 1959/1959/1149 
f 1961/1961/132 1962/1962/1150 1963/1963/1151 1964/1964/133 
f 1962/1962/1150 1280/1280/773 1278/1278/771 1963/1963/1151 
f 1274/1274/769 1958/1958/1148 1963/1963/1151 1278/1278/771 
f 1958/1958/1148 1957/1957/132 1964/1964/133 1963/1963/1151 
f 1965/1965/131 1966/1966/1152 1967/1967/1153 1968/1968/133 
f 1966/1966/1152 1286/1286/777 1284/1284/775 1967/1967/1153 
f 1280/1280/773 1962/1962/1150 1967/1967/1153 1284/1284/775 
f 1962/1962/1150 1961/1961/132 1968/1968/133 1967/1967/1153 
f 1969/1969/131 1970/1970/1154 1971/1971/1155 1972/1972/156 
f 1970/1970/1154 1292/1292/781 1290/1290/779 1971/1971/1155 
f 1286/1286/777 1966/1966/1152 1971/1971/1155 1290/1290/779 
f 1966/1966/1152 1965/1965/131 1972/1972/156 1971/1971/1155 
f 1973/1973/131 1974/1974/1156 1975/1975/1157 1976/1976/156 
f 1974/1974/1156 1298/1298/785 1296/1296/783 1975/1975/1157 
f 1292/1292/781 1970/1970/1154 1975/1975/1157 1296/1296/783 
f 1970/1970/1154 1969/1969/131 1976/1976/156 1975/1975/1157 
f 1977/1977/131 1978/1978/1158 1979/1979/1159 1980/1980/156 
f 1978/1978/1158 1304/1304/789 1302/1302/787 1979/1979/1159 
f 1298/1298/785 1974/1974/1156 1979/1979/1159 1302/1302/787 
f 1974/1974/1156 1973/1973/131 1980/1980/156 1979/1979/1159 
f 1916/1916/131 1915/1915/1127 1981/1981/1160 1982/1982/156 
f 1915/1915/1127 1203/1203/720 1308/1308/791 1981/1981/1160 
f 1304/1304/789 1978/1978/1158 1981/1981/1160 1308/1308/791 
f 1978/1978/1158 1977/1977/131 1982/1982/156 1981/1981/1160 
f 1631/1631/124 1983/1983/1161 1984/1984/1162 1632/1632/1010 
f 1983/1983/1161 1099/1099/652 1096/1096/649 1984/1984/1162 
f 1095/1095/648 1985/1985/1163 1984/1984/1162 1096/1096/649 
f 1985/1985/1163 1633/1633/115 1632/1632/1010 1984/1984/1162 
f 1637/1637/117 1986/1986/1164 1987/1987/1165 1638/1638/583 
f 1986/1986/1164 1106/1106/656 1104/1104/654 1987/1987/1165 
f 1099/1099/652 1983/1983/1161 1987/1987/1165 1104/1104/654 
f 1983/1983/1161 1631/1631/124 1638/1638/583 1987/1987/1165 
f 1641/1641/222 1988/1988/1166 1989/1989/1167 1642/1642/22 
f 1988/1988/1166 1112/1112/660 1110/1110/658 1989/1989/1167 
f 1106/1106/656 1986/1986/1164 1989/1989/1167 1110/1110/658 
f 1986/1986/1164 1637/1637/117 1642/1642/22 1989/1989/1167 
f 1645/1645/27 1990/1990/1168 1991/1991/1169 1646/1646/28 
f 1990/1990/1168 1118/1118/664 1116/1116/662 1991/1991/1169 
f 1112/1112/660 1988/1988/1166 1991/1991/1169 1116/1116/662 
f 1988/1988/1166 1641/1641/222 1646/1646/28 1991/1991/1169 
f 1649/1649/231 1992/1992/1170 1993/1993/1171 1650/1650/110 
f 1992/1992/1170 1124/1124/668 1122/1122/666 1993/1993/1171 
f 1118/1118/664 1990/1990/1168 1993/1993/1171 1122/1122/666 
f 1990/1990/1168 1645/1645/27 1650/1650/110 1993/1993/1171 
f 1653/1653/39 1994/1994/1172 1995/1995/1173 1654/1654/40 
f 1994/1994/1172 1130/1130/672 1128/1128/670 1995/1995/1173 
f 1124/1124/668 1992/1992/1170 1995/1995/1173 1128/1128/670 
f 1992/1992/1170 1649/1649/231 1654/1654/40 1995/1995/1173 
f 1657/1657/1011 1996/1996/1174 1997/1997/1175 1658/1658/46 
f 1996/1996/1174 1136/1136/676 1134/1134/674 1997/1997/1175 
f 1130/1130/672 1994/1994/1172 1997/1997/1175 1134/1134/674 
f 1994/1994/1172 1653/1653/39 1658/1658/46 1997/1997/1175 
f 1661/1661/51 1998/1998/1176 1999/1999/1177 1662/1662/52 
f 1998/1998/1176 1142/1142/680 1140/1140/678 1999/1999/1177 
f 1136/1136/676 1996/1996/1174 1999/1999/1177 1140/1140/678 
f 1996/1996/1174 1657/1657/1011 1662/1662/52 1999/1999/1177 
f 1665/1665/1012 2000/2000/1178 2001/2001/1179 1666/1666/126 
f 2000/2000/1178 1148/1148/684 1146/1146/682 2001/2001/1179 
f 1142/1142/680 1998/1998/1176 2001/2001/1179 1146/1146/682 
f 1998/1998/1176 1661/1661/51 1666/1666/126 2001/2001/1179 
f 1669/1669/252 2002/2002/1180 2003/2003/1181 1670/1670/1013 
f 2002/2002/1180 1154/1154/688 1152/1152/686 2003/2003/1181 
f 1148/1148/684 2000/2000/1178 2003/2003/1181 1152/1152/686 
f 2000/2000/1178 1665/1665/1012 1670/1670/1013 2003/2003/1181 
f 1673/1673/113 2004/2004/1182 2005/2005/1183 1674/1674/127 
f 2004/2004/1182 1160/1160/692 1158/1158/690 2005/2005/1183 
f 1154/1154/688 2002/2002/1180 2005/2005/1183 1158/1158/690 
f 2002/2002/1180 1669/1669/252 1674/1674/127 2005/2005/1183 
f 1677/1677/75 2006/2006/1184 2007/2007/1185 1678/1678/1014 
f 2006/2006/1184 1166/1166/696 1164/1164/694 2007/2007/1185 
f 1160/1160/692 2004/2004/1182 2007/2007/1185 1164/1164/694 
f 2004/2004/1182 1673/1673/113 1678/1678/1014 2007/2007/1185 
f 1681/1681/81 2008/2008/1186 2009/2009/1187 1682/1682/82 
f 2008/2008/1186 1172/1172/700 1170/1170/698 2009/2009/1187 
f 1166/1166/696 2006/2006/1184 2009/2009/1187 1170/1170/698 
f 2006/2006/1184 1677/1677/75 1682/1682/82 2009/2009/1187 
f 1685/1685/87 2010/2010/1188 2011/2011/1189 1686/1686/88 
f 2010/2010/1188 1178/1178/704 1176/1176/702 2011/2011/1189 
f 1172/1172/700 2008/2008/1186 2011/2011/1189 1176/1176/702 
f 2008/2008/1186 1681/1681/81 1686/1686/88 2011/2011/1189 
f 1689/1689/93 2012/2012/1190 2013/2013/1191 1690/1690/94 
f 2012/2012/1190 1184/1184/708 1182/1182/706 2013/2013/1191 
f 1178/1178/704 2010/2010/1188 2013/2013/1191 1182/1182/706 
f 2010/2010/1188 1685/1685/87 1690/1690/94 2013/2013/1191 
f 1693/1693/277 2014/2014/1192 2015/2015/1193 1694/1694/1015 
f 2014/2014/1192 1190/1190/712 1188/1188/710 2015/2015/1193 
f 1184/1184/708 2012/2012/1190 2015/2015/1193 1188/1188/710 
f 2012/2012/1190 1689/1689/93 1694/1694/1015 2015/2015/1193 
f 1697/1697/123 2016/2016/1194 2017/2017/1195 1698/1698/106 
f 2016/2016/1194 1196/1196/716 1194/1194/714 2017/2017/1195 
f 1190/1190/712 2014/2014/1192 2017/2017/1195 1194/1194/714 
f 2014/2014/1192 1693/1693/277 1698/1698/106 2017/2017/1195 
f 1633/1633/115 1985/1985/1163 2018/2018/1196 1700/1700/116 
f 1985/1985/1163 1095/1095/648 1200/1200/718 2018/2018/1196 
f 1196/1196/716 2016/2016/1194 2018/2018/1196 1200/1200/718 
f 2016/2016/1194 1697/1697/123 1700/1700/116 2018/2018/1196 
f 1101/1101/132 2019/2019/132 2020/2020/132 1102/1102/132 
f 2019/2019/132 1911/1911/133 1914/1914/132 2020/2020/132 
f 1916/1916/131 2021/2021/132 2020/2020/132 1914/1914/132 
f 2021/2021/132 1103/1103/132 1102/1102/132 2020/2020/132 
f 1108/1108/132 2022/2022/132 2023/2023/132 1109/1109/132 
f 2022/2022/132 1917/1917/133 1920/1920/132 2023/2023/132 
f 1911/1911/133 2019/2019/132 2023/2023/132 1920/1920/132 
f 2019/2019/132 1101/1101/132 1109/1109/132 2023/2023/132 
f 1114/1114/132 2024/2024/132 2025/2025/132 1115/1115/132 
f 2024/2024/132 1921/1921/133 1924/1924/132 2025/2025/132 
f 1917/1917/133 2022/2022/132 2025/2025/132 1924/1924/132 
f 2022/2022/132 1108/1108/132 1115/1115/132 2025/2025/132 
f 1120/1120/132 2026/2026/132 2027/2027/132 1121/1121/132 
f 2026/2026/132 1925/1925/133 1928/1928/132 2027/2027/132 
f 1921/1921/133 2024/2024/132 2027/2027/132 1928/1928/132 
f 2024/2024/132 1114/1114/132 1121/1121/132 2027/2027/132 
f 1126/1126/131 2028/2028/131 2029/2029/131 1127/1127/131 
f 2028/2028/131 1929/1929/156 1932/1932/131 2029/2029/131 
f 1925/1925/133 2026/2026/132 2029/2029/131 1932/1932/131 
f 2026/2026/132 1120/1120/132 1127/1127/131 2029/2029/131 
f 1132/1132/131 2030/2030/131 2031/2031/131 1133/1133/131 
f 2030/2030/131 1933/1933/156 1936/1936/131 2031/2031/131 
f 1929/1929/156 2028/2028/131 2031/2031/131 1936/1936/131 
f 2028/2028/131 1126/1126/131 1133/1133/131 2031/2031/131 
f 1138/1138/131 2032/2032/131 2033/2033/131 1139/1139/131 
f 2032/2032/131 1937/1937/156 1940/1940/131 2033/2033/131 
f 1933/1933/156 2030/2030/131 2033/2033/131 1940/1940/131 
f 2030/2030/131 1132/1132/131 1139/1139/131 2033/2033/131 
f 1144/1144/131 2034/2034/131 2035/2035/131 1145/1145/131 
f 2034/2034/131 1941/1941/156 1944/1944/131 2035/2035/131 
f 1937/1937/156 2032/2032/131 2035/2035/131 1944/1944/131 
f 2032/2032/131 1138/1138/131 1145/1145/131 2035/2035/131 
f 1150/1150/131 2036/2036/131 2037/2037/131 1151/1151/131 
f 2036/2036/131 1945/1945/132 1948/1948/131 2037/2037/131 
f 1941/1941/156 2034/2034/131 2037/2037/131 1948/1948/131 
f 2034/2034/131 1144/1144/131 1151/1151/131 2037/2037/131 
f 1156/1156/133 2038/2038/133 2039/2039/133 1157/1157/133 
f 2038/2038/133 1949/1949/132 1952/1952/133 2039/2039/133 
f 1945/1945/132 2036/2036/131 2039/2039/133 1952/1952/133 
f 2036/2036/131 1150/1150/131 1157/1157/133 2039/2039/133 
f 1162/1162/133 2040/2040/133 2041/2041/133 1163/1163/133 
f 2040/2040/133 1953/1953/132 1956/1956/133 2041/2041/133 
f 1949/1949/132 2038/2038/133 2041/2041/133 1956/1956/133 
f 2038/2038/133 1156/1156/133 1163/1163/133 2041/2041/133 
f 1168/1168/133 2042/2042/133 2043/2043/133 1169/1169/133 
f 2042/2042/133 1957/1957/132 1960/1960/133 2043/2043/133 
f 1953/1953/132 2040/2040/133 2043/2043/133 1960/1960/133 
f 2040/2040/133 1162/1162/133 1169/1169/133 2043/2043/133 
f 1174/1174/133 2044/2044/133 2045/2045/133 1175/1175/133 
f 2044/2044/133 1961/1961/132 1964/1964/133 2045/2045/133 
f 1957/1957/132 2042/2042/133 2045/2045/133 1964/1964/133 
f 2042/2042/133 1168/1168/133 1175/1175/133 2045/2045/133 
f 1180/1180/156 2046/2046/156 2047/2047/133 1181/1181/156 
f 2046/2046/156 1965/1965/131 1968/1968/133 2047/2047/133 
f 1961/1961/132 2044/2044/133 2047/2047/133 1968/1968/133 
f 2044/2044/133 1174/1174/133 1181/1181/156 2047/2047/133 
f 1186/1186/156 2048/2048/156 2049/2049/156 1187/1187/156 
f 2048/2048/156 1969/1969/131 1972/1972/156 2049/2049/156 
f 1965/1965/131 2046/2046/156 2049/2049/156 1972/1972/156 
f 2046/2046/156 1180/1180/156 1187/1187/156 2049/2049/156 
f 1192/1192/156 2050/2050/156 2051/2051/156 1193/1193/156 
f 2050/2050/156 1973/1973/131 1976/1976/156 2051/2051/156 
f 1969/1969/131 2048/2048/156 2051/2051/156 1976/1976/156 
f 2048/2048/156 1186/1186/156 1193/1193/156 2051/2051/156 
f 1198/1198/156 2052/2052/156 2053/2053/156 1199/1199/156 
f 2052/2052/156 1977/1977/131 1980/1980/156 2053/2053/156 
f 1973/1973/131 2050/2050/156 2053/2053/156 1980/1980/156 
f 2050/2050/156 1192/1192/156 1199/1199/156 2053/2053/156 
f 1103/1103/132 2021/2021/132 2054/2054/156 1202/1202/156 
f 2021/2021/132 1916/1916/131 1982/1982/156 2054/2054/156 
f 1977/1977/131 2052/2052/156 2054/2054/156 1982/1982/156 
f 2052/2052/156 1198/1198/156 1202/1202/156 2054/2054/156 
#end 2052 faces

#ZOMPROPERTIES_04{
#ZOMPROPERTIES_04 table {Mesh table {Islands table {0 table {TopoStable table {Color int -1 } PolyIDs ints { 0 2 1749 
#ZOMPROPERTIES_04 1751 1750 1656 1653 64 65 136 137 208 209 280 281 352 353 1629 1632 1625 1628 1621 1624 1617 1620 16
#ZOMPROPERTIES_04 13 1616 1609 1612 1605 1608 1601 1604 1597 1600 1593 1596 1589 1592 1585 1588 1581 1584 1577 1580 15
#ZOMPROPERTIES_04 73 1576 1569 1572 1637 1640 1633 1636 358 357 356 285 284 213 212 141 140 69 68 1649 1652 1738 1727 
#ZOMPROPERTIES_04 1726 1714 1643 1642 3 6 75 78 147 150 219 222 291 294 292 293 295 298 296 297 299 302 300 301 303 30
#ZOMPROPERTIES_04 6 304 305 307 310 308 309 311 314 312 313 315 318 316 317 319 322 320 321 323 326 324 325 327 330 32
#ZOMPROPERTIES_04 8 329 331 334 332 333 335 338 336 337 339 342 340 341 343 346 344 345 347 350 348 349 351 277 276 20
#ZOMPROPERTIES_04 5 204 133 132 61 60 1657 1660 1655 1658 1659 1664 1758 1760 1759 1752 1754 1742 1741 1671 1670 47 50
#ZOMPROPERTIES_04  119 122 191 194 263 266 264 265 267 270 268 269 271 274 272 273 275 201 200 129 128 57 56 55 1662 1
#ZOMPROPERTIES_04 665 1668 1663 1666 1667 1672 1669 51 54 123 126 195 198 196 197 199 125 130 192 124 127 121 53 120 4
#ZOMPROPERTIES_04 9 48 52 58 62 131 134 202 203 206 193 260 259 190 187 118 115 46 43 1674 1675 1729 1730 1716 1718 17
#ZOMPROPERTIES_04 19 1721 1732 1733 1744 1745 1762 1763 1756 1757 1746 1748 1755 1761 1743 1736 1735 1707 1706 11 14 8
#ZOMPROPERTIES_04 3 86 155 158 227 230 228 229 231 234 232 233 235 238 236 237 239 242 240 241 243 246 244 245 247 250
#ZOMPROPERTIES_04  248 249 251 254 252 253 255 258 256 186 183 114 111 42 39 1678 1679 1684 1683 1682 35 38 107 110 17
#ZOMPROPERTIES_04 9 182 180 176 175 106 103 34 31 1686 1687 1689 1692 1690 1691 1693 1696 1694 1695 1697 1700 1698 169
#ZOMPROPERTIES_04 9 1701 1704 1702 1703 1708 1705 15 18 87 90 159 162 160 161 163 166 164 165 167 170 168 169 171 174 
#ZOMPROPERTIES_04 172 102 99 30 27 25 24 26 23 21 20 22 19 17 91 94 88 92 93 95 98 96 29 97 100 101 89 156 85 84 16 13
#ZOMPROPERTIES_04  12 28 1685 1688 32 33 104 105 173 178 177 109 108 37 36 1681 1677 40 41 112 113 181 184 185 157 224
#ZOMPROPERTIES_04  223 154 151 82 79 10 7 1710 1711 1723 1724 1713 1722 1644 1712 1641 1709 4 8 5 9 76 80 77 81 148 15
#ZOMPROPERTIES_04 2 149 153 220 226 225 1734 1715 1725 1747 1731 1720 1717 1680 1728 1676 1673 44 45 116 117 188 189 2
#ZOMPROPERTIES_04 57 262 261 1740 1753 1661 59 1654 63 66 135 138 207 210 278 279 282 221 360 359 362 361 289 290 288 
#ZOMPROPERTIES_04 287 217 218 216 215 145 146 144 143 73 74 72 71 1645 1646 1648 1647 1737 1739 1651 1650 67 70 139 14
#ZOMPROPERTIES_04 2 211 214 283 286 355 1634 1635 1639 1638 1571 1570 1575 1574 1579 1578 1583 1582 1587 1586 1591 159
#ZOMPROPERTIES_04 0 1595 1594 1599 1598 1603 1602 1607 1606 1611 1610 1615 1614 1619 1618 1623 1622 1627 1626 1631 354
#ZOMPROPERTIES_04  1630 1 } } 1 table {TopoStable table {Color int -1 } PolyIDs ints { 363 365 1026 1028 1027 1168 116
#ZOMPROPERTIES_04 5 1166 1094 1099 1169 1172 1167 1170 1173 1103 1102 1174 1175 1046 1045 1044 1029 1031 1061 1060 118
#ZOMPROPERTIES_04 3 1182 1185 1186 1189 1190 1118 1123 1122 1194 1197 1198 1201 1131 1130 1202 1203 1022 1021 1018 119
#ZOMPROPERTIES_04 9 1204 1017 1200 1036 1195 1196 1193 1191 1192 1047 1049 1037 1019 1020 1032 1034 1039 1040 1063 106
#ZOMPROPERTIES_04 4 1057 1058 1051 1052 1041 1043 1050 1056 1062 1025 1024 1159 1158 1161 1091 1090 1095 1086 1087 108
#ZOMPROPERTIES_04 2 1083 1153 1156 1150 1078 1079 1074 1075 1070 1142 1141 1144 1138 1066 1071 1067 1134 1135 1205 120
#ZOMPROPERTIES_04 6 1207 1208 1137 1140 1139 1143 1145 1148 1146 1147 1149 1152 1151 1154 1155 1160 1157 1162 1163 116
#ZOMPROPERTIES_04 4 1023 1014 1016 1015 1042 1038 1033 1048 1054 1187 1053 1055 1035 1126 1127 1119 1114 1115 1188 111
#ZOMPROPERTIES_04 0 1111 1181 1184 1179 1178 1177 1106 1107 1059 1030 1180 1176 1171 1098 364 } } 2 table {TopoStable 
#ZOMPROPERTIES_04 table {Color int -1 } PolyIDs ints { 366 367 368 369 1500 1565 1568 437 436 434 435 431 430 427 426 
#ZOMPROPERTIES_04 423 422 425 1556 1555 1554 495 498 499 500 571 572 643 644 1269 1272 1265 1268 1267 1266 711 712 713
#ZOMPROPERTIES_04  1340 1339 782 785 784 1409 1410 1415 1414 1413 1416 788 787 790 791 792 1417 1424 1423 1422 1355 13
#ZOMPROPERTIES_04 56 1353 1354 1359 1358 1363 1364 1361 1362 1367 1366 1365 1368 741 736 735 1290 1295 1296 669 668 66
#ZOMPROPERTIES_04 7 666 1223 1222 1227 670 671 672 673 1300 1297 1298 1303 1302 747 748 749 744 743 742 1299 1294 739 
#ZOMPROPERTIES_04 738 740 745 1372 1369 1370 1371 1375 1374 1379 1380 1377 1378 1383 1382 1381 1388 1387 1386 1391 139
#ZOMPROPERTIES_04 2 765 760 761 758 759 1314 1315 1316 689 686 1243 1238 1237 1244 1241 1248 1245 1252 1249 1256 1253 
#ZOMPROPERTIES_04 1260 1257 1264 1261 636 635 564 563 492 491 1550 1549 1552 1551 1546 1547 1548 417 414 415 416 421 4
#ZOMPROPERTIES_04 20 419 418 411 410 413 408 407 406 403 402 399 398 395 394 391 392 393 1524 1523 1522 463 462 459 15
#ZOMPROPERTIES_04 18 1519 458 461 456 457 454 1515 1516 1513 1514 1520 389 386 387 390 383 384 382 385 380 381 378 375
#ZOMPROPERTIES_04  374 371 370 372 373 1504 1503 1498 439 438 1499 507 1566 1567 1562 503 506 509 504 505 502 1563 156
#ZOMPROPERTIES_04 4 1561 432 433 1557 428 429 1560 1553 1558 575 576 647 648 1273 1276 1274 1275 1270 715 714 717 716 
#ZOMPROPERTIES_04 1341 1344 1343 1338 786 783 1342 1348 1347 1345 1346 1351 794 795 726 727 728 733 1360 1357 732 731 
#ZOMPROPERTIES_04 1286 1285 1288 661 658 659 662 663 664 665 1292 1289 1219 1220 1217 592 591 520 519 522 523 524 595 
#ZOMPROPERTIES_04 596 1221 601 1228 1225 1232 1229 1236 1233 1240 1239 682 679 680 681 1308 1305 1306 1307 751 750 753
#ZOMPROPERTIES_04  752 754 755 756 1311 1310 1309 1312 685 684 757 1301 676 677 1304 675 674 1230 1235 678 1234 683 60
#ZOMPROPERTIES_04 8 607 536 535 538 539 540 611 612 613 614 617 615 616 618 621 619 620 622 625 623 624 626 629 627 62
#ZOMPROPERTIES_04 8 630 633 631 632 634 560 559 562 488 487 490 489 484 485 480 479 1538 1543 482 1542 483 486 1541 15
#ZOMPROPERTIES_04 44 1537 1540 409 1533 404 1536 405 1529 1532 1531 1530 471 474 1535 1534 475 476 477 472 473 468 467
#ZOMPROPERTIES_04  1526 1527 1528 1525 396 466 542 543 544 470 546 549 547 548 550 553 481 478 1539 401 400 551 552 55
#ZOMPROPERTIES_04 4 557 555 556 558 561 493 565 545 610 541 469 464 534 465 460 531 532 603 604 606 602 599 528 527 52
#ZOMPROPERTIES_04 6 529 533 605 537 530 609 1231 600 1226 598 597 1224 594 525 453 448 447 450 451 452 1511 1510 1509 
#ZOMPROPERTIES_04 1512 1505 1508 377 1501 1507 1502 443 442 445 440 511 510 513 582 585 1212 1277 1280 653 652 1278 12
#ZOMPROPERTIES_04 79 723 654 655 1210 1215 1214 1213 1216 589 586 517 514 515 518 449 444 446 512 516 521 583 587 590 
#ZOMPROPERTIES_04 584 1209 588 593 656 657 1284 1349 724 725 720 719 722 721 718 1352 1283 1281 1282 1211 651 650 580 
#ZOMPROPERTIES_04 579 508 441 581 1506 376 1218 660 1287 1291 730 734 737 729 796 1350 797 649 646 577 578 574 379 388
#ZOMPROPERTIES_04  1517 455 1521 397 412 1545 637 1262 1263 706 703 1258 702 705 700 701 698 699 1254 1255 695 1250 69
#ZOMPROPERTIES_04 4 1251 691 692 693 690 1247 687 688 1320 1313 1319 762 763 764 769 1396 1395 1394 1393 1400 1397 139
#ZOMPROPERTIES_04 8 1403 1402 1407 1406 1405 780 779 1334 1333 708 709 1336 1329 1332 1331 1326 1325 771 774 775 778 1
#ZOMPROPERTIES_04 330 1335 776 1401 781 777 1404 770 773 768 767 1322 1323 1324 1321 1328 1327 696 697 1317 1318 766 7
#ZOMPROPERTIES_04 72 704 707 1408 1399 1390 1389 1246 1259 1242 1385 1384 1373 1376 746 1293 1421 1418 1419 1420 793 7
#ZOMPROPERTIES_04 89 1411 1412 1337 1271 710 641 638 569 566 567 570 501 496 497 494 568 573 639 642 640 645 1559 424 
#ZOMPROPERTIES_04 1497 } } 3 table {TopoStable table {Color int -1 } PolyIDs ints { 798 799 802 805 1432 1425 1428 149
#ZOMPROPERTIES_04 3 1496 1489 1492 1485 1488 1481 1484 1477 1480 1473 1476 1469 1472 1465 1468 1461 1464 1457 1460 145
#ZOMPROPERTIES_04 3 1456 1449 1452 1445 1448 1441 1444 1437 1440 1433 1436 1429 804 809 806 807 808 810 811 812 814 81
#ZOMPROPERTIES_04 7 815 816 818 821 819 820 822 823 824 826 829 827 828 830 833 831 832 834 835 838 839 842 845 843 84
#ZOMPROPERTIES_04 4 846 847 850 851 852 854 857 855 856 858 861 859 860 862 863 866 869 867 868 864 865 853 848 849 84
#ZOMPROPERTIES_04 0 841 836 837 825 813 803 1435 1430 1912 1915 1908 1911 1976 1979 1972 1975 1968 1971 1964 1967 1960
#ZOMPROPERTIES_04  1963 1956 1959 1952 1955 1948 1951 1944 1947 1940 1943 1936 1939 1932 1935 1928 1931 1924 1927 1920
#ZOMPROPERTIES_04  1923 1916 1917 879 878 881 1991 1984 1987 1980 1983 2048 2051 2044 2047 2040 2043 2036 2039 2032 20
#ZOMPROPERTIES_04 35 2028 2031 2024 2027 2020 2023 2016 2019 2012 2015 2008 2011 2004 2007 2000 2003 1996 1999 1992 19
#ZOMPROPERTIES_04 95 1988 880 885 882 883 1921 1926 886 889 887 1925 888 890 893 891 1929 1934 894 897 895 896 1933 89
#ZOMPROPERTIES_04 8 901 1938 899 900 902 1942 905 903 906 909 907 910 913 911 914 917 915 918 921 919 922 925 923 926 
#ZOMPROPERTIES_04 929 1966 927 930 931 932 1969 934 937 935 938 1978 941 939 870 873 871 874 1914 1913 875 876 877 190
#ZOMPROPERTIES_04 9 872 1910 1977 940 1973 936 1974 1970 933 1965 928 1961 924 1962 1957 920 1958 1953 916 1954 1949 9
#ZOMPROPERTIES_04 12 1950 1945 908 1946 1941 904 1937 892 1930 884 1922 1994 1989 1844 1847 1840 1843 1836 1839 1904 1
#ZOMPROPERTIES_04 907 1900 1903 1896 1899 1892 1895 1888 1891 1884 1887 1880 1883 1876 1879 1872 1875 1868 1871 1864 1
#ZOMPROPERTIES_04 867 1860 1863 1856 1859 1852 1855 1848 1849 1850 954 951 950 1846 947 1841 946 1842 943 1837 942 183
#ZOMPROPERTIES_04 8 1905 1011 1010 1906 1007 1901 1902 1006 1003 1897 1898 1002 999 1893 998 1894 995 1889 1890 994 99
#ZOMPROPERTIES_04 1 1885 990 1886 987 1881 1882 986 983 1877 1878 982 979 1873 978 1874 975 1869 1870 974 971 1865 970
#ZOMPROPERTIES_04  1866 967 1861 966 1862 1857 963 962 1858 959 1853 1854 958 955 1845 1998 1997 2002 2001 2006 2005 2
#ZOMPROPERTIES_04 010 2009 2014 2013 2018 2017 2022 2021 2026 2025 2030 2029 2034 2033 2038 2037 2042 2041 2046 2045 2
#ZOMPROPERTIES_04 050 2049 1982 1981 1986 1985 1990 1851 1993 1918 1439 1438 1443 1442 1447 1446 1451 1450 1455 1454 1
#ZOMPROPERTIES_04 459 1458 1463 1462 1467 1466 1471 1470 1475 1474 1479 1478 1483 1482 1487 1486 1491 1490 1495 1494 1
#ZOMPROPERTIES_04 427 1426 1431 1919 1434 801 800 } } 4 table {TopoStable table {Color int -1 } PolyIDs ints { 944 945
#ZOMPROPERTIES_04  1012 1013 1008 1009 1004 1005 1000 1001 996 997 992 993 988 1808 1809 1109 1116 1113 1120 1117 1124
#ZOMPROPERTIES_04  1121 1128 1125 1132 1129 1136 1133 1068 1065 1072 1069 1076 1073 1080 1077 1084 1081 1088 1085 1092
#ZOMPROPERTIES_04  1089 1096 1093 1100 1097 1104 1101 1108 1105 1112 1810 1811 989 984 985 980 981 976 977 972 973 968
#ZOMPROPERTIES_04  969 964 965 960 961 956 957 952 953 948 949 1771 1770 1768 1769 1775 1774 1772 1773 1779 1778 1776 
#ZOMPROPERTIES_04 1777 1783 1782 1780 1781 1787 1786 1784 1785 1791 1790 1788 1789 1795 1794 1792 1793 1799 1798 1796 
#ZOMPROPERTIES_04 1797 1803 1802 1800 1801 1807 1806 1804 1805 1765 1764 1766 1767 1833 1832 1834 1835 1829 1828 1830 
#ZOMPROPERTIES_04 1831 1825 1824 1826 1827 1821 1820 1822 1823 1817 1816 1818 1819 1813 1812 1814 1815 } } } SymPlane 
#ZOMPROPERTIES_04 table {Point vector3d 0 0 0 Normal vector3d 1 0 0 Threshold double 0.01 Enabled bool false EdgeID in
#ZOMPROPERTIES_04 t -1 SymEdgeID int -1 UPos double 0.5 LocalMode bool false } RootGroup CSubMeshGroup {Children table
#ZOMPROPERTIES_04  {Tile_0_0 CSubMeshGroup {Children table {} BBoxUV box3d 0 0 0 0 0 0 BBox3D box3d 0 0 0 0 0 0 Area3D
#ZOMPROPERTIES_04  double 0 AreaUV double 0.486761 IsRoot bool false TopoStable table {Selected bool false Box box3d 0
#ZOMPROPERTIES_04  1 0 1 0 1 U int 0 V int 0 NU int 0 NV int 0 Tiling vector3d 1 1 1 TileRatioMode string "1:1" Pack t
#ZOMPROPERTIES_04 able {BoxFrameLocked bool false BoxFrameEdit bool false } } IsTile bool true PolyIDs ints { 363 365 
#ZOMPROPERTIES_04 1026 1028 1027 1168 1165 1166 1094 1099 1169 1172 1167 1170 1173 1103 1102 1174 1175 1046 1045 1044 
#ZOMPROPERTIES_04 1029 1031 1061 1060 1183 1182 1185 1186 1189 1190 1118 1123 1122 1194 1197 1198 1201 1131 1130 1202 
#ZOMPROPERTIES_04 1203 1022 1021 1018 1199 1204 1017 1200 1036 1195 1196 1193 1191 1192 1047 1049 1037 1019 1020 1032 
#ZOMPROPERTIES_04 1034 1039 1040 1063 1064 1057 1058 1051 1052 1041 1043 1050 1056 1062 1025 1024 1159 1158 1161 1091 
#ZOMPROPERTIES_04 1090 1095 1086 1087 1082 1083 1153 1156 1150 1078 1079 1074 1075 1070 1142 1141 1144 1138 1066 1071 
#ZOMPROPERTIES_04 1067 1134 1135 1205 1206 1207 1208 1137 1140 1139 1143 1145 1148 1146 1147 1149 1152 1151 1154 1155 
#ZOMPROPERTIES_04 1160 1157 1162 1163 1164 1023 1014 1016 1015 1042 1038 1033 1048 1054 1187 1053 1055 1035 1126 1127 
#ZOMPROPERTIES_04 1119 1114 1115 1188 1110 1111 1181 1184 1179 1178 1177 1106 1107 1059 1030 1180 1176 1171 1098 364 9
#ZOMPROPERTIES_04 44 945 1012 1013 1008 1009 1004 1005 1000 1001 996 997 992 993 988 1808 1809 1109 1116 1113 1120 111
#ZOMPROPERTIES_04 7 1124 1121 1128 1125 1132 1129 1136 1133 1068 1065 1072 1069 1076 1073 1080 1077 1084 1081 1088 108
#ZOMPROPERTIES_04 5 1092 1089 1096 1093 1100 1097 1104 1101 1108 1105 1112 1810 1811 989 984 985 980 981 976 977 972 9
#ZOMPROPERTIES_04 73 968 969 964 965 960 961 956 957 952 953 948 949 1771 1770 1768 1769 1775 1774 1772 1773 1779 1778
#ZOMPROPERTIES_04  1776 1777 1783 1782 1780 1781 1787 1786 1784 1785 1791 1790 1788 1789 1795 1794 1792 1793 1799 1798
#ZOMPROPERTIES_04  1796 1797 1803 1802 1800 1801 1807 1806 1804 1805 1765 1764 1766 1767 1833 1832 1834 1835 1829 1828
#ZOMPROPERTIES_04  1830 1831 1825 1824 1826 1827 1821 1820 1822 1823 1817 1816 1818 1819 1813 1812 1814 1815 798 799 8
#ZOMPROPERTIES_04 02 805 1432 1425 1428 1493 1496 1489 1492 1485 1488 1481 1484 1477 1480 1473 1476 1469 1472 1465 146
#ZOMPROPERTIES_04 8 1461 1464 1457 1460 1453 1456 1449 1452 1445 1448 1441 1444 1437 1440 1433 1436 1429 804 809 806 8
#ZOMPROPERTIES_04 07 808 810 811 812 814 817 815 816 818 821 819 820 822 823 824 826 829 827 828 830 833 831 832 834 8
#ZOMPROPERTIES_04 35 838 839 842 845 843 844 846 847 850 851 852 854 857 855 856 858 861 859 860 862 863 866 869 867 8
#ZOMPROPERTIES_04 68 864 865 853 848 849 840 841 836 837 825 813 803 1435 1430 1912 1915 1908 1911 1976 1979 1972 1975
#ZOMPROPERTIES_04  1968 1971 1964 1967 1960 1963 1956 1959 1952 1955 1948 1951 1944 1947 1940 1943 1936 1939 1932 1935
#ZOMPROPERTIES_04  1928 1931 1924 1927 1920 1923 1916 1917 879 878 881 1991 1984 1987 1980 1983 2048 2051 2044 2047 20
#ZOMPROPERTIES_04 40 2043 2036 2039 2032 2035 2028 2031 2024 2027 2020 2023 2016 2019 2012 2015 2008 2011 2004 2007 20
#ZOMPROPERTIES_04 00 2003 1996 1999 1992 1995 1988 880 885 882 883 1921 1926 886 889 887 1925 888 890 893 891 1929 193
#ZOMPROPERTIES_04 4 894 897 895 896 1933 898 901 1938 899 900 902 1942 905 903 906 909 907 910 913 911 914 917 915 918
#ZOMPROPERTIES_04  921 919 922 925 923 926 929 1966 927 930 931 932 1969 934 937 935 938 1978 941 939 870 873 871 874 
#ZOMPROPERTIES_04 1914 1913 875 876 877 1909 872 1910 1977 940 1973 936 1974 1970 933 1965 928 1961 924 1962 1957 920 
#ZOMPROPERTIES_04 1958 1953 916 1954 1949 912 1950 1945 908 1946 1941 904 1937 892 1930 884 1922 1994 1989 1844 1847 1
#ZOMPROPERTIES_04 840 1843 1836 1839 1904 1907 1900 1903 1896 1899 1892 1895 1888 1891 1884 1887 1880 1883 1876 1879 1
#ZOMPROPERTIES_04 872 1875 1868 1871 1864 1867 1860 1863 1856 1859 1852 1855 1848 1849 1850 954 951 950 1846 947 1841 
#ZOMPROPERTIES_04 946 1842 943 1837 942 1838 1905 1011 1010 1906 1007 1901 1902 1006 1003 1897 1898 1002 999 1893 998 
#ZOMPROPERTIES_04 1894 995 1889 1890 994 991 1885 990 1886 987 1881 1882 986 983 1877 1878 982 979 1873 978 1874 975 1
#ZOMPROPERTIES_04 869 1870 974 971 1865 970 1866 967 1861 966 1862 1857 963 962 1858 959 1853 1854 958 955 1845 1998 1
#ZOMPROPERTIES_04 997 2002 2001 2006 2005 2010 2009 2014 2013 2018 2017 2022 2021 2026 2025 2030 2029 2034 2033 2038 2
#ZOMPROPERTIES_04 037 2042 2041 2046 2045 2050 2049 1982 1981 1986 1985 1990 1851 1993 1918 1439 1438 1443 1442 1447 1
#ZOMPROPERTIES_04 446 1451 1450 1455 1454 1459 1458 1463 1462 1467 1466 1471 1470 1475 1474 1479 1478 1483 1482 1487 1
#ZOMPROPERTIES_04 486 1491 1490 1495 1494 1427 1426 1431 1919 1434 801 800 0 2 1749 1751 1750 1656 1653 64 65 136 137 
#ZOMPROPERTIES_04 208 209 280 281 352 353 1629 1632 1625 1628 1621 1624 1617 1620 1613 1616 1609 1612 1605 1608 1601 1
#ZOMPROPERTIES_04 604 1597 1600 1593 1596 1589 1592 1585 1588 1581 1584 1577 1580 1573 1576 1569 1572 1637 1640 1633 1
#ZOMPROPERTIES_04 636 358 357 356 285 284 213 212 141 140 69 68 1649 1652 1738 1727 1726 1714 1643 1642 3 6 75 78 147 
#ZOMPROPERTIES_04 150 219 222 291 294 292 293 295 298 296 297 299 302 300 301 303 306 304 305 307 310 308 309 311 314 
#ZOMPROPERTIES_04 312 313 315 318 316 317 319 322 320 321 323 326 324 325 327 330 328 329 331 334 332 333 335 338 336 
#ZOMPROPERTIES_04 337 339 342 340 341 343 346 344 345 347 350 348 349 351 277 276 205 204 133 132 61 60 1657 1660 1655
#ZOMPROPERTIES_04  1658 1659 1664 1758 1760 1759 1752 1754 1742 1741 1671 1670 47 50 119 122 191 194 263 266 264 265 2
#ZOMPROPERTIES_04 67 270 268 269 271 274 272 273 275 201 200 129 128 57 56 55 1662 1665 1668 1663 1666 1667 1672 1669 
#ZOMPROPERTIES_04 51 54 123 126 195 198 196 197 199 125 130 192 124 127 121 53 120 49 48 52 58 62 131 134 202 203 206 
#ZOMPROPERTIES_04 193 260 259 190 187 118 115 46 43 1674 1675 1729 1730 1716 1718 1719 1721 1732 1733 1744 1745 1762 1
#ZOMPROPERTIES_04 763 1756 1757 1746 1748 1755 1761 1743 1736 1735 1707 1706 11 14 83 86 155 158 227 230 228 229 231 2
#ZOMPROPERTIES_04 34 232 233 235 238 236 237 239 242 240 241 243 246 244 245 247 250 248 249 251 254 252 253 255 258 2
#ZOMPROPERTIES_04 56 186 183 114 111 42 39 1678 1679 1684 1683 1682 35 38 107 110 179 182 180 176 175 106 103 34 31 16
#ZOMPROPERTIES_04 86 1687 1689 1692 1690 1691 1693 1696 1694 1695 1697 1700 1698 1699 1701 1704 1702 1703 1708 1705 15
#ZOMPROPERTIES_04  18 87 90 159 162 160 161 163 166 164 165 167 170 168 169 171 174 172 102 99 30 27 25 24 26 23 21 20
#ZOMPROPERTIES_04  22 19 17 91 94 88 92 93 95 98 96 29 97 100 101 89 156 85 84 16 13 12 28 1685 1688 32 33 104 105 173
#ZOMPROPERTIES_04  178 177 109 108 37 36 1681 1677 40 41 112 113 181 184 185 157 224 223 154 151 82 79 10 7 1710 1711 
#ZOMPROPERTIES_04 1723 1724 1713 1722 1644 1712 1641 1709 4 8 5 9 76 80 77 81 148 152 149 153 220 226 225 1734 1715 17
#ZOMPROPERTIES_04 25 1747 1731 1720 1717 1680 1728 1676 1673 44 45 116 117 188 189 257 262 261 1740 1753 1661 59 1654 
#ZOMPROPERTIES_04 63 66 135 138 207 210 278 279 282 221 360 359 362 361 289 290 288 287 217 218 216 215 145 146 144 14
#ZOMPROPERTIES_04 3 73 74 72 71 1645 1646 1648 1647 1737 1739 1651 1650 67 70 139 142 211 214 283 286 355 1634 1635 16
#ZOMPROPERTIES_04 39 1638 1571 1570 1575 1574 1579 1578 1583 1582 1587 1586 1591 1590 1595 1594 1599 1598 1603 1602 16
#ZOMPROPERTIES_04 07 1606 1611 1610 1615 1614 1619 1618 1623 1622 1627 1626 1631 354 1630 1 366 367 368 369 1500 1565 
#ZOMPROPERTIES_04 1568 437 436 434 435 431 430 427 426 423 422 425 1556 1555 1554 495 498 499 500 571 572 643 644 1269
#ZOMPROPERTIES_04  1272 1265 1268 1267 1266 711 712 713 1340 1339 782 785 784 1409 1410 1415 1414 1413 1416 788 787 79
#ZOMPROPERTIES_04 0 791 792 1417 1424 1423 1422 1355 1356 1353 1354 1359 1358 1363 1364 1361 1362 1367 1366 1365 1368 
#ZOMPROPERTIES_04 741 736 735 1290 1295 1296 669 668 667 666 1223 1222 1227 670 671 672 673 1300 1297 1298 1303 1302 7
#ZOMPROPERTIES_04 47 748 749 744 743 742 1299 1294 739 738 740 745 1372 1369 1370 1371 1375 1374 1379 1380 1377 1378 1
#ZOMPROPERTIES_04 383 1382 1381 1388 1387 1386 1391 1392 765 760 761 758 759 1314 1315 1316 689 686 1243 1238 1237 124
#ZOMPROPERTIES_04 4 1241 1248 1245 1252 1249 1256 1253 1260 1257 1264 1261 636 635 564 563 492 491 1550 1549 1552 1551
#ZOMPROPERTIES_04  1546 1547 1548 417 414 415 416 421 420 419 418 411 410 413 408 407 406 403 402 399 398 395 394 391 
#ZOMPROPERTIES_04 392 393 1524 1523 1522 463 462 459 1518 1519 458 461 456 457 454 1515 1516 1513 1514 1520 389 386 38
#ZOMPROPERTIES_04 7 390 383 384 382 385 380 381 378 375 374 371 370 372 373 1504 1503 1498 439 438 1499 507 1566 1567 
#ZOMPROPERTIES_04 1562 503 506 509 504 505 502 1563 1564 1561 432 433 1557 428 429 1560 1553 1558 575 576 647 648 1273
#ZOMPROPERTIES_04  1276 1274 1275 1270 715 714 717 716 1341 1344 1343 1338 786 783 1342 1348 1347 1345 1346 1351 794 7
#ZOMPROPERTIES_04 95 726 727 728 733 1360 1357 732 731 1286 1285 1288 661 658 659 662 663 664 665 1292 1289 1219 1220 
#ZOMPROPERTIES_04 1217 592 591 520 519 522 523 524 595 596 1221 601 1228 1225 1232 1229 1236 1233 1240 1239 682 679 68
#ZOMPROPERTIES_04 0 681 1308 1305 1306 1307 751 750 753 752 754 755 756 1311 1310 1309 1312 685 684 757 1301 676 677 1
#ZOMPROPERTIES_04 304 675 674 1230 1235 678 1234 683 608 607 536 535 538 539 540 611 612 613 614 617 615 616 618 621 6
#ZOMPROPERTIES_04 19 620 622 625 623 624 626 629 627 628 630 633 631 632 634 560 559 562 488 487 490 489 484 485 480 4
#ZOMPROPERTIES_04 79 1538 1543 482 1542 483 486 1541 1544 1537 1540 409 1533 404 1536 405 1529 1532 1531 1530 471 474 
#ZOMPROPERTIES_04 1535 1534 475 476 477 472 473 468 467 1526 1527 1528 1525 396 466 542 543 544 470 546 549 547 548 55
#ZOMPROPERTIES_04 0 553 481 478 1539 401 400 551 552 554 557 555 556 558 561 493 565 545 610 541 469 464 534 465 460 5
#ZOMPROPERTIES_04 31 532 603 604 606 602 599 528 527 526 529 533 605 537 530 609 1231 600 1226 598 597 1224 594 525 45
#ZOMPROPERTIES_04 3 448 447 450 451 452 1511 1510 1509 1512 1505 1508 377 1501 1507 1502 443 442 445 440 511 510 513 5
#ZOMPROPERTIES_04 82 585 1212 1277 1280 653 652 1278 1279 723 654 655 1210 1215 1214 1213 1216 589 586 517 514 515 518
#ZOMPROPERTIES_04  449 444 446 512 516 521 583 587 590 584 1209 588 593 656 657 1284 1349 724 725 720 719 722 721 718 
#ZOMPROPERTIES_04 1352 1283 1281 1282 1211 651 650 580 579 508 441 581 1506 376 1218 660 1287 1291 730 734 737 729 796
#ZOMPROPERTIES_04  1350 797 649 646 577 578 574 379 388 1517 455 1521 397 412 1545 637 1262 1263 706 703 1258 702 705 
#ZOMPROPERTIES_04 700 701 698 699 1254 1255 695 1250 694 1251 691 692 693 690 1247 687 688 1320 1313 1319 762 763 764 
#ZOMPROPERTIES_04 769 1396 1395 1394 1393 1400 1397 1398 1403 1402 1407 1406 1405 780 779 1334 1333 708 709 1336 1329 
#ZOMPROPERTIES_04 1332 1331 1326 1325 771 774 775 778 1330 1335 776 1401 781 777 1404 770 773 768 767 1322 1323 1324 1
#ZOMPROPERTIES_04 321 1328 1327 696 697 1317 1318 766 772 704 707 1408 1399 1390 1389 1246 1259 1242 1385 1384 1373 13
#ZOMPROPERTIES_04 76 746 1293 1421 1418 1419 1420 793 789 1411 1412 1337 1271 710 641 638 569 566 567 570 501 496 497 
#ZOMPROPERTIES_04 494 568 573 639 642 640 645 1559 424 1497 } } } BBoxUV box3d 0 0 0 0 0 0 BBox3D box3d 0 0 0 0 0 0 Ar
#ZOMPROPERTIES_04 ea3D double 0 AreaUV double 0 IsRoot bool true TopoStable table {Selected bool false Box box3d 0 1 0
#ZOMPROPERTIES_04  1 0 1 U int 0 V int 0 NU int 1 NV int 1 Tiling vector3d 1 1 1 TileRatioMode string "1:1" Pack table
#ZOMPROPERTIES_04  {Rotate table {Mode int 2 Min double 0 Max double 90 Step double 0 } PaddingSize double 0.0078125 M
#ZOMPROPERTIES_04 arginSize double 0.00390625 Resolution int 256 MapResolution int 2048 Scaling table {TexelDensity do
#ZOMPROPERTIES_04 uble 1024 Mode int 0 } LayoutScalingMode int 2 MaxMutations int 1 } } IsTile bool false PolyIDs ints
#ZOMPROPERTIES_04  { } } Maps table {Density table {PrimType string "Polygon" Size int 1 DefaultValue double 1 ScaleTy
#ZOMPROPERTIES_04 pe string "Log" MergeMode string "Average" MinValue double 0.1 MaxValue double 4 Data doubles { r 20
#ZOMPROPERTIES_04 52 1 } } Pin table {PrimType string "Vertex" Size int 1 DefaultValue double 0 ScaleType string "Norm
#ZOMPROPERTIES_04 alized" MergeMode string "×î´ó" MinValue double 0 MaxValue double 1 Data doubles { r 2224 0 } } Prot
#ZOMPROPERTIES_04 ect table {PrimType string "Vertex" Size int 1 DefaultValue double 0 ScaleType string "Normalized" M
#ZOMPROPERTIES_04 ergeMode string "Average" MinValue double -1 MaxValue double 1 Data doubles { r 2224 0 } } } } }
#ZOMPROPERTIES_04}


#ZOMSCENE_01{
#ZOMSCENE_01 CScene {Settings table {AxisSystem table {UpVector string "y" } Unit string "cm" } }
#ZOMSCENE_01}

#begin 0 fatal error vertex (that RizomUV cannot handle)
#end 0 fatal error vertex (that RizomUV cannot handle)

#begin 0 error vertex
#end 0 error vertex
