# 3ds Max Wavefront OBJ Exporter v0.99 - (c)2007 guruware
# 创建的文件:26.12.2025 13:01:32

mtllib 项目3模型\房子2.mtl

#
# object Obj3d66_12417040_3_13
#

v  11645.2520 145.6389 -7597.8555
v  11646.7734 -21.4415 -7694.4990
v  4097.2935 -21.4415 -7813.3120
v  4095.7725 145.6389 -7716.6680
v  4169.5557 -21.4418 -12404.9453
v  4170.6870 145.6388 -12476.8027
v  11719.0371 -21.4418 -12286.1328
v  11720.1670 145.6388 -12357.9902
# 8 vertices

vn 0.5441 0.4235 0.7243
vn 0.6020 -0.6829 0.4137
vn -0.6147 -0.6829 0.3946
vn -0.5666 0.4235 0.7068
vn -0.5934 -0.6637 -0.4554
vn -0.5488 0.4622 -0.6966
vn 0.6075 -0.6637 -0.4365
vn 0.5704 0.4622 -0.6789
# 8 vertex normals

vt 0.0000 0.0000 0.0000
vt 0.0000 0.5000 0.0000
vt 1.0000 0.5000 0.0000
vt 1.0000 0.0000 0.0000
# 4 texture coords

o Obj3d66_12417040_3_13
g Obj3d66_12417040_3_13
usemtl Mat3d66_12417040_3_95228
f -5/-1/-5 -6/-2/-6 -7/-3/-7 -8/-4/-8 
f -3/-1/-3 -4/-2/-4 -6/-2/-6 -5/-1/-5 
f -4/-2/-4 -2/-3/-2 -7/-3/-7 -6/-2/-6 
f -2/-3/-2 -1/-4/-1 -8/-4/-8 -7/-3/-7 
f -1/-4/-1 -3/-1/-3 -5/-1/-5 -8/-4/-8 
f -1/-4/-1 -2/-3/-2 -4/-2/-4 -3/-1/-3 
# 6 polygons

#
# object Obj3d66_12417040_4_821
#

v  7867.2285 4935.0498 -7448.6035
v  7948.7109 4935.0498 -12626.0537
v  12028.3203 4935.0498 -12561.8496
v  11946.8379 4935.0493 -7384.3994
v  12028.3203 4673.8916 -12561.8496
v  7948.7109 4673.8916 -12626.0537
v  7867.2285 4673.8916 -7448.6040
v  11946.8379 4673.8911 -7384.3994
v  3787.6196 4935.0493 -7512.8076
v  3869.1018 4935.0498 -12690.2588
v  3869.1018 4673.8916 -12690.2588
v  3787.6196 4673.8911 -7512.8076
# 12 vertices

vn -0.0111 0.7071 0.7070
vn 0.0111 0.7071 -0.7070
vn 0.5864 0.5774 -0.5682
vn 0.5682 0.5774 0.5864
vn 0.5864 -0.5774 -0.5682
vn 0.0111 -0.7071 -0.7070
vn -0.0111 -0.7071 0.7070
vn 0.5682 -0.5774 0.5864
vn -0.5864 0.5774 0.5682
vn -0.5682 0.5774 -0.5864
vn -0.5682 -0.5774 -0.5864
vn -0.5864 -0.5774 0.5682
# 12 vertex normals

vt 0.5000 0.0000 0.0000
vt 1.0000 0.0000 0.0000
# 2 texture coords

o Obj3d66_12417040_4_821
g Obj3d66_12417040_4_821
usemtl Mat3d66_12417040_5_71772
f -9/-1/-9 -10/-1/-10 -11/-2/-11 -12/-2/-12 
f -5/-1/-5 -6/-2/-6 -7/-2/-7 -8/-1/-8 
f -12/-2/-12 -6/-2/-6 -5/-1/-5 -9/-1/-9 
f -9/-1/-9 -5/-1/-5 -8/-1/-8 -10/-1/-10 
f -10/-1/-10 -8/-1/-8 -7/-2/-7 -11/-2/-11 
f -12/-2/-12 -11/-2/-11 -3/-1/-3 -4/-1/-4 
f -7/-2/-7 -6/-2/-6 -1/-1/-1 -2/-1/-2 
f -1/-1/-1 -6/-2/-6 -12/-2/-12 -4/-1/-4 
f -2/-1/-2 -1/-1/-1 -4/-1/-4 -3/-1/-3 
f -11/-2/-11 -7/-2/-7 -2/-1/-2 -3/-1/-3 
# 10 polygons

#
# object Obj3d66_12417040_5_392
#

v  12028.3203 4932.9707 -12561.8496
v  7948.7109 4932.9707 -12626.0537
v  7867.2285 4932.9707 -7448.6040
v  11946.8379 4932.9702 -7384.3994
v  11946.8379 5569.1958 -7384.3994
v  12064.8223 5410.1396 -7306.9004
v  7866.0386 5410.1401 -7372.9814
v  7867.2285 5569.1963 -7448.6035
v  12028.3203 5569.1963 -12561.8496
v  12148.6836 5410.1401 -12635.5967
v  7948.7109 5569.1963 -12626.0537
v  7949.9009 5410.1401 -12701.6768
v  3869.1018 4932.9707 -12690.2588
v  3787.6196 4932.9702 -7512.8076
v  3787.6196 5569.1958 -7512.8076
v  3667.2554 5410.1396 -7439.0605
v  3869.1018 5569.1963 -12690.2588
v  3751.1177 5410.1401 -12767.7568
v  7876.5991 6352.0083 -8044.0103
v  11017.8984 6352.0083 -7994.5728
v  11080.6396 6352.0083 -11981.2100
v  7939.3403 6352.0083 -12030.6475
v  4798.0410 6352.0083 -12080.0850
v  4735.2998 6352.0083 -8093.4473
v  12103.1416 5251.0835 -7281.7305
v  12064.8223 5092.0269 -7306.9004
v  7866.0386 5092.0273 -7372.9814
v  7865.6519 5251.0835 -7348.4209
v  12187.7773 5251.0835 -12659.5488
v  12148.6836 5092.0273 -12635.5967
v  7950.2876 5251.0835 -12726.2383
v  7949.9009 5092.0273 -12701.6768
v  3667.2554 5092.0269 -7439.0605
v  3628.1621 5251.0835 -7415.1084
v  3751.1177 5092.0273 -12767.7568
v  3712.7979 5251.0835 -12792.9268
# 36 vertices

vn 0.3561 -0.8220 -0.4445
vn 0.0085 -0.8400 -0.5425
vn -0.0085 -0.8400 0.5425
vn 0.3419 -0.8220 0.4555
vn 0.4586 0.6985 0.5494
vn 0.6239 0.4319 0.6513
vn -0.0151 0.2808 0.9596
vn -0.0136 0.5008 0.8655
vn 0.4756 0.6985 -0.5347
vn 0.6441 0.4319 -0.6313
vn 0.0136 0.5007 -0.8655
vn 0.0151 0.2808 -0.9596
vn -0.3419 -0.8220 -0.4555
vn -0.3561 -0.8220 0.4445
vn -0.4756 0.6985 0.5347
vn -0.6441 0.4319 0.6313
vn -0.4586 0.6985 -0.5494
vn -0.6239 0.4319 -0.6513
vn -0.0072 0.8903 0.4554
vn 0.2491 0.8902 0.3813
vn 0.2610 0.8902 -0.3733
vn 0.0072 0.8903 -0.4554
vn -0.2491 0.8902 -0.3813
vn -0.2610 0.8902 0.3733
vn 0.7138 0.0000 0.7003
vn 0.6239 -0.4319 0.6513
vn -0.0151 -0.2808 0.9596
vn -0.0157 -0.0000 0.9999
vn 0.7355 0.0000 -0.6775
vn 0.6441 -0.4319 -0.6313
vn 0.0157 0.0000 -0.9999
vn 0.0151 -0.2808 -0.9596
vn -0.6441 -0.4319 0.6313
vn -0.7355 0.0000 0.6775
vn -0.6239 -0.4319 -0.6513
vn -0.7138 0.0000 -0.7003
# 36 vertex normals

vt 1.0000 0.0000 0.0000
vt 0.5000 0.0000 0.0000
vt 0.5705 0.0000 0.0000
vt 0.9555 0.0000 0.0000
vt 0.9696 0.0000 0.0000
vt 0.5846 0.0000 0.0000
vt 1.0404 0.0000 0.0000
vt 0.9161 0.0000 0.0000
# 8 texture coords

o Obj3d66_12417040_5_392
g Obj3d66_12417040_5_392
usemtl Mat3d66_12417040_6_52398
f -33/-8/-33 -34/-7/-34 -35/-7/-35 -36/-8/-36 
f -29/-7/-29 -30/-7/-30 -31/-8/-31 -32/-8/-32 
f -32/-8/-32 -31/-8/-31 -27/-8/-27 -28/-8/-28 
f -28/-8/-28 -27/-8/-27 -25/-7/-25 -26/-7/-26 
f -35/-7/-35 -34/-7/-34 -23/-8/-23 -24/-8/-24 
f -21/-8/-21 -30/-7/-30 -29/-7/-29 -22/-8/-22 
f -19/-8/-19 -21/-8/-21 -22/-8/-22 -20/-8/-20 
f -26/-7/-26 -25/-7/-25 -19/-8/-19 -20/-8/-20 
f -17/-5/-17 -18/-6/-18 -29/-7/-29 -32/-8/-32 
f -16/-5/-16 -17/-5/-17 -32/-8/-32 -28/-8/-28 
f -15/-6/-15 -16/-5/-16 -28/-8/-28 -26/-7/-26 
f -13/-4/-13 -14/-4/-14 -20/-8/-20 -22/-8/-22 
f -14/-4/-14 -15/-3/-15 -26/-7/-26 -20/-8/-20 
f -18/-7/-18 -13/-1/-13 -22/-2/-22 -29/-7/-29 
f -9/-7/-9 -10/-7/-10 -11/-8/-11 -12/-8/-12 
f -12/-8/-12 -11/-8/-11 -7/-8/-7 -8/-8/-8 
f -8/-8/-8 -7/-8/-7 -5/-7/-5 -6/-7/-6 
f -3/-8/-3 -4/-8/-4 -10/-7/-10 -9/-7/-9 
f -1/-8/-1 -2/-8/-2 -4/-8/-4 -3/-8/-3 
f -6/-7/-6 -5/-7/-5 -2/-8/-2 -1/-8/-1 
f -30/-7/-30 -9/-7/-9 -12/-8/-12 -31/-8/-31 
f -31/-8/-31 -12/-8/-12 -8/-8/-8 -27/-8/-27 
f -27/-8/-27 -8/-8/-8 -6/-7/-6 -25/-7/-25 
f -21/-8/-21 -3/-8/-3 -9/-7/-9 -30/-7/-30 
f -19/-8/-19 -1/-8/-1 -3/-8/-3 -21/-8/-21 
f -25/-7/-25 -6/-7/-6 -1/-8/-1 -19/-8/-19 
f -10/-7/-10 -34/-7/-34 -33/-8/-33 -11/-8/-11 
f -11/-8/-11 -33/-8/-33 -36/-8/-36 -7/-8/-7 
f -7/-8/-7 -36/-8/-36 -35/-7/-35 -5/-7/-5 
f -4/-8/-4 -23/-8/-23 -34/-7/-34 -10/-7/-10 
f -2/-8/-2 -24/-8/-24 -23/-8/-23 -4/-8/-4 
f -5/-7/-5 -35/-7/-35 -24/-8/-24 -2/-8/-2 
f -17/-5/-17 -16/-5/-16 -15/-3/-15 -18/-6/-18 
f -15/-3/-15 -14/-4/-14 -13/-1/-13 -18/-6/-18 
# 34 polygons

#
# object Obj3d66_12417040_11_767
#

v  2775.2998 4506.0273 -8276.2510
v  2804.3140 4506.0273 -10119.8350
v  3945.0469 4505.9229 -10101.8818
v  3916.0327 4505.9229 -8258.2979
v  2833.3281 4506.0273 -11963.4199
v  3974.0608 4505.9229 -11945.4668
v  2717.3369 4090.7202 -8277.1621
v  2746.3511 4090.7202 -10120.7471
v  2749.5605 4236.6113 -10120.6973
v  2720.5464 4236.6113 -8277.1113
v  3916.4204 4090.7251 -8258.2920
v  3916.3018 4236.5098 -8258.2939
v  2775.3652 4090.7202 -11964.3320
v  3974.4485 4090.7251 -11945.4609
v  3974.3298 4236.5098 -11945.4629
v  2778.5747 4236.6113 -11964.2813
v  2769.3306 4374.9775 -10120.3857
v  2740.3164 4374.9775 -8276.8008
v  3916.1506 4379.0854 -8258.2959
v  3974.1792 4379.0850 -11945.4648
v  2798.3447 4374.9775 -11963.9707
# 21 vertices

vn -0.4016 0.6879 0.6046
vn -0.4950 0.8688 -0.0078
vn 0.0000 1.0000 0.0000
vn -0.0111 0.7066 0.7075
vn -0.3823 0.6879 -0.6169
vn 0.0112 0.7066 -0.7075
vn -0.7281 0.0350 0.6846
vn -0.9987 0.0488 -0.0157
vn -0.9841 0.1770 -0.0155
vn -0.7329 0.1299 0.6678
vn -0.0157 -0.0000 0.9999
vn -0.7062 0.0350 -0.7071
vn 0.0157 0.0000 -0.9999
vn -0.7115 0.1299 -0.6906
vn -0.9126 0.4087 -0.0144
vn -0.6778 0.2987 0.6718
vn -0.6563 0.2987 -0.6928
# 17 vertex normals

vt 0.0800 0.4150 0.0000
vt 0.5000 0.4150 0.0000
vt 0.9200 0.4150 0.0000
# 3 texture coords

o Obj3d66_12417040_11_767
g Obj3d66_12417040_11_767
usemtl Mat3d66_12417040_12_68678
f -18/-3/-14 -19/-2/-15 -20/-2/-16 -21/-3/-17 
f -19/-2/-15 -16/-1/-12 -17/-1/-13 -20/-2/-16 
f -12/-3/-8 -13/-2/-9 -14/-2/-10 -15/-3/-11 
f -10/-3/-7 -12/-3/-8 -15/-3/-11 -11/-3/-7 
f -6/-1/-4 -7/-1/-5 -8/-1/-5 -9/-1/-6 
f -13/-2/-9 -6/-1/-4 -9/-1/-6 -14/-2/-10 
f -4/-3/-2 -21/-3/-17 -20/-2/-16 -5/-2/-3 
f -3/-3/-7 -18/-3/-14 -21/-3/-17 -4/-3/-2 
f -1/-1/-1 -17/-1/-13 -16/-1/-12 -2/-1/-5 
f -5/-2/-3 -20/-2/-16 -17/-1/-13 -1/-1/-1 
f -12/-3/-8 -4/-3/-2 -5/-2/-3 -13/-2/-9 
f -10/-3/-7 -3/-3/-7 -4/-3/-2 -12/-3/-8 
f -6/-1/-4 -1/-1/-1 -2/-1/-5 -7/-1/-5 
f -13/-2/-9 -5/-2/-3 -1/-1/-1 -6/-1/-4 
# 14 polygons

#
# object Obj3d66_12417040_18_972
#

v  9812.4180 4266.9277 -6061.0405
v  9509.0156 4266.9277 -6065.8154
v  9537.2939 4266.8804 -7862.6611
v  9840.6963 4266.8804 -7857.8867
v  9811.0068 3631.6406 -5971.4165
v  9507.6045 3631.6406 -5976.1914
v  9507.7764 3839.7917 -5987.1147
v  9811.1787 3839.7917 -5982.3394
v  8001.3721 4266.9277 -6089.5430
v  7845.8784 4266.9277 -6091.9893
v  7874.1567 4266.8804 -7888.8359
v  8029.6504 4266.8804 -7886.3892
v  7999.9614 3631.6406 -5999.9189
v  7844.4678 3631.6406 -6002.3652
v  7844.6396 3839.7920 -6013.2881
v  8000.1333 3839.7917 -6010.8418
v  8000.6099 4056.1438 -6041.1313
v  7845.1167 4056.1438 -6043.5781
v  8598.8096 4266.9277 -6080.1406
v  8295.4082 4266.9277 -6084.9155
v  8323.6865 4266.8804 -7881.7617
v  8627.0879 4266.8804 -7876.9863
v  9205.6143 4266.9277 -6070.5903
v  8902.2119 4266.9277 -6075.3652
v  8930.4902 4266.8804 -7872.2119
v  9233.8926 4266.8804 -7867.4365
v  10750.9023 4266.8804 -7843.5615
v  11044.9375 4266.8804 -7838.9336
v  11016.6602 4266.9277 -6042.0879
v  10722.6240 4266.9277 -6046.7153
v  10144.0986 4266.8804 -7853.1113
v  10447.5000 4266.8804 -7848.3364
v  10419.2227 4266.9277 -6051.4902
v  10115.8203 4266.9277 -6056.2656
v  8597.3984 3631.6406 -5990.5166
v  8293.9971 3631.6406 -5995.2915
v  8294.1689 3839.7917 -6006.2144
v  8597.5703 3839.7917 -6001.4395
v  9204.2031 3631.6406 -5980.9663
v  8900.8008 3631.6406 -5985.7412
v  8900.9727 3839.7917 -5996.6646
v  9204.3750 3839.7917 -5991.8896
v  10721.3848 3839.7920 -5968.0146
v  11015.4199 3839.7920 -5963.3872
v  11015.2480 3631.6406 -5952.4639
v  10721.2129 3631.6406 -5957.0913
v  10114.5801 3839.7917 -5977.5645
v  10417.9824 3839.7920 -5972.7896
v  10417.8105 3631.6406 -5961.8662
v  10114.4082 3631.6406 -5966.6416
v  11015.8975 4056.1438 -5993.6763
v  10721.8613 4056.1438 -5998.3037
v  10418.4590 4056.1438 -6003.0786
v  10115.0576 4056.1438 -6007.8540
v  9811.6553 4056.1438 -6012.6289
v  9508.2539 4056.1438 -6017.4038
v  8598.0479 4056.1438 -6031.7290
v  8294.6455 4056.1438 -6036.5039
v  9204.8516 4056.1438 -6022.1787
v  8901.4492 4056.1438 -6026.9536
v  5879.3389 4266.9272 -6122.9395
v  5907.6177 4266.8804 -7919.7852
v  6211.0195 4266.8804 -7915.0107
v  6182.7407 4266.9272 -6118.1646
v  5877.9292 3631.6406 -6033.3154
v  5878.1011 3839.7917 -6044.2383
v  6181.5029 3839.7917 -6039.4644
v  6181.3311 3631.6406 -6028.5405
v  7690.3848 4266.9272 -6094.4380
v  7718.6631 4266.8804 -7891.2832
v  7688.9746 3631.6406 -6004.8140
v  7689.1465 3839.7917 -6015.7373
v  7689.6230 4056.1438 -6046.0264
v  7092.9468 4266.9272 -6103.8403
v  7121.2256 4266.8804 -7900.6860
v  7424.6274 4266.8804 -7895.9111
v  7396.3491 4266.9272 -6099.0654
v  6486.1431 4266.9272 -6113.3896
v  6514.4219 4266.8804 -7910.2354
v  6817.8237 4266.8804 -7905.4609
v  6789.5449 4266.9272 -6108.6147
v  4997.4116 4266.8804 -7934.1094
v  4969.1328 4266.9272 -6137.2637
v  4675.0972 4266.9272 -6141.8911
v  4703.3760 4266.8804 -7938.7368
v  5604.2158 4266.8804 -7924.5596
v  5575.9370 4266.9272 -6127.7144
v  5272.5352 4266.9272 -6132.4888
v  5300.8135 4266.8804 -7929.3350
v  7091.5371 3631.6406 -6014.2163
v  7091.7090 3839.7917 -6025.1396
v  7395.1108 3839.7917 -6020.3647
v  7394.9390 3631.6406 -6009.4414
v  6484.7329 3631.6406 -6023.7656
v  6484.9048 3839.7917 -6034.6895
v  6788.3066 3839.7917 -6029.9146
v  6788.1348 3631.6406 -6018.9907
v  4967.8955 3839.7917 -6058.5630
v  4967.7236 3631.6406 -6047.6396
v  4673.6875 3631.6406 -6052.2671
v  4673.8599 3839.7917 -6063.1904
v  5574.6992 3839.7917 -6049.0132
v  5574.5273 3631.6406 -6038.0903
v  5271.1250 3631.6406 -6042.8647
v  5271.2979 3839.7917 -6053.7881
v  4968.3721 4056.1438 -6088.8521
v  4674.3359 4056.1438 -6093.4795
v  5575.1758 4056.1438 -6079.3027
v  5271.7739 4056.1438 -6084.0771
v  6181.9795 4056.1438 -6069.7529
v  5878.5776 4056.1438 -6074.5278
v  7092.1855 4056.1438 -6055.4287
v  7395.5874 4056.1438 -6050.6538
v  6485.3813 4056.1438 -6064.9780
v  6788.7832 4056.1438 -6060.2031
# 115 vertices

vn -0.0098 0.7823 0.6228
vn -0.0098 0.7822 0.6229
vn 0.0000 1.0000 -0.0000
vn -0.0157 0.0524 0.9985
vn -0.0157 0.0956 0.9953
vn -0.0098 0.7823 0.6229
vn -0.0155 0.1814 0.9833
vn -0.0000 1.0000 -0.0000
# 8 vertex normals

vt 0.2295 0.4150 0.0000
vt 0.2672 0.4150 0.0000
vt 0.4544 0.4150 0.0000
vt 0.5000 0.4150 0.0000
vt 0.3802 0.4150 0.0000
vt 0.4179 0.4150 0.0000
vt 0.3049 0.4150 0.0000
vt 0.3425 0.4150 0.0000
vt 0.1165 0.4150 0.0000
vt 0.0800 0.4150 0.0000
vt 0.1918 0.4150 0.0000
vt 0.1542 0.4150 0.0000
# 12 texture coords

o Obj3d66_12417040_18_972
g Obj3d66_12417040_18_972
usemtl Mat3d66_12417040_5_71772
f -112/-12/-6 -113/-11/-6 -114/-11/-7 -115/-12/-8 
f -108/-12/-4 -109/-11/-4 -110/-11/-5 -111/-12/-5 
f -104/-10/-6 -105/-9/-6 -106/-9/-3 -107/-10/-8 
f -100/-10/-4 -101/-9/-4 -102/-9/-5 -103/-10/-5 
f -107/-10/-8 -106/-9/-3 -98/-9/-2 -99/-10/-2 
f -99/-10/-2 -98/-9/-2 -101/-9/-4 -100/-10/-4 
f -94/-8/-6 -95/-7/-6 -96/-7/-7 -97/-8/-8 
f -90/-6/-6 -91/-5/-6 -92/-5/-7 -93/-6/-8 
f -86/-4/-7 -87/-3/-8 -88/-3/-6 -89/-4/-6 
f -82/-2/-7 -83/-1/-8 -84/-1/-6 -85/-2/-6 
f -78/-8/-4 -79/-7/-4 -80/-7/-5 -81/-8/-5 
f -74/-6/-4 -75/-5/-4 -76/-5/-5 -77/-6/-5 
f -70/-4/-5 -71/-3/-5 -72/-3/-4 -73/-4/-4 
f -66/-2/-5 -67/-1/-5 -68/-1/-4 -69/-2/-4 
f -64/-4/-2 -65/-3/-2 -87/-3/-8 -86/-4/-7 
f -62/-2/-2 -63/-1/-2 -83/-1/-8 -82/-2/-7 
f -60/-11/-2 -61/-12/-2 -115/-12/-8 -114/-11/-7 
f -97/-8/-8 -96/-7/-7 -58/-7/-2 -59/-8/-2 
f -93/-6/-8 -92/-5/-7 -56/-5/-2 -57/-6/-2 
f -73/-4/-4 -72/-3/-4 -65/-3/-2 -64/-4/-2 
f -69/-2/-4 -68/-1/-4 -63/-1/-2 -62/-2/-2 
f -109/-11/-4 -108/-12/-4 -61/-12/-2 -60/-11/-2 
f -59/-8/-2 -58/-7/-2 -79/-7/-4 -78/-8/-4 
f -57/-6/-2 -56/-5/-2 -75/-5/-4 -74/-6/-4 
f -52/-11/-7 -53/-11/-6 -54/-12/-6 -55/-12/-8 
f -48/-11/-5 -49/-11/-4 -50/-12/-4 -51/-12/-5 
f -106/-9/-3 -105/-9/-6 -46/-10/-1 -47/-10/-8 
f -102/-9/-5 -101/-9/-4 -44/-10/-4 -45/-10/-5 
f -98/-9/-2 -106/-9/-3 -47/-10/-8 -43/-10/-2 
f -101/-9/-4 -98/-9/-2 -43/-10/-2 -44/-10/-4 
f -39/-7/-7 -40/-7/-6 -41/-8/-6 -42/-8/-8 
f -35/-5/-7 -36/-5/-6 -37/-6/-6 -38/-6/-8 
f -31/-3/-6 -32/-3/-8 -33/-4/-7 -34/-4/-6 
f -27/-1/-6 -28/-1/-8 -29/-2/-7 -30/-2/-6 
f -23/-7/-5 -24/-7/-4 -25/-8/-4 -26/-8/-5 
f -19/-5/-5 -20/-5/-4 -21/-6/-4 -22/-6/-5 
f -15/-3/-4 -16/-3/-5 -17/-4/-5 -18/-4/-4 
f -11/-1/-4 -12/-1/-5 -13/-2/-5 -14/-2/-4 
f -32/-3/-8 -9/-3/-2 -10/-4/-2 -33/-4/-7 
f -28/-1/-8 -7/-1/-2 -8/-2/-2 -29/-2/-7 
f -55/-12/-8 -5/-12/-2 -6/-11/-2 -52/-11/-7 
f -3/-7/-2 -39/-7/-7 -42/-8/-8 -4/-8/-2 
f -1/-5/-2 -35/-5/-7 -38/-6/-8 -2/-6/-2 
f -9/-3/-2 -15/-3/-4 -18/-4/-4 -10/-4/-2 
f -7/-1/-2 -11/-1/-4 -14/-2/-4 -8/-2/-2 
f -5/-12/-2 -50/-12/-4 -49/-11/-4 -6/-11/-2 
f -24/-7/-4 -3/-7/-2 -4/-8/-2 -25/-8/-4 
f -20/-5/-4 -1/-5/-2 -2/-6/-2 -21/-6/-4 
# 48 polygons

#
# object Obj3d66_12417040_19_223
#

v  6486.1426 4266.9272 -6113.3892
v  6182.7407 4266.9272 -6118.1641
v  6181.9795 4056.1436 -6069.7524
v  6485.3813 4056.1436 -6064.9775
v  6181.5029 3839.7915 -6039.4634
v  6484.9048 3839.7915 -6034.6885
v  7396.3486 4266.9272 -6099.0649
v  7690.3848 4266.9272 -6094.4370
v  7718.6631 4266.8804 -7891.2832
v  7424.6274 4266.8804 -7895.9111
v  6789.5449 4266.9272 -6108.6143
v  7092.9468 4266.9272 -6103.8398
v  7121.2256 4266.8804 -7900.6855
v  6817.8232 4266.8804 -7905.4604
v  6514.4214 4266.8804 -7910.2349
v  6211.0195 4266.8804 -7915.0098
v  5300.8135 4266.8804 -7929.3340
v  4997.4111 4266.8804 -7934.1089
v  4969.1328 4266.9272 -6137.2632
v  5272.5347 4266.9272 -6132.4883
v  5907.6172 4266.8804 -7919.7847
v  5604.2158 4266.8804 -7924.5596
v  5575.9365 4266.9272 -6127.7139
v  5879.3389 4266.9272 -6122.9390
v  7394.9390 3631.6404 -6009.4409
v  7688.9746 3631.6404 -6004.8135
v  7689.1465 3839.7915 -6015.7363
v  7395.1104 3839.7915 -6020.3638
v  6788.1348 3631.6404 -6018.9902
v  7091.5371 3631.6404 -6014.2158
v  7091.7090 3839.7915 -6025.1387
v  6788.3066 3839.7915 -6029.9136
v  6181.3311 3631.6404 -6028.5400
v  6484.7329 3631.6404 -6023.7651
v  5271.2974 3839.7917 -6053.7876
v  4967.8955 3839.7917 -6058.5625
v  4967.7227 3631.6404 -6047.6392
v  5271.1250 3631.6404 -6042.8643
v  5878.1011 3839.7915 -6044.2378
v  5574.6992 3839.7915 -6049.0127
v  5574.5273 3631.6404 -6038.0898
v  5877.9292 3631.6404 -6033.3149
v  4968.3716 4056.1436 -6088.8516
v  5271.7734 4056.1436 -6084.0767
v  5575.1758 4056.1436 -6079.3022
v  5878.5771 4056.1436 -6074.5273
v  7395.5874 4056.1436 -6050.6533
v  7689.6230 4056.1436 -6046.0254
v  6788.7832 4056.1436 -6060.2026
v  7092.1855 4056.1436 -6055.4282
v  4645.0313 3632.0234 -7940.0410
v  4616.7471 3631.6404 -6142.8101
v  4616.7466 3839.6411 -6142.8101
v  4645.0293 3839.8091 -7939.9150
v  4636.5562 4057.1216 -6142.4980
v  4675.0977 4266.9272 -6141.8911
v  4703.3760 4266.8804 -7938.7363
v  4664.8496 4057.2874 -7939.4707
v  9205.6143 4266.9272 -6070.5908
v  9204.8516 4056.1436 -6022.1792
v  9508.2539 4056.1436 -6017.4043
v  9509.0156 4266.9272 -6065.8159
v  9204.3750 3839.7915 -5991.8906
v  9507.7764 3839.7915 -5987.1157
v  8295.4082 4266.9272 -6084.9160
v  8323.6865 4266.8804 -7881.7617
v  8029.6504 4266.8804 -7886.3892
v  8001.3721 4266.9272 -6089.5435
v  8902.2119 4266.9272 -6075.3657
v  8930.4902 4266.8804 -7872.2119
v  8627.0879 4266.8804 -7876.9868
v  8598.8096 4266.9272 -6080.1411
v  9537.2939 4266.8804 -7862.6621
v  9233.8926 4266.8804 -7867.4365
v  10447.5000 4266.8804 -7848.3369
v  10419.2217 4266.9272 -6051.4907
v  10722.6240 4266.9272 -6046.7158
v  10750.9023 4266.8804 -7843.5615
v  9840.6963 4266.8804 -7857.8867
v  9812.4180 4266.9272 -6061.0410
v  10115.8203 4266.9272 -6056.2661
v  10144.0977 4266.8804 -7853.1113
v  8293.9971 3631.6404 -5995.2920
v  8294.1689 3839.7915 -6006.2153
v  8000.1333 3839.7915 -6010.8428
v  7999.9614 3631.6404 -5999.9194
v  8900.8008 3631.6404 -5985.7417
v  8900.9727 3839.7915 -5996.6655
v  8597.5713 3839.7915 -6001.4404
v  8597.3984 3631.6404 -5990.5171
v  9507.6045 3631.6404 -5976.1919
v  9204.2031 3631.6404 -5980.9668
v  10417.9824 3839.7915 -5972.7900
v  10417.8105 3631.6404 -5961.8667
v  10721.2119 3631.6404 -5957.0918
v  10721.3848 3839.7915 -5968.0151
v  9811.1787 3839.7915 -5982.3398
v  9811.0068 3631.6404 -5971.4170
v  10114.4082 3631.6404 -5966.6421
v  10114.5801 3839.7915 -5977.5649
v  10418.4590 4056.1436 -6003.0791
v  10721.8613 4056.1436 -5998.3042
v  9811.6553 4056.1436 -6012.6294
v  10115.0566 4056.1436 -6007.8545
v  8294.6455 4056.1436 -6036.5044
v  8000.6099 4056.1436 -6041.1318
v  8901.4492 4056.1436 -6026.9541
v  8598.0479 4056.1436 -6031.7295
v  11103.2949 3632.0234 -7838.4019
v  11103.2920 3839.8091 -7838.2754
v  11075.0098 3839.6411 -6041.1709
v  11075.0098 3631.6404 -6041.1709
v  11055.2002 4057.1216 -6041.4829
v  11083.4678 4057.2871 -7838.4556
v  11044.9375 4266.8804 -7838.9341
v  11016.6592 4266.9272 -6042.0889
# 116 vertices

vn -0.0098 0.7822 0.6229
vn -0.0098 0.7823 0.6228
vn -0.0155 0.1814 0.9833
vn -0.0157 0.0956 0.9953
vn 0.0000 1.0000 -0.0000
vn -0.0157 0.0524 0.9985
vn -0.9999 0.0000 -0.0157
vn -0.9999 -0.0000 -0.0157
vn -0.9988 0.0454 -0.0157
vn -0.9906 0.1359 -0.0156
vn -0.9834 0.1807 -0.0155
vn -0.9834 0.1808 -0.0155
vn 0.9999 -0.0000 0.0157
vn 0.9988 0.0454 0.0157
vn 0.9906 0.1358 0.0156
vn 0.9906 0.1359 0.0156
vn 0.9834 0.1808 0.0155
vn 0.9834 0.1807 0.0155
# 18 vertex normals

vt 0.3049 0.4150 0.0000
vt 0.2672 0.4150 0.0000
vt 0.4179 0.4150 0.0000
vt 0.4544 0.4150 0.0000
vt 0.3425 0.4150 0.0000
vt 0.3802 0.4150 0.0000
vt 0.1542 0.4150 0.0000
vt 0.1165 0.4150 0.0000
vt 0.2295 0.4150 0.0000
vt 0.1918 0.4150 0.0000
vt 0.0800 0.4150 0.0000
# 11 texture coords

o Obj3d66_12417040_19_223
g Obj3d66_12417040_19_223
usemtl Mat3d66_12417040_12_68678
f -116/-11/-18 -115/-10/-17 -114/-10/-16 -113/-11/-16 
f -113/-11/-16 -114/-10/-16 -112/-10/-15 -111/-11/-15 
f -110/-9/-17 -109/-8/-18 -108/-8/-14 -107/-9/-14 
f -106/-7/-17 -105/-6/-18 -104/-6/-14 -103/-7/-14 
f -115/-10/-17 -116/-11/-18 -102/-11/-14 -101/-10/-14 
f -100/-5/-14 -99/-4/-14 -98/-4/-17 -97/-5/-18 
f -96/-3/-14 -95/-2/-14 -94/-2/-17 -93/-3/-18 
f -92/-9/-13 -91/-8/-13 -90/-8/-15 -89/-9/-15 
f -88/-7/-13 -87/-6/-13 -86/-6/-15 -85/-7/-15 
f -84/-10/-13 -83/-11/-13 -111/-11/-15 -112/-10/-15 
f -82/-5/-15 -81/-4/-15 -80/-4/-13 -79/-5/-13 
f -78/-3/-15 -77/-2/-15 -76/-2/-13 -75/-3/-13 
f -97/-5/-18 -98/-4/-17 -74/-4/-16 -73/-5/-16 
f -93/-3/-18 -94/-2/-17 -72/-2/-16 -71/-3/-16 
f -70/-9/-16 -69/-8/-16 -109/-8/-18 -110/-9/-17 
f -68/-7/-16 -67/-6/-16 -105/-6/-18 -106/-7/-17 
f -73/-5/-16 -74/-4/-16 -81/-4/-15 -82/-5/-15 
f -71/-3/-16 -72/-2/-16 -77/-2/-15 -78/-3/-15 
f -89/-9/-15 -90/-8/-15 -69/-8/-16 -70/-9/-16 
f -85/-7/-15 -86/-6/-15 -67/-6/-16 -68/-7/-16 
f -66/-1/-12 -65/-1/-11 -64/-1/-10 -63/-1/-10 
f -62/-1/-9 -61/-1/-8 -60/-1/-7 -59/-1/-9 
f -64/-1/-10 -62/-1/-9 -59/-1/-9 -63/-1/-10 
f -58/-11/-18 -57/-11/-16 -56/-10/-16 -55/-10/-17 
f -57/-11/-16 -54/-11/-15 -53/-10/-15 -56/-10/-16 
f -52/-9/-17 -51/-9/-14 -50/-8/-14 -49/-8/-18 
f -48/-7/-17 -47/-7/-14 -46/-6/-14 -45/-6/-18 
f -55/-10/-17 -44/-10/-14 -43/-11/-14 -58/-11/-18 
f -42/-5/-14 -41/-5/-18 -40/-4/-17 -39/-4/-14 
f -38/-3/-14 -37/-3/-18 -36/-2/-17 -35/-2/-14 
f -34/-9/-13 -33/-9/-15 -32/-8/-15 -31/-8/-13 
f -30/-7/-13 -29/-7/-15 -28/-6/-15 -27/-6/-13 
f -26/-10/-13 -53/-10/-15 -54/-11/-15 -25/-11/-13 
f -24/-5/-15 -23/-5/-13 -22/-4/-13 -21/-4/-15 
f -20/-3/-15 -19/-3/-13 -18/-2/-13 -17/-2/-15 
f -41/-5/-18 -16/-5/-16 -15/-4/-16 -40/-4/-17 
f -37/-3/-18 -14/-3/-16 -13/-2/-16 -36/-2/-17 
f -12/-9/-16 -52/-9/-17 -49/-8/-18 -11/-8/-16 
f -10/-7/-16 -48/-7/-17 -45/-6/-18 -9/-6/-16 
f -16/-5/-16 -24/-5/-15 -21/-4/-15 -15/-4/-16 
f -14/-3/-16 -20/-3/-15 -17/-2/-15 -13/-2/-16 
f -33/-9/-15 -12/-9/-16 -11/-8/-16 -32/-8/-15 
f -29/-7/-15 -10/-7/-16 -9/-6/-16 -28/-6/-15 
f -8/-1/-6 -7/-1/-5 -6/-1/-5 -5/-1/-6 
f -4/-1/-4 -3/-1/-3 -2/-1/-2 -1/-1/-1 
f -6/-1/-5 -7/-1/-5 -3/-1/-3 -4/-1/-4 
# 46 polygons

#
# object Obj3d66_12417040_21_875
#

v  11915.3486 117.3348 -9880.5840
v  11915.3516 4115.2871 -9880.7559
v  11917.1172 4065.2861 -9989.6240
v  11917.1143 167.3515 -9989.4688
v  11916.0723 4157.8955 -9926.5400
v  11946.8301 4157.8955 -11880.9375
v  11945.8535 4067.7036 -11815.6035
v  11917.1523 4067.7041 -9991.8633
v  11947.5508 4115.2871 -11926.7207
v  11947.5508 117.7775 -11926.7197
v  11945.8887 167.7656 -11817.8418
v  11945.8887 4065.2856 -11817.8418
v  11946.8301 75.1597 -11880.9365
v  11916.0693 74.7366 -9926.3652
v  11917.1494 164.9342 -9991.7070
v  11945.8535 165.3471 -11815.6035
v  11912.0205 4118.0332 -9874.8281
v  11912.0176 114.5886 -9874.6563
v  11889.0693 114.5888 -9875.0176
v  11889.0723 4118.0322 -9875.1895
v  11943.6523 4163.0591 -11884.7285
v  11912.7764 4163.0591 -9922.8516
v  11889.8281 4163.0586 -9923.2129
v  11920.7031 4163.0586 -11885.0898
v  11944.4082 115.0324 -11932.7490
v  11944.4082 4118.0332 -11932.7500
v  11921.4590 4118.0322 -11933.1113
v  11921.4600 115.0322 -11933.1104
v  11912.7734 69.5731 -9922.6758
v  11943.6523 69.9960 -11884.7275
v  11920.7041 69.9958 -11885.0889
v  11889.8252 69.5731 -9923.0371
v  11890.8096 159.3428 -9985.5645
v  11890.8125 4073.2893 -9985.7188
v  11919.7207 4073.2893 -11822.5723
v  11920.8887 4133.5801 -11896.8125
v  11919.7207 159.7660 -11822.5723
v  11913.9775 170.0977 -9995.4980
v  11913.9805 4062.5403 -9995.6543
v  11764.6816 4062.5405 -9998.0039
v  11764.6787 170.0969 -9997.8477
v  11942.5645 4062.5403 -11811.9141
v  11793.2656 4062.5405 -11814.2637
v  11942.5645 170.5107 -11811.9141
v  11793.2656 170.5105 -11814.2637
v  11610.3945 117.3348 -9885.3828
v  11612.0566 167.3515 -9994.2695
v  11612.0586 4065.2861 -9994.4258
v  11610.3965 4115.2871 -9885.5547
v  11611.1172 4157.8955 -9931.3398
v  11612.0938 4067.7041 -9996.6641
v  11640.7949 4067.7036 -11820.4043
v  11641.8750 4157.8955 -11885.7363
v  11642.5957 4115.2871 -11931.5195
v  11640.8311 4065.2856 -11822.6426
v  11640.8311 167.7656 -11822.6426
v  11642.5957 117.7775 -11931.5186
v  11641.8750 75.1597 -11885.7354
v  11640.7949 165.3471 -11820.4043
v  11612.0918 164.9342 -9996.5078
v  11611.1152 74.7366 -9931.1650
v  11613.5391 4118.0332 -9879.5254
v  11636.4883 4118.0322 -9879.1641
v  11636.4854 114.5888 -9878.9922
v  11613.5371 114.5886 -9879.3535
v  11645.1709 4163.0591 -11889.4258
v  11668.1191 4163.0586 -11889.0645
v  11637.2441 4163.0586 -9927.1875
v  11614.2949 4163.0591 -9927.5488
v  11645.9268 115.0324 -11937.4473
v  11668.8750 115.0322 -11937.0859
v  11668.8750 4118.0322 -11937.0859
v  11645.9268 4118.0332 -11937.4473
v  11614.2930 69.5731 -9927.3730
v  11637.2412 69.5731 -9927.0127
v  11668.1191 69.9958 -11889.0645
v  11645.1709 69.9960 -11889.4258
v  11638.2266 4073.2893 -9989.6943
v  11638.2246 159.3428 -9989.5391
v  11668.3047 4133.5801 -11900.7871
v  11667.1348 4073.2893 -11826.5479
v  11667.1348 159.7660 -11826.5479
v  11615.3809 170.0977 -10000.1973
v  11615.3828 4062.5403 -10000.3535
v  11643.9668 4062.5403 -11816.6133
v  11643.9668 170.5107 -11816.6133
# 86 vertices

vn 0.8813 -0.1707 0.4406
vn 0.8813 0.1707 0.4406
vn 0.9571 -0.1099 -0.2683
vn 0.9571 0.1099 -0.2683
vn 0.8820 0.4391 0.1712
vn 0.8869 0.4391 -0.1434
vn 0.9554 -0.2594 0.1413
vn 0.9593 -0.2594 -0.1112
vn 0.8948 0.1706 -0.4127
vn 0.8948 -0.1706 -0.4127
vn 0.9481 0.1099 0.2983
vn 0.9481 -0.1099 0.2983
vn 0.8869 -0.4390 -0.1435
vn 0.8820 -0.4392 0.1711
vn 0.9593 0.2594 -0.1112
vn 0.9554 0.2594 0.1414
vn 0.3391 0.3609 0.8688
vn 0.3390 -0.3610 0.8688
vn -0.6415 -0.2971 0.7073
vn -0.6415 0.2971 0.7073
vn 0.3557 0.8616 -0.3621
vn 0.3441 0.8616 0.3731
vn -0.6349 0.7173 0.2871
vn -0.6255 0.7173 -0.3070
vn 0.3662 -0.3609 -0.8577
vn 0.3662 0.3609 -0.8577
vn -0.6189 0.2971 -0.7271
vn -0.6189 -0.2971 -0.7271
vn 0.3441 -0.8617 0.3730
vn 0.3557 -0.8615 -0.3623
vn -0.6255 -0.7172 -0.3071
vn -0.6348 -0.7173 0.2870
vn -0.9999 0.0000 -0.0157
vn -0.9999 -0.0000 -0.0157
vn 0.5300 0.6126 -0.5863
vn 0.5300 -0.6125 -0.5864
vn 0.0111 -0.7071 -0.7070
vn 0.0111 0.7072 -0.7069
vn 0.5113 -0.6125 0.6028
vn -0.0111 -0.7071 0.7070
vn 0.5113 0.6124 0.6029
vn -0.0111 0.7070 0.7071
vn -0.8947 -0.1707 0.4127
vn -0.9481 0.1099 -0.2983
vn -0.9481 -0.1099 -0.2983
vn -0.8948 0.1707 0.4127
vn -0.8869 0.4391 0.1434
vn -0.9554 -0.2594 -0.1413
vn -0.9593 -0.2594 0.1112
vn -0.8820 0.4391 -0.1712
vn -0.8813 0.1706 -0.4406
vn -0.9571 -0.1099 0.2683
vn -0.9570 0.1099 0.2683
vn -0.8813 -0.1706 -0.4406
vn -0.8820 -0.4390 -0.1713
vn -0.9593 0.2594 0.1112
vn -0.9554 0.2594 -0.1413
vn -0.8869 -0.4392 0.1433
vn -0.3662 0.3609 0.8577
vn 0.6189 0.2971 0.7271
vn 0.6189 -0.2971 0.7271
vn -0.3662 -0.3610 0.8577
vn -0.3441 0.8616 -0.3731
vn 0.6348 0.7173 -0.2872
vn 0.6255 0.7173 0.3070
vn -0.3557 0.8616 0.3621
vn -0.3391 -0.3609 -0.8688
vn 0.6415 -0.2971 -0.7073
vn 0.6415 0.2971 -0.7073
vn -0.3390 0.3609 -0.8688
vn -0.3556 -0.8617 0.3620
vn 0.6255 -0.7173 0.3069
vn 0.6349 -0.7172 -0.2873
vn -0.3441 -0.8615 -0.3733
vn 0.9999 -0.0000 0.0157
vn 0.9999 0.0000 0.0157
vn -0.5113 0.6126 -0.6027
vn -0.5113 -0.6125 -0.6028
vn -0.5300 -0.6125 0.5864
vn -0.5300 0.6124 0.5865
# 80 vertex normals

vt 0.9616 0.0061 0.0000
vt 0.5049 0.0045 0.0000
vt 0.5003 0.0045 0.0000
vt 0.9662 0.0061 0.0000
vt 0.5000 0.0234 0.0000
vt 0.5000 0.8418 0.0000
vt 0.5000 0.8597 0.0000
vt 0.5000 0.0055 0.0000
vt 0.5000 0.8518 0.0000
vt 0.5024 0.0090 0.0000
vt 0.5024 0.0005 0.0000
vt 0.5000 0.8603 0.0000
vt 0.5127 0.0002 0.0000
vt 0.9562 0.0060 0.0000
vt 0.9659 0.0061 0.0000
vt 0.5030 0.0000 0.0000
vt 0.5051 0.0045 0.0000
vt 0.9613 0.0061 0.0000
vt 0.5000 0.8408 0.0000
vt 0.5000 0.0245 0.0000
vt 0.5024 0.0095 0.0000
vt 0.5000 0.8513 0.0000
vt 0.9556 0.0059 0.0000
vt 0.5133 0.0002 0.0000
vt 0.9664 0.0061 0.0000
vt 0.5000 0.0045 0.0000
vt 0.5000 0.8608 0.0000
vt 0.5024 0.0000 0.0000
# 28 texture coords

o Obj3d66_12417040_21_875
g Obj3d66_12417040_21_875
usemtl Mat3d66_12417040_3_95228
f -83/-25/-77 -84/-26/-78 -85/-27/-79 -86/-28/-80 
f -79/-21/-73 -80/-22/-74 -81/-23/-75 -82/-24/-76 
f -75/-17/-69 -76/-18/-70 -77/-19/-71 -78/-20/-72 
f -71/-13/-65 -72/-14/-66 -73/-15/-67 -74/-16/-68 
f -67/-12/-61 -68/-11/-62 -69/-11/-63 -70/-12/-64 
f -63/-10/-57 -64/-9/-58 -65/-9/-59 -66/-10/-60 
f -59/-8/-53 -60/-7/-54 -61/-7/-55 -62/-8/-56 
f -55/-6/-49 -56/-5/-50 -57/-5/-51 -58/-6/-52 
f -53/-3/-47 -54/-4/-48 -68/-11/-62 -67/-12/-61 
f -51/-2/-47 -52/-2/-47 -53/-3/-47 -64/-9/-58 -63/-10/-57 
f -50/-1/-48 -52/-2/-47 -51/-2/-47 -60/-7/-54 -59/-8/-53 
f -54/-4/-48 -50/-1/-48 -56/-5/-50 -55/-6/-49 
f -46/-4/-43 -47/-3/-44 -48/-3/-45 -49/-4/-46 
f -47/-3/-44 -44/-2/-41 -45/-2/-42 -48/-3/-45 
f -44/-2/-41 -42/-1/-39 -43/-1/-40 -45/-2/-42 
f -42/-1/-39 -46/-4/-43 -49/-4/-46 -43/-1/-40 
f -73/-15/-67 -72/-14/-66 -83/-25/-77 -86/-28/-80 
f -84/-26/-78 -79/-21/-73 -82/-24/-76 -85/-27/-79 
f -80/-22/-74 -75/-17/-69 -78/-20/-72 -81/-23/-75 
f -77/-19/-71 -76/-18/-70 -71/-13/-65 -74/-16/-68 
f -54/-4/-48 -55/-6/-49 -68/-11/-62 
f -53/-3/-47 -67/-12/-61 -64/-9/-58 
f -51/-2/-47 -63/-10/-57 -60/-7/-54 
f -50/-1/-48 -59/-8/-53 -56/-5/-50 
f -55/-6/-49 -58/-6/-52 -69/-11/-63 -68/-11/-62 
f -67/-12/-61 -70/-12/-64 -65/-9/-59 -64/-9/-58 
f -63/-10/-57 -66/-10/-60 -61/-7/-55 -60/-7/-54 
f -59/-8/-53 -62/-8/-56 -57/-5/-51 -56/-5/-50 
f -38/-27/-35 -39/-26/-36 -40/-25/-37 -41/-28/-38 
f -34/-23/-31 -35/-22/-32 -36/-21/-33 -37/-24/-34 
f -30/-19/-27 -31/-18/-28 -32/-17/-29 -33/-20/-30 
f -26/-15/-23 -27/-14/-24 -28/-13/-25 -29/-16/-26 
f -22/-11/-19 -23/-11/-20 -24/-12/-21 -25/-12/-22 
f -18/-9/-15 -19/-9/-16 -20/-10/-17 -21/-10/-18 
f -14/-7/-11 -15/-7/-12 -16/-8/-13 -17/-8/-14 
f -10/-5/-7 -11/-5/-8 -12/-6/-9 -13/-6/-10 
f -23/-11/-20 -8/-4/-5 -9/-3/-6 -24/-12/-21 
f -19/-9/-16 -9/-3/-6 -6/-2/-6 -7/-2/-6 -20/-10/-17 
f -15/-7/-12 -7/-2/-6 -6/-2/-6 -5/-1/-5 -16/-8/-13 
f -11/-5/-8 -5/-1/-5 -8/-4/-5 -12/-6/-9 
f -3/-3/-3 -47/-3/-44 -46/-4/-43 -4/-4/-4 
f -2/-2/-2 -44/-2/-41 -47/-3/-44 -3/-3/-3 
f -1/-1/-1 -42/-1/-39 -44/-2/-41 -2/-2/-2 
f -4/-4/-4 -46/-4/-43 -42/-1/-39 -1/-1/-1 
f -40/-25/-37 -27/-14/-24 -26/-15/-23 -41/-28/-38 
f -37/-24/-34 -36/-21/-33 -39/-26/-36 -38/-27/-35 
f -33/-20/-30 -32/-17/-29 -35/-22/-32 -34/-23/-31 
f -28/-13/-25 -31/-18/-28 -30/-19/-27 -29/-16/-26 
f -12/-6/-9 -8/-4/-5 -23/-11/-20 
f -24/-12/-21 -9/-3/-6 -19/-9/-16 
f -20/-10/-17 -7/-2/-6 -15/-7/-12 
f -16/-8/-13 -5/-1/-5 -11/-5/-8 
f -22/-11/-19 -13/-6/-10 -12/-6/-9 -23/-11/-20 
f -18/-9/-15 -25/-12/-22 -24/-12/-21 -19/-9/-16 
f -14/-7/-11 -21/-10/-18 -20/-10/-17 -15/-7/-12 
f -10/-5/-7 -17/-8/-14 -16/-8/-13 -11/-5/-8 
f -85/-27/-79 -70/-12/-64 -69/-11/-63 -86/-28/-80 
f -81/-23/-75 -66/-10/-60 -65/-9/-59 -82/-24/-76 
f -77/-19/-71 -62/-8/-56 -61/-7/-55 -78/-20/-72 
f -73/-15/-67 -58/-6/-52 -57/-5/-51 -74/-16/-68 
f -86/-28/-80 -69/-11/-63 -58/-6/-52 -73/-15/-67 
f -82/-24/-76 -65/-9/-59 -70/-12/-64 -85/-27/-79 
f -78/-20/-72 -61/-7/-55 -66/-10/-60 -81/-23/-75 
f -74/-16/-68 -57/-5/-51 -62/-8/-56 -77/-19/-71 
f -41/-28/-38 -22/-11/-19 -25/-12/-22 -38/-27/-35 
f -37/-24/-34 -18/-9/-15 -21/-10/-18 -34/-23/-31 
f -33/-20/-30 -14/-7/-11 -17/-8/-14 -30/-19/-27 
f -29/-16/-26 -10/-5/-7 -13/-6/-10 -26/-15/-23 
f -26/-15/-23 -13/-6/-10 -22/-11/-19 -41/-28/-38 
f -38/-27/-35 -25/-12/-22 -18/-9/-15 -37/-24/-34 
f -34/-23/-31 -21/-10/-18 -14/-7/-11 -33/-20/-30 
f -30/-19/-27 -17/-8/-14 -10/-5/-7 -29/-16/-26 
f -72/-14/-66 -49/-4/-46 -83/-25/-77 
f -48/-3/-45 -79/-21/-73 -84/-26/-78 
f -45/-2/-42 -75/-17/-69 -80/-22/-74 
f -76/-18/-70 -43/-1/-40 -71/-13/-65 
f -27/-14/-24 -40/-25/-37 -4/-4/-4 
f -39/-26/-36 -36/-21/-33 -3/-3/-3 
f -35/-22/-32 -32/-17/-29 -2/-2/-2 
f -31/-18/-28 -28/-13/-25 -1/-1/-1 
f -83/-25/-77 -49/-4/-46 -48/-3/-45 -84/-26/-78 
f -79/-21/-73 -48/-3/-45 -45/-2/-42 -80/-22/-74 
f -75/-17/-69 -45/-2/-42 -43/-1/-40 -76/-18/-70 
f -71/-13/-65 -43/-1/-40 -49/-4/-46 -72/-14/-66 
f -39/-26/-36 -3/-3/-3 -4/-4/-4 -40/-25/-37 
f -35/-22/-32 -2/-2/-2 -3/-3/-3 -36/-21/-33 
f -31/-18/-28 -1/-1/-1 -2/-2/-2 -32/-17/-29 
f -27/-14/-24 -4/-4/-4 -1/-1/-1 -28/-13/-25 
# 72 polygons - 16 triangles

#
# object Obj3d66_12417040_22_629
#

v  7874.1934 1940.2628 -7891.2095
v  7757.2490 1940.2632 -7893.0498
v  7747.8740 1939.9487 -7292.5293
v  7864.7422 1939.9478 -7290.6895
v  4701.7813 2064.1633 -7443.8770
v  4709.5991 2064.1311 -7940.6270
v  4921.8945 2064.1316 -7937.2861
v  4912.6006 2064.1709 -7337.1504
v  4803.5376 2064.1699 -7338.8662
v  4757.5674 2064.1697 -7346.1729
v  4726.1616 2064.1685 -7365.6953
v  4707.6377 2064.1665 -7397.6997
v  4803.0005 1946.1381 -7332.6807
v  4803.0000 2057.9771 -7332.6807
v  4912.5049 2057.9775 -7330.9570
v  4912.5049 1946.1385 -7330.9570
v  4703.4121 1946.4564 -7941.0913
v  4703.4067 2057.9375 -7940.7441
v  4695.5811 2057.9697 -7443.5342
v  4695.5820 1946.1954 -7443.5342
v  4709.6055 1940.2631 -7941.0132
v  4921.9004 1940.2631 -7937.6724
v  4755.3604 1946.1416 -7340.2529
v  4755.3604 2057.9766 -7340.2529
v  4721.5771 1946.1523 -7361.2524
v  4721.5771 2057.9751 -7361.2524
v  4701.6514 1946.1704 -7395.6797
v  4701.6509 2057.9731 -7395.6797
v  4701.7813 1940.0022 -7443.8770
v  4707.6377 1939.9780 -7397.6997
v  4726.1621 1939.9614 -7365.6953
v  4757.5674 1939.9513 -7346.1729
v  4803.5381 1939.9479 -7338.8662
v  4912.6006 1939.9484 -7337.1504
v  6217.4448 2064.1318 -7916.8975
v  6461.6924 2064.1318 -7913.0532
v  6452.3579 2064.1709 -7312.9180
v  6208.1172 2064.1709 -7316.7617
v  6208.0205 2057.9775 -7310.5684
v  6452.2617 2057.9775 -7306.7246
v  6452.2612 1946.1388 -7306.7246
v  6208.0205 1946.1388 -7310.5684
v  6217.4512 1940.2632 -7917.2832
v  6461.6987 1940.2632 -7913.4395
v  6208.1172 1939.9486 -7316.7617
v  6452.3574 1939.9486 -7312.9180
v  7757.2432 2064.1318 -7892.6641
v  7874.1870 2064.1309 -7890.8232
v  7864.7422 2064.1699 -7290.6895
v  7747.8740 2064.1709 -7292.5293
v  7747.7773 2057.9778 -7286.3359
v  7864.6450 2057.9771 -7284.4961
v  7864.6450 1946.1379 -7284.4961
v  7747.7773 1946.1389 -7286.3359
v  7500.6099 2064.1318 -7896.7031
v  7744.8574 2064.1318 -7892.8589
v  7735.4883 2064.1709 -7292.7236
v  7491.2476 2064.1709 -7296.5674
v  7243.9771 2064.1318 -7900.7417
v  7488.2246 2064.1318 -7896.8975
v  7478.8623 2064.1709 -7296.7627
v  7234.6216 2064.1709 -7300.6064
v  6987.3442 2064.1318 -7904.7803
v  7231.5918 2064.1318 -7900.9365
v  7222.2363 2064.1709 -7300.8018
v  6977.9956 2064.1709 -7304.6455
v  6730.7109 2064.1318 -7908.8193
v  6974.9585 2064.1318 -7904.9756
v  6965.6099 2064.1709 -7304.8398
v  6721.3691 2064.1709 -7308.6841
v  6474.0781 2064.1318 -7912.8584
v  6718.3257 2064.1318 -7909.0146
v  6708.9839 2064.1709 -7308.8789
v  6464.7432 2064.1709 -7312.7227
v  5169.2271 2064.1709 -7333.1113
v  4924.9863 2064.1709 -7336.9551
v  4934.2798 2064.1316 -7937.0913
v  5178.5273 2064.1316 -7933.2476
v  5425.8530 2064.1709 -7329.0728
v  5181.6123 2064.1709 -7332.9165
v  5190.9131 2064.1316 -7933.0527
v  5435.1602 2064.1316 -7929.2090
v  5682.4795 2064.1709 -7325.0342
v  5438.2383 2064.1709 -7328.8779
v  5447.5459 2064.1316 -7929.0137
v  5691.7935 2064.1318 -7925.1699
v  5939.1055 2064.1709 -7320.9951
v  5694.8652 2064.1709 -7324.8389
v  5704.1787 2064.1318 -7924.9746
v  5948.4268 2064.1318 -7921.1309
v  6195.7314 2064.1709 -7316.9565
v  5951.4907 2064.1709 -7320.8003
v  5960.8120 2064.1318 -7920.9360
v  6205.0596 2064.1318 -7917.0918
v  7491.1514 2057.9778 -7290.3750
v  7735.3916 2057.9778 -7286.5313
v  7735.3916 1946.1389 -7286.5313
v  7491.1509 1946.1389 -7290.3750
v  7234.5249 2057.9778 -7294.4136
v  7478.7656 2057.9778 -7290.5698
v  7478.7656 1946.1389 -7290.5698
v  7234.5254 1946.1389 -7294.4136
v  6977.8989 2057.9775 -7298.4521
v  7222.1396 2057.9778 -7294.6084
v  7222.1396 1946.1389 -7294.6084
v  6977.8989 1946.1388 -7298.4521
v  6721.2729 2057.9775 -7302.4912
v  6965.5137 2057.9775 -7298.6475
v  6965.5137 1946.1388 -7298.6475
v  6721.2729 1946.1388 -7302.4912
v  6464.6470 2057.9775 -7306.5298
v  6708.8872 2057.9775 -7302.6860
v  6708.8877 1946.1388 -7302.6860
v  6464.6465 1946.1388 -7306.5298
v  5169.1309 1946.1385 -7326.9185
v  4924.8906 1946.1385 -7330.7627
v  4924.8906 2057.9775 -7330.7627
v  5169.1313 2057.9775 -7326.9185
v  5425.7568 1946.1385 -7322.8799
v  5181.5166 1946.1385 -7326.7236
v  5181.5166 2057.9775 -7326.7236
v  5425.7568 2057.9775 -7322.8799
v  5682.3833 1946.1388 -7318.8408
v  5438.1426 1946.1385 -7322.6846
v  5438.1426 2057.9775 -7322.6846
v  5682.3833 2057.9775 -7318.8408
v  5939.0093 1946.1388 -7314.8022
v  5694.7686 1946.1388 -7318.6460
v  5694.7686 2057.9775 -7318.6460
v  5939.0088 2057.9775 -7314.8022
v  6195.6353 1946.1388 -7310.7637
v  5951.3945 1946.1388 -7314.6074
v  5951.3945 2057.9775 -7314.6074
v  6195.6353 2057.9775 -7310.7637
v  7500.6162 1940.2632 -7897.0889
v  7744.8638 1940.2632 -7893.2451
v  7243.9829 1940.2632 -7901.1279
v  7488.2305 1940.2632 -7897.2837
v  6987.3501 1940.2632 -7905.1665
v  7231.5977 1940.2632 -7901.3223
v  6730.7168 1940.2632 -7909.2051
v  6974.9648 1940.2632 -7905.3613
v  6474.0840 1940.2632 -7913.2441
v  6718.3320 1940.2632 -7909.4004
v  4934.2861 1940.2631 -7937.4775
v  5178.5337 1940.2631 -7933.6338
v  5190.9189 1940.2631 -7933.4385
v  5435.1665 1940.2631 -7929.5947
v  5447.5518 1940.2631 -7929.3994
v  5691.7998 1940.2632 -7925.5557
v  5704.1851 1940.2632 -7925.3608
v  5948.4326 1940.2632 -7921.5166
v  5960.8184 1940.2632 -7921.3223
v  6205.0654 1940.2632 -7917.4780
v  4924.9863 1939.9484 -7336.9551
v  5169.2266 1939.9484 -7333.1113
v  5181.6123 1939.9484 -7332.9165
v  5425.8530 1939.9484 -7329.0728
v  5438.2383 1939.9484 -7328.8779
v  5682.4795 1939.9486 -7325.0342
v  5694.8652 1939.9486 -7324.8389
v  5939.1055 1939.9486 -7320.9951
v  5951.4912 1939.9486 -7320.8003
v  6195.7314 1939.9486 -7316.9561
v  7491.2476 1939.9487 -7296.5674
v  7735.4883 1939.9487 -7292.7236
v  7234.6216 1939.9487 -7300.6064
v  7478.8623 1939.9487 -7296.7627
v  6977.9956 1939.9486 -7304.6455
v  7222.2363 1939.9487 -7300.8018
v  6721.3696 1939.9486 -7308.6841
v  6965.6099 1939.9486 -7304.8398
v  6464.7432 1939.9486 -7312.7227
v  6708.9839 1939.9486 -7308.8789
v  4927.8760 1943.1177 -7923.5723
v  4919.0103 1942.8179 -7351.0459
v  4927.8706 2061.2705 -7923.2046
v  4919.0103 2061.3081 -7351.0459
v  4918.9146 2055.1147 -7344.8530
v  4918.9146 1949.0081 -7344.8530
v  7750.8799 1942.5682 -7881.8408
v  7741.8574 1942.2656 -7303.9253
v  7750.8740 2061.8218 -7881.4697
v  7741.8574 2061.8594 -7303.9253
v  7741.7607 2055.6663 -7297.7329
v  7741.7607 1948.4558 -7297.7329
v  7494.2842 2062.3828 -7888.2520
v  7485.1885 2062.4209 -7305.2192
v  7237.6514 2062.3828 -7892.2910
v  7228.5625 2062.4209 -7309.2578
v  6980.9336 2061.2708 -7890.8936
v  6972.0210 2061.3081 -7318.7358
v  6724.3008 2061.2708 -7894.9326
v  6715.3945 2061.3081 -7322.7744
v  6467.7100 2061.8215 -7901.6641
v  6458.7266 2061.8591 -7324.1191
v  5175.5947 2061.8591 -7344.3125
v  5184.5449 2061.8215 -7921.8584
v  5432.2207 2061.8591 -7340.2744
v  5441.1777 2061.8215 -7917.8193
v  5688.8896 2061.3081 -7338.9297
v  5697.7690 2061.2708 -7911.0879
v  5945.4736 2061.8591 -7332.1963
v  5954.4438 2061.8215 -7909.7422
v  6202.1001 2061.8591 -7328.1577
v  6211.0767 2061.8215 -7905.7031
v  7485.0918 2056.2278 -7299.0264
v  7485.0918 1947.8931 -7299.0264
v  7228.4658 2056.2278 -7303.0649
v  7228.4658 1947.8931 -7303.0649
v  6971.9243 2055.1147 -7312.5430
v  6971.9243 1949.0082 -7312.5430
v  6715.2979 2055.1147 -7316.5820
v  6715.2983 1949.0082 -7316.5820
v  6458.6299 2055.6660 -7317.9268
v  6458.6299 1948.4556 -7317.9268
v  5175.4990 1948.4554 -7338.1201
v  5175.4990 2055.6660 -7338.1201
v  5432.1250 1948.4554 -7334.0815
v  5432.1250 2055.6660 -7334.0820
v  5688.7930 1949.0082 -7332.7368
v  5688.7930 2055.1147 -7332.7368
v  5945.3774 1948.4556 -7326.0039
v  5945.3774 2055.6660 -7326.0039
v  6202.0039 1948.4556 -7321.9653
v  6202.0039 2055.6660 -7321.9653
v  7494.2900 1942.0084 -7888.6274
v  7237.6572 1942.0084 -7892.6660
v  6980.9395 1943.1178 -7891.2617
v  6724.3066 1943.1178 -7895.3008
v  6467.7158 1942.5680 -7902.0352
v  5184.5508 1942.5679 -7922.2295
v  5441.1836 1942.5679 -7918.1904
v  5697.7749 1943.1178 -7911.4561
v  5954.4497 1942.5680 -7910.1133
v  6211.0825 1942.5680 -7906.0742
v  5175.5947 1942.2653 -7344.3125
v  5432.2207 1942.2653 -7340.2744
v  5688.8896 1942.8180 -7338.9297
v  5945.4736 1942.2654 -7332.1963
v  6202.1001 1942.2654 -7328.1577
v  7485.1885 1941.7029 -7305.2192
v  7228.5625 1941.7029 -7309.2578
v  6972.0210 1942.8180 -7318.7358
v  6715.3945 1942.8180 -7322.7744
v  6458.7266 1942.2654 -7324.1191
v  7874.1938 1940.2631 -7891.2100
v  7864.7427 1939.9479 -7290.6895
v  7981.6113 1939.9489 -7288.8506
v  7991.1382 1940.2634 -7889.3696
v  11030.9580 2064.1636 -7344.2695
v  11023.6514 2064.1665 -7298.2993
v  11004.1289 2064.1685 -7266.8936
v  10972.1250 2064.1699 -7248.3696
v  10925.9473 2064.1702 -7242.5127
v  10816.8838 2064.1709 -7244.2295
v  10826.4805 2064.1318 -7844.3613
v  11038.7754 2064.1313 -7841.0195
v  10926.2900 1946.1382 -7236.3130
v  10816.7852 1946.1388 -7238.0371
v  10816.7852 2057.9775 -7238.0371
v  10926.2900 2057.9771 -7236.3130
v  11044.9746 1946.4567 -7841.2891
v  11037.1436 1946.1954 -7343.7319
v  11037.1436 2057.9700 -7343.7319
v  11044.9688 2057.9377 -7840.9414
v  10826.4863 1940.2632 -7844.7471
v  11038.7813 1940.2632 -7841.4053
v  10974.1445 2057.9766 -7242.3828
v  10974.1445 1946.1418 -7242.3828
v  11008.5723 2057.9751 -7262.3091
v  11008.5713 1946.1526 -7262.3091
v  11029.5713 2057.9731 -7296.0918
v  11029.5713 1946.1705 -7296.0918
v  10816.8838 1939.9486 -7244.2295
v  10925.9473 1939.9480 -7242.5127
v  10972.1250 1939.9514 -7248.3696
v  11004.1289 1939.9615 -7266.8936
v  11023.6514 1939.9781 -7298.2993
v  11030.9580 1940.0022 -7344.2695
v  9530.9297 2064.1318 -7864.7505
v  9521.3682 2064.1709 -7264.6182
v  9277.1270 2064.1709 -7268.4619
v  9286.6826 2064.1318 -7868.5942
v  9521.2695 2057.9778 -7258.4258
v  9521.2695 1946.1389 -7258.4258
v  9277.0293 1946.1389 -7262.2695
v  9277.0283 2057.9778 -7262.2695
v  9530.9355 1940.2632 -7865.1367
v  9286.6885 1940.2632 -7868.9805
v  9277.1279 1939.9487 -7268.4619
v  9521.3682 1939.9487 -7264.6182
v  7991.1318 2064.1318 -7888.9834
v  7981.6113 2064.1709 -7288.8506
v  7864.7427 2064.1702 -7290.6895
v  7874.1875 2064.1311 -7890.8242
v  7981.5132 2057.9780 -7282.6582
v  7981.5132 1946.1390 -7282.6582
v  7864.6455 1946.1381 -7284.4971
v  7864.6455 2057.9771 -7284.4971
v  8247.7646 2064.1318 -7884.9443
v  8238.2373 2064.1709 -7284.8115
v  7993.9971 2064.1709 -7288.6553
v  8003.5171 2064.1318 -7888.7886
v  8504.3975 2064.1318 -7880.9058
v  8494.8633 2064.1709 -7280.7729
v  8250.6230 2064.1709 -7284.6167
v  8260.1504 2064.1318 -7884.7500
v  8761.0313 2064.1318 -7876.8672
v  8751.4902 2064.1709 -7276.7344
v  8507.2490 2064.1709 -7280.5781
v  8516.7832 2064.1318 -7880.7109
v  9017.6641 2064.1318 -7872.8281
v  9008.1162 2064.1709 -7272.6953
v  8763.8750 2064.1709 -7276.5391
v  8773.4160 2064.1318 -7876.6719
v  9274.2969 2064.1318 -7868.7891
v  9264.7422 2064.1709 -7268.6567
v  9020.5010 2064.1709 -7272.5005
v  9030.0488 2064.1318 -7872.6333
v  10560.2578 2064.1709 -7248.2681
v  10569.8477 2064.1318 -7848.4004
v  10814.0947 2064.1318 -7844.5562
v  10804.4990 2064.1709 -7244.4243
v  10303.6318 2064.1709 -7252.3066
v  10313.2139 2064.1318 -7852.4390
v  10557.4619 2064.1318 -7848.5947
v  10547.8730 2064.1709 -7248.4629
v  10047.0059 2064.1709 -7256.3457
v  10056.5811 2064.1318 -7856.4775
v  10300.8291 2064.1318 -7852.6338
v  10291.2461 2064.1709 -7252.5020
v  9790.3799 2064.1709 -7260.3843
v  9799.9482 2064.1318 -7860.5166
v  10044.1953 2064.1318 -7856.6729
v  10034.6201 2064.1709 -7256.5405
v  9533.7539 2064.1709 -7264.4229
v  9543.3154 2064.1318 -7864.5557
v  9787.5625 2064.1318 -7860.7114
v  9777.9941 2064.1709 -7260.5791
v  8238.1396 2057.9780 -7278.6191
v  8238.1396 1946.1390 -7278.6191
v  7993.8984 1946.1390 -7282.4629
v  7993.8984 2057.9780 -7282.4629
v  8494.7656 2057.9780 -7274.5806
v  8494.7656 1946.1390 -7274.5806
v  8250.5244 1946.1390 -7278.4243
v  8250.5244 2057.9780 -7278.4243
v  8751.3916 2057.9778 -7270.5420
v  8751.3916 1946.1389 -7270.5420
v  8507.1504 1946.1390 -7274.3857
v  8507.1504 2057.9780 -7274.3857
v  9008.0176 2057.9778 -7266.5029
v  9008.0176 1946.1389 -7266.5029
v  8763.7764 1946.1389 -7270.3467
v  8763.7764 2057.9778 -7270.3467
v  9264.6436 2057.9778 -7262.4644
v  9264.6436 1946.1389 -7262.4644
v  9020.4023 1946.1389 -7266.3081
v  9020.4023 2057.9778 -7266.3081
v  10560.1592 1946.1388 -7242.0757
v  10560.1592 2057.9775 -7242.0757
v  10804.3994 2057.9775 -7238.2319
v  10804.3994 1946.1388 -7238.2319
v  10303.5332 1946.1388 -7246.1143
v  10303.5332 2057.9775 -7246.1143
v  10547.7734 2057.9775 -7242.2705
v  10547.7734 1946.1388 -7242.2705
v  10046.9072 1946.1389 -7250.1533
v  10046.9072 2057.9778 -7250.1533
v  10291.1475 2057.9775 -7246.3096
v  10291.1475 1946.1388 -7246.3096
v  9790.2813 1946.1389 -7254.1919
v  9790.2813 2057.9778 -7254.1919
v  10034.5215 2057.9778 -7250.3481
v  10034.5215 1946.1389 -7250.3481
v  9533.6553 1946.1389 -7258.2305
v  9533.6553 2057.9778 -7258.2305
v  9777.8955 2057.9778 -7254.3867
v  9777.8955 1946.1389 -7254.3867
v  8247.7715 1940.2634 -7885.3306
v  8003.5234 1940.2634 -7889.1748
v  8504.4043 1940.2634 -7881.2920
v  8260.1563 1940.2634 -7885.1357
v  8761.0371 1940.2632 -7877.2529
v  8516.7891 1940.2634 -7881.0967
v  9017.6699 1940.2632 -7873.2139
v  8773.4229 1940.2632 -7877.0581
v  9274.3027 1940.2632 -7869.1753
v  9030.0557 1940.2632 -7873.0190
v  10569.8535 1940.2632 -7848.7861
v  10814.1016 1940.2632 -7844.9424
v  10313.2207 1940.2632 -7852.8252
v  10557.4678 1940.2632 -7848.9810
v  10056.5879 1940.2632 -7856.8638
v  10300.8350 1940.2632 -7853.0195
v  9799.9541 1940.2632 -7860.9023
v  10044.2021 1940.2632 -7857.0586
v  9543.3213 1940.2632 -7864.9414
v  9787.5693 1940.2632 -7861.0977
v  10560.2578 1939.9486 -7248.2681
v  10804.4990 1939.9486 -7244.4238
v  10303.6318 1939.9486 -7252.3066
v  10547.8730 1939.9486 -7248.4629
v  10047.0059 1939.9487 -7256.3457
v  10291.2461 1939.9486 -7252.5020
v  9790.3799 1939.9487 -7260.3843
v  10034.6201 1939.9487 -7256.5405
v  9533.7539 1939.9487 -7264.4229
v  9777.9941 1939.9487 -7260.5791
v  8238.2373 1939.9489 -7284.8115
v  7993.9971 1939.9489 -7288.6553
v  8494.8633 1939.9489 -7280.7729
v  8250.6230 1939.9489 -7284.6167
v  8751.4902 1939.9487 -7276.7344
v  8507.2490 1939.9489 -7280.5781
v  9008.1162 1939.9487 -7272.6953
v  8763.8750 1939.9487 -7276.5391
v  9264.7422 1939.9487 -7268.6567
v  9020.5010 1939.9487 -7272.5005
v  10810.9150 1942.8180 -7258.3203
v  10820.0703 1943.1178 -7830.8428
v  10810.9150 2061.3081 -7258.3203
v  10820.0645 2061.2708 -7830.4741
v  10810.8164 1949.0082 -7252.1274
v  10810.8164 2055.1150 -7252.1274
v  7987.9834 1942.2656 -7300.0522
v  7997.1514 1942.5684 -7877.9653
v  7987.9834 2061.8594 -7300.0522
v  7997.1455 2061.8218 -7877.5947
v  7987.8853 1948.4558 -7293.8594
v  7987.8853 2055.6663 -7293.8594
v  8244.5664 2062.4209 -7293.2686
v  8253.8223 2062.3833 -7876.2988
v  8501.1924 2062.4209 -7289.2295
v  8510.4551 2062.3833 -7872.2598
v  8757.9053 2061.3081 -7290.6304
v  8767.0010 2061.2710 -7862.7852
v  9014.5313 2061.3081 -7286.5918
v  9023.6338 2061.2710 -7858.7461
v  9271.1143 2061.8594 -7279.8584
v  9280.3096 2061.8218 -7857.4004
v  10563.4746 2061.8218 -7837.2061
v  10554.2461 2061.8594 -7259.6650
v  10306.8418 2061.8218 -7841.2446
v  10297.6191 2061.8594 -7263.7036
v  10050.1660 2061.2710 -7842.5908
v  10041.0361 2061.3081 -7270.4365
v  9793.5752 2061.8218 -7849.3223
v  9784.3672 2061.8594 -7271.7813
v  9536.9424 2061.8218 -7853.3613
v  9527.7412 2061.8594 -7275.8198
v  8244.4678 1947.8932 -7287.0757
v  8244.4678 2056.2280 -7287.0762
v  8501.0938 1947.8932 -7283.0371
v  8501.0938 2056.2280 -7283.0371
v  8757.8066 1949.0082 -7284.4375
v  8757.8066 2055.1150 -7284.4375
v  9014.4326 1949.0082 -7280.3984
v  9014.4326 2055.1150 -7280.3984
v  9271.0156 1948.4558 -7273.6660
v  9271.0156 2055.6663 -7273.6660
v  10554.1465 2055.6663 -7253.4717
v  10554.1475 1948.4556 -7253.4717
v  10297.5205 2055.6663 -7257.5107
v  10297.5205 1948.4556 -7257.5107
v  10040.9375 2055.1150 -7264.2437
v  10040.9375 1949.0082 -7264.2437
v  9784.2686 2055.6663 -7265.5879
v  9784.2686 1948.4558 -7265.5879
v  9527.6416 2055.6663 -7269.6270
v  9527.6416 1948.4558 -7269.6270
v  8253.8281 1942.0085 -7876.6738
v  8510.4609 1942.0085 -7872.6353
v  8767.0068 1943.1179 -7863.1533
v  9023.6396 1943.1179 -7859.1143
v  9280.3154 1942.5682 -7857.7715
v  10563.4805 1942.5680 -7837.5771
v  10306.8477 1942.5680 -7841.6157
v  10050.1709 1943.1179 -7842.9590
v  9793.5811 1942.5682 -7849.6934
v  9536.9482 1942.5682 -7853.7324
v  10554.2461 1942.2654 -7259.6650
v  10297.6191 1942.2654 -7263.7036
v  10041.0361 1942.8181 -7270.4365
v  9784.3672 1942.2656 -7271.7813
v  9527.7402 1942.2656 -7275.8198
v  8244.5664 1941.7030 -7293.2681
v  8501.1924 1941.7030 -7289.2295
v  8757.9053 1942.8181 -7290.6304
v  9014.5313 1942.8181 -7286.5918
v  9271.1143 1942.2656 -7279.8584
v  3929.7502 1933.7025 -10104.0488
v  3329.1909 1933.3875 -10113.5000
v  3327.6436 1933.3883 -10015.2188
v  3928.2024 1933.7032 -10005.7021
v  3403.8149 2057.6033 -8272.4785
v  3357.7896 2057.6062 -8279.7949
v  3326.3052 2057.6084 -8299.3652
v  3307.7349 2057.6096 -8331.4492
v  3301.8711 2057.6099 -8377.6826
v  3303.5093 2057.6106 -8481.6934
v  3904.0122 2057.5718 -8472.1123
v  3900.7473 2057.5713 -8264.6582
v  3295.8765 1939.3733 -8377.3516
v  3297.5215 1939.3744 -8481.7891
v  3297.5215 2051.6221 -8481.7891
v  3295.8765 2051.6216 -8377.3516
v  3900.7053 1939.6919 -8258.6699
v  3403.2949 1939.4305 -8266.4980
v  3403.2949 2051.6147 -8266.4971
v  3900.6555 2051.5825 -8258.6699
v  3904.0669 1933.7037 -8472.1104
v  3900.8020 1933.7031 -8264.6582
v  3301.9463 2051.6211 -8329.4961
v  3301.9463 1939.3767 -8329.4961
v  3321.8721 2051.6196 -8295.0693
v  3321.8721 1939.3877 -8295.0703
v  3355.6553 2051.6177 -8274.0703
v  3355.6553 1939.4055 -8274.0703
v  3303.5093 1933.3887 -8481.6934
v  3301.8711 1933.3877 -8377.6826
v  3307.7349 1933.3910 -8331.4492
v  3326.3052 1933.4012 -8299.3652
v  3357.7896 1933.4180 -8279.7949
v  3403.8149 1933.4420 -8272.4785
v  3914.4636 2057.5718 -9136.2090
v  3313.9604 2057.6104 -9145.7627
v  3317.1929 2057.6104 -9351.1504
v  3917.6963 2057.5715 -9341.6064
v  3307.9727 2051.6221 -9145.8574
v  3307.9727 1939.3743 -9145.8574
v  3311.2046 1939.3740 -9351.2461
v  3311.2051 2051.6221 -9351.2461
v  3914.5183 1933.7035 -9136.2070
v  3917.7510 1933.7035 -9341.6055
v  3317.1924 1933.3884 -9351.1504
v  3313.9604 1933.3885 -9145.7627
v  3928.1477 2057.5713 -10005.7031
v  3327.6440 2057.6101 -10015.2197
v  3329.1909 2057.6094 -10113.5000
v  3929.6956 2057.5708 -10104.0498
v  3321.6563 2051.6216 -10015.3145
v  3321.6558 1939.3739 -10015.3145
v  3323.2031 1939.3730 -10113.5947
v  3323.2031 2051.6211 -10113.5947
v  3924.7268 2057.5713 -9788.3291
v  3324.2231 2057.6101 -9797.8555
v  3327.4556 2057.6101 -10003.2432
v  3927.9592 2057.5713 -9993.7266
v  3921.3057 2057.5715 -9570.9561
v  3320.8022 2057.6104 -9580.4912
v  3324.0347 2057.6104 -9785.8789
v  3924.5383 2057.5715 -9776.3535
v  3917.8848 2057.5715 -9353.5820
v  3317.3813 2057.6104 -9363.1270
v  3320.6138 2057.6104 -9568.5146
v  3921.1172 2057.5715 -9558.9795
v  3306.9302 2057.6106 -8699.0586
v  3907.4333 2057.5718 -8689.4854
v  3904.2007 2057.5718 -8484.0879
v  3303.6978 2057.6106 -8493.6699
v  3310.3511 2057.6104 -8916.4219
v  3910.8542 2057.5718 -8906.8594
v  3907.6218 2057.5718 -8701.4619
v  3307.1187 2057.6106 -8711.0342
v  3313.7720 2057.6104 -9133.7861
v  3914.2751 2057.5718 -9124.2324
v  3911.0427 2057.5718 -8918.8350
v  3310.5396 2057.6104 -8928.3984
v  3318.2354 2051.6216 -9797.9502
v  3318.2349 1939.3739 -9797.9502
v  3321.4673 1939.3739 -10003.3379
v  3321.4678 2051.6216 -10003.3379
v  3314.8145 2051.6221 -9580.5859
v  3314.8140 1939.3740 -9580.5859
v  3318.0464 1939.3740 -9785.9736
v  3318.0469 2051.6216 -9785.9736
v  3311.3936 2051.6221 -9363.2217
v  3311.3931 1939.3740 -9363.2217
v  3314.6255 1939.3740 -9568.6094
v  3314.6260 2051.6221 -9568.6104
v  3300.9424 1939.3744 -8699.1533
v  3300.9424 2051.6221 -8699.1533
v  3297.7100 2051.6221 -8493.7656
v  3297.7100 1939.3744 -8493.7656
v  3304.3633 1939.3744 -8916.5176
v  3304.3633 2051.6221 -8916.5176
v  3301.1309 2051.6221 -8711.1299
v  3301.1309 1939.3744 -8711.1299
v  3307.7842 1939.3743 -9133.8818
v  3307.7842 2051.6221 -9133.8818
v  3304.5518 2051.6221 -8928.4941
v  3304.5518 1939.3744 -8928.4941
v  3924.7815 1933.7032 -9788.3281
v  3928.0139 1933.7032 -9993.7256
v  3921.3604 1933.7035 -9570.9551
v  3924.5930 1933.7034 -9776.3525
v  3917.9395 1933.7035 -9353.5811
v  3921.1719 1933.7035 -9558.9785
v  3907.4880 1933.7037 -8689.4844
v  3904.2554 1933.7037 -8484.0869
v  3910.9089 1933.7036 -8906.8574
v  3907.6765 1933.7037 -8701.4609
v  3914.3298 1933.7035 -9124.2314
v  3911.0974 1933.7036 -8918.8340
v  3306.9302 1933.3887 -8699.0586
v  3303.6978 1933.3887 -8493.6699
v  3310.3511 1933.3887 -8916.4219
v  3307.1187 1933.3887 -8711.0342
v  3313.7720 1933.3885 -9133.7861
v  3310.5396 1933.3887 -8928.3984
v  3324.2227 1933.3883 -9797.8555
v  3327.4551 1933.3883 -10003.2432
v  3320.8018 1933.3884 -9580.4902
v  3324.0342 1933.3884 -9785.8789
v  3317.3809 1933.3884 -9363.1270
v  3320.6133 1933.3884 -9568.5146
v  3314.9028 1935.7054 -8487.5020
v  3892.8611 1936.0087 -8478.2793
v  3314.9028 2055.2988 -8487.5020
v  3892.8083 2055.2617 -8478.2803
v  3308.9146 1941.6910 -8487.5977
v  3308.9146 2049.3105 -8487.5977
v  3338.8486 1935.7052 -10009.0518
v  3916.8081 1936.0084 -9999.8926
v  3338.8486 2055.2986 -10009.0527
v  3916.7554 2055.2615 -9999.8936
v  3332.8604 1941.6908 -10009.1475
v  3332.8613 2049.3101 -10009.1475
v  3335.4277 2055.2986 -9791.6875
v  3913.3345 2055.2615 -9782.5205
v  3332.0068 2055.2988 -9574.3232
v  3909.9133 2055.2615 -9565.1475
v  3328.5859 2055.2988 -9356.9590
v  3906.4924 2055.2617 -9347.7734
v  3896.2295 2055.2617 -8695.6543
v  3318.3237 2055.2988 -8704.8662
v  3899.6504 2055.2617 -8913.0273
v  3321.7446 2055.2988 -8922.2305
v  3903.0715 2055.2617 -9130.4004
v  3325.1650 2055.2988 -9139.5947
v  3329.4395 1941.6908 -9791.7832
v  3329.4404 2049.3101 -9791.7832
v  3326.0186 1941.6908 -9574.4189
v  3326.0195 2049.3105 -9574.4189
v  3322.5977 1941.6910 -9357.0547
v  3322.5986 2049.3105 -9357.0547
v  3312.3354 2049.3105 -8704.9619
v  3312.3354 1941.6912 -8704.9619
v  3315.7563 2049.3105 -8922.3262
v  3315.7563 1941.6912 -8922.3262
v  3319.1768 2049.3105 -9139.6904
v  3319.1768 1941.6912 -9139.6904
v  3913.3872 1936.0084 -9782.5195
v  3909.9661 1936.0084 -9565.1465
v  3906.5452 1936.0085 -9347.7725
v  3896.2822 1936.0087 -8695.6523
v  3899.7031 1936.0087 -8913.0264
v  3903.1240 1936.0085 -9130.3994
v  3318.3237 1935.7056 -8704.8662
v  3321.7446 1935.7056 -8922.2305
v  3325.1650 1935.7057 -9139.5947
v  3335.4277 1935.7052 -9791.6875
v  3332.0068 1935.7052 -9574.3232
v  3328.5859 1935.7054 -9356.9590
v  3929.7502 1933.7025 -10104.0469
v  3931.2979 1933.7032 -10202.3936
v  3330.7368 1933.3883 -10211.7793
v  3329.1909 1933.3875 -10113.4980
v  3461.7114 2057.6025 -11951.2598
v  3958.6436 2057.5708 -11943.4385
v  3955.3787 2057.5713 -11735.9854
v  3354.8716 2057.6101 -11745.3047
v  3356.5073 2057.6094 -11849.3154
v  3363.8228 2057.6091 -11895.3418
v  3383.3936 2057.6079 -11926.8262
v  3415.4785 2057.6055 -11945.3965
v  3350.5259 1939.3728 -11849.8359
v  3350.5259 2051.6211 -11849.8359
v  3348.8838 2051.6216 -11745.3975
v  3348.8838 1939.3739 -11745.3975
v  3958.7900 1939.6913 -11949.4258
v  3958.7402 2051.5820 -11949.4268
v  3461.3799 2051.6140 -11957.2549
v  3461.3799 1939.4299 -11957.2539
v  3958.6982 1933.7025 -11943.4375
v  3955.4333 1933.7032 -11735.9844
v  3358.0986 1939.3762 -11897.4756
v  3358.0986 2051.6206 -11897.4756
v  3379.0981 1939.3872 -11931.2578
v  3379.0981 2051.6191 -11931.2588
v  3413.5254 1939.4049 -11951.1846
v  3413.5254 2051.6172 -11951.1846
v  3461.7114 1933.4414 -11951.2598
v  3415.4785 1933.4174 -11945.3965
v  3383.3936 1933.4008 -11926.8252
v  3363.8228 1933.3905 -11895.3418
v  3356.5073 1933.3872 -11849.3154
v  3354.8716 1933.3882 -11745.3047
v  3944.9272 2057.5715 -11071.8887
v  3941.6946 2057.5713 -10866.4912
v  3341.1885 2057.6101 -10875.8477
v  3344.4204 2057.6101 -11081.2363
v  3338.4326 2051.6216 -11081.3291
v  3335.2007 2051.6216 -10875.9414
v  3335.2002 1939.3738 -10875.9414
v  3338.4326 1939.3740 -11081.3291
v  3944.9819 1933.7032 -11071.8877
v  3941.7493 1933.7032 -10866.4902
v  3344.4204 1933.3883 -11081.2363
v  3341.1880 1933.3882 -10875.8477
v  3931.2432 2057.5713 -10202.3945
v  3929.6956 2057.5708 -10104.0479
v  3329.1909 2057.6094 -10113.4980
v  3330.7373 2057.6101 -10211.7793
v  3324.7495 2051.6216 -10211.8730
v  3323.2031 2051.6211 -10113.5928
v  3323.2031 1939.3730 -10113.5928
v  3324.7490 1939.3739 -10211.8730
v  3934.6643 2057.5713 -10419.7676
v  3931.4316 2057.5713 -10214.3701
v  3330.9258 2057.6101 -10223.7549
v  3334.1582 2057.6101 -10429.1436
v  3938.0852 2057.5713 -10637.1416
v  3934.8528 2057.5713 -10431.7441
v  3334.3467 2057.6101 -10441.1191
v  3337.5791 2057.6101 -10646.5078
v  3941.5061 2057.5713 -10854.5146
v  3938.2737 2057.5713 -10649.1172
v  3337.7676 2057.6101 -10658.4834
v  3341.0000 2057.6101 -10863.8721
v  3351.4507 2057.6101 -11527.9404
v  3354.6831 2057.6101 -11733.3281
v  3955.1902 2057.5713 -11724.0088
v  3951.9578 2057.5713 -11518.6113
v  3348.0298 2057.6099 -11310.5762
v  3351.2622 2057.6101 -11515.9648
v  3951.7693 2057.5713 -11506.6357
v  3948.5366 2057.5713 -11301.2383
v  3344.6089 2057.6101 -11093.2119
v  3347.8413 2057.6099 -11298.6006
v  3948.3481 2057.5713 -11289.2617
v  3945.1157 2057.5715 -11083.8643
v  3328.1704 2051.6216 -10429.2363
v  3324.9380 2051.6216 -10223.8486
v  3324.9375 1939.3739 -10223.8486
v  3328.1699 1939.3739 -10429.2363
v  3331.5913 2051.6216 -10646.6006
v  3328.3589 2051.6216 -10441.2129
v  3328.3584 1939.3739 -10441.2129
v  3331.5908 1939.3738 -10646.6006
v  3335.0122 2051.6216 -10863.9648
v  3331.7798 2051.6216 -10658.5771
v  3331.7793 1939.3738 -10658.5771
v  3335.0117 1939.3738 -10863.9648
v  3345.4629 1939.3739 -11528.0332
v  3348.6953 1939.3739 -11733.4209
v  3348.6953 2051.6216 -11733.4219
v  3345.4629 2051.6216 -11528.0332
v  3342.0420 1939.3739 -11310.6689
v  3345.2744 1939.3739 -11516.0576
v  3345.2744 2051.6216 -11516.0576
v  3342.0420 2051.6216 -11310.6689
v  3338.6211 1939.3740 -11093.3057
v  3341.8535 1939.3739 -11298.6934
v  3341.8535 2051.6216 -11298.6934
v  3338.6211 2051.6216 -11093.3057
v  3934.7190 1933.7032 -10419.7666
v  3931.4863 1933.7032 -10214.3691
v  3938.1399 1933.7032 -10637.1406
v  3934.9075 1933.7032 -10431.7432
v  3941.5608 1933.7032 -10854.5146
v  3938.3284 1933.7032 -10649.1162
v  3955.2449 1933.7032 -11724.0088
v  3952.0125 1933.7032 -11518.6113
v  3951.8240 1933.7032 -11506.6348
v  3948.5913 1933.7031 -11301.2373
v  3948.4028 1933.7031 -11289.2617
v  3945.1704 1933.7032 -11083.8643
v  3354.6831 1933.3882 -11733.3281
v  3351.4507 1933.3882 -11527.9404
v  3351.2622 1933.3882 -11515.9639
v  3348.0298 1933.3882 -11310.5762
v  3347.8413 1933.3882 -11298.6006
v  3344.6089 1933.3883 -11093.2119
v  3334.1577 1933.3883 -10429.1436
v  3330.9253 1933.3883 -10223.7549
v  3337.5786 1933.3882 -10646.5078
v  3334.3462 1933.3883 -10441.1191
v  3340.9995 1933.3882 -10863.8721
v  3337.7671 1933.3882 -10658.4834
v  3944.0391 1936.0082 -11730.1719
v  3366.0767 1935.7050 -11739.1406
v  3943.9863 2055.2612 -11730.1719
v  3366.0767 2055.2983 -11739.1406
v  3360.0884 2049.3101 -11739.2334
v  3360.0884 1941.6906 -11739.2334
v  3920.0920 1936.0084 -10208.5576
v  3342.1309 1935.7052 -10217.5908
v  3920.0393 2055.2615 -10208.5586
v  3342.1309 2055.2986 -10217.5908
v  3336.1436 2049.3101 -10217.6846
v  3336.1426 1941.6908 -10217.6846
v  3923.4604 2055.2615 -10425.9316
v  3345.5513 2055.2986 -10434.9551
v  3926.8813 2055.2612 -10643.3057
v  3348.9722 2055.2986 -10652.3193
v  3930.3022 2055.2612 -10860.6787
v  3352.3931 2055.2986 -10869.6836
v  3362.6558 2055.2983 -11521.7764
v  3940.5654 2055.2612 -11512.7988
v  3359.2349 2055.2983 -11304.4121
v  3937.1443 2055.2612 -11295.4258
v  3355.8140 2055.2986 -11087.0479
v  3933.7234 2055.2617 -11078.0518
v  3339.5640 2049.3101 -10435.0479
v  3339.5630 1941.6908 -10435.0479
v  3342.9849 2049.3101 -10652.4121
v  3342.9839 1941.6906 -10652.4131
v  3346.4058 2049.3101 -10869.7773
v  3346.4048 1941.6908 -10869.7773
v  3356.6675 1941.6907 -11521.8691
v  3356.6675 2049.3101 -11521.8691
v  3353.2466 1941.6907 -11304.5049
v  3353.2466 2049.3101 -11304.5059
v  3349.8257 1941.6909 -11087.1416
v  3349.8257 2049.3101 -11087.1416
v  3923.5132 1936.0084 -10425.9316
v  3926.9341 1936.0082 -10643.3047
v  3930.3550 1936.0083 -10860.6777
v  3940.6182 1936.0082 -11512.7979
v  3937.1970 1936.0082 -11295.4248
v  3933.7761 1936.0083 -11078.0518
v  3362.6558 1935.7051 -11521.7764
v  3359.2349 1935.7051 -11304.4121
v  3355.8140 1935.7054 -11087.0479
v  3345.5513 1935.7052 -10434.9551
v  3348.9722 1935.7050 -10652.3193
v  3352.3931 1935.7052 -10869.6836
v  4995.7383 1680.7122 -7936.5107
v  4850.8379 1680.7122 -7938.7910
v  4850.1533 1715.2078 -7895.3267
v  4995.0542 1715.2078 -7893.0469
v  4843.3506 1939.7354 -7463.0605
v  4850.8311 1939.6495 -7938.4048
v  4995.7324 1939.6495 -7936.1250
v  4988.2510 1939.7354 -7460.7803
v  4992.6025 1833.0139 -7737.2573
v  4847.7012 1833.0139 -7739.5381
v  4846.7646 1864.1487 -7680.0156
v  4991.6660 1864.1487 -7677.7349
v  4994.2822 1761.2458 -7844.0000
v  4849.3813 1761.2458 -7846.2803
v  4848.5537 1799.6010 -7793.6855
v  4993.4546 1799.6012 -7791.4053
v  4990.5957 1891.4725 -7609.7656
v  4845.6953 1891.4725 -7612.0464
v  4844.5371 1916.9897 -7538.4854
v  4989.4385 1916.9897 -7536.2051
v  10752.6484 1680.7123 -7845.9092
v  10751.9648 1715.2080 -7802.4453
v  10896.8662 1715.2080 -7800.1641
v  10897.5498 1680.7123 -7843.6289
v  10890.0625 1939.7355 -7367.8984
v  10745.1621 1939.7355 -7370.1787
v  10752.6426 1939.6495 -7845.5234
v  10897.5439 1939.6495 -7843.2427
v  10749.5137 1833.0140 -7646.6563
v  10748.5762 1864.1488 -7587.1338
v  10893.4775 1864.1488 -7584.8530
v  10894.4141 1833.0140 -7644.3760
v  10751.1934 1761.2460 -7753.3984
v  10750.3652 1799.6013 -7700.8037
v  10895.2666 1799.6011 -7698.5234
v  10896.0938 1761.2460 -7751.1177
v  10747.5068 1891.4725 -7519.1646
v  10746.3496 1916.9899 -7445.6035
v  10891.2500 1916.9899 -7443.3232
v  10892.4082 1891.4725 -7516.8838
v  3905.4741 1658.0684 -8550.9912
v  3862.0103 1708.6483 -8551.6758
v  3859.7295 1708.6483 -8406.7754
v  3903.1938 1658.0684 -8406.0908
v  3427.4634 1933.1757 -8413.5781
v  3429.7437 1933.1757 -8558.4785
v  3905.0881 1933.0898 -8550.9980
v  3902.8076 1933.0898 -8406.0977
v  3706.2212 1826.4542 -8554.1270
v  3646.6987 1857.5891 -8555.0645
v  3644.4185 1857.5891 -8410.1641
v  3703.9409 1826.4542 -8409.2266
v  3812.9639 1754.6862 -8552.4473
v  3760.3691 1793.0414 -8553.2754
v  3758.0884 1793.0414 -8408.3750
v  3810.6831 1754.6862 -8407.5469
v  3578.7300 1884.9128 -8556.1338
v  3505.1689 1910.4302 -8557.2910
v  3502.8887 1910.4302 -8412.3906
v  3576.4497 1884.9128 -8411.2334
v  3954.3586 1658.0681 -11657.0986
v  3956.6387 1658.0681 -11801.9990
v  3913.1748 1708.6479 -11802.6826
v  3910.8948 1708.6479 -11657.7822
v  3480.9087 1933.1754 -11809.4863
v  3956.2532 1933.0896 -11802.0049
v  3953.9727 1933.0896 -11657.1045
v  3478.6284 1933.1754 -11664.5850
v  3755.1060 1826.4540 -11660.2344
v  3757.3862 1826.4540 -11805.1348
v  3697.8633 1857.5890 -11806.0713
v  3695.5830 1857.5890 -11661.1709
v  3861.8474 1754.6858 -11658.5547
v  3864.1279 1754.6858 -11803.4551
v  3811.5337 1793.0410 -11804.2822
v  3809.2539 1793.0413 -11659.3818
v  3627.6138 1884.9126 -11662.2402
v  3629.8940 1884.9126 -11807.1416
v  3556.3340 1910.4299 -11808.2988
v  3554.0537 1910.4299 -11663.3984
# 920 vertices

vn 0.0111 -0.7058 -0.7083
vn -0.4086 -0.6145 -0.6749
vn -0.4078 -0.8258 0.3895
vn -0.0060 -0.9240 0.3823
vn -0.3960 0.9180 0.0218
vn -0.2870 0.7183 -0.6337
vn 0.4578 0.6099 -0.6468
vn 0.4347 0.8107 0.3921
vn -0.0343 0.9180 0.3952
vn -0.1459 0.9086 0.3913
vn -0.3043 0.9058 0.2948
vn -0.3957 0.9086 0.1335
vn -0.0802 -0.3774 0.9226
vn -0.0802 0.3773 0.9226
vn 0.4806 0.3265 0.8139
vn 0.4805 -0.3266 0.8139
vn -0.7074 -0.2957 -0.6420
vn -0.7072 0.2984 -0.6410
vn -0.9247 0.3773 0.0511
vn -0.9247 -0.3773 0.0509
vn -0.2872 -0.7161 -0.6362
vn 0.4579 -0.6078 -0.6487
vn -0.3245 -0.3710 0.8701
vn -0.3244 0.3709 0.8702
vn -0.6673 -0.3697 0.6465
vn -0.6673 0.3696 0.6466
vn -0.8800 -0.3709 0.2967
vn -0.8799 0.3709 0.2969
vn -0.3960 -0.9180 0.0214
vn -0.3957 -0.9087 0.1331
vn -0.3043 -0.9059 0.2944
vn -0.1459 -0.9088 0.3910
vn -0.0343 -0.9181 0.3948
vn 0.4348 -0.8108 0.3918
vn -0.4085 0.6166 -0.6730
vn 0.4294 0.6166 -0.6599
vn 0.3954 0.8257 0.4023
vn -0.4078 0.8257 0.3898
vn -0.4757 0.3319 0.8146
vn 0.4499 0.3320 0.8291
vn 0.4499 -0.3321 0.8290
vn -0.4757 -0.3320 0.8145
vn -0.4086 -0.6144 -0.6749
vn 0.4295 -0.6145 -0.6618
vn 0.3954 -0.8258 0.4020
vn 0.0111 0.7082 -0.7059
vn -0.0060 0.9239 0.3826
vn -0.0145 0.3827 0.9238
vn -0.0145 -0.3828 0.9237
vn -0.3644 0.6266 -0.6888
vn -0.3512 0.8454 0.4025
vn 0.3859 0.6266 -0.6771
vn 0.3384 0.8454 0.4132
vn -0.4374 0.6099 -0.6608
vn -0.4468 0.8107 0.3783
vn 0.4579 0.6099 -0.6468
vn 0.3953 0.8257 0.4023
vn -0.4078 0.8257 0.3897
vn 0.4348 0.8107 0.3921
vn -0.4296 0.3398 0.8367
vn -0.4296 -0.3399 0.8366
vn 0.4031 0.3398 0.8497
vn 0.4031 -0.3399 0.8497
vn -0.5058 0.3264 0.7985
vn -0.5058 -0.3265 0.7985
vn 0.4805 0.3265 0.8140
vn 0.4500 -0.3321 0.8290
vn 0.4500 0.3320 0.8290
vn -0.4757 0.3320 0.8146
vn 0.4500 0.3320 0.8291
vn 0.4805 0.3265 0.8139
vn -0.3646 -0.6244 -0.6908
vn 0.4296 -0.6144 -0.6618
vn 0.3861 -0.6244 -0.6790
vn -0.4374 -0.6078 -0.6628
vn 0.4580 -0.6079 -0.6487
vn 0.4579 -0.6079 -0.6487
vn -0.4375 -0.6078 -0.6627
vn -0.4375 -0.6078 -0.6628
vn -0.4468 -0.8108 0.3780
vn 0.3955 -0.8258 0.4020
vn 0.3954 -0.8259 0.4020
vn -0.3512 -0.8455 0.4022
vn 0.3384 -0.8456 0.4129
vn 0.0044 -0.9598 -0.2806
vn -0.0019 -0.9927 0.1207
vn 0.0043 0.9603 -0.2790
vn -0.0019 0.9926 0.1211
vn -0.0140 0.4406 0.8976
vn -0.0140 -0.4407 0.8976
vn 0.0051 -0.9454 -0.3258
vn -0.0022 -0.9901 0.1407
vn 0.0051 0.9460 -0.3240
vn -0.0022 0.9900 0.1411
vn -0.0141 0.4372 0.8992
vn -0.0141 -0.4373 0.8992
vn 0.0061 0.9212 -0.3891
vn -0.0027 0.9852 0.1713
vn 0.0050 0.9460 -0.3240
vn -0.0141 0.4315 0.9020
vn -0.0141 -0.4316 0.9020
vn -0.0140 0.4372 0.8992
vn -0.0140 -0.4373 0.8992
vn 0.0061 -0.9203 -0.3911
vn -0.0027 -0.9853 0.1709
vn 0.3954 -0.8258 0.4021
vn 0.4296 -0.6145 -0.6617
vn 0.3952 0.9180 0.0343
vn 0.3913 0.9086 0.1459
vn 0.2949 0.9058 0.3042
vn 0.1335 0.9086 0.3957
vn 0.0219 0.9180 0.3960
vn -0.4469 0.8107 0.3782
vn -0.4373 0.6099 -0.6609
vn 0.3068 0.7183 -0.6244
vn 0.0511 -0.3774 0.9246
vn -0.5059 -0.3266 0.7984
vn -0.5059 0.3265 0.7984
vn 0.0511 0.3773 0.9247
vn 0.7272 -0.2957 -0.6195
vn 0.9226 -0.3773 0.0800
vn 0.9226 0.3773 0.0802
vn 0.7270 0.2984 -0.6184
vn -0.4373 -0.6078 -0.6628
vn 0.3071 -0.7161 -0.6268
vn 0.2969 0.3709 0.8799
vn 0.2969 -0.3710 0.8799
vn 0.6466 0.3696 0.6673
vn 0.6467 -0.3697 0.6672
vn 0.8702 0.3709 0.3244
vn 0.8702 -0.3709 0.3243
vn -0.4469 -0.8108 0.3779
vn 0.0219 -0.9181 0.3957
vn 0.1336 -0.9088 0.3954
vn 0.2949 -0.9059 0.3039
vn 0.3914 -0.9087 0.1455
vn 0.3952 -0.9180 0.0339
vn 0.4295 0.6166 -0.6598
vn 0.3953 0.8257 0.4024
vn -0.4079 0.8257 0.3897
vn -0.4084 0.6166 -0.6731
vn 0.4498 0.3319 0.8291
vn 0.4498 -0.3320 0.8291
vn -0.4758 -0.3321 0.8145
vn -0.4758 0.3320 0.8145
vn 0.4297 -0.6144 -0.6617
vn -0.4085 -0.6145 -0.6749
vn -0.4079 -0.8258 0.3894
vn 0.4499 -0.3320 0.8291
vn 0.3859 0.6266 -0.6770
vn 0.3384 0.8454 0.4133
vn -0.3512 0.8454 0.4024
vn -0.3644 0.6266 -0.6889
vn 0.4580 0.6099 -0.6467
vn 0.4347 0.8107 0.3922
vn -0.4079 0.8257 0.3896
vn 0.4030 0.3398 0.8498
vn 0.4030 -0.3399 0.8497
vn -0.4297 -0.3399 0.8366
vn -0.4296 0.3398 0.8366
vn 0.4804 0.3264 0.8140
vn 0.4804 -0.3265 0.8140
vn -0.4759 -0.3320 0.8144
vn 0.4804 0.3264 0.8141
vn 0.4804 -0.3266 0.8140
vn -0.4758 -0.3321 0.8144
vn 0.4498 0.3319 0.8292
vn 0.4498 -0.3321 0.8291
vn 0.3862 -0.6244 -0.6789
vn -0.4085 -0.6144 -0.6750
vn 0.4581 -0.6078 -0.6487
vn -0.4373 -0.6079 -0.6628
vn -0.4085 -0.6145 -0.6750
vn 0.4347 -0.8108 0.3919
vn 0.3953 -0.8258 0.4021
vn 0.3384 -0.8455 0.4130
vn -0.3513 -0.8455 0.4021
vn 0.0045 -0.9598 -0.2806
vn 0.0045 0.9603 -0.2790
vn -0.0143 -0.4407 0.8976
vn -0.0143 0.4406 0.8976
vn 0.0052 -0.9454 -0.3257
vn -0.0142 -0.4373 0.8992
vn -0.0142 0.4373 0.8992
vn 0.0062 0.9212 -0.3891
vn 0.0044 0.9603 -0.2790
vn 0.0052 0.9460 -0.3240
vn -0.0023 0.9900 0.1411
vn -0.0143 -0.4315 0.9020
vn -0.0143 0.4315 0.9020
vn -0.0142 -0.4407 0.8976
vn -0.0142 0.4406 0.8976
vn -0.0143 -0.4373 0.8992
vn -0.0143 0.4373 0.8992
vn 0.0062 -0.9203 -0.3911
vn 0.0052 -0.9454 -0.3258
vn 0.7073 -0.7068 0.0111
vn -0.3823 -0.9240 -0.0060
vn -0.4006 -0.8234 0.4019
vn 0.6589 -0.6142 0.4343
vn -0.3042 0.9058 0.2949
vn -0.3960 0.9180 0.0219
vn -0.3879 0.8233 -0.4142
vn 0.6719 0.6146 -0.4133
vn 0.6254 0.7174 0.3070
vn -0.9246 -0.3774 0.0511
vn -0.8118 -0.3312 -0.4809
vn -0.8119 0.3310 -0.4809
vn 0.6191 -0.2968 0.7271
vn -0.0800 -0.3773 0.9226
vn 0.6188 0.2973 0.7271
vn 0.6723 -0.6142 -0.4132
vn 0.6259 -0.7170 0.3070
vn -0.8800 0.3709 0.2969
vn -0.8799 -0.3710 0.2969
vn -0.6672 -0.3697 0.6467
vn -0.3243 -0.3709 0.8702
vn -0.3876 -0.8234 -0.4143
vn -0.3957 -0.9181 0.0219
vn -0.3954 -0.9088 0.1336
vn -0.3039 -0.9059 0.2949
vn -0.1455 -0.9087 0.3914
vn -0.0339 -0.9180 0.3952
vn 0.6585 0.6146 0.4343
vn -0.4009 0.8233 0.4019
vn -0.3880 0.8233 -0.4143
vn -0.8267 0.3311 0.4549
vn -0.8267 -0.3311 0.4550
vn -0.8119 -0.3311 -0.4809
vn 0.6588 -0.6142 0.4344
vn 0.6723 -0.6142 -0.4133
vn -0.3877 -0.8234 -0.4143
vn 0.6584 0.6147 0.4343
vn -0.4008 0.8233 0.4019
vn -0.3826 0.9239 -0.0060
vn 0.7070 0.7072 0.0111
vn -0.8267 0.3311 0.4550
vn -0.8266 -0.3312 0.4550
vn -0.9237 -0.3828 -0.0145
vn -0.9238 0.3826 -0.0145
vn 0.6718 0.6147 -0.4134
vn -0.3880 0.8233 -0.4142
vn 0.6718 0.6146 -0.4133
vn -0.8267 -0.3312 0.4550
vn -0.8267 -0.3312 0.4549
vn -0.8119 -0.3312 -0.4808
vn 0.6723 -0.6141 -0.4133
vn 0.6589 -0.6142 0.4344
vn -0.4006 -0.8234 0.4018
vn -0.3877 -0.8235 -0.4143
vn -0.4005 -0.8234 0.4019
vn -0.1373 -0.9905 -0.0022
vn 0.3177 -0.9482 0.0051
vn -0.1378 0.9905 -0.0022
vn 0.3171 0.9484 0.0051
vn -0.8989 -0.4379 -0.0143
vn -0.8989 0.4378 -0.0143
vn 0.3177 -0.9482 0.0050
vn 0.3171 0.9484 0.0050
vn -0.8989 -0.4379 -0.0142
vn -0.8989 0.4378 -0.0142
vn 0.3172 0.9484 0.0050
vn 0.3172 0.9484 0.0051
vn -0.1377 0.9905 -0.0022
vn -0.0218 0.9180 -0.3960
vn 0.6347 0.7174 -0.2871
vn -0.4008 0.8233 0.4018
vn -0.3951 0.9180 -0.0343
vn -0.3913 0.9086 -0.1459
vn -0.2948 0.9058 -0.3043
vn -0.1335 0.9086 -0.3957
vn -0.9226 -0.3774 -0.0802
vn -0.9226 0.3773 -0.0802
vn -0.8266 0.3310 0.4551
vn -0.8266 -0.3312 0.4551
vn 0.6416 -0.2968 -0.7073
vn 0.6414 0.2973 -0.7073
vn -0.0511 0.3773 -0.9247
vn -0.0509 -0.3773 -0.9247
vn 0.6352 -0.7170 -0.2871
vn 0.6590 -0.6142 0.4342
vn -0.8701 -0.3710 -0.3245
vn -0.8702 0.3709 -0.3244
vn -0.6465 -0.3697 -0.6673
vn -0.6466 0.3696 -0.6673
vn -0.2968 -0.3709 -0.8800
vn -0.2969 0.3709 -0.8800
vn -0.0214 -0.9180 -0.3960
vn -0.1331 -0.9087 -0.3958
vn -0.2945 -0.9059 -0.3043
vn -0.3910 -0.9088 -0.1459
vn -0.3948 -0.9181 -0.0343
vn 0.6719 0.6146 -0.4134
vn -0.8120 0.3311 -0.4807
vn -0.8266 -0.3311 0.4551
vn -0.8119 -0.3311 -0.4808
vn 0.6722 -0.6142 -0.4134
vn -0.8119 -0.3312 -0.4807
vn 0.6585 0.6147 0.4343
vn 0.6718 0.6146 -0.4134
vn -0.8119 -0.3311 -0.4807
vn -0.8120 0.3310 -0.4807
vn 0.6590 -0.6141 0.4342
vn 0.6722 -0.6142 -0.4135
vn -0.3878 -0.8234 -0.4142
vn -0.3878 -0.8234 -0.4143
vn -0.4005 -0.8235 0.4019
vn 0.3177 -0.9482 0.0049
vn -0.1373 -0.9905 -0.0021
vn 0.3172 0.9484 0.0049
vn -0.8989 0.4378 -0.0140
vn -0.8989 -0.4379 -0.0140
vn -0.8989 0.4378 -0.0141
vn -0.8989 -0.4379 -0.0141
vn 0.3171 0.9484 0.0049
vn -0.8990 0.4378 -0.0141
vn 0.5557 -0.7518 -0.3549
vn -0.5442 -0.7517 -0.3726
vn -0.7052 -0.5421 0.4570
vn 0.6904 -0.5421 0.4790
vn -0.5514 0.1230 0.8251
vn -0.5683 0.5777 -0.5859
vn 0.5864 0.5776 -0.5679
vn 0.5252 0.1230 0.8420
vn 0.7096 -0.6075 0.3569
vn -0.7205 -0.6075 0.3344
vn -0.7230 -0.6316 0.2799
vn 0.7139 -0.6316 0.3025
vn 0.7142 -0.5334 0.4532
vn -0.7281 -0.5334 0.4305
vn -0.7219 -0.5796 0.3780
vn 0.7097 -0.5796 0.4005
vn 0.7087 -0.6571 0.2570
vn -0.7164 -0.6571 0.2346
vn -0.7151 -0.6682 0.2053
vn 0.7083 -0.6682 0.2277
vn -0.5443 -0.7518 -0.3722
vn 0.5556 -0.7517 -0.3553
vn -0.5682 0.5776 -0.5860
vn 0.5865 0.5777 -0.5677
vn 0.3002 -0.7860 -0.5405
vn -0.4904 -0.4803 -0.7272
vn -0.5131 -0.4803 0.7114
vn 0.2831 -0.7860 0.5496
vn -0.8420 0.1230 0.5252
vn -0.8251 0.1230 -0.5514
vn 0.5859 0.5777 -0.5683
vn 0.5677 0.5777 0.5865
vn -0.3344 -0.6074 -0.7206
vn -0.2799 -0.6316 -0.7230
vn -0.3025 -0.6316 0.7139
vn -0.3569 -0.6075 0.7096
vn -0.4305 -0.5334 -0.7281
vn -0.3779 -0.5796 -0.7220
vn -0.4005 -0.5796 0.7097
vn -0.4532 -0.5334 0.7142
vn -0.2346 -0.6571 -0.7164
vn -0.2053 -0.6682 -0.7151
vn -0.2277 -0.6682 0.7083
vn -0.2570 -0.6571 0.7087
vn 0.2836 -0.7859 0.5496
vn 0.3005 -0.7859 -0.5404
vn 0.5860 0.5777 -0.5683
vn -0.3344 -0.6075 -0.7205
vn -0.3780 -0.5796 -0.7219
vn -0.2570 -0.6570 0.7087
vn -0.2346 -0.6570 -0.7164
# 367 vertex normals

vt 0.5000 0.4150 0.0000
vt 0.4003 0.4150 0.0000
vt 0.4037 0.4150 0.0000
vt 0.0808 0.4150 0.0000
vt 0.0858 0.4150 0.0000
vt 0.2842 0.4150 0.0000
vt 0.2864 0.4150 0.0000
vt 0.1655 0.4150 0.0000
vt 0.0915 0.4150 0.0000
vt 0.0842 0.4150 0.0000
vt 0.0817 0.4150 0.0000
vt 0.0945 0.4150 0.0000
vt 0.0800 0.4150 0.0000
vt 0.0881 0.4150 0.0000
vt 0.0836 0.4150 0.0000
vt 0.0809 0.4150 0.0000
vt 0.3380 0.4150 0.0000
vt 0.3470 0.4150 0.0000
vt 0.3523 0.4150 0.0000
vt 0.3435 0.4150 0.0000
vt 0.3857 0.4150 0.0000
vt 0.3948 0.4150 0.0000
vt 0.3984 0.4150 0.0000
vt 0.3896 0.4150 0.0000
vt 0.3761 0.4150 0.0000
vt 0.3852 0.4150 0.0000
vt 0.3891 0.4150 0.0000
vt 0.3804 0.4150 0.0000
vt 0.3666 0.4150 0.0000
vt 0.3757 0.4150 0.0000
vt 0.3799 0.4150 0.0000
vt 0.3711 0.4150 0.0000
vt 0.3570 0.4150 0.0000
vt 0.3661 0.4150 0.0000
vt 0.3707 0.4150 0.0000
vt 0.3619 0.4150 0.0000
vt 0.3475 0.4150 0.0000
vt 0.3566 0.4150 0.0000
vt 0.3615 0.4150 0.0000
vt 0.3527 0.4150 0.0000
vt 0.3062 0.4150 0.0000
vt 0.2974 0.4150 0.0000
vt 0.2902 0.4150 0.0000
vt 0.2993 0.4150 0.0000
vt 0.3154 0.4150 0.0000
vt 0.3066 0.4150 0.0000
vt 0.2998 0.4150 0.0000
vt 0.3089 0.4150 0.0000
vt 0.3246 0.4150 0.0000
vt 0.3158 0.4150 0.0000
vt 0.3093 0.4150 0.0000
vt 0.3184 0.4150 0.0000
vt 0.3338 0.4150 0.0000
vt 0.3250 0.4150 0.0000
vt 0.3189 0.4150 0.0000
vt 0.3280 0.4150 0.0000
vt 0.3430 0.4150 0.0000
vt 0.3343 0.4150 0.0000
vt 0.3284 0.4150 0.0000
vt 0.3375 0.4150 0.0000
vt 0.3892 0.4150 0.0000
vt 0.3712 0.4150 0.0000
vt 0.3800 0.4150 0.0000
vt 0.3620 0.4150 0.0000
vt 0.3528 0.4150 0.0000
vt 0.2975 0.4150 0.0000
vt 0.3067 0.4150 0.0000
vt 0.3247 0.4150 0.0000
vt 0.3159 0.4150 0.0000
vt 0.3339 0.4150 0.0000
vt 0.3251 0.4150 0.0000
vt 0.3431 0.4150 0.0000
vt 0.2872 0.4150 0.0000
vt 0.2919 0.4150 0.0000
vt 0.3975 0.4150 0.0000
vt 0.4010 0.4150 0.0000
vt 0.4011 0.4150 0.0000
vt 0.3855 0.4150 0.0000
vt 0.3894 0.4150 0.0000
vt 0.3759 0.4150 0.0000
vt 0.3801 0.4150 0.0000
vt 0.3664 0.4150 0.0000
vt 0.3709 0.4150 0.0000
vt 0.3568 0.4150 0.0000
vt 0.3617 0.4150 0.0000
vt 0.3473 0.4150 0.0000
vt 0.3525 0.4150 0.0000
vt 0.3064 0.4150 0.0000
vt 0.2995 0.4150 0.0000
vt 0.3156 0.4150 0.0000
vt 0.3091 0.4150 0.0000
vt 0.3248 0.4150 0.0000
vt 0.3186 0.4150 0.0000
vt 0.3340 0.4150 0.0000
vt 0.3282 0.4150 0.0000
vt 0.3433 0.4150 0.0000
vt 0.3377 0.4150 0.0000
vt 0.3802 0.4150 0.0000
vt 0.3710 0.4150 0.0000
vt 0.3157 0.4150 0.0000
vt 0.3249 0.4150 0.0000
vt 0.3341 0.4150 0.0000
vt 0.4044 0.4150 0.0000
vt 0.1667 0.4150 0.0000
vt 0.2862 0.4150 0.0000
vt 0.2843 0.4150 0.0000
vt 0.0857 0.4150 0.0000
vt 0.3354 0.4150 0.0000
vt 0.3410 0.4150 0.0000
vt 0.3547 0.4150 0.0000
vt 0.3496 0.4150 0.0000
vt 0.3411 0.4150 0.0000
vt 0.3548 0.4150 0.0000
vt 0.3845 0.4150 0.0000
vt 0.3982 0.4150 0.0000
vt 0.3946 0.4150 0.0000
vt 0.3654 0.4150 0.0000
vt 0.3700 0.4150 0.0000
vt 0.3837 0.4150 0.0000
vt 0.3796 0.4150 0.0000
vt 0.3504 0.4150 0.0000
vt 0.3555 0.4150 0.0000
vt 0.3692 0.4150 0.0000
vt 0.3646 0.4150 0.0000
vt 0.3112 0.4150 0.0000
vt 0.3046 0.4150 0.0000
vt 0.2904 0.4150 0.0000
vt 0.2976 0.4150 0.0000
vt 0.3257 0.4150 0.0000
vt 0.3196 0.4150 0.0000
vt 0.3054 0.4150 0.0000
vt 0.3120 0.4150 0.0000
vt 0.3402 0.4150 0.0000
vt 0.3346 0.4150 0.0000
vt 0.3204 0.4150 0.0000
vt 0.3265 0.4150 0.0000
vt 0.3556 0.4150 0.0000
vt 0.3113 0.4150 0.0000
vt 0.3258 0.4150 0.0000
vt 0.3121 0.4150 0.0000
vt 0.3403 0.4150 0.0000
vt 0.3266 0.4150 0.0000
vt 0.2873 0.4150 0.0000
vt 0.4013 0.4150 0.0000
vt 0.3978 0.4150 0.0000
vt 0.3841 0.4150 0.0000
vt 0.3696 0.4150 0.0000
vt 0.3650 0.4150 0.0000
vt 0.3551 0.4150 0.0000
vt 0.3500 0.4150 0.0000
vt 0.3050 0.4150 0.0000
vt 0.3116 0.4150 0.0000
vt 0.3200 0.4150 0.0000
vt 0.3261 0.4150 0.0000
vt 0.3350 0.4150 0.0000
vt 0.3406 0.4150 0.0000
vt 0.3552 0.4150 0.0000
vt 0.3117 0.4150 0.0000
vt 0.3262 0.4150 0.0000
vt 0.3407 0.4150 0.0000
# 160 texture coords

o Obj3d66_12417040_22_629
g Obj3d66_12417040_22_629
usemtl Mat3d66_12417040_18_35546
f -917/-160/-364 -918/-158/-365 -919/-159/-366 -920/-160/-367 
f -909/-150/-356 -910/-151/-357 -911/-152/-358 -912/-153/-359 -913/-154/-360 -914/-155/-361 -915/-156/-362 -916/-157/-363 
f -905/-154/-352 -906/-154/-353 -907/-149/-354 -908/-149/-355 
f -901/-148/-348 -902/-148/-349 -903/-148/-350 -904/-148/-351 
f -903/-148/-350 -915/-156/-362 -914/-155/-361 -899/-155/-346 -900/-156/-347 -904/-148/-351 
f -897/-147/-344 -898/-147/-345 -908/-149/-355 -907/-149/-354 
f -895/-146/-342 -896/-146/-343 -898/-147/-345 -897/-147/-344 
f -893/-145/-340 -894/-145/-341 -896/-146/-343 -895/-146/-342 
f -902/-148/-349 -901/-148/-348 -894/-145/-341 -893/-145/-340 
f -887/-154/-334 -888/-153/-335 -889/-152/-336 -890/-151/-337 -891/-150/-338 -892/-157/-339 -900/-156/-347 -899/-155/-346 
f -883/-141/-330 -884/-142/-331 -885/-143/-332 -886/-144/-333 
f -879/-141/-326 -880/-142/-327 -881/-142/-328 -882/-141/-329 
f -886/-144/-333 -885/-143/-332 -877/-143/-324 -878/-144/-325 
f -875/-142/-323 -876/-141/-365 -878/-144/-325 -877/-143/-324 
f -871/-158/-330 -872/-160/-321 -873/-160/-322 -874/-159/-333 
f -867/-158/-326 -868/-160/-319 -869/-160/-320 -870/-158/-329 
f -874/-159/-333 -873/-160/-322 -920/-160/-367 -919/-159/-366 
f -863/-137/-317 -864/-138/-331 -865/-139/-332 -866/-140/-318 
f -859/-133/-317 -860/-134/-315 -861/-135/-316 -862/-136/-318 
f -855/-129/-313 -856/-130/-315 -857/-131/-316 -858/-132/-314 
f -851/-125/-313 -852/-126/-360 -853/-127/-312 -854/-128/-314 
f -847/-121/-330 -848/-122/-360 -849/-123/-312 -850/-124/-333 
f -843/-117/-332 -844/-118/-314 -845/-119/-313 -846/-120/-331 
f -839/-113/-332 -840/-114/-333 -841/-115/-310 -842/-116/-311 
f -835/-109/-312 -836/-110/-333 -837/-111/-330 -838/-112/-309 
f -831/-105/-332 -832/-106/-314 -833/-107/-313 -834/-108/-331 
f -827/-101/-332 -828/-102/-333 -829/-103/-330 -830/-104/-331 
f -823/-137/-307 -824/-138/-327 -825/-138/-328 -826/-137/-308 
f -819/-133/-307 -820/-100/-305 -821/-100/-306 -822/-133/-308 
f -815/-99/-303 -816/-98/-305 -817/-98/-306 -818/-99/-304 
f -811/-97/-303 -812/-126/-352 -813/-126/-302 -814/-97/-304 
f -807/-96/-326 -808/-122/-352 -809/-122/-302 -810/-96/-329 
f -803/-120/-300 -804/-95/-304 -805/-95/-303 -806/-120/-301 
f -799/-116/-298 -800/-94/-299 -801/-94/-326 -802/-116/-301 
f -795/-93/-297 -796/-92/-329 -797/-92/-326 -798/-93/-352 
f -791/-91/-328 -792/-90/-304 -793/-90/-303 -794/-91/-301 
f -787/-89/-328 -788/-103/-329 -789/-103/-326 -790/-89/-327 
f -866/-140/-318 -865/-139/-332 -785/-139/-295 -786/-140/-296 
f -862/-136/-318 -861/-135/-316 -783/-135/-294 -784/-136/-296 
f -858/-132/-314 -857/-131/-316 -781/-131/-294 -782/-132/-293 
f -854/-128/-314 -853/-127/-312 -779/-127/-292 -780/-128/-293 
f -850/-124/-333 -849/-123/-312 -777/-123/-291 -778/-124/-325 
f -775/-117/-324 -776/-118/-290 -844/-118/-314 -843/-117/-332 
f -773/-113/-324 -774/-114/-325 -840/-114/-333 -839/-113/-332 
f -771/-109/-346 -772/-110/-325 -836/-110/-333 -835/-109/-312 
f -769/-105/-324 -770/-106/-289 -832/-106/-314 -831/-105/-332 
f -767/-101/-324 -768/-102/-325 -828/-102/-333 -827/-101/-332 
f -765/-120/-287 -766/-119/-288 -776/-118/-290 -775/-117/-324 
f -763/-116/-286 -764/-115/-365 -774/-114/-325 -773/-113/-324 
f -761/-112/-334 -762/-111/-365 -772/-110/-325 -771/-109/-346 
f -759/-108/-323 -760/-107/-288 -770/-106/-289 -769/-105/-324 
f -757/-104/-323 -758/-103/-365 -768/-102/-325 -767/-101/-324 
f -786/-140/-296 -785/-139/-295 -755/-138/-286 -756/-137/-285 
f -784/-136/-296 -783/-135/-294 -753/-134/-284 -754/-133/-285 
f -782/-132/-293 -781/-131/-294 -751/-130/-284 -752/-129/-288 
f -780/-128/-293 -779/-127/-292 -749/-126/-334 -750/-125/-288 
f -778/-124/-325 -777/-123/-291 -747/-122/-334 -748/-121/-365 
f -766/-119/-288 -745/-87/-282 -746/-88/-283 -776/-118/-290 
f -913/-154/-360 -743/-87/-280 -744/-88/-281 -914/-155/-361 
f -905/-154/-352 -741/-87/-278 -742/-87/-279 -906/-154/-353 
f -914/-155/-361 -744/-88/-281 -746/-88/-283 -899/-155/-346 
f -918/-158/-365 -739/-85/-276 -740/-86/-277 -919/-159/-366 
f -864/-138/-331 -737/-85/-274 -738/-86/-275 -865/-139/-332 
f -824/-138/-327 -735/-84/-272 -736/-84/-273 -825/-138/-328 
f -865/-139/-332 -738/-86/-275 -740/-86/-277 -785/-139/-295 
f -860/-134/-315 -733/-82/-270 -734/-83/-271 -861/-135/-316 
f -856/-130/-315 -731/-80/-270 -732/-81/-271 -857/-131/-316 
f -852/-126/-360 -729/-78/-280 -730/-79/-281 -853/-127/-312 
f -848/-122/-360 -727/-76/-280 -728/-77/-281 -849/-123/-312 
f -884/-142/-331 -725/-74/-274 -726/-75/-269 -885/-143/-332 
f -840/-114/-333 -723/-72/-269 -724/-73/-274 -841/-115/-310 
f -836/-110/-333 -721/-70/-269 -722/-71/-274 -837/-111/-330 
f -832/-106/-314 -719/-68/-281 -720/-69/-280 -833/-107/-313 
f -828/-102/-333 -717/-66/-269 -718/-67/-274 -829/-103/-330 
f -886/-144/-333 -715/-64/-269 -716/-65/-274 -883/-141/-330 
f -820/-100/-305 -713/-82/-267 -714/-82/-268 -821/-100/-306 
f -816/-98/-305 -711/-63/-267 -712/-63/-268 -817/-98/-306 
f -812/-126/-352 -709/-62/-278 -710/-62/-279 -813/-126/-302 
f -808/-122/-352 -707/-76/-278 -708/-76/-279 -809/-122/-302 
f -880/-142/-327 -705/-74/-265 -706/-74/-266 -881/-142/-328 
f -800/-94/-299 -703/-73/-266 -704/-73/-265 -801/-94/-326 
f -796/-92/-329 -701/-61/-266 -702/-61/-265 -797/-92/-326 
f -792/-90/-304 -699/-60/-279 -700/-60/-278 -793/-90/-303 
f -788/-103/-329 -697/-59/-266 -698/-59/-265 -789/-103/-326 
f -882/-141/-329 -695/-65/-266 -696/-65/-265 -879/-141/-326 
f -861/-135/-316 -734/-83/-271 -694/-83/-264 -783/-135/-294 
f -857/-131/-316 -732/-81/-271 -693/-81/-264 -781/-131/-294 
f -853/-127/-312 -730/-79/-281 -692/-79/-283 -779/-127/-292 
f -849/-123/-312 -728/-77/-281 -691/-77/-283 -777/-123/-291 
f -885/-143/-332 -726/-75/-269 -690/-75/-277 -877/-143/-324 
f -774/-114/-325 -689/-72/-277 -723/-72/-269 -840/-114/-333 
f -772/-110/-325 -688/-70/-277 -721/-70/-269 -836/-110/-333 
f -770/-106/-289 -687/-68/-283 -719/-68/-281 -832/-106/-314 
f -768/-102/-325 -686/-66/-277 -717/-66/-269 -828/-102/-333 
f -878/-144/-325 -685/-64/-277 -715/-64/-269 -886/-144/-333 
f -764/-115/-365 -684/-73/-276 -689/-72/-277 -774/-114/-325 
f -762/-111/-365 -683/-71/-276 -688/-70/-277 -772/-110/-325 
f -760/-107/-288 -682/-69/-282 -687/-68/-283 -770/-106/-289 
f -758/-103/-365 -681/-67/-276 -686/-66/-277 -768/-102/-325 
f -876/-141/-365 -680/-65/-276 -685/-64/-277 -878/-144/-325 
f -783/-135/-294 -694/-83/-264 -679/-82/-263 -753/-134/-284 
f -781/-131/-294 -693/-81/-264 -678/-80/-263 -751/-130/-284 
f -779/-127/-292 -692/-79/-283 -677/-78/-282 -749/-126/-334 
f -777/-123/-291 -691/-77/-283 -676/-76/-282 -747/-122/-334 
f -877/-143/-324 -690/-75/-277 -675/-74/-276 -875/-142/-323 
f -745/-87/-282 -887/-154/-334 -899/-155/-346 -746/-88/-283 
f -743/-87/-280 -845/-119/-313 -844/-118/-314 -744/-88/-281 
f -741/-87/-278 -805/-95/-303 -804/-95/-304 -742/-87/-279 
f -744/-88/-281 -844/-118/-314 -776/-118/-290 -746/-88/-283 
f -739/-85/-276 -755/-138/-286 -785/-139/-295 -740/-86/-277 
f -737/-85/-274 -871/-158/-330 -874/-159/-333 -738/-86/-275 
f -735/-84/-272 -867/-158/-326 -870/-158/-329 -736/-84/-273 
f -738/-86/-275 -874/-159/-333 -919/-159/-366 -740/-86/-277 
f -733/-82/-270 -863/-137/-317 -866/-140/-318 -734/-83/-271 
f -731/-80/-270 -859/-133/-317 -862/-136/-318 -732/-81/-271 
f -729/-78/-280 -855/-129/-313 -858/-132/-314 -730/-79/-281 
f -727/-76/-280 -851/-125/-313 -854/-128/-314 -728/-77/-281 
f -725/-74/-274 -847/-121/-330 -850/-124/-333 -726/-75/-269 
f -723/-72/-269 -843/-117/-332 -846/-120/-331 -724/-73/-274 
f -721/-70/-269 -839/-113/-332 -842/-116/-311 -722/-71/-274 
f -719/-68/-281 -835/-109/-312 -838/-112/-309 -720/-69/-280 
f -717/-66/-269 -831/-105/-332 -834/-108/-331 -718/-67/-274 
f -715/-64/-269 -827/-101/-332 -830/-104/-331 -716/-65/-274 
f -713/-82/-267 -823/-137/-307 -826/-137/-308 -714/-82/-268 
f -711/-63/-267 -819/-133/-307 -822/-133/-308 -712/-63/-268 
f -709/-62/-278 -815/-99/-303 -818/-99/-304 -710/-62/-279 
f -707/-76/-278 -811/-97/-303 -814/-97/-304 -708/-76/-279 
f -705/-74/-265 -807/-96/-326 -810/-96/-329 -706/-74/-266 
f -703/-73/-266 -803/-120/-300 -806/-120/-301 -704/-73/-265 
f -701/-61/-266 -799/-116/-298 -802/-116/-301 -702/-61/-265 
f -699/-60/-279 -795/-93/-297 -798/-93/-352 -700/-60/-278 
f -697/-59/-266 -791/-91/-328 -794/-91/-301 -698/-59/-265 
f -695/-65/-266 -787/-89/-328 -790/-89/-327 -696/-65/-265 
f -734/-83/-271 -866/-140/-318 -786/-140/-296 -694/-83/-264 
f -732/-81/-271 -862/-136/-318 -784/-136/-296 -693/-81/-264 
f -730/-79/-281 -858/-132/-314 -782/-132/-293 -692/-79/-283 
f -728/-77/-281 -854/-128/-314 -780/-128/-293 -691/-77/-283 
f -726/-75/-269 -850/-124/-333 -778/-124/-325 -690/-75/-277 
f -689/-72/-277 -775/-117/-324 -843/-117/-332 -723/-72/-269 
f -688/-70/-277 -773/-113/-324 -839/-113/-332 -721/-70/-269 
f -687/-68/-283 -771/-109/-346 -835/-109/-312 -719/-68/-281 
f -686/-66/-277 -769/-105/-324 -831/-105/-332 -717/-66/-269 
f -685/-64/-277 -767/-101/-324 -827/-101/-332 -715/-64/-269 
f -684/-73/-276 -765/-120/-287 -775/-117/-324 -689/-72/-277 
f -683/-71/-276 -763/-116/-286 -773/-113/-324 -688/-70/-277 
f -682/-69/-282 -761/-112/-334 -771/-109/-346 -687/-68/-283 
f -681/-67/-276 -759/-108/-323 -769/-105/-324 -686/-66/-277 
f -680/-65/-276 -757/-104/-323 -767/-101/-324 -685/-64/-277 
f -694/-83/-264 -786/-140/-296 -756/-137/-285 -679/-82/-263 
f -693/-81/-264 -784/-136/-296 -754/-133/-285 -678/-80/-263 
f -692/-79/-283 -782/-132/-293 -752/-129/-288 -677/-78/-282 
f -691/-77/-283 -780/-128/-293 -750/-125/-288 -676/-76/-282 
f -690/-75/-277 -778/-124/-325 -748/-121/-365 -675/-74/-276 
f -887/-154/-334 -905/-154/-352 -908/-149/-355 -888/-153/-335 
f -892/-157/-339 -901/-148/-348 -904/-148/-351 -900/-156/-347 
f -871/-158/-330 -870/-158/-329 -869/-160/-320 -872/-160/-321 
f -915/-156/-362 -903/-148/-350 -902/-148/-349 -916/-157/-363 
f -901/-148/-348 -892/-157/-339 -891/-150/-338 -894/-145/-341 
f -907/-149/-354 -912/-153/-359 -911/-152/-358 -897/-147/-344 
f -898/-147/-345 -889/-152/-336 -888/-153/-335 -908/-149/-355 
f -896/-146/-343 -890/-151/-337 -889/-152/-336 -898/-147/-345 
f -894/-145/-341 -891/-150/-338 -890/-151/-337 -896/-146/-343 
f -893/-145/-340 -909/-150/-356 -916/-157/-363 -902/-148/-349 
f -895/-146/-342 -910/-151/-357 -909/-150/-356 -893/-145/-340 
f -897/-147/-344 -911/-152/-358 -910/-151/-357 -895/-146/-342 
f -765/-120/-287 -806/-120/-301 -805/-95/-303 -766/-119/-288 
f -912/-153/-359 -907/-149/-354 -906/-154/-353 -913/-154/-360 
f -863/-137/-317 -826/-137/-308 -825/-138/-328 -864/-138/-331 
f -917/-160/-364 -868/-160/-319 -867/-158/-326 -918/-158/-365 
f -763/-116/-286 -802/-116/-301 -801/-94/-326 -764/-115/-365 
f -761/-112/-334 -798/-93/-352 -797/-92/-326 -762/-111/-365 
f -759/-108/-323 -794/-91/-301 -793/-90/-303 -760/-107/-288 
f -757/-104/-323 -790/-89/-327 -789/-103/-326 -758/-103/-365 
f -875/-142/-323 -880/-142/-327 -879/-141/-326 -876/-141/-365 
f -747/-122/-334 -808/-122/-352 -807/-96/-326 -748/-121/-365 
f -749/-126/-334 -812/-126/-352 -811/-97/-303 -750/-125/-288 
f -751/-130/-284 -816/-98/-305 -815/-99/-303 -752/-129/-288 
f -753/-134/-284 -820/-100/-305 -819/-133/-307 -754/-133/-285 
f -755/-138/-286 -824/-138/-327 -823/-137/-307 -756/-137/-285 
f -859/-133/-317 -822/-133/-308 -821/-100/-306 -860/-134/-315 
f -855/-129/-313 -818/-99/-304 -817/-98/-306 -856/-130/-315 
f -851/-125/-313 -814/-97/-304 -813/-126/-302 -852/-126/-360 
f -847/-121/-330 -810/-96/-329 -809/-122/-302 -848/-122/-360 
f -883/-141/-330 -882/-141/-329 -881/-142/-328 -884/-142/-331 
f -829/-103/-330 -788/-103/-329 -787/-89/-328 -830/-104/-331 
f -833/-107/-313 -792/-90/-304 -791/-91/-328 -834/-108/-331 
f -837/-111/-330 -796/-92/-329 -795/-93/-297 -838/-112/-309 
f -841/-115/-310 -800/-94/-299 -799/-116/-298 -842/-116/-311 
f -845/-119/-313 -804/-95/-304 -803/-120/-300 -846/-120/-331 
f -741/-87/-278 -745/-87/-282 -766/-119/-288 -805/-95/-303 
f -743/-87/-280 -742/-87/-279 -804/-95/-304 -845/-119/-313 
f -736/-84/-273 -737/-85/-274 -864/-138/-331 -825/-138/-328 
f -739/-85/-276 -735/-84/-272 -824/-138/-327 -755/-138/-286 
f -704/-73/-265 -684/-73/-276 -764/-115/-365 -801/-94/-326 
f -702/-61/-265 -683/-71/-276 -762/-111/-365 -797/-92/-326 
f -700/-60/-278 -682/-69/-282 -760/-107/-288 -793/-90/-303 
f -698/-59/-265 -681/-67/-276 -758/-103/-365 -789/-103/-326 
f -696/-65/-265 -680/-65/-276 -876/-141/-365 -879/-141/-326 
f -705/-74/-265 -675/-74/-276 -748/-121/-365 -807/-96/-326 
f -707/-76/-278 -676/-76/-282 -750/-125/-288 -811/-97/-303 
f -709/-62/-278 -677/-78/-282 -752/-129/-288 -815/-99/-303 
f -711/-63/-267 -678/-80/-263 -754/-133/-285 -819/-133/-307 
f -679/-82/-263 -713/-82/-267 -820/-100/-305 -753/-134/-284 
f -714/-82/-268 -733/-82/-270 -860/-134/-315 -821/-100/-306 
f -731/-80/-270 -712/-63/-268 -822/-133/-308 -859/-133/-317 
f -729/-78/-280 -710/-62/-279 -818/-99/-304 -855/-129/-313 
f -727/-76/-280 -708/-76/-279 -814/-97/-304 -851/-125/-313 
f -725/-74/-274 -706/-74/-266 -810/-96/-329 -847/-121/-330 
f -716/-65/-274 -695/-65/-266 -882/-141/-329 -883/-141/-330 
f -718/-67/-274 -697/-59/-266 -788/-103/-329 -829/-103/-330 
f -720/-69/-280 -699/-60/-279 -792/-90/-304 -833/-107/-313 
f -722/-71/-274 -701/-61/-266 -796/-92/-329 -837/-111/-330 
f -724/-73/-274 -703/-73/-266 -800/-94/-299 -841/-115/-310 
f -905/-154/-352 -887/-154/-334 -745/-87/-282 -741/-87/-278 
f -913/-154/-360 -906/-154/-353 -742/-87/-279 -743/-87/-280 
f -870/-158/-329 -871/-158/-330 -737/-85/-274 -736/-84/-273 
f -918/-158/-365 -867/-158/-326 -735/-84/-272 -739/-85/-276 
f -806/-120/-301 -765/-120/-287 -684/-73/-276 -704/-73/-265 
f -802/-116/-301 -763/-116/-286 -683/-71/-276 -702/-61/-265 
f -798/-93/-352 -761/-112/-334 -682/-69/-282 -700/-60/-278 
f -794/-91/-301 -759/-108/-323 -681/-67/-276 -698/-59/-265 
f -790/-89/-327 -757/-104/-323 -680/-65/-276 -696/-65/-265 
f -880/-142/-327 -875/-142/-323 -675/-74/-276 -705/-74/-265 
f -808/-122/-352 -747/-122/-334 -676/-76/-282 -707/-76/-278 
f -812/-126/-352 -749/-126/-334 -677/-78/-282 -709/-62/-278 
f -816/-98/-305 -751/-130/-284 -678/-80/-263 -711/-63/-267 
f -756/-137/-285 -823/-137/-307 -713/-82/-267 -679/-82/-263 
f -826/-137/-308 -863/-137/-317 -733/-82/-270 -714/-82/-268 
f -856/-130/-315 -817/-98/-306 -712/-63/-268 -731/-80/-270 
f -852/-126/-360 -813/-126/-302 -710/-62/-279 -729/-78/-280 
f -848/-122/-360 -809/-122/-302 -708/-76/-279 -727/-76/-280 
f -884/-142/-331 -881/-142/-328 -706/-74/-266 -725/-74/-274 
f -830/-104/-331 -787/-89/-328 -695/-65/-266 -716/-65/-274 
f -834/-108/-331 -791/-91/-328 -697/-59/-266 -718/-67/-274 
f -838/-112/-309 -795/-93/-297 -699/-60/-279 -720/-69/-280 
f -842/-116/-311 -799/-116/-298 -701/-61/-266 -722/-71/-274 
f -846/-120/-331 -803/-120/-300 -703/-73/-266 -724/-73/-274 
f -671/-159/-261 -672/-158/-262 -673/-160/-364 -674/-160/-367 
f -663/-156/-253 -664/-155/-254 -665/-154/-255 -666/-153/-256 -667/-152/-257 -668/-151/-258 -669/-150/-259 -670/-157/-260 
f -659/-149/-249 -660/-154/-250 -661/-154/-251 -662/-149/-252 
f -655/-148/-245 -656/-148/-246 -657/-148/-247 -658/-148/-248 
f -653/-156/-243 -654/-155/-244 -664/-155/-254 -663/-156/-253 -655/-148/-245 -658/-148/-248 
f -662/-149/-252 -651/-147/-241 -652/-147/-242 -659/-149/-249 
f -651/-147/-241 -649/-146/-239 -650/-146/-240 -652/-147/-242 
f -649/-146/-239 -647/-145/-237 -648/-145/-238 -650/-146/-240 
f -647/-145/-237 -657/-148/-247 -656/-148/-246 -648/-145/-238 
f -653/-156/-243 -641/-157/-231 -642/-150/-232 -643/-151/-233 -644/-152/-234 -645/-153/-235 -646/-154/-236 -654/-155/-244 
f -637/-143/-227 -638/-142/-228 -639/-141/-229 -640/-144/-230 
f -633/-142/-223 -634/-142/-224 -635/-141/-225 -636/-141/-226 
f -631/-143/-221 -637/-143/-227 -640/-144/-230 -632/-144/-222 
f -632/-144/-222 -629/-141/-262 -630/-142/-220 -631/-143/-221 
f -625/-160/-322 -626/-160/-321 -627/-158/-229 -628/-159/-230 
f -621/-160/-320 -622/-160/-319 -623/-158/-219 -624/-158/-226 
f -674/-160/-367 -625/-160/-322 -628/-159/-230 -671/-159/-261 
f -617/-139/-227 -618/-138/-310 -619/-137/-217 -620/-140/-218 
f -613/-135/-215 -614/-134/-216 -615/-133/-217 -616/-136/-218 
f -609/-131/-215 -610/-130/-216 -611/-129/-213 -612/-132/-214 
f -605/-127/-254 -606/-126/-255 -607/-125/-213 -608/-128/-214 
f -601/-123/-254 -602/-122/-255 -603/-121/-229 -604/-124/-230 
f -597/-119/-213 -598/-118/-214 -599/-117/-227 -600/-120/-228 
f -593/-115/-229 -594/-114/-230 -595/-113/-227 -596/-116/-212 
f -589/-111/-229 -590/-110/-230 -591/-109/-254 -592/-112/-255 
f -585/-107/-213 -586/-106/-214 -587/-105/-227 -588/-108/-228 
f -581/-103/-229 -582/-102/-230 -583/-101/-227 -584/-104/-228 
f -577/-138/-223 -578/-138/-224 -579/-137/-210 -580/-137/-211 
f -573/-100/-208 -574/-100/-209 -575/-133/-210 -576/-133/-211 
f -569/-98/-208 -570/-98/-209 -571/-99/-206 -572/-99/-207 
f -565/-126/-250 -566/-126/-251 -567/-97/-206 -568/-97/-207 
f -561/-122/-250 -562/-122/-251 -563/-96/-225 -564/-96/-226 
f -557/-95/-203 -558/-95/-204 -559/-120/-223 -560/-120/-205 
f -553/-94/-200 -554/-94/-201 -555/-116/-223 -556/-116/-202 
f -549/-92/-200 -550/-92/-201 -551/-93/-250 -552/-93/-251 
f -545/-90/-206 -546/-90/-207 -547/-91/-223 -548/-91/-202 
f -541/-103/-225 -542/-103/-226 -543/-89/-223 -544/-89/-224 
f -539/-139/-198 -617/-139/-227 -620/-140/-218 -540/-140/-199 
f -537/-135/-296 -613/-135/-215 -616/-136/-218 -538/-136/-199 
f -535/-131/-296 -609/-131/-215 -612/-132/-214 -536/-132/-197 
f -533/-127/-196 -605/-127/-254 -608/-128/-214 -534/-128/-197 
f -531/-123/-196 -601/-123/-254 -604/-124/-230 -532/-124/-222 
f -598/-118/-214 -529/-118/-197 -530/-117/-195 -599/-117/-227 
f -594/-114/-230 -527/-114/-222 -528/-113/-195 -595/-113/-227 
f -590/-110/-230 -525/-110/-222 -526/-109/-244 -591/-109/-254 
f -586/-106/-214 -523/-106/-197 -524/-105/-195 -587/-105/-227 
f -582/-102/-230 -521/-102/-222 -522/-101/-221 -583/-101/-227 
f -529/-118/-197 -519/-119/-194 -520/-120/-220 -530/-117/-195 
f -527/-114/-222 -517/-115/-262 -518/-116/-220 -528/-113/-195 
f -525/-110/-222 -515/-111/-262 -516/-112/-236 -526/-109/-244 
f -523/-106/-197 -513/-107/-194 -514/-108/-220 -524/-105/-195 
f -521/-102/-222 -511/-103/-193 -512/-104/-220 -522/-101/-221 
f -509/-138/-220 -539/-139/-198 -540/-140/-199 -510/-137/-192 
f -507/-134/-191 -537/-135/-296 -538/-136/-199 -508/-133/-192 
f -505/-130/-191 -535/-131/-296 -536/-132/-197 -506/-129/-194 
f -503/-126/-236 -533/-127/-196 -534/-128/-197 -504/-125/-194 
f -501/-122/-236 -531/-123/-196 -532/-124/-222 -502/-121/-262 
f -499/-88/-190 -500/-87/-282 -519/-119/-194 -529/-118/-197 
f -497/-88/-189 -498/-87/-280 -665/-154/-255 -664/-155/-254 
f -495/-87/-187 -496/-87/-188 -661/-154/-251 -660/-154/-250 
f -499/-88/-190 -497/-88/-189 -664/-155/-254 -654/-155/-244 
f -493/-86/-186 -494/-85/-276 -672/-158/-262 -671/-159/-261 
f -491/-86/-275 -492/-85/-274 -618/-138/-310 -617/-139/-227 
f -489/-84/-184 -490/-84/-185 -578/-138/-224 -577/-138/-223 
f -493/-86/-186 -491/-86/-275 -617/-139/-227 -539/-139/-198 
f -487/-83/-183 -488/-82/-270 -614/-134/-216 -613/-135/-215 
f -485/-81/-183 -486/-80/-270 -610/-130/-216 -609/-131/-215 
f -483/-79/-182 -484/-78/-280 -606/-126/-255 -605/-127/-254 
f -481/-77/-182 -482/-76/-280 -602/-122/-255 -601/-123/-254 
f -479/-75/-181 -480/-74/-274 -638/-142/-228 -637/-143/-227 
f -477/-73/-274 -478/-72/-181 -594/-114/-230 -593/-115/-229 
f -475/-71/-180 -476/-70/-275 -590/-110/-230 -589/-111/-229 
f -473/-69/-280 -474/-68/-182 -586/-106/-214 -585/-107/-213 
f -471/-67/-274 -472/-66/-181 -582/-102/-230 -581/-103/-229 
f -469/-65/-274 -470/-64/-181 -640/-144/-230 -639/-141/-229 
f -467/-82/-178 -468/-82/-179 -574/-100/-209 -573/-100/-208 
f -465/-63/-178 -466/-63/-179 -570/-98/-209 -569/-98/-208 
f -463/-62/-176 -464/-62/-177 -566/-126/-251 -565/-126/-250 
f -461/-76/-187 -462/-76/-177 -562/-122/-251 -561/-122/-250 
f -459/-74/-174 -460/-74/-175 -634/-142/-224 -633/-142/-223 
f -457/-73/-175 -458/-73/-174 -554/-94/-201 -553/-94/-200 
f -455/-61/-175 -456/-61/-174 -550/-92/-201 -549/-92/-200 
f -453/-60/-188 -454/-60/-187 -546/-90/-207 -545/-90/-206 
f -451/-59/-175 -452/-59/-174 -542/-103/-226 -541/-103/-225 
f -449/-65/-175 -450/-65/-184 -636/-141/-226 -635/-141/-225 
f -448/-83/-173 -487/-83/-183 -613/-135/-215 -537/-135/-296 
f -447/-81/-173 -485/-81/-183 -609/-131/-215 -535/-131/-296 
f -446/-79/-190 -483/-79/-182 -605/-127/-254 -533/-127/-196 
f -445/-77/-190 -481/-77/-182 -601/-123/-254 -531/-123/-196 
f -444/-75/-172 -479/-75/-181 -637/-143/-227 -631/-143/-221 
f -478/-72/-181 -443/-72/-186 -527/-114/-222 -594/-114/-230 
f -476/-70/-275 -442/-70/-186 -525/-110/-222 -590/-110/-230 
f -474/-68/-182 -441/-68/-190 -523/-106/-197 -586/-106/-214 
f -472/-66/-181 -440/-66/-172 -521/-102/-222 -582/-102/-230 
f -470/-64/-181 -439/-64/-172 -632/-144/-222 -640/-144/-230 
f -443/-72/-186 -438/-73/-276 -517/-115/-262 -527/-114/-222 
f -442/-70/-186 -437/-71/-276 -515/-111/-262 -525/-110/-222 
f -441/-68/-190 -436/-69/-282 -513/-107/-194 -523/-106/-197 
f -440/-66/-172 -435/-67/-276 -511/-103/-193 -521/-102/-222 
f -439/-64/-172 -434/-65/-276 -629/-141/-262 -632/-144/-222 
f -433/-82/-263 -448/-83/-173 -537/-135/-296 -507/-134/-191 
f -432/-80/-263 -447/-81/-173 -535/-131/-296 -505/-130/-191 
f -431/-78/-282 -446/-79/-190 -533/-127/-196 -503/-126/-236 
f -430/-76/-282 -445/-77/-190 -531/-123/-196 -501/-122/-236 
f -429/-74/-276 -444/-75/-172 -631/-143/-221 -630/-142/-220 
f -654/-155/-244 -646/-154/-236 -500/-87/-282 -499/-88/-190 
f -598/-118/-214 -597/-119/-213 -498/-87/-280 -497/-88/-189 
f -558/-95/-204 -557/-95/-203 -496/-87/-188 -495/-87/-187 
f -529/-118/-197 -598/-118/-214 -497/-88/-189 -499/-88/-190 
f -539/-139/-198 -509/-138/-220 -494/-85/-276 -493/-86/-186 
f -628/-159/-230 -627/-158/-229 -492/-85/-274 -491/-86/-275 
f -624/-158/-226 -623/-158/-219 -490/-84/-185 -489/-84/-184 
f -671/-159/-261 -628/-159/-230 -491/-86/-275 -493/-86/-186 
f -620/-140/-218 -619/-137/-217 -488/-82/-270 -487/-83/-183 
f -616/-136/-218 -615/-133/-217 -486/-80/-270 -485/-81/-183 
f -612/-132/-214 -611/-129/-213 -484/-78/-280 -483/-79/-182 
f -608/-128/-214 -607/-125/-213 -482/-76/-280 -481/-77/-182 
f -604/-124/-230 -603/-121/-229 -480/-74/-274 -479/-75/-181 
f -600/-120/-228 -599/-117/-227 -478/-72/-181 -477/-73/-274 
f -596/-116/-212 -595/-113/-227 -476/-70/-275 -475/-71/-180 
f -592/-112/-255 -591/-109/-254 -474/-68/-182 -473/-69/-280 
f -588/-108/-228 -587/-105/-227 -472/-66/-181 -471/-67/-274 
f -584/-104/-228 -583/-101/-227 -470/-64/-181 -469/-65/-274 
f -580/-137/-211 -579/-137/-210 -468/-82/-179 -467/-82/-178 
f -576/-133/-211 -575/-133/-210 -466/-63/-179 -465/-63/-178 
f -572/-99/-207 -571/-99/-206 -464/-62/-177 -463/-62/-176 
f -568/-97/-207 -567/-97/-206 -462/-76/-177 -461/-76/-187 
f -564/-96/-226 -563/-96/-225 -460/-74/-175 -459/-74/-174 
f -560/-120/-205 -559/-120/-223 -458/-73/-174 -457/-73/-175 
f -556/-116/-202 -555/-116/-223 -456/-61/-174 -455/-61/-175 
f -552/-93/-251 -551/-93/-250 -454/-60/-187 -453/-60/-188 
f -548/-91/-202 -547/-91/-223 -452/-59/-174 -451/-59/-175 
f -544/-89/-224 -543/-89/-223 -450/-65/-184 -449/-65/-175 
f -540/-140/-199 -620/-140/-218 -487/-83/-183 -448/-83/-173 
f -538/-136/-199 -616/-136/-218 -485/-81/-183 -447/-81/-173 
f -536/-132/-197 -612/-132/-214 -483/-79/-182 -446/-79/-190 
f -534/-128/-197 -608/-128/-214 -481/-77/-182 -445/-77/-190 
f -532/-124/-222 -604/-124/-230 -479/-75/-181 -444/-75/-172 
f -599/-117/-227 -530/-117/-195 -443/-72/-186 -478/-72/-181 
f -595/-113/-227 -528/-113/-195 -442/-70/-186 -476/-70/-275 
f -591/-109/-254 -526/-109/-244 -441/-68/-190 -474/-68/-182 
f -587/-105/-227 -524/-105/-195 -440/-66/-172 -472/-66/-181 
f -583/-101/-227 -522/-101/-221 -439/-64/-172 -470/-64/-181 
f -530/-117/-195 -520/-120/-220 -438/-73/-276 -443/-72/-186 
f -528/-113/-195 -518/-116/-220 -437/-71/-276 -442/-70/-186 
f -526/-109/-244 -516/-112/-236 -436/-69/-282 -441/-68/-190 
f -524/-105/-195 -514/-108/-220 -435/-67/-276 -440/-66/-172 
f -522/-101/-221 -512/-104/-220 -434/-65/-276 -439/-64/-172 
f -510/-137/-192 -540/-140/-199 -448/-83/-173 -433/-82/-263 
f -508/-133/-192 -538/-136/-199 -447/-81/-173 -432/-80/-263 
f -506/-129/-194 -536/-132/-197 -446/-79/-190 -431/-78/-282 
f -504/-125/-194 -534/-128/-197 -445/-77/-190 -430/-76/-282 
f -502/-121/-262 -532/-124/-222 -444/-75/-172 -429/-74/-276 
f -662/-149/-252 -661/-154/-251 -646/-154/-236 -645/-153/-235 
f -658/-148/-248 -657/-148/-247 -641/-157/-231 -653/-156/-243 
f -621/-160/-320 -624/-158/-226 -627/-158/-229 -626/-160/-321 
f -656/-148/-246 -655/-148/-245 -663/-156/-253 -670/-157/-260 
f -642/-150/-232 -641/-157/-231 -657/-148/-247 -647/-145/-237 
f -667/-152/-257 -666/-153/-256 -659/-149/-249 -652/-147/-242 
f -645/-153/-235 -644/-152/-234 -651/-147/-241 -662/-149/-252 
f -644/-152/-234 -643/-151/-233 -649/-146/-239 -651/-147/-241 
f -643/-151/-233 -642/-150/-232 -647/-145/-237 -649/-146/-239 
f -670/-157/-260 -669/-150/-259 -648/-145/-238 -656/-148/-246 
f -669/-150/-259 -668/-151/-258 -650/-146/-240 -648/-145/-238 
f -668/-151/-258 -667/-152/-257 -652/-147/-242 -650/-146/-240 
f -557/-95/-203 -560/-120/-205 -520/-120/-220 -519/-119/-194 
f -660/-154/-250 -659/-149/-249 -666/-153/-256 -665/-154/-255 
f -577/-138/-223 -580/-137/-211 -619/-137/-217 -618/-138/-310 
f -623/-158/-219 -622/-160/-319 -673/-160/-364 -672/-158/-262 
f -553/-94/-200 -556/-116/-202 -518/-116/-220 -517/-115/-262 
f -549/-92/-200 -552/-93/-251 -516/-112/-236 -515/-111/-262 
f -545/-90/-206 -548/-91/-202 -514/-108/-220 -513/-107/-194 
f -541/-103/-225 -544/-89/-224 -512/-104/-220 -511/-103/-193 
f -635/-141/-225 -634/-142/-224 -630/-142/-220 -629/-141/-262 
f -563/-96/-225 -562/-122/-251 -501/-122/-236 -502/-121/-262 
f -567/-97/-206 -566/-126/-251 -503/-126/-236 -504/-125/-194 
f -571/-99/-206 -570/-98/-209 -505/-130/-191 -506/-129/-194 
f -575/-133/-210 -574/-100/-209 -507/-134/-191 -508/-133/-192 
f -579/-137/-210 -578/-138/-224 -509/-138/-220 -510/-137/-192 
f -573/-100/-208 -576/-133/-211 -615/-133/-217 -614/-134/-216 
f -569/-98/-208 -572/-99/-207 -611/-129/-213 -610/-130/-216 
f -565/-126/-250 -568/-97/-207 -607/-125/-213 -606/-126/-255 
f -561/-122/-250 -564/-96/-226 -603/-121/-229 -602/-122/-255 
f -633/-142/-223 -636/-141/-226 -639/-141/-229 -638/-142/-228 
f -543/-89/-223 -542/-103/-226 -581/-103/-229 -584/-104/-228 
f -547/-91/-223 -546/-90/-207 -585/-107/-213 -588/-108/-228 
f -551/-93/-250 -550/-92/-201 -589/-111/-229 -592/-112/-255 
f -555/-116/-223 -554/-94/-201 -593/-115/-229 -596/-116/-212 
f -559/-120/-223 -558/-95/-204 -597/-119/-213 -600/-120/-228 
f -519/-119/-194 -500/-87/-282 -496/-87/-188 -557/-95/-203 
f -558/-95/-204 -495/-87/-187 -498/-87/-280 -597/-119/-213 
f -618/-138/-310 -492/-85/-274 -489/-84/-184 -577/-138/-223 
f -578/-138/-224 -490/-84/-185 -494/-85/-276 -509/-138/-220 
f -517/-115/-262 -438/-73/-276 -457/-73/-175 -553/-94/-200 
f -515/-111/-262 -437/-71/-276 -455/-61/-175 -549/-92/-200 
f -513/-107/-194 -436/-69/-282 -453/-60/-188 -545/-90/-206 
f -511/-103/-193 -435/-67/-276 -451/-59/-175 -541/-103/-225 
f -629/-141/-262 -434/-65/-276 -449/-65/-175 -635/-141/-225 
f -502/-121/-262 -429/-74/-276 -460/-74/-175 -563/-96/-225 
f -504/-125/-194 -430/-76/-282 -462/-76/-177 -567/-97/-206 
f -506/-129/-194 -431/-78/-282 -464/-62/-177 -571/-99/-206 
f -508/-133/-192 -432/-80/-263 -466/-63/-179 -575/-133/-210 
f -574/-100/-209 -468/-82/-179 -433/-82/-263 -507/-134/-191 
f -614/-134/-216 -488/-82/-270 -467/-82/-178 -573/-100/-208 
f -576/-133/-211 -465/-63/-178 -486/-80/-270 -615/-133/-217 
f -572/-99/-207 -463/-62/-176 -484/-78/-280 -611/-129/-213 
f -568/-97/-207 -461/-76/-187 -482/-76/-280 -607/-125/-213 
f -564/-96/-226 -459/-74/-174 -480/-74/-274 -603/-121/-229 
f -636/-141/-226 -450/-65/-184 -469/-65/-274 -639/-141/-229 
f -542/-103/-226 -452/-59/-174 -471/-67/-274 -581/-103/-229 
f -546/-90/-207 -454/-60/-187 -473/-69/-280 -585/-107/-213 
f -550/-92/-201 -456/-61/-174 -475/-71/-180 -589/-111/-229 
f -554/-94/-201 -458/-73/-174 -477/-73/-274 -593/-115/-229 
f -500/-87/-282 -646/-154/-236 -661/-154/-251 -496/-87/-188 
f -495/-87/-187 -660/-154/-250 -665/-154/-255 -498/-87/-280 
f -492/-85/-274 -627/-158/-229 -624/-158/-226 -489/-84/-184 
f -490/-84/-185 -623/-158/-219 -672/-158/-262 -494/-85/-276 
f -438/-73/-276 -520/-120/-220 -560/-120/-205 -457/-73/-175 
f -437/-71/-276 -518/-116/-220 -556/-116/-202 -455/-61/-175 
f -436/-69/-282 -516/-112/-236 -552/-93/-251 -453/-60/-188 
f -435/-67/-276 -514/-108/-220 -548/-91/-202 -451/-59/-175 
f -434/-65/-276 -512/-104/-220 -544/-89/-224 -449/-65/-175 
f -429/-74/-276 -630/-142/-220 -634/-142/-224 -460/-74/-175 
f -430/-76/-282 -501/-122/-236 -562/-122/-251 -462/-76/-177 
f -431/-78/-282 -503/-126/-236 -566/-126/-251 -464/-62/-177 
f -432/-80/-263 -505/-130/-191 -570/-98/-209 -466/-63/-179 
f -468/-82/-179 -579/-137/-210 -510/-137/-192 -433/-82/-263 
f -488/-82/-270 -619/-137/-217 -580/-137/-211 -467/-82/-178 
f -465/-63/-178 -569/-98/-208 -610/-130/-216 -486/-80/-270 
f -463/-62/-176 -565/-126/-250 -606/-126/-255 -484/-78/-280 
f -461/-76/-187 -561/-122/-250 -602/-122/-255 -482/-76/-280 
f -459/-74/-174 -633/-142/-223 -638/-142/-228 -480/-74/-274 
f -450/-65/-184 -543/-89/-223 -584/-104/-228 -469/-65/-274 
f -452/-59/-174 -547/-91/-223 -588/-108/-228 -471/-67/-274 
f -454/-60/-187 -551/-93/-250 -592/-112/-255 -473/-69/-280 
f -456/-61/-174 -555/-116/-223 -596/-116/-212 -475/-71/-180 
f -458/-73/-174 -559/-120/-223 -600/-120/-228 -477/-73/-274 
f -425/-85/-168 -426/-58/-169 -427/-160/-170 -428/-160/-171 
f -417/-54/-163 -418/-55/-164 -419/-56/-165 -420/-57/-166 -421/-152/-356 -422/-151/-167 -423/-150/-358 -424/-157/-359 
f -413/-149/-349 -414/-56/-160 -415/-56/-161 -416/-149/-162 
f -409/-148/-157 -410/-148/-354 -411/-148/-158 -412/-148/-159 
f -407/-54/-155 -408/-55/-156 -418/-55/-164 -417/-54/-163 -409/-148/-157 -412/-148/-159 
f -416/-149/-162 -405/-147/-153 -406/-147/-154 -413/-149/-349 
f -405/-147/-153 -403/-146/-152 -404/-146/-342 -406/-147/-154 
f -403/-146/-152 -401/-145/-151 -402/-145/-344 -404/-146/-342 
f -401/-145/-151 -411/-148/-158 -410/-148/-354 -402/-145/-344 
f -407/-54/-155 -395/-157/-145 -396/-150/-146 -397/-151/-147 -398/-152/-148 -399/-57/-149 -400/-56/-150 -408/-55/-156 
f -391/-50/-164 -392/-51/-142 -393/-52/-143 -394/-53/-144 
f -387/-48/-160 -388/-48/-139 -389/-49/-140 -390/-49/-141 
f -385/-50/-137 -391/-50/-164 -394/-53/-144 -386/-53/-138 
f -386/-53/-138 -383/-52/-169 -384/-51/-136 -385/-50/-137 
f -379/-160/-132 -380/-160/-133 -381/-58/-134 -382/-85/-135 
f -375/-160/-128 -376/-160/-129 -377/-58/-130 -378/-58/-131 
f -428/-160/-171 -379/-160/-132 -382/-85/-135 -425/-85/-168 
f -371/-45/-127 -372/-46/-142 -373/-47/-143 -374/-133/-144 
f -367/-41/-125 -368/-42/-126 -369/-43/-143 -370/-44/-144 
f -363/-37/-125 -364/-38/-126 -365/-39/-143 -366/-40/-144 
f -359/-33/-143 -360/-34/-144 -361/-35/-125 -362/-36/-165 
f -355/-29/-143 -356/-30/-144 -357/-31/-125 -358/-32/-142 
f -351/-25/-143 -352/-26/-144 -353/-27/-125 -354/-28/-142 
f -347/-46/-160 -348/-46/-139 -349/-47/-130 -350/-47/-131 
f -343/-42/-160 -344/-42/-139 -345/-43/-124 -346/-43/-141 
f -339/-38/-160 -340/-38/-139 -341/-24/-123 -342/-24/-141 
f -335/-33/-140 -336/-33/-141 -337/-23/-160 -338/-23/-161 
f -331/-21/-140 -332/-21/-141 -333/-22/-160 -334/-22/-122 
f -327/-19/-140 -328/-19/-141 -329/-20/-160 -330/-20/-122 
f -325/-45/-121 -371/-45/-127 -374/-133/-144 -326/-133/-138 
f -323/-41/-121 -367/-41/-125 -370/-44/-144 -324/-44/-138 
f -321/-37/-121 -363/-37/-125 -366/-40/-144 -322/-40/-120 
f -360/-34/-144 -319/-34/-138 -320/-35/-156 -361/-35/-125 
f -356/-30/-144 -317/-30/-138 -318/-31/-156 -357/-31/-125 
f -352/-26/-144 -315/-26/-138 -316/-27/-137 -353/-27/-125 
f -319/-34/-138 -313/-33/-119 -314/-36/-150 -320/-35/-156 
f -317/-30/-138 -311/-29/-119 -312/-32/-136 -318/-31/-156 
f -315/-26/-138 -309/-25/-169 -310/-28/-136 -316/-27/-137 
f -307/-46/-118 -325/-45/-121 -326/-133/-138 -308/-47/-169 
f -305/-42/-118 -323/-41/-121 -324/-44/-138 -306/-43/-169 
f -303/-38/-118 -321/-37/-121 -322/-40/-120 -304/-39/-117 
f -301/-18/-115 -302/-87/-116 -313/-33/-119 -319/-34/-138 
f -299/-18/-113 -300/-87/-114 -419/-56/-165 -418/-55/-164 
f -297/-87/-111 -298/-87/-112 -415/-56/-161 -414/-56/-160 
f -301/-18/-115 -299/-18/-113 -418/-55/-164 -408/-55/-156 
f -295/-16/-110 -296/-17/-116 -426/-58/-169 -425/-85/-168 
f -293/-16/-109 -294/-17/-114 -372/-46/-142 -371/-45/-127 
f -291/-17/-107 -292/-17/-108 -348/-46/-139 -347/-46/-160 
f -295/-16/-110 -293/-16/-109 -371/-45/-127 -325/-45/-121 
f -289/-98/-109 -290/-15/-114 -368/-42/-126 -367/-41/-125 
f -287/-13/-106 -288/-14/-114 -364/-38/-126 -363/-37/-125 
f -285/-11/-109 -286/-12/-114 -392/-51/-142 -391/-50/-164 
f -283/-9/-114 -284/-10/-105 -356/-30/-144 -355/-29/-143 
f -281/-7/-104 -282/-8/-106 -352/-26/-144 -351/-25/-143 
f -279/-5/-104 -280/-6/-109 -394/-53/-144 -393/-52/-143 
f -277/-15/-107 -278/-15/-108 -344/-42/-139 -343/-42/-160 
f -275/-14/-107 -276/-14/-108 -340/-38/-139 -339/-38/-160 
f -273/-4/-107 -274/-4/-108 -388/-48/-139 -387/-48/-160 
f -271/-3/-112 -272/-3/-111 -332/-21/-141 -331/-21/-140 
f -269/-2/-108 -270/-2/-107 -328/-19/-141 -327/-19/-140 
f -267/-1/-108 -268/-1/-107 -390/-49/-141 -389/-49/-140 
f -266/-98/-110 -289/-98/-109 -367/-41/-125 -323/-41/-121 
f -265/-13/-115 -287/-13/-106 -363/-37/-125 -321/-37/-121 
f -264/-11/-110 -285/-11/-109 -391/-50/-164 -385/-50/-137 
f -284/-10/-105 -263/-10/-115 -317/-30/-138 -356/-30/-144 
f -282/-8/-106 -262/-8/-115 -315/-26/-138 -352/-26/-144 
f -280/-6/-109 -261/-6/-115 -386/-53/-138 -394/-53/-144 
f -263/-10/-115 -260/-9/-116 -311/-29/-119 -317/-30/-138 
f -262/-8/-115 -259/-7/-116 -309/-25/-169 -315/-26/-138 
f -261/-6/-115 -258/-5/-116 -383/-52/-169 -386/-53/-138 
f -257/-15/-116 -266/-98/-110 -323/-41/-121 -305/-42/-118 
f -256/-14/-116 -265/-13/-115 -321/-37/-121 -303/-38/-118 
f -255/-12/-116 -264/-11/-110 -385/-50/-137 -384/-51/-136 
f -408/-55/-156 -400/-56/-150 -302/-87/-116 -301/-18/-115 
f -360/-34/-144 -359/-33/-143 -300/-87/-114 -299/-18/-113 
f -336/-33/-141 -335/-33/-140 -298/-87/-112 -297/-87/-111 
f -319/-34/-138 -360/-34/-144 -299/-18/-113 -301/-18/-115 
f -325/-45/-121 -307/-46/-118 -296/-17/-116 -295/-16/-110 
f -382/-85/-135 -381/-58/-134 -294/-17/-114 -293/-16/-109 
f -378/-58/-131 -377/-58/-130 -292/-17/-108 -291/-17/-107 
f -425/-85/-168 -382/-85/-135 -293/-16/-109 -295/-16/-110 
f -374/-133/-144 -373/-47/-143 -290/-15/-114 -289/-98/-109 
f -370/-44/-144 -369/-43/-143 -288/-14/-114 -287/-13/-106 
f -366/-40/-144 -365/-39/-143 -286/-12/-114 -285/-11/-109 
f -362/-36/-165 -361/-35/-125 -284/-10/-105 -283/-9/-114 
f -358/-32/-142 -357/-31/-125 -282/-8/-106 -281/-7/-104 
f -354/-28/-142 -353/-27/-125 -280/-6/-109 -279/-5/-104 
f -350/-47/-131 -349/-47/-130 -278/-15/-108 -277/-15/-107 
f -346/-43/-141 -345/-43/-124 -276/-14/-108 -275/-14/-107 
f -342/-24/-141 -341/-24/-123 -274/-4/-108 -273/-4/-107 
f -338/-23/-161 -337/-23/-160 -272/-3/-111 -271/-3/-112 
f -334/-22/-122 -333/-22/-160 -270/-2/-107 -269/-2/-108 
f -330/-20/-122 -329/-20/-160 -268/-1/-107 -267/-1/-108 
f -326/-133/-138 -374/-133/-144 -289/-98/-109 -266/-98/-110 
f -324/-44/-138 -370/-44/-144 -287/-13/-106 -265/-13/-115 
f -322/-40/-120 -366/-40/-144 -285/-11/-109 -264/-11/-110 
f -361/-35/-125 -320/-35/-156 -263/-10/-115 -284/-10/-105 
f -357/-31/-125 -318/-31/-156 -262/-8/-115 -282/-8/-106 
f -353/-27/-125 -316/-27/-137 -261/-6/-115 -280/-6/-109 
f -320/-35/-156 -314/-36/-150 -260/-9/-116 -263/-10/-115 
f -318/-31/-156 -312/-32/-136 -259/-7/-116 -262/-8/-115 
f -316/-27/-137 -310/-28/-136 -258/-5/-116 -261/-6/-115 
f -308/-47/-169 -326/-133/-138 -266/-98/-110 -257/-15/-116 
f -306/-43/-169 -324/-44/-138 -265/-13/-115 -256/-14/-116 
f -304/-39/-117 -322/-40/-120 -264/-11/-110 -255/-12/-116 
f -416/-149/-162 -415/-56/-161 -400/-56/-150 -399/-57/-149 
f -412/-148/-159 -411/-148/-158 -395/-157/-145 -407/-54/-155 
f -375/-160/-128 -378/-58/-131 -381/-58/-134 -380/-160/-133 
f -410/-148/-354 -409/-148/-157 -417/-54/-163 -424/-157/-359 
f -396/-150/-146 -395/-157/-145 -411/-148/-158 -401/-145/-151 
f -421/-152/-356 -420/-57/-166 -413/-149/-349 -406/-147/-154 
f -399/-57/-149 -398/-152/-148 -405/-147/-153 -416/-149/-162 
f -398/-152/-148 -397/-151/-147 -403/-146/-152 -405/-147/-153 
f -397/-151/-147 -396/-150/-146 -401/-145/-151 -403/-146/-152 
f -424/-157/-359 -423/-150/-358 -402/-145/-344 -410/-148/-354 
f -423/-150/-358 -422/-151/-167 -404/-146/-342 -402/-145/-344 
f -422/-151/-167 -421/-152/-356 -406/-147/-154 -404/-146/-342 
f -335/-33/-140 -338/-23/-161 -314/-36/-150 -313/-33/-119 
f -414/-56/-160 -413/-149/-349 -420/-57/-166 -419/-56/-165 
f -347/-46/-160 -350/-47/-131 -373/-47/-143 -372/-46/-142 
f -377/-58/-130 -376/-160/-129 -427/-160/-170 -426/-58/-169 
f -331/-21/-140 -334/-22/-122 -312/-32/-136 -311/-29/-119 
f -327/-19/-140 -330/-20/-122 -310/-28/-136 -309/-25/-169 
f -389/-49/-140 -388/-48/-139 -384/-51/-136 -383/-52/-169 
f -341/-24/-123 -340/-38/-139 -303/-38/-118 -304/-39/-117 
f -345/-43/-124 -344/-42/-139 -305/-42/-118 -306/-43/-169 
f -349/-47/-130 -348/-46/-139 -307/-46/-118 -308/-47/-169 
f -343/-42/-160 -346/-43/-141 -369/-43/-143 -368/-42/-126 
f -339/-38/-160 -342/-24/-141 -365/-39/-143 -364/-38/-126 
f -387/-48/-160 -390/-49/-141 -393/-52/-143 -392/-51/-142 
f -329/-20/-160 -328/-19/-141 -351/-25/-143 -354/-28/-142 
f -333/-22/-160 -332/-21/-141 -355/-29/-143 -358/-32/-142 
f -337/-23/-160 -336/-33/-141 -359/-33/-143 -362/-36/-165 
f -313/-33/-119 -302/-87/-116 -298/-87/-112 -335/-33/-140 
f -336/-33/-141 -297/-87/-111 -300/-87/-114 -359/-33/-143 
f -372/-46/-142 -294/-17/-114 -291/-17/-107 -347/-46/-160 
f -348/-46/-139 -292/-17/-108 -296/-17/-116 -307/-46/-118 
f -311/-29/-119 -260/-9/-116 -271/-3/-112 -331/-21/-140 
f -309/-25/-169 -259/-7/-116 -269/-2/-108 -327/-19/-140 
f -383/-52/-169 -258/-5/-116 -267/-1/-108 -389/-49/-140 
f -304/-39/-117 -255/-12/-116 -274/-4/-108 -341/-24/-123 
f -306/-43/-169 -256/-14/-116 -276/-14/-108 -345/-43/-124 
f -344/-42/-139 -278/-15/-108 -257/-15/-116 -305/-42/-118 
f -368/-42/-126 -290/-15/-114 -277/-15/-107 -343/-42/-160 
f -346/-43/-141 -275/-14/-107 -288/-14/-114 -369/-43/-143 
f -342/-24/-141 -273/-4/-107 -286/-12/-114 -365/-39/-143 
f -390/-49/-141 -268/-1/-107 -279/-5/-104 -393/-52/-143 
f -328/-19/-141 -270/-2/-107 -281/-7/-104 -351/-25/-143 
f -332/-21/-141 -272/-3/-111 -283/-9/-114 -355/-29/-143 
f -302/-87/-116 -400/-56/-150 -415/-56/-161 -298/-87/-112 
f -297/-87/-111 -414/-56/-160 -419/-56/-165 -300/-87/-114 
f -294/-17/-114 -381/-58/-134 -378/-58/-131 -291/-17/-107 
f -292/-17/-108 -377/-58/-130 -426/-58/-169 -296/-17/-116 
f -260/-9/-116 -314/-36/-150 -338/-23/-161 -271/-3/-112 
f -259/-7/-116 -312/-32/-136 -334/-22/-122 -269/-2/-108 
f -258/-5/-116 -310/-28/-136 -330/-20/-122 -267/-1/-108 
f -255/-12/-116 -384/-51/-136 -388/-48/-139 -274/-4/-108 
f -256/-14/-116 -303/-38/-118 -340/-38/-139 -276/-14/-108 
f -278/-15/-108 -349/-47/-130 -308/-47/-169 -257/-15/-116 
f -290/-15/-114 -373/-47/-143 -350/-47/-131 -277/-15/-107 
f -275/-14/-107 -339/-38/-160 -364/-38/-126 -288/-14/-114 
f -273/-4/-107 -387/-48/-160 -392/-51/-142 -286/-12/-114 
f -268/-1/-107 -329/-20/-160 -354/-28/-142 -279/-5/-104 
f -270/-2/-107 -333/-22/-160 -358/-32/-142 -281/-7/-104 
f -272/-3/-111 -337/-23/-160 -362/-36/-165 -283/-9/-114 
f -251/-160/-170 -252/-58/-136 -253/-85/-137 -254/-160/-171 
f -243/-150/-97 -244/-151/-98 -245/-152/-99 -246/-57/-100 -247/-56/-101 -248/-55/-144 -249/-54/-102 -250/-157/-103 
f -239/-56/-93 -240/-56/-94 -241/-149/-95 -242/-149/-96 
f -235/-148/-89 -236/-148/-90 -237/-148/-91 -238/-148/-92 
f -237/-148/-91 -249/-54/-102 -248/-55/-144 -233/-55/-87 -234/-54/-88 -238/-148/-92 
f -231/-147/-85 -232/-147/-86 -242/-149/-96 -241/-149/-95 
f -229/-146/-83 -230/-146/-84 -232/-147/-86 -231/-147/-85 
f -227/-145/-81 -228/-145/-82 -230/-146/-84 -229/-146/-83 
f -236/-148/-90 -235/-148/-89 -228/-145/-82 -227/-145/-81 
f -221/-56/-117 -222/-57/-76 -223/-152/-77 -224/-151/-78 -225/-150/-79 -226/-157/-80 -234/-54/-88 -233/-55/-87 
f -217/-52/-142 -218/-51/-101 -219/-50/-144 -220/-53/-75 
f -213/-49/-72 -214/-48/-73 -215/-48/-94 -216/-49/-74 
f -220/-53/-75 -219/-50/-144 -211/-50/-87 -212/-53/-71 
f -209/-51/-117 -210/-52/-136 -212/-53/-71 -211/-50/-87 
f -205/-58/-142 -206/-160/-133 -207/-160/-132 -208/-85/-127 
f -201/-58/-70 -202/-160/-129 -203/-160/-128 -204/-58/-74 
f -208/-85/-127 -207/-160/-132 -254/-160/-171 -253/-85/-137 
f -197/-47/-142 -198/-46/-101 -199/-45/-69 -200/-133/-164 
f -193/-43/-142 -194/-42/-101 -195/-41/-69 -196/-44/-75 
f -189/-39/-142 -190/-38/-101 -191/-37/-144 -192/-40/-75 
f -185/-35/-144 -186/-34/-68 -187/-33/-142 -188/-36/-101 
f -181/-31/-144 -182/-30/-68 -183/-29/-142 -184/-32/-101 
f -177/-27/-144 -178/-26/-75 -179/-25/-142 -180/-28/-101 
f -173/-47/-70 -174/-46/-73 -175/-46/-94 -176/-47/-74 
f -169/-43/-70 -170/-42/-73 -171/-42/-94 -172/-43/-74 
f -165/-24/-70 -166/-38/-73 -167/-38/-94 -168/-24/-74 
f -161/-23/-94 -162/-33/-74 -163/-33/-67 -164/-23/-93 
f -157/-22/-94 -158/-21/-66 -159/-21/-72 -160/-22/-93 
f -153/-20/-94 -154/-19/-74 -155/-19/-72 -156/-20/-93 
f -200/-133/-164 -199/-45/-69 -151/-45/-65 -152/-133/-71 
f -196/-44/-75 -195/-41/-69 -149/-41/-65 -150/-44/-71 
f -192/-40/-75 -191/-37/-144 -147/-37/-65 -148/-40/-71 
f -145/-35/-87 -146/-34/-64 -186/-34/-68 -185/-35/-144 
f -143/-31/-87 -144/-30/-64 -182/-30/-68 -181/-31/-144 
f -141/-27/-87 -142/-26/-64 -178/-26/-75 -177/-27/-144 
f -139/-36/-117 -140/-33/-63 -146/-34/-64 -145/-35/-87 
f -137/-32/-117 -138/-29/-62 -144/-30/-64 -143/-31/-87 
f -135/-28/-117 -136/-25/-136 -142/-26/-64 -141/-27/-87 
f -152/-133/-71 -151/-45/-65 -133/-46/-61 -134/-47/-136 
f -150/-44/-71 -149/-41/-65 -131/-42/-61 -132/-43/-136 
f -148/-40/-71 -147/-37/-65 -129/-38/-61 -130/-39/-136 
f -140/-33/-63 -127/-87/-59 -128/-18/-60 -146/-34/-64 
f -247/-56/-101 -125/-87/-114 -126/-18/-58 -248/-55/-144 
f -239/-56/-93 -123/-87/-56 -124/-87/-57 -240/-56/-94 
f -248/-55/-144 -126/-18/-58 -128/-18/-60 -233/-55/-87 
f -252/-58/-136 -121/-17/-116 -122/-16/-110 -253/-85/-137 
f -198/-46/-101 -119/-17/-114 -120/-16/-109 -199/-45/-69 
f -174/-46/-73 -117/-17/-54 -118/-17/-55 -175/-46/-94 
f -199/-45/-69 -120/-16/-109 -122/-16/-110 -151/-45/-65 
f -194/-42/-101 -115/-15/-114 -116/-98/-53 -195/-41/-69 
f -190/-38/-101 -113/-14/-114 -114/-13/-58 -191/-37/-144 
f -218/-51/-101 -111/-12/-114 -112/-11/-53 -219/-50/-144 
f -182/-30/-68 -109/-10/-58 -110/-9/-114 -183/-29/-142 
f -178/-26/-75 -107/-8/-58 -108/-7/-114 -179/-25/-142 
f -220/-53/-75 -105/-6/-53 -106/-5/-104 -217/-52/-142 
f -170/-42/-73 -103/-15/-54 -104/-15/-55 -171/-42/-94 
f -166/-38/-73 -101/-14/-54 -102/-14/-52 -167/-38/-94 
f -214/-48/-73 -99/-4/-54 -100/-4/-55 -215/-48/-94 
f -158/-21/-66 -97/-3/-57 -98/-3/-56 -159/-21/-72 
f -154/-19/-74 -95/-2/-57 -96/-2/-54 -155/-19/-72 
f -216/-49/-74 -93/-1/-55 -94/-1/-54 -213/-49/-72 
f -195/-41/-69 -116/-98/-53 -92/-98/-110 -149/-41/-65 
f -191/-37/-144 -114/-13/-58 -91/-13/-60 -147/-37/-65 
f -219/-50/-144 -112/-11/-53 -90/-11/-110 -211/-50/-87 
f -144/-30/-64 -89/-10/-60 -109/-10/-58 -182/-30/-68 
f -142/-26/-64 -88/-8/-60 -107/-8/-58 -178/-26/-75 
f -212/-53/-71 -87/-6/-60 -105/-6/-53 -220/-53/-75 
f -138/-29/-62 -86/-9/-116 -89/-10/-60 -144/-30/-64 
f -136/-25/-136 -85/-7/-116 -88/-8/-60 -142/-26/-64 
f -210/-52/-136 -84/-5/-116 -87/-6/-60 -212/-53/-71 
f -149/-41/-65 -92/-98/-110 -83/-15/-116 -131/-42/-61 
f -147/-37/-65 -91/-13/-60 -82/-14/-116 -129/-38/-61 
f -211/-50/-87 -90/-11/-110 -81/-12/-116 -209/-51/-117 
f -127/-87/-59 -221/-56/-117 -233/-55/-87 -128/-18/-60 
f -125/-87/-114 -187/-33/-142 -186/-34/-68 -126/-18/-58 
f -123/-87/-56 -163/-33/-67 -162/-33/-74 -124/-87/-57 
f -126/-18/-58 -186/-34/-68 -146/-34/-64 -128/-18/-60 
f -121/-17/-116 -133/-46/-61 -151/-45/-65 -122/-16/-110 
f -119/-17/-114 -205/-58/-142 -208/-85/-127 -120/-16/-109 
f -117/-17/-54 -201/-58/-70 -204/-58/-74 -118/-17/-55 
f -120/-16/-109 -208/-85/-127 -253/-85/-137 -122/-16/-110 
f -115/-15/-114 -197/-47/-142 -200/-133/-164 -116/-98/-53 
f -113/-14/-114 -193/-43/-142 -196/-44/-75 -114/-13/-58 
f -111/-12/-114 -189/-39/-142 -192/-40/-75 -112/-11/-53 
f -109/-10/-58 -185/-35/-144 -188/-36/-101 -110/-9/-114 
f -107/-8/-58 -181/-31/-144 -184/-32/-101 -108/-7/-114 
f -105/-6/-53 -177/-27/-144 -180/-28/-101 -106/-5/-104 
f -103/-15/-54 -173/-47/-70 -176/-47/-74 -104/-15/-55 
f -101/-14/-54 -169/-43/-70 -172/-43/-74 -102/-14/-52 
f -99/-4/-54 -165/-24/-70 -168/-24/-74 -100/-4/-55 
f -97/-3/-57 -161/-23/-94 -164/-23/-93 -98/-3/-56 
f -95/-2/-57 -157/-22/-94 -160/-22/-93 -96/-2/-54 
f -93/-1/-55 -153/-20/-94 -156/-20/-93 -94/-1/-54 
f -116/-98/-53 -200/-133/-164 -152/-133/-71 -92/-98/-110 
f -114/-13/-58 -196/-44/-75 -150/-44/-71 -91/-13/-60 
f -112/-11/-53 -192/-40/-75 -148/-40/-71 -90/-11/-110 
f -89/-10/-60 -145/-35/-87 -185/-35/-144 -109/-10/-58 
f -88/-8/-60 -143/-31/-87 -181/-31/-144 -107/-8/-58 
f -87/-6/-60 -141/-27/-87 -177/-27/-144 -105/-6/-53 
f -86/-9/-116 -139/-36/-117 -145/-35/-87 -89/-10/-60 
f -85/-7/-116 -137/-32/-117 -143/-31/-87 -88/-8/-60 
f -84/-5/-116 -135/-28/-117 -141/-27/-87 -87/-6/-60 
f -92/-98/-110 -152/-133/-71 -134/-47/-136 -83/-15/-116 
f -91/-13/-60 -150/-44/-71 -132/-43/-136 -82/-14/-116 
f -90/-11/-110 -148/-40/-71 -130/-39/-136 -81/-12/-116 
f -221/-56/-117 -239/-56/-93 -242/-149/-96 -222/-57/-76 
f -226/-157/-80 -235/-148/-89 -238/-148/-92 -234/-54/-88 
f -205/-58/-142 -204/-58/-74 -203/-160/-128 -206/-160/-133 
f -249/-54/-102 -237/-148/-91 -236/-148/-90 -250/-157/-103 
f -235/-148/-89 -226/-157/-80 -225/-150/-79 -228/-145/-82 
f -241/-149/-95 -246/-57/-100 -245/-152/-99 -231/-147/-85 
f -232/-147/-86 -223/-152/-77 -222/-57/-76 -242/-149/-96 
f -230/-146/-84 -224/-151/-78 -223/-152/-77 -232/-147/-86 
f -228/-145/-82 -225/-150/-79 -224/-151/-78 -230/-146/-84 
f -227/-145/-81 -243/-150/-97 -250/-157/-103 -236/-148/-90 
f -229/-146/-83 -244/-151/-98 -243/-150/-97 -227/-145/-81 
f -231/-147/-85 -245/-152/-99 -244/-151/-98 -229/-146/-83 
f -139/-36/-117 -164/-23/-93 -163/-33/-67 -140/-33/-63 
f -246/-57/-100 -241/-149/-95 -240/-56/-94 -247/-56/-101 
f -197/-47/-142 -176/-47/-74 -175/-46/-94 -198/-46/-101 
f -251/-160/-170 -202/-160/-129 -201/-58/-70 -252/-58/-136 
f -137/-32/-117 -160/-22/-93 -159/-21/-72 -138/-29/-62 
f -135/-28/-117 -156/-20/-93 -155/-19/-72 -136/-25/-136 
f -209/-51/-117 -214/-48/-73 -213/-49/-72 -210/-52/-136 
f -129/-38/-61 -166/-38/-73 -165/-24/-70 -130/-39/-136 
f -131/-42/-61 -170/-42/-73 -169/-43/-70 -132/-43/-136 
f -133/-46/-61 -174/-46/-73 -173/-47/-70 -134/-47/-136 
f -193/-43/-142 -172/-43/-74 -171/-42/-94 -194/-42/-101 
f -189/-39/-142 -168/-24/-74 -167/-38/-94 -190/-38/-101 
f -217/-52/-142 -216/-49/-74 -215/-48/-94 -218/-51/-101 
f -179/-25/-142 -154/-19/-74 -153/-20/-94 -180/-28/-101 
f -183/-29/-142 -158/-21/-66 -157/-22/-94 -184/-32/-101 
f -187/-33/-142 -162/-33/-74 -161/-23/-94 -188/-36/-101 
f -123/-87/-56 -127/-87/-59 -140/-33/-63 -163/-33/-67 
f -125/-87/-114 -124/-87/-57 -162/-33/-74 -187/-33/-142 
f -118/-17/-55 -119/-17/-114 -198/-46/-101 -175/-46/-94 
f -121/-17/-116 -117/-17/-54 -174/-46/-73 -133/-46/-61 
f -98/-3/-56 -86/-9/-116 -138/-29/-62 -159/-21/-72 
f -96/-2/-54 -85/-7/-116 -136/-25/-136 -155/-19/-72 
f -94/-1/-54 -84/-5/-116 -210/-52/-136 -213/-49/-72 
f -99/-4/-54 -81/-12/-116 -130/-39/-136 -165/-24/-70 
f -101/-14/-54 -82/-14/-116 -132/-43/-136 -169/-43/-70 
f -83/-15/-116 -103/-15/-54 -170/-42/-73 -131/-42/-61 
f -104/-15/-55 -115/-15/-114 -194/-42/-101 -171/-42/-94 
f -113/-14/-114 -102/-14/-52 -172/-43/-74 -193/-43/-142 
f -111/-12/-114 -100/-4/-55 -168/-24/-74 -189/-39/-142 
f -106/-5/-104 -93/-1/-55 -216/-49/-74 -217/-52/-142 
f -108/-7/-114 -95/-2/-57 -154/-19/-74 -179/-25/-142 
f -110/-9/-114 -97/-3/-57 -158/-21/-66 -183/-29/-142 
f -239/-56/-93 -221/-56/-117 -127/-87/-59 -123/-87/-56 
f -247/-56/-101 -240/-56/-94 -124/-87/-57 -125/-87/-114 
f -204/-58/-74 -205/-58/-142 -119/-17/-114 -118/-17/-55 
f -252/-58/-136 -201/-58/-70 -117/-17/-54 -121/-17/-116 
f -164/-23/-93 -139/-36/-117 -86/-9/-116 -98/-3/-56 
f -160/-22/-93 -137/-32/-117 -85/-7/-116 -96/-2/-54 
f -156/-20/-93 -135/-28/-117 -84/-5/-116 -94/-1/-54 
f -214/-48/-73 -209/-51/-117 -81/-12/-116 -99/-4/-54 
f -166/-38/-73 -129/-38/-61 -82/-14/-116 -101/-14/-54 
f -134/-47/-136 -173/-47/-70 -103/-15/-54 -83/-15/-116 
f -176/-47/-74 -197/-47/-142 -115/-15/-114 -104/-15/-55 
f -190/-38/-101 -167/-38/-94 -102/-14/-52 -113/-14/-114 
f -218/-51/-101 -215/-48/-94 -100/-4/-55 -111/-12/-114 
f -180/-28/-101 -153/-20/-94 -93/-1/-55 -106/-5/-104 
f -184/-32/-101 -157/-22/-94 -95/-2/-57 -108/-7/-114 
f -188/-36/-101 -161/-23/-94 -97/-3/-57 -110/-9/-114 
f -77/-160/-48 -78/-148/-49 -79/-148/-50 -80/-160/-51 
f -73/-160/-44 -74/-160/-45 -75/-148/-46 -76/-148/-47 
f -78/-148/-49 -75/-148/-46 -79/-148/-50 
f -75/-148/-46 -74/-160/-45 -80/-160/-51 -79/-148/-50 
f -74/-160/-45 -77/-160/-48 -80/-160/-51 
f -69/-160/-40 -70/-148/-41 -71/-148/-42 -72/-160/-43 
f -65/-160/-36 -66/-148/-37 -67/-148/-38 -68/-160/-39 
f -61/-160/-32 -62/-148/-33 -63/-148/-34 -64/-160/-35 
f -64/-160/-35 -63/-148/-34 -70/-148/-41 -69/-160/-40 
f -72/-160/-43 -71/-148/-42 -66/-148/-37 -65/-160/-36 
f -68/-160/-39 -67/-148/-38 -78/-148/-49 -77/-160/-48 
f -73/-160/-44 -76/-148/-47 -62/-148/-33 -61/-160/-32 
f -70/-148/-41 -75/-148/-46 -71/-148/-42 
f -69/-160/-40 -72/-160/-43 -74/-160/-45 
f -63/-148/-34 -75/-148/-46 -70/-148/-41 
f -64/-160/-35 -69/-160/-40 -74/-160/-45 
f -71/-148/-42 -75/-148/-46 -66/-148/-37 
f -66/-148/-37 -75/-148/-46 -67/-148/-38 
f -72/-160/-43 -65/-160/-36 -74/-160/-45 
f -65/-160/-36 -68/-160/-39 -74/-160/-45 
f -67/-148/-38 -75/-148/-46 -78/-148/-49 
f -68/-160/-39 -77/-160/-48 -74/-160/-45 
f -62/-148/-33 -75/-148/-46 -63/-148/-34 
f -61/-160/-32 -64/-160/-35 -74/-160/-45 
f -76/-148/-47 -75/-148/-46 -62/-148/-33 
f -73/-160/-44 -61/-160/-32 -74/-160/-45 
f -57/-148/-30 -58/-148/-48 -59/-160/-49 -60/-160/-31 
f -53/-148/-28 -54/-160/-29 -55/-160/-47 -56/-148/-44 
f -53/-148/-28 -58/-148/-48 -57/-148/-30 
f -60/-160/-31 -54/-160/-29 -53/-148/-28 -57/-148/-30 
f -59/-160/-49 -54/-160/-29 -60/-160/-31 
f -49/-148/-43 -50/-148/-40 -51/-160/-41 -52/-160/-42 
f -45/-148/-39 -46/-148/-36 -47/-160/-37 -48/-160/-38 
f -41/-148/-35 -42/-148/-32 -43/-160/-33 -44/-160/-34 
f -50/-148/-40 -41/-148/-35 -44/-160/-34 -51/-160/-41 
f -46/-148/-36 -49/-148/-43 -52/-160/-42 -47/-160/-37 
f -58/-148/-48 -45/-148/-39 -48/-160/-38 -59/-160/-49 
f -42/-148/-32 -56/-148/-44 -55/-160/-47 -43/-160/-33 
f -53/-148/-28 -50/-148/-40 -49/-148/-43 
f -52/-160/-42 -51/-160/-41 -54/-160/-29 
f -53/-148/-28 -41/-148/-35 -50/-148/-40 
f -51/-160/-41 -44/-160/-34 -54/-160/-29 
f -53/-148/-28 -49/-148/-43 -46/-148/-36 
f -53/-148/-28 -46/-148/-36 -45/-148/-39 
f -47/-160/-37 -52/-160/-42 -54/-160/-29 
f -48/-160/-38 -47/-160/-37 -54/-160/-29 
f -53/-148/-28 -45/-148/-39 -58/-148/-48 
f -59/-160/-49 -48/-160/-38 -54/-160/-29 
f -53/-148/-28 -42/-148/-32 -41/-148/-35 
f -44/-160/-34 -43/-160/-33 -54/-160/-29 
f -53/-148/-28 -56/-148/-44 -42/-148/-32 
f -43/-160/-33 -55/-160/-47 -54/-160/-29 
f -37/-148/-24 -38/-148/-25 -39/-160/-26 -40/-160/-27 
f -33/-148/-20 -34/-160/-21 -35/-160/-22 -36/-148/-23 
f -33/-148/-20 -38/-148/-25 -37/-148/-24 
f -40/-160/-27 -34/-160/-21 -33/-148/-20 -37/-148/-24 
f -39/-160/-26 -34/-160/-21 -40/-160/-27 
f -29/-148/-16 -30/-148/-17 -31/-160/-18 -32/-160/-19 
f -25/-148/-12 -26/-148/-13 -27/-160/-14 -28/-160/-15 
f -21/-148/-8 -22/-148/-9 -23/-160/-10 -24/-160/-11 
f -30/-148/-17 -21/-148/-8 -24/-160/-11 -31/-160/-18 
f -26/-148/-13 -29/-148/-16 -32/-160/-19 -27/-160/-14 
f -38/-148/-25 -25/-148/-12 -28/-160/-15 -39/-160/-26 
f -22/-148/-9 -36/-148/-23 -35/-160/-22 -23/-160/-10 
f -33/-148/-20 -30/-148/-17 -29/-148/-16 
f -32/-160/-19 -31/-160/-18 -34/-160/-21 
f -33/-148/-20 -21/-148/-8 -30/-148/-17 
f -31/-160/-18 -24/-160/-11 -34/-160/-21 
f -33/-148/-20 -29/-148/-16 -26/-148/-13 
f -33/-148/-20 -26/-148/-13 -25/-148/-12 
f -27/-160/-14 -32/-160/-19 -34/-160/-21 
f -28/-160/-15 -27/-160/-14 -34/-160/-21 
f -33/-148/-20 -25/-148/-12 -38/-148/-25 
f -39/-160/-26 -28/-160/-15 -34/-160/-21 
f -33/-148/-20 -22/-148/-9 -21/-148/-8 
f -24/-160/-11 -23/-160/-10 -34/-160/-21 
f -33/-148/-20 -36/-148/-23 -22/-148/-9 
f -23/-160/-10 -35/-160/-22 -34/-160/-21 
f -17/-160/-25 -18/-148/-26 -19/-148/-6 -20/-160/-7 
f -13/-160/-23 -14/-160/-20 -15/-148/-5 -16/-148/-22 
f -18/-148/-26 -15/-148/-5 -19/-148/-6 
f -15/-148/-5 -14/-160/-20 -20/-160/-7 -19/-148/-6 
f -14/-160/-20 -17/-160/-25 -20/-160/-7 
f -9/-160/-17 -10/-148/-18 -11/-148/-4 -12/-160/-16 
f -5/-160/-13 -6/-148/-3 -7/-148/-15 -8/-160/-12 
f -1/-160/-9 -2/-148/-10 -3/-148/-1 -4/-160/-2 
f -4/-160/-2 -3/-148/-1 -10/-148/-18 -9/-160/-17 
f -12/-160/-16 -11/-148/-4 -6/-148/-3 -5/-160/-13 
f -8/-160/-12 -7/-148/-15 -18/-148/-26 -17/-160/-25 
f -13/-160/-23 -16/-148/-22 -2/-148/-10 -1/-160/-9 
f -10/-148/-18 -15/-148/-5 -11/-148/-4 
f -9/-160/-17 -12/-160/-16 -14/-160/-20 
f -3/-148/-1 -15/-148/-5 -10/-148/-18 
f -4/-160/-2 -9/-160/-17 -14/-160/-20 
f -11/-148/-4 -15/-148/-5 -6/-148/-3 
f -6/-148/-3 -15/-148/-5 -7/-148/-15 
f -12/-160/-16 -5/-160/-13 -14/-160/-20 
f -5/-160/-13 -8/-160/-12 -14/-160/-20 
f -7/-148/-15 -15/-148/-5 -18/-148/-26 
f -8/-160/-12 -17/-160/-25 -14/-160/-20 
f -2/-148/-10 -15/-148/-5 -3/-148/-1 
f -1/-160/-9 -4/-160/-2 -14/-160/-20 
f -16/-148/-22 -15/-148/-5 -2/-148/-10 
f -13/-160/-23 -1/-160/-9 -14/-160/-20 
# 844 polygons - 64 triangles

#
# object Obj3d66_12417040_23_700
#

v  4703.3535 2066.9055 -7937.3564
v  4099.3945 2066.9055 -7946.8613
v  4099.3945 1643.1553 -7946.8613
v  4680.7974 1669.5504 -7937.7114
v  4703.3535 4076.9321 -7937.3564
v  4099.3945 4076.9321 -7946.8613
v  4703.3535 4675.9175 -7937.3560
v  4099.3945 4675.9175 -7946.8613
v  7874.1343 4675.9175 -7887.4546
v  7874.1343 4076.9321 -7887.4551
v  7874.1343 1669.5504 -7887.4551
v  7874.1343 2066.9055 -7887.4551
v  4099.3950 136.0851 -7946.8618
v  4680.7974 136.0851 -7937.7119
v  4704.5908 1643.1553 -8015.9951
v  7875.3721 1643.1550 -7966.0938
v  4704.5913 136.0851 -8015.9956
v  7875.3721 136.0851 -7966.0942
v  4705.9023 136.0850 -8099.3208
v  7876.6836 136.0851 -8049.4199
v  4102.0171 4675.9175 -8113.5122
v  4102.0171 4076.9321 -8113.5122
v  4102.0171 2066.9055 -8113.5132
v  4102.0171 1643.1553 -8113.5132
v  4705.9761 4675.9175 -8104.0068
v  7876.7573 4675.9175 -8054.1064
v  4102.0176 136.0850 -8113.5137
v  4705.9761 4076.9321 -8104.0073
v  4705.9756 2066.9055 -8104.0078
v  4705.9756 1643.1553 -8104.0078
v  7876.7573 4076.9321 -8054.1064
v  7876.7573 2066.9055 -8054.1064
v  7876.7573 1643.1553 -8054.1064
v  9843.5420 136.0852 -7892.5903
v  9843.5430 1664.8713 -7892.5898
v  9472.9912 1664.8711 -7898.4219
v  9472.9912 136.0851 -7898.4219
v  6672.7622 136.0852 -7942.4917
v  6672.7617 1664.8711 -7942.4912
v  6302.2109 1664.8711 -7948.3232
v  6302.2109 136.0851 -7948.3232
v  8258.1523 136.0852 -7917.5410
v  8258.1523 1664.8711 -7917.5400
v  7887.6011 1664.8711 -7923.3726
v  7887.6011 136.0851 -7923.3721
v  8654.5000 136.0851 -7911.3027
v  8654.5000 1664.8711 -7911.3032
v  8283.9482 1664.8711 -7917.1343
v  8283.9482 136.0852 -7917.1348
v  9050.8477 136.0852 -7905.0654
v  9050.8477 1664.8713 -7905.0649
v  8680.2959 1664.8711 -7910.8975
v  8680.2959 136.0851 -7910.8970
v  9447.1953 136.0851 -7898.8276
v  9447.1953 1664.8711 -7898.8281
v  9076.6436 1664.8713 -7904.6592
v  9076.6436 136.0852 -7904.6597
v  10662.0342 1664.8713 -7879.7080
v  10662.0332 136.0852 -7879.7090
v  11069.5000 136.0851 -7873.2969
v  11069.5000 1664.8713 -7873.2964
v  10265.6865 1664.8713 -7885.9463
v  10265.6865 136.0851 -7885.9463
v  10636.2373 136.0852 -7880.1152
v  10636.2383 1664.8713 -7880.1143
v  9869.3389 1664.8713 -7892.1836
v  9869.3389 136.0852 -7892.1846
v  10239.8896 136.0851 -7886.3525
v  10239.8896 1664.8713 -7886.3525
v  5087.3721 136.0852 -7967.4424
v  5087.3716 1664.8711 -7967.4414
v  4683.7959 1664.8711 -7973.7939
v  4683.7959 136.0852 -7973.7939
v  5483.7197 136.0851 -7961.2041
v  5483.7197 1664.8713 -7961.2046
v  5113.1680 1664.8711 -7967.0356
v  5113.1685 136.0852 -7967.0361
v  5880.0669 136.0852 -7954.9668
v  5880.0669 1664.8711 -7954.9663
v  5509.5156 1664.8713 -7960.7988
v  5509.5161 136.0851 -7960.7983
v  6276.4146 136.0851 -7948.7290
v  6276.4146 1664.8711 -7948.7295
v  5905.8633 1664.8711 -7954.5605
v  5905.8633 136.0852 -7954.5610
v  7491.2534 1664.8711 -7929.6094
v  7491.2534 136.0852 -7929.6104
v  7861.8052 136.0851 -7923.7783
v  7861.8047 1664.8711 -7923.7783
v  7094.9063 1664.8711 -7935.8477
v  7094.9063 136.0851 -7935.8477
v  7465.4570 136.0852 -7930.0166
v  7465.4570 1664.8711 -7930.0156
v  6698.5581 1664.8711 -7942.0850
v  6698.5586 136.0852 -7942.0859
v  7069.1099 136.0851 -7936.2539
v  7069.1099 1664.8711 -7936.2539
v  7874.8833 1664.8710 -7935.0488
v  7874.8833 136.0854 -7935.0488
v  8271.2305 1664.8710 -7928.8110
v  8271.2314 136.0853 -7928.8115
v  8667.5781 1664.8710 -7922.5732
v  8667.5781 136.0854 -7922.5732
v  9063.9258 1664.8711 -7916.3359
v  9063.9258 136.0851 -7916.3359
v  9460.2734 1664.8711 -7910.0977
v  9460.2734 136.0852 -7910.0981
v  10649.3164 136.0851 -7891.3853
v  10649.3164 1664.8711 -7891.3848
v  10252.9678 136.0852 -7897.6230
v  10252.9678 1664.8713 -7897.6226
v  9856.6211 136.0851 -7903.8604
v  9856.6211 1664.8711 -7903.8604
v  5100.4502 1664.8711 -7978.7124
v  5100.4502 136.0853 -7978.7129
v  5496.7983 1664.8710 -7972.4746
v  5496.7988 136.0852 -7972.4746
v  5893.1460 1664.8711 -7966.2373
v  5893.1460 136.0853 -7966.2373
v  6289.4932 1664.8710 -7959.9990
v  6289.4937 136.0852 -7959.9995
v  7478.5361 136.0853 -7941.2866
v  7478.5361 1664.8710 -7941.2861
v  7082.1885 136.0854 -7947.5244
v  7082.1885 1664.8710 -7947.5239
v  6685.8413 136.0853 -7953.7617
v  6685.8408 1664.8711 -7953.7617
v  3952.5164 4685.4980 -11954.8711
v  3952.5164 4086.5132 -11954.8711
v  3923.3596 4086.5127 -10102.2256
v  3923.3596 4685.4976 -10102.2256
v  3962.6846 2076.4863 -12600.9639
v  3952.5159 1618.8164 -11954.8721
v  3952.5164 2076.4863 -11954.8711
v  3962.6846 4086.5132 -12600.9639
v  3962.6846 4685.4980 -12600.9629
v  3923.3591 1618.7899 -10102.2266
v  3923.3596 2076.4858 -10102.2256
v  3952.5164 161.2905 -11954.8721
v  3952.5164 -28.0673 -11954.8721
v  3923.3596 -28.0676 -10102.2266
v  3923.3596 160.8383 -10102.2266
v  3962.6846 172.2175 -12600.9639
v  3959.4546 -28.0672 -12395.7285
v  3962.2166 103.4678 -12571.2227
v  3960.5637 1.0419 -12466.2061
v  3961.4385 46.0188 -12521.7920
v  3894.2031 4685.4971 -8249.5801
v  3894.2031 4086.5127 -8249.5801
v  3884.0349 2076.4856 -7603.4883
v  3894.2031 2076.4856 -8249.5811
v  3894.2021 1618.8158 -8249.5811
v  3884.0349 4086.5122 -7603.4878
v  3884.0349 4685.4976 -7603.4878
v  3894.2031 161.2899 -8249.5811
v  3894.2031 -28.0679 -8249.5811
v  3884.0349 172.2167 -7603.4883
v  3887.2649 -28.0679 -7808.7241
v  3884.5029 103.4670 -7633.2295
v  3886.1558 1.0412 -7738.2471
v  3885.2808 46.0180 -7682.6602
v  4005.0828 178.5519 -11942.4063
v  4005.0828 1601.5543 -11942.4063
v  3976.1089 1601.5283 -10101.3955
v  3976.1091 178.1087 -10101.3955
v  3947.1355 1601.5537 -8260.3857
v  3947.1357 178.5512 -8260.3867
v  4197.5488 -28.0670 -11951.0156
v  4204.4873 -28.0669 -12391.8721
v  4197.5488 2076.4866 -11951.0156
v  4207.7173 2076.4868 -12597.1074
v  4207.7173 4086.5132 -12597.1074
v  4197.5488 4086.5132 -11951.0146
v  4207.7173 4685.4980 -12597.1074
v  4197.5488 4685.4980 -11951.0146
v  4168.3926 -28.0673 -10098.3701
v  4168.3926 2076.4863 -10098.3691
v  4168.3926 4086.5127 -10098.3691
v  4168.3926 4685.4976 -10098.3691
v  4207.7173 172.2179 -12597.1074
v  4207.2490 103.4682 -12567.3662
v  4205.5967 1.0424 -12462.3496
v  4206.4712 46.0192 -12517.9355
v  4139.2358 -28.0676 -8245.7246
v  4139.2358 2076.4858 -8245.7246
v  4132.2979 -28.0676 -7804.8677
v  4139.2358 4086.5127 -8245.7236
v  4129.0674 4086.5127 -7599.6313
v  4129.0674 2076.4858 -7599.6318
v  4139.2358 4685.4985 -8245.7236
v  4129.0674 4685.4976 -7599.6309
v  4129.0674 172.2170 -7599.6318
v  4129.5356 103.4674 -7629.3730
v  4131.1885 1.0416 -7734.3906
v  4130.3135 46.0184 -7678.8037
v  11044.9150 2066.9053 -7837.5537
v  11067.4707 1669.5504 -7837.1992
v  11648.8740 1643.1552 -7828.0488
v  11648.8740 2066.9053 -7828.0488
v  11044.9150 4076.9321 -7837.5537
v  11648.8740 4076.9321 -7828.0488
v  11044.9150 4675.9170 -7837.5537
v  11648.8740 4675.9170 -7828.0488
v  11067.4717 136.0851 -7837.1992
v  11648.8740 136.0851 -7828.0493
v  11046.1523 1643.1552 -7916.1924
v  11046.1523 136.0851 -7916.1929
v  11047.4639 136.0851 -7999.5186
v  11651.4961 4076.9321 -7994.7002
v  11651.4961 4675.9170 -7994.7002
v  11651.4961 1643.1553 -7994.7007
v  11651.4961 2066.9053 -7994.7007
v  11047.5381 4675.9170 -8004.2051
v  11651.4961 136.0851 -7994.7012
v  11047.5381 2066.9053 -8004.2056
v  11047.5381 4076.9321 -8004.2051
v  11047.5381 1643.1553 -8004.2056
v  6276.4146 136.0852 -7948.7295
v  9447.1943 136.0852 -7898.8281
v  9076.6436 1664.8711 -7904.6592
v  7861.8047 136.0852 -7923.7788
v  7491.2539 1664.8711 -7929.6104
v  7094.9063 136.0852 -7935.8481
v  7465.4575 1664.8711 -7930.0161
v  7069.1099 136.0852 -7936.2539
v  6698.5586 1664.8711 -7942.0854
v  6302.2109 136.0852 -7948.3232
v  6672.7622 1664.8711 -7942.4912
v  5087.3721 1664.8713 -7967.4424
v  4679.9058 1664.8713 -7973.8555
v  4679.9058 136.0852 -7973.8555
v  5113.1680 1664.8713 -7967.0361
v  5483.7197 136.0852 -7961.2051
v  5880.0669 1664.8711 -7954.9668
v  5509.5161 136.0852 -7960.7988
v  11065.6094 136.0853 -7873.3579
v  11065.6094 1664.8711 -7873.3574
v  10662.0342 1664.8711 -7879.7090
v  10265.6855 136.0852 -7885.9468
v  10636.2373 1664.8711 -7880.1147
v  10239.8896 136.0852 -7886.3525
v  9869.3389 1664.8711 -7892.1841
v  9472.9912 136.0852 -7898.4219
v  9843.5430 1664.8711 -7892.5898
v  8258.1523 1664.8711 -7917.5410
v  7887.6006 136.0852 -7923.3730
v  8283.9492 1664.8711 -7917.1348
v  8654.5000 136.0852 -7911.3037
v  9050.8477 1664.8711 -7905.0654
v  8680.2959 136.0852 -7910.8975
v  7874.8838 1664.8710 -7935.0488
v  7478.5356 136.0854 -7941.2866
v  6685.8408 136.0852 -7953.7617
v  6289.4937 1664.8711 -7959.9990
v  5100.4507 136.0852 -7978.7129
v  5496.7988 1664.8713 -7972.4746
v  5893.1460 136.0852 -7966.2373
v  10649.3164 136.0854 -7891.3853
v  10252.9678 1664.8710 -7897.6226
v  9856.6211 136.0854 -7903.8604
v  9460.2734 1664.8710 -7910.0977
v  8271.2305 136.0854 -7928.8115
v  9063.9258 136.0854 -7916.3359
v  3965.7991 1636.5297 -11315.8711
v  3965.7988 161.8861 -11315.8711
v  3961.3894 161.8186 -11035.6924
v  3961.3894 1636.5256 -11035.6924
v  3936.8254 1636.5210 -9474.8604
v  3936.8254 161.7443 -9474.8613
v  3932.4160 161.8116 -9194.6816
v  3932.4160 1636.5247 -9194.6816
v  3951.3123 1636.5165 -10395.3662
v  3951.3123 161.6644 -10395.3662
v  3946.9028 161.5970 -10115.1865
v  3946.9028 1636.5125 -10115.1865
v  3956.1411 1636.5210 -10702.2012
v  3956.1411 161.7382 -10702.2012
v  3951.7317 161.6708 -10422.0215
v  3951.7317 1636.5168 -10422.0215
v  3960.9700 1636.5253 -11009.0361
v  3960.9700 161.8122 -11009.0361
v  3956.5605 161.7449 -10728.8574
v  3956.5605 1636.5215 -10728.8564
v  3971.0474 161.9664 -11649.3623
v  3971.0474 1636.5345 -11649.3623
v  3975.9331 1636.5388 -11959.8008
v  3975.9331 162.0372 -11959.8008
v  3966.2185 161.8925 -11342.5273
v  3966.2185 1636.5300 -11342.5273
v  3970.6279 1636.5339 -11622.7070
v  3970.6279 161.9600 -11622.7070
v  3922.3386 1636.5334 -8554.3555
v  3922.3386 161.9655 -8554.3555
v  3917.4473 162.0359 -8243.5605
v  3917.4473 1636.5376 -8243.5596
v  3927.1675 1636.5293 -8861.1904
v  3927.1675 161.8918 -8861.1914
v  3922.7581 161.9591 -8581.0117
v  3922.7581 1636.5332 -8581.0117
v  3931.9963 1636.5251 -9168.0254
v  3931.9963 161.8180 -9168.0254
v  3927.5869 161.8854 -8887.8467
v  3927.5869 1636.5289 -8887.8467
v  3942.0737 161.6642 -9808.3516
v  3942.0737 1636.5164 -9808.3516
v  3946.4832 1636.5125 -10088.5313
v  3946.4832 161.5969 -10088.5313
v  3937.2449 161.7379 -9501.5166
v  3937.2449 1636.5205 -9501.5166
v  3941.6543 1636.5166 -9781.6963
v  3941.6543 161.6706 -9781.6963
v  3974.8589 161.5969 -10101.4150
v  3974.8589 1636.5127 -10101.4150
v  3979.6880 161.6676 -10408.2510
v  3979.6880 1636.5168 -10408.2510
v  3984.5168 161.7416 -10715.0859
v  3984.5168 1636.5212 -10715.0859
v  3989.3457 161.8154 -11021.9209
v  3989.3457 1636.5254 -11021.9209
v  3999.0037 1636.5342 -11635.5908
v  3999.0037 161.9632 -11635.5918
v  3994.1748 1636.5299 -11328.7559
v  3994.1748 161.8893 -11328.7559
v  3950.7144 161.9624 -8567.2402
v  3950.7136 1636.5334 -8567.2402
v  3955.5432 161.8886 -8874.0752
v  3955.5425 1636.5293 -8874.0752
v  3960.3721 161.8148 -9180.9111
v  3960.3713 1636.5249 -9180.9102
v  3970.0300 1636.5166 -9794.5801
v  3970.0300 161.6674 -9794.5801
v  3965.2004 1636.5206 -9487.7451
v  3965.2012 161.7411 -9487.7461
v  7939.0200 129.2154 -12010.3740
v  11713.7598 129.2154 -11950.9678
v  11713.7598 4675.9185 -11950.9668
v  7939.0205 4675.9185 -12010.3730
v  4164.2803 129.2154 -12069.7803
v  4164.2803 4675.9185 -12069.7793
v  7992.4766 129.2152 -12314.6445
v  7992.4771 4675.9180 -12314.6445
v  11767.2168 4675.9180 -12255.2373
v  11767.2168 129.2152 -12255.2383
v  4217.7368 129.2152 -12374.0508
v  4217.7368 4675.9180 -12374.0508
v  11921.8037 4675.9180 -11829.4512
v  11892.6465 4675.9175 -9976.8057
v  11892.6465 4076.9321 -9976.8057
v  11921.8037 4076.9326 -11829.4521
v  11931.9717 4675.9180 -12475.5439
v  11931.9717 4076.9326 -12475.5449
v  11921.8037 151.7103 -11829.4521
v  11892.6465 151.2582 -9976.8066
v  11892.6465 -37.6476 -9976.8066
v  11921.8037 -37.6475 -11829.4521
v  11931.9717 162.6371 -12475.5449
v  11928.7422 -37.6475 -12270.3086
v  11931.5039 93.8875 -12445.8027
v  11929.8506 -8.5383 -12340.7861
v  11930.7256 36.4385 -12396.3730
v  11863.4902 4675.9170 -8124.1606
v  11863.4902 4076.9316 -8124.1602
v  11853.3223 4076.9321 -7478.0684
v  11853.3223 162.6369 -7478.0688
v  11863.4902 151.7098 -8124.1611
v  11853.3223 4675.9175 -7478.0684
v  11863.4902 -37.6478 -8124.1611
v  11856.5518 -37.6477 -7683.3047
v  11853.7900 93.8873 -7507.8096
v  11855.4434 -8.5385 -7612.8271
v  11854.5684 36.4383 -7557.2402
v  11676.7715 4675.9180 -11833.3076
v  11676.7715 4076.9326 -11833.3086
v  11647.6152 4076.9321 -9980.6621
v  11647.6152 4675.9175 -9980.6621
v  11686.9395 4675.9180 -12479.4004
v  11686.9395 4076.9326 -12479.4004
v  11676.7715 151.7103 -11833.3086
v  11676.7715 -37.6475 -11833.3086
v  11647.6152 -37.6476 -9980.6631
v  11647.6152 151.2582 -9980.6631
v  11686.9395 162.6371 -12479.4004
v  11683.7100 -37.6475 -12274.1650
v  11686.4717 93.8875 -12449.6592
v  11684.8184 -8.5383 -12344.6426
v  11685.6934 36.4385 -12400.2285
v  11618.4580 4675.9170 -8128.0166
v  11618.4580 4076.9316 -8128.0166
v  11608.2900 162.6369 -7481.9248
v  11608.2900 4076.9321 -7481.9248
v  11618.4580 151.7098 -8128.0176
v  11608.2900 4675.9175 -7481.9248
v  11618.4580 -37.6478 -8128.0176
v  11611.5195 -37.6477 -7687.1606
v  11608.7578 93.8873 -7511.6660
v  11610.4111 -8.5385 -7616.6836
v  11609.5361 36.4383 -7561.0967
v  11873.2871 169.7209 -9996.1387
v  11873.2891 4061.5757 -9996.2939
v  11668.4434 4061.5757 -9999.5176
v  11668.4414 169.7200 -9999.3633
v  11678.1143 4061.5757 -10614.0000
v  11882.9600 4061.5757 -10610.7764
v  11887.4385 4061.5757 -10895.3623
v  11682.5938 4061.5757 -10898.5859
v  11901.8730 4061.5762 -11812.5547
v  11901.8730 170.1341 -11812.5547
v  11697.0273 170.1341 -11815.7783
v  11697.0273 4061.5762 -11815.7783
v  11687.3564 169.9940 -11201.2451
v  11892.2021 169.9944 -11198.0205
v  11887.7227 169.9296 -10913.4092
v  11682.8770 169.9291 -10916.6328
v  11678.1133 169.8602 -10613.8965
v  11682.5918 169.9249 -10898.5088
v  11882.9580 169.8608 -10610.6729
v  11887.4375 169.9254 -10895.2852
v  11918.2744 2072.4580 -11706.1543
v  11918.3252 2060.3657 -11709.3945
v  12015.5273 2060.3657 -11707.8643
v  12012.2373 2072.4580 -11704.6758
v  11918.4648 2051.5132 -11718.2451
v  12024.5186 2051.5132 -11716.5762
v  11918.6553 2048.2729 -11730.3369
v  12036.7998 2048.2729 -11728.4775
v  11918.8457 2051.5132 -11742.4277
v  12049.0811 2051.5132 -11740.3779
v  11918.9844 2060.3657 -11751.2793
v  12058.0713 2060.3657 -11749.0898
v  11919.0352 2072.4580 -11754.5186
v  12061.3633 2072.4580 -11752.2783
v  11918.9844 2084.5505 -11751.2793
v  12058.0713 2084.5505 -11749.0898
v  11918.8457 2093.4028 -11742.4277
v  12049.0811 2093.4028 -11740.3779
v  11918.6553 2096.6431 -11730.3369
v  12036.7998 2096.6431 -11728.4775
v  11918.4648 2093.4028 -11718.2451
v  12024.5186 2093.4028 -11716.5762
v  11918.3252 2084.5505 -11709.3945
v  12015.5273 2084.5505 -11707.8643
v  12010.4600 2060.3657 -11385.8682
v  12007.2207 2072.4580 -11385.9199
v  12019.3115 2051.5132 -11385.7295
v  12031.4023 2048.2729 -11385.5391
v  12043.4941 2051.5132 -11385.3486
v  12052.3447 2060.3657 -11385.2090
v  12055.5840 2072.4583 -11385.1582
v  12052.3447 2084.5508 -11385.2090
v  12043.4941 2093.4031 -11385.3486
v  12031.4023 2096.6433 -11385.5391
v  12019.3115 2093.4031 -11385.7295
v  12010.4600 2084.5508 -11385.8682
v  11916.4199 2053.4763 -11697.4902
v  11916.3398 2072.4580 -11692.4053
v  11914.5879 2072.4580 -11690.1426
v  11914.6719 2052.3315 -11695.5352
v  11916.6387 2039.5806 -11711.3838
v  11914.9043 2037.5980 -11710.2666
v  11916.9375 2034.4945 -11730.3633
v  11915.2207 2032.2052 -11730.3906
v  11917.2363 2039.5806 -11749.3428
v  11915.5371 2037.5980 -11750.5146
v  11917.4551 2053.4763 -11763.2373
v  11915.7695 2052.3315 -11765.2461
v  11917.5342 2072.4580 -11768.3223
v  11915.8545 2072.4580 -11770.6387
v  11917.4551 2091.4397 -11763.2373
v  11915.7695 2092.5845 -11765.2461
v  11917.2363 2105.3354 -11749.3428
v  11915.5371 2107.3179 -11750.5146
v  11916.9375 2110.4214 -11730.3633
v  11915.2207 2112.7109 -11730.3906
v  11916.6387 2105.3354 -11711.3838
v  11914.9043 2107.3179 -11710.2666
v  11916.4199 2091.4397 -11697.4902
v  11914.6719 2092.5845 -11695.5352
v  11908.0156 2045.3341 -11683.5186
v  11907.9014 2072.4580 -11676.2510
v  11898.8926 2072.4580 -11674.4170
v  11899.0117 2044.3463 -11681.9492
v  11908.3281 2025.4779 -11703.3721
v  11899.3350 2023.7672 -11702.5254
v  11908.7549 2018.2100 -11730.4922
v  11899.7773 2016.2347 -11730.6338
v  11909.1816 2025.4779 -11757.6133
v  11900.2197 2023.7672 -11758.7422
v  11909.4941 2045.3339 -11777.4668
v  11900.5439 2044.3463 -11779.3184
v  11909.6084 2072.4580 -11784.7334
v  11900.6621 2072.4580 -11786.8496
v  11909.4941 2099.5820 -11777.4668
v  11900.5439 2100.5696 -11779.3184
v  11909.1816 2119.4380 -11757.6133
v  11900.2197 2121.1489 -11758.7422
v  11908.7549 2126.7061 -11730.4922
v  11899.7773 2128.6812 -11730.6338
v  11908.3281 2119.4380 -11703.3721
v  11899.3350 2121.1489 -11702.5254
v  11908.0156 2099.5820 -11683.5186
v  11899.0117 2100.5696 -11681.9492
v  11913.4121 2050.1858 -11691.8379
v  11913.3184 2072.4580 -11685.8701
v  11910.4609 2072.4580 -11677.9590
v  11910.5723 2046.2083 -11684.9922
v  11917.6084 2072.4580 -11696.6768
v  11917.6797 2055.6221 -11701.1875
v  11913.6689 2033.8813 -11708.1406
v  11910.8740 2026.9919 -11704.2061
v  11917.8730 2043.2974 -11713.5107
v  11914.0195 2027.9135 -11730.4092
v  11911.2871 2019.9584 -11730.4521
v  11918.1387 2038.7861 -11730.3447
v  11914.3691 2033.8813 -11752.6797
v  11911.7002 2026.9919 -11756.6992
v  11918.4033 2043.2974 -11747.1787
v  11914.6260 2050.1858 -11768.9814
v  11912.0020 2046.2083 -11775.9131
v  11918.5977 2055.6221 -11759.5020
v  11914.7207 2072.4580 -11774.9482
v  11912.1133 2072.4580 -11782.9453
v  11918.6680 2072.4580 -11764.0127
v  11914.6260 2094.7302 -11768.9814
v  11912.0020 2098.7075 -11775.9131
v  11918.5977 2089.2939 -11759.5020
v  11914.3691 2111.0347 -11752.6787
v  11911.7002 2117.9238 -11756.6992
v  11918.4033 2101.6187 -11747.1787
v  11914.0195 2117.0024 -11730.4092
v  11911.2871 2124.9575 -11730.4521
v  11918.1387 2106.1299 -11730.3447
v  11913.6689 2111.0347 -11708.1396
v  11910.8740 2117.9238 -11704.2061
v  11917.8730 2101.6187 -11713.5107
v  11913.4121 2094.7302 -11691.8379
v  11910.5723 2098.7075 -11684.9922
v  11917.6797 2089.2939 -11701.1875
v  12012.0039 2061.2739 -11384.0273
v  12031.3740 2072.4580 -11383.7227
v  12009.0088 2072.4580 -11384.0742
v  12020.1914 2053.0864 -11383.8984
v  12031.3740 2050.0898 -11383.7227
v  12042.5566 2053.0864 -11383.5469
v  12050.7422 2061.2739 -11383.4180
v  12053.7393 2072.4580 -11383.3701
v  12050.7422 2083.6423 -11383.4180
v  12042.5566 2091.8296 -11383.5469
v  12031.3740 2094.8267 -11383.7227
v  12020.1914 2091.8296 -11383.8984
v  12012.0039 2083.6423 -11384.0273
v  11914.0527 2051.7329 -11694.5078
v  11913.9658 2072.4580 -11688.9551
v  11913.4287 2072.4580 -11686.3994
v  11913.5215 2050.4509 -11692.2949
v  11916.9902 2072.4580 -11693.7295
v  11917.0684 2054.1438 -11698.6367
v  11917.5410 2055.2883 -11700.6113
v  11917.4688 2072.4580 -11696.0117
v  11914.2920 2036.5609 -11709.6777
v  11913.7754 2034.3405 -11708.4033
v  11917.2793 2040.7366 -11712.0420
v  11917.7393 2042.7192 -11713.1797
v  11914.6172 2031.0076 -11730.4004
v  11914.1211 2028.4437 -11730.4082
v  11917.5664 2035.8293 -11730.3535
v  11918.0098 2038.1187 -11730.3467
v  11914.9434 2036.5609 -11751.1230
v  11914.4678 2034.3405 -11752.4121
v  11917.8555 2040.7366 -11748.6660
v  11918.2793 2042.7192 -11747.5146
v  11915.1826 2051.7329 -11766.2930
v  11914.7207 2050.4509 -11768.5205
v  11918.0664 2054.1438 -11762.0713
v  11918.4775 2055.2883 -11760.0820
v  11915.2695 2072.4580 -11771.8457
v  11914.8135 2072.4580 -11774.4170
v  11918.1436 2072.4580 -11766.9775
v  11918.5498 2072.4580 -11764.6816
v  11915.1826 2093.1831 -11766.2930
v  11914.7207 2094.4651 -11768.5205
v  11918.0664 2090.7725 -11762.0713
v  11918.4775 2089.6277 -11760.0820
v  11914.9434 2108.3550 -11751.1230
v  11914.4678 2110.5754 -11752.4121
v  11917.8555 2104.1792 -11748.6660
v  11918.2793 2102.1968 -11747.5146
v  11914.6172 2113.9084 -11730.4004
v  11914.1211 2116.4722 -11730.4082
v  11917.5664 2109.0867 -11730.3535
v  11918.0098 2106.7974 -11730.3467
v  11914.2920 2108.3550 -11709.6777
v  11913.7754 2110.5754 -11708.4033
v  11917.2793 2104.1792 -11712.0420
v  11917.7393 2102.1968 -11713.1797
v  11914.0527 2093.1831 -11694.5078
v  11913.5215 2094.4651 -11692.2949
v  11917.0684 2090.7722 -11698.6367
v  11917.5410 2089.6277 -11700.6113
v  11914.0762 2072.4580 -11689.4834
v  11914.1621 2051.9980 -11694.9648
v  11916.9297 2053.8101 -11698.0605
v  11916.8516 2072.4580 -11693.0645
v  11914.3984 2037.0200 -11709.9414
v  11917.1445 2040.1587 -11711.7100
v  11914.7197 2031.5377 -11730.3984
v  11917.4375 2035.1619 -11730.3555
v  11915.0420 2037.0200 -11750.8564
v  11917.7314 2040.1587 -11749.0020
v  11915.2773 2051.9978 -11765.8320
v  11917.9463 2053.8101 -11762.6514
v  11915.3633 2072.4580 -11771.3135
v  11918.0254 2072.4580 -11767.6475
v  11915.2773 2092.9180 -11765.8320
v  11917.9463 2091.1060 -11762.6514
v  11915.0420 2107.8960 -11750.8564
v  11917.7314 2104.7573 -11749.0010
v  11914.7197 2113.3784 -11730.3984
v  11917.4375 2109.7539 -11730.3555
v  11914.3984 2107.8960 -11709.9414
v  11917.1445 2104.7573 -11711.7100
v  11914.1621 2092.9180 -11694.9648
v  11916.9297 2091.1060 -11698.0605
v  11908.6621 2072.4580 -11676.4063
v  11908.7764 2045.4175 -11683.6504
v  11909.0879 2025.6224 -11703.4434
v  11909.5137 2018.3770 -11730.4805
v  11909.9395 2025.6224 -11757.5176
v  11910.2500 2045.4175 -11777.3105
v  11910.3643 2072.4580 -11784.5547
v  11910.2500 2099.4985 -11777.3105
v  11909.9395 2119.2935 -11757.5176
v  11909.5137 2126.5391 -11730.4805
v  11909.0879 2119.2935 -11703.4434
v  11908.7764 2099.4985 -11683.6504
v  11898.1309 2072.4580 -11674.2627
v  11898.2500 2044.2628 -11681.8164
v  11898.5752 2023.6227 -11702.4541
v  11899.0186 2016.0677 -11730.6455
v  11899.4629 2023.6227 -11758.8369
v  11899.7871 2044.2628 -11779.4746
v  11899.9063 2072.4580 -11787.0293
v  11899.7871 2100.6531 -11779.4746
v  11899.4629 2121.2932 -11758.8369
v  11899.0186 2128.8481 -11730.6455
v  11898.5752 2121.2932 -11702.4541
v  11898.2500 2100.6531 -11681.8164
v  11692.4063 4061.5757 -11522.1299
v  11897.2520 4061.5757 -11518.9063
v  11687.6426 4061.5757 -11219.4199
v  11892.4883 4061.5757 -11216.1963
v  11896.9668 4061.5757 -11500.7822
v  11692.1211 4061.5757 -11504.0059
v  11682.8789 4061.5757 -10916.7100
v  11887.7236 4061.5757 -10913.4863
v  11892.2031 4061.5757 -11198.0723
v  11687.3574 4061.5757 -11201.2959
v  11877.9102 4061.5757 -10289.9424
v  11673.0654 4061.5757 -10293.1660
v  11882.6748 4061.5757 -10592.6523
v  11677.8291 4061.5757 -10595.8760
v  11673.3506 4061.5757 -10311.2900
v  11878.1953 4061.5757 -10308.0664
v  11673.0635 169.7870 -10293.0371
v  11877.9082 169.7878 -10289.8135
v  11677.8281 169.8560 -10595.7734
v  11882.6729 169.8566 -10592.5488
v  11878.1934 169.7919 -10307.9365
v  11673.3486 169.7912 -10311.1611
v  11897.2520 170.0672 -11518.8809
v  11692.4063 170.0672 -11522.1045
v  11892.4873 169.9984 -11216.1445
v  11687.6416 169.9982 -11219.3682
v  11692.1211 170.0630 -11503.9805
v  11896.9668 170.0632 -11500.7568
v  11892.3828 4054.8604 -11509.9180
v  11696.9902 4054.8604 -11512.9932
v  11887.6191 4054.8589 -11207.2070
v  11692.2266 4054.8589 -11210.2822
v  11882.8555 4054.8574 -10904.4971
v  11687.4619 4054.8574 -10907.5723
v  11677.9336 4054.8545 -10302.1504
v  11873.3271 4054.8545 -10299.0752
v  11682.6982 4054.8560 -10604.8613
v  11878.0908 4054.8560 -10601.7861
v  11873.3252 175.2484 -10298.9521
v  11677.9316 175.2477 -10302.0273
v  11878.0898 175.3157 -10601.6875
v  11682.6963 175.3151 -10604.7627
v  11882.8535 175.3831 -10904.4229
v  11687.4609 175.3825 -10907.4980
v  11696.9902 175.5172 -11512.9688
v  11892.3828 175.5175 -11509.8936
v  11692.2256 175.4499 -11210.2334
v  11887.6182 175.4502 -11207.1582
# 694 vertices

vn 0.2872 0.3015 0.9092
vn -0.7181 -0.0000 0.6959
vn 0.1957 -0.2155 0.9567
vn 0.2872 -0.3015 0.9092
vn -0.0111 0.7071 0.7070
vn -0.5864 0.5774 0.5682
vn -0.0111 -0.7071 0.7070
vn -0.0128 -0.5839 0.8117
vn -0.5864 -0.5774 0.5682
vn 0.4742 -0.5935 0.6503
vn 0.4818 -0.4746 0.7366
vn 0.2902 -0.8703 0.3980
vn 0.0138 -0.7091 -0.7050
vn 0.0111 -0.7082 -0.7059
vn -0.5682 0.5774 -0.5864
vn -0.6959 0.0000 -0.7181
vn 0.0111 0.7071 -0.7070
vn -0.5661 -0.5769 -0.5888
vn 0.3157 -0.3015 -0.8997
vn 0.3157 0.3015 -0.8997
vn 0.0157 -0.0016 -0.9999
vn 0.0111 -0.7071 -0.7070
vn 0.3408 -0.0000 0.9401
vn -0.3702 -0.0000 0.9289
vn -0.3702 0.0000 0.9290
vn -0.3702 0.0000 0.9289
vn 0.3408 -0.0000 0.9402
vn 0.3408 0.0000 0.9401
vn -0.3702 -0.0000 0.9290
vn -0.0157 -0.0000 0.9999
vn 0.3408 0.0000 0.9402
vn -0.0158 -0.0000 0.9999
vn -0.0156 -0.0000 0.9999
vn -0.9999 0.0000 -0.0157
vn -0.9092 -0.3015 0.2872
vn -0.7070 -0.7071 -0.0111
vn -0.9527 -0.2276 0.2013
vn -0.9092 0.3015 0.2872
vn -0.8095 -0.5870 -0.0127
vn -0.7070 0.7071 -0.0111
vn -0.9527 0.2276 0.2013
vn -0.8096 0.5869 -0.0127
vn -0.6525 -0.1516 -0.7424
vn -0.6635 -0.7318 -0.1556
vn -0.6649 -0.3917 -0.6360
vn -0.6702 -0.6334 -0.3868
vn -0.6794 -0.5213 -0.5164
vn -0.8997 -0.3015 -0.3157
vn -0.7181 0.0000 0.6959
vn -0.8997 0.3015 -0.3157
vn -0.9459 -0.2276 -0.2312
vn -0.9459 0.2276 -0.2312
vn -0.6756 -0.1516 0.7215
vn -0.6680 -0.7319 0.1347
vn -0.6845 -0.3917 0.6148
vn -0.6820 -0.6335 0.3655
vn -0.6953 -0.5213 0.4948
vn -0.7198 0.4755 0.5057
vn -0.7199 -0.4756 0.5056
vn -0.7036 -0.4756 -0.5280
vn -0.7036 0.4755 -0.5281
vn 0.7070 -0.7071 0.0111
vn 0.6680 -0.7319 -0.1347
vn 0.8997 0.3015 0.3157
vn 0.7181 0.0000 -0.6959
vn 0.8997 -0.3015 0.3157
vn 0.9999 -0.0000 0.0157
vn 0.7070 0.7071 0.0111
vn 0.6756 -0.1516 -0.7215
vn 0.6845 -0.3917 -0.6148
vn 0.6820 -0.6335 -0.3655
vn 0.6953 -0.5213 -0.4948
vn 0.9092 0.3015 -0.2872
vn 0.6634 -0.7319 0.1557
vn 0.9092 -0.3015 -0.2872
vn 0.6959 -0.0000 0.7181
vn 0.6526 -0.1516 0.7424
vn 0.6648 -0.3917 0.6361
vn 0.6702 -0.6334 0.3868
vn 0.6794 -0.5213 0.5164
vn -0.3157 0.3015 0.8997
vn -0.2257 -0.2155 0.9501
vn -0.3157 -0.3015 0.8997
vn 0.5682 0.5774 0.5864
vn -0.4944 -0.5935 0.6351
vn 0.5682 -0.5774 0.5864
vn -0.5048 -0.4746 0.7211
vn -0.3026 -0.8703 0.3887
vn 0.0084 -0.7091 -0.7051
vn 0.5864 0.5774 -0.5682
vn 0.5844 -0.5769 -0.5707
vn -0.2872 0.3015 -0.9092
vn -0.2872 -0.3015 -0.9092
vn -0.0159 -0.0000 0.9999
vn -0.8364 0.0000 -0.5481
vn -0.8532 -0.0000 0.5216
vn -0.8364 0.0000 -0.5482
vn -0.8532 0.0000 0.5216
vn -0.8364 -0.0000 -0.5482
vn -0.9999 0.0000 -0.0160
vn -0.9999 -0.0000 -0.0157
vn -0.9999 -0.0000 -0.0160
vn 0.0157 0.0000 -0.9999
vn 0.8997 0.3015 0.3158
vn 0.6757 -0.1515 -0.7215
vn 0.6681 -0.7318 -0.1347
vn 0.6820 -0.6334 -0.3655
vn 0.6635 -0.7319 0.1556
vn 0.6701 -0.6335 0.3868
vn -0.9091 0.3015 0.2873
vn -0.8997 0.3015 -0.3156
vn -0.6526 -0.1515 -0.7424
vn 0.5682 -0.5774 0.5863
vn -0.5864 -0.5774 0.5681
vn -0.6674 0.6804 0.3026
vn 0.6576 0.6804 0.3234
vn 0.6674 0.6804 -0.3026
vn -0.6576 0.6804 -0.3235
vn 0.5863 -0.5773 -0.5683
vn -0.5681 -0.5773 -0.5865
vn -0.6682 -0.6802 -0.3015
vn 0.6773 -0.6802 -0.2803
vn 0.6682 -0.6802 0.3013
vn -0.6774 -0.6802 0.2801
vn -0.6774 -0.6802 0.2802
vn 0.7388 -0.0000 0.6740
vn 0.7402 -0.3311 0.5852
vn -0.5215 -0.6875 0.5053
vn -0.7182 0.0000 0.6959
vn 0.7440 -0.5735 0.3428
vn -0.2118 -0.9555 0.2052
vn 0.7492 -0.6623 0.0118
vn 0.0662 -0.9957 -0.0642
vn 0.7544 -0.5735 -0.3193
vn 0.3384 -0.8820 -0.3279
vn 0.7582 -0.3311 -0.5617
vn 0.5978 -0.5542 -0.5792
vn 0.7596 -0.0000 -0.6504
vn 0.7182 0.0000 -0.6959
vn 0.7582 0.3311 -0.5617
vn 0.5978 0.5542 -0.5792
vn 0.7544 0.5735 -0.3193
vn 0.3384 0.8820 -0.3279
vn 0.7492 0.6623 0.0118
vn 0.0662 0.9957 -0.0642
vn 0.7440 0.5735 0.3428
vn -0.2118 0.9555 0.2052
vn 0.7402 0.3311 0.5852
vn -0.5215 0.6875 0.5053
vn -0.8129 -0.4661 0.3493
vn -0.9378 -0.0000 0.3473
vn -0.4717 -0.8073 0.3547
vn -0.0057 -0.9322 0.3620
vn 0.4603 -0.8073 0.3693
vn 0.8015 -0.4661 0.3747
vn 0.9264 0.0000 0.3766
vn 0.8015 0.4661 0.3747
vn 0.4603 0.8073 0.3693
vn -0.0057 0.9322 0.3620
vn -0.4717 0.8073 0.3547
vn -0.8129 0.4661 0.3493
vn 0.7916 -0.3001 0.5322
vn 0.7904 -0.0000 0.6126
vn 0.7903 -0.0000 0.6127
vn 0.7916 -0.3001 0.5323
vn 0.7951 -0.5197 0.3126
vn 0.7950 -0.5198 0.3126
vn 0.7998 -0.6001 0.0126
vn 0.7998 -0.6002 0.0126
vn 0.8045 -0.5197 -0.2874
vn 0.8045 -0.5198 -0.2875
vn 0.8080 -0.3001 -0.5071
vn 0.8093 0.0000 -0.5875
vn 0.8092 0.0000 -0.5875
vn 0.8080 0.3000 -0.5071
vn 0.8079 0.3001 -0.5071
vn 0.8046 0.5197 -0.2874
vn 0.8045 0.5198 -0.2875
vn 0.7998 0.6001 0.0126
vn 0.7998 0.6002 0.0126
vn 0.7951 0.5197 0.3126
vn 0.7950 0.5198 0.3126
vn 0.7916 0.3001 0.5322
vn 0.7916 0.3001 0.5323
vn 0.2016 -0.4883 0.8491
vn 0.1995 -0.0000 0.9799
vn 0.1995 0.0000 0.9799
vn 0.2072 -0.8458 0.4916
vn 0.2149 -0.9766 0.0034
vn 0.2225 -0.8458 -0.4849
vn 0.2283 -0.4883 -0.8423
vn 0.2281 -0.4883 -0.8423
vn 0.2303 0.0000 -0.9731
vn 0.2282 0.4883 -0.8423
vn 0.2281 0.4883 -0.8423
vn 0.2226 0.8458 -0.4849
vn 0.2225 0.8458 -0.4849
vn 0.2149 0.9766 0.0034
vn 0.2072 0.8458 0.4916
vn 0.2071 0.8458 0.4916
vn 0.2016 0.4883 0.8491
vn 0.9595 -0.1342 0.2475
vn 0.9590 -0.0000 0.2835
vn 0.8043 0.0000 0.5943
vn 0.8055 -0.2908 0.5164
vn 0.9888 -0.0000 0.1493
vn 0.9891 -0.0668 0.1314
vn 0.9611 -0.2325 0.1494
vn 0.8089 -0.5036 0.3035
vn 0.9898 -0.1158 0.0824
vn 0.9632 -0.2684 0.0152
vn 0.8134 -0.5815 0.0128
vn 0.9909 -0.1337 0.0156
vn 0.9653 -0.2324 -0.1190
vn 0.8180 -0.5036 -0.2779
vn 0.9920 -0.1158 -0.0512
vn 0.9668 -0.1342 -0.2173
vn 0.8214 -0.2907 -0.4907
vn 0.9927 -0.0668 -0.1002
vn 0.9674 0.0000 -0.2532
vn 0.8226 0.0000 -0.5687
vn 0.9930 0.0000 -0.1181
vn 0.9668 0.1342 -0.2173
vn 0.8214 0.2907 -0.4907
vn 0.9927 0.0669 -0.1002
vn 0.9653 0.2324 -0.1190
vn 0.8180 0.5036 -0.2780
vn 0.9920 0.1158 -0.0512
vn 0.9632 0.2684 0.0152
vn 0.8134 0.5816 0.0128
vn 0.9909 0.1337 0.0156
vn 0.9611 0.2325 0.1493
vn 0.8089 0.5036 0.3035
vn 0.9898 0.1158 0.0824
vn 0.9595 0.1342 0.2475
vn 0.8055 0.2908 0.5164
vn 0.9891 0.0668 0.1314
vn -0.3903 -0.2172 0.8947
vn -0.4485 -0.0000 0.8938
vn -0.2313 -0.3762 0.8972
vn -0.0142 -0.4343 0.9006
vn 0.2030 -0.3762 0.9041
vn 0.3619 -0.2172 0.9066
vn 0.4202 -0.0000 0.9074
vn 0.3619 0.2172 0.9066
vn 0.2030 0.3761 0.9041
vn -0.0142 0.4344 0.9006
vn -0.2313 0.3761 0.8972
vn -0.3903 0.2172 0.8947
vn 0.9791 -0.0948 0.1797
vn 0.9787 -0.0000 0.2051
vn 0.9788 -0.0000 0.2049
vn 0.9792 -0.0947 0.1795
vn 0.9788 -0.0000 0.2051
vn 0.9792 -0.0948 0.1797
vn 0.9791 -0.0950 0.1799
vn 0.9787 -0.0000 0.2053
vn 0.9802 -0.1642 0.1103
vn 0.9803 -0.1641 0.1102
vn 0.9802 -0.1645 0.1104
vn 0.9817 -0.1897 0.0155
vn 0.9818 -0.1894 0.0155
vn 0.9817 -0.1896 0.0155
vn 0.9817 -0.1899 0.0154
vn 0.9832 -0.1642 -0.0794
vn 0.9833 -0.1641 -0.0793
vn 0.9832 -0.1642 -0.0793
vn 0.9832 -0.1645 -0.0795
vn 0.9843 -0.0948 -0.1488
vn 0.9844 -0.0947 -0.1486
vn 0.9843 -0.0950 -0.1490
vn 0.9847 0.0000 -0.1742
vn 0.9847 0.0000 -0.1740
vn 0.9847 -0.0000 -0.1742
vn 0.9847 0.0000 -0.1744
vn 0.9843 0.0948 -0.1488
vn 0.9844 0.0947 -0.1486
vn 0.9843 0.0950 -0.1490
vn 0.9832 0.1642 -0.0794
vn 0.9833 0.1640 -0.0792
vn 0.9832 0.1645 -0.0795
vn 0.9817 0.1897 0.0155
vn 0.9818 0.1895 0.0155
vn 0.9817 0.1896 0.0155
vn 0.9817 0.1899 0.0154
vn 0.9802 0.1642 0.1103
vn 0.9803 0.1640 0.1102
vn 0.9802 0.1645 0.1104
vn 0.9791 0.0948 0.1797
vn 0.9792 0.0947 0.1795
vn 0.9792 0.0948 0.1797
vn 0.9791 0.0950 0.1799
vn 0.9219 -0.0000 0.3873
vn 0.9227 -0.1864 0.3374
vn 0.8941 -0.2178 0.3914
vn 0.8932 -0.0000 0.4497
vn 0.9249 -0.3229 0.2010
vn 0.8966 -0.3772 0.2319
vn 0.9278 -0.3728 0.0146
vn 0.9000 -0.4356 0.0142
vn 0.9307 -0.3229 -0.1718
vn 0.9035 -0.3772 -0.2036
vn 0.9329 -0.1864 -0.3082
vn 0.9060 -0.2178 -0.3631
vn 0.9337 0.0000 -0.3581
vn 0.9069 0.0000 -0.4214
vn 0.9329 0.1864 -0.3082
vn 0.9060 0.2178 -0.3630
vn 0.9307 0.3229 -0.1718
vn 0.9035 0.3772 -0.2036
vn 0.9278 0.3728 0.0146
vn 0.9000 0.4356 0.0142
vn 0.9249 0.3229 0.2010
vn 0.8966 0.3772 0.2319
vn 0.9227 0.1864 0.3374
vn 0.8941 0.2178 0.3914
vn 0.4246 0.0000 0.9054
vn 0.4265 -0.4493 0.7850
vn 0.4318 -0.7782 0.4561
vn 0.4388 -0.8986 0.0069
vn 0.4458 -0.7782 -0.4423
vn 0.4512 -0.4492 -0.7711
vn 0.4530 0.0000 -0.8915
vn 0.4511 0.4493 -0.7711
vn 0.4459 0.7782 -0.4423
vn 0.4388 0.8986 0.0069
vn 0.4318 0.7781 0.4561
vn 0.4266 0.4493 0.7850
vn 0.2150 -0.9766 0.0034
vn 0.2226 -0.8458 -0.4849
vn 0.2280 0.4883 -0.8423
vn 0.2150 0.9766 0.0034
vn 0.2071 0.8458 0.4917
vn -0.6674 0.6804 0.3025
vn -0.6576 0.6804 -0.3234
vn 0.6674 0.6804 -0.3027
vn -0.6575 0.6804 -0.3236
vn -0.6575 0.6804 -0.3235
vn -0.6681 -0.6802 -0.3015
vn 0.6682 -0.6802 0.3014
vn -0.6773 -0.6802 0.2802
vn 0.6683 -0.6802 0.3012
vn -0.6774 -0.6802 0.2800
vn -0.6682 -0.6802 -0.3014
vn 0.7699 0.6380 0.0121
vn -0.7699 0.6380 -0.0122
vn 0.7700 0.6379 0.0120
vn -0.7700 0.6379 -0.0122
vn -0.7700 0.6379 -0.0123
vn -0.7701 0.6378 -0.0123
vn 0.7701 0.6378 0.0119
vn 0.7310 -0.6823 0.0116
vn -0.7310 -0.6823 -0.0114
vn -0.7310 -0.6823 -0.0115
vn 0.7309 -0.6824 0.0115
vn -0.7309 -0.6824 -0.0115
vn -0.7308 -0.6825 -0.0116
vn 0.7308 -0.6825 0.0114
# 358 vertex normals

vt 0.0800 0.5000 0.0000
vt 0.0000 0.5000 0.0000
vt 0.0000 0.4150 0.0000
vt 0.0800 0.4150 0.0000
vt 0.0800 0.7500 0.0000
vt 0.0000 0.7500 0.0000
vt 0.0800 1.0000 0.0000
vt 0.0000 1.0000 0.0000
vt 0.5000 1.0000 0.0000
vt 0.5000 0.7500 0.0000
vt 0.5000 0.4150 0.0000
vt 0.5000 0.5000 0.0000
vt 0.0000 0.0000 0.0000
vt 0.0800 0.0000 0.0000
vt 0.9200 0.4150 0.0000
vt 0.5000 0.0000 0.0000
vt 1.0000 1.0000 0.0000
vt 0.9200 1.0000 0.0000
vt 0.8464 1.0000 0.0000
vt 1.0000 0.9532 0.0000
vt 0.0000 0.4218 0.0000
vt 0.1472 0.3486 0.0000
vt 0.9328 0.8400 0.0000
vt 0.9872 0.6600 0.0000
vt 1.0000 0.5000 0.0000
vt 1.0000 0.7500 0.0000
vt 1.0000 0.0000 0.0000
vt 1.0000 0.7075 0.0000
vt 0.0000 0.4575 0.0000
vt 0.9200 0.0000 0.0000
vt 0.1472 0.4200 0.0000
vt 0.0000 0.4932 0.0000
vt 0.0000 -0.0000 0.0000
vt 0.5000 -0.0000 0.0000
vt 0.1895 -0.0000 0.0000
vt 0.1895 1.0000 0.0000
vt 0.2480 1.0000 0.0000
vt 0.2480 -0.0000 0.0000
vt 0.6895 -0.0000 0.0000
vt 0.6895 1.0000 0.0000
vt 0.7480 1.0000 0.0000
vt 0.7480 -0.0000 0.0000
vt 0.4395 -0.0000 0.0000
vt 0.4395 1.0000 0.0000
vt 0.4980 1.0000 0.0000
vt 0.4980 -0.0000 0.0000
vt 0.3770 -0.0000 0.0000
vt 0.3770 1.0000 0.0000
vt 0.4355 1.0000 0.0000
vt 0.4355 -0.0000 0.0000
vt 0.3145 -0.0000 0.0000
vt 0.3145 1.0000 0.0000
vt 0.3730 1.0000 0.0000
vt 0.3730 -0.0000 0.0000
vt 0.2520 -0.0000 0.0000
vt 0.2520 1.0000 0.0000
vt 0.3105 1.0000 0.0000
vt 0.3105 -0.0000 0.0000
vt 0.0605 1.0000 0.0000
vt 0.0605 -0.0000 0.0000
vt 0.1230 1.0000 0.0000
vt 0.1230 -0.0000 0.0000
vt 0.0645 -0.0000 0.0000
vt 0.0645 1.0000 0.0000
vt 0.1855 1.0000 0.0000
vt 0.1855 -0.0000 0.0000
vt 0.1270 -0.0000 0.0000
vt 0.1270 1.0000 0.0000
vt 0.9395 -0.0000 0.0000
vt 0.9395 1.0000 0.0000
vt 1.0000 -0.0000 0.0000
vt 0.8770 -0.0000 0.0000
vt 0.8770 1.0000 0.0000
vt 0.9355 1.0000 0.0000
vt 0.9355 -0.0000 0.0000
vt 0.8145 -0.0000 0.0000
vt 0.8145 1.0000 0.0000
vt 0.8730 1.0000 0.0000
vt 0.8730 -0.0000 0.0000
vt 0.7520 -0.0000 0.0000
vt 0.7520 1.0000 0.0000
vt 0.8105 1.0000 0.0000
vt 0.8105 -0.0000 0.0000
vt 0.5605 1.0000 0.0000
vt 0.5605 -0.0000 0.0000
vt 0.5020 -0.0000 0.0000
vt 0.5020 1.0000 0.0000
vt 0.6230 1.0000 0.0000
vt 0.6230 -0.0000 0.0000
vt 0.5645 -0.0000 0.0000
vt 0.5645 1.0000 0.0000
vt 0.6855 1.0000 0.0000
vt 0.6855 -0.0000 0.0000
vt 0.6270 -0.0000 0.0000
vt 0.6270 1.0000 0.0000
vt 0.4375 1.0000 0.0000
vt 0.4375 -0.0000 0.0000
vt 0.3750 1.0000 0.0000
vt 0.3750 -0.0000 0.0000
vt 0.3125 1.0000 0.0000
vt 0.3125 -0.0000 0.0000
vt 0.2500 1.0000 0.0000
vt 0.2500 -0.0000 0.0000
vt 0.0625 -0.0000 0.0000
vt 0.0625 1.0000 0.0000
vt 0.1250 -0.0000 0.0000
vt 0.1250 1.0000 0.0000
vt 0.1875 -0.0000 0.0000
vt 0.1875 1.0000 0.0000
vt 0.9375 1.0000 0.0000
vt 0.9375 -0.0000 0.0000
vt 0.8750 1.0000 0.0000
vt 0.8750 -0.0000 0.0000
vt 0.8125 1.0000 0.0000
vt 0.8125 -0.0000 0.0000
vt 0.7500 1.0000 0.0000
vt 0.7500 -0.0000 0.0000
vt 0.5625 -0.0000 0.0000
vt 0.5625 1.0000 0.0000
vt 0.6250 -0.0000 0.0000
vt 0.6250 1.0000 0.0000
vt 0.6875 -0.0000 0.0000
vt 0.6875 1.0000 0.0000
vt 0.1293 1.0000 0.0000
vt 0.1293 0.8729 0.0000
vt 0.5000 0.8729 0.0000
vt 0.0000 0.4465 0.0000
vt 0.1293 0.4085 0.0000
vt 0.1293 0.4465 0.0000
vt 0.0000 0.8729 0.0000
vt 0.5000 0.4085 0.0000
vt 0.5000 0.4465 0.0000
vt 0.1293 0.0402 0.0000
vt 0.1293 0.0000 0.0000
vt 0.5000 0.0401 0.0000
vt 0.0000 0.0425 0.0000
vt 0.0411 0.0000 0.0000
vt 0.0060 0.0279 0.0000
vt 0.0270 0.0062 0.0000
vt 0.0158 0.0157 0.0000
vt 0.8707 1.0000 0.0000
vt 0.8707 0.8729 0.0000
vt 1.0000 0.4465 0.0000
vt 0.8707 0.4465 0.0000
vt 0.8707 0.4085 0.0000
vt 1.0000 0.8729 0.0000
vt 0.8707 0.0402 0.0000
vt 0.8707 0.0000 0.0000
vt 1.0000 0.0425 0.0000
vt 0.9589 0.0000 0.0000
vt 0.9940 0.0279 0.0000
vt 0.9730 0.0062 0.0000
vt 0.9842 0.0157 0.0000
vt 0.1316 0.0438 0.0000
vt 0.1316 0.4048 0.0000
vt 0.5000 0.4048 0.0000
vt 0.5000 0.0437 0.0000
vt 0.8684 0.4048 0.0000
vt 0.8684 0.0438 0.0000
vt 0.0000 0.9200 0.0000
vt 0.0000 0.9746 0.0000
vt 0.5000 0.9200 0.0000
vt 0.7500 0.9200 0.0000
vt 1.0000 0.9200 0.0000
vt 0.7500 0.5000 0.0000
vt 0.0476 1.0000 0.0000
vt 0.0357 0.9936 0.0000
vt 0.0119 0.9809 0.0000
vt 0.0238 0.9873 0.0000
vt 1.0000 0.0003 0.0000
vt 0.0000 0.0003 0.0000
vt 0.8297 1.0000 0.0000
vt 0.8297 0.0002 0.0000
vt 0.7536 0.0001 0.0000
vt 0.7536 1.0000 0.0000
vt 0.3297 1.0000 0.0000
vt 0.3297 0.0001 0.0000
vt 0.2536 0.0001 0.0000
vt 0.2536 1.0000 0.0000
vt 0.5797 1.0000 0.0000
vt 0.5797 0.0000 0.0000
vt 0.5036 0.0000 0.0000
vt 0.5036 1.0000 0.0000
vt 0.6630 1.0000 0.0000
vt 0.6630 0.0001 0.0000
vt 0.5870 0.0000 0.0000
vt 0.5870 1.0000 0.0000
vt 0.7464 1.0000 0.0000
vt 0.7464 0.0001 0.0000
vt 0.6703 0.0001 0.0000
vt 0.6703 1.0000 0.0000
vt 0.9203 0.0002 0.0000
vt 0.9203 1.0000 0.0000
vt 0.8370 0.0002 0.0000
vt 0.8370 1.0000 0.0000
vt 0.9130 1.0000 0.0000
vt 0.9130 0.0002 0.0000
vt 0.0797 1.0000 0.0000
vt 0.0797 0.0002 0.0000
vt 0.1630 1.0000 0.0000
vt 0.1630 0.0002 0.0000
vt 0.0870 0.0002 0.0000
vt 0.0870 1.0000 0.0000
vt 0.2464 1.0000 0.0000
vt 0.2464 0.0001 0.0000
vt 0.1703 0.0002 0.0000
vt 0.1703 1.0000 0.0000
vt 0.4203 0.0000 0.0000
vt 0.4203 1.0000 0.0000
vt 0.4964 1.0000 0.0000
vt 0.4964 0.0000 0.0000
vt 0.3370 0.0001 0.0000
vt 0.3370 1.0000 0.0000
vt 0.4130 1.0000 0.0000
vt 0.4130 0.0000 0.0000
vt 0.5833 0.0000 0.0000
vt 0.5833 1.0000 0.0000
vt 0.6667 0.0001 0.0000
vt 0.6667 1.0000 0.0000
vt 0.7500 0.0001 0.0000
vt 0.9167 1.0000 0.0000
vt 0.9167 0.0002 0.0000
vt 0.8333 1.0000 0.0000
vt 0.8333 0.0002 0.0000
vt 0.0833 0.0002 0.0000
vt 0.0833 1.0000 0.0000
vt 0.1667 0.0002 0.0000
vt 0.1667 1.0000 0.0000
vt 0.2500 0.0001 0.0000
vt 0.4167 1.0000 0.0000
vt 0.4167 0.0000 0.0000
vt 0.3333 1.0000 0.0000
vt 0.3333 0.0001 0.0000
vt 0.1293 -0.0000 0.0000
vt 0.0411 -0.0000 0.0000
vt 0.8707 -0.0000 0.0000
vt 0.9589 -0.0000 0.0000
vt 0.9664 0.0061 0.0000
vt 0.5000 0.0045 0.0000
vt 0.5000 0.2942 0.0000
vt 0.5000 0.4284 0.0000
vt 0.5000 0.8608 0.0000
vt 0.5024 0.0000 0.0000
vt 0.6594 0.0021 0.0000
vt 0.7321 0.0030 0.0000
vt 0.8095 0.0040 0.0000
vt 0.7368 0.0031 0.0000
vt 3.8555 14.7120 0.0000
vt 3.8555 14.8547 0.5325
vt 8.1364 14.8547 0.5325
vt 7.9937 14.7120 0.0000
vt 3.8555 15.2445 0.9223
vt 8.5262 15.2445 0.9223
vt 3.8555 15.7770 1.0650
vt 9.0587 15.7770 1.0650
vt 3.8555 16.3095 0.9223
vt 9.5912 16.3095 0.9223
vt 3.8555 16.6993 0.5325
vt 9.9810 16.6993 0.5325
vt 3.8555 16.8420 0.0000
vt 10.1237 16.8420 -0.0000
vt 3.8555 16.6993 -0.5325
vt 9.9810 16.6993 -0.5325
vt 3.8555 16.3095 -0.9223
vt 9.5912 16.3095 -0.9223
vt 3.8555 15.7770 -1.0650
vt 9.0587 15.7770 -1.0650
vt 3.8555 15.2445 -0.9223
vt 8.5262 15.2445 -0.9223
vt 3.8555 14.8547 -0.5325
vt 8.1364 14.8547 -0.5325
vt 8.1364 0.6737 0.5325
vt 7.9937 0.6737 -0.0000
vt 8.5262 0.6737 0.9223
vt 9.0587 0.6737 1.0650
vt 9.5912 0.6737 0.9223
vt 9.9810 0.6737 0.5325
vt 10.1237 0.6737 -0.0000
vt 9.9810 0.6737 -0.5325
vt 9.5912 0.6737 -0.9223
vt 9.0587 0.6737 -1.0650
vt 8.5262 0.6737 -0.9223
vt 8.1364 0.6737 -0.5325
vt 3.7798 14.3292 0.8359
vt 3.7798 14.1053 0.0000
vt 3.7042 14.0044 0.0000
vt 3.7042 14.2419 0.8863
vt 3.7798 14.9411 1.4478
vt 3.7042 14.8907 1.5351
vt 3.7798 15.7770 1.6717
vt 3.7042 15.7770 1.7726
vt 3.7798 16.6129 1.4478
vt 3.7042 16.6633 1.5351
vt 3.7798 17.2248 0.8359
vt 3.7042 17.3121 0.8863
vt 3.7798 17.4487 0.0000
vt 3.7042 17.5495 0.0000
vt 3.7798 17.2248 -0.8359
vt 3.7042 17.3121 -0.8863
vt 3.7798 16.6129 -1.4478
vt 3.7042 16.6633 -1.5351
vt 3.7798 15.7770 -1.6717
vt 3.7042 15.7770 -1.7725
vt 3.7798 14.9411 -1.4478
vt 3.7042 14.8907 -1.5351
vt 3.7798 14.3292 -0.8359
vt 3.7042 14.2419 -0.8863
vt 3.4195 13.7082 1.1944
vt 3.4195 13.3882 0.0000
vt 3.0241 13.3012 0.0000
vt 3.0241 13.6329 1.2379
vt 3.4195 14.5826 2.0688
vt 3.0241 14.5391 2.1441
vt 3.4195 15.7770 2.3888
vt 3.0241 15.7770 2.4758
vt 3.4195 16.9714 2.0688
vt 3.0241 17.0149 2.1441
vt 3.4195 17.8458 1.1944
vt 3.0241 17.9211 1.2379
vt 3.4195 18.1658 0.0000
vt 3.0241 18.2528 0.0000
vt 3.4195 17.8458 -1.1944
vt 3.0241 17.9211 -1.2379
vt 3.4195 16.9714 -2.0688
vt 3.0241 17.0149 -2.1441
vt 3.4195 15.7770 -2.3888
vt 3.0241 15.7770 -2.4758
vt 3.4195 14.5826 -2.0688
vt 3.0241 14.5391 -2.1441
vt 3.4195 13.7082 -1.1944
vt 3.0241 13.6329 -1.2379
vt 3.6513 14.0783 0.9808
vt 3.6513 13.8155 0.0000
vt 3.5310 13.4652 0.0000
vt 3.5310 13.7749 1.1559
vt 3.8327 14.2942 0.0000
vt 3.8327 14.4929 0.7414
vt 3.6513 14.7962 1.6987
vt 3.5310 14.6211 2.0021
vt 3.8327 15.0356 1.2841
vt 3.6513 15.7770 1.9615
vt 3.5310 15.7770 2.3118
vt 3.8327 15.7770 1.4828
vt 3.6513 16.7578 1.6987
vt 3.5310 16.9329 2.0021
vt 3.8328 16.5184 1.2841
vt 3.6513 17.4757 0.9808
vt 3.5310 17.7791 1.1559
vt 3.8327 17.0611 0.7414
vt 3.6513 17.7385 0.0000
vt 3.5310 18.0888 0.0000
vt 3.8327 17.2597 0.0000
vt 3.6513 17.4757 -0.9808
vt 3.5310 17.7791 -1.1559
vt 3.8327 17.0611 -0.7414
vt 3.6513 16.7578 -1.6987
vt 3.5310 16.9329 -2.0021
vt 3.8328 16.5184 -1.2841
vt 3.6513 15.7770 -1.9615
vt 3.5310 15.7770 -2.3118
vt 3.8327 15.7770 -1.4828
vt 3.6513 14.7962 -1.6987
vt 3.5310 14.6211 -2.0021
vt 3.8327 15.0356 -1.2841
vt 3.6513 14.0783 -0.9808
vt 3.5310 13.7749 -1.1559
vt 3.8327 14.4929 -0.7414
vt 8.2057 0.5937 0.4925
vt 9.0587 0.5937 -0.0000
vt 8.0737 0.5937 -0.0000
vt 8.5662 0.5937 0.8530
vt 9.0587 0.5937 0.9850
vt 9.5512 0.5937 0.8530
vt 9.9117 0.5937 0.4925
vt 10.0437 0.5937 -0.0000
vt 9.9117 0.5937 -0.4925
vt 9.5512 0.5937 -0.8530
vt 9.0587 0.5937 -0.9850
vt 8.5662 0.5937 -0.8530
vt 8.2056 0.5937 -0.4925
vt 3.6777 14.1962 0.9126
vt 3.6777 13.9517 0.0000
vt 3.6558 13.8388 0.0000
vt 3.6558 14.0985 0.9691
vt 3.8076 14.1640 0.0000
vt 3.8076 14.3801 0.8065
vt 3.8271 14.4674 0.7561
vt 3.8271 14.2648 0.0000
vt 3.6777 14.8643 1.5808
vt 3.6558 14.8079 1.6785
vt 3.8076 14.9705 1.3969
vt 3.8271 15.0209 1.3096
vt 3.6777 15.7770 1.8253
vt 3.6558 15.7770 1.9382
vt 3.8076 15.7770 1.6130
vt 3.8271 15.7770 1.5121
vt 3.6777 16.6896 1.5808
vt 3.6558 16.7461 1.6785
vt 3.8076 16.5835 1.3969
vt 3.8271 16.5331 1.3096
vt 3.6777 17.3577 0.9126
vt 3.6558 17.4555 0.9691
vt 3.8076 17.1739 0.8065
vt 3.8271 17.0866 0.7561
vt 3.6777 17.6023 0.0000
vt 3.6558 17.7152 0.0000
vt 3.8076 17.3899 0.0000
vt 3.8271 17.2891 0.0000
vt 3.6777 17.3577 -0.9126
vt 3.6558 17.4555 -0.9691
vt 3.8076 17.1739 -0.8065
vt 3.8271 17.0865 -0.7561
vt 3.6777 16.6896 -1.5807
vt 3.6558 16.7461 -1.6785
vt 3.8076 16.5835 -1.3969
vt 3.8271 16.5331 -1.3096
vt 3.6777 15.7770 -1.8253
vt 3.6558 15.7770 -1.9382
vt 3.8076 15.7770 -1.6130
vt 3.8271 15.7770 -1.5121
vt 3.6777 14.8643 -1.5807
vt 3.6558 14.8079 -1.6785
vt 3.8076 14.9705 -1.3969
vt 3.8271 15.0209 -1.3096
vt 3.6777 14.1962 -0.9126
vt 3.6558 14.0985 -0.9691
vt 3.8076 14.3801 -0.8065
vt 3.8271 14.4674 -0.7561
vt 3.6822 13.9751 0.0000
vt 3.6822 14.2165 0.9010
vt 3.8019 14.3547 0.8212
vt 3.8019 14.1346 0.0000
vt 3.6822 14.8760 1.5605
vt 3.8019 14.9558 1.4223
vt 3.6822 15.7770 1.8019
vt 3.8019 15.7770 1.6424
vt 3.6822 16.6780 1.5605
vt 3.8019 16.5982 1.4223
vt 3.6822 17.3375 0.9010
vt 3.8019 17.1993 0.8212
vt 3.6822 17.5789 0.0000
vt 3.8019 17.4193 0.0000
vt 3.6822 17.3375 -0.9010
vt 3.8019 17.1993 -0.8212
vt 3.6822 16.6780 -1.5605
vt 3.8019 16.5982 -1.4223
vt 3.6822 15.7770 -1.8019
vt 3.8019 15.7770 -1.6423
vt 3.6822 14.8760 -1.5605
vt 3.8019 14.9558 -1.4223
vt 3.6822 14.2165 -0.9010
vt 3.8019 14.3547 -0.8212
vt 3.4529 13.3955 0.0000
vt 3.4529 13.7146 1.1907
vt 3.4529 14.5863 2.0624
vt 3.4529 15.7770 2.3815
vt 3.4529 16.9677 2.0624
vt 3.4529 17.8394 1.1907
vt 3.4529 18.1585 0.0000
vt 3.4529 17.8394 -1.1907
vt 3.4529 16.9677 -2.0624
vt 3.4529 15.7770 -2.3815
vt 3.4529 14.5863 -2.0624
vt 3.4529 13.7146 -1.1907
vt 2.9907 13.2938 0.0000
vt 2.9907 13.6265 1.2416
vt 2.9907 14.5354 2.1505
vt 2.9907 15.7770 2.4832
vt 2.9907 17.0186 2.1505
vt 2.9907 17.9275 1.2416
vt 2.9907 18.2602 0.0000
vt 2.9907 17.9275 -1.2416
vt 2.9907 17.0186 -2.1505
vt 2.9907 15.7770 -2.4832
vt 2.9907 14.5354 -2.1505
vt 2.9907 13.6265 -1.2416
vt 0.5000 0.7223 0.0000
vt 0.5000 0.5796 0.0000
vt 0.5000 0.7138 0.0000
vt 0.5000 0.4369 0.0000
vt 0.5000 0.5711 0.0000
vt 0.5000 0.1429 0.0000
vt 0.5000 0.2856 0.0000
vt 0.5000 0.1515 0.0000
vt 0.8914 0.0051 0.0000
vt 0.8141 0.0041 0.0000
vt 0.8868 0.0050 0.0000
vt 0.5775 0.0010 0.0000
vt 0.6548 0.0020 0.0000
vt 0.5821 0.0011 0.0000
vt 0.5000 0.7180 0.0000
vt 0.5000 0.5753 0.0000
vt 0.5000 0.4326 0.0000
vt 0.5000 0.1472 0.0000
vt 0.5000 0.2899 0.0000
vt 0.8891 0.0051 0.0000
vt 0.8118 0.0041 0.0000
vt 0.7344 0.0031 0.0000
vt 0.5798 0.0010 0.0000
vt 0.6571 0.0021 0.0000
# 500 texture coords

o Obj3d66_12417040_23_700
g Obj3d66_12417040_23_700
usemtl Mat3d66_12417040_19_15943
f -694/-500/-358 -693/-499/-357 -692/-498/-357 -691/-497/-356 
f -690/-496/-355 -689/-495/-357 -693/-499/-357 -694/-500/-358 
f -688/-494/-354 -687/-493/-353 -689/-495/-357 -690/-496/-355 
f -686/-492/-354 -688/-494/-354 -690/-496/-355 -685/-491/-352 
f -684/-490/-351 -683/-489/-354 -694/-500/-358 -691/-497/-356 
f -692/-498/-357 -682/-488/-350 -681/-487/-349 -691/-497/-356 
f -684/-497/-351 -691/-486/-356 -680/-497/-348 -679/-490/-351 
f -691/-486/-356 -681/-487/-349 -678/-487/-347 -680/-497/-348 
f -677/-485/-352 -678/-487/-347 -676/-487/-346 -675/-485/-345 
f -689/-495/-357 -687/-493/-353 -674/-493/-344 -673/-495/-343 
f -692/-498/-357 -693/-499/-357 -672/-499/-343 -671/-498/-343 
f -693/-499/-357 -689/-495/-357 -673/-495/-343 -672/-499/-343 
f -687/-493/-353 -688/-494/-354 -670/-494/-342 -674/-493/-344 
f -688/-494/-354 -686/-492/-354 -669/-492/-342 -670/-494/-342 
f -682/-488/-350 -692/-498/-357 -671/-498/-343 -668/-488/-341 
f -682/-488/-350 -668/-488/-341 -678/-487/-347 -681/-487/-349 
f -676/-487/-346 -678/-487/-347 -668/-487/-341 
f -672/-484/-343 -673/-483/-343 -667/-482/-340 -666/-481/-339 
f -665/-480/-338 -671/-498/-343 -672/-484/-343 -666/-481/-339 
f -671/-498/-343 -665/-479/-338 -676/-494/-346 -668/-487/-341 
f -667/-478/-340 -673/-483/-343 -674/-477/-344 -670/-476/-342 
f -670/-476/-342 -669/-475/-342 -664/-474/-337 -667/-478/-340 
f -666/-481/-339 -663/-473/-342 -662/-472/-338 -665/-480/-338 
f -665/-479/-338 -662/-471/-338 -675/-492/-345 -676/-494/-346 
f -663/-471/-342 -666/-470/-339 -694/-500/-358 -683/-489/-354 
f -667/-469/-340 -664/-474/-337 -685/-491/-352 -690/-496/-355 
f -666/-470/-339 -667/-469/-340 -690/-496/-355 -694/-500/-358 
f -678/-468/-347 -677/-467/-352 -679/-492/-351 -680/-493/-348 
f -661/-466/-336 -660/-465/-336 -659/-464/-335 -658/-463/-334 
f -657/-462/-336 -656/-461/-336 -655/-460/-335 -654/-459/-333 
f -653/-458/-336 -652/-457/-332 -651/-456/-335 -650/-455/-333 
f -649/-454/-331 -648/-453/-336 -647/-452/-335 -646/-451/-335 
f -645/-450/-336 -644/-449/-336 -643/-448/-330 -642/-447/-333 
f -641/-446/-331 -640/-445/-336 -639/-444/-330 -638/-443/-335 
f -637/-442/-330 -636/-441/-335 -635/-468/-329 -634/-493/-329 
f -633/-440/-334 -632/-439/-333 -631/-438/-336 -630/-437/-336 
f -629/-436/-330 -628/-435/-335 -627/-434/-331 -626/-433/-336 
f -625/-432/-336 -624/-431/-332 -623/-484/-329 -622/-430/-329 
f -621/-429/-328 -620/-428/-331 -619/-427/-335 -618/-426/-330 
f -617/-425/-336 -616/-424/-332 -615/-423/-335 -614/-422/-333 
f -613/-421/-328 -612/-420/-336 -611/-419/-335 -610/-418/-335 
f -609/-417/-335 -608/-416/-335 -607/-415/-331 -606/-414/-336 
f -605/-413/-330 -604/-412/-334 -603/-411/-336 -602/-410/-336 
f -601/-409/-335 -600/-408/-335 -599/-407/-331 -598/-406/-336 
f -650/-455/-333 -651/-456/-335 -597/-492/-329 -596/-467/-329 
f -646/-451/-335 -647/-452/-335 -595/-405/-329 -594/-404/-329 
f -642/-447/-333 -643/-448/-330 -593/-403/-329 -592/-402/-329 
f -638/-443/-335 -639/-444/-330 -591/-401/-329 -590/-400/-329 
f -658/-463/-334 -659/-464/-335 -589/-399/-329 -588/-398/-327 
f -630/-437/-336 -631/-438/-336 -587/-397/-327 -586/-396/-327 
f -626/-433/-336 -627/-434/-331 -585/-395/-329 -584/-394/-329 
f -660/-465/-336 -661/-466/-336 -583/-393/-329 -582/-392/-327 
f -618/-426/-330 -619/-427/-335 -581/-391/-327 -580/-390/-327 
f -614/-422/-333 -615/-423/-335 -579/-389/-326 -578/-388/-329 
f -610/-418/-335 -611/-419/-335 -577/-387/-329 -576/-386/-329 
f -654/-459/-333 -655/-460/-335 -575/-385/-329 -574/-384/-329 
f -602/-410/-336 -603/-411/-336 -573/-383/-329 -572/-382/-329 
f -598/-406/-336 -599/-407/-331 -571/-381/-329 -570/-380/-327 
f -656/-461/-336 -657/-462/-336 -569/-379/-329 -568/-378/-329 
f -596/-467/-329 -597/-492/-329 -606/-414/-336 -607/-415/-331 
f -594/-404/-329 -595/-405/-329 -652/-457/-332 -653/-458/-336 
f -592/-402/-329 -593/-403/-329 -648/-453/-336 -649/-454/-331 
f -590/-400/-329 -591/-401/-329 -644/-449/-336 -645/-450/-336 
f -588/-398/-327 -589/-399/-329 -640/-445/-336 -641/-446/-331 
f -586/-396/-327 -587/-397/-327 -636/-441/-335 -637/-442/-330 
f -584/-394/-329 -585/-395/-329 -632/-439/-333 -633/-440/-334 
f -582/-392/-327 -583/-393/-329 -628/-435/-335 -629/-436/-330 
f -580/-390/-327 -581/-391/-327 -624/-431/-332 -625/-432/-336 
f -578/-388/-329 -579/-389/-326 -620/-428/-331 -621/-429/-328 
f -576/-386/-329 -577/-387/-329 -616/-424/-332 -617/-425/-336 
f -574/-384/-329 -575/-385/-329 -612/-420/-336 -613/-421/-328 
f -572/-382/-329 -573/-383/-329 -608/-416/-335 -609/-417/-335 
f -570/-380/-327 -571/-381/-329 -604/-412/-334 -605/-413/-330 
f -568/-378/-329 -569/-379/-329 -600/-408/-335 -601/-409/-335 
f -567/-377/-325 -566/-376/-324 -565/-375/-323 -564/-492/-325 
f -563/-374/-343 -562/-373/-322 -561/-372/-321 
f -560/-371/-343 -563/-374/-343 -561/-372/-321 -566/-376/-324 
f -559/-493/-343 -560/-371/-343 -566/-376/-324 -567/-377/-325 
f -558/-370/-320 -557/-369/-319 -561/-372/-321 -562/-373/-322 
f -556/-368/-318 -555/-367/-323 -554/-485/-323 -553/-366/-317 
f -563/-374/-343 -552/-365/-316 -556/-368/-318 -562/-373/-322 
f -551/-364/-315 -555/-367/-323 -556/-368/-318 
f -552/-365/-316 -550/-363/-314 -556/-368/-318 
f -549/-362/-313 -551/-364/-315 -556/-368/-318 
f -550/-363/-314 -548/-361/-312 -556/-368/-318 
f -548/-361/-312 -549/-362/-313 -556/-368/-318 
f -547/-360/-325 -564/-492/-325 -565/-375/-323 -546/-359/-311 
f -545/-358/-310 -544/-357/-309 -543/-356/-308 
f -542/-355/-357 -546/-359/-311 -544/-357/-309 -545/-358/-310 
f -541/-484/-357 -547/-360/-325 -546/-359/-311 -542/-355/-357 
f -558/-370/-320 -543/-356/-308 -544/-357/-309 -557/-369/-319 
f -540/-354/-307 -553/-366/-317 -554/-485/-323 -539/-353/-323 
f -545/-358/-310 -543/-356/-308 -540/-354/-307 -538/-352/-306 
f -537/-351/-305 -540/-354/-307 -539/-353/-323 
f -538/-352/-306 -540/-354/-307 -536/-350/-304 
f -535/-349/-303 -540/-354/-307 -537/-351/-305 
f -536/-350/-304 -540/-354/-307 -534/-348/-302 
f -534/-348/-302 -540/-354/-307 -535/-349/-303 
f -562/-373/-322 -556/-368/-318 -533/-347/-301 -532/-346/-300 
f -558/-370/-320 -562/-373/-322 -532/-346/-300 -531/-345/-320 
f -556/-368/-318 -553/-366/-317 -530/-344/-317 -533/-347/-301 
f -540/-354/-307 -543/-356/-308 -529/-343/-299 -528/-342/-298 
f -543/-356/-308 -558/-370/-320 -531/-345/-320 -529/-343/-299 
f -553/-366/-317 -540/-354/-307 -528/-342/-298 -530/-344/-317 
f -527/-341/-297 -526/-340/-296 -525/-339/-295 
f -525/-339/-295 -524/-492/-294 -523/-385/-294 -522/-338/-293 
f -522/-338/-293 -523/-385/-294 -521/-484/-294 -520/-337/-292 
f -519/-499/-297 -527/-341/-297 -525/-339/-295 -518/-489/-291 
f -517/-336/-297 -522/-338/-293 -520/-337/-292 -516/-476/-292 
f -515/-335/-290 -524/-492/-294 -525/-339/-295 
f -514/-334/-289 -515/-335/-290 -525/-339/-295 
f -513/-333/-288 -512/-332/-287 -525/-339/-295 
f -512/-332/-287 -514/-334/-289 -525/-339/-295 
f -526/-340/-296 -513/-333/-288 -525/-339/-295 
f -511/-341/-297 -510/-339/-286 -509/-340/-285 
f -510/-339/-286 -508/-338/-284 -507/-385/-283 -506/-492/-283 
f -508/-338/-284 -505/-337/-292 -504/-484/-283 -507/-385/-283 
f -519/-499/-297 -518/-489/-291 -510/-339/-286 -511/-341/-297 
f -517/-336/-297 -516/-476/-292 -505/-337/-292 -508/-338/-284 
f -503/-335/-282 -510/-339/-286 -506/-492/-283 
f -502/-334/-281 -510/-339/-286 -503/-335/-282 
f -501/-333/-280 -510/-339/-286 -500/-332/-279 
f -500/-332/-279 -510/-339/-286 -502/-334/-281 
f -509/-340/-285 -510/-339/-286 -501/-333/-280 
f -561/-339/-321 -557/-489/-319 -518/-489/-291 -525/-339/-295 
f -552/-335/-316 -563/-492/-343 -524/-492/-294 -515/-335/-290 
f -555/-341/-323 -551/-340/-315 -526/-340/-296 -527/-341/-297 
f -563/-492/-343 -560/-385/-343 -523/-385/-294 -524/-492/-294 
f -566/-338/-324 -561/-339/-321 -525/-339/-295 -522/-338/-293 
f -560/-385/-343 -559/-484/-343 -521/-484/-294 -523/-385/-294 
f -554/-499/-323 -555/-341/-323 -527/-341/-297 -519/-499/-297 
f -565/-336/-323 -566/-338/-324 -522/-338/-293 -517/-336/-297 
f -515/-335/-290 -514/-334/-289 -550/-334/-314 -552/-335/-316 
f -512/-332/-287 -513/-333/-288 -549/-333/-313 -548/-332/-312 
f -514/-334/-289 -512/-332/-287 -548/-332/-312 -550/-334/-314 
f -513/-333/-288 -526/-340/-296 -551/-340/-315 -549/-333/-313 
f -544/-339/-309 -510/-339/-286 -518/-489/-291 -557/-489/-319 
f -538/-335/-306 -503/-335/-282 -506/-492/-283 -545/-492/-310 
f -539/-341/-323 -511/-341/-297 -509/-340/-285 -537/-340/-305 
f -545/-492/-310 -506/-492/-283 -507/-385/-283 -542/-385/-357 
f -546/-338/-311 -508/-338/-284 -510/-339/-286 -544/-339/-309 
f -542/-385/-357 -507/-385/-283 -504/-484/-283 -541/-484/-357 
f -554/-499/-323 -519/-499/-297 -511/-341/-297 -539/-341/-323 
f -565/-336/-323 -517/-336/-297 -508/-338/-284 -546/-338/-311 
f -503/-335/-282 -538/-335/-306 -536/-334/-304 -502/-334/-281 
f -500/-332/-279 -534/-332/-302 -535/-333/-303 -501/-333/-280 
f -502/-334/-281 -536/-334/-304 -534/-332/-302 -500/-332/-279 
f -501/-333/-280 -535/-333/-303 -537/-340/-305 -509/-340/-285 
f -533/-331/-301 -530/-485/-317 -531/-492/-320 -532/-484/-300 
f -530/-485/-317 -528/-330/-298 -529/-493/-299 -531/-492/-320 
f -499/-500/-278 -498/-497/-277 -497/-498/-283 -496/-499/-283 
f -495/-496/-276 -499/-500/-278 -496/-499/-283 -494/-495/-283 
f -493/-494/-354 -495/-496/-276 -494/-495/-283 -492/-493/-275 
f -686/-492/-354 -685/-491/-352 -495/-496/-276 -493/-494/-354 
f -684/-490/-351 -498/-497/-277 -499/-500/-278 -683/-489/-354 
f -497/-498/-283 -498/-497/-277 -491/-487/-274 -490/-488/-273 
f -684/-497/-351 -679/-490/-351 -489/-497/-272 -498/-486/-277 
f -498/-486/-277 -489/-497/-272 -488/-487/-271 -491/-487/-274 
f -677/-485/-352 -675/-485/-345 -487/-487/-270 -488/-487/-271 
f -494/-495/-283 -486/-495/-294 -485/-493/-269 -492/-493/-275 
f -497/-498/-283 -484/-498/-294 -483/-499/-294 -496/-499/-283 
f -496/-499/-283 -483/-499/-294 -486/-495/-294 -494/-495/-283 
f -492/-493/-275 -485/-493/-269 -482/-494/-342 -493/-494/-354 
f -493/-494/-354 -482/-494/-342 -669/-492/-342 -686/-492/-354 
f -490/-488/-273 -481/-488/-268 -484/-498/-294 -497/-498/-283 
f -490/-488/-273 -491/-487/-274 -488/-487/-271 -481/-488/-268 
f -487/-487/-270 -481/-487/-268 -488/-487/-271 
f -483/-484/-294 -480/-481/-267 -479/-482/-266 -486/-483/-294 
f -478/-480/-338 -480/-481/-267 -483/-484/-294 -484/-498/-294 
f -484/-498/-294 -481/-487/-268 -487/-494/-270 -478/-479/-338 
f -479/-478/-266 -482/-476/-342 -485/-477/-269 -486/-483/-294 
f -482/-476/-342 -479/-478/-266 -664/-474/-337 -669/-475/-342 
f -480/-481/-267 -478/-480/-338 -662/-472/-338 -663/-473/-342 
f -478/-479/-338 -487/-494/-270 -675/-492/-345 -662/-471/-338 
f -663/-471/-342 -683/-489/-354 -499/-500/-278 -480/-470/-267 
f -479/-469/-266 -495/-496/-276 -685/-491/-352 -664/-474/-337 
f -480/-470/-267 -499/-500/-278 -495/-496/-276 -479/-469/-266 
f -488/-468/-271 -489/-493/-272 -679/-492/-351 -677/-467/-352 
f -610/-466/-335 -477/-463/-336 -612/-464/-336 -611/-465/-335 
f -638/-462/-335 -476/-459/-336 -640/-460/-336 -475/-461/-330 
f -608/-458/-335 -474/-455/-336 -606/-456/-336 -473/-457/-330 
f -472/-454/-335 -603/-451/-336 -471/-452/-332 -605/-453/-330 
f -600/-450/-335 -470/-447/-332 -598/-448/-336 -469/-449/-330 
f -468/-446/-335 -657/-443/-336 -467/-444/-336 -655/-445/-335 
f -466/-442/-336 -465/-493/-329 -464/-468/-329 -625/-441/-336 
f -620/-440/-331 -463/-437/-335 -618/-438/-330 -462/-439/-336 
f -461/-436/-336 -615/-433/-335 -460/-434/-335 -617/-435/-336 
f -636/-432/-335 -459/-430/-329 -458/-484/-329 -457/-431/-335 
f -456/-429/-335 -631/-426/-336 -455/-427/-336 -633/-428/-334 
f -628/-425/-335 -454/-422/-336 -626/-423/-336 -453/-424/-330 
f -452/-421/-335 -661/-418/-336 -451/-419/-336 -659/-420/-335 
f -450/-417/-336 -651/-414/-335 -449/-415/-335 -653/-416/-336 
f -648/-413/-336 -448/-410/-330 -646/-411/-335 -447/-412/-332 
f -446/-409/-336 -643/-406/-330 -445/-407/-335 -645/-408/-336 
f -474/-455/-336 -596/-467/-329 -444/-492/-329 -606/-456/-336 
f -603/-451/-336 -443/-404/-329 -572/-405/-329 -471/-452/-332 
f -470/-447/-332 -571/-402/-329 -570/-403/-329 -598/-448/-336 
f -657/-443/-336 -442/-400/-329 -568/-401/-329 -467/-444/-336 
f -477/-463/-336 -574/-398/-329 -441/-399/-329 -612/-464/-336 
f -463/-437/-335 -581/-396/-327 -440/-397/-329 -618/-438/-330 
f -615/-433/-335 -439/-394/-265 -578/-395/-329 -460/-434/-335 
f -611/-465/-335 -577/-392/-329 -438/-393/-329 -610/-466/-335 
f -631/-426/-336 -437/-390/-329 -586/-391/-327 -455/-427/-336 
f -454/-422/-336 -585/-388/-329 -436/-389/-326 -626/-423/-336 
f -661/-418/-336 -435/-386/-329 -582/-387/-327 -451/-419/-336 
f -476/-459/-336 -588/-384/-327 -434/-385/-329 -640/-460/-336 
f -448/-410/-330 -595/-382/-329 -433/-383/-329 -646/-411/-335 
f -643/-406/-330 -593/-380/-327 -592/-381/-329 -445/-407/-335 
f -475/-461/-330 -591/-378/-329 -432/-379/-326 -638/-462/-335 
f -596/-467/-329 -449/-415/-335 -651/-414/-335 -444/-492/-329 
f -443/-404/-329 -608/-458/-335 -473/-457/-330 -572/-405/-329 
f -571/-402/-329 -472/-454/-335 -605/-453/-330 -570/-403/-329 
f -442/-400/-329 -600/-450/-335 -469/-449/-330 -568/-401/-329 
f -574/-398/-329 -468/-446/-335 -655/-445/-335 -441/-399/-329 
f -581/-396/-327 -466/-442/-336 -625/-441/-336 -440/-397/-329 
f -439/-394/-265 -620/-440/-331 -462/-439/-336 -578/-395/-329 
f -577/-392/-329 -461/-436/-336 -617/-435/-336 -438/-393/-329 
f -437/-390/-329 -636/-432/-335 -457/-431/-335 -586/-391/-327 
f -585/-388/-329 -456/-429/-335 -633/-428/-334 -436/-389/-326 
f -435/-386/-329 -628/-425/-335 -453/-424/-330 -582/-387/-327 
f -588/-384/-327 -452/-421/-335 -659/-420/-335 -434/-385/-329 
f -595/-382/-329 -450/-417/-336 -653/-416/-336 -433/-383/-329 
f -593/-380/-327 -648/-413/-336 -447/-412/-332 -592/-381/-329 
f -591/-378/-329 -446/-409/-336 -645/-408/-336 -432/-379/-326 
f -431/-329/-264 -430/-328/-264 -429/-327/-263 -428/-326/-263 
f -427/-325/-264 -426/-324/-262 -425/-323/-263 -424/-322/-263 
f -423/-321/-264 -422/-320/-264 -421/-319/-261 -420/-318/-261 
f -419/-317/-264 -418/-316/-264 -417/-315/-263 -416/-314/-263 
f -415/-313/-264 -414/-312/-264 -413/-311/-263 -412/-310/-263 
f -411/-309/-263 -410/-308/-263 -409/-484/-325 -408/-331/-325 
f -407/-307/-263 -406/-306/-263 -405/-305/-264 -404/-304/-264 
f -403/-303/-264 -402/-302/-264 -401/-330/-325 -400/-493/-325 
f -399/-301/-264 -398/-300/-262 -397/-299/-263 -396/-298/-263 
f -395/-297/-264 -394/-296/-264 -393/-295/-263 -392/-294/-263 
f -391/-293/-263 -390/-292/-263 -389/-291/-260 -388/-290/-260 
f -387/-289/-263 -386/-288/-263 -385/-287/-262 -384/-286/-262 
f -420/-318/-261 -421/-319/-261 -383/-485/-325 -382/-492/-325 
f -416/-314/-263 -417/-315/-263 -381/-285/-325 -380/-284/-325 
f -412/-310/-263 -413/-311/-263 -379/-283/-259 -378/-282/-325 
f -428/-326/-263 -429/-327/-263 -377/-281/-325 -376/-385/-325 
f -404/-304/-264 -405/-305/-264 -375/-280/-325 -374/-279/-325 
f -430/-328/-264 -431/-329/-264 -373/-278/-325 -372/-277/-325 
f -396/-298/-263 -397/-299/-263 -371/-276/-258 -370/-275/-258 
f -392/-294/-263 -393/-295/-263 -369/-274/-258 -368/-273/-258 
f -424/-322/-263 -425/-323/-263 -367/-272/-258 -366/-399/-258 
f -384/-286/-262 -385/-287/-262 -365/-271/-325 -364/-270/-325 
f -426/-324/-262 -427/-325/-264 -363/-269/-257 -362/-268/-258 
f -382/-492/-325 -383/-485/-325 -388/-290/-260 -389/-291/-260 
f -380/-284/-325 -381/-285/-325 -422/-320/-264 -423/-321/-264 
f -378/-282/-325 -379/-283/-259 -418/-316/-264 -419/-317/-264 
f -376/-385/-325 -377/-281/-325 -414/-312/-264 -415/-313/-264 
f -374/-279/-325 -375/-280/-325 -410/-308/-263 -411/-309/-263 
f -372/-277/-325 -373/-278/-325 -406/-306/-263 -407/-307/-263 
f -370/-275/-258 -371/-276/-258 -402/-302/-264 -403/-303/-264 
f -368/-273/-258 -369/-274/-258 -398/-300/-262 -399/-301/-264 
f -366/-399/-258 -367/-272/-258 -394/-296/-264 -395/-297/-264 
f -364/-270/-325 -365/-271/-325 -390/-292/-263 -391/-293/-263 
f -362/-268/-258 -363/-269/-257 -386/-288/-263 -387/-289/-263 
f -361/-485/-329 -360/-474/-329 -359/-484/-329 -358/-492/-329 
f -357/-488/-329 -361/-485/-329 -358/-492/-329 -356/-493/-329 
f -355/-485/-256 -354/-492/-256 -353/-484/-256 -352/-474/-256 
f -351/-488/-256 -350/-493/-256 -354/-492/-256 -355/-485/-256 
f -349/-377/-292 -348/-492/-292 -347/-375/-284 -346/-376/-293 
f -345/-493/-294 -349/-377/-292 -346/-376/-293 -344/-371/-294 
f -343/-368/-255 -342/-366/-286 -341/-467/-297 -340/-267/-297 
f -339/-365/-254 -344/-371/-294 -346/-376/-293 -343/-368/-255 
f -338/-266/-253 -343/-368/-255 -340/-267/-297 
f -339/-365/-254 -343/-368/-255 -337/-363/-289 
f -336/-362/-252 -343/-368/-255 -338/-266/-253 
f -337/-363/-289 -343/-368/-255 -335/-361/-287 
f -335/-361/-287 -343/-368/-255 -336/-362/-252 
f -334/-360/-292 -333/-359/-292 -347/-375/-284 -348/-492/-292 
f -332/-355/-283 -331/-352/-282 -330/-354/-292 -333/-359/-292 
f -329/-484/-283 -332/-355/-283 -333/-359/-292 -334/-360/-292 
f -342/-366/-286 -347/-375/-284 -333/-359/-292 -330/-354/-292 
f -330/-354/-292 -328/-265/-297 -341/-467/-297 -342/-366/-286 
f -327/-264/-251 -328/-265/-297 -330/-354/-292 
f -331/-352/-282 -326/-350/-281 -330/-354/-292 
f -325/-349/-250 -327/-264/-251 -330/-354/-292 
f -326/-350/-281 -324/-348/-279 -330/-354/-292 
f -324/-348/-279 -325/-349/-250 -330/-354/-292 
f -323/-377/-325 -322/-376/-324 -321/-375/-311 -320/-492/-325 
f -319/-493/-343 -318/-371/-343 -322/-376/-324 -323/-377/-325 
f -317/-368/-249 -316/-267/-323 -315/-467/-323 -314/-366/-248 
f -318/-371/-343 -313/-365/-247 -317/-368/-249 -322/-376/-324 
f -312/-266/-315 -316/-267/-323 -317/-368/-249 
f -313/-365/-247 -311/-363/-314 -317/-368/-249 
f -310/-362/-313 -312/-266/-315 -317/-368/-249 
f -311/-363/-314 -309/-361/-312 -317/-368/-249 
f -309/-361/-312 -310/-362/-313 -317/-368/-249 
f -308/-360/-325 -320/-492/-325 -321/-375/-311 -307/-359/-325 
f -306/-352/-306 -305/-355/-357 -307/-359/-325 -304/-354/-325 
f -303/-484/-357 -308/-360/-325 -307/-359/-325 -305/-355/-357 
f -321/-375/-311 -314/-366/-248 -304/-354/-325 -307/-359/-325 
f -304/-354/-325 -314/-366/-248 -315/-467/-323 -302/-265/-323 
f -301/-264/-305 -304/-354/-325 -302/-265/-323 
f -306/-352/-306 -304/-354/-325 -300/-350/-304 
f -299/-349/-303 -304/-354/-325 -301/-264/-305 
f -300/-350/-304 -304/-354/-325 -298/-348/-302 
f -298/-348/-302 -304/-354/-325 -299/-349/-303 
f -313/-335/-247 -318/-385/-343 -344/-385/-294 -339/-335/-254 
f -316/-341/-323 -312/-340/-315 -338/-340/-253 -340/-341/-297 
f -318/-385/-343 -319/-484/-343 -345/-484/-294 -344/-385/-294 
f -315/-499/-323 -316/-341/-323 -340/-341/-297 -341/-499/-297 
f -306/-335/-306 -331/-335/-282 -332/-385/-283 -305/-385/-357 
f -302/-341/-323 -328/-341/-297 -327/-340/-251 -301/-340/-305 
f -305/-385/-357 -332/-385/-283 -329/-484/-283 -303/-484/-357 
f -315/-499/-323 -341/-499/-297 -328/-341/-297 -302/-341/-323 
f -337/-334/-289 -311/-334/-314 -313/-335/-247 -339/-335/-254 
f -336/-333/-252 -310/-333/-313 -309/-332/-312 -335/-332/-287 
f -335/-332/-287 -309/-332/-312 -311/-334/-314 -337/-334/-289 
f -338/-340/-253 -312/-340/-315 -310/-333/-313 -336/-333/-252 
f -331/-335/-282 -306/-335/-306 -300/-334/-304 -326/-334/-281 
f -324/-332/-279 -298/-332/-302 -299/-333/-303 -325/-333/-250 
f -326/-334/-281 -300/-334/-304 -298/-332/-302 -324/-332/-279 
f -325/-333/-250 -299/-333/-303 -301/-340/-305 -327/-340/-251 
f -314/-341/-248 -342/-349/-286 -343/-267/-255 -317/-385/-249 
f -321/-499/-311 -347/-359/-284 -342/-484/-286 -314/-341/-248 
f -317/-332/-249 -343/-467/-255 -346/-375/-293 -322/-350/-324 
f -346/-376/-293 -347/-359/-284 -321/-375/-311 -322/-350/-324 
f -297/-263/-246 -296/-262/-275 -295/-262/-353 -294/-263/-245 
f -293/-261/-244 -292/-261/-243 -291/-260/-242 -290/-260/-241 
f -289/-259/-269 -288/-258/-240 -287/-258/-239 -286/-259/-344 
f -285/-257/-238 -284/-257/-237 -283/-256/-236 -282/-256/-235 
f -281/-255/-234 -293/-261/-244 -290/-260/-241 -280/-254/-238 
f -292/-261/-243 -279/-255/-236 -278/-254/-237 -291/-260/-242 
f -277/-253/-233 -276/-252/-232 -275/-251/-231 -274/-250/-230 
f -276/-252/-232 -273/-249/-229 -272/-248/-228 -275/-251/-231 
f -273/-249/-229 -271/-247/-227 -270/-246/-226 -272/-248/-228 
f -271/-247/-227 -269/-245/-225 -268/-244/-224 -270/-246/-226 
f -269/-245/-225 -267/-243/-223 -266/-242/-222 -268/-244/-224 
f -267/-243/-223 -265/-241/-221 -264/-240/-220 -266/-242/-222 
f -265/-241/-221 -263/-239/-219 -262/-238/-218 -264/-240/-220 
f -263/-239/-219 -261/-237/-217 -260/-236/-216 -262/-238/-218 
f -261/-237/-217 -259/-235/-215 -258/-234/-214 -260/-236/-216 
f -259/-235/-215 -257/-233/-213 -256/-232/-212 -258/-234/-214 
f -257/-233/-213 -255/-231/-211 -254/-230/-210 -256/-232/-212 
f -255/-231/-211 -277/-253/-233 -274/-250/-230 -254/-230/-210 
f -274/-250/-230 -275/-251/-231 -253/-229/-209 -252/-228/-208 
f -275/-251/-231 -272/-248/-228 -251/-227/-207 -253/-229/-209 
f -272/-248/-228 -270/-246/-226 -250/-226/-206 -251/-227/-207 
f -270/-246/-226 -268/-244/-224 -249/-225/-205 -250/-226/-206 
f -268/-244/-224 -266/-242/-222 -248/-224/-204 -249/-225/-205 
f -266/-242/-222 -264/-240/-220 -247/-223/-203 -248/-224/-204 
f -264/-240/-220 -262/-238/-218 -246/-222/-202 -247/-223/-203 
f -262/-238/-218 -260/-236/-216 -245/-221/-201 -246/-222/-202 
f -260/-236/-216 -258/-234/-214 -244/-220/-200 -245/-221/-201 
f -258/-234/-214 -256/-232/-212 -243/-219/-199 -244/-220/-200 
f -256/-232/-212 -254/-230/-210 -242/-218/-198 -243/-219/-199 
f -254/-230/-210 -274/-250/-230 -252/-228/-208 -242/-218/-198 
f -241/-217/-197 -240/-216/-196 -239/-215/-195 -238/-214/-194 
f -237/-213/-193 -241/-217/-197 -238/-214/-194 -236/-212/-192 
f -235/-211/-191 -237/-213/-193 -236/-212/-192 -234/-210/-190 
f -233/-209/-189 -235/-211/-191 -234/-210/-190 -232/-208/-188 
f -231/-207/-187 -233/-209/-189 -232/-208/-188 -230/-206/-187 
f -229/-205/-186 -231/-207/-187 -230/-206/-187 -228/-204/-185 
f -227/-203/-184 -229/-205/-186 -228/-204/-185 -226/-202/-183 
f -225/-201/-182 -227/-203/-184 -226/-202/-183 -224/-200/-181 
f -223/-199/-180 -225/-201/-182 -224/-200/-181 -222/-198/-179 
f -221/-197/-178 -223/-199/-180 -222/-198/-179 -220/-196/-177 
f -219/-195/-176 -221/-197/-178 -220/-196/-177 -218/-194/-175 
f -240/-216/-196 -219/-195/-176 -218/-194/-175 -239/-215/-195 
f -217/-193/-174 -216/-192/-173 -215/-191/-172 -214/-190/-174 
f -213/-189/-171 -217/-193/-174 -214/-190/-174 -212/-188/-171 
f -211/-187/-170 -213/-189/-171 -212/-188/-171 -210/-186/-170 
f -209/-185/-169 -211/-187/-170 -210/-186/-170 -208/-184/-169 
f -207/-183/-168 -209/-185/-169 -208/-184/-169 -206/-182/-167 
f -205/-181/-166 -207/-183/-168 -206/-182/-167 -204/-180/-166 
f -203/-179/-165 -205/-181/-166 -204/-180/-166 -202/-178/-164 
f -201/-177/-163 -203/-179/-165 -202/-178/-164 -200/-176/-162 
f -199/-175/-161 -201/-177/-163 -200/-176/-162 -198/-174/-161 
f -197/-173/-160 -199/-175/-161 -198/-174/-161 -196/-172/-159 
f -195/-171/-158 -197/-173/-160 -196/-172/-159 -194/-170/-158 
f -216/-192/-173 -195/-171/-158 -194/-170/-158 -215/-191/-172 
f -193/-169/-157 -192/-168/-156 -191/-167/-155 -190/-166/-154 
f -189/-165/-153 -188/-164/-152 -276/-252/-232 -277/-253/-233 
f -187/-163/-151 -193/-169/-157 -190/-166/-154 -186/-162/-150 
f -188/-164/-152 -185/-161/-149 -273/-249/-229 -276/-252/-232 
f -184/-160/-148 -187/-163/-151 -186/-162/-150 -183/-159/-147 
f -185/-161/-149 -182/-158/-146 -271/-247/-227 -273/-249/-229 
f -181/-157/-145 -184/-160/-148 -183/-159/-147 -180/-156/-144 
f -182/-158/-146 -179/-155/-143 -269/-245/-225 -271/-247/-227 
f -178/-154/-142 -181/-157/-145 -180/-156/-144 -177/-153/-141 
f -179/-155/-143 -176/-152/-140 -267/-243/-223 -269/-245/-225 
f -175/-151/-139 -178/-154/-142 -177/-153/-141 -174/-150/-138 
f -176/-152/-140 -173/-149/-137 -265/-241/-221 -267/-243/-223 
f -172/-148/-136 -175/-151/-139 -174/-150/-138 -171/-147/-135 
f -173/-149/-137 -170/-146/-134 -263/-239/-219 -265/-241/-221 
f -169/-145/-133 -172/-148/-136 -171/-147/-135 -168/-144/-132 
f -170/-146/-134 -167/-143/-131 -261/-237/-217 -263/-239/-219 
f -166/-142/-130 -169/-145/-133 -168/-144/-132 -165/-141/-129 
f -167/-143/-131 -164/-140/-128 -259/-235/-215 -261/-237/-217 
f -163/-139/-127 -166/-142/-130 -165/-141/-129 -162/-138/-126 
f -164/-140/-128 -161/-137/-125 -257/-233/-213 -259/-235/-215 
f -160/-136/-124 -163/-139/-127 -162/-138/-126 -159/-135/-123 
f -161/-137/-125 -158/-134/-122 -255/-231/-211 -257/-233/-213 
f -192/-168/-156 -160/-136/-124 -159/-135/-123 -191/-167/-155 
f -158/-134/-122 -189/-165/-153 -277/-253/-233 -255/-231/-211 
f -157/-133/-121 -156/-132/-329 -155/-131/-120 
f -154/-130/-119 -156/-132/-329 -157/-133/-121 
f -153/-129/-118 -156/-132/-329 -154/-130/-119 
f -152/-128/-117 -156/-132/-329 -153/-129/-118 
f -151/-127/-116 -156/-132/-329 -152/-128/-117 
f -150/-126/-115 -156/-132/-329 -151/-127/-116 
f -149/-125/-114 -156/-132/-329 -150/-126/-115 
f -148/-124/-113 -156/-132/-329 -149/-125/-114 
f -147/-123/-112 -156/-132/-329 -148/-124/-113 
f -146/-122/-111 -156/-132/-329 -147/-123/-112 
f -145/-121/-110 -156/-132/-329 -146/-122/-111 
f -155/-131/-120 -156/-132/-329 -145/-121/-110 
f -252/-228/-208 -253/-229/-209 -157/-133/-121 -155/-131/-120 
f -253/-229/-209 -251/-227/-207 -154/-130/-119 -157/-133/-121 
f -251/-227/-207 -250/-226/-206 -153/-129/-118 -154/-130/-119 
f -250/-226/-206 -249/-225/-205 -152/-128/-117 -153/-129/-118 
f -249/-225/-205 -248/-224/-204 -151/-127/-116 -152/-128/-117 
f -248/-224/-204 -247/-223/-203 -150/-126/-115 -151/-127/-116 
f -247/-223/-203 -246/-222/-202 -149/-125/-114 -150/-126/-115 
f -246/-222/-202 -245/-221/-201 -148/-124/-113 -149/-125/-114 
f -245/-221/-201 -244/-220/-200 -147/-123/-112 -148/-124/-113 
f -244/-220/-200 -243/-219/-199 -146/-122/-111 -147/-123/-112 
f -243/-219/-199 -242/-218/-198 -145/-121/-110 -146/-122/-111 
f -242/-218/-198 -252/-228/-208 -155/-131/-120 -145/-121/-110 
f -144/-120/-109 -143/-119/-108 -142/-118/-107 -141/-117/-106 
f -140/-116/-105 -139/-115/-104 -138/-114/-103 -137/-113/-102 
f -136/-112/-101 -144/-120/-109 -141/-117/-106 -135/-111/-100 
f -139/-115/-104 -134/-110/-101 -133/-109/-99 -138/-114/-103 
f -132/-108/-98 -136/-112/-101 -135/-111/-100 -131/-107/-97 
f -134/-110/-101 -130/-106/-96 -129/-105/-95 -133/-109/-99 
f -128/-104/-94 -132/-108/-98 -131/-107/-97 -127/-103/-93 
f -130/-106/-96 -126/-102/-92 -125/-101/-91 -129/-105/-95 
f -124/-100/-90 -128/-104/-94 -127/-103/-93 -123/-99/-89 
f -126/-102/-92 -122/-98/-90 -121/-97/-88 -125/-101/-91 
f -120/-96/-87 -124/-100/-90 -123/-99/-89 -119/-95/-86 
f -122/-98/-90 -118/-94/-85 -117/-93/-84 -121/-97/-88 
f -116/-92/-83 -120/-96/-87 -119/-95/-86 -115/-91/-82 
f -118/-94/-85 -114/-90/-83 -113/-89/-81 -117/-93/-84 
f -112/-88/-80 -116/-92/-83 -115/-91/-82 -111/-87/-79 
f -114/-90/-83 -110/-86/-80 -109/-85/-78 -113/-89/-81 
f -108/-84/-77 -112/-88/-80 -111/-87/-79 -107/-83/-76 
f -110/-86/-80 -106/-82/-75 -105/-81/-74 -109/-85/-78 
f -104/-80/-73 -108/-84/-77 -107/-83/-76 -103/-79/-72 
f -106/-82/-75 -102/-78/-73 -101/-77/-71 -105/-81/-74 
f -100/-76/-70 -104/-80/-73 -103/-79/-72 -99/-75/-69 
f -102/-78/-73 -98/-74/-68 -97/-73/-67 -101/-77/-71 
f -143/-119/-108 -100/-76/-70 -99/-75/-69 -142/-118/-107 
f -98/-74/-68 -140/-116/-105 -137/-113/-102 -97/-73/-67 
f -238/-214/-194 -239/-215/-195 -96/-72/-66 -95/-71/-65 
f -240/-216/-196 -241/-217/-197 -94/-70/-64 -93/-69/-63 
f -236/-212/-192 -238/-214/-194 -95/-71/-65 -92/-68/-62 
f -241/-217/-197 -237/-213/-193 -91/-67/-61 -94/-70/-64 
f -234/-210/-190 -236/-212/-192 -92/-68/-62 -90/-66/-60 
f -237/-213/-193 -235/-211/-191 -89/-65/-59 -91/-67/-61 
f -232/-208/-188 -234/-210/-190 -90/-66/-60 -88/-64/-58 
f -235/-211/-191 -233/-209/-189 -87/-63/-57 -89/-65/-59 
f -230/-206/-187 -232/-208/-188 -88/-64/-58 -86/-62/-56 
f -233/-209/-189 -231/-207/-187 -85/-61/-55 -87/-63/-57 
f -228/-204/-185 -230/-206/-187 -86/-62/-56 -84/-60/-54 
f -231/-207/-187 -229/-205/-186 -83/-59/-53 -85/-61/-55 
f -226/-202/-183 -228/-204/-185 -84/-60/-54 -82/-58/-52 
f -229/-205/-186 -227/-203/-184 -81/-57/-51 -83/-59/-53 
f -224/-200/-181 -226/-202/-183 -82/-58/-52 -80/-56/-50 
f -227/-203/-184 -225/-201/-182 -79/-55/-49 -81/-57/-51 
f -222/-198/-179 -224/-200/-181 -80/-56/-50 -78/-54/-48 
f -225/-201/-182 -223/-199/-180 -77/-53/-47 -79/-55/-49 
f -220/-196/-177 -222/-198/-179 -78/-54/-48 -76/-52/-46 
f -223/-199/-180 -221/-197/-178 -75/-51/-45 -77/-53/-47 
f -218/-194/-175 -220/-196/-177 -76/-52/-46 -74/-50/-44 
f -221/-197/-178 -219/-195/-176 -73/-49/-43 -75/-51/-45 
f -239/-215/-195 -218/-194/-175 -74/-50/-44 -96/-72/-66 
f -219/-195/-176 -240/-216/-196 -93/-69/-63 -73/-49/-43 
f -137/-113/-102 -138/-114/-103 -188/-164/-152 -189/-165/-153 
f -139/-115/-104 -140/-116/-105 -93/-69/-63 -94/-70/-64 
f -138/-114/-103 -133/-109/-99 -185/-161/-149 -188/-164/-152 
f -134/-110/-101 -139/-115/-104 -94/-70/-64 -91/-67/-61 
f -133/-109/-99 -129/-105/-95 -182/-158/-146 -185/-161/-149 
f -130/-106/-96 -134/-110/-101 -91/-67/-61 -89/-65/-59 
f -129/-105/-95 -125/-101/-91 -179/-155/-143 -182/-158/-146 
f -126/-102/-92 -130/-106/-96 -89/-65/-59 -87/-63/-57 
f -125/-101/-91 -121/-97/-88 -176/-152/-140 -179/-155/-143 
f -122/-98/-90 -126/-102/-92 -87/-63/-57 -85/-61/-55 
f -121/-97/-88 -117/-93/-84 -173/-149/-137 -176/-152/-140 
f -118/-94/-85 -122/-98/-90 -85/-61/-55 -83/-59/-53 
f -117/-93/-84 -113/-89/-81 -170/-146/-134 -173/-149/-137 
f -114/-90/-83 -118/-94/-85 -83/-59/-53 -81/-57/-51 
f -113/-89/-81 -109/-85/-78 -167/-143/-131 -170/-146/-134 
f -110/-86/-80 -114/-90/-83 -81/-57/-51 -79/-55/-49 
f -109/-85/-78 -105/-81/-74 -164/-140/-128 -167/-143/-131 
f -106/-82/-75 -110/-86/-80 -79/-55/-49 -77/-53/-47 
f -105/-81/-74 -101/-77/-71 -161/-137/-125 -164/-140/-128 
f -102/-78/-73 -106/-82/-75 -77/-53/-47 -75/-51/-45 
f -101/-77/-71 -97/-73/-67 -158/-134/-122 -161/-137/-125 
f -98/-74/-68 -102/-78/-73 -75/-51/-45 -73/-49/-43 
f -97/-73/-67 -137/-113/-102 -189/-165/-153 -158/-134/-122 
f -140/-116/-105 -98/-74/-68 -73/-49/-43 -93/-69/-63 
f -141/-117/-106 -142/-118/-107 -192/-168/-156 -193/-169/-157 
f -143/-119/-108 -144/-120/-109 -95/-71/-65 -96/-72/-66 
f -135/-111/-100 -141/-117/-106 -193/-169/-157 -187/-163/-151 
f -144/-120/-109 -136/-112/-101 -92/-68/-62 -95/-71/-65 
f -131/-107/-97 -135/-111/-100 -187/-163/-151 -184/-160/-148 
f -136/-112/-101 -132/-108/-98 -90/-66/-60 -92/-68/-62 
f -127/-103/-93 -131/-107/-97 -184/-160/-148 -181/-157/-145 
f -132/-108/-98 -128/-104/-94 -88/-64/-58 -90/-66/-60 
f -123/-99/-89 -127/-103/-93 -181/-157/-145 -178/-154/-142 
f -128/-104/-94 -124/-100/-90 -86/-62/-56 -88/-64/-58 
f -119/-95/-86 -123/-99/-89 -178/-154/-142 -175/-151/-139 
f -124/-100/-90 -120/-96/-87 -84/-60/-54 -86/-62/-56 
f -115/-91/-82 -119/-95/-86 -175/-151/-139 -172/-148/-136 
f -120/-96/-87 -116/-92/-83 -82/-58/-52 -84/-60/-54 
f -111/-87/-79 -115/-91/-82 -172/-148/-136 -169/-145/-133 
f -116/-92/-83 -112/-88/-80 -80/-56/-50 -82/-58/-52 
f -107/-83/-76 -111/-87/-79 -169/-145/-133 -166/-142/-130 
f -112/-88/-80 -108/-84/-77 -78/-54/-48 -80/-56/-50 
f -103/-79/-72 -107/-83/-76 -166/-142/-130 -163/-139/-127 
f -108/-84/-77 -104/-80/-73 -76/-52/-46 -78/-54/-48 
f -99/-75/-69 -103/-79/-72 -163/-139/-127 -160/-136/-124 
f -104/-80/-73 -100/-76/-70 -74/-50/-44 -76/-52/-46 
f -142/-118/-107 -99/-75/-69 -160/-136/-124 -192/-168/-156 
f -100/-76/-70 -143/-119/-108 -96/-72/-66 -74/-50/-44 
f -190/-166/-154 -191/-167/-155 -72/-48/-42 -71/-47/-41 
f -186/-162/-150 -190/-166/-154 -71/-47/-41 -70/-46/-40 
f -183/-159/-147 -186/-162/-150 -70/-46/-40 -69/-45/-39 
f -180/-156/-144 -183/-159/-147 -69/-45/-39 -68/-44/-38 
f -177/-153/-141 -180/-156/-144 -68/-44/-38 -67/-43/-37 
f -174/-150/-138 -177/-153/-141 -67/-43/-37 -66/-42/-36 
f -171/-147/-135 -174/-150/-138 -66/-42/-36 -65/-41/-35 
f -168/-144/-132 -171/-147/-135 -65/-41/-35 -64/-40/-34 
f -165/-141/-129 -168/-144/-132 -64/-40/-34 -63/-39/-33 
f -162/-138/-126 -165/-141/-129 -63/-39/-33 -62/-38/-32 
f -159/-135/-123 -162/-138/-126 -62/-38/-32 -61/-37/-31 
f -191/-167/-155 -159/-135/-123 -61/-37/-31 -72/-48/-42 
f -214/-190/-174 -215/-191/-172 -60/-36/-172 -59/-35/-174 
f -216/-192/-173 -217/-193/-174 -71/-47/-41 -72/-48/-42 
f -212/-188/-171 -214/-190/-174 -59/-35/-174 -58/-34/-171 
f -217/-193/-174 -213/-189/-171 -70/-46/-40 -71/-47/-41 
f -210/-186/-170 -212/-188/-171 -58/-34/-171 -57/-33/-30 
f -213/-189/-171 -211/-187/-170 -69/-45/-39 -70/-46/-40 
f -208/-184/-169 -210/-186/-170 -57/-33/-30 -56/-32/-29 
f -211/-187/-170 -209/-185/-169 -68/-44/-38 -69/-45/-39 
f -206/-182/-167 -208/-184/-169 -56/-32/-29 -55/-31/-167 
f -209/-185/-169 -207/-183/-168 -67/-43/-37 -68/-44/-38 
f -204/-180/-166 -206/-182/-167 -55/-31/-167 -54/-30/-166 
f -207/-183/-168 -205/-181/-166 -66/-42/-36 -67/-43/-37 
f -202/-178/-164 -204/-180/-166 -54/-30/-166 -53/-29/-28 
f -205/-181/-166 -203/-179/-165 -65/-41/-35 -66/-42/-36 
f -200/-176/-162 -202/-178/-164 -53/-29/-28 -52/-28/-162 
f -203/-179/-165 -201/-177/-163 -64/-40/-34 -65/-41/-35 
f -198/-174/-161 -200/-176/-162 -52/-28/-162 -51/-27/-27 
f -201/-177/-163 -199/-175/-161 -63/-39/-33 -64/-40/-34 
f -196/-172/-159 -198/-174/-161 -51/-27/-27 -50/-26/-26 
f -199/-175/-161 -197/-173/-160 -62/-38/-32 -63/-39/-33 
f -194/-170/-158 -196/-172/-159 -50/-26/-26 -49/-25/-158 
f -197/-173/-160 -195/-171/-158 -61/-37/-31 -62/-38/-32 
f -215/-191/-172 -194/-170/-158 -49/-25/-158 -60/-36/-172 
f -195/-171/-158 -216/-192/-173 -72/-48/-42 -61/-37/-31 
f -48/-24/-25 -47/-24/-243 -289/-259/-269 -286/-259/-344 
f -46/-23/-25 -45/-23/-243 -44/-22/-242 -43/-22/-24 
f -42/-21/-244 -41/-21/-243 -40/-20/-242 -39/-20/-241 
f -38/-19/-23 -37/-19/-22 -295/-262/-353 -296/-262/-275 
f -36/-18/-23 -35/-18/-21 -34/-17/-244 -33/-17/-243 
f -32/-16/-20 -31/-16/-237 -297/-263/-246 -294/-263/-245 
f -30/-15/-20 -29/-15/-237 -28/-14/-19 -27/-14/-18 
f -280/-254/-238 -278/-254/-237 -279/-255/-236 -281/-255/-234 
f -26/-13/-17 -25/-13/-16 -287/-258/-239 -288/-258/-240 
f -24/-12/-236 -23/-12/-235 -22/-11/-15 -21/-11/-237 
f -25/-13/-16 -48/-24/-25 -286/-259/-344 -287/-258/-239 
f -23/-12/-235 -46/-23/-25 -43/-22/-24 -22/-11/-15 
f -282/-256/-235 -42/-21/-244 -39/-20/-241 -285/-257/-238 
f -37/-19/-22 -32/-16/-20 -294/-263/-245 -295/-262/-353 
f -35/-18/-21 -30/-15/-20 -27/-14/-18 -34/-17/-244 
f -47/-24/-243 -26/-13/-17 -288/-258/-240 -289/-259/-269 
f -45/-23/-243 -24/-12/-236 -21/-11/-237 -44/-22/-242 
f -41/-21/-243 -283/-256/-236 -284/-257/-237 -40/-20/-242 
f -31/-16/-237 -38/-19/-23 -296/-262/-275 -297/-263/-246 
f -29/-15/-237 -36/-18/-23 -33/-17/-243 -28/-14/-19 
f -43/-22/-24 -44/-22/-242 -20/-10/-14 -19/-10/-13 
f -39/-20/-241 -40/-20/-242 -18/-9/-12 -17/-9/-11 
f -290/-260/-241 -291/-260/-242 -16/-8/-12 -15/-8/-10 
f -33/-17/-243 -34/-17/-244 -14/-7/-9 -13/-7/-8 
f -292/-261/-243 -293/-261/-244 -12/-6/-9 -11/-6/-8 
f -27/-14/-18 -28/-14/-19 -10/-5/-7 -9/-5/-6 
f -281/-255/-234 -279/-255/-236 -8/-4/-7 -7/-4/-5 
f -282/-256/-235 -283/-256/-236 -6/-3/-4 -5/-3/-3 
f -21/-11/-237 -22/-11/-15 -4/-2/-2 -3/-2/-1 
f -284/-257/-237 -285/-257/-238 -2/-1/-3 -1/-1/-4 
f -22/-11/-15 -43/-22/-24 -19/-10/-13 -4/-2/-2 
f -285/-257/-238 -39/-20/-241 -17/-9/-11 -2/-1/-3 
f -280/-254/-238 -290/-260/-241 -15/-8/-10 -5/-3/-3 
f -34/-17/-244 -27/-14/-18 -9/-5/-6 -14/-7/-9 
f -293/-261/-244 -281/-255/-234 -7/-4/-5 -12/-6/-9 
f -44/-22/-242 -21/-11/-237 -3/-2/-1 -20/-10/-14 
f -40/-20/-242 -284/-257/-237 -1/-1/-4 -18/-9/-12 
f -291/-260/-242 -278/-254/-237 -6/-3/-4 -16/-8/-12 
f -28/-14/-19 -33/-17/-243 -13/-7/-8 -10/-5/-7 
f -279/-255/-236 -292/-261/-243 -11/-6/-8 -8/-4/-7 
f -19/-10/-13 -20/-10/-14 -47/-24/-243 -48/-24/-25 
f -17/-9/-11 -18/-9/-12 -45/-23/-243 -46/-23/-25 
f -15/-8/-10 -16/-8/-12 -41/-21/-243 -42/-21/-244 
f -13/-7/-8 -14/-7/-9 -37/-19/-22 -38/-19/-23 
f -11/-6/-8 -12/-6/-9 -35/-18/-21 -36/-18/-23 
f -9/-5/-6 -10/-5/-7 -31/-16/-237 -32/-16/-20 
f -7/-4/-5 -8/-4/-7 -29/-15/-237 -30/-15/-20 
f -5/-3/-3 -6/-3/-4 -278/-254/-237 -280/-254/-238 
f -3/-2/-1 -4/-2/-2 -25/-13/-16 -26/-13/-17 
f -1/-1/-4 -2/-1/-3 -23/-12/-235 -24/-12/-236 
f -4/-2/-2 -19/-10/-13 -48/-24/-25 -25/-13/-16 
f -2/-1/-3 -17/-9/-11 -46/-23/-25 -23/-12/-235 
f -5/-3/-3 -15/-8/-10 -42/-21/-244 -282/-256/-235 
f -14/-7/-9 -9/-5/-6 -32/-16/-20 -37/-19/-22 
f -12/-6/-9 -7/-4/-5 -30/-15/-20 -35/-18/-21 
f -20/-10/-14 -3/-2/-1 -26/-13/-17 -47/-24/-243 
f -18/-9/-12 -1/-1/-4 -24/-12/-236 -45/-23/-243 
f -16/-8/-12 -6/-3/-4 -283/-256/-236 -41/-21/-243 
f -10/-5/-7 -13/-7/-8 -38/-19/-23 -31/-16/-237 
f -8/-4/-7 -11/-6/-8 -36/-18/-23 -29/-15/-237 
# 556 polygons - 58 triangles

