# 3ds Max Wavefront OBJ Exporter v0.99 - (c)2007 guruware
# ´´½¨µÄÎÄ¼ş:03.11.2025 15:29:47

#
# object ¶ÔÏó001
#

v  7301.4561 21785.8906 -4304.3115
v  7332.0127 21814.3125 -4249.6040
v  7399.2402 21660.4219 -4265.9653
v  7368.6816 21646.5586 -4318.8833
v  5841.4014 18685.9004 -4613.6401
v  5906.1846 18563.2031 -4610.8281
v  5758.8955 18494.5762 -4603.6699
v  5697.1699 18616.5801 -4601.6250
v  4626.4238 18851.5742 -2564.6592
v  4653.9248 18709.4688 -2565.9373
v  4817.7139 18742.7422 -2569.5161
v  4784.1006 18884.8477 -2563.6365
v  6418.9453 20303.1367 -2756.3916
v  6439.1133 20172.8145 -2743.3538
v  6580.9023 20181.1328 -2776.3318
v  6563.7891 20308.6816 -2788.3469
v  3787.9150 15643.4453 -2971.6431
v  3794.0273 15640.6719 -3095.1189
v  3836.1973 15578.9775 -3085.1489
v  3822.7510 15583.1367 -2960.1392
v  6455.6133 17616.2930 -4600.0908
v  6382.8877 17736.9102 -4610.5723
v  6523.4531 17801.3770 -4606.9932
v  6596.7910 17677.9863 -4600.0908
v  2772.7852 17626.6914 -3949.9900
v  2792.9512 17763.9434 -3939.7644
v  2835.7324 17780.5801 -4082.1577
v  2812.5098 17644.0195 -4091.6165
v  3753.6914 15730.7881 -3100.7432
v  3762.2471 15724.5498 -3232.6550
v  3806.2500 15640.6719 -3232.9106
v  6273.4912 14483.0283 -3365.5896
v  6291.8242 14512.1426 -3346.4163
v  6310.7695 14422.7197 -3246.7153
v  6292.4346 14395.6855 -3262.8210
v  7599.0879 17686.3047 -4322.4624
v  7533.6943 17645.4063 -4434.4341
v  7462.8018 17768.7969 -4450.2842
v  7539.1943 17810.3887 -4337.5454
v  3831.3076 16543.9121 -4575.0381
v  3760.4141 16430.9199 -4542.0601
v  3644.9043 16509.9453 -4535.9243
v  3718.2441 16631.2539 -4568.3911
v  5327.4189 15502.7256 -2807.5203
v  5263.2480 15605.3193 -2808.0315
v  5229.6338 15556.1016 -2940.9661
v  5293.8047 15463.2129 -2926.3943
v  4471.1885 18431.4961 -4609.2939
v  4438.1865 18574.9883 -4614.1514
v  4600.7539 18625.5898 -4618.4971
v  4636.8115 18486.9512 -4614.6626
v  3319.7695 18703.2305 -2496.4023
v  3452.3887 18702.5371 -2467.5146
v  3441.3887 18861.2793 -2483.8757
v  3306.9355 18859.8926 -2511.9966
v  5346.9775 17338.3203 -2468.0259
v  5543.1582 17357.7285 -2465.2139
v  5522.3789 17497.7559 -2477.2290
v  5328.6426 17472.8008 -2475.4395
v  5156.9063 17182.3496 -2480.5522
v  5357.3652 17198.9863 -2471.8606
v  5148.3506 17316.1367 -2476.9734
v  5123.9043 18827.3125 -2558.5237
v  5169.7402 18682.4336 -2568.4937
v  5316.4180 18728.1855 -2552.8994
v  5265.6934 18875.1426 -2543.1851
v  2681.1113 20467.4238 -4013.3896
v  2719.6133 20453.5605 -4139.4219
v  2744.6699 20312.8398 -4106.9551
v  2706.1680 20327.3984 -3975.5544
v  4730.9297 19427.6250 -4572.7373
v  4770.6563 19287.5977 -4590.1211
v  4624.5898 19235.6074 -4588.8428
v  4587.9199 19375.6328 -4574.0156
v  5584.7148 20048.7305 -4573.5039
v  5461.2627 19978.0254 -4580.6621
v  5424.5938 20113.1992 -4553.0527
v  5549.8799 20180.4375 -4544.1055
v  6799.6963 16997.9570 -4487.3521
v  6857.1455 16869.7148 -4422.9302
v  6736.1357 16811.4883 -4426.5093
v  6662.7959 16939.7285 -4489.6533
v  2517.3203 21036.5410 -3856.6804
v  2530.7656 20970.6875 -3972.2312
v  2563.7695 20824.4219 -3868.6956
v  2548.4902 20902.7539 -3730.3926
v  3212.8164 19995.3555 -4562.7671
v  3330.1582 20018.9238 -4599.5796
v  3348.4941 19865.7266 -4606.2266
v  3228.7070 19844.2383 -4567.3687
v  7699.3184 17630.8496 -4031.5403
v  7690.7627 17592.7227 -4173.9336
v  7631.4805 17719.5781 -4189.5278
v  7643.7031 17750.7734 -4044.5781
v  7244.0059 22210.8223 -3525.8779
v  7338.7363 22164.3789 -3537.1262
v  7306.3447 22137.3418 -3675.9404
v  7209.1709 22189.3320 -3660.0906
v  7411.4629 17206.6113 -2572.5840
v  7393.7402 17369.5137 -2571.5615
v  7207.3379 17361.1953 -2523.5005
v  7215.8936 17218.3945 -2528.8689
v  2667.0527 17289.1016 -2722.9023
v  2677.4453 17455.4707 -2716.2556
v  2627.3301 17456.1641 -2822.6033
v  2617.5508 17289.1016 -2831.5505
v  3624.7363 21527.3281 -4329.1094
v  3609.4590 21573.0781 -4250.8823
v  3708.4648 21613.9766 -4245.7695
v  3727.4102 21566.8398 -4325.2744
v  6537.5088 18909.1113 -4614.9185
v  6452.5586 19035.9648 -4616.9634
v  6557.6768 19107.3652 -4596.7676
v  6645.0732 18982.5898 -4598.0459
v  3894.2568 15700.9805 -4194.1294
v  3874.6992 15676.0254 -4080.8794
v  3800.7490 15733.5615 -4080.1125
v  3816.6396 15761.9824 -4199.4980
v  7192.0576 20958.2109 -3609.7290
v  7169.4453 20840.3652 -3592.6008
v  7203.6699 20822.3438 -3734.9941
v  7227.5059 20936.7207 -3753.4004
v  4261.5635 21566.8398 -2783.7454
v  4150.9434 21508.6094 -2776.8430
v  4194.3340 21416.4141 -2737.4739
v  4309.8438 21467.7109 -2745.1433
v  2799.0645 17935.1641 -2626.7803
v  2791.1191 17778.5000 -2629.8481
v  2906.6289 17773.6484 -2581.7871
v  2918.8516 17932.3906 -2577.1855
v  4024.4336 19817.8965 -4582.1963
v  4164.9990 19850.4766 -4555.6089
v  4194.9443 19711.1426 -4559.6992
v  4053.1572 19676.4824 -4583.4741
v  7129.1094 17597.5762 -4603.4146
v  7244.0059 17657.8848 -4581.6846
v  7325.2910 17529.6426 -4562.5117
v  7211.6152 17465.1758 -4583.7295
v  7168.8340 19689.6523 -3445.0947
v  7147.4443 19801.2578 -3454.5532
v  7129.7197 19806.8047 -3318.0398
v  7151.1113 19693.8125 -3308.8367
v  4397.2383 18114.0098 -2549.8318
v  4581.1963 18140.3516 -2562.6138
v  4556.7500 18271.3672 -2561.0801
v  4377.6826 18245.7188 -2546.2527
v  6996.4873 21288.1719 -4418.0732
v  7156.6113 21302.0371 -4398.6440
v  7159.6660 21171.7148 -4409.3809
v  7010.5449 21170.3281 -4424.2085
v  4827.4932 22201.8105 -3842.6199
v  4844.6064 22188.6406 -3710.7080
v  5002.8945 22251.0273 -3716.0767
v  4986.3936 22264.8906 -3849.2666
v  5845.0703 22354.3125 -4166.2646
v  5670.8896 22381.3496 -4168.3096
v  5673.3340 22392.4414 -4091.1052
v  5846.9023 22363.3262 -4089.8269
v  6387.1641 20701.0313 -2786.0461
v  6240.4863 20701.7266 -2759.9705
v  6246.5986 20563.7793 -2750.5117
v  6392.6650 20565.1641 -2777.8655
v  2714.1133 20915.9238 -2889.3262
v  2747.1152 20918.6973 -2798.8284
v  2776.4512 21083.6797 -2804.1968
v  2745.2813 21086.4512 -2890.0930
v  4723.5957 20694.1016 -2589.7122
v  4705.8730 20845.2188 -2622.1787
v  4580.5850 20808.4785 -2627.8030
v  4597.6973 20658.7461 -2595.8474
v  6239.8760 17976.0625 -4620.2866
v  6170.8164 18092.5195 -4619.7754
v  6316.2705 18159.0684 -4614.6626
v  6383.4980 18041.9180 -4613.1289
v  6580.9023 19303.5410 -4583.7295
v  6509.3965 19431.0898 -4587.5645
v  6616.9600 19490.7051 -4582.4517
v  6686.0195 19367.3164 -4577.8501
v  2588.8262 16970.9238 -2991.0720
v  2613.8848 16955.6719 -2850.9795
v  2612.6621 17122.0410 -2840.7539
v  2588.8262 17133.1328 -2975.4778
v  7468.3018 18076.5781 -2651.5776
v  7372.9609 18048.8496 -2617.3215
v  7444.4668 17888.7188 -2617.8328
v  7538.5840 17912.9824 -2650.8108
v  6849.8096 18121.6348 -4613.8955
v  6790.5273 18245.0234 -4612.8730
v  6923.7607 18305.3340 -4600.8579
v  6979.3760 18177.0898 -4599.0684
v  2840.0117 18707.3906 -3758.2576
v  2831.4551 18570.8281 -3756.9795
v  2789.8965 18568.0566 -3609.9846
v  2799.6758 18707.3906 -3610.2402
v  5579.2158 18868.2109 -4605.9707
v  5714.8926 18939.6113 -4622.8433
v  5777.2295 18811.3691 -4617.9863
v  5637.2754 18740.6641 -4602.6475
v  6656.6846 19799.1797 -2735.1731
v  6626.7383 19926.0352 -2748.7222
v  6489.2275 19910.7852 -2711.6541
v  6519.7861 19780.4629 -2696.0596
v  6340.7168 19475.4551 -2548.8091
v  6295.4912 19609.9355 -2575.3960
v  6168.3701 19590.5254 -2522.7336
v  6214.8174 19451.8867 -2490.0112
v  7193.8916 21098.2344 -3485.2305
v  7233.6162 21220.2383 -3506.9602
v  7212.2266 21237.5703 -3365.5896
v  7169.4453 21112.7930 -3344.3711
v  4448.5762 15885.3721 -4048.9241
v  4546.9707 15920.7256 -4048.9241
v  4524.9697 15896.4629 -3887.1018
v  4422.9063 15859.0303 -3892.9817
v  3504.9492 21552.2813 -4255.7393
v  3518.3965 21506.5313 -4332.9438
v  2727.5586 18704.6172 -3326.4761
v  2761.7832 18706.0020 -3466.5686
v  2751.3945 18563.2031 -3466.8242
v  2715.9473 18558.3516 -3327.7544
v  7118.1094 20143.0078 -3494.4338
v  7095.4961 20152.7109 -3357.6646
v  7102.2188 20036.9473 -3343.0928
v  7124.2188 20028.6289 -3479.3508
v  5224.1328 22241.3242 -3156.4734
v  5394.6475 22269.0508 -3163.1201
v  5375.0889 22293.3125 -3305.2578
v  5207.0205 22261.4258 -3301.1675
v  6147.5918 14713.8633 -3733.7158
v  6102.9766 14699.3066 -3737.0393
v  6082.8076 14798.4346 -3878.9214
v  6126.2012 14812.9922 -3875.8535
v  2667.0527 17220.4746 -3997.0283
v  2702.5000 17241.9648 -4134.0532
v  2646.2734 17108.8711 -4159.1064
v  2616.3281 17083.9141 -4024.1267
v  4726.6523 16448.9434 -4541.2930
v  4759.0439 16282.5752 -4487.0967
v  4630.0898 16234.0518 -4480.7056
v  4590.3643 16389.3281 -4540.5259
v  7117.4971 20258.0781 -3510.2837
v  7143.1660 20249.0664 -3647.8198
v  7146.8320 20362.7500 -3664.9478
v  7121.1641 20373.1484 -3526.3892
v  6497.1738 17197.5996 -2471.0938
v  6535.6768 17074.9023 -2504.3271
v  6692.1328 17137.9844 -2492.8232
v  6665.8525 17263.4531 -2458.8228
v  2998.3008 16269.4043 -4475.5928
v  3001.3574 16115.5146 -4442.3594
v  2868.1250 16136.3105 -4454.6299
v  2872.4023 16304.7578 -4480.7056
v  2687.2227 18695.6055 -2811.8662
v  2731.8359 18692.1387 -2713.6990
v  2735.5039 18844.6426 -2717.5337
v  2695.7793 18847.4160 -2813.6555
v  5156.2959 17047.8691 -2493.8457
v  5145.2959 16910.6133 -2514.5530
v  5341.4766 16915.4668 -2511.2297
v  5356.1436 17058.9590 -2486.9436
v  5355.5332 15361.3125 -2912.8452
v  5353.0869 15343.2891 -3046.0354
v  5409.9258 15239.3096 -3020.7268
v  5416.6475 15252.4805 -2900.0630
v  3905.8701 17279.3984 -4656.8438
v  3754.3018 17395.8555 -4639.7158
v  3927.8701 17492.9023 -4655.8213
v  4085.5498 17359.8086 -4661.7012
v  5708.7803 20111.1191 -4556.6318
v  5832.2354 20170.0410 -4536.6914
v  5868.2920 20039.7188 -4564.5566
v  5746.0615 19980.1055 -4588.5869
v  6739.8027 20063.9805 -2801.1292
v  6763.0264 19939.8984 -2788.3469
v  6890.1475 19949.6035 -2848.6787
v  6869.3682 20070.9141 -2861.9722
v  7734.1533 17773.6484 -2893.4163
v  7740.2656 17769.4902 -3017.1477
v  7699.9297 17911.5957 -3001.8091
v  7690.7627 17924.0742 -2878.0776
v  5438.6494 15482.6230 -3916.5010
v  5508.3223 15369.6309 -3874.3198
v  5450.8730 15386.9609 -3709.6853
v  5387.3125 15490.2480 -3749.0544
v  6139.6465 16536.9805 -2592.7798
v  6002.7480 16631.2539 -2553.9221
v  5910.4629 16465.5801 -2579.7419
v  6061.4180 16395.5664 -2610.4192
v  7506.8037 18529.9297 -3654.4663
v  7506.1924 18416.2461 -3620.2102
v  7481.7461 18368.4141 -3779.2202
v  7478.6904 18474.4746 -3800.9502
v  7843.5508 17363.9688 -2927.4167
v  7820.3281 17361.1953 -2818.2571
v  7871.6641 17223.9414 -2819.5354
v  7892.4434 17226.0215 -2927.1614
v  5749.1182 14653.5557 -2876.5439
v  5825.5107 14538.4844 -2881.1455
v  5842.6240 14549.5762 -2843.3103
v  5769.2852 14663.9531 -2833.5959
v  7151.7227 16914.0820 -4410.9150
v  6994.6553 16909.9219 -4416.7949
v  6964.0977 17046.4824 -4490.9316
v  7160.8906 17064.5039 -4493.9990
v  7601.5332 19063.6934 -3731.4150
v  7596.0332 18979.1230 -3767.2051
v  7615.5898 19047.0566 -3891.7034
v  7621.7021 19126.0820 -3862.5601
v  6368.8291 21950.1797 -2917.1912
v  6354.7744 22053.4648 -2992.8616
v  6208.0967 22046.5332 -2983.9141
v  6219.7080 21937.0078 -2906.7097
v  4308.6211 18812.7559 -2536.5383
v  4466.2998 18826.6191 -2556.2229
v  4443.6855 18974.2715 -2551.6211
v  4291.5088 18963.1797 -2534.2375
v  3209.7617 15928.3506 -3410.8384
v  3063.6953 15874.9736 -3417.9963
v  3072.8613 15881.2129 -3563.9688
v  3211.5957 15928.3506 -3550.9309
v  5214.9658 18541.0195 -2570.7944
v  5259.5811 18403.7676 -2570.5388
v  5422.1484 18445.3594 -2557.2454
v  5368.9785 18584.6934 -2555.9673
v  6437.2803 22008.4082 -4333.9663
v  6576.0117 21991.7695 -4333.4551
v  6575.4014 21884.3242 -4359.2749
v  6433.0020 21897.4961 -4360.8086
v  5957.5215 17218.3945 -4675.7617
v  5878.6836 17339.7051 -4704.6494
v  6017.4150 17415.9570 -4683.4307
v  6093.1992 17295.3398 -4656.8438
v  4793.8799 19376.3281 -2486.6877
v  4660.6475 19337.5078 -2506.3723
v  4705.2617 19180.1523 -2528.8689
v  4842.7715 19222.4355 -2509.4402
v  3197.5391 20768.9648 -4526.7217
v  3229.9277 20622.0078 -4545.3838
v  3119.3105 20596.3594 -4518.2852
v  3085.0859 20748.1699 -4500.3901
v  4955.8369 20917.3105 -2626.7803
v  5082.3457 20954.7441 -2641.0964
v  5060.3438 21106.5547 -2670.4954
v  4934.4453 21069.8145 -2658.9915
v  4834.8262 19742.3359 -2455.2437
v  4963.1699 19790.8594 -2455.4993
v  4935.6689 19947.5234 -2465.9807
v  4806.7139 19903.1602 -2463.6799
v  4179.0557 20862.5469 -2649.5327
v  4308.0098 20888.1953 -2657.7131
v  4286.6191 21030.3027 -2681.2324
v  4160.1094 21001.1875 -2674.8413
v  3041.6934 15944.9873 -2710.6313
v  3055.7500 15911.7139 -2776.3318
v  3214.6523 15979.6475 -2772.2415
v  3199.9824 16014.3066 -2705.7742
v  4606.8652 18012.8027 -2563.6365
v  4795.1016 18042.6094 -2565.9373
v  4765.7656 18170.1602 -2566.4485
v  6327.8828 20030.0156 -2687.3679
v  6195.2617 20017.5371 -2645.6980
v  6225.8193 19883.0566 -2619.6223
v  6356.6074 19896.2266 -2667.1719
v  2792.3418 17076.2891 -4455.3970
v  2866.2910 17218.3945 -4454.1187
v  2957.3555 17178.1895 -4502.4355
v  2879.7363 17034.0039 -4497.8335
v  4542.0820 17361.8867 -2497.6804
v  4734.5967 17388.2305 -2500.7483
v  4713.2061 17513.0059 -2520.9441
v  4520.0801 17485.9707 -2515.3198
v  6557.0664 19615.4805 -4581.6846
v  6444.6133 19560.7188 -4586.7979
v  6388.9980 19689.6523 -4579.6396
v  6506.9521 19739.5645 -4576.0605
v  3016.6367 17597.5762 -2555.9673
v  3001.9668 17433.9805 -2570.5388
v  3140.7012 17425.6621 -2553.9221
v  3150.4785 17585.0977 -2532.4480
v  3839.8633 20081.3125 -4606.7378
v  3976.7627 20102.1074 -4581.9404
v  3998.7637 19959.3086 -4581.9404
v  3861.2549 19934.3535 -4607.7603
v  5660.5000 21800.4473 -4376.9141
v  5811.4551 21812.2324 -4379.2153
v  5821.8447 21681.2168 -4400.6895
v  5675.7783 21663.1953 -4400.9448
v  5386.7002 18482.7930 -4619.0088
v  5544.9902 18548.6465 -4604.6924
v  5603.0498 18427.3359 -4611.5947
v  5443.5391 18361.4824 -4628.7231
v  5845.6807 15921.4180 -4458.2090
v  5951.4102 15929.7363 -4443.6372
v  5975.2461 15721.0840 -4405.8022
v  5882.3506 15709.2988 -4419.0957
v  3705.4102 15847.2461 -3115.5703
v  3751.8574 15738.4141 -2980.3350
v  3706.6309 15859.7236 -2995.4180
v  6830.8652 21272.2285 -4441.5923
v  6811.9189 21381.0625 -4432.6445
v  6977.5420 21401.8574 -4410.1479
v  4513.9697 19656.3809 -4544.1055
v  4371.5703 19610.6289 -4552.5415
v  4337.9561 19750.6563 -4541.8042
v  4479.7451 19796.4063 -4531.0674
v  6176.9268 14265.3633 -3168.9998
v  6155.5361 14331.9111 -3272.5354
v  6198.3174 14339.5361 -3279.1821
v  6217.8760 14272.2949 -3175.3909
v  7407.7969 18428.0293 -2695.2927
v  7312.4561 18407.9258 -2643.9084
v  7390.6846 18242.9453 -2650.2996
v  7475.0234 18259.5820 -2699.3831
v  7781.8242 17244.7363 -4225.0625
v  7801.9932 17318.9102 -4107.9775
v  7843.5508 17187.8945 -4047.6460
v  7823.9941 17099.1641 -4152.7153
v  7160.8906 19587.0586 -3167.7217
v  7130.9434 19593.2988 -3034.5315
v  7184.1123 19485.1602 -3027.6292
v  7211.6152 19479.6133 -3163.8870
v  3853.3096 21046.9375 -4538.9922
v  3877.1436 20920.0820 -4557.1426
v  3742.6914 20897.2070 -4562.7671
v  3724.9668 21021.2910 -4542.0601
v  7145.0000 17971.9043 -2555.2002
v  7210.3926 17821.4805 -2559.5461
v  7333.2363 17856.8320 -2589.9678
v  7263.5635 18013.4961 -2586.3887
v  6671.3535 17553.2109 -4590.1211
v  6529.5635 17494.2891 -4586.0308
v  4394.1836 20134.6875 -2510.2070
v  4268.2842 20117.3574 -2507.3950
v  4284.1748 19952.3770 -2490.7781
v  4410.0723 19971.0938 -2490.5225
v  4849.4951 18603.4102 -2570.0276
v  5013.8945 18640.8418 -2571.5615
v  4975.3926 18782.9492 -2567.2153
v  5014.5068 21909.2793 -2828.9941
v  4875.7754 21862.1406 -2822.8586
v  4925.8896 21724.1953 -2783.4897
v  5059.7334 21767.1738 -2789.3696
v  4138.7188 19990.5020 -4555.0977
v  7833.7725 16803.8633 -2613.4868
v  7925.4463 16652.7441 -2624.4795
v  7974.9492 16685.3242 -2620.6450
v  7877.7764 16840.6016 -2611.4417
v  5217.4121 19823.4414 -4567.8799
v  5175.2412 19962.7734 -4546.4058
v  5299.9180 20039.0273 -4553.0527
v  5339.0322 19901.7734 -4577.8501
v  4174.1670 17562.2227 -4646.6182
v  4388.6826 17623.2246 -4629.4902
v  4482.1885 17488.0508 -4635.3696
v  4289.6748 17426.3555 -4647.8965
v  7218.9482 16868.3281 -2737.2183
v  7356.4590 16866.2500 -2752.0457
v  7361.3477 16952.2070 -2648.5100
v  7201.8359 16968.8438 -2629.3369
v  7509.2490 17268.3047 -2590.9902
v  7574.0322 17113.0293 -2595.3362
v  2889.5156 18177.7852 -4062.2173
v  2873.6250 18046.7695 -4067.0747
v  2826.5664 18037.0645 -3919.5686
v  2840.6230 18171.5449 -3912.6660
v  2811.2871 19121.9219 -3622.2554
v  2811.2871 18984.6699 -3615.8643
v  2776.4512 18990.2148 -3469.1250
v  2777.0625 19131.6270 -3473.9824
v  6447.6699 15990.0449 -3455.8315
v  6495.3398 16096.7979 -3461.7114
v  6509.3965 16104.4238 -3299.8892
v  6462.3379 15999.0566 -3295.0320
v  5717.3369 21392.1523 -4434.9453
v  5582.2725 21358.1875 -4439.5469
v  5557.2148 21496.8262 -4421.6523
v  5695.3350 21527.3281 -4419.6069
v  2987.3008 15868.7354 -3886.8462
v  3008.6914 15891.6113 -4053.0144
v  3122.3652 15920.0322 -4031.0291
v  3106.4766 15902.7021 -3865.1165
v  3712.1328 20238.6680 -2559.0349
v  3853.3096 20240.7480 -2540.1172
v  3831.3076 20388.3984 -2562.1025
v  3690.7422 20387.0117 -2579.7419
v  6670.1289 19664.0039 -4582.7070
v  6787.4727 19708.3711 -4576.8276
v  6838.1992 19594.6855 -4576.5718
v  6725.1348 19544.7754 -4582.7070
v  7016.6563 19833.1465 -2928.1838
v  7075.3281 19824.1348 -3050.6370
v  7056.3809 19941.2852 -3062.6521
v  6994.0449 19951.6836 -2940.4548
v  7196.9463 21677.0586 -2977.2673
v  7076.5508 21558.5215 -2951.9587
v  7196.3359 21523.1680 -3026.3508
v  7291.0664 21652.1016 -3060.3516
v  2917.6289 15823.6777 -3436.4026
v  2774.0059 15775.1533 -3470.9146
v  2797.2305 15791.0967 -3624.8118
v  2934.7422 15834.0752 -3586.7209
v  6085.8643 14938.4609 -2768.1511
v  6157.3701 14953.0176 -2800.1064
v  6143.3135 15078.4873 -2795.5049
v  6066.9189 15066.0098 -2759.9705
v  6339.4941 15953.9990 -2853.7915
v  6394.4990 15922.8047 -2986.7261
v  6440.3369 16034.4102 -2987.7488
v  6385.9424 16071.1494 -2850.7239
v  7957.2266 16623.6289 -3672.1060
v  7936.4473 16563.3203 -3697.9258
v  7879.6094 16634.7227 -3862.8157
v  7904.6670 16700.5742 -3833.1611
v  4908.1660 17541.4258 -2513.2747
v  5105.5693 17571.2344 -2500.2371
v  5076.8447 17696.0098 -2522.2224
v  4882.4971 17665.5098 -2533.9819
v  7426.1309 18518.1445 -4107.9775
v  7389.4619 18502.2012 -4243.9800
v  7401.0742 18606.1816 -4249.0928
v  7438.3545 18618.6602 -4122.2939
v  6311.3818 14606.4180 -2924.8606
v  6289.9922 14604.3389 -2879.1003
v  6305.8809 14492.7334 -2873.9873
v  6326.0479 14492.7334 -2911.3113
v  4526.1934 20265.7031 -4508.8262
v  4390.5166 20211.6328 -4514.9619
v  4364.8486 20350.2734 -4516.2402
v  4498.6904 20402.9570 -4510.6162
v  6373.1074 16291.5879 -4276.4468
v  6271.0449 16386.5547 -4411.1709
v  6341.9404 16502.3203 -4423.4414
v  6440.3369 16397.6465 -4291.2739
v  3610.0684 19940.5918 -2544.7190
v  3753.6914 19935.7402 -2522.7336
v  3733.5234 20088.9375 -2540.1172
v  3589.9004 20091.7090 -2562.3584
v  5125.1250 16773.3613 -2539.6060
v  5316.4180 16771.2813 -2538.3279
v  6114.5889 19703.5176 -4612.3618
v  6003.9707 19639.0508 -4641.5054
v  5952.6318 19774.9180 -4621.0537
v  6067.5313 19835.9180 -4591.1436
v  5159.9629 20350.2734 -2537.8164
v  5141.6279 20503.4707 -2559.5461
v  5011.4521 20459.7988 -2538.3279
v  5028.5645 20305.2148 -2514.5530
v  7987.1738 16500.2402 -2637.5173
v  7876.5537 16613.9258 -2652.8560
v  7934.0020 16471.8203 -2671.0066
v  4468.1338 21315.9023 -4475.5928
v  4589.1416 21383.1406 -4449.7725
v  4620.9229 21242.4219 -4473.5479
v  4499.3008 21173.1016 -4493.9990
v  7555.6963 18225.6152 -3429.2446
v  7537.9727 18182.6367 -3591.8340
v  7515.9717 18300.4805 -3601.5483
v  7537.3613 18353.8574 -3441.7712
v  3223.2070 20714.8965 -2649.5327
v  3363.7734 20698.2598 -2646.4648
v  3346.0488 20847.9922 -2659.2471
v  3204.2598 20869.4805 -2661.8035
v  5651.3320 22199.0371 -4297.1538
v  5482.6523 22202.5039 -4298.4316
v  5484.4863 22295.3906 -4270.5669
v  5659.2773 22284.3008 -4267.7549
v  2569.8809 16356.7480 -3079.2690
v  2550.9336 16397.6465 -3231.3767
v  2516.7090 16252.7676 -3261.0315
v  2530.7656 16209.7891 -3108.4124
v  7446.9102 21928.6895 -3149.0596
v  7383.3496 21790.7422 -3096.6528
v  7420.6309 21791.4375 -3231.3767
v  7463.4121 21923.1445 -3299.8892
v  6343.1611 19817.8965 -4567.6240
v  6466.6152 19863.6465 -4566.8574
v  5890.2939 19184.3105 -2397.9797
v  6014.9707 19239.0742 -2395.1675
v  5963.0215 19385.3379 -2427.8899
v  5837.1230 19331.2695 -2429.1682
v  5218.0225 21073.2813 -4475.5928
v  5089.0684 21014.3594 -4484.7959
v  5060.3438 21154.3848 -4467.4121
v  5189.2979 21211.9219 -4457.6978
v  4142.3857 18965.2598 -2508.1619
v  3994.4873 18972.8848 -2482.0862
v  4006.0977 18816.9141 -2479.2742
v  4155.8320 18810.6758 -2508.4175
v  3275.7656 16685.3242 -4511.6382
v  3154.7578 16733.1563 -4511.8940
v  3229.9277 16876.6484 -4522.3755
v  3350.9375 16826.7383 -4526.2100
v  2534.4336 15712.0723 -3373.7700
v  2451.3164 15711.3789 -3390.8982
v  2468.4277 15737.0273 -3552.9761
v  2552.1563 15732.1748 -3536.1035
v  3492.1152 20829.9668 -2654.6455
v  3479.2813 20972.7656 -2669.2173
v  3333.2148 20997.7227 -2672.0293
v  2661.5547 16403.8867 -4475.5928
v  2754.4492 16351.8955 -4481.9839
v  2741.0039 16175.8223 -4462.5547
v  2633.4395 16228.5059 -4462.8105
v  7255.0078 19899.6934 -4333.7109
v  7261.7295 19803.3379 -4327.8311
v  7237.2832 19804.0313 -4401.9678
v  7226.8936 19899.6934 -4406.5688
v  7822.1611 16708.8945 -4030.7734
v  7856.9971 16785.1445 -3990.6375
v  2678.0547 17967.7441 -3347.9502
v  2671.3320 17822.1719 -3355.3638
v  2647.4980 17803.4570 -3213.2261
v  2653.6094 17952.4941 -3208.1133
v  2734.8945 19939.8984 -3743.9417
v  2751.3945 19801.9531 -3717.6104
v  2719.0020 19831.7598 -3570.8711
v  2702.5000 19972.4785 -3598.7363
v  7189.0020 19793.6328 -3727.5806
v  7167.0000 19797.0996 -3591.3225
v  7186.5586 19686.1875 -3582.3750
v  7207.9482 19684.1074 -3719.1440
v  4533.5264 18404.4609 -2559.8018
v  4359.9580 18382.2773 -2543.1851
v  6265.5459 19313.2461 -2462.4019
v  6319.9375 19175.9922 -2436.8374
v  6445.2256 19209.9590 -2501.5151
v  6389.6104 19340.9746 -2523.5005
v  2982.4121 18567.3633 -4211.2578
v  2973.2441 18436.3477 -4210.2349
v  2914.5742 18439.8125 -4058.6387
v  2924.3516 18570.8281 -4059.9170
v  4332.4551 16586.1973 -4609.0386
v  4467.5215 16651.3574 -4608.5273
v  4535.9707 16524.5020 -4578.6172
v  4405.7949 16460.7285 -4577.8501
v  4507.8584 19047.7500 -4602.6475
v  4539.0273 18905.6445 -4612.8730
v  4381.9609 18859.8926 -4612.1064
v  4354.4570 19003.3867 -4604.6924
v  5235.7471 18865.4375 -4614.9185
v  5189.9082 18998.5332 -4613.8955
v  5332.9189 19063.6934 -4607.7603
v  5383.6455 18929.9063 -4606.7378
v  7651.6484 17806.2285 -3739.0845
v  7648.5918 17779.1934 -3892.7261
v  7597.2549 17892.8789 -3901.1621
v  7603.9775 17920.6074 -3744.9644
v  2689.0547 19865.0332 -3426.6882
v  2666.4434 19899.6934 -3285.0620
v  2656.0527 20049.4238 -3312.1602
v  2674.3887 20009.9121 -3454.2979
v  3379.6641 20490.9922 -4584.7524
v  3508.0039 20500.0039 -4598.8125
v  3531.2305 20353.7383 -4611.0835
v  3405.9414 20342.6484 -4599.8354
v  7852.1074 17379.9102 -3305.2578
v  7855.7734 17372.9805 -3179.9924
v  7905.8887 17239.1914 -3180.2480
v  7900.3887 17250.9766 -3303.2124
v  2899.2930 15825.7568 -2876.5439
v  3061.8613 15891.6113 -2866.8293
v  2894.4043 15843.0869 -2786.8130
v  6223.3750 14838.6396 -2843.8215
v  6241.7100 14716.6367 -2842.0320
v  6274.1016 14723.5684 -2887.7922
v  6257.5986 14845.5723 -2898.7849
v  6788.6943 21485.0430 -4420.8848
v  6629.1836 21469.7910 -4440.5693
v  6610.2373 21573.0781 -4425.4863
v  6763.6367 21585.5547 -4407.0806
v  6024.1377 21311.0469 -4442.3594
v  5881.1260 21288.1719 -4442.3594
v  5857.2920 21417.8008 -4432.3887
v  6002.7480 21435.8242 -4432.9004
v  5359.8115 19444.2617 -2488.9885
v  5234.5234 19383.9531 -2480.8081
v  5290.1387 19231.4492 -2495.6353
v  5414.2031 19291.0625 -2492.3120
v  7370.5156 18709.4688 -4376.4033
v  7415.1299 18816.2207 -4370.5234
v  7466.4678 18810.6758 -4253.1831
v  7426.7422 18708.7754 -4252.9277
v  6422.0000 19629.3457 -2631.6375
v  6387.1641 19762.4395 -2647.9988
v  6258.8213 19746.4961 -2596.1033
v  4428.4072 21520.3945 -2752.8125
v  4353.2344 21345.0156 -2723.4136
v  4474.8555 21389.3789 -2729.0376
v  3655.2949 15913.7930 -4223.0171
v  3678.5195 15967.8633 -4325.2744
v  3760.4141 15891.6113 -4312.7480
v  3735.9668 15842.3936 -4211.2578
v  2479.4277 21406.7109 -4179.8135
v  2478.8184 21275.0020 -4193.6182
v  2470.8730 21283.3203 -4095.4512
v  2486.1523 21398.3906 -4044.0669
v  6486.1729 21349.8672 -4461.0210
v  6326.0479 21338.0820 -4456.6753
v  6309.5479 21451.7676 -4444.6602
v  6469.0596 21458.6992 -4448.2388
v  3355.8281 15981.7266 -3280.4602
v  3353.3828 15973.4082 -3417.7407
v  3470.1133 15990.0449 -3426.9438
v  3471.9492 16003.9092 -3289.4077
v  6106.0332 14334.6836 -2820.8137
v  6055.9170 14412.3223 -2809.3098
v  6023.5264 14390.1396 -2821.0693
v  6078.5313 14313.8877 -2831.8064
v  5966.0762 14346.4678 -2901.0857
v  6032.0830 14272.2949 -2911.3113
v  6040.0283 14281.3076 -2876.5439
v  5977.0801 14356.1729 -2866.3181
v  7023.3799 21738.0586 -4351.3501
v  6983.0430 21812.2324 -4342.1470
v  7083.8838 21889.1777 -4328.0864
v  7134.6104 21802.5273 -4338.8232
v  2839.4004 21662.5000 -2995.4180
v  2852.2344 21654.8750 -2902.6194
v  2902.3496 21821.9375 -2935.5974
v  2888.2930 21816.3906 -3040.9226
v  4567.7510 16984.7871 -2490.2668
v  4377.6826 16959.1387 -2488.9885
v  4376.4600 16833.6699 -2510.4626
v  4562.8613 16858.6250 -2509.4402
v  7508.0264 16636.8008 -3537.1262
v  7602.7559 16567.4805 -3551.6978
v  7652.2588 16559.8555 -3378.1162
v  7545.9180 16643.0391 -3374.5371
v  4434.5186 17956.6523 -4604.4370
v  4614.2002 18015.5762 -4604.6924
v  4679.5928 17880.4023 -4616.4521
v  4500.5254 17818.7070 -4611.5947
v  6354.1621 14390.8330 -2994.6511
v  6351.1074 14424.7998 -3070.8328
v  6348.6621 14471.9375 -3048.8474
v  6348.0498 14469.8574 -2997.7188
v  3555.0645 15926.9639 -3972.2312
v  3556.8984 15937.3623 -4110.5342
v  3644.9043 15880.5195 -4096.2178
v  3645.5156 15865.9629 -3956.6367
v  3070.4180 17124.8145 -4524.4204
v  2989.7441 16979.2422 -4516.2402
v  2529.5449 16726.2227 -3792.0024
v  2551.5449 16869.0234 -3764.1375
v  2558.8809 16909.2285 -3909.0872
v  2530.7656 16768.5078 -3936.1855
v  2562.5469 21469.0977 -3835.9731
v  2533.8223 21514.1563 -4009.8105
v  2512.4316 21346.4023 -3869.4624
v  7942.5586 16868.3281 -3718.3772
v  7983.5068 16785.1445 -3574.1943
v  7973.1162 16692.9492 -3632.4810
v  7927.2793 16775.4414 -3785.6113
v  7712.7637 17736.2168 -3435.1245
v  7705.4307 17716.1133 -3581.6082
v  7657.7588 17832.5703 -3585.4429
v  7667.5381 17856.8320 -3433.0793
v  5173.4072 18102.9180 -4664.2573
v  5339.6426 18174.3184 -4661.4453
v  5403.2031 18055.7813 -4683.9419
v  5238.8018 17981.6094 -4687.5210
v  7545.3066 18091.8281 -2700.6614
v  4633.7568 21722.8086 -4373.8467
v  4589.7520 21847.5859 -4345.9814
v  4724.8184 21911.3594 -4333.1992
v  4763.9326 21787.9688 -4357.9971
v  7264.1758 21365.8105 -3392.1765
v  7240.3398 21378.9824 -3250.0388
v  7183.5020 21247.9668 -3223.4519
v  4122.2188 21906.5078 -3983.4795
v  4011.5986 21832.3359 -3995.7502
v  4031.7676 21811.5391 -3856.6804
v  4141.1650 21885.0176 -3845.4321
v  5535.2129 21635.4668 -4399.9224
v  7590.5322 17867.2305 -4054.5483
v  7541.0283 17980.2227 -4062.7290
v  7550.8076 18005.8711 -3908.3203
v  7209.7813 21967.5078 -2946.0789
v  7107.7178 21900.2695 -2928.6951
v  7203.0596 21839.2656 -2953.7480
v  7297.1768 21955.0313 -2971.6431
v  6583.3467 22077.0352 -4308.4019
v  6712.2998 22056.2383 -4305.3345
v  6705.5771 21973.7480 -4329.1094
v  6676.2422 17246.8164 -4548.4512
v  6604.1260 17371.5938 -4568.6470
v  6748.9697 17427.0488 -4576.5718
v  6829.0313 17298.8066 -4558.6768
v  7522.0830 16611.1523 -4156.0386
v  7607.6445 16548.0703 -4000.6074
v  7562.4189 16566.7871 -3959.1934
v  7478.6904 16622.9375 -4083.6914
v  2867.5137 21722.8086 -3761.0696
v  2975.0781 21720.0371 -3771.8066
v  2990.3555 21708.9453 -3913.4331
v  2868.7344 21720.7305 -3907.8091
v  5295.6387 15441.0303 -3070.0659
v  4293.3408 19288.2910 -4584.7524
v  4325.1221 19146.1836 -4594.9780
v  4174.1670 19106.6719 -4601.6250
v  4145.4424 19250.1641 -4595.4893
v  3458.5020 18541.7148 -2452.4316
v  3592.3457 18533.3965 -2434.7922
v  3586.8457 18695.6055 -2447.3188
v  4441.2432 19329.1895 -4577.3389
v  4406.4053 19470.6016 -4564.8125
v  4550.6396 19516.3535 -4558.6768
v  7162.7227 20976.9258 -3467.5913
v  7220.7822 21076.0547 -3627.8794
v  3575.2344 18981.8965 -4611.8506
v  3430.3887 18970.1133 -4594.4668
v  3421.8320 19114.2969 -4597.5347
v  3563.0098 19126.0820 -4615.4297
v  5467.3750 15128.3975 -2996.1851
v  5477.1514 15137.4092 -2889.0703
v  3511.6738 19575.2754 -4630.7681
v  3641.8496 19591.9121 -4635.8809
v  3664.4629 19442.1816 -4631.5352
v  3530.0059 19422.7715 -4626.6777
v  3342.3828 15956.7715 -3843.6426
v  3454.8359 15958.1582 -3842.6199
v  3460.9473 15965.7832 -3702.5273
v  3344.8281 15959.5449 -3696.3918
v  6562.5674 16205.6309 -3303.7239
v  6621.8486 16300.5996 -3307.0471
v  6625.5176 16315.1563 -3146.2476
v  6565.6230 16219.4941 -3143.9468
v  6830.2539 18571.5215 -2461.3792
v  6938.4297 18624.2051 -2518.1318
v  6854.0879 18757.2988 -2515.5754
v  6738.5801 18707.3906 -2451.4092
v  3145.5898 20262.2363 -2619.1111
v  3165.7578 20106.2676 -2608.3740
v  3305.1016 20102.1074 -2599.9377
v  3284.3223 20255.3047 -2612.7200
v  6266.1563 15705.1406 -4066.0522
v  6293.0469 15857.6445 -4080.6240
v  6328.4941 15855.5645 -3930.5610
v  6297.9355 15718.3105 -3917.7791
v  3194.4824 20146.4727 -4555.6089
v  3309.9922 20172.1211 -4590.1211
v  6853.4775 22151.2070 -4243.7241
v  6730.6348 22176.1621 -4239.1226
v  6736.1357 22203.8906 -4178.5352
v  6862.0332 22181.0156 -4185.6934
v  7751.2666 17579.5527 -3718.6328
v  7752.4883 17549.0508 -3866.3948
v  7700.5400 17664.1230 -3882.2446
v  7701.7627 17691.8516 -3730.3926
v  7176.1670 20352.3516 -3803.2510
v  7171.8906 20240.0547 -3785.3557
v  7374.7939 19514.9668 -4235.7993
v  7371.1270 19492.7852 -4116.6694
v  7447.5215 19434.5547 -4116.9253
v  7449.3555 19459.5117 -4235.2881
v  7609.4775 19328.4961 -4111.0454
v  7596.0332 19288.2910 -3977.5996
v  7628.4238 19237.6875 -3982.7124
v  7644.3145 19279.9727 -4118.2031
v  6731.2451 18362.8691 -4614.1514
v  6668.9082 18473.7813 -4617.9863
v  6809.4746 18538.2500 -4609.8052
v  6869.3682 18430.8027 -4604.6924
v  3831.3076 21374.8223 -2751.2786
v  3811.7510 21421.9609 -2823.6257
v  3710.9102 21402.5508 -2813.1443
v  3725.5781 21358.8789 -2742.5869
v  6700.6885 20810.5586 -2862.4834
v  6855.3115 20791.1484 -2920.5144
v  6876.0898 20911.7656 -2928.9507
v  6715.3564 20937.4141 -2870.6641
v  2439.7031 15731.4814 -2743.8650
v  2412.8125 15769.6074 -2734.6619
v  2331.5293 15719.6973 -2791.4146
v  2355.3633 15690.5830 -2797.2944
v  7459.7441 18333.7539 -3934.1401
v  7451.8008 18439.1211 -3950.2458
v  7343.0137 19275.1211 -3164.9097
v  7410.2412 19171.1406 -3159.7966
v  7437.7432 19187.0820 -3293.2424
v  7366.2383 19281.3594 -3302.7012
v  4245.0605 16708.2012 -4631.0239
v  4383.7939 16776.8281 -4631.5352
v  7781.8242 16430.9199 -3696.1362
v  7717.0410 16486.3770 -3859.7480
v  7752.4883 16489.8418 -3875.3423
v  7817.2715 16430.2266 -3712.2419
v  5270.5811 17728.5898 -2516.0869
v  5236.9678 17853.3672 -2539.3503
v  5046.2871 17821.4805 -2543.1851
v  6547.2881 20962.3672 -2831.2949
v  6387.1641 20980.3926 -2800.1064
v  6385.9424 20838.9805 -2793.7153
v  6539.3438 20827.1953 -2824.3926
v  6485.5605 20391.1719 -4523.1426
v  6464.7813 20512.4805 -4512.6611
v  6605.3467 20538.8242 -4512.6611
v  6623.0713 20418.9004 -4521.8643
v  2552.7676 21250.0469 -4322.4624
v  2582.7148 21083.6797 -4298.4316
v  2542.9883 21086.4512 -4232.2207
v  2506.9316 21258.3652 -4266.4766
v  4054.9912 16376.8506 -2620.3894
v  4054.9912 16239.5977 -2643.9084
v  4188.2236 16218.8008 -2650.0439
v  4196.7803 16403.8867 -2613.7427
v  7562.4189 18812.0625 -3534.3140
v  7577.6982 18902.1797 -3647.3083
v  7582.5879 18993.6816 -3600.2700
v  7566.0869 18918.1211 -3467.5913
v  7371.7383 22064.5566 -3673.3840
v  7416.9629 21973.7480 -3652.1655
v  7392.5176 21934.2344 -3795.0703
v  7344.8467 22029.8984 -3812.1982
v  6327.8828 15551.2500 -3249.7830
v  6320.5488 15536.0000 -3401.6353
v  6342.5508 15650.3770 -3421.8311
v  6352.9404 15664.9346 -3266.3999
v  3060.0273 15873.5879 -3273.8135
v  3211.5957 15930.4297 -3272.2798
v  4024.4336 15619.8770 -3649.8647
v  3963.9277 15599.7734 -3659.5793
v  3981.6523 15612.9443 -3805.8071
v  4044.6016 15633.7402 -3795.8372
v  7757.9883 17616.9844 -3434.8689
v  7723.1533 17750.7734 -3291.9644
v  7765.3232 17625.9961 -3298.8667
v  2689.0547 19600.9238 -3235.9783
v  2669.5000 19622.4141 -3098.1865
v  2661.5547 19777.6895 -3121.4502
v  2677.4453 19750.6563 -3259.2419
v  6932.3164 16619.4707 -3163.1201
v  7027.6563 16671.4609 -3170.0225
v  7025.8223 16695.0293 -3012.5461
v  6927.4277 16643.7324 -3005.1323
v  3198.1504 18388.5176 -2504.3271
v  3066.7500 18388.5176 -2541.1399
v  3064.3066 18236.0137 -2536.2827
v  3195.7051 18231.1602 -2497.6804
v  4966.8369 22212.9023 -4237.3330
v  4814.0469 22149.8203 -4241.4233
v  4802.4365 22196.9590 -4169.8433
v  4957.6689 22257.2656 -4168.5649
v  4119.7734 17546.2793 -2497.6804
v  4305.5645 17580.2461 -2513.7861
v  4280.5068 17704.3281 -2525.0344
v  4097.7725 17672.4414 -2506.1167
v  6055.3066 14695.1475 -3731.9263
v  6034.5273 14794.9688 -3873.5527
v  3219.5410 15944.2939 -2992.0947
v  3062.4727 15880.5195 -2987.7488
v  3060.0273 15874.2813 -3130.9089
v  3215.2617 15935.9756 -3133.4653
v  6856.5342 16609.7656 -3997.2842
v  6948.2051 16658.9824 -4003.6753
v  6963.4854 16645.1191 -3832.3943
v  6873.6465 16596.5957 -3825.7476
v  2665.8320 16453.1016 -2769.9407
v  2615.1055 16475.2852 -2902.8752
v  2596.7715 16323.4746 -2929.7178
v  2646.2734 16295.0527 -2791.6704
v  2573.5469 16943.1953 -4051.7361
v  2594.9375 16966.0703 -4184.6704
v  3017.2461 21930.0762 -2829.2498
v  2957.3555 21810.8457 -2805.7307
v  3002.5781 21793.5156 -2773.5195
v  3065.5293 21898.1875 -2789.3696
v  3706.0195 19147.5703 -4620.0313
v  3547.1191 19273.0410 -4620.7979
v  3686.4648 19293.1426 -4625.6553
v  7077.7715 22217.7539 -3627.3682
v  7177.3906 22169.9219 -3790.9800
v  7046.6035 22203.1953 -3758.0020
v  6304.0479 20603.2910 -4495.5327
v  6167.1475 20568.6309 -4486.5854
v  6143.3135 20692.7148 -4476.3594
v  6282.6572 20725.2930 -4486.5854
v  7538.5840 19342.3594 -3980.4116
v  7523.9170 19304.9277 -3847.4771
v  7578.9209 19245.3125 -3842.8755
v  5901.9063 17022.2188 -4648.4077
v  5820.6221 17140.7578 -4681.8970
v  6033.9170 17100.5508 -4642.2725
v  7712.1533 16630.5625 -2912.0784
v  7699.9297 16597.9824 -3054.7273
v  7794.6582 16475.9785 -3069.2988
v  7809.9375 16500.2402 -2924.6047
v  6001.5244 14919.0508 -2752.8125
v  5975.2461 15050.0664 -2741.8198
v  5884.1826 15025.1113 -2737.4739
v  5920.8525 14894.0957 -2750.0005
v  5150.1846 22328.6660 -3855.4021
v  5165.4629 22312.0293 -3720.4224
v  7391.2949 21326.9922 -3974.7876
v  7368.0713 21241.0352 -3968.9077
v  7417.5752 21254.8984 -4103.8872
v  7434.6875 21393.5391 -4066.3076
v  7961.5039 16206.3242 -2914.3792
v  7998.7842 16140.4688 -2841.2651
v  7968.2275 16216.0283 -2803.1743
v  7928.5020 16290.2012 -2865.2957
v  6265.5459 15091.6582 -3023.5388
v  6269.2119 15211.5820 -3048.3362
v  6241.7100 15212.9678 -2941.2217
v  6239.2656 15091.6582 -2926.6499
v  3263.5430 20408.5020 -2625.5022
v  3404.7188 20398.7969 -2617.3215
v  3383.9395 20549.2227 -2632.6602
v  3242.7637 20561.6992 -2637.7729
v  6071.8076 14672.2715 -2776.8430
v  6108.4775 14557.8945 -2789.3696
v  6166.5371 14575.9170 -2796.7832
v  6137.8125 14691.6816 -2786.5574
v  7261.1191 19899.6934 -4245.0024
v  7251.3408 19899.6934 -4137.6323
v  7258.0625 19795.7129 -4126.8955
v  7267.2305 19799.8711 -4238.3555
v  2901.7402 15813.9727 -3140.6233
v  2906.6289 15816.0518 -3286.5957
v  4926.5020 15874.2813 -3684.3767
v  4821.9922 15904.0879 -3696.6475
v  4845.2178 15916.5664 -3864.8608
v  4952.1699 15886.0645 -3854.1240
v  7476.8574 18068.9531 -4220.4609
v  7434.6875 18043.9961 -4362.0869
v  7391.9063 18156.9883 -4370.7788
v  7438.3545 18179.8633 -4227.6187
v  2616.9395 16792.7715 -2863.2505
v  2590.6582 16812.8730 -3009.2227
v  2591.2695 16658.9824 -3029.4187
v  2618.7734 16632.6406 -2880.1228
v  7132.7754 19914.9434 -3466.0574
v  7112.6084 19921.1816 -3329.7993
v  4801.2129 18545.1797 -4622.3320
v  4843.9941 18412.0859 -4620.7979
v  4677.7607 18349.0039 -4610.5723
v  4930.7783 17415.9570 -2494.8684
v  4751.0986 17262.7598 -2486.9436
v  4948.5029 17289.1016 -2484.3870
v  2657.2754 18086.9746 -2808.5427
v  2638.3301 18086.9746 -2934.0637
v  2634.6641 17933.7773 -2935.3418
v  2653.6094 17933.7773 -2808.5427
v  2821.0664 18434.2695 -3757.4907
v  2778.8965 18428.0293 -3611.0071
v  6110.3115 14813.6855 -2776.8430
v  6197.7051 14706.2383 -2809.0540
v  6176.3154 14828.9355 -2803.9412
v  5700.8359 20355.8184 -2614.5095
v  5681.2793 20500.0039 -2630.3594
v  5548.0469 20472.9688 -2604.0281
v  5566.9922 20322.5449 -2587.4114
v  6142.7021 14459.4600 -2801.6404
v  6192.8174 14475.4033 -2807.7759
v  2737.3359 19286.2109 -3340.7920
v  2709.8340 19300.7676 -3200.9551
v  2700.0566 19451.1934 -3216.2937
v  2726.9473 19431.0898 -3356.6418
v  6977.5420 20772.4316 -3022.0049
v  6841.8652 20670.5313 -2912.0784
v  6962.2637 20655.9746 -3012.0349
v  6200.1514 15086.8057 -2851.2351
v  6208.7080 14962.7227 -2847.4006
v  6245.3770 14968.9619 -2911.8228
v  3720.6875 16540.4453 -2595.5918
v  3564.2324 16482.2168 -2612.9756
v  3592.9570 16360.2139 -2637.7729
v  3742.6914 16414.9766 -2622.4343
v  7295.9551 18123.7148 -4484.2847
v  7167.6113 18087.6680 -4558.4209
v  7114.4424 18213.8301 -4564.8125
v  7254.3965 18242.9453 -4491.6982
v  5438.0391 20284.4180 -2565.9373
v  5419.7041 20438.3086 -2583.5767
v  6200.1514 14877.4590 -3837.7627
v  6180.5938 14983.5186 -4001.1187
v  6212.9854 15039.6680 -3946.9224
v  6227.0420 14927.3691 -3799.4163
v  2641.3848 18091.8281 -3067.2539
v  2637.1055 17940.0176 -3070.0659
v  7270.8965 19488.6250 -3712.7532
v  7234.8408 19580.1270 -3713.7756
v  7214.6709 19579.4336 -3575.9839
v  7255.0078 19479.6133 -3574.1943
v  5193.5762 15696.8223 -2812.6331
v  5117.1816 15773.0742 -2820.0466
v  5090.2910 15713.4580 -2972.1545
v  5162.4072 15639.9795 -2956.5603
v  4749.8760 15881.9063 -3202.2334
v  4770.0439 15886.0645 -3366.6121
v  4870.8867 15859.0303 -3351.0178
v  4849.4951 15856.2578 -3186.1279
v  7003.2119 17475.5723 -2480.2969
v  6825.9746 17440.9121 -2451.9204
v  6841.2539 17312.6699 -2459.0784
v  7023.9902 17342.4785 -2480.8081
v  7566.6973 17300.8867 -2601.7273
v  7655.3154 17150.4609 -2604.2837
v  3418.7754 16328.3271 -4477.3823
v  3286.7676 16365.0664 -4482.4951
v  3337.4922 16500.9336 -4498.3447
v  3464.6133 16450.3301 -4500.6455
v  5525.4336 18983.2832 -2488.2217
v  5399.5342 18925.7480 -2519.6658
v  5454.5410 18777.4023 -2522.2224
v  5583.4941 18835.6309 -2479.5298
v  6555.2324 19650.1406 -2681.9993
v  6691.5205 19672.3242 -2722.3909
v  6277.1572 15574.8184 -3898.8613
v  6324.2158 15735.6406 -3761.0696
v  6300.3799 15608.0918 -3743.1746
v  6165.3154 20150.6309 -2671.0066
v  6028.4160 20133.3008 -2637.7729
v  6060.8066 20001.5938 -2609.9080
v  5682.5010 22337.6797 -3734.4829
v  5689.2246 22312.7227 -3597.9692
v  5853.6250 22284.9941 -3603.5933
v  5849.3467 22309.9492 -3738.5732
v  4810.3809 19148.2637 -4605.2041
v  4660.0361 19095.5820 -4603.1587
v  2647.4980 17299.5000 -3692.5574
v  2681.1113 17440.9121 -3672.6172
v  2713.5020 17466.5605 -3817.0557
v  2679.2793 17329.3066 -3833.4167
v  5158.7402 17115.8027 -4654.5430
v  5231.4678 16996.5703 -4636.6479
v  5064.0107 16907.8418 -4610.0610
v  4993.7275 17034.6973 -4629.2344
v  5295.6387 21327.6855 -2715.7444
v  5322.5293 21177.2617 -2692.9919
v  5457.5957 21207.0684 -2700.9170
v  5428.8711 21355.4141 -2721.8796
v  2690.2793 17619.7578 -2710.1201
v  2639.5527 17619.7578 -2815.1895
v  5870.7383 19667.4707 -2499.2144
v  6000.9141 19705.5977 -2518.3877
v  5961.7998 19842.8516 -2549.8318
v  5829.1777 19804.7246 -2528.8689
v  5126.9590 16783.7578 -4587.5645
v  4969.8926 16702.6543 -4573.7598
v  4908.7773 16831.5898 -4597.5347
v  6455.6133 17009.0488 -4537.2026
v  6593.7363 17067.9707 -4526.2100
v  6537.5088 16877.3418 -4495.2773
v  2540.5449 21518.3164 -4276.4468
v  2500.8203 21397.0039 -4274.9126
v  2520.9863 21529.4063 -4164.7305
v  4371.5703 16706.1211 -2540.1172
v  4554.3057 16732.4629 -2535.7715
v  7496.4131 18258.1953 -3764.1375
v  5126.9590 22279.4492 -4235.5439
v  5142.8496 22206.6621 -4279.7700
v  4986.3936 22137.3418 -4286.4165
v  5991.7461 16921.0137 -2493.3345
v  5748.5059 16912.6953 -2490.2668
v  5687.3906 16733.1563 -2525.2900
v  5866.4600 16703.3477 -2530.6584
v  6109.7002 17330.6934 -2465.2139
v  6278.3799 17395.1621 -2461.1235
v  6256.9883 17533.8008 -2473.1387
v  6085.8643 17475.5723 -2477.2290
v  5059.7334 16496.0820 -2592.7798
v  4883.7207 16496.7734 -2592.7798
v  4853.7734 16358.8281 -2625.5022
v  5012.0625 16348.4297 -2622.9458
v  7156.0000 22236.4707 -3118.3823
v  7157.2236 22203.1953 -3038.8774
v  7279.4541 22217.7539 -3068.5320
v  7306.9561 22233.0039 -3136.7888
v  3934.5928 15712.7656 -2766.6172
v  3891.8125 15630.2744 -2804.1968
v  3908.9248 15610.1719 -2843.8215
v  3961.4854 15686.4238 -2810.5879
v  2360.2539 15831.3027 -2815.4451
v  2384.6992 15809.1201 -2757.4141
v  2486.7637 15879.1328 -2717.0225
v  2448.2598 15915.8730 -2772.4971
v  5790.6758 17958.7324 -2550.5986
v  5961.7998 18007.2578 -2534.2375
v  5909.2402 18137.5781 -2520.1770
v  5745.4512 18088.3613 -2550.0874
v  2796.0078 21469.0977 -2972.9214
v  2767.8945 21272.9219 -2979.5681
v  2784.3965 21264.6035 -2882.1680
v  2808.2324 21458.6992 -2881.6567
v  5308.4736 22269.0508 -4274.6572
v  5320.6973 22172.6953 -4302.5225
v  4564.6953 19147.5703 -2542.1626
v  4419.8516 19125.3887 -2541.6511
v  4596.4766 18997.1465 -2557.2454
v  6853.4775 20191.5313 -2873.9873
v  6721.4678 20188.0645 -2813.9114
v  3533.0625 21437.2109 -4389.9521
v  3646.1270 21455.9258 -4389.1855
v  6706.8008 20312.1484 -2825.4153
v  6842.4756 20312.1484 -2884.9800
v  5912.9072 17424.9688 -2474.1614
v  5938.5762 17275.2383 -2462.4019
v  4009.7656 20093.7891 -2509.6958
v  4140.5537 20104.1875 -2505.8611
v  4122.8291 20260.8516 -2528.1021
v  3989.5967 20248.3711 -2529.3804
v  6047.3613 15330.1191 -2741.0530
v  6054.0850 15197.0244 -2751.0229
v  6135.9805 15205.3428 -2791.4146
v  6135.9805 15334.2783 -2786.3018
v  7311.2334 20766.1934 -4380.2378
v  7343.0137 20761.3398 -4316.3271
v  7322.2334 20646.2695 -4308.4019
v  7295.9551 20649.0430 -4376.6587
v  7693.8184 17894.9590 -3139.6008
v  7734.1533 17761.1719 -3152.1274
v  4115.4951 20130.5293 -4555.6089
v  4253.6182 20166.5742 -4531.3228
v  4278.6738 20027.9355 -4531.0674
v  3886.3115 21491.2813 -2950.4248
v  3786.6924 21450.3809 -2939.9434
v  3911.3691 21458.6992 -2834.8740
v  5886.6270 17565.6895 -2495.8909
v  5708.1699 17526.8691 -2486.9436
v  5732.6172 17384.7637 -2468.2815
v  3005.0254 18039.1445 -4354.9292
v  3114.4219 18016.9609 -4471.7578
v  3090.5859 17888.7188 -4468.4346
v  2983.6328 17910.9023 -4354.9292
v  6976.9316 20070.2188 -2953.2368
v  6321.1611 22267.6641 -4168.5649
v  6322.3818 22275.2891 -4092.3833
v  6467.2275 22251.7188 -4094.6841
v  6465.3926 22244.0957 -4171.3770
v  3174.9258 18854.3477 -2540.3730
v  3187.7598 18698.3789 -2527.5908
v  6140.2568 19280.6660 -2416.8972
v  6088.9209 19423.4648 -2447.8301
v  2894.4043 17515.0859 -4359.0195
v  2852.8457 17379.2188 -4363.8770
v  2794.7852 17384.0703 -4246.5361
v  2831.4551 17518.5508 -4236.3105
v  5002.2842 19633.5039 -2453.7100
v  5131.2383 19687.5742 -2465.9807
v  5093.9570 19840.7715 -2471.3491
v  4681.4268 18570.1348 -2566.4485
v  5130.0156 17445.7656 -2484.1313
v  5301.7500 17602.4277 -2492.8232
v  3013.5801 21329.7656 -4417.0503
v  2892.5703 21331.1523 -4407.3359
v  2903.5723 21446.2227 -4392.5088
v  3025.8047 21435.1309 -4399.6665
v  2330.3066 15758.5166 -2798.8284
v  7409.6299 17400.7070 -4535.9243
v  7294.7324 17335.5469 -4556.8872
v  7328.3467 19564.1836 -4233.7539
v  7324.0674 19543.3887 -4116.4141
v  6279.6006 19632.1172 -4597.7905
v  6227.6523 19763.8262 -4583.7295
v  6238.0430 17671.7480 -4632.3022
v  6310.1592 17551.8242 -4618.4971
v  7113.8301 22132.4902 -4143.2563
v  6987.9316 22173.3887 -4119.7373
v  6999.5439 22183.0938 -4010.5776
v  7129.7197 22144.2734 -4036.1421
v  5951.4102 18141.7383 -4630.7681
v  6021.0820 18026.6660 -4639.2046
v  5867.0703 17960.1191 -4670.3926
v  5796.1758 18075.1914 -4657.0996
v  7335.6797 22053.4648 -2985.4480
v  7203.0596 22039.6016 -2946.3345
v  3242.1523 21619.5234 -4033.8411
v  3222.5957 21622.2949 -3888.1245
v  3372.9395 21568.9180 -3898.6057
v  3372.3301 21581.3965 -4034.0967
v  5507.7100 15110.3740 -3264.6104
v  5458.8184 15215.7402 -3307.3027
v  5502.8213 15199.1035 -3457.6211
v  5549.2695 15095.8174 -3408.0264
v  5656.8330 14771.4004 -3020.9824
v  5732.6172 14646.6240 -2995.9292
v  5736.8945 14648.0098 -2929.4622
v  5661.1104 14770.0137 -2938.6653
v  4686.3164 16898.8301 -4617.2192
v  4534.7490 16838.5215 -4623.8662
v  4441.2432 16968.1504 -4640.4824
v  4599.5313 17028.4590 -4632.8135
v  7610.7012 18179.8633 -3120.9390
v  7607.0342 18221.4570 -2984.4253
v  7652.8701 18059.9395 -2989.5381
v  7651.0371 18032.9063 -3127.8413
v  3830.0840 21523.1680 -3264.6104
v  3723.7441 21475.3359 -3259.4976
v  3756.1357 21466.3242 -3094.8633
v  3858.8105 21510.6914 -3102.7881
v  2345.5859 15681.5713 -3084.8931
v  2411.5898 15671.8662 -3076.4570
v  2397.5352 15664.9346 -2948.1240
v  2332.1406 15672.5596 -2952.2144
v  3286.1563 21037.2344 -4504.4805
v  3142.5332 21055.2578 -4481.4727
v  3140.0898 21181.4199 -4457.6978
v  3283.1016 21154.3848 -4478.6602
v  7764.1006 16798.3164 -4193.6182
v  7814.2158 16883.5801 -4135.0757
v  7737.8213 17487.3574 -2725.9700
v  7777.5469 17492.9023 -2814.1670
v  7742.7109 17627.3828 -2804.9636
v  7700.5400 17621.8379 -2720.3459
v  2687.2227 19319.4844 -2822.3474
v  2718.3906 19318.0977 -2729.8047
v  2708.0020 19483.7734 -2739.2634
v  2678.0547 19483.0801 -2832.8289
v  7391.2949 22194.1855 -3128.8638
v  7321.0127 22190.0254 -3035.0427
v  4400.2949 17292.5684 -4646.8735
v  4577.5303 17354.2617 -4639.4600
v  4376.4600 21627.1484 -2790.9033
v  4495.0244 21689.5352 -2798.8284
v  4445.5195 21773.4141 -2871.4312
v  4330.6230 21704.7852 -2865.0400
v  7277.0098 22111.0000 -3810.1531
v  6232.5420 14224.4648 -3083.3594
v  6192.2061 14219.6123 -3077.4795
v  5398.9238 21596.6465 -4401.2007
v  5378.7568 21740.1387 -4376.9141
v  5516.8779 21777.5703 -4375.8916
v  5696.5576 19755.5078 -2518.1318
v  5739.9502 19616.1758 -2491.2896
v  3506.7832 16736.6211 -2578.7195
v  3534.2852 16607.6875 -2593.5466
v  3696.8516 16665.9160 -2570.5388
v  3672.4082 16792.0781 -2550.3430
v  5623.8301 19915.6367 -4604.4370
v  5503.4316 19842.1563 -4609.5498
v  2393.8672 15681.5713 -2813.3999
v  2388.3672 15670.4805 -2860.4385
v  2471.4844 15683.6514 -2846.3779
v  2460.4844 15701.6738 -2783.2341
v  2617.5508 21254.2070 -4364.6436
v  2704.9473 21272.9219 -4390.7192
v  2710.4453 21120.4180 -4390.4634
v  2637.1055 21095.4629 -4352.6284
v  7221.3945 20689.9414 -3858.4697
v  7263.5635 20673.3047 -3998.0510
v  7288.0098 20784.9102 -4018.5024
v  7244.0059 20802.9336 -3878.1543
v  2676.2207 20603.9844 -2986.2148
v  2677.4453 20445.9336 -2961.1619
v  2704.9473 20448.7070 -2845.3555
v  2703.7227 20606.7578 -2865.2957
v  2829.6211 21451.7676 -2810.8435
v  2873.0137 21647.2500 -2834.3628
v  7721.9316 17181.6563 -2622.4343
v  7646.7578 17328.6133 -2622.9458
v  5178.9082 19535.7637 -2469.3042
v  5052.3984 19476.8418 -2461.8904
v  5107.4033 19322.9512 -2479.2742
v  2737.9492 17605.2012 -3806.0630
v  2747.7285 17490.1309 -3960.7271
v  5323.7520 17528.9492 -4728.9355
v  5166.6855 17442.2988 -4701.5815
v  5081.1230 17567.0762 -4693.1450
v  5236.9678 17652.3398 -4718.4541
v  3569.1211 20242.1328 -2580.7646
v  5611.6074 17919.2207 -2551.1099
v  5647.6650 17792.3652 -2532.9592
v  5827.9570 17830.4922 -2540.3730
v  6886.4805 17481.8125 -4592.9331
v  7011.1553 17538.6543 -4603.9258
v  7095.4961 17406.2520 -4583.9854
v  6972.6533 17352.1836 -4574.7822
v  2804.5645 21641.7051 -3422.0867
v  2818.6211 21647.2500 -3267.9338
v  2863.8477 21756.0820 -3315.9946
v  2861.4023 21733.2070 -3464.5234
v  2608.9941 17156.0078 -3719.1440
v  2589.4375 17119.2676 -3577.5178
v  2619.3848 17266.9199 -3552.2090
v  3008.6914 21201.5234 -4438.5244
v  2896.2383 21195.2852 -4424.9756
v  4117.9395 21575.1563 -4412.9600
v  4009.1553 21508.6094 -4422.9302
v  3965.1523 21609.1250 -4373.3354
v  4071.4922 21679.1367 -4363.6211
v  3656.5176 16211.1758 -4467.1563
v  3705.4102 16320.0088 -4507.8037
v  3808.0840 16231.9717 -4500.3901
v  3755.5254 16132.8438 -4458.4648
v  6241.7100 14816.4580 -3666.4817
v  6247.8213 14986.2910 -3742.9189
v  6259.4326 14868.4473 -3621.2329
v  3548.3438 20391.8652 -2599.9377
v  7666.3164 17553.9043 -4303.0332
v  2619.9961 21628.5332 -4011.3445
v  2610.2168 21640.3184 -4166.5200
v  6529.5635 18407.2344 -4620.7979
v  6594.3467 18292.8555 -4616.9634
v  6384.1094 15869.4287 -3610.2402
v  6425.6670 15983.8066 -3618.4207
v  6406.7227 15879.1328 -3447.6511
v  7295.3428 19377.0195 -3301.6787
v  7275.1758 19377.0195 -3163.3757
v  4191.2783 18369.1074 -2512.7634
v  4342.8467 18521.6113 -2540.1172
v  4179.6680 18513.2930 -2509.6958
v  2555.2129 16817.7266 -4207.6787
v  2539.3223 16802.4766 -4079.0898
v  3196.3164 18543.7930 -2514.5530
v  3327.1035 18545.1797 -2481.3193
v  6303.4365 15514.5098 -3559.6228
v  6322.9932 15633.0469 -3582.6306
v  6605.3467 22233.0039 -4096.9849
v  6465.3926 22248.2539 -3997.5398
v  6604.7363 22231.6172 -3996.2617
v  3586.8457 17883.8672 -2460.3564
v  3443.8340 17885.2539 -2464.4468
v  3438.9453 17729.2852 -2486.6877
v  3587.4551 17732.7500 -2481.5750
v  2790.5098 19392.9648 -3649.0979
v  2827.1777 19377.7129 -3801.7170
v  2843.0664 19246.0039 -3785.1001
v  2806.3984 19257.7891 -3632.2256
v  5637.2754 16740.0879 -4601.1133
v  5443.5391 16635.4141 -4570.6919
v  5368.9785 16762.9629 -4593.6997
v  5559.6592 16862.0898 -4625.9111
v  3107.0879 21671.5117 -3895.7937
v  3127.2559 21659.7266 -4043.2998
v  3004.4121 21695.7734 -4055.3152
v  6425.6670 20754.4102 -4496.0439
v  6406.1113 20874.3320 -4488.6304
v  6557.0664 20896.5156 -4492.2095
v  6572.9570 20777.9766 -4498.0894
v  4511.5254 18541.7148 -2558.2681
v  4708.9277 18433.5742 -2566.7041
v  2623.6621 21625.7617 -4282.3262
v  6265.5459 15434.7920 -3865.3721
v  6260.0449 15305.8574 -3816.7998
v  6237.4316 15239.3096 -3955.8699
v  6239.2656 15377.9492 -4013.9009
v  5335.3633 22355.6992 -3724.2571
v  5322.5293 22377.1914 -3860.2593
v  4512.7471 22077.0352 -4179.5576
v  4655.1465 22136.6484 -4173.6777
v  4667.9805 22089.5117 -4248.8369
v  4527.4150 22028.5098 -4256.7622
v  7569.1416 19080.3320 -3573.6831
v  7589.3096 19136.4805 -3712.2419
v  7559.9746 19199.5605 -3705.8506
v  7539.1943 19155.1953 -3565.2468
v  2493.4863 15680.1855 -3062.3965
v  2511.2090 15694.0488 -3214.5044
v  2608.9941 15713.4580 -3191.2407
v  2597.3828 15705.8330 -3040.9226
v  6840.0332 22068.0234 -2950.9360
v  6679.2988 22019.5000 -2937.6426
v  6706.8008 21927.9961 -2900.8301
v  6865.0898 21991.7695 -2917.9580
v  4768.8213 22071.4883 -3142.4128
v  4631.3125 22004.9414 -3136.0217
v  4655.7588 21974.4414 -2996.9519
v  4792.6572 22038.2148 -3003.5986
v  6726.9688 16462.1133 -3645.0076
v  6806.4180 16533.5137 -3649.8647
v  6823.5303 16535.5938 -3482.1628
v  6744.6914 16463.5000 -3477.8169
v  5520.5449 22335.5977 -3591.3225
v  5531.5459 22312.0293 -3452.5083
v  5699.0039 22287.7676 -3460.9446
v  4068.4375 19600.9238 -2488.4773
v  4199.8350 19603.0039 -2490.7781
v  4176.6113 19772.1445 -2486.1765
v  4047.6582 19767.2930 -2487.9661
v  4982.1172 18073.1113 -2565.9373
v  4948.5029 18202.0469 -2568.2380
v  3143.7559 21640.3184 -4174.4448
v  3018.4688 21674.9785 -4184.6704
v  6548.5107 21871.8477 -2886.0027
v  6390.2207 21830.9492 -2873.4761
v  6426.8906 21702.0117 -2849.1899
v  6590.6797 21753.3086 -2865.2957
v  3867.3662 16335.9521 -4535.9243
v  3962.7061 16230.5859 -4517.5186
v  3899.7578 16127.9922 -4482.4951
v  2759.3379 15907.5547 -4271.5894
v  2629.1621 15931.8164 -4295.6201
v  2628.5508 16056.5928 -4419.0957
v  2748.3379 16013.6143 -4406.8247
v  3027.6367 16432.3066 -4490.9316
v  2909.6836 16473.2051 -4493.4878
v  2968.3555 16632.6406 -4502.9463
v  3085.6973 16586.8906 -4501.9238
v  6686.0195 20059.1289 -4555.0977
v  6816.8076 20084.7773 -4540.7817
v  6840.6436 19970.3984 -4549.4736
v  6714.1338 19941.2852 -4565.0679
v  2666.4434 18549.3398 -3060.3516
v  2655.4414 18397.5293 -3062.6521
v  2650.5527 18393.3691 -2932.0186
v  2660.9434 18545.8730 -2930.7402
v  5164.2393 21295.1055 -2708.3306
v  5189.9082 21143.2930 -2683.0220
v  8113.6826 16611.8457 -3100.9985
v  8138.7402 16588.2773 -2958.3496
v  8158.9082 16446.1719 -3003.8542
v  8124.0723 16491.2285 -3152.1274
v  6197.0947 22127.6367 -3091.7954
v  6050.4180 22136.6484 -3081.5698
v  6061.4180 22052.0781 -2970.6206
v  7275.7871 21162.0117 -4402.2231
v  7360.7373 21150.2266 -4383.0498
v  7346.0703 21014.3594 -4384.0723
v  7267.2305 21028.2227 -4409.6367
v  7018.4893 18478.6328 -2531.4255
v  7126.6650 18523.6914 -2583.5767
v  7052.1025 18668.5703 -2577.1855
v  6912.7607 17993.3945 -4616.7080
v  6979.3760 17862.3789 -4618.2417
v  6856.5342 17802.0703 -4620.5425
v  6786.2500 17930.3125 -4620.0313
v  7327.7363 21267.3750 -3823.7024
v  7371.1270 21369.2773 -3870.4851
v  7349.1260 21421.2656 -3722.2119
v  7301.4561 21308.9688 -3680.5420
v  3197.5391 21914.8262 -2991.8391
v  3265.3770 21795.5957 -2951.1917
v  3261.7090 21770.6406 -3040.4111
v  3196.3164 21873.2344 -3084.8931
v  7193.2803 21381.0625 -3109.4348
v  7268.4541 21514.8477 -3143.4355
v  7102.8291 21397.6992 -2996.1851
v  2926.7969 18687.9805 -2590.4790
v  3056.3613 18692.1387 -2557.5010
v  3044.7480 18847.4160 -2566.4485
v  2917.6289 18841.1777 -2597.3813
v  6034.5273 17746.6133 -2520.6885
v  6061.4180 17613.5195 -2498.4475
v  6233.7646 17667.5898 -2493.0789
v  6206.8740 17799.2969 -2510.9739
v  7094.2734 19581.5156 -4521.3530
v  7005.0449 19541.3086 -4548.9624
v  6948.2051 19641.1289 -4555.8647
v  7047.8252 19676.4824 -4525.4434
v  2704.3359 18411.3926 -3330.5664
v  2693.3340 18263.0469 -3334.9124
v  2665.2207 18252.6504 -3199.1658
v  2675.0000 18403.7676 -3195.5867
v  2750.7832 20050.8105 -3915.2227
v  2729.3926 20188.7578 -3943.5991
v  2767.8945 20173.5078 -4079.3457
v  2789.2852 20035.5605 -4054.8037
v  3487.8379 16055.8994 -2899.2961
v  3478.6699 16033.0234 -3020.9824
v  3572.7871 16021.9326 -3025.0725
v  3583.7891 16044.8086 -2908.2437
v  6334.6055 14400.5371 -2905.6873
v  6348.0498 14393.6055 -2945.0564
v  6340.1064 14485.8008 -2954.0039
v  3446.8906 20096.5625 -2584.0879
v  3426.1113 20248.3711 -2600.9604
v  2597.3828 17230.8730 -3411.0940
v  2583.9375 17194.8281 -3265.3774
v  2601.6621 17348.7168 -3245.1816
v  2622.4395 17381.9902 -3387.5747
v  7918.7236 16278.4160 -3009.7341
v  7890.6104 16308.2246 -3172.8345
v  7926.0586 16261.7793 -3211.1809
v  7949.8936 16222.2676 -3054.9829
v  5947.1328 19034.5801 -2369.0918
v  5826.1230 18969.4180 -2394.6563
v  5890.2939 18816.9141 -2374.7161
v  6010.0811 18882.0742 -2345.5728
v  4970.5029 22024.3516 -2897.7622
v  4828.1055 21970.9746 -2892.3938
v  4113.6611 15673.2529 -3782.7993
v  4087.9932 15656.6162 -3636.8271
v  3912.5918 19644.5957 -4608.0156
v  3885.0889 19789.4746 -4608.0156
v  6253.9326 14576.6104 -3470.6589
v  6274.1016 14609.1904 -3447.3953
v  7325.9014 19146.8789 -2905.1760
v  7261.1191 19261.9492 -2898.2734
v  7175.5566 19246.0039 -2786.5574
v  7240.9502 19130.2422 -2787.3245
v  7723.7646 17346.6367 -2661.8035
v  7783.0469 17357.0352 -2728.0151
v  7673.6494 17475.5723 -2662.0591
v  3121.1445 19327.8047 -2570.5388
v  3100.3633 19484.4668 -2578.9751
v  2965.9102 19481.6934 -2594.8250
v  2987.3008 19322.2578 -2588.4338
v  7358.2930 18269.2871 -4376.6587
v  7336.2910 18380.1992 -4380.4932
v  7392.5176 18396.1426 -4239.1226
v  7409.6299 18288.6953 -4233.7539
v  4488.9131 18682.4336 -2557.2454
v  4325.7344 18665.1035 -2538.0723
v  2992.1914 17271.0781 -2583.8323
v  3135.8105 17268.3047 -2572.8396
v  3169.4238 18826.6191 -4470.9912
v  3168.2031 18688.6719 -4470.2241
v  3064.9180 18694.2188 -4354.1621
v  3068.5840 18829.3926 -4356.4629
v  2888.2930 18839.7910 -3914.9668
v  2883.4023 18706.0020 -3910.3655
v  2846.1250 18843.2559 -3761.8367
v  5404.4248 20855.6152 -4484.5400
v  5375.7002 20990.7891 -4477.3823
v  5506.4883 21042.0859 -4468.6904
v  5533.9902 20907.6055 -4475.3369
v  7135.2207 20989.4023 -3327.2429
v  7109.5518 20869.4805 -3311.6487
v  7139.4990 20857.0039 -3451.4856
v  6385.9424 20992.1758 -4481.4727
v  6539.9551 21013.6641 -4485.8184
v  2739.1699 20761.3398 -2787.0688
v  2704.9473 20761.3398 -2880.6343
v  2739.1699 20604.6777 -2771.2188
v  5602.4395 15074.3281 -3553.2317
v  5556.6035 15178.3086 -3611.2627
v  5620.1631 15153.3525 -3766.4380
v  5666.6104 15047.2930 -3695.8809
v  3039.2480 18297.0156 -4353.6509
v  3147.4219 18280.3789 -4472.7808
v  3133.3672 18147.2832 -4472.7808
v  3023.9707 18167.3867 -4354.4180
v  6739.1904 21681.2168 -4387.6514
v  6719.6348 21774.1055 -4370.5234
v  6853.4775 21781.7305 -4355.1846
v  6882.2021 21697.1602 -4368.4780
v  4534.7490 16180.6758 -2677.6533
v  4675.3145 16203.5508 -2673.0518
v  4692.4268 16354.6680 -2628.0586
v  4531.6943 16335.9521 -2631.6375
v  2946.9629 18177.7852 -4212.0244
v  2930.4629 18048.1563 -4214.3252
v  7395.5732 22196.9590 -3248.2493
v  7372.3486 22186.5586 -3392.4321
v  7278.8418 22230.2305 -3384.2515
v  7302.0664 22239.9375 -3245.6929
v  3652.2383 17043.0156 -4600.8579
v  3764.6914 17171.9512 -4634.3472
v  3898.5332 17069.3574 -4647.8965
v  3781.1934 16958.4453 -4620.2866
v  6002.1367 14515.6094 -3457.8767
v  6054.0850 14505.2109 -3480.1177
v  6082.1973 14413.0156 -3367.1233
v  6031.4717 14420.6406 -3344.1155
v  5564.5479 19702.8242 -2512.5078
v  5610.3838 19558.6387 -2493.5903
v  8011.6191 16550.8438 -3510.5393
v  8066.0127 16479.4453 -3350.7622
v  8049.5107 16417.7500 -3379.1387
v  7993.8955 16491.2285 -3536.8706
v  5434.9824 18799.5840 -4604.9482
v  5523.6006 18998.5332 -4609.8052
v  7031.9355 20563.0859 -4463.5776
v  6890.7578 20565.8594 -4483.0063
v  6882.8145 20685.7813 -4475.0815
v  7026.4346 20683.0078 -4455.9082
v  4651.4805 21099.6230 -4491.1870
v  4746.2100 21309.6621 -4449.5171
v  4776.7666 21169.6367 -4473.2920
v  3987.1533 15856.9512 -2717.0225
v  3940.0938 15881.9063 -2700.9170
v  3900.9795 15730.7881 -2743.3538
v  5313.9727 15722.4707 -4140.4443
v  5407.4814 15608.7852 -4113.0908
v  5360.4219 15592.1484 -3949.2231
v  5274.8594 15693.3555 -3975.0430
v  4031.7676 21762.3203 -4303.8003
v  4143.6084 21835.1074 -4292.8076
v  4180.8896 21751.9238 -4352.3726
v  2415.2578 15931.1230 -2874.7544
v  2558.8809 16009.4551 -2735.9402
v  2505.7090 16032.3301 -2840.7539
v  4364.2363 16438.5469 -2605.8176
v  4367.9033 16297.1328 -2638.7957
v  6335.8281 14530.1660 -3158.7742
v  6346.8291 14398.4580 -3102.7881
v  6332.1611 14489.2676 -3196.8650
v  3398.6094 19409.6016 -4606.4824
v  3411.4434 19260.5625 -4601.8804
v  6319.3271 14683.3633 -3174.3684
v  6302.8262 14797.7412 -3240.0686
v  6300.9922 14831.0146 -3148.8040
v  6316.2705 14713.8633 -3095.6301
v  5475.9307 21839.2656 -2803.1743
v  5505.2656 21677.7500 -2773.0083
v  5650.7217 21677.0586 -2777.6099
v  5621.9971 21833.7207 -2809.3098
v  3155.9805 21407.4023 -4409.8926
v  3035.5820 21528.0195 -4379.2153
v  3163.3125 21496.1328 -4380.7490
v  6692.7432 20684.3945 -2854.0474
v  6537.5088 20694.7930 -2816.9790
v  6540.5654 20563.7793 -2808.5427
v  6691.5205 20559.6191 -2845.0999
v  7656.5381 19226.5957 -4132.2637
v  7641.2578 19180.8438 -3995.4946
v  6297.9355 14699.3066 -3371.4692
v  6314.4365 14591.1680 -3284.2949
v  6305.8809 14547.4961 -3320.3406
v  6288.7676 14650.0898 -3415.4399
v  8043.3994 16526.5820 -2633.4270
v  3312.4355 17022.9141 -4537.7139
v  3190.8145 17073.5156 -4531.8340
v  3276.3770 17221.1680 -4547.6841
v  3401.0527 17170.5645 -4561.4893
v  5989.3018 20097.2559 -4540.5259
v  5957.5215 20226.1895 -4519.8193
v  2962.2441 20223.4180 -4426.7646
v  3063.6953 20261.5430 -4498.3447
v  3083.2520 20113.1992 -4502.1797
v  2981.1895 20078.5391 -4422.4189
v  6598.0137 19521.8984 -2664.6157
v  6466.0049 19497.6367 -2609.9080
v  6516.1191 19368.7031 -2587.9226
v  6648.7393 19396.4297 -2645.1868
v  5964.8555 16109.9688 -2641.6077
v  6115.2012 16054.5127 -2681.7437
v  6156.7598 16191.0732 -2670.7510
v  6004.5811 16254.8477 -2626.5247
v  5859.1250 17700.1699 -2520.4329
v  5679.4453 17662.7363 -2510.4626
v  6283.8789 21911.3594 -4359.7861
v  6434.8340 21785.1973 -4386.8848
v  6282.6572 21794.9023 -4384.8394
v  6171.4268 17930.3125 -2515.3198
v  6330.3271 17986.4609 -2486.6877
v  6271.0449 18116.7832 -2460.8679
v  6122.5342 18060.6328 -2501.2595
v  4247.5049 18672.0352 -4614.4072
v  4273.1738 18526.4648 -4613.1289
v  4105.1055 18482.0996 -4616.9634
v  4084.9385 18629.7500 -4616.1963
v  5025.5078 15758.5166 -3153.1499
v  5051.7871 15755.0508 -3319.3181
v  5128.1826 15685.0371 -3299.6335
v  5101.9023 15691.9688 -3134.4880
v  2487.9844 21237.5703 -3932.3506
v  6599.2373 22196.9590 -4236.5664
v  6721.4678 22123.4785 -4278.4917
v  6591.9023 22144.2734 -4278.2363
v  4661.2578 22151.9004 -3966.8628
v  4515.8037 22092.2852 -3966.6069
v  4528.0273 22079.1133 -3835.7178
v  4674.7041 22140.1152 -3837.7627
v  7662.0381 17931.0059 -2778.3770
v  7710.3184 17772.9551 -2790.3921
v  3874.6992 20088.9375 -2520.6885
v  2785.6191 17508.1523 -4101.8423
v  2654.2188 20429.2969 -3094.6077
v  2649.9414 20587.3477 -3124.5178
v  4243.2266 21974.4414 -3974.2764
v  4238.9492 21978.5996 -4097.7520
v  4116.1074 21910.6660 -4109.0000
v  5120.2373 22322.4277 -4170.3545
v  7460.3564 16640.2676 -3703.5500
v  7404.7412 16686.7109 -3534.8254
v  7366.8486 16680.4727 -3700.2266
v  2755.0605 15762.6758 -3315.9946
v  6473.3379 16093.3320 -3624.8118
v  6527.7295 16197.3125 -3630.4360
v  6548.5107 16198.6992 -3466.3130
v  4934.4453 16765.7363 -2535.0044
v  4950.3359 16898.1367 -2511.2297
v  6748.9697 21822.6289 -2883.7019
v  2645.0527 20199.8477 -3340.0251
v  2634.0508 20353.0469 -3369.1685
v  2641.9961 20303.8281 -3514.6294
v  2659.1074 20155.4844 -3483.4412
v  3436.5000 18244.3320 -4598.3018
v  3427.9453 18096.6797 -4598.0459
v  3272.7090 18120.2480 -4552.2856
v  3285.5430 18258.8887 -4553.5640
v  7099.1621 20998.4141 -3184.8496
v  7136.4424 21121.1113 -3201.9778
v  7074.7158 21128.7363 -3061.8853
v  7032.5469 21008.1211 -3045.7798
v  3587.4551 16391.4082 -4505.5029
v  3544.6738 16277.7236 -4473.0361
v  7091.2168 20750.2500 -3297.0771
v  7121.7754 20737.7734 -3436.1470
v  6182.4277 18391.9824 -4616.9634
v  6322.3818 18457.8379 -4623.0986
v  6390.2207 18340.6855 -4618.7529
v  6249.6533 18274.8320 -4615.4297
v  3220.7617 15958.1582 -2866.5737
v  3366.8281 16021.2393 -2881.4011
v  3364.3848 16048.2734 -2782.4670
v  3933.3711 18444.6680 -4621.8208
v  3762.2471 18416.2461 -4623.0986
v  3756.1357 18565.9766 -4619.5200
v  3921.1475 18593.7031 -4619.0088
v  3864.9219 15577.5908 -2858.9045
v  3855.7539 15601.1602 -2811.6106
v  3821.5283 15608.7852 -2824.1370
v  3820.3076 15593.5352 -2873.7319
v  6256.3779 18993.6816 -2363.7234
v  6325.4375 18852.2676 -2345.3171
v  6448.8926 18909.8047 -2396.7014
v  6380.4424 19041.5117 -2414.3408
v  6125.5889 14604.3389 -3614.8418
v  6170.2041 14619.5889 -3611.5183
v  6672.5752 16383.0898 -3473.9824
v  6758.1377 16470.4336 -3313.9495
v  6686.6318 16389.3281 -3310.3706
v  6181.2041 16068.3770 -4361.5757
v  6216.6523 16235.4375 -4387.6514
v  6316.8828 16166.1182 -4258.0400
v  6273.4912 16025.3984 -4237.5889
v  6308.9375 14724.9551 -3016.1252
v  6294.2686 14846.2656 -3056.2612
v  6280.8242 14849.0381 -2970.3650
v  6295.4912 14726.3418 -2945.5676
v  4762.7109 16769.8945 -4596.5122
v  4614.2002 16710.2793 -4601.6250
v  6250.2656 14180.7930 -2907.7324
v  6260.6553 14193.2705 -2881.6567
v  6222.1523 14193.2705 -2868.1077
v  6211.7627 14175.2480 -2899.2961
v  7606.4229 16722.7578 -2907.9880
v  7486.6367 16778.9063 -2901.8525
v  7482.3574 16740.7813 -3055.4941
v  7596.0332 16686.7109 -3060.0957
v  3849.6426 15638.5928 -3667.2485
v  3836.8086 15638.5928 -3518.9756
v  3786.6924 15703.7539 -3512.8401
v  3794.6377 15698.2080 -3662.9026
v  7713.3740 16934.1836 -4325.5303
v  7709.7080 16724.8379 -4233.2427
v  7640.0361 16875.9551 -4378.4482
v  3353.9941 15976.8740 -4146.5801
v  3367.4395 16016.3867 -4276.1909
v  3471.3359 16003.2158 -4252.4160
v  3459.1133 15969.9424 -4126.6396
v  4558.5850 15963.0107 -4214.3252
v  4463.8555 15928.3506 -4208.7012
v  4453.4648 16007.3750 -4354.4180
v  4548.8057 16048.9668 -4366.9443
v  5914.7402 19528.8320 -2462.9131
v  5787.0088 19474.7617 -2460.6123
v  7065.5488 20279.5664 -3237.2566
v  7093.0508 20268.4766 -3373.2588
v  7095.4961 20384.9336 -3388.8530
v  7066.1602 20396.7188 -3252.3396
v  6145.1475 22135.9570 -4306.3569
v  5985.0234 22158.1387 -4303.2891
v  5997.2471 22235.0840 -4271.0781
v  6156.1475 22209.4355 -4273.1230
v  3064.3066 22025.7383 -3023.5388
v  3064.3066 21977.9063 -3137.8113
v  2990.3555 21968.2031 -3125.7961
v  3000.7461 22002.8613 -3005.8994
v  7339.9580 22135.2637 -3001.0422
v  7183.5020 22105.4551 -2957.0715
v  7168.8340 20128.4492 -3768.9946
v  7169.4453 20016.8438 -3753.6560
v  7197.5586 20011.9922 -3889.4026
v  7199.3926 20121.5176 -3905.5083
v  2622.4395 20915.9238 -4260.5967
v  2585.1602 20913.8438 -4173.6777
v  7621.7021 19098.3535 -4189.7837
v  7578.9209 19020.0234 -4226.3403
v  7538.5840 19026.2617 -4346.7485
v  7598.4775 19121.9219 -4322.9736
v  4617.8662 21751.9238 -2807.0088
v  4548.8057 21573.7715 -2760.7375
v  4672.2598 21627.1484 -2768.4067
v  4281.7305 20913.1523 -4527.2324
v  4155.2197 20865.3203 -4540.0146
v  4133.2197 21001.8809 -4534.1353
v  4257.8945 21051.7930 -4521.8643
v  3594.7891 18246.4102 -4620.0313
v  3765.9131 18264.4336 -4627.4448
v  3765.9131 18110.5449 -4631.2793
v  3589.2891 18093.2148 -4622.0762
v  5013.2842 15777.2324 -2987.7488
v  3132.1445 21991.0781 -3018.1702
v  3133.9785 21938.3945 -3120.6831
v  4183.9443 15782.7783 -2968.0642
v  4192.5020 15755.0508 -3128.6082
v  4304.3428 15818.1318 -3107.1340
v  4297.6191 15849.3262 -2944.0337
v  3790.9717 17215.6230 -2496.1467
v  3614.3477 17176.8047 -2527.5908
v  3630.2363 17046.4824 -2529.6360
v  3807.4736 17092.2344 -2497.4248
v  7153.5557 20477.1289 -3682.3315
v  7187.7813 20464.6523 -3821.1460
v  7203.0596 20576.9492 -3839.2966
v  7167.0000 20592.1992 -3699.4597
v  3154.7578 16397.6465 -4487.3521
v  3210.9844 16544.6055 -4500.1348
v  7355.8477 17716.1133 -4530.0449
v  7434.0762 17592.0313 -4511.8940
v  7576.4756 18900.0996 -3816.0330
v  7549.5850 18828.6992 -3872.7859
v  7567.3076 18905.6445 -3974.0205
v  7596.0332 18974.2715 -3929.7944
v  7401.0742 17887.3340 -4464.0889
v  7286.7871 17839.5039 -4543.0825
v  7225.0605 17963.5859 -4551.5186
v  7345.4590 18005.8711 -4475.0815
v  6198.3174 15210.8887 -2855.0698
v  6204.4297 15335.6641 -2857.3706
v  3888.1455 15598.3867 -3517.9529
v  3904.6465 15605.3193 -3665.7148
v  3945.5938 15587.9893 -3511.5618
v  4812.2129 22213.5957 -3970.9529
v  4802.4365 22214.2891 -4079.6011
v  4654.5352 22153.9805 -4079.8569
v  4737.0420 18300.4805 -2566.4485
v  4914.8877 18333.0625 -2569.2607
v  7449.3555 17560.8359 -2595.8474
v  7547.7520 17589.9512 -2622.6902
v  7501.3037 17734.1367 -2619.8779
v  7393.1279 17705.7148 -2592.5242
v  7484.1914 17928.2324 -4350.8389
v  7522.6934 17956.6523 -4211.7686
v  7575.2529 17840.1953 -4201.7988
v  2661.5547 17120.6543 -2729.0376
v  2660.3320 16952.2070 -2734.6619
v  2742.8379 16950.8203 -2654.6455
v  2743.4492 17119.9609 -2651.5776
v  6835.7539 20551.3008 -2903.6421
v  6954.3184 20539.5156 -3001.8091
v  6708.0215 16466.9668 -3814.2437
v  6788.6943 16536.9805 -3819.8677
v  2643.2188 18240.1719 -2933.2966
v  2646.8848 18244.3320 -3064.9531
v  4204.1133 18229.0820 -2517.8765
v  4217.5586 18092.5195 -2524.2673
v  2745.8945 19141.3320 -3330.8220
v  2744.6699 18996.4531 -3327.2429
v  2703.1133 19720.1543 -3400.8682
v  2733.6699 19691.7344 -3545.3066
v  2746.5039 19551.7070 -3521.5320
v  2715.9473 19575.9688 -3377.0935
v  6260.0449 20847.2969 -4478.1494
v  5493.6543 17631.5430 -2498.9587
v  4611.1436 22022.2715 -3281.2273
v  4482.8008 21948.0996 -3275.3474
v  4503.5801 21928.6895 -3129.8865
v  6504.5078 21239.6484 -4471.2466
v  6345.6074 21223.7051 -4465.8784
v  3462.7813 17005.5840 -2564.4033
v  3298.9902 16973.0039 -2587.6670
v  3317.9375 16827.4297 -2594.0581
v  3482.3359 16870.4102 -2569.2607
v  6592.5127 21675.6719 -4405.5464
v  6441.5576 21674.9785 -4411.6816
v  6580.9023 21778.2656 -4383.0498
v  7525.7500 19420.6914 -4395.8320
v  7434.0762 19462.9766 -4399.1553
v  7446.2998 19467.8301 -4327.5752
v  7538.5840 19424.1563 -4325.2744
v  5409.3145 15316.9482 -3347.1833
v  5426.4268 15228.2188 -3160.0522
v  5373.8662 15330.1191 -3193.5415
v  3585.0117 18838.4043 -4610.5723
v  3436.5000 18826.6191 -4593.1885
v  6646.9072 22208.0508 -3342.3259
v  6648.7393 22194.1855 -3219.3616
v  6813.1406 22216.3672 -3218.5945
v  6812.5303 22226.0723 -3338.4912
v  3254.9863 17984.3828 -4549.2178
v  3229.3184 17854.7539 -4542.5713
v  6143.3135 15465.9863 -2779.9106
v  6217.2637 15460.4404 -2858.6489
v  2902.9609 18308.7988 -4059.4055
v  2961.6309 18306.7188 -4210.4907
v  3727.4102 19914.9434 -4627.7002
v  3750.6348 19764.5195 -4628.7231
v  3063.6953 18539.6348 -2548.5535
v  3913.2031 20825.8086 -2635.4722
v  4047.0459 20841.7520 -2641.3521
v  4029.9346 20978.3125 -2667.4277
v  3896.7012 20963.7539 -2661.8035
v  6237.4316 20967.9141 -4470.7354
v  6711.0781 20914.5371 -4482.7510
v  6723.3018 20796.6953 -4488.6304
v  2770.9512 18848.8008 -3466.8242
v  2737.9492 18850.8828 -3326.4761
v  3877.7559 15558.8750 -2942.4998
v  3891.8125 15554.0225 -3070.8328
v  3948.6494 15575.5117 -3052.1709
v  3929.0928 15587.9893 -2923.5823
v  4475.4668 19188.4707 -4590.1211
v  5678.2227 22362.6328 -3869.4624
v  5847.5127 22334.2109 -3872.7859
v  5847.5127 22355.6992 -3996.0059
v  5675.1680 22384.1211 -3994.7275
v  2934.7422 19099.7402 -4083.4360
v  2936.5762 18968.0332 -4074.7441
v  2890.1270 18972.8848 -3921.1025
v  2888.2930 19105.2852 -3929.5386
v  2697.0000 19004.7715 -3054.7273
v  2690.2793 18852.9609 -3056.0054
v  2682.9453 18850.8828 -2928.6951
v  2689.0547 19004.7715 -2927.9282
v  7306.9561 21802.5273 -3003.3430
v  3615.5684 21092.6914 -2680.4653
v  3750.6348 21087.8379 -2680.4653
v  3743.3018 21202.2148 -2694.2703
v  3616.7930 21203.6016 -2692.2251
v  3885.0889 18059.2461 -2464.4468
v  3879.5898 18208.2852 -2452.1760
v  3731.0781 18201.3535 -2434.0254
v  3732.9121 18044.6895 -2447.0630
v  2958.5762 17781.9668 -4355.1846
v  3061.2500 17761.1719 -4464.3442
v  3026.4141 17630.8496 -4459.7432
v  2929.2402 17650.2598 -4356.2070
v  3647.9609 15931.8164 -3273.3022
v  3649.7949 15913.0996 -3412.1167
v  3718.2441 15818.1318 -3383.7402
v  3710.2988 15835.4619 -3246.4597
v  5818.7900 14784.5703 -3603.8491
v  5853.6250 14672.9648 -3491.6216
v  5791.2871 14709.7051 -3419.7859
v  5750.3398 14823.3896 -3516.9304
v  7213.4492 19792.2461 -3862.5601
v  7237.8955 19792.9414 -3997.0283
v  7228.7275 19900.3867 -4009.8105
v  7201.8359 19902.4668 -3875.0867
v  6036.9717 18325.4355 -4613.3848
v  5884.7930 18257.5020 -4620.2866
v  5820.6221 18374.6523 -4610.3164
v  5971.5791 18443.2793 -4610.8281
v  8048.8994 16103.7295 -2730.0603
v  8037.8994 16153.6406 -2700.1499
v  8006.7295 16144.6289 -2755.8804
v  8037.8994 16092.6387 -2780.1663
v  4051.3242 15922.1113 -4423.6973
v  3981.6523 16017.7734 -4456.6753
v  4045.2119 16118.2871 -4489.6533
v  4116.1074 16013.6143 -4453.0962
v  5912.2969 14445.5957 -2854.3030
v  5898.8506 14435.1973 -2889.3262
v  4881.8867 18466.8496 -2570.0276
v  5051.1768 18502.2012 -2571.8169
v  7231.1719 19684.1074 -3854.3794
v  7257.4512 19583.5938 -3851.0562
v  4937.5020 22096.4434 -3007.9446
v  6010.6914 22281.5273 -3740.8738
v  6166.5371 22255.8789 -3741.3853
v  6167.1475 22277.3691 -3873.2971
v  6010.6914 22305.0977 -3873.8083
v  7919.9463 16871.1016 -2626.5247
v  8020.1758 16713.0527 -2635.7278
v  8053.7891 16734.5430 -2676.6309
v  7957.8369 16895.3633 -2665.8938
v  2479.4277 15676.0254 -2936.6201
v  2593.7148 15707.9121 -2914.1235
v  2588.8262 15719.0039 -2822.8586
v  3805.6396 21671.5117 -4239.6338
v  3904.6465 21740.8320 -4231.9648
v  3927.2598 21689.5352 -4313.0039
v  3827.0293 21622.9883 -4320.4170
v  7146.2207 16747.7129 -4172.6553
v  7144.3877 16713.7461 -4020.5476
v  7044.1592 16695.0293 -4011.0889
v  7035.6016 16731.7695 -4170.8662
v  6415.8887 18173.6250 -2425.3335
v  6344.3828 18301.1738 -2386.2200
v  6201.9834 18245.7188 -2426.1003
v  8139.3506 16261.7793 -2696.0596
v  8132.0166 16389.3281 -2674.3301
v  8078.2344 16378.2373 -2648.7656
v  8087.4023 16255.5410 -2666.6606
v  5283.4150 18733.7305 -4614.6626
v  5975.8564 18756.6055 -4631.0239
v  6044.9170 18632.5234 -4624.8887
v  4545.1387 22064.5566 -3702.2717
v  4691.8154 22126.9453 -3705.8506
v  2649.9414 17412.4922 -3529.7124
v  2673.7773 17555.9844 -3516.1633
v  2704.9473 17581.6328 -3660.8574
v  4375.2363 22034.7500 -3968.6519
v  4371.5703 22038.9082 -4088.5488
v  6217.8760 14773.4795 -3698.4370
v  6236.2090 14673.6582 -3580.3301
v  6207.4844 14643.8516 -3599.5032
v  6186.7051 14739.5127 -3720.4224
v  4229.1699 21645.1699 -4399.9224
v  4275.6182 21520.3945 -4440.3140
v  4162.5547 21451.7676 -4454.8857
v  5786.3965 17775.7285 -4712.5742
v  5941.6318 17844.3555 -4677.2954
v  6016.8047 17725.8184 -4676.0171
v  5864.6260 17657.8848 -4712.5742
v  5225.9678 16214.6426 -4465.6226
v  5343.3086 16055.2061 -4433.9229
v  5262.6357 15907.5547 -4324.5073
v  5148.3506 16012.9209 -4357.4854
v  6014.9707 14898.9482 -4046.3677
v  5964.8555 14907.2666 -4025.9160
v  5923.9072 15041.7480 -4202.8213
v  5971.5791 15036.8945 -4241.1680
v  3526.9512 17112.3359 -4580.1509
v  3435.2773 16968.8438 -4548.9624
v  4080.0488 15696.8223 -2995.6736
v  4167.4434 15845.1660 -2827.4604
v  4067.2139 15743.9590 -2861.7166
v  7616.8115 16765.7363 -2773.5195
v  7726.2090 16668.6875 -2784.7681
v  7750.6553 16708.8945 -2696.0596
v  7639.4248 16819.8047 -2680.9768
v  2766.6719 16067.6836 -2666.4050
v  2670.1113 16122.4463 -2708.5862
v  2621.2168 15965.7832 -2687.8792
v  7056.9932 16681.1660 -3840.8303
v  7261.1191 20436.9219 -4093.9175
v  7225.0605 20450.7871 -3959.1934
v  7211.6152 20340.5684 -3940.7871
v  7245.8408 20328.7852 -4075.7666
v  4251.7842 20275.4082 -2531.6812
v  4066.6035 15643.4453 -3486.7644
v  4004.8770 15607.3984 -3501.0806
v  4327.5664 16062.8311 -4441.3364
v  4366.0693 15957.4648 -4340.1016
v  4282.9531 15899.9297 -4323.9961
v  4247.5049 15991.4316 -4420.6294
v  7205.5039 18480.7129 -4504.4805
v  7223.2266 18360.7891 -4498.0894
v  7066.7705 18340.6855 -4571.7148
v  7023.3799 18468.9297 -4578.8726
v  2462.3164 16116.9004 -3296.3101
v  2503.8750 16301.2920 -3411.0940
v  2456.8164 16166.8105 -3447.1396
v  6614.5137 22218.4473 -3730.3926
v  6626.1279 22214.9805 -3597.7136
v  6780.1387 22220.5273 -3596.1797
v  6761.1924 22217.0605 -3729.6255
v  3298.9902 20913.8438 -4528.0000
v  3162.7031 20914.5371 -4504.2246
v  2414.0352 16259.0068 -4282.0708
v  2396.9219 16159.8789 -4234.5210
v  2393.8672 16209.7891 -4184.1592
v  2407.9238 16286.7344 -4186.2046
v  5533.9902 15730.0957 -4370.2676
v  5615.8857 15560.9541 -4329.3647
v  5551.1016 15509.6572 -4220.4609
v  5460.6504 15653.8428 -4258.5518
v  5304.1963 20661.5195 -4499.6230
v  5177.0732 20598.4375 -4507.0371
v  5147.1279 20737.0781 -4501.9238
v  5275.4697 20798.0801 -4493.4878
v  2533.8223 16105.8096 -4415.0054
v  2524.6543 15974.7949 -4303.0332
v  7462.1895 22034.0547 -3353.0630
v  7464.0225 22045.8398 -3199.4214
v  3262.3223 21605.6563 -4166.0088
v  3277.5996 21574.4648 -4270.0557
v  3156.5898 21606.3516 -4276.7021
v  7838.6631 16577.1855 -2715.2329
v  7899.1660 16441.3184 -2737.9851
v  5812.6768 15443.8037 -2698.1047
v  5829.1777 15298.2314 -2712.4209
v  5940.4082 15321.1074 -2718.0452
v  5931.2422 15463.9063 -2704.7515
v  7244.0059 20777.2852 -4419.3511
v  7149.8887 20791.8418 -4436.2236
v  7154.1660 20916.6172 -4428.5547
v  7255.6182 20900.6738 -4415.5166
v  4862.3291 22174.7754 -3575.7283
v  5018.7852 22236.4707 -3580.0742
v  6420.1680 15889.5313 -3288.3853
v  6462.3379 16012.9209 -3138.3225
v  6418.3330 15903.3955 -3133.9768
v  8175.4102 16409.4316 -2795.7605
v  8163.1865 16400.4199 -2727.5039
v  8166.2422 16270.7910 -2752.0457
v  8176.6309 16283.2695 -2826.4377
v  3596.6230 18398.2227 -4616.9634
v  3596.0137 18547.2598 -4613.6401
v  4188.8350 18043.3027 -4617.2192
v  4380.7373 18095.9863 -4603.1587
v  4237.7256 17901.8906 -4620.0313
v  7145.6104 22248.2539 -3358.4314
v  7156.6113 22251.7188 -3227.5420
v  6521.6201 21978.5996 -2926.6499
v  6504.5078 22071.4883 -2998.7415
v  2700.0566 17778.5000 -2704.2402
v  2778.2852 17618.3711 -2635.9836
v  5117.1816 15759.9023 -3655.4890
v  5026.1182 15825.7568 -3671.0833
v  5054.8428 15835.4619 -3841.5972
v  5150.7949 15766.1416 -3826.0032
v  2810.0645 18388.5176 -2629.0811
v  2933.5176 18387.8242 -2579.4863
v  2931.6855 18536.8613 -2584.3435
v  2810.6758 18538.2500 -2633.6826
v  6251.4873 18577.0684 -4629.2344
v  6113.9785 18510.5195 -4620.0313
v  6177.5371 18699.7637 -4636.3921
v  6739.1904 22214.9805 -4100.0527
v  6865.7012 22196.2656 -4105.9326
v  7023.3799 22053.4648 -2935.8533
v  7052.1025 21979.2930 -2923.3267
v  4713.8164 15913.7930 -3708.4072
v  4605.0322 15905.4746 -3719.6555
v  4629.4785 15920.0322 -3880.7107
v  4737.0420 15927.6572 -3873.5527
v  2681.7207 20130.5293 -2914.3792
v  2679.8887 20287.8848 -2936.6201
v  2659.1074 20271.9414 -3066.4868
v  2662.7754 20115.2773 -3040.6667
v  3363.1602 16002.5225 -3006.6663
v  5837.1230 21549.5078 -4418.3286
v  7424.2969 22136.6484 -3105.0889
v  7444.4668 22134.5703 -3232.6550
v  4323.8994 15809.8125 -3900.3955
v  4290.8984 15786.2441 -3752.6335
v  4196.7803 15727.3223 -3767.2051
v  4232.2266 15754.3574 -3909.0872
v  6297.3252 15446.5762 -3090.2617
v  6308.3271 15436.8711 -3228.5647
v  6319.3271 15562.3408 -3106.1116
v  6160.4268 15894.3828 -4334.4775
v  6153.0928 15713.4580 -4306.1016
v  6067.5313 15719.6973 -4371.8018
v  6059.5859 15916.5664 -4406.3135
v  6649.9619 22160.2188 -3099.2092
v  6492.2832 22178.2422 -3221.1509
v  6495.3398 22139.4219 -3099.4648
v  7811.1602 17500.5273 -3174.1128
v  7810.5488 17498.4492 -3045.0129
v  7854.5518 17367.4336 -3051.4038
v  5842.6240 16308.9180 -2600.9604
v  6310.7695 17857.5254 -4617.2192
v  6452.5586 17922.6875 -4610.8281
v  6984.8770 18614.5000 -4584.4971
v  6421.3896 16809.4082 -4501.6685
v  6322.9932 16945.2754 -4552.0303
v  2972.6328 21234.1035 -2694.5259
v  2896.8496 21246.5820 -2711.6541
v  2884.6270 21071.8945 -2704.4958
v  2965.2988 21062.8828 -2684.8115
v  7340.5703 18599.2500 -4381.5161
v  7237.8955 22068.7148 -4055.5708
v  7225.6729 22051.3867 -4162.1738
v  7854.5518 16977.1621 -4055.3152
v  7877.7764 17069.3574 -3964.0503
v  7908.3340 16962.6055 -3850.2891
v  7886.9434 16869.0234 -3928.7717
v  6902.3701 21901.6543 -2903.3865
v  3358.2715 15990.0449 -3143.4355
v  3473.7813 16017.7734 -3153.9170
v  3850.2549 21300.6504 -2714.4661
v  3965.1523 21324.9141 -2721.6240
v  3937.0381 21406.7109 -2761.2488
v  7242.1738 20561.6992 -3978.3665
v  7279.4541 20546.4492 -4111.5566
v  7300.8438 20657.3594 -4128.6846
v  7533.6943 18955.5547 -3290.9417
v  7550.1953 19021.4082 -3432.8237
v  7517.1934 19112.9121 -3422.5979
v  7494.5801 19074.7852 -3280.7158
v  2990.9668 21911.3594 -3253.1064
v  3072.2500 21899.5742 -3254.1292
v  6590.6797 21394.2324 -2847.4006
v  6569.9023 21236.1836 -2842.0320
v  6777.6934 21188.3516 -2889.0703
v  6839.4209 21313.8203 -2902.1082
v  5675.7783 15554.0225 -2687.1123
v  5698.3916 15404.2910 -2702.9622
v  5801.0664 15597.0010 -2682.2549
v  5570.6602 18046.7695 -2560.5688
v  5692.2793 18219.3770 -2541.1399
v  5524.8232 18175.7051 -2562.6138
v  8127.7393 16564.0156 -2698.6162
v  8143.0176 16573.7188 -2764.0608
v  8073.3457 16747.7129 -2740.7974
v  6905.4248 17169.8711 -4531.8340
v  6742.2471 17121.3477 -4523.1426
v  7910.7793 16374.7715 -3562.1792
v  7852.1074 16444.0918 -3720.9338
v  7883.8877 16471.1250 -3721.4451
v  7941.9473 16400.4199 -3562.6904
v  6301.6025 20163.1094 -2706.5410
v  6277.1572 20295.5098 -2723.9248
v  7146.2207 20022.3887 -3616.6313
v  7141.3311 20135.3809 -3631.9697
v  7800.7695 17495.6758 -2922.5598
v  6601.6797 20053.5820 -2762.7827
v  7321.0127 20649.0430 -4226.5962
v  7300.2324 20537.4375 -4214.8369
v  7303.9004 20533.2773 -4299.9658
v  2726.3359 16927.2520 -4454.6299
v  2676.8320 16769.8945 -4451.8179
v  2616.9395 16797.6230 -4393.2754
v  2663.3867 16954.9805 -4389.4409
v  7266.0078 20208.1680 -4273.6348
v  7258.0625 20213.0195 -4177.0015
v  7252.5615 20107.6523 -4163.9634
v  7260.5088 20103.4941 -4263.6646
v  3795.8604 15714.1523 -3949.9900
v  3864.3096 15657.3086 -3955.1030
v  5170.9639 15616.4102 -3114.5479
v  3777.5273 20817.4902 -2635.2166
v  3795.2480 20676.0781 -2610.1636
v  3932.1484 20685.0898 -2607.0959
v  6555.8438 16753.2578 -2626.0134
v  6464.7813 16872.4883 -2560.0576
v  6346.2178 16778.2129 -2566.9600
v  6451.9473 16664.5293 -2631.6375
v  6349.8838 15751.5840 -3598.7363
v  6357.2178 15861.1104 -3772.5737
v  5853.6250 15159.5918 -2725.4587
v  5759.5078 15124.2383 -2729.8047
v  5800.4551 14991.8369 -2742.0754
v  5348.1982 22333.5195 -3586.2097
v  5361.0322 22313.4141 -3446.3728
v  6467.2275 22223.9922 -3734.9941
v  6318.7148 22235.7773 -3739.0845
v  6322.3818 22220.5273 -3606.6611
v  6473.9482 22214.2891 -3602.3152
v  3797.0820 15700.2871 -3809.3862
v  3857.5879 15644.1387 -3813.9878
v  6558.2891 20025.8555 -4558.1655
v  6532.0088 20148.5508 -4546.1504
v  6662.7959 20178.3594 -4543.8496
v  3591.7344 18693.5254 -4611.3394
v  3440.7793 18683.1270 -4593.6997
v  2766.6719 19665.3906 -3692.8130
v  6007.0254 22294.0039 -4227.3633
v  6164.7031 22264.1992 -4227.8740
v  6003.9707 14700.6934 -3718.1216
v  5982.5791 14802.5938 -3858.2141
v  2808.8418 21259.7520 -2803.6855
v  2844.9004 21254.2070 -2746.6770
v  2864.4570 21444.8359 -2759.2036
v  7330.1797 18490.4180 -4382.2827
v  3108.9199 16926.5586 -4520.8418
v  2750.1719 21498.2109 -3382.4619
v  2679.8887 21322.8320 -3362.7773
v  2715.9473 21299.9570 -3231.6323
v  2774.6172 21485.0430 -3236.2339
v  4388.0703 22018.8047 -3835.2063
v  4259.1172 21954.3379 -3838.0183
v  7548.3623 18581.9199 -3340.5366
v  7529.4170 18484.1797 -3475.2605
v  7532.4727 18608.2617 -3536.3591
v  7552.0283 18706.0020 -3429.2446
v  2947.5762 19632.1172 -4280.0254
v  2933.5176 19770.0645 -4291.7852
v  3013.5801 19791.5547 -4409.8926
v  3027.6367 19649.4473 -4402.9902
v  7310.0117 21967.5078 -4059.9170
v  7324.0674 21995.2363 -3945.3887
v  7376.0166 21890.5625 -3933.6289
v  7363.1816 21860.7578 -4058.3828
v  4957.6689 17160.8594 -2484.1313
v  6262.4893 15051.4521 -3657.7898
v  6272.2676 15111.7607 -3550.9309
v  6277.7676 14987.6777 -3473.4709
v  6271.0449 14927.3691 -3558.3445
v  4142.3857 16832.9766 -4644.5728
v  4284.1748 16902.9883 -4647.6406
v  2494.7090 16323.4746 -4416.0278
v  2552.1563 16279.8027 -4448.7500
v  2466.5938 16157.1064 -4391.4863
v  2429.9258 16209.7891 -4346.4932
v  5651.9443 17378.5254 -4730.9805
v  5796.7881 17461.0156 -4725.3564
v  5737.5059 17259.2949 -4710.2734
v  2676.8320 20757.1816 -3004.6211
v  2535.0430 16443.3984 -3381.6951
v  3998.1533 19213.4258 -4606.9932
v  3970.0410 19356.9180 -4606.7378
v  4114.8848 19392.2715 -4590.6318
v  4337.9561 18236.7070 -4605.2041
v  4303.1201 18380.1992 -4609.5498
v  4510.9150 18290.7754 -4603.1587
v  5831.0117 22260.7324 -4268.5215
v  5820.0107 22181.0156 -4299.1987
v  3568.5098 15970.6357 -3425.6658
v  3569.7324 15990.0449 -3288.1296
v  7903.4443 17230.8730 -3052.4265
v  2769.7285 19914.2500 -3889.1470
v  2786.8398 19778.3828 -3865.3721
v  2807.6211 18238.7852 -2625.7578
v  2931.6855 18238.0938 -2576.1631
v  3667.5176 21508.6094 -3592.8564
v  3694.4102 21487.8145 -3426.4326
v  3802.5830 21535.6445 -3427.1995
v  3776.9150 21555.0547 -3587.7437
v  4375.8486 17083.9141 -2477.7402
v  4565.9180 17110.2578 -2481.5750
v  4557.9746 17236.4180 -2484.3870
v  4368.5146 17209.3848 -2477.4846
v  4315.9551 21387.3008 -4471.7578
v  4391.7373 21589.7148 -4420.6294
v  4433.2979 21455.2344 -4450.7954
v  7801.3818 17499.8340 -3432.0566
v  7797.7148 17490.8242 -3563.4575
v  7753.0996 17601.7344 -3574.1943
v  2890.1270 19157.2754 -2609.6523
v  3009.9141 19162.8223 -2581.7871
v  2870.5684 19318.7910 -2614.5095
v  5134.2930 22340.4492 -3984.5020
v  4970.5029 22275.9844 -3977.3438
v  4410.6846 21822.6289 -2984.4253
v  4385.0156 21849.6641 -3125.0291
v  4271.9512 21774.1055 -3120.1719
v  4297.6191 21749.1504 -2978.8013
v  4535.3604 19996.0469 -2488.7329
v  4553.0840 19828.2930 -2476.7178
v  4678.3711 19862.2598 -2469.8154
v  4660.6475 20027.9355 -2484.6426
v  6642.0186 20298.9766 -4532.6011
v  6777.6934 20319.7734 -4520.8418
v  6795.4180 20201.2344 -4531.0674
v  3237.8730 21600.1133 -3502.3586
v  3320.3809 21546.0430 -3367.1233
v  3393.1074 21496.8262 -3399.0786
v  3315.4902 21547.4297 -3561.1567
v  7772.0469 17630.1563 -3164.6538
v  7774.4902 17631.5430 -3032.9976
v  2984.8555 17497.0625 -4455.6523
v  2632.2188 17788.8984 -3073.3892
v  2629.7734 17779.8867 -2937.6426
v  4303.7324 19783.9277 -2484.3870
v  4328.1787 19614.7871 -2490.2668
v  4454.6875 19633.5039 -2485.4097
v  4429.0195 19802.6445 -2481.5750
v  3805.6396 16749.7930 -4601.6250
v  3919.3145 16653.4375 -4605.7148
v  5861.5703 22260.7324 -3468.8694
v  2667.0527 16617.3906 -2753.8352
v  2759.9512 16434.3867 -2675.0969
v  2755.6719 16609.0723 -2664.3599
v  7020.3232 16801.7813 -4309.4248
v  6903.5918 16763.6563 -4312.7480
v  8124.0723 16112.7422 -2785.7905
v  8135.0732 16129.3789 -2868.3633
v  8161.3535 16192.4590 -2852.7690
v  8150.9629 16175.8223 -2772.7527
v  5839.5693 22320.3477 -4226.5962
v  3466.4473 19945.4453 -2567.2153
v  7766.5459 17630.8496 -2910.8000
v  4138.1084 15694.0488 -3467.5913
v  4164.3877 15707.9121 -3619.9546
v  4259.1172 15768.2217 -3601.8040
v  4231.0039 15755.7432 -3447.1396
v  4138.7188 21137.7480 -2693.7590
v  4262.7842 21169.6367 -2699.6387
v  4232.2266 21303.4219 -2717.2781
v  4111.2188 21266.6836 -2710.8870
v  7366.2383 20879.8789 -4323.9961
v  7369.9053 20879.8789 -4248.5815
v  7344.2363 20762.7266 -4237.5889
v  6166.5371 17178.8828 -4625.6553
v  7680.9834 17876.9355 -3283.7837
v  6168.9824 22235.0840 -3608.9619
v  4590.3643 22036.8281 -3424.8987
v  4730.9297 22100.6035 -3431.2898
v  4711.3740 22113.7734 -3570.8711
v  4567.1406 22050.6914 -3565.2468
v  6769.1377 16550.1504 -3990.8931
v  6686.0195 16480.8320 -3983.9907
v  5710.0039 14936.3809 -3610.7515
v  5646.4434 14966.8818 -3485.4863
v  3484.1699 20641.4180 -4585.0078
v  3351.5508 20635.8711 -4568.6470
v  3322.8262 20776.5898 -4549.7295
v  3462.7813 20775.8984 -4567.6240
v  5939.1875 15942.9082 -2657.9688
v  6082.8076 15908.2480 -2692.9919
v  4013.4326 15750.8906 -4331.1543
v  3999.9883 15712.0723 -4279.5146
v  3920.5371 15737.0273 -4291.0181
v  3954.7607 15786.2441 -4356.2070
v  4831.7715 20881.9570 -2619.8779
v  4810.3809 21033.7695 -2652.6003
v  4685.0938 20994.9492 -2653.6230
v  5695.3350 14759.6152 -3225.2412
v  5755.8398 14640.3848 -3157.4958
v  5736.8945 14647.3174 -3073.1335
v  5667.2227 14770.0137 -3118.1267
v  2992.1914 19098.3535 -4231.7090
v  2929.2402 19231.4492 -4093.9175
v  2987.3008 19230.7539 -4240.9121
v  5317.0303 15590.0684 -3781.0098
v  6505.1191 19081.7168 -2481.3193
v  6299.1592 15833.3818 -2856.3481
v  6265.5459 15709.9922 -2857.8818
v  6319.9375 15690.5830 -2980.0793
v  6354.1621 15807.7334 -2984.4253
v  3723.1328 15809.1201 -4084.9697
v  3723.7441 15789.0176 -3945.8999
v  3899.7578 21448.3008 -4431.1108
v  4049.4902 21388.6875 -4465.3672
v  3932.1484 21333.2305 -4473.5479
v  4656.9805 16051.0469 -2750.7673
v  4778.5996 16054.5127 -2741.5642
v  4817.1035 16207.0176 -2669.2173
v  5818.7900 20522.8789 -2662.8262
v  5805.9551 20665.6797 -2675.8638
v  5667.8330 20646.9629 -2645.6980
v  4260.9512 19429.7031 -4575.8047
v  4083.7158 19534.3770 -4586.2861
v  4227.3379 19570.4238 -4566.8574
v  6195.8721 19137.1738 -2388.5208
v  3602.1250 16080.8545 -2816.4678
v  3492.1152 16089.8662 -2804.1968
v  4750.4883 22088.1250 -3287.6184
v  4896.5547 22147.0469 -3292.9868
v  4879.4414 22160.9102 -3436.6584
v  7608.8672 17508.8457 -4411.4263
v  7203.0596 20231.0430 -3922.6362
v  6368.8291 15985.1934 -3940.2756
v  6330.3271 15997.6699 -4093.6616
v  6378.6084 16125.2188 -4106.4438
v  6417.7227 16104.4238 -3949.2231
v  5362.2539 16364.3730 -4511.6382
v  5075.0107 16382.3965 -4503.7139
v  5255.9141 16533.5137 -4539.7593
v  3712.1328 16041.3418 -4402.7344
v  3617.4023 16111.3555 -4413.2158
v  5020.6191 20670.5313 -4508.8262
v  4893.4971 20599.8242 -4511.8940
v  4864.7734 20740.5449 -4509.8486
v  4990.0605 20811.2520 -4503.7139
v  3146.2012 21299.9570 -4433.1563
v  6170.2041 19568.3438 -4626.1670
v  5482.6523 16975.7754 -4648.9189
v  5301.1387 16878.7285 -4615.1738
v  6291.2139 15572.7383 -2973.1770
v  6267.9902 15453.5088 -2964.7407
v  5323.1416 16051.0469 -2647.9988
v  5416.6475 15956.0781 -2652.3447
v  5604.2744 16150.1738 -2616.2991
v  5458.2080 16241.6768 -2610.4192
v  6954.9297 21150.9180 -2952.4700
v  7018.4893 21272.9219 -2970.6206
v  7812.9932 16399.0332 -3295.2876
v  7762.2676 16433.6934 -3468.3582
v  7801.9932 16396.2617 -3506.9602
v  7850.2734 16349.8164 -3340.0251
v  5346.9775 21030.9961 -2670.7510
v  5483.2637 21062.1895 -2680.9768
v  6313.8262 16735.2344 -4508.3154
v  6521.6201 16674.2344 -4429.8325
v  6426.8906 16595.2090 -4428.2988
v  6102.9766 14504.5176 -3493.6667
v  6129.8672 14413.7090 -3381.4395
v  7220.1719 19999.5137 -4410.6592
v  7251.3408 19999.5137 -4339.5903
v  6902.9814 16690.8711 -2851.4907
v  6807.0293 16631.2539 -2845.8667
v  6837.5869 16582.0391 -2998.9971
v  6851.6436 18949.3164 -4585.2637
v  6739.8027 18860.5859 -4601.8804
v  6753.2490 19061.6133 -4582.7070
v  2718.3906 19151.0371 -3192.0078
v  2717.1699 19001.3047 -3189.7070
v  6215.4297 21087.8379 -4463.3218
v  6365.7744 21108.6328 -4473.8032
v  2293.0273 15716.2314 -2947.8684
v  2303.4141 15723.8564 -3083.3594
v  2825.9531 19763.1328 -4012.6228
v  2808.2324 19899.0000 -4032.8186
v  2855.2910 19896.9199 -4173.1670
v  2872.4023 19759.6680 -4156.2939
v  6456.8379 18225.6152 -4615.9409
v  6656.6846 18176.3984 -4615.9409
v  6521.6201 18108.4648 -4614.4072
v  4726.6523 18213.8301 -4609.5498
v  4557.9746 18152.1367 -4600.3467
v  3938.2598 17508.8457 -2492.8232
v  3956.5947 17381.9902 -2484.8984
v  4142.3857 17422.8906 -2486.4321
v  6061.4180 14901.7207 -4054.5483
v  6980.5986 22214.2891 -3105.3447
v  6984.8770 22238.5508 -3216.8052
v  6811.9189 22186.5586 -3101.2544
v  3711.5195 21627.1484 -4027.1943
v  3809.3066 21688.1484 -4019.0137
v  3800.1387 21691.6152 -4140.4443
v  3703.5762 21632.0000 -4147.0908
v  4960.1133 22275.2891 -4083.1802
v  5123.2930 22340.4492 -4088.0376
v  8074.5684 16762.9629 -3062.9077
v  8085.5693 16755.3379 -2928.4395
v  6188.5391 22172.0020 -3217.5720
v  6038.1943 22184.4805 -3210.6697
v  7797.7148 17470.7207 -3701.5049
v  7839.8838 17368.1270 -3678.4971
v  7842.3291 17330.0000 -3814.7549
v  7802.6035 17438.1406 -3845.4321
v  2975.6875 16083.6270 -2653.8787
v  2825.9531 15997.6699 -2664.3599
v  2861.4023 15927.6572 -2680.7212
v  3017.8594 16001.8301 -2671.2622
v  2684.7773 20113.8926 -3628.3909
v  2715.9473 20078.5391 -3772.3179
v  6206.2617 15868.0420 -2756.9028
v  6243.5439 15999.7500 -2749.4893
v  4762.7109 18680.3535 -4623.6104
v  4924.0557 18739.2773 -4627.7002
v  4965.0039 18606.1816 -4627.4448
v  5836.5127 20382.1602 -2646.9763
v  5460.6504 17759.7852 -2521.9666
v  5426.4268 17885.2539 -2543.6963
v  2332.7520 15677.4121 -2861.2053
v  5089.6807 18367.7207 -2571.0500
v  5128.1826 18235.3203 -2569.7720
v  7306.3447 21514.8477 -3283.2725
v  5031.6191 21294.4121 -4442.3594
v  4903.2764 21233.4102 -4455.9082
v  4872.7188 21374.1289 -4428.2988
v  5001.0605 21435.8242 -4415.5166
v  4993.7275 20612.9961 -2565.4260
v  5122.6826 20654.5879 -2584.5991
v  5103.1250 20805.0117 -2612.2087
v  4975.3926 20765.5000 -2595.0806
v  4282.9531 21930.0762 -3697.6702
v  4408.8496 21999.3965 -3698.6929
v  6739.8027 22217.7539 -3994.2163
v  6870.5898 22203.1953 -3996.0059
v  4760.2656 17135.9043 -2483.6201
v  6843.6992 19303.5410 -2674.8413
v  6704.3545 19273.7344 -2627.8030
v  6764.8594 19153.8105 -2611.9531
v  6906.0361 19185.6973 -2662.3147
v  4556.1406 20885.4219 -4511.3828
v  4681.4268 20955.4375 -4503.4580
v  4710.1504 20811.2520 -4510.1045
v  4580.5850 20744.0117 -4513.1724
v  5391.5908 20248.3711 -4530.3003
v  5265.0820 20177.6660 -4532.8569
v  5234.5234 20317.6914 -4519.3076
v  5361.6436 20385.6270 -4515.2173
v  7536.7510 19255.7109 -4477.1265
v  7604.5889 19222.4355 -4400.9448
v  7545.9180 19137.8652 -4426.5093
v  7470.1348 19173.2188 -4497.8335
v  4127.7188 15937.3623 -2729.2932
v  4284.7852 15926.9639 -2796.2720
v  4250.5596 16058.6719 -2698.3606
v  7264.1758 18726.7988 -4490.1646
v  7100.3848 18766.3125 -4559.1880
v  7203.0596 18887.6211 -4541.8042
v  7328.9570 18839.0977 -4475.3369
v  7373.5723 21649.3301 -3323.1526
v  7346.0703 21651.4102 -3179.4812
v  4256.6729 17830.4922 -2530.1472
v  4443.0752 17858.9121 -2551.8770
v  4419.2402 17985.7676 -2552.3882
v  4234.6709 17960.1191 -2529.1245
v  6480.0615 18043.3027 -2459.8452
v  6533.8428 17911.5957 -2478.5073
v  6685.4092 17967.0508 -2473.6501
v  6626.1279 18101.5313 -2446.5518
v  6764.2490 16483.6035 -3152.8943
v  6844.3096 16556.3906 -3157.4958
v  6755.0811 16510.6387 -2993.8843
v  7071.0498 20513.8672 -3267.4224
v  7077.7715 20631.7109 -3282.7612
v  7035.6016 20643.4961 -3144.4580
v  7028.2686 20527.0391 -3131.4202
v  7023.9902 21951.5664 -4318.8833
v  7058.8271 22024.3516 -4297.6650
v  7138.2764 21956.4180 -4308.4019
v  7073.4941 21729.0469 -2932.7854
v  3132.7559 21996.6230 -2886.5139
v  3098.5313 22004.9414 -2868.6189
v  3150.4785 21944.6328 -2821.8362
v  3176.7598 21942.5547 -2859.9270
v  3327.1035 16145.3223 -2667.9390
v  3352.7734 16086.4004 -2712.6765
v  3489.6719 16136.3105 -2733.1279
v  3473.1699 16207.7100 -2675.8638
v  4661.2578 17761.1719 -2555.7114
v  4854.3838 17790.2852 -2552.1326
v  4825.0469 17915.7539 -2562.1025
v  4633.7568 17886.6406 -2562.6138
v  3082.0293 21390.0742 -2705.7742
v  3099.7520 21594.5664 -2726.2256
v  3019.0801 21600.8066 -2732.3611
v  2987.9121 21412.2559 -2711.1426
v  6153.7031 21446.9160 -4437.5020
v  6139.0352 21565.4531 -4423.1860
v  6295.4912 21565.4531 -4428.5547
v  5488.1533 20448.7070 -4506.7813
v  5517.4893 20313.5332 -4522.3755
v  3773.8584 15716.2314 -3369.6799
v  3821.5283 15640.6719 -3373.5144
v  2898.6816 21670.8184 -4291.0181
v  2883.4023 21697.8555 -4192.0845
v  3031.3027 21641.7051 -4282.5820
v  3443.2227 17521.3242 -4590.6318
v  3513.5059 17660.6563 -4608.2715
v  3741.4668 17629.4629 -4638.4375
v  3594.1797 17478.3457 -4615.9409
v  5484.4863 22361.9395 -4232.2207
v  5666.6104 22345.3027 -4227.6187
v  2670.7207 15910.3271 -2679.4429
v  2703.1133 15850.0186 -2695.2927
v  3911.3691 20658.7461 -4575.5493
v  3770.1924 20642.1113 -4588.5869
v  3756.7461 20771.7383 -4578.1055
v  3896.7012 20789.7617 -4568.6470
v  4617.8662 19496.2500 -2487.1992
v  4488.3008 19467.8301 -2500.2371
v  4526.8037 19304.9277 -2521.1997
v  3954.7607 21713.1055 -3722.7231
v  3981.0410 21688.8438 -3573.4275
v  4085.5498 21762.3203 -3565.5024
v  4058.0459 21786.5820 -3711.9863
v  7148.6660 16812.1797 -4304.0562
v  3941.3145 19500.4102 -4607.2490
v  2384.0879 16162.6523 -4090.3384
v  2383.4785 16082.9336 -4123.3164
v  2374.9219 16021.9326 -3988.3364
v  2377.3672 16103.7295 -3957.9150
v  2757.5039 19410.9863 -3501.0806
v  2771.5625 19271.6543 -3483.6968
v  2621.8301 20901.3672 -3290.1748
v  2621.2168 20725.2930 -3289.1521
v  2647.4980 20748.1699 -3149.0596
v  2654.2188 20908.2988 -3146.7588
v  3475.6152 21110.7148 -2681.9993
v  3487.8379 21228.5586 -2692.9919
v  6190.3721 21381.7539 -2792.9485
v  6022.9160 21377.5957 -2771.2188
v  6052.2510 21245.1953 -2763.0383
v  6218.4863 21255.5938 -2787.5801
v  3880.2002 21618.1367 -3581.3525
v  3906.4805 21598.0332 -3425.1543
v  4454.6875 20773.8184 -2632.6602
v  4326.9561 20744.7031 -2628.8254
v  4344.6797 20598.4375 -2597.6370
v  4471.7998 20625.4727 -2600.7048
v  4307.3994 19889.2969 -4534.6465
v  5966.0762 17115.1094 -2466.4919
v  5752.7852 17235.7266 -2460.3564
v  5763.1748 17079.0625 -2467.5146
v  3759.8027 15745.3457 -2884.4688
v  3720.0781 15871.5078 -2889.8374
v  6717.8008 16561.2422 -2842.7991
v  6636.5176 16480.1367 -2841.7764
v  6679.9092 16430.2266 -2990.8164
v  2783.7852 18022.5078 -3774.3633
v  2770.3379 17883.1738 -3785.1001
v  2733.6699 17863.0723 -3641.9399
v  2744.6699 18005.1777 -3631.2029
v  6730.6348 17011.1289 -2545.7415
v  6874.2568 17054.1074 -2540.8843
v  6853.4775 17183.0430 -2487.4548
v  3735.3555 21290.9453 -2708.3306
v  3866.1436 21213.3066 -2698.6162
v  5234.5234 19336.8145 -4601.8804
v  5364.7002 19406.8281 -4612.6177
v  5416.6475 19268.8809 -4614.9185
v  5283.4150 19199.5605 -4606.4824
v  7312.4561 19381.1797 -3440.7485
v  7242.1738 19475.4551 -3437.1697
v  7228.7275 19475.4551 -3300.6560
v  6609.0146 16401.8066 -3976.3213
v  6634.0732 16387.2480 -3808.1082
v  3600.2891 16704.0410 -4553.3081
v  3684.0176 16832.9766 -4586.2861
v  6964.7080 20188.7578 -2966.0190
v  7031.9355 20176.2793 -3089.4946
v  7025.8223 20293.4297 -3104.3220
v  6955.5400 20305.9082 -2979.0569
v  2361.4766 15919.3389 -3697.1589
v  2371.8652 16000.4434 -3671.8501
v  2374.3105 16049.6602 -3817.8225
v  2368.8086 15967.1699 -3846.1987
v  6931.7051 16695.0293 -4167.5425
v  6833.9199 16643.0391 -4163.4521
v  6796.0293 16708.2012 -4313.7705
v  5235.7471 15532.5332 -3093.0737
v  5260.8027 15519.3623 -3251.5725
v  5319.4746 15427.1670 -3223.9631
v  3669.3516 21366.5039 -4437.2461
v  3547.1191 21350.5605 -4435.4570
v  4390.5166 19282.0527 -2525.2900
v  4357.5137 19447.0352 -2505.8611
v  4977.2266 19268.8809 -2489.7556
v  5029.1748 19119.1504 -2515.0642
v  5162.4072 19172.5273 -2501.7708
v  3567.8984 15969.2490 -4236.0547
v  2629.1621 20557.5391 -3259.4976
v  4386.2383 21206.3750 -2704.4958
v  5927.5742 15614.3311 -2690.4355
v  6549.7314 20435.5371 -2799.0840
v  6403.0547 20433.4570 -2767.6399
v  3418.1660 21356.1055 -4431.8779
v  3413.8867 21440.6758 -4388.1626
v  6373.7188 17854.7539 -2494.3572
v  7017.2666 16656.9023 -3329.5439
v  6923.7607 16605.6074 -3323.4084
v  3603.3457 21590.4063 -4151.4370
v  3495.7832 21572.3848 -4155.0161
v  3494.5605 21568.2266 -4035.1191
v  3607.6250 21584.8633 -4032.8186
v  7497.6367 18091.8281 -4070.1426
v  4012.2100 21111.4063 -2687.8792
v  3988.9863 21234.7969 -2704.4958
v  6559.5107 18235.3203 -2407.1829
v  6484.9492 18364.9492 -2367.8137
v  7272.1211 16701.2676 -3692.0459
v  7248.8955 16699.8828 -3861.5376
v  7338.1250 16680.4727 -3869.9736
v  3578.9004 17939.3242 -4622.0762
v  3761.6348 17954.5742 -4635.1143
v  3750.0244 17798.6035 -4637.4150
v  3555.6758 17790.2852 -4618.2417
v  3138.2578 17112.3359 -2586.1331
v  3287.9902 17122.0410 -2578.9751
v  3283.7109 17272.4648 -2564.6592
v  4468.7441 17733.4434 -2545.9971
v  2600.4375 20608.8359 -3585.9541
v  2619.9961 20544.3691 -3740.8738
v  2643.8301 20400.8770 -3697.6702
v  2624.2715 20454.2539 -3548.6301
v  2451.3164 16027.4785 -4293.0635
v  7041.7148 20058.4375 -3075.6899
v  8083.7354 16753.2578 -2823.8813
v  8017.1191 16918.9336 -2920.5144
v  8006.7295 16918.9336 -2817.2346
v  7154.1660 19909.3984 -3603.0820
v  2726.9473 15816.7451 -3969.4189
v  2753.8379 15852.0977 -4112.3237
v  2885.8477 15865.2695 -4077.5562
v  2859.5684 15835.4619 -3921.1025
v  3220.1504 19641.8223 -2574.6292
v  3360.1055 19642.5156 -2557.5010
v  3342.9922 19795.7129 -2571.5615
v  3203.0371 19796.4063 -2586.1331
v  5166.6855 18105.6914 -2566.1929
v  5203.3535 17978.1426 -2556.9897
v  5389.1465 18011.4160 -2559.2905
v  5348.1982 18138.9648 -2567.2153
v  5974.0234 21688.1484 -4401.7119
v  5968.5225 21812.9258 -4380.7490
v  6126.8125 21805.9922 -4382.2827
v  6130.4795 21685.3770 -4404.7793
v  7639.4248 16516.1836 -3805.5518
v  7705.4307 16472.5117 -3639.8948
v  7662.6494 16511.3320 -3594.6460
v  7594.8096 16548.0703 -3762.6035
v  3949.8721 20542.2891 -2579.2307
v  3969.4287 20397.4102 -2553.1553
v  4103.2734 20411.2734 -2553.6665
v  4084.3262 20557.5391 -2582.5542
v  8075.1797 16288.8145 -3246.7153
v  8111.8486 16219.4941 -3101.7656
v  8077.6250 16177.9023 -3114.8035
v  8044.0107 16248.6094 -3257.7080
v  2840.6230 19628.6523 -3992.6826
v  2801.5098 19643.2090 -3842.6199
v  7196.9463 19580.1270 -3438.9592
v  6453.1709 22164.3789 -4277.4692
v  6460.5039 22216.3672 -4234.0098
v  2822.2871 21078.8262 -2742.0754
v  2799.0645 20916.6172 -2730.5715
v  5507.0986 15281.5947 -3663.1582
v  5568.8262 15259.4121 -3824.7249
v  6149.4258 21521.0859 -2802.9187
v  5987.4678 21519.0078 -2784.0010
v  4355.0693 15840.3135 -4049.9468
v  4374.6260 15885.3721 -4203.3325
v  2935.3516 18835.6309 -4068.0972
v  2994.0234 18964.5664 -4224.0400
v  2992.8008 18831.4727 -4218.1602
v  5908.0186 18883.4629 -4638.1816
v  6033.3057 18954.1680 -4653.5205
v  6104.1992 18825.2344 -4644.3174
v  5504.6553 20918.6973 -2661.8035
v  5641.5547 20939.4922 -2676.8865
v  5621.9971 21082.2930 -2692.2251
v  2807.6211 18846.0293 -3612.0298
v  3588.0684 18040.5313 -2442.2061
v  3591.1230 18203.4336 -2430.4463
v  2672.5547 18698.3789 -2929.7178
v  2679.2793 18701.1504 -3058.0505
v  6720.2451 18055.7813 -4617.7305
v  2875.4590 18572.2148 -3907.2976
v  2865.6797 18438.4277 -3906.5308
v  6589.4580 19904.5469 -4568.9023
v  2593.7148 20685.7813 -3794.0476
v  2575.3809 20763.4219 -3635.2932
v  3296.5449 18683.1270 -4550.7520
v  3295.9355 18541.7148 -4552.0303
v  3164.5352 18551.4199 -4470.9912
v  6507.5625 20269.8633 -4534.3906
v  6954.9297 21437.9043 -2926.6499
v  6291.8242 15305.1641 -3341.0479
v  6293.0469 15321.8008 -3201.9778
v  6282.6572 15205.3428 -3170.2781
v  6284.4912 15188.0127 -3299.6335
v  6697.6338 21030.9961 -4477.1265
v  6682.9648 21145.3750 -4470.7354
v  6845.5322 21159.2383 -4448.4946
v  6857.1455 21042.7813 -4454.8857
v  3297.7676 17734.8301 -2495.8909
v  3163.3125 17746.6133 -2513.5305
v  3288.5996 17577.4727 -2519.9214
v  4740.0967 20541.5977 -2558.0122
v  4613.5898 20506.2422 -2563.8921
v  4630.0898 20350.2734 -2532.9592
v  4755.9873 20387.0117 -2527.5908
v  5929.4082 14459.4600 -3264.6104
v  5979.5225 14437.2773 -3310.1150
v  6008.8574 14353.4004 -3198.6543
v  5958.1328 14379.7422 -3153.1499
v  6903.5918 19747.8828 -4558.1655
v  5609.7734 21986.2246 -2855.5811
v  5763.7852 21964.0430 -2865.0400
v  5762.5625 22090.8984 -2943.0112
v  5606.1064 22118.6270 -2929.9734
v  4330.6230 17457.5508 -2499.9812
v  4353.2344 17334.8535 -2486.6877
v  4820.7705 20251.1445 -4511.1270
v  4689.3721 20187.3711 -4509.5933
v  4660.0361 20326.0117 -4509.3379
v  4792.0459 20391.1719 -4511.1270
v  4736.4307 20669.1445 -4512.4053
v  4835.4385 20884.0371 -4503.7139
v  5066.4551 19993.2754 -2481.3193
v  5046.2871 20148.5508 -2495.8909
v  4915.5000 20106.2676 -2481.0637
v  7376.0166 19160.0488 -3031.9749
v  7435.2979 19034.5801 -3030.9524
v  7468.9121 19048.4434 -3153.1499
v  5688.0020 16354.6680 -2589.2007
v  5768.6738 16518.9570 -2563.8921
v  6253.9326 14284.0801 -3175.9023
v  6284.4912 14300.7168 -3171.0449
v  6296.1016 14250.1133 -3079.0134
v  6266.7666 14234.8633 -3083.6150
v  2874.2363 17446.4570 -2598.1482
v  2860.7910 17280.7852 -2606.0732
v  4153.9990 18187.4883 -4616.1963
v  3960.8730 18144.5117 -4628.2119
v  3946.2051 18294.9355 -4624.8887
v  4127.7188 18335.1406 -4616.4521
v  6972.6533 17610.0527 -2488.2217
v  6934.7607 17745.2266 -2497.4248
v  6772.8047 17701.5547 -2473.6501
v  6802.7510 17571.2344 -2459.8452
v  4746.8213 19030.4199 -2549.8318
v  4889.8301 19072.7051 -2532.9592
v  3827.0293 19322.2578 -4620.2866
v  3801.3613 19467.8301 -4624.1216
v  7325.2910 20770.3516 -4144.5347
v  6662.1855 19179.4590 -4580.1509
v  6477.0049 19235.6074 -4600.8579
v  6069.9736 21935.6211 -2892.1382
v  5906.7949 21161.3164 -4448.4946
v  5770.5078 21126.6563 -4453.3516
v  5743.0059 21258.3652 -4446.1938
v  5728.3389 18190.2617 -4640.4824
v  5472.8740 17937.9375 -4706.6943
v  5548.0469 17819.4004 -4725.1006
v  5390.3691 17738.2969 -4730.4688
v  5310.9180 17860.2988 -4711.2959
v  2403.0352 16095.4121 -3636.3159
v  2403.6445 16044.8086 -3487.7871
v  2450.0938 16219.4941 -3594.1345
v  6058.3633 14338.1494 -3233.4219
v  6079.7529 14274.3750 -3130.9089
v  6026.5820 14297.2510 -3097.9309
v  2546.0469 21265.9902 -3694.3467
v  2520.3770 21136.3633 -3760.8142
v  2555.2129 21020.5977 -3602.3152
v  2582.1035 21189.0449 -3531.2463
v  4460.1865 21964.0430 -3418.7632
v  4338.5684 21887.7891 -3415.1843
v  4363.0146 21869.7676 -3271.0015
v  6375.5527 20235.2031 -4529.5332
v  6402.4443 20111.8125 -4542.3154
v  5231.4678 21643.7852 -2765.3391
v  5098.8467 21611.2031 -2760.2261
v  5134.2930 21451.0742 -2733.3835
v  5264.4697 21483.6563 -2739.5190
v  5843.2354 19013.0898 -4645.3398
v  5882.9609 14747.8311 -3658.5566
v  5856.0703 14856.6631 -3789.4460
v  5923.2969 14822.6963 -3831.3716
v  5946.5215 14717.3301 -3694.3467
v  4510.3027 22095.0586 -4082.6689
v  5345.7539 19078.9453 -2509.9514
v  5469.2080 19135.0938 -2492.5676
v  7002.5996 22116.5469 -2966.5303
v  7167.6113 22158.1387 -2984.9365
v  6987.9316 22170.6172 -3022.7717
v  4663.7021 15894.3828 -3383.2290
v  4556.1406 15884.6787 -3398.8232
v  4579.3643 15893.6904 -3559.8784
v  4688.7607 15903.3955 -3545.8181
v  4892.8867 18281.0703 -4623.3545
v  5009.6172 18477.2461 -4627.9561
v  5059.1221 18350.3906 -4633.0693
v  3785.4717 20506.9375 -4596.0010
v  3925.4258 20522.8789 -4579.3838
v  6655.4629 16509.9453 -4151.9482
v  6741.6367 16580.6523 -4158.5947
v  2647.4980 20497.9258 -3881.4775
v  2673.1660 20357.8984 -3839.5522
v  5117.7920 20875.7188 -4495.2773
v  5246.7471 20935.3340 -4486.3301
v  2887.6816 20671.9180 -4429.8325
v  2857.1250 20830.6602 -4426.5093
v  2951.2422 20874.3320 -4457.9531
v  2984.8555 20713.5098 -4471.5024
v  3173.0918 16071.8428 -2666.6606
v  6522.8428 21128.0430 -4479.1719
v  7462.8018 18201.3535 -4077.8118
v  7438.3545 18308.7988 -4085.7368
v  7479.9121 18226.3086 -3923.1475
v  3593.5664 18369.1074 -2428.1455
v  3730.4668 18362.1758 -2428.9124
v  4806.1035 21027.5293 -4491.9541
v  2712.8906 17354.2617 -3975.5544
v  2750.1719 17373.6719 -4115.1357
v  3286.7676 16234.0518 -2645.4424
v  3130.3105 16159.1855 -2647.9988
v  2663.3867 19638.3555 -2967.0415
v  2679.2793 19468.5234 -3078.7578
v  2670.1113 19478.9199 -2947.3572
v  6008.2471 20654.5879 -4471.2466
v  5983.1895 20781.4434 -4463.3218
v  6119.4795 20817.4902 -4467.6680
v  2862.0137 17653.7266 -4228.6411
v  2887.6816 17787.5117 -4222.5059
v  6603.5137 22223.9922 -4174.7007
v  3705.4102 20064.6758 -4624.1216
v  7271.5088 17674.5215 -2561.5913
v  5249.1914 17320.2969 -4699.5361
v  5081.7334 17237.8047 -4666.5586
v  5001.6719 17362.5820 -4670.3926
v  5975.2461 20403.6484 -2680.7212
v  6115.8115 20418.9004 -2711.1426
v  6101.7549 20556.1523 -2724.4360
v  5958.7432 20542.2891 -2696.0596
v  3911.9795 19770.0645 -2493.5903
v  4028.1006 19932.9668 -2495.3796
v  3893.6465 19932.2734 -2505.0942
v  6183.6504 19894.1484 -4565.3232
v  6025.3604 19966.9336 -4566.6016
v  6146.3682 20022.3887 -4544.1055
v  5579.2158 17176.8047 -4699.0249
v  5406.2588 17088.0742 -4670.3926
v  5328.6426 17202.4531 -4688.5435
v  5496.0986 17291.1816 -4717.9424
v  4553.0840 21522.4746 -4424.7197
v  4510.3027 21656.9551 -4396.8545
v  4675.3145 21587.6367 -4398.6440
v  2557.0469 15782.0850 -2715.2329
v  2526.4883 15831.9961 -2701.6838
v  4378.9033 20294.8164 -2536.0271
v  4504.1914 20319.0781 -2537.3052
v  4488.3008 20474.3555 -2568.2380
v  4362.4023 20448.0156 -2566.1929
v  4495.0244 17609.3594 -2532.7036
v  4248.1172 21794.2070 -3268.1895
v  2763.6172 17454.0840 -2641.8633
v  4766.9893 15994.8975 -4218.4155
v  4879.4414 15985.8867 -4215.6035
v  4864.7734 15937.3623 -4036.9087
v  4755.3770 15949.1465 -4043.8110
v  2747.7285 16780.2930 -2658.2246
v  2663.9980 16784.4531 -2742.3311
v  7070.4375 20162.4160 -3221.9180
v  3083.2520 21812.2324 -3363.2888
v  3005.0254 21842.0391 -3376.8379
v  6453.7813 17311.9785 -4577.8501
v  6524.6748 17191.3594 -4553.5640
v  7473.8018 18921.5879 -4360.0420
v  7521.4717 18919.5078 -4247.5591
v  3176.7598 17909.5156 -2501.2595
v  3308.1582 17895.6523 -2477.2290
v  3318.5469 18059.2461 -2466.2363
v  3188.3711 18071.7246 -2496.1467
v  5705.7246 18547.9531 -2473.1387
v  5569.4385 18493.8828 -2523.7561
v  5631.1631 18355.2422 -2530.6584
v  5772.9521 18407.2344 -2482.8530
v  6459.8926 18522.9980 -4625.6553
v  3724.9668 18684.5137 -2440.6721
v  3867.9766 18672.7285 -2450.8977
v  3860.0313 18829.3926 -2457.5444
v  3716.4102 18843.9492 -2451.6648
v  7072.2715 18123.7148 -2541.1399
v  6955.5400 18074.4980 -2509.1843
v  7020.9336 17928.9258 -2524.7788
v  6071.8076 21114.1797 -2756.9028
v  5893.3506 21236.8750 -2740.0303
v  5915.9639 21102.3945 -2731.5942
v  3154.7578 17597.5762 -4524.9316
v  3100.9746 17462.4023 -4515.2173
v  2618.1621 20512.4805 -3397.8005
v  2638.3301 20396.7188 -3229.8430
v  7431.6318 19368.0078 -3856.9360
v  7418.7969 19336.8145 -3721.1895
v  7506.8037 19268.1875 -3711.9863
v  2685.3887 21094.0762 -3121.9614
v  2717.7813 21089.2227 -2995.1624
v  2745.8945 21284.7070 -3104.8333
v  2491.6523 16351.8955 -3558.3445
v  4839.1055 15867.3486 -3019.7041
v  4740.7090 15890.9180 -3035.5540
v  5537.0449 21521.0859 -2748.7222
v  5568.2148 21371.3555 -2727.2483
v  5713.6699 21375.5156 -2735.4287
v  5683.1113 21523.8594 -2753.8352
v  3569.1211 16005.2959 -3153.6611
v  7949.8936 17076.9824 -2923.5823
v  7956.6152 17080.4492 -3050.6370
v  3619.8477 19745.1094 -4636.9038
v  3775.6924 19615.4805 -4627.4448
v  6371.2754 15765.4482 -3436.9141
v  7072.8818 18956.2480 -4564.5566
v  7176.7793 19052.6035 -4554.5864
v  7296.5654 18986.7500 -4527.7441
v  3662.6289 15981.0332 -2903.3865
v  3695.0195 15999.0566 -2815.9563
v  8094.7373 16549.4570 -2652.6003
v  7641.2578 19201.6406 -4293.0635
v  7657.7588 19261.9492 -4266.2207
v  7647.3701 19164.2070 -4156.5498
v  5746.6719 16949.4336 -4646.3623
v  5983.1895 16907.1484 -4613.1289
v  5837.1230 16832.2832 -4615.4297
v  4198.6133 16310.3037 -4546.9170
v  4268.2842 16188.9941 -4504.9917
v  4187.0010 16105.1162 -4480.9614
v  4117.3281 16218.8008 -4520.0747
v  3987.1533 15648.2979 -2899.0405
v  2755.6719 18146.5898 -3621.7441
v  2796.6191 18160.4531 -3765.6714
v  2796.6191 17243.3516 -4372.0571
v  2932.9063 17358.4219 -4452.8408
v  3366.2168 19713.2227 -4610.0610
v  3243.3750 19695.1992 -4569.1582
v  3050.2480 18428.0293 -4353.3955
v  3924.2031 15929.7363 -4419.3511
v  3996.3193 15845.8594 -4392.5088
v  2481.8750 15768.9141 -3715.0540
v  2568.6563 15756.4375 -3698.1816
v  6219.7080 14282.6934 -2832.5732
v  6255.7666 14281.3076 -2841.0095
v  6260.0449 14329.8311 -2836.6636
v  6227.0420 14324.2852 -2827.7161
v  2756.8945 16731.7695 -4486.0742
v  2707.3906 16570.9473 -4481.7285
v  2630.9961 16611.1523 -4453.3516
v  5197.8535 21804.6074 -2794.4824
v  5366.5332 21666.6602 -2769.4292
v  5335.9756 21830.2559 -2798.8284
v  6241.0977 14196.0439 -3008.2002
v  6274.1016 14205.0547 -3008.7114
v  7089.9951 19929.5000 -3194.5642
v  7108.9414 19814.4297 -3183.0601
v  7076.5508 16679.7793 -3670.0605
v  6981.8203 16643.7324 -3661.3687
v  7911.3887 16510.6387 -3714.0313
v  7850.8848 16578.5723 -3879.4326
v  2898.6816 20050.1172 -4315.8154
v  2917.0156 19909.3984 -4303.5449
v  2836.3457 20034.8672 -4191.0615
v  3292.2676 18966.6445 -4552.0303
v  3169.4238 18965.2598 -4473.8032
v  3166.9805 19105.2852 -4478.1494
v  3287.3789 19108.7520 -4555.0977
v  2635.2734 17190.6680 -3857.7029
v  7357.6816 19518.4336 -4398.8999
v  7371.1270 19523.2852 -4327.0640
v  2809.4531 18297.7070 -3760.3027
v  2854.0684 18305.3340 -3908.3203
v  7380.9063 17201.7598 -4522.1196
v  7492.1367 17255.1348 -4501.9238
v  7569.1416 17078.3691 -4457.6978
v  7475.6357 17036.0840 -4476.8711
v  2679.8887 21559.9063 -3684.8879
v  2645.6641 21599.4180 -3846.9658
v  2599.8262 21412.9492 -3664.4365
v  2723.8926 15802.8809 -2735.9402
v  2576.6035 15741.1865 -2756.1357
v  2734.8945 15775.1533 -2801.3848
v  6269.8223 14971.0410 -2996.9519
v  6283.2676 14966.1885 -3095.8857
v  6278.9902 15086.1123 -3134.2324
v  3325.8828 21582.0898 -3182.0376
v  3261.0996 21620.2148 -3319.5737
v  3223.8184 21708.2520 -3254.8960
v  3283.1016 21666.6602 -3151.1047
v  7050.2705 16957.0586 -2618.3442
v  7027.0459 17079.0625 -2543.6963
v  6914.5938 16927.9453 -2615.7878
v  3752.4678 21580.0098 -3742.9189
v  3643.6836 21535.6445 -3751.3552
v  6317.4922 14222.3848 -2936.8757
v  6300.3799 14217.5332 -2893.9277
v  6288.7676 14198.1230 -2903.6421
v  6299.7695 14204.3623 -2946.8457
v  3379.6641 21514.8477 -3209.1357
v  3448.1133 21470.4844 -3230.0986
v  7396.1855 21532.8711 -3775.1299
v  7385.1846 21580.0098 -3621.2329
v  7333.2363 21461.4727 -3573.1719
v  2620.6055 20636.5645 -3931.5837
v  2590.6582 20777.9766 -3993.9609
v  7442.0215 19401.2813 -3988.3364
v  3451.1680 20037.6387 -4621.0537
v  3576.4551 20051.5039 -4629.2344
v  3597.8457 19898.3066 -4634.3472
v  3471.9492 19883.0566 -4627.7002
v  4924.6670 19422.7715 -2468.7930
v  6692.1328 18301.1738 -2415.1077
v  6761.8047 18161.8398 -2454.2212
v  2876.6816 15993.5117 -4384.3281
v  2430.5371 15689.1963 -3230.8655
v  2364.5332 15703.7539 -3239.5574
v  3597.2344 20895.1289 -4559.9551
v  3584.4004 21015.0527 -4536.9473
v  3325.8828 18223.5352 -2463.4243
v  3450.5566 18047.4629 -2448.3413
v  3457.2793 18212.4453 -2440.6721
v  5161.1846 21351.9453 -4433.9229
v  2442.7598 16274.2568 -3738.8286
v  2401.2012 16149.4814 -3779.4761
v  2312.5840 15762.6758 -2846.3779
v  6626.7383 17521.3242 -2447.8301
v  6603.5137 17651.6465 -2462.9131
v  5048.1201 22205.9688 -3297.3328
v  4914.2773 22131.1035 -3147.5259
v  5064.6221 22188.6406 -3151.8718
v  4065.3809 20700.3398 -2612.2087
v  3292.8789 18399.6074 -4553.3081
v  3441.3887 18391.9824 -4597.0234
v  5397.7021 21508.6094 -2744.6318
v  6707.4111 21869.0742 -4352.6284
v  3646.1270 15946.3730 -3139.8564
v  3371.7188 16547.3789 -2612.7200
v  3342.3828 16685.3242 -2601.9829
v  5035.2861 15835.4619 -2830.5281
v  5200.2988 15889.5313 -2710.8870
v  5108.6240 15956.7715 -2715.7444
v  3138.8672 21665.9668 -3587.7437
v  3100.9746 21729.7402 -3473.9824
v  3182.8711 21675.6719 -3413.1392
v  5179.5195 22294.6992 -3582.8862
v  6554.6221 16561.9355 -2719.5789
v  6358.4414 16561.2422 -2639.0513
v  6473.3379 16466.2734 -2723.9248
v  5900.6855 14736.7402 -2768.1511
v  5954.4658 14618.2021 -2781.9558
v  6010.6914 14647.3174 -2776.0762
v  5964.2441 14767.9336 -2762.7827
v  7718.2646 16485.6836 -3419.0190
v  2735.5039 18998.5332 -2721.6240
v  2810.0645 18841.1777 -2645.4424
v  2804.5645 18997.1465 -2650.5552
v  6284.4912 15481.2363 -3715.3096
v  5538.8789 15018.1787 -2880.6343
v  5603.6621 14896.1758 -2875.5212
v  5628.1084 14907.2666 -2817.4902
v  5565.1592 15031.3496 -2813.3999
v  4992.5049 15955.3848 -4207.1670
v  4973.5596 15906.1680 -4027.1943
v  4871.4961 16512.7188 -4543.0825
v  4678.3711 16584.1172 -4574.5264
v  4826.2715 16641.6523 -4571.4590
v  7601.5332 18093.9063 -2772.2415
v  7541.6396 18263.0469 -2770.4519
v  4105.7178 15842.3936 -4370.7788
v  4173.5547 15916.5664 -4397.3657
v  6453.7813 21566.1445 -4432.3887
v  7380.2939 21620.2148 -3472.9597
v  7424.9092 21695.0820 -3683.3540
v  7426.1309 21736.6738 -3534.0586
v  4910.6094 21223.0117 -2689.9243
v  4785.9346 21184.1934 -2684.0444
v  6062.6406 19501.1035 -4652.4980
v  5953.2422 19429.7031 -4669.8818
v  5892.1279 19569.7305 -4662.4678
v  3517.7832 19484.4668 -2521.1997
v  3660.1836 19475.4551 -2499.7256
v  3644.9043 19631.4258 -2513.2747
v  3501.2832 19638.3555 -2535.5156
v  7049.6602 20760.6484 -3156.9846
v  7071.0498 20878.4922 -3170.2781
v  7000.1543 20889.5820 -3032.9976
v  7596.6436 17302.9648 -4453.0962
v  7678.5381 17350.7969 -4376.4033
v  7736.5986 17176.8047 -4327.8311
v  7662.6494 17121.3477 -4409.1255
v  3287.3789 20323.2383 -4578.1055
v  3173.7031 20296.2031 -4545.8945
v  3149.2578 20446.6289 -4533.6240
v  3260.4883 20473.6621 -4563.2783
v  6170.8164 22294.6992 -4166.2646
v  6172.0371 22303.0176 -4090.5940
v  3069.1953 18964.5664 -4361.0645
v  6166.5371 14839.3330 -3862.3044
v  3932.1484 21582.7813 -3266.6555
v  2779.5078 19528.8320 -3669.2937
v  6084.0313 15064.6230 -4249.0928
v  6104.8115 14916.2783 -4051.2249
v  6030.8613 15041.7480 -4262.6416
v  2891.3477 17610.7461 -2589.4565
v  4022.5996 16750.4863 -4630.2568
v  4124.6631 16631.2539 -4619.2642
v  4023.2100 16543.2188 -4597.7905
v  3129.6992 22007.0215 -2934.5750
v  3193.2598 21932.8477 -2914.6348
v  3592.9570 17445.7656 -2516.5981
v  3602.1250 17309.2051 -2524.7788
v  3775.6924 17341.7852 -2498.9587
v  3762.2471 17473.4922 -2500.4927
v  7819.1045 16539.7539 -2802.4072
v  3459.7246 18378.8125 -2442.4614
v  6347.4395 15677.4121 -3118.3823
v  6162.8711 17485.9707 -4650.7085
v  6382.2754 17431.9023 -4599.8354
v  6234.9873 17366.0469 -4627.7002
v  5656.8330 19894.8398 -2539.3503
v  5524.2109 19845.6230 -2526.8237
v  2673.1660 19810.9648 -2873.2205
v  2702.5000 19813.0430 -2772.4971
v  2707.3906 19972.4785 -2790.6477
v  2678.0547 19971.7852 -2894.9502
v  6875.4795 20805.7051 -4467.6680
v  6866.9219 20925.6289 -4461.0210
v  6952.4844 20423.0586 -2990.5608
v  7024.6016 20410.5820 -3118.1267
v  6131.7012 18940.9980 -2340.2041
v  6071.1973 19091.4219 -2365.7686
v  2847.9570 19112.9121 -3774.3633
v  3012.9688 20269.1680 -2624.9910
v  3031.3027 20110.4258 -2615.7878
v  7806.8818 17502.6074 -3303.4683
v  7156.0000 21042.7813 -4419.6069
v  7014.2119 21046.9375 -4431.8779
v  7514.7490 18907.7227 -3157.2402
v  7484.1914 18892.4727 -3031.4636
v  7113.2188 22234.3906 -3494.6895
v  3491.5039 19729.1660 -4631.0239
v  4168.0557 18660.2520 -2508.4175
v  5521.1563 20773.8184 -2642.1189
v  5368.3672 20886.8086 -2647.9988
v  5387.3125 20741.9316 -2625.5022
v  2797.8418 21534.9531 -4374.6138
v  2909.0723 21543.9629 -4377.6816
v  2805.7852 21421.9609 -4389.6968
v  2575.9922 16848.2266 -3160.3081
v  2577.2148 17002.8105 -3139.0896
v  3056.9727 19372.8613 -4383.0498
v  3155.3691 19386.7246 -4489.1416
v  3162.7031 19245.3125 -4483.5176
v  3063.6953 19236.3008 -4374.3579
v  6833.3086 21855.2109 -4343.4253
v  6943.9287 21868.3809 -4335.2446
v  3152.3125 21763.7070 -3327.4985
v  3140.0898 21854.5176 -3229.5872
v  6646.2949 16645.1191 -2717.2781
v  5661.1104 17063.1191 -4674.4834
v  7229.3398 20113.8926 -4041.2549
v  7234.8408 20221.3379 -4058.3828
v  7553.2520 18833.5508 -3332.6116
v  4568.9746 18765.6172 -4618.4971
v  4408.2402 18717.0938 -4615.4297
v  4234.6709 20427.9102 -2559.8018
v  2797.8418 20600.5195 -2703.2178
v  2794.1758 20757.8750 -2717.5337
v  2924.3516 21817.7773 -2860.6941
v  2905.4063 21638.2383 -2783.2341
v  6042.4727 19566.2637 -2483.8757
v  2648.7207 17778.5000 -2810.3323
v  7915.6680 17052.7207 -3770.0171
v  7945.0029 16965.3770 -3648.3311
v  5713.0586 17581.6328 -4736.0933
v  5563.9375 17497.0625 -4741.7178
v  5476.5410 17616.9844 -4741.4619
v  5629.3301 17700.8633 -4735.8379
v  6340.7168 16246.5293 -2736.1958
v  6437.8906 16183.4482 -2847.6563
v  6496.5625 16290.2012 -2845.0999
v  6401.8330 16360.2139 -2729.5491
v  3400.4434 16636.1074 -4514.9619
v  3525.7285 16577.1855 -4524.4204
v  5489.9854 22414.6230 -4092.8945
v  5300.5283 22397.2930 -4092.1277
v  5310.3057 22393.8281 -3989.1035
v  5495.4883 22406.9961 -3992.1714
v  5097.0137 16635.4141 -2565.9373
v  4910.6094 16631.9492 -2562.8696
v  2685.3887 20913.1523 -3006.1550
v  6607.7930 16294.3594 -3470.1477
v  3940.7041 20384.2383 -4581.1733
v  3801.9727 20368.2969 -4600.8579
v  6077.9189 14598.0996 -3609.2175
v  6935.9834 22000.0898 -4311.2139
v  6831.4756 22031.9766 -4306.3569
v  6843.0879 22099.2168 -4281.8154
v  6955.5400 22068.0234 -4288.7178
v  7425.5205 18414.1660 -4095.7068
v  7455.4668 18541.0195 -3971.7197
v  2567.4355 16545.9922 -3205.8125
v  2552.7676 16589.6641 -3356.3862
v  2739.7813 18419.7109 -3468.3582
v  2728.7813 18275.5254 -3472.7041
v  6035.1377 14793.5820 -2764.3164
v  4728.4863 18816.9141 -4622.0762
v  4886.1631 18874.4492 -4625.3994
v  4173.5547 20727.3750 -4540.7817
v  4301.8984 20772.4316 -4526.9771
v  4321.4551 20631.0195 -4524.1650
v  4191.8896 20586.6543 -4538.7368
v  7291.0664 19501.7969 -3851.5674
v  6062.0303 16118.2871 -4442.1035
v  5934.2988 16153.6406 -4484.5400
v  4199.2236 21322.1406 -4488.6304
v  4921.6113 20459.7988 -4512.6611
v  5049.9541 20529.8125 -4511.3828
v  5078.6777 20389.0918 -4513.9390
v  4950.3359 20319.0781 -4513.1724
v  3411.4434 17952.4941 -4594.9780
v  3387.6074 17817.3203 -4588.5869
v  3870.4219 15592.1484 -3372.2363
v  7065.5488 17221.8613 -4546.1504
v  7251.3408 20102.1074 -4345.9814
v  7259.2852 20000.9004 -4253.6943
v  4695.4834 18955.5547 -4615.1738
v  5447.2061 15273.9697 -2808.0315
v  5387.9238 15390.4277 -2807.5203
v  7339.3467 16930.0234 -4446.1938
v  7305.7324 16846.8398 -4385.6064
v  3791.5820 15648.2979 -2882.4236
v  6192.8174 14526.7002 -3496.9902
v  6149.4258 14511.4492 -3499.2910
v  7048.4355 19217.5840 -2714.2104
v  6969.5967 19071.3203 -2652.6003
v  7113.8301 19104.5938 -2708.0750
v  7986.5625 16961.2188 -3327.4985
v  8015.8975 16829.5098 -3367.3792
v  7979.2285 16891.2051 -3514.1182
v  7962.1152 17005.5840 -3460.4331
v  5773.5625 21821.9375 -2818.2571
v  7558.1406 18815.5293 -3712.2419
v  7530.6387 18739.9707 -3786.8896
v  5237.5791 15683.6514 -3806.0630
v  4263.3955 21906.5078 -4281.3037
v  4297.0098 21823.3242 -4339.0791
v  4197.3906 16802.4766 -2515.8313
v  4200.4473 16672.8477 -2547.7866
v  7984.7285 16180.6758 -3088.4722
v  8038.5098 16113.4346 -2975.9893
v  7994.5078 16150.1738 -2952.9812
v  7257.4512 21193.2031 -3650.3762
v  7250.7295 21745.6836 -4335.2446
v  7200.0029 21857.9844 -4321.4399
v  7243.3965 21896.1094 -4292.0410
v  5432.5381 20719.7500 -4490.6758
v  6103.5869 18208.9785 -4616.9634
v  6338.2734 14261.8975 -2983.9141
v  6329.7168 14248.7266 -2925.3718
v  6322.3818 14238.3291 -2995.9292
v  3728.0234 15797.3359 -3521.5320
v  8025.6758 16364.3730 -3398.5674
v  7970.0605 16439.2383 -3554.2544
v  6610.8477 16341.4980 -2989.0269
v  6548.5107 16245.1426 -2988.2600
v  3349.7168 17691.8516 -4577.3389
v  6309.5479 14244.5674 -2883.9575
v  6315.0479 14284.0801 -2877.5664
v  6286.9355 14282.6934 -2854.8142
v  6279.6006 14244.5674 -2860.1826
v  5185.0186 16663.8359 -4564.3008
v  6027.8047 14601.5654 -3595.6685
v  4743.1533 16751.8711 -2533.2148
v  4542.6943 16603.5273 -2565.9373
v  4725.4307 16622.2441 -2562.1025
v  7350.3467 21835.8008 -4171.6328
v  7410.8525 21678.4453 -4183.9038
v  7515.9717 18638.7617 -3709.9409
v  7486.0244 18577.0684 -3831.3716
v  7500.6924 18675.5020 -3873.2971
v  7519.6377 18767.6973 -3938.7417
v  7535.5273 18840.4844 -4017.7354
v  4795.7119 15894.3828 -3530.7351
v  4898.3867 15865.2695 -3516.9304
v  4317.1787 15809.8125 -3269.2119
v  4337.9561 15813.9727 -3429.2446
v  4446.7422 15857.6445 -3413.6504
v  4427.7969 15853.4844 -3251.8284
v  3930.9268 19607.8555 -2488.4773
v  5087.8467 22151.9004 -3011.7793
v  6048.5840 15611.5576 -2717.2781
v  6060.8066 15759.2090 -2705.0073
v  5928.1855 15774.4600 -2674.5857
v  5655.6104 20794.6133 -2661.5479
v  7210.3926 18599.2500 -4506.0142
v  7787.3242 17205.2246 -2661.8035
v  7864.9424 17051.3340 -2662.3147
v  7905.8887 17067.9707 -2727.5039
v  7838.0508 17218.3945 -2728.5264
v  6115.8115 14239.0225 -2854.8142
v  6101.7549 14224.4648 -2883.1907
v  6160.4268 14185.6455 -2889.8374
v  6175.7051 14205.7480 -2859.1602
v  6932.3164 22224.6875 -3603.5933
v  6962.2637 22235.7773 -3468.8694
v  5556.6035 15002.2354 -3218.5945
v  5532.1563 15009.8604 -3087.9609
v  5478.3750 15121.4648 -3124.2622
v  6903.5918 21927.3027 -4326.2969
v  6822.3086 21948.0996 -4325.7856
v  5533.9902 20624.0859 -2622.9458
v  3878.9775 16592.4355 -2577.1855
v  4037.8789 16637.4941 -2560.3130
v  4026.8770 16764.3496 -2530.6584
v  3860.6426 16719.2930 -2549.5762
v  5013.2842 20032.7871 -4524.1650
v  4885.5527 19967.6270 -4520.8418
v  4851.9395 20109.7324 -4513.4277
v  4980.2822 20176.2793 -4516.4956
v  2652.9980 20607.4492 -4058.1272
v  2622.4395 20753.7148 -4111.8125
v  2659.7207 20753.0234 -4216.8818
v  2691.5000 20599.1328 -4176.2344
v  6995.8770 18275.5254 -2515.3198
v  6884.6465 18220.7617 -2479.7854
v  2651.7754 20086.1641 -3173.6016
v  2647.4980 20240.7480 -3200.9551
v  4363.6250 15824.3701 -3586.2097
v  7176.7793 19905.2383 -3739.3398
v  6918.2598 21607.7383 -4384.8394
v  6951.2637 21507.9180 -4398.6440
v  3324.0469 21668.0469 -2923.5823
v  3377.8301 21561.2930 -2911.0557
v  3363.7734 21567.5313 -3037.0879
v  3314.8809 21661.1133 -3028.6516
v  7506.8037 19395.7363 -4443.6372
v  7412.0752 19443.5664 -4453.3516
v  2882.7930 15874.9736 -2720.6013
v  6328.4941 22206.6621 -3476.0273
v  6482.5059 22205.9688 -3472.7041
v  2723.8926 18541.0195 -2708.8418
v  2676.8320 18543.7930 -2810.3323
v  2668.8867 18391.9824 -2810.0767
v  2719.6133 18390.5977 -2706.2854
v  7173.7246 16699.8828 -3681.0532
v  7153.5557 16700.5742 -3851.0562
v  6095.0313 20941.5742 -4460.7656
v  6071.1973 21064.9629 -4454.1187
v  5669.6670 14927.3691 -2778.1211
v  5612.2178 15054.2256 -2768.1511
v  2744.6699 17250.9766 -4262.3862
v  5126.3486 18669.9570 -4624.6328
v  5082.3457 18800.9707 -4623.8662
v  5280.3604 18294.9355 -4643.2949
v  5224.7451 18417.6328 -4631.5352
v  5801.6768 21670.8184 -2787.5801
v  5833.4561 21521.0859 -2766.8730
v  5954.4658 21665.2734 -2803.1743
v  6976.9316 18798.1992 -2579.2307
v  6901.7578 18918.8164 -2586.8999
v  6774.0264 18879.3027 -2522.7336
v  4958.2793 17030.5391 -2493.5903
v  4225.5039 19435.9414 -2503.0491
v  4088.6045 19436.6348 -2494.3572
v  4108.1621 19275.8125 -2501.5151
v  4251.1719 19271.6543 -2517.3650
v  4289.6748 15835.4619 -4196.6855
v  4205.3359 15779.3125 -4186.4600
v  4204.1133 15837.5410 -4304.5674
v  2849.1797 18978.4297 -3767.2051
v  4375.2363 22020.1914 -4187.9941
v  4244.4502 21958.4961 -4199.7534
v  2738.5605 20610.9180 -4279.0029
v  2767.2832 20460.4922 -4253.6943
v  5947.7432 20683.0078 -2707.0525
v  6093.8096 20695.4883 -2734.6619
v  6276.5459 14191.8848 -2952.7256
v  6245.3770 14182.1797 -2950.6804
v  7275.7871 20314.2266 -4282.8379
v  7254.3965 20206.7813 -4352.6284
v  7261.1191 20313.5332 -4359.0195
v  7933.3916 17075.5957 -2817.7458
v  6047.3613 21188.3516 -4448.7500
v  3648.5723 15961.6240 -3014.0798
v  3040.4707 19510.1152 -4395.3208
v  2961.6309 19495.5566 -4268.0103
v  8017.1191 16922.3984 -3051.9153
v  4069.0479 15655.2295 -3934.1401
v  4001.2090 15630.9678 -3944.8774
v  6374.3301 19166.2871 -4622.5879
v  6691.5205 16403.1914 -3149.3152
v  6209.3184 16320.7012 -2659.7583
v  6288.1572 16126.6055 -2742.8425
v  2679.2793 19319.4844 -2934.8306
v  6748.3584 20557.5391 -4502.4355
v  6762.4160 20438.3086 -4510.8716
v  6735.5244 20677.4629 -4495.0215
v  6588.8457 20658.7461 -4504.9917
v  3328.9375 18385.7441 -2469.0483
v  2324.1953 15745.3457 -3238.2793
v  6836.3652 20431.3789 -2894.6946
v  6316.2705 22238.5508 -4231.4531
v  7117.4971 16695.0293 -3338.2356
v  7222.6152 16717.2109 -3349.2283
v  7238.5068 16733.8477 -3189.4512
v  7129.7197 16710.2793 -3178.4585
v  3957.8174 20243.5195 -4581.9404
v  3819.6963 20226.1895 -4604.4370
v  5010.2275 18026.6660 -4652.4980
v  4947.8916 18152.8281 -4634.0918
v  5114.1250 18224.9219 -4645.0840
v  3724.3555 19003.3867 -4616.4521
v  3047.8066 21743.6055 -2751.7900
v  3110.1426 21781.0391 -2753.8352
v  5697.7803 15622.6494 -4389.6968
v  5768.6738 15431.3262 -4347.5156
v  5699.6143 15389.7344 -4282.5820
v  7594.1992 17454.0840 -2623.7126
v  7508.0264 17420.1172 -2599.1709
v  3466.4473 15976.8740 -3564.2244
v  3349.1035 15965.7832 -3555.0212
v  6093.1992 14219.6123 -2972.9214
v  6029.0283 14267.4434 -2954.2595
v  6029.6387 14272.2949 -3014.8469
v  6090.7529 14236.2490 -3041.9451
v  8172.9648 16305.4512 -2922.3040
v  8157.0752 16225.7334 -2954.2595
v  8136.2949 16276.3369 -3079.5247
v  8153.4082 16347.7363 -3046.5466
v  7438.9648 16696.4160 -3371.9805
v  7330.1797 16719.2930 -3361.4993
v  7301.4561 16708.8945 -3525.3667
v  2912.7402 20115.2773 -2629.3369
v  2899.2930 20275.4082 -2638.5400
v  5697.1699 15120.7725 -3916.2451
v  5742.3945 15012.6328 -3828.5596
v  3729.2441 18523.6914 -2431.9802
v  3976.1523 17259.2949 -2478.2515
v  3992.6533 17137.9844 -2477.7402
v  4180.8896 17178.1895 -2472.1162
v  4164.3877 17300.8867 -2476.2065
v  2568.0469 16889.8184 -3307.8142
v  2564.9902 16932.7969 -3451.9971
v  2554.6016 16782.3730 -3477.5613
v  2562.5469 16738.7012 -3331.8445
v  2550.9336 16177.2090 -2957.3271
v  5806.5654 21944.6328 -4354.6733
v  5967.9121 21938.3945 -4357.7412
v  3008.0801 16780.9863 -2608.1184
v  3159.6465 16798.3164 -2603.2612
v  3144.9785 16953.5938 -2595.3362
v  2995.8574 16946.6602 -2601.2161
v  6287.5459 14401.9238 -2847.1450
v  6253.9326 14398.4580 -2829.5056
v  6290.6025 14334.6836 -2851.7466
v  4970.5029 21572.3848 -2754.0908
v  5809.6221 22075.6484 -4326.8086
v  5646.4434 22081.8867 -4323.4849
v  2709.2246 17986.4609 -3489.0652
v  2700.0566 17842.2754 -3498.2683
v  3875.9229 18360.7891 -2446.0405
v  5273.0273 20550.6074 -2583.0654
v  5254.6904 20700.3398 -2606.3289
v  3636.9590 20820.2617 -2643.3972
v  3623.5137 20958.9023 -2663.3374
v  6491.6729 16141.8555 -2988.2600
v  6320.5488 22269.0508 -3997.2842
v  6318.1035 22253.1074 -3871.7632
v  6464.7813 22236.4707 -3868.6956
v  3649.7949 15865.9629 -3818.0781
v  3729.2441 15780.0059 -3806.0630
v  6178.1494 15733.5615 -2764.8276
v  6157.3701 15598.3867 -2772.4971
v  6238.0430 15585.2168 -2858.6489
v  4004.8770 17015.2891 -2486.1765
v  4189.4453 17053.4141 -2476.7178
v  3743.3018 17750.0801 -2482.3418
v  3907.0908 17774.3418 -2491.8008
v  3894.2568 17914.3691 -2479.5298
v  3737.1895 17894.2656 -2464.7026
v  5211.2988 16116.2070 -2650.8108
v  6891.3691 16594.5156 -3654.9778
v  6908.4824 16597.9824 -3487.0200
v  7718.2646 16952.2070 -2603.7725
v  7765.3232 16993.7988 -2606.3289
v  4218.1699 17228.7930 -4658.3779
v  2554.6016 20931.1738 -4075.5107
v  7000.7656 16648.5859 -3493.1555
v  6474.5605 16213.2559 -3958.1709
v  6503.2852 16201.4707 -3794.8147
v  6447.6699 16095.4121 -3788.1677
v  2778.8965 21621.6016 -4350.5830
v  2907.8496 21620.9082 -4349.0493
v  6227.0420 18894.5527 -4646.3623
v  6304.6582 18767.6973 -4638.6934
v  5333.5313 18606.8750 -4614.9185
v  5174.0186 18542.4082 -4625.9111
v  3594.7891 21424.0391 -2920.7703
v  3687.6855 21428.1992 -2929.4622
v  3654.6836 21441.3711 -3084.8931
v  3565.4531 21437.9043 -3076.2012
v  3511.6738 21440.6758 -2916.4243
v  3486.6152 21455.2344 -3065.9756
v  3418.7754 21498.2109 -3052.4265
v  3437.7227 21485.0430 -2911.8228
v  6305.8809 19944.7500 -4552.7969
v  6432.3916 19987.7305 -4555.0977
v  5771.7305 20429.9922 -4497.5781
v  5643.9990 20373.8418 -4510.1045
v  5615.8857 20506.9375 -4496.0439
v  5744.8398 20561.0059 -4485.0518
v  6165.3154 17791.6719 -4640.4824
v  2855.9004 17915.0625 -4073.7214
v  2810.6758 17901.1973 -3929.0273
v  6227.6523 14549.5762 -3486.7644
v  2882.7930 19236.9941 -3940.5313
v  2661.5547 18239.4785 -2809.0540
v  2710.4453 18087.6680 -2701.4282
v  2713.5020 18239.4785 -2702.1951
v  2470.8730 16528.6621 -4136.6099
v  2435.4258 16401.1133 -4163.1968
v  2434.8145 16376.1582 -4020.5476
v  2469.6504 16499.5469 -3992.1714
v  3610.0684 20771.7383 -4577.8501
v  3625.9590 20640.0313 -4591.9102
v  6273.4912 20070.9141 -4538.7368
v  6115.2012 20149.9375 -4526.7217
v  6244.7646 20195.6895 -4524.6763
v  5783.3418 20952.6641 -2698.1047
v  5930.6318 20965.1406 -2723.9248
v  5765.6191 21092.6914 -2708.8418
v  5200.2988 15682.2646 -3635.8044
v  5163.0186 15682.9570 -3466.5686
v  5083.5674 15756.4375 -3486.5088
v  7302.0664 19573.1953 -4395.8320
v  7321.0127 19574.5820 -4324.5073
v  7283.1211 20427.2188 -4202.5654
v  7288.0098 20423.0586 -4291.5293
v  5902.5176 22156.0586 -3069.2988
v  5913.5195 22067.3281 -2956.0488
v  7140.7207 21426.1211 -4388.6738
v  7272.7314 21451.0742 -4379.9824
v  7285.5654 21304.8086 -4391.7417
v  6563.1777 16390.0215 -2842.7991
v  6258.2109 20428.6055 -2738.4966
v  5560.2705 15497.8730 -2702.7063
v  5653.1650 15722.4707 -2667.9390
v  5521.1563 15644.1387 -2687.1123
v  2833.2891 19803.3379 -2640.5852
v  2937.1855 19797.7930 -2611.6975
v  2925.5742 19955.8418 -2620.9006
v  2827.1777 19961.3887 -2651.3223
v  3141.3125 19169.0605 -2561.3357
v  5017.5625 16580.6523 -4548.7065
v  2779.5078 19317.4043 -2658.9915
v  2794.7852 19155.1953 -2655.4126
v  2577.8242 17082.5273 -3432.0566
v  2567.4355 16973.6953 -3596.6912
v  2591.2695 17318.2168 -3101.5100
v  2594.9375 17297.4199 -2961.6731
v  2607.1602 17461.7090 -2949.9136
v  2607.1602 17477.6523 -3087.1938
v  2979.3555 19363.8496 -4252.1602
v  4946.6689 15885.3721 -2843.0547
v  4929.5566 15829.2227 -3003.8542
v  7592.9766 17754.9316 -2653.6230
v  2869.9590 21713.7969 -4055.3152
v  3443.2227 16302.6777 -2644.4197
v  5691.6689 20823.7285 -4471.5024
v  5664.7783 20955.4375 -4466.3896
v  5797.4004 20998.4141 -4458.4648
v  5823.6787 20869.4805 -4463.3218
v  5805.9551 16143.2422 -4498.0894
v  4661.2578 21143.2930 -2683.2776
v  4631.9229 21290.2520 -2709.8645
v  4509.0801 21247.2734 -2707.8193
v  4537.8037 21103.0879 -2684.8115
v  4029.9346 18363.5625 -2477.7402
v  4022.5996 18511.9063 -2475.6951
v  3872.8652 18516.0664 -2446.0405
v  2706.7793 20289.9648 -2824.3926
v  2745.2813 20286.5000 -2733.8950
v  2742.2266 20445.9336 -2753.0681
v  3881.4229 21094.7695 -2683.0220
v  2750.1719 17287.7148 -2647.4875
v  6317.4922 14336.0703 -2874.7544
v  6337.0498 14285.4668 -2914.3792
v  6337.6621 14335.3770 -2906.7097
v  6654.8525 16382.3965 -3640.1504
v  6588.2354 16293.6660 -3635.2932
v  6129.8672 19729.8594 -2550.3430
v  7873.4980 17275.9297 -3649.3535
v  7877.1650 17228.7930 -3768.9946
v  5673.9443 14774.1729 -2874.2432
v  5696.5576 14783.8770 -2824.6482
v  6747.1357 19823.4414 -4572.7373
v  6625.5176 19783.9277 -4577.3389
v  7352.1816 16736.6211 -3201.4666
v  7028.2686 17208.6914 -2497.6804
v  5192.9658 22278.0625 -3443.3052
v  5032.8418 22221.2188 -3440.4929
v  2887.0703 19624.4922 -4140.1885
v  2931.0742 18703.2305 -4063.2402
v  6267.9902 14372.8096 -3273.8135
v  6309.5479 14322.2061 -3161.0750
v  2686.6113 18553.5000 -3192.7747
v  3687.0762 21262.5234 -4481.2168
v  3704.7988 21142.6016 -4514.9619
v  3571.5664 21132.2031 -4509.3379
v  3559.9531 21247.9668 -4476.1040
v  2995.8574 20427.2188 -2634.9609
v  3125.4219 20418.2070 -2629.8481
v  4631.9229 20463.2656 -4510.6162
v  7443.2432 16729.6895 -4336.5225
v  7558.7520 16606.9922 -4205.6333
v  7410.2412 16705.4277 -4261.6191
v  3528.1738 20539.5156 -2619.3667
v  2899.9063 19491.3984 -4124.8501
v  2853.4570 19496.2500 -3974.0205
v  4166.8340 21858.6758 -3702.2717
v  4194.9443 21835.1074 -3559.1116
v  6040.0283 18516.7598 -2372.1597
v  6123.7568 18376.7324 -2393.6335
v  6260.6553 18434.2695 -2352.7307
v  6168.3701 18577.7617 -2333.5576
v  7575.2529 19319.4844 -4452.0732
v  7484.1914 19361.0762 -4485.3071
v  7591.1426 19358.9961 -4419.8623
v  7279.4541 19142.7188 -4545.6392
v  7385.1846 19081.0234 -4513.9390
v  2503.8750 16586.8906 -3819.6121
v  2511.2090 16539.7539 -3675.1736
v  2533.2109 16680.4727 -3648.0752
v  7078.3828 19598.8438 -2910.8000
v  7099.1621 19707.6758 -3041.1782
v  7043.5469 19714.6094 -2918.7251
v  7326.5117 19392.9648 -3579.8186
v  7337.5127 19413.7598 -3717.3545
v  6723.3018 18509.8281 -2412.2957
v  6808.8643 18367.0273 -2443.4841
v  6914.5938 18426.6426 -2483.8757
v  6852.8672 16771.9746 -2717.2781
v  7006.8789 16739.3945 -2858.1377
v  6967.1523 16817.0332 -2720.0901
v  2412.2031 16091.9453 -4269.0332
v  8099.0146 16344.2705 -3224.9856
v  3275.7656 19173.9121 -2540.1172
v  3412.0547 19175.3008 -2515.8313
v  3394.9414 19331.9629 -2530.1472
v  3257.4316 19331.2695 -2552.3882
v  6572.9570 18957.6348 -2465.2139
v  7037.4355 20445.9336 -4470.4800
v  7146.8320 20435.5371 -4451.3066
v  7146.8320 20321.8516 -4454.6299
v  7044.1592 20330.1699 -4477.1265
v  2622.4395 16969.5371 -4297.9204
v  2579.0488 16814.2598 -4311.7256
v  8050.7334 16784.4531 -3213.4817
v  8074.5684 16654.1309 -3258.9863
v  8028.7314 16712.3594 -3419.7859
v  3921.1475 17639.1680 -2496.4023
v  3751.2471 17609.3594 -2495.3796
v  2814.3438 19509.4219 -3820.1233
v  7310.0117 19520.5117 -3986.0356
v  7361.9600 19465.7500 -3986.2915
v  8132.0166 16164.7324 -2972.9214
v  6571.7344 19241.8457 -2568.2380
v  4645.3672 15890.2246 -3218.8503
v  4636.8115 15897.8496 -3051.9153
v  2338.8633 15838.2344 -3385.5298
v  2360.8633 15915.1797 -3363.8000
v  2368.1992 15955.3848 -3519.7424
v  2352.3086 15876.3604 -3543.2617
v  7429.1875 21774.7988 -3381.4395
v  7147.4443 20670.5313 -4442.8701
v  7146.8320 20551.9941 -4447.7275
v  3296.5449 17558.7578 -4563.2783
v  3231.1523 17417.3438 -4547.6841
v  6088.3105 20836.2070 -2742.8425
v  5939.7979 20824.4219 -2715.9998
v  7875.3320 16365.7598 -3552.7205
v  4899.6094 16335.2588 -4495.5327
v  2637.1055 21375.5156 -4370.5234
v  2725.1152 21390.0742 -4385.6064
v  7584.4209 18250.5703 -2866.5737
v  7569.7529 18392.6758 -2989.0269
v  7538.5840 18423.1777 -2870.1528
v  3435.2773 17578.1660 -2510.4626
v  3432.8340 17429.1289 -2532.7036
v  3589.2891 17588.5645 -2501.2595
v  7516.5830 17458.2422 -4486.3301
v  4755.9873 16880.1133 -2508.4175
v  4761.4883 17008.3555 -2491.2896
v  2552.1563 21383.8359 -4334.2217
v  8076.4014 16550.1504 -3311.6487
v  4649.6465 15942.9082 -4047.6460
v  2576.6035 17011.8223 -3741.8965
v  2592.4922 17049.2539 -3885.0566
v  5985.6357 21561.2930 -4419.3511
v  6231.9307 21123.8848 -2782.2114
v  6082.1973 20976.2324 -2750.2561
v  6235.5986 20983.1641 -2775.5647
v  2873.0137 20909.6855 -2690.1799
v  2962.2441 20900.6738 -2671.7734
v  4965.6143 15813.9727 -3335.9348
v  4995.5615 15818.8252 -3502.6143
v  7575.8652 16658.2891 -3216.5496
v  7466.4678 16713.0527 -3212.7148
v  3984.0957 21546.0430 -2958.6055
v  3958.4277 21568.2266 -3107.9011
v  7077.7715 20045.9590 -3207.6021
v  6153.0928 19023.4883 -4655.0542
v  5261.4150 19743.0293 -2489.5000
v  5225.3555 19890.6816 -2495.8909
v  4471.1885 15866.6553 -3572.9165
v  4619.0889 19848.3965 -4524.9316
v  4447.9648 19935.7402 -4521.6084
v  4586.0859 19989.1172 -4514.7061
v  2767.2832 18287.3105 -3614.8418
v  7642.4814 16542.5254 -4027.7056
v  7678.5381 16547.3789 -4047.1345
v  3058.1934 18080.7363 -2534.7488
v  2927.4082 18086.9746 -2575.3960
v  3047.1934 17922.6875 -2536.5383
v  6315.0479 14403.3105 -2872.9648
v  6203.2070 18789.8789 -2323.3318
v  6291.8242 18642.2285 -2320.7754
v  6411.6104 18712.2422 -2339.4373
v  6626.1279 18648.4668 -2393.1223
v  6248.4326 15542.2383 -4046.8789
v  6201.9834 15343.2891 -4145.3018
v  6209.3184 15527.6807 -4175.4673
v  4163.1670 21702.0117 -3115.8259
v  4188.8350 21677.7500 -2972.9214
v  2811.8984 18688.6719 -2639.5625
v  3984.7080 15594.2285 -3352.0405
v  3926.6484 15576.8984 -3364.5669
v  4080.0488 21262.5234 -4500.1348
v  3955.3730 21211.9219 -4508.0596
v  4418.0176 20073.6875 -4516.4956
v  2709.8340 18852.9609 -3189.4512
v  2699.4453 18703.2305 -3190.9851
v  3049.0273 20901.3672 -4481.4727
v  6272.8789 14757.5352 -3514.1182
v  6257.5986 14711.0908 -3552.7205
v  6624.9053 16744.9395 -4429.0654
v  6696.4092 16641.6523 -4312.7480
v  6603.5137 16568.8672 -4309.4248
v  7180.4463 19582.2070 -3303.2124
v  5725.8926 15260.7988 -2717.0225
v  3161.4785 21796.9805 -2758.6924
v  3178.5918 21606.3516 -2727.2483
v  2616.9395 21123.8848 -3380.9282
v  2650.5527 21102.3945 -3251.3169
v  5974.0234 22061.0898 -4330.6431
v  2854.0684 17115.1094 -2611.4417
v  3058.8066 18560.4297 -4353.1396
v  6444.6133 20633.7930 -4503.7139
v  3663.8496 20359.9785 -4611.5947
v  3684.0176 20213.7129 -4618.7529
v  3554.4531 20204.0078 -4621.3096
v  8028.7314 16245.8359 -2674.3301
v  8017.1191 16362.9863 -2653.6230
v  7965.7822 16343.5771 -2694.0146
v  7985.3398 16232.6650 -2723.6692
v  5930.6318 16400.4199 -4526.9771
v  6082.8076 16326.2471 -4477.8936
v  7778.7686 17012.5156 -4248.5815
v  6173.2607 17030.5391 -2487.7104
v  6135.3682 17178.1895 -2468.2815
v  5078.0674 17901.1973 -4675.2500
v  5153.8516 17777.1152 -4699.5361
v  2856.5117 16683.2461 -4500.6455
v  2919.4629 16835.0566 -4508.5708
v  3034.9707 16782.3730 -4511.6382
v  3033.1367 17761.8652 -2543.6963
v  4782.8779 18081.4297 -4617.4746
v  7352.7920 20884.7305 -4159.8730
v  3080.8066 21685.3770 -3757.4907
v  3295.3223 18824.5410 -4550.4961
v  2689.0547 19313.2461 -3064.4417
v  5972.8008 14614.7363 -3572.9165
v  2437.2598 16327.6338 -3879.1770
v  2473.3184 16453.7969 -3848.2441
v  4435.1299 20920.0820 -2661.0366
v  4413.1289 21064.2695 -2685.3228
v  6005.8027 14508.6768 -2796.0161
v  5966.6885 14483.7217 -2808.0315
v  2888.9043 20435.5371 -2650.5552
v  2684.7773 18115.3965 -3340.7920
v  2718.3906 18130.6465 -3479.8621
v  4836.6611 22072.1816 -4293.0635
v  7291.6768 18211.7520 -2612.9756
v  4770.6563 16105.8096 -4382.0273
v  4894.7207 16113.4346 -4387.1401
v  2400.5898 16206.3242 -3917.7791
v  2403.0352 16260.3926 -4052.7588
v  7270.8965 20423.0586 -4365.9219
v  5590.2158 14892.0166 -3052.1709
v  5608.5508 14887.8574 -3168.9998
v  3911.9795 16345.6563 -2630.1038
v  3896.7012 16466.2734 -2605.5620
v  3765.3018 16299.2129 -2648.7656
v  4222.4492 21813.6172 -3414.6729
v  3918.7041 15614.3311 -3812.1982
v  5475.9307 15800.1084 -2669.4727
v  5629.9424 15917.2588 -2644.1641
v  2752.0059 21689.5352 -3881.4775
v  2742.2266 21698.5469 -4035.8862
v  6574.7891 16430.9199 -4143.2563
v  6538.7314 16312.3828 -3967.6294
v  6501.4512 16340.8047 -4132.7754
v  5925.1309 19975.9453 -2579.4863
v  5790.0654 19939.8984 -2555.7114
v  5730.7832 22233.0039 -3188.9399
v  5886.6270 22205.9688 -3200.6997
v  5871.9590 22235.7773 -3334.6567
v  5712.4482 22262.8125 -3324.1753
v  4580.5850 19660.5391 -2476.2065
v  4707.0957 19697.2773 -2464.7026
v  7082.0498 22077.0352 -4266.7319
v  6971.4307 22122.0918 -4253.4385
v  5007.1729 19544.7754 -4571.2031
v  5139.1826 19612.0156 -4576.3164
v  5186.2412 19474.0684 -4591.6548
v  5051.7871 19408.2148 -4589.0986
v  3427.9453 19018.6367 -2500.2371
v  3292.8789 19016.5566 -2526.8237
v  5908.6309 18459.9180 -2426.1003
v  5961.1895 18664.4102 -2365.7686
v  5836.5127 18604.1016 -2416.3860
v  2910.2949 17919.2207 -4217.9043
v  7269.0645 20319.0781 -4189.7837
v  7110.1641 21541.1914 -4378.4482
v  7235.4512 21580.0098 -4367.7109
v  7100.3848 20502.0840 -3404.9585
v  7108.3301 20619.2344 -3421.0640
v  2804.5645 18088.3613 -2624.9910
v  6322.9932 14453.2207 -3225.2412
v  6339.4941 14372.1162 -3127.3298
v  6327.2725 14345.7754 -3146.5032
v  6174.4824 14422.0273 -3387.8306
v  6787.4727 16884.9668 -2617.3215
v  3024.5801 16611.1523 -2616.0432
v  3044.1367 16435.7734 -2626.2690
v  3207.9277 16487.0703 -2622.1787
v  3179.8145 16642.3477 -2612.2087
v  6821.6982 22134.5703 -3011.7793
v  3559.3438 16905.0684 -4567.1133
v  3475.0039 16770.5879 -4537.2026
v  5474.0967 18308.1055 -2560.3130
v  5304.1963 18269.9805 -2569.7720
v  7168.2236 17787.5117 -4592.1660
v  7100.3848 17917.1406 -4597.0234
v  5849.9570 20739.1582 -4468.1792
v  5958.1328 20908.2988 -4457.9531
v  2395.0898 15953.3057 -4010.0664
v  2438.4824 15896.4629 -4022.5928
v  2428.7031 15845.8594 -3874.3198
v  2386.5332 15899.9297 -3864.6052
v  6001.5244 15516.5898 -4371.2900
v  5923.2969 15501.3398 -4382.7939
v  7099.1621 22113.0801 -4218.9268
v  6981.8203 22155.3652 -4197.4531
v  7373.5723 21302.7305 -4377.4258
v  7364.4053 21472.5645 -4367.9668
v  7182.8916 17275.2383 -4555.0977
v  5164.8516 22110.3086 -4309.9355
v  5012.6738 22040.2930 -4317.0938
v  7294.1221 21945.3281 -4166.5200
v  4394.7949 16134.9238 -2684.8115
v  3854.5322 21643.0918 -3733.2046
v  3217.7070 15930.4297 -3695.1138
v  3033.7480 17321.6816 -4507.0371
v  7593.5879 16613.2324 -4235.2881
v  7583.8096 19385.3379 -4386.6289
v  7605.2002 19376.3281 -4333.1992
v  6392.0547 21263.2188 -2812.1218
v  6368.2188 21383.8359 -2814.9338
v  5213.7451 15820.2109 -4165.7529
v  5106.1816 15898.5430 -4188.5054
v  2665.2207 20256.6914 -3660.8574
v  5247.9688 22201.8105 -3017.1477
v  6745.9141 16715.1328 -2716.2556
v  2699.4453 19001.3047 -2814.9338
v  3842.9199 15892.3037 -2708.5862
v  3786.0820 15886.0645 -2746.9326
v  3798.3066 15750.1973 -2774.5422
v  3830.0840 15743.9590 -2746.4214
v  5707.5596 18900.7910 -2433.7698
v  5770.5078 18751.7539 -2419.7092
v  3281.2676 19252.9375 -4559.4438
v  3272.0996 19399.2031 -4563.5342
v  2706.7793 17934.4707 -2702.1951
v  4215.7246 20576.2559 -2590.2234
v  2755.6719 17743.8418 -3796.0928
v  3820.3076 19302.1543 -2479.7854
v  3676.0742 19318.0977 -2487.4548
v  3691.3535 19160.7422 -2475.4395
v  3834.9746 19144.1055 -2472.6274
v  4043.3789 21452.4609 -2768.9180
v  4113.6611 21572.3848 -2852.2578
v  4011.5986 21511.3828 -2844.0771
v  2697.0000 19158.6641 -3056.5168
v  6511.2285 16118.2871 -3141.3904
v  7321.6230 21493.3594 -3427.4551
v  4095.3281 15682.2646 -3153.9170
v  3620.4590 21359.5723 -2736.9626
v  3621.0703 21293.7188 -2705.0073
v  5725.2822 20213.7129 -2597.6370
v  5592.0498 20177.6660 -2572.0728
v  5622.6074 20034.8672 -2556.4785
v  5755.8398 20075.0723 -2578.4639
v  6094.4199 19867.8066 -2580.2534
v  2656.0527 19932.2734 -3147.2703
v  2660.3320 19958.6152 -3015.6138
v  6082.1973 18727.4922 -2331.5122
v  2799.0645 16521.7305 -4492.4653
v  5913.5195 14639.6914 -3538.6602
v  6134.7568 22043.7617 -4332.6880
v  6128.0352 21926.6094 -4358.7637
v  5502.8213 22385.5078 -3864.8608
v  5816.3438 14530.8594 -2926.9055
v  5814.5107 14524.6201 -2981.6133
v  5891.5176 14420.6406 -2982.3801
v  5891.5176 14426.8789 -2931.2515
v  5733.8379 14802.5938 -2788.8582
v  5784.5645 14828.9355 -2767.3843
v  5727.1152 14955.7910 -2754.8577
v  7132.1660 19487.2383 -2900.3186
v  7042.3252 19475.4551 -2798.3171
v  7106.4961 19361.0762 -2788.8582
v  7194.5020 19374.9414 -2894.9502
v  2800.8965 21160.6250 -4412.7046
v  2918.2402 21037.9277 -4442.1035
v  2825.9531 20996.3359 -4421.6523
v  7612.5342 19039.4316 -4053.7813
v  7635.1475 19109.4453 -4020.2920
v  2590.0488 21491.9727 -4336.5225
v  2401.8105 16000.4434 -3333.8896
v  2626.7188 15727.3223 -3349.2283
v  2840.0117 19643.2090 -2629.3369
v  2949.4102 19639.7441 -2602.7500
v  7183.5020 20707.2715 -3717.0991
v  3503.7285 21548.8164 -3902.6960
v  3622.2930 21563.3730 -3898.0945
v  3234.2070 15944.2939 -4011.3445
v  3225.6523 15934.5889 -3848.4998
v  7996.9512 16324.8604 -3407.7705
v  2517.3203 16670.0742 -4231.4531
v  2505.7090 16662.4492 -4107.7222
v  6282.6572 14811.6055 -3462.7339
v  4688.1484 17637.0879 -2541.3955
v  7019.7129 20927.0156 -4439.5469
v  5738.1162 14739.5127 -3328.2656
v  5836.5127 14596.0195 -3320.3406
v  5790.6758 14621.6680 -3242.1138
v  2766.0605 19482.3867 -2666.6606
v  2852.8457 19481.0000 -2621.1563
v  2756.2832 19648.0625 -2677.9092
v  2514.8750 21103.0879 -4162.6855
v  2495.9297 21128.0430 -4087.0149
v  7226.8936 20007.1387 -4025.1492
v  6558.2891 21098.9297 -2837.1748
v  6740.4141 21064.2695 -2879.3560
v  4941.7783 15813.9727 -3170.0225
v  6648.7393 21364.4258 -4452.8408
v  6667.0742 21256.2852 -4462.8105
v  5794.9541 20809.8633 -2687.6235
v  5643.3887 18691.4453 -2472.8831
v  8094.1250 16087.0938 -2873.2205
v  8086.1797 16080.1611 -2787.0688
v  5505.2656 15154.0459 -2810.0767
v  5559.0469 15181.7744 -2758.1812
v  6791.1396 19815.8164 -2775.3091
v  6915.8154 19828.9863 -2835.6409
v  3383.3301 19561.4121 -4610.8281
v  3258.0430 19546.1602 -4569.6694
v  2754.4492 19967.6270 -2707.3079
v  2818.6211 20120.8242 -2660.0142
v  2750.1719 20126.3691 -2718.8120
v  5800.4551 20300.3633 -4515.2173
v  5901.9063 20481.9805 -4486.5854
v  5928.7979 20353.7383 -4502.1797
v  7088.1621 19892.7617 -4494.5103
v  7108.9414 19792.2461 -4495.7886
v  7013.6006 19776.3047 -4527.4883
v  6987.3203 19880.9766 -4525.6987
v  3704.7988 19002.0000 -2463.1687
v  3848.4209 18986.7500 -2464.9580
v  5234.5234 20847.2969 -2631.1262
v  7216.5059 20102.1074 -4413.4712
v  7159.0557 19998.1270 -4459.7432
v  7151.7227 20103.4941 -4458.9756
v  8115.5156 16119.6738 -2742.5869
v  8086.7920 16098.8779 -2727.5039
v  7898.5547 17203.1445 -3624.0449
v  7910.1670 17137.2910 -3692.5574
v  3289.8223 21462.8594 -4384.3281
v  3286.7676 21377.5957 -4421.3965
v  5359.1992 21887.0977 -4351.8613
v  5216.7998 21837.8809 -4355.9517
v  5191.7422 21983.4531 -4332.6880
v  5340.2529 22037.5215 -4327.0640
v  5903.1279 14929.4492 -3989.1035
v  4418.0176 15861.8027 -3087.1938
v  4414.3506 15897.1563 -2921.5371
v  4833.6045 17619.7578 -4651.2197
v  4662.4805 17550.4375 -4635.3696
v  4578.1416 17682.8398 -4623.0986
v  4753.5430 17748.6934 -4633.5801
v  4122.8291 15726.6289 -4179.8135
v  4048.2686 15689.8896 -4182.3701
v  4064.7705 15735.6406 -4274.6572
v  4130.1621 15778.6191 -4285.1387
v  6086.4766 20276.7930 -4510.1045
v  6058.9736 20402.2617 -4494.7661
v  6191.5957 20444.5488 -4498.0894
v  6217.2637 20320.4648 -4510.8716
v  7067.3828 19129.5469 -4559.9551
v  6962.2637 19042.8984 -4569.6694
v  4303.1201 17761.8652 -4624.6328
v  3344.8281 15960.2373 -3997.5398
v  3453.6133 15957.4648 -3985.7803
v  3588.6797 16028.1719 -4337.2900
v  7634.5361 19287.5977 -4375.6362
v  4380.1270 21109.3262 -4509.0820
v  4349.5684 21250.7402 -4495.2773
v  4032.9893 21650.7148 -3266.6555
v  4007.3213 21668.0469 -3421.3198
v  3614.3477 16252.7676 -2672.7961
v  3643.6836 16141.8555 -2736.1958
v  3788.5273 16186.9141 -2673.0518
v  4006.7090 20957.5156 -4546.1504
v  4028.1006 20823.7285 -4554.5864
v  7376.0166 16688.0977 -4152.2041
v  7434.0762 16640.2676 -3990.6375
v  7346.0703 16681.1660 -4022.3372
v  6283.2676 15069.4756 -3252.3396
v  2619.9961 17623.9180 -2941.9885
v  2302.8047 15710.6855 -2855.5811
v  7294.1221 19636.9707 -4323.4849
v  7302.0664 19625.1855 -4232.4761
v  5595.7168 14988.3711 -3352.8074
v  4193.7236 16928.6387 -2491.5449
v  7022.7676 20805.0117 -4447.7275
v  7546.5283 19379.7930 -4110.0229
v  4273.1738 19114.9902 -2528.3577
v  2573.5469 17043.0156 -3285.3176
v  6884.6465 17883.1738 -2498.4475
v  6826.5869 18021.8145 -2484.6426
v  7680.3730 16495.3867 -3837.5071
v  3762.2471 20956.1289 -2659.7583
v  5552.9355 19702.1309 -4634.8584
v  5669.6670 19778.3828 -4634.0918
v  7034.3799 18956.9414 -2645.1868
v  7176.1670 18990.9082 -2703.2178
v  6282.0469 15036.2021 -3367.8904
v  6279.6006 15157.5117 -3428.4778
v  5787.6201 15676.0254 -4415.0054
v  5843.8457 15472.2246 -4376.4033
v  7545.3066 18724.0273 -3190.7295
v  7518.4170 18740.6641 -3031.4636
v  7542.2520 18567.3633 -3011.0122
v  7557.5293 18513.2930 -3143.6912
v  6318.7148 14639.6914 -3235.7227
v  4015.2646 16890.5117 -2504.3271
v  3841.6973 16845.4531 -2524.5229
v  5536.4346 19349.9844 -2484.3870
v  5483.8760 19501.7969 -2495.1240
v  2721.4473 17721.6582 -3651.6543
v  2671.9434 20929.7891 -4331.6655
v  2541.1563 16634.7227 -3503.6370
v  2521.5996 16491.2285 -3529.7124
v  6445.2256 22095.7500 -4308.4019
v  3264.7656 16100.2637 -4403.7568
v  3267.2109 16225.7334 -4456.6753
v  3395.5527 16202.1641 -4442.1035
v  3382.1074 16089.8662 -4376.6587
v  2815.5664 20174.1992 -4209.9795
v  6429.9453 17594.1094 -2465.7251
v  6450.7246 17461.0156 -2452.1760
v  7404.1289 19311.8594 -3582.6306
v  7273.9531 19693.8125 -4118.7148
v  7282.5088 19704.9043 -4234.0098
v  7349.7363 19438.7148 -3853.1013
v  5444.7617 15895.7695 -4404.0127
v  5548.6592 16005.9883 -4461.0210
v  5628.1084 15814.6660 -4428.5547
v  3755.5254 21494.0547 -4386.1177
v  3786.6924 21400.4727 -4435.7124
v  7885.1104 16404.5781 -2830.0168
v  7878.3867 16367.8398 -2958.8611
v  5722.2256 19638.3555 -4656.5884
v  5836.5127 19709.7559 -4645.0840
v  5779.6758 19496.2500 -4669.1147
v  5138.5713 20104.1875 -4529.5332
v  5050.5664 19890.6816 -4538.9922
v  5546.2129 22288.4609 -3313.1826
v  5664.1660 18308.1055 -4624.1216
v  2901.7402 16204.2441 -2647.7432
v  2743.4492 16258.3145 -2688.9016
v  2745.8945 21693.6953 -4184.6704
v  2672.5547 19648.0625 -2850.7239
v  2701.2793 19650.1406 -2754.3464
v  2574.1582 16697.1094 -3182.0376
v  4231.0039 20305.2148 -4532.8569
v  4095.3281 20269.8633 -4556.6318
v  7255.6182 21050.4063 -3772.8293
v  7438.9648 21861.4492 -3605.3828
v  7423.0752 21823.3242 -3751.6108
v  3088.7520 15890.9180 -3711.9863
v  2959.7969 15850.0186 -3736.2725
v  5845.6807 14706.9316 -2780.4219
v  5907.4063 14590.4746 -2794.2268
v  7289.2314 21160.6250 -3794.3032
v  4451.0205 20683.0078 -4516.2402
v  4429.0195 20825.1152 -4517.7739
v  6868.7559 19857.4082 -4555.6089
v  3552.6191 21488.5078 -3595.4128
v  3523.8965 21520.3945 -3757.7463
v  7485.4131 19234.9141 -3573.4275
v  7452.4111 21291.6387 -4200.0093
v  7467.0781 21489.8945 -4159.3618
v  4311.6758 21908.5859 -3557.0664
v  2659.7207 19799.1797 -2990.8164
v  5488.7646 18673.4219 -4603.4146
v  7206.1143 18371.1875 -2599.1709
v  7100.9961 18326.1289 -2555.4558
v  7184.7246 18170.8516 -2576.6743
v  7553.8623 18423.8711 -3294.7764
v  2695.7793 20217.1797 -3803.7622
v  5299.3057 22339.0625 -4234.5210
v  5296.2510 22381.3496 -4172.6553
v  5486.9307 22401.4512 -4172.1440
v  2767.2832 21671.5117 -3728.6030
v  2786.2305 21652.7969 -3576.7510
v  2863.8477 21726.2754 -3614.3306
v  2586.3809 16507.8652 -3053.1934
v  3008.6914 15993.5117 -4361.3203
v  4934.4453 18926.4414 -2553.9221
v  6486.1729 21557.1348 -2838.9644
v  6658.5186 21623.6816 -2862.2278
v  7514.7490 16594.5156 -3910.6211
v  4409.4619 15987.2725 -2774.7979
v  4533.5264 16028.8643 -2760.7375
v  5932.4648 21035.8477 -4453.3516
v  6270.4326 14215.4531 -2868.3633
v  7269.6748 19559.3320 -4449.7725
v  7222.6152 19535.0703 -4490.6758
v  7173.7246 19612.7070 -4491.9541
v  7232.3945 19630.7305 -4452.8408
v  5901.9063 19218.9707 -4669.1147
v  5780.8975 19145.4922 -4651.7310
v  5721.6143 19280.6660 -4657.0996
v  5840.1797 19356.2246 -4672.1826
v  4005.4873 15624.0352 -3027.6292
v  4026.8770 15624.7285 -3181.2708
v  7300.2324 19013.7832 -2786.8130
v  7383.9619 19025.5684 -2907.9880
v  6055.3066 14535.7119 -2789.6252
v  2339.4746 15856.2578 -3047.5693
v  2343.7539 15844.4727 -2911.5671
v  2396.9219 15939.4414 -3015.8694
v  3613.7363 21399.7773 -2805.4751
v  3522.0625 21416.4141 -2803.1743
v  3518.3965 21378.2891 -2736.4514
v  6841.2539 18736.5039 -4601.8804
v  6962.8740 18845.3359 -4581.1733
v  3550.1758 19171.8340 -2491.8008
v  3534.2852 19328.4961 -2506.8838
v  6379.8311 15791.0967 -3127.5857
v  5097.6240 19270.9609 -4602.1362
v  5144.0723 19133.7070 -4610.3164
v  7713.9863 16565.4023 -4058.6387
v  7787.9355 16506.4805 -3884.2898
v  3948.6494 15648.2979 -4079.0898
v  3932.1484 15628.1953 -3952.5464
v  6195.8721 14328.4453 -2822.3474
v  6180.5938 14301.4102 -2825.4153
v  6127.4229 16523.8086 -4507.5479
v  3127.8652 19673.0156 -4501.1572
v  3140.7012 19528.8320 -4498.3447
v  6302.2139 14751.2969 -3314.4609
v  7075.9385 19447.7266 -4543.8496
v  6976.9316 19388.1113 -4561.7446
v  6899.9248 19488.6250 -4571.4590
v  6307.7148 17247.5098 -4600.6025
v  6380.4424 17130.3594 -4570.4365
v  6240.4863 17064.5039 -4591.1436
v  3796.4727 15956.0781 -4389.1855
v  3875.9229 15861.1104 -4371.2900
v  3841.0869 15806.3477 -4299.1987
v  2798.4531 21304.8086 -4402.2231
v  6121.3115 16789.9980 -2530.4028
v  3509.2285 20685.0898 -2638.0288
v  3653.4609 20678.1563 -2622.1787
v  7227.5059 20541.5977 -4421.9077
v  7221.3945 20427.9102 -4420.6294
v  7559.3633 18033.5977 -3749.8213
v  3748.8008 18713.6289 -4616.7080
v  6055.9170 14295.1719 -2849.9570
v  5768.0635 19118.4570 -2419.9648
v  7390.0732 21934.9297 -3033.5088
v  7425.5205 22048.6133 -3071.5996
v  2658.4980 18101.5313 -3203.5117
v  7089.3848 16849.6133 -2726.2256
v  7118.1094 16776.1328 -2867.5964
v  7126.0527 20489.6055 -3543.2617
v  4743.7637 21810.1523 -2814.9338
v  4797.5469 21677.0586 -2776.3318
v  2754.4492 19808.8848 -2693.5032
v  2872.4023 20752.3281 -2677.1421
v  2967.7422 20743.3184 -2658.9915
v  6517.9531 16488.4570 -4302.0107
v  4520.0801 20159.6426 -2509.9514
v  7051.4922 20216.4844 -4483.2617
v  7060.6602 20105.5742 -4488.3750
v  6946.3730 20101.4141 -4515.4731
v  6928.0381 20215.0996 -4508.0596
v  7235.4512 20658.0547 -4421.3965
v  2588.2148 20890.2773 -3454.5532
v  2602.2715 20683.0078 -3423.3647
v  8037.2891 16093.3320 -2864.5286
v  5718.5596 20692.0195 -4477.1265
v  3748.1904 15879.8262 -2806.2419
v  3743.3018 16019.8535 -2746.1658
v  7820.3281 16536.2871 -3885.8237
v  4060.4922 17937.2441 -2502.7935
v  4047.0459 18076.5781 -2492.5676
v  3442.0020 18538.2500 -4595.4893
v  4220.0029 21637.5469 -2858.6489
v  3041.6934 20409.8887 -4492.4653
v  5404.4248 20592.8926 -2603.7725
v  6699.4658 18999.2266 -2534.7488
v  6650.5742 18834.9375 -2453.9656
v  3196.9277 17728.5898 -4534.6465
v  6333.9951 22192.1055 -3347.6946
v  6489.2275 22196.2656 -3345.9050
v  5996.6357 14370.7305 -2839.7312
v  6348.0498 14315.9668 -3037.8547
v  6337.0498 14291.7051 -3055.7498
v  3015.4121 20560.3125 -4483.5176
v  2915.7949 20518.7207 -4430.8550
v  5870.1260 14566.9053 -2813.9114
v  5935.5195 14462.2324 -2826.9490
v  2809.4531 20281.6465 -2671.0066
v  7037.4355 18047.4629 -4598.5571
v  7954.1699 17089.4609 -3180.2480
v  2871.7930 19367.3164 -3954.8474
v  5713.0586 19265.4141 -2446.2964
v  5661.1104 19412.3750 -2471.3491
v  7491.5254 16832.2832 -2763.8052
v  7360.1270 16803.1680 -2891.8826
v  7127.8867 21252.8203 -3082.3367
v  5892.1279 20108.3457 -2606.0732
v  6734.3018 17833.9570 -2481.8306
v  5556.6035 17213.5430 -2463.6799
v  3671.1836 20533.9707 -2601.2161
v  3812.3613 20533.9707 -2585.8774
v  7198.7813 16706.1211 -3513.3513
v  4596.4766 21435.8242 -2734.4063
v  4719.3174 21482.9609 -2740.5417
v  6326.6602 20480.5938 -4505.7588
v  6350.4961 20357.8984 -4517.2627
v  6219.7080 14589.7813 -2814.9338
v  6239.2656 14484.4150 -2821.8362
v  6276.5459 14489.9609 -2843.5659
v  6260.0449 14598.0996 -2842.0320
v  5672.1113 16090.5586 -4489.9087
v  5733.2275 15881.9063 -4453.8633
v  4932.6113 21093.3828 -4478.9160
v  5788.2305 19846.3164 -4619.0088
v  5906.7949 19908.0117 -4594.4668
v  4207.1689 15749.5049 -3288.6409
v  3446.2793 17142.8359 -2560.0576
v  5307.2510 19595.3789 -2487.1992
v  5434.3701 19650.1406 -2503.5603
v  5392.2012 19795.0195 -2511.9966
v  7217.1162 20316.3066 -4418.5840
v  4997.3936 17693.9297 -4676.0171
v  6276.5459 16445.4766 -2648.7656
v  2708.0020 20130.5293 -2806.4976
v  6214.8174 14436.5840 -3387.0635
v  6235.5986 14353.4004 -3279.4377
v  3082.0293 19640.4375 -2587.9226
v  3064.9180 19795.7129 -2597.1257
v  6908.4824 21031.6875 -2939.4321
v  5488.1533 22070.7969 -4323.9961
v  7416.3525 21476.7227 -3935.4185
v  7443.8555 21593.8750 -4004.4419
v  8094.1250 16120.3672 -2982.6357
v  3048.4160 19952.3770 -2606.3289
v  5340.8643 15501.3398 -3581.8638
v  5297.4717 15511.0439 -3415.6956
v  5233.9131 15599.7734 -3443.0493
v  5274.8594 15595.6143 -3611.5183
v  4435.1299 21981.3730 -3559.6228
v  5941.6318 17537.2676 -4702.6040
v  6090.7529 17605.8945 -4667.3252
v  7328.9570 20886.8086 -4382.7939
v  7406.5742 21728.3555 -4065.0298
v  7409.6299 21785.8906 -3899.8840
v  5691.6689 14853.8906 -3409.5601
v  5643.9990 14875.3799 -3291.1973
v  4708.3174 16490.5352 -2593.5466
v  4533.5264 16471.8203 -2597.8926
v  7649.2031 19312.5527 -4246.7920
v  6290.6025 15396.6660 -3526.3892
v  6275.9336 15357.8467 -3674.4067
v  4112.4395 21740.1387 -3417.2295
v  7541.0283 18898.7109 -4131.4971
v  7495.1924 18804.4375 -4143.5122
v  7185.3350 19801.2578 -4458.4648
v  7170.0576 19897.6133 -4459.4873
v  4116.7178 16428.8398 -4577.8501
v  4034.2119 16333.8730 -4549.7295
v  5181.3525 15782.0850 -3996.2617
v  5079.9014 15854.1777 -4013.3896
v  2344.9746 15775.1533 -3396.7778
v  2384.0879 15732.1748 -3398.5674
v  5798.0098 16148.0947 -2620.1335
v  4342.2344 20489.6055 -4520.3301
v  4210.2246 20445.2422 -4535.9243
v  3066.7500 21050.4063 -2677.3977
v  3074.0840 20887.5039 -2664.6157
v  3189.5938 21028.2227 -2674.3301
v  3135.8105 16105.8096 -4425.4863
v  3137.0352 16002.5225 -4334.9888
v  5405.0352 15564.4199 -2728.5264
v  5456.9844 15437.5645 -2738.7522
v  2592.4922 16153.6406 -2814.4226
v  5568.2148 18124.4082 -4665.5356
v  5636.6641 18007.9492 -4686.2427
v  4044.6016 20687.8613 -4557.9097
v  5590.8281 19198.1758 -2470.3267
v  2739.7813 15761.2891 -2891.8826
v  5559.0469 17065.1992 -2475.6951
v  7347.9033 21009.5059 -4064.5183
v  7300.2324 21026.1445 -3920.0798
v  7270.2861 20914.5371 -3898.3501
v  7316.1240 20896.5156 -4040.4878
v  3980.4287 17995.4727 -4632.3022
v  6462.3379 20041.7988 -2728.0151
v  2900.5156 15816.0518 -2995.4180
v  2728.1699 17105.4043 -4382.2827
v  2682.3340 17115.8027 -4281.0479
v  4957.0586 19207.1855 -4605.7148
v  4913.0557 19345.1328 -4589.8652
v  3100.3633 19965.5469 -4503.9692
v  4850.1055 20730.1465 -2586.8999
v  7160.8906 19365.2363 -4541.5488
v  7066.7705 19295.2227 -4554.5864
v  7156.0000 19496.9453 -4521.0972
v  5961.1895 14340.2295 -2941.4773
v  5279.7480 16625.7090 -2565.9373
v  6286.3252 21679.1367 -4408.8696
v  7609.4775 19188.4707 -3847.9885
v  2580.8809 17160.1660 -3119.6606
v  3157.8125 18414.8594 -4472.2695
v  5860.9590 20243.5195 -2628.8254
v  5998.4697 20267.0898 -2661.2922
v  2811.8984 16887.0469 -4491.6982
v  7237.8955 18563.2031 -2635.9836
v  2661.5547 17676.6016 -3362.5217
v  2637.7188 17654.4180 -3218.8503
v  2802.7305 20441.7754 -2687.1123
v  2879.7363 20594.2813 -2664.1042
v  6660.3516 22099.9102 -3004.3655
v  3776.9150 15749.5049 -2818.0015
v  3800.7490 15652.4570 -2831.5505
v  3806.2500 15671.1729 -2801.1292
v  4047.6582 16506.4805 -2591.5015
v  2975.6875 21938.3945 -2888.3035
v  2951.2422 21936.3145 -2974.1997
v  5650.1094 21941.1680 -4351.0947
v  5501.5996 21922.4512 -4350.0718
v  2441.5371 16386.5547 -4278.4917
v  2459.2598 16358.1348 -4359.0195
v  6668.2969 16826.7383 -2621.1563
v  7346.0703 18589.5449 -2692.2251
v  6347.4395 14292.3984 -2968.5754
v  3929.0928 21738.0586 -3868.4399
v  2956.7422 21741.5254 -3632.4810
v  2938.4082 21778.2656 -3494.1782
v  6027.8047 22212.9023 -3342.3259
v  6019.2490 22235.0840 -3474.7490
v  5489.3750 19481.0000 -4633.3247
v  5543.7686 19341.6680 -4635.8809
v  6315.6602 21530.0996 -2820.5579
v  4961.3369 20951.9707 -4495.0215
v  4922.2227 19824.8281 -4534.1353
v  4790.2129 19763.8262 -4534.3906
v  4754.1553 19905.9316 -4521.8643
v  7539.1943 16996.5703 -2607.3516
v  7508.6377 16902.2969 -2665.8938
v  7677.3174 16889.1250 -2621.4119
v  4898.9971 20265.7031 -2502.0264
v  6154.3135 14186.3389 -2935.5974
v  6205.6523 14178.0205 -2945.3120
v  6632.2383 19119.1504 -2550.3430
v  3980.4287 19128.1621 -2484.6426
v  3964.5400 19286.2109 -2486.1765
v  8146.6846 16579.2656 -2846.1223
v  8174.7979 16421.2148 -2883.9575
v  3511.6738 16165.4248 -4426.5093
v  3489.0605 16068.3770 -4353.6509
v  4529.2480 15926.9639 -2902.3638
v  4529.2480 15888.1445 -3068.7876
v  4640.4785 15940.8281 -2885.7471
v  5663.5557 19419.3047 -4658.6333
v  5607.3291 19560.0254 -4651.7310
v  7636.3691 18083.5098 -2869.1304
v  6565.6230 16298.5195 -3801.4614
v  3021.5254 22002.8613 -2910.8000
v  3072.8613 22028.5098 -2927.6726
v  3297.1582 21671.5117 -2781.7002
v  3317.9375 21674.2852 -2844.8440
v  3259.8750 21809.4590 -2876.2881
v  3242.1523 21817.0840 -2818.7686
v  4059.8799 20549.9141 -4558.4209
v  4757.2100 17092.2344 -4631.5352
v  4917.3340 17161.5527 -4642.2725
v  4837.2715 16961.9121 -4617.4746
v  3019.0801 21058.7227 -4459.9985
v  3087.5293 20730.1465 -2652.6003
v  3286.7676 21526.6328 -4339.3350
v  3405.9414 21506.5313 -4336.5225
v  4229.7822 21189.0449 -4509.5933
v  5842.0117 14522.5410 -3171.3005
v  5836.5127 14508.6768 -3102.0212
v  4917.9443 17490.1309 -4664.7686
v  5006.5615 16006.6816 -2723.6692
v  4895.9424 16039.9551 -2732.6167
v  4850.7168 15919.3389 -2856.6038
v  6333.9951 17118.5742 -2483.1089
v  6385.9424 16996.5703 -2513.2747
v  7611.9229 17927.5391 -2702.1951
v  7664.4824 17768.1035 -2708.8418
v  8024.4531 16618.7773 -3473.2153
v  3969.4287 15676.0254 -4188.5054
v  6530.1758 18780.1758 -2388.2651
v  3436.5000 21021.2910 -4524.1650
v  3429.1680 21137.7480 -4496.5557
v  2856.5117 16948.0469 -2615.0208
v  6154.3135 15323.8799 -4240.1455
v  6153.0928 15524.2148 -4275.1685
v  6108.4775 14330.5244 -3257.7080
v  7754.9336 17508.8457 -4013.1340
v  7805.6602 17386.1504 -3982.9683
v  7751.8779 17458.2422 -4150.1587
v  6470.8936 17327.2285 -2452.6873
v  6646.2949 17391.6953 -2444.5068
v  3527.5625 21449.6875 -3244.1589
v  3619.2363 21450.3809 -3252.8508
v  3585.0117 21464.9375 -3425.1543
v  3482.9492 21468.4063 -3417.7407
v  7681.5957 16572.3320 -3209.3914
v  7234.8408 18870.2910 -2697.8491
v  7351.5713 18887.6211 -2783.2341
v  5526.6572 16478.0586 -4545.3838
v  5601.8281 16295.0527 -4519.5635
v  5458.8184 16190.3799 -4487.3521
v  3860.6426 21546.0430 -4381.0049
v  3081.4199 16268.7109 -2637.7729
v  3244.5977 16344.9629 -2633.4270
v  7249.5068 20003.6738 -4150.6699
v  7135.8320 20606.0625 -3559.8784
v  6239.8760 15110.3740 -3864.3496
v  6259.4326 15180.3877 -3749.3101
v  6344.9951 22128.3320 -3097.6753
v  6251.4873 15334.2783 -2953.7480
v  6280.2129 15330.1191 -3070.8328
v  7815.4385 17026.3789 -2623.7126
v  4009.7656 17848.5137 -4637.6704
v  4061.1025 17704.3281 -4643.8062
v  4748.0420 15938.7480 -2870.6641
v  6233.7646 14218.2266 -2853.7915
v  5455.7617 16599.3672 -2560.0576
v  5503.4316 16755.3379 -2530.6584
v  7272.7314 19639.7441 -4396.5991
v  5206.4102 20458.4121 -4511.8940
v  5332.9189 20523.5742 -4506.0142
v  3406.5527 16417.0566 -2626.5247
v  6164.7031 15126.3184 -4159.8730
v  6124.9785 15092.3516 -4216.1147
v  6095.0313 15310.7090 -4301.7554
v  3423.0547 21252.1250 -4465.3672
v  6241.7100 15872.2012 -4218.4155
v  5621.9971 16561.2422 -2558.2681
v  2887.0703 15909.6338 -4244.4912
v  6205.0410 14253.5791 -2837.4304
v  6245.3770 14245.9541 -2846.3779
v  3283.1016 21270.1484 -4450.7954
v  7169.4453 18706.0020 -2634.7053
v  5741.7852 21232.0234 -2720.3459
v  6946.9844 19708.3711 -2823.6257
v  5848.1250 14862.2090 -2754.8577
v  6193.4277 21207.7617 -4456.1641
v  4223.6709 18817.6094 -4612.3618
v  4066.6035 18777.4023 -4614.1514
v  4046.4355 18924.3613 -4611.3394
v  4200.4473 18962.4863 -4607.7603
v  6220.9307 15704.4473 -4199.2422
v  5609.7734 21221.6250 -4452.3291
v  5637.2754 21087.1445 -4460.5098
v  3577.0664 18855.7344 -2461.6348
v  6002.7480 17876.9355 -2534.7488
v  6799.6963 22224.6875 -3464.5234
v  6638.3516 22212.9023 -3468.3582
v  5540.7139 16914.0820 -2500.2371
v  6174.4824 22216.3672 -3476.7944
v  6181.2041 22197.6523 -3346.4163
v  5831.0117 14965.4961 -3931.0723
v  5478.3750 21177.9531 -4459.2314
v  5450.8730 21315.2070 -4444.9155
v  2881.5703 16602.8340 -2624.9910
v  2897.4609 16414.2832 -2634.7053
v  6824.1406 19692.4258 -2763.0383
v  6900.5371 20447.3203 -4491.1870
v  6913.3711 20330.8633 -4499.6230
v  3162.7031 21559.2148 -4341.6357
v  3105.2539 20574.1758 -2641.0964
v  2980.5762 20585.2695 -2646.7205
v  3823.9746 16969.5371 -2506.6279
v  5461.2627 20134.6875 -2550.8545
v  5308.4736 20241.4414 -2543.6963
v  5331.0850 20088.9375 -2529.6360
v  3350.3262 21531.4863 -2752.3013
v  3424.2773 21431.6660 -2741.3086
v  3440.1680 21464.9375 -2807.0088
v  3373.5527 21552.2813 -2819.7910
v  2585.1602 15786.9375 -3856.9360
v  2696.3906 15786.9375 -3822.1685
v  2670.7207 15763.3691 -3667.7600
v  2478.8184 16526.5820 -4257.0176
v  4513.9697 16183.4482 -4473.0361
v  4414.9629 16127.2988 -4459.7432
v  7432.2422 18891.0859 -2903.3865
v  6203.8174 15174.1484 -4075.2554
v  5035.8975 21259.0586 -2699.1274
v  6510.6182 18711.5488 -4626.6777
v  6629.1836 18782.9492 -4615.9409
v  6722.0781 18659.5586 -4615.1738
v  6594.3467 18589.5449 -4623.0986
v  4747.4316 19534.3770 -2470.3267
v  4875.1631 19581.5156 -2456.7776
v  5365.3105 15787.6309 -4292.5518
v  4866.6074 20576.9492 -2555.7114
v  3208.5391 21812.9258 -2777.3542
v  6338.8838 19499.7168 -4604.9482
v  6233.1523 19433.1699 -4630.7681
v  3918.0928 16229.8926 -2647.9988
v  3915.0361 16072.5361 -2668.7058
v  4003.0430 16063.5244 -2668.9614
v  7380.9063 17059.6523 -2585.1104
v  7130.9434 17642.6328 -2524.5229
v  7078.3828 17784.7402 -2527.5908
v  6288.7676 14949.5518 -3201.4666
v  7281.2881 16781.6797 -4296.1309
v  8006.1191 16934.8770 -3189.7070
v  5357.9775 19939.8984 -2519.4102
v  5489.9854 19989.1172 -2538.3279
v  6837.5869 16542.5254 -3318.2954
v  5510.7666 22360.5527 -3729.1143
v  6126.8125 19363.8496 -4654.7988
v  6289.9922 14916.2783 -3304.4907
v  6920.7051 19450.5000 -2734.6619
v  6987.3203 19590.5254 -2812.8887
v  6866.3115 19570.4238 -2750.0005
v  5384.8682 19762.4395 -4602.3916
v  6238.6533 16670.0742 -2577.1855
v  4199.8350 16540.4453 -2581.0203
v  6392.0547 21123.1914 -2806.7532
v  5197.8535 15605.3193 -3277.1370
v  2403.0352 16012.9209 -4146.5801
v  2716.5566 21523.8594 -3530.9907
v  7333.2363 21132.8945 -3943.0879
v  7382.7393 21125.9648 -4089.0601
v  2501.4316 16630.5625 -3964.5618
v  3011.1348 15926.2705 -4222.7617
v  3131.5332 15947.7598 -4197.4531
v  5941.6318 16660.3691 -4570.6919
v  5714.2803 16581.3438 -4570.9478
v  3965.1523 15581.7500 -3203.0005
v  3907.7031 15565.1133 -3218.0833
v  5761.9521 16372.6914 -4536.1802
v  2738.5605 20955.4375 -4385.3506
v  2771.5625 20791.8418 -4375.6362
v  5675.1680 20242.1328 -4530.3003
v  7578.9209 18337.9141 -3123.7510
v  7600.9219 18138.9648 -3269.9790
v  7572.1982 18276.9121 -3272.5354
v  5917.7979 21945.3281 -2877.3108
v  4293.3408 16390.0215 -4566.8574
v  4215.1143 16511.3320 -4598.3018
v  7987.1738 16911.3086 -2729.5491
v  2465.3711 16073.2285 -3141.1348
v  7511.0820 18116.7832 -3915.2227
v  7151.1113 20723.2148 -3575.9839
v  3729.2441 21606.3516 -3889.9138
v  3829.4736 21668.0469 -3879.6882
v  6013.1367 22325.8926 -3996.7729
v  6513.0635 18576.3750 -2350.9412
v  6308.3271 22185.8672 -4276.1909
v  6300.9922 14219.6123 -3004.3655
v  7937.0586 17065.1992 -3584.6758
v  5865.2373 21375.5156 -2751.2786
v  2940.2422 20369.6836 -4429.5771
v  7443.2432 19304.9277 -4517.0068
v  4359.9580 16262.4727 -4523.9092
v  7542.8623 18718.4805 -3617.3982
v  7946.2256 17106.0977 -3305.5134
v  8029.3438 16160.5723 -3111.4800
v  8004.2852 16227.8125 -3256.6855
v  6096.2539 14437.2773 -2802.6628
v  3253.1543 21738.7539 -3127.3298
v  3199.9824 21796.9805 -3187.1504
v  3159.6465 19011.0117 -2551.6211
v  6172.0371 21327.6855 -4447.9834
v  5507.7100 15310.0156 -2748.4666
v  2865.6797 16778.2129 -2619.1111
v  3493.9492 17323.0684 -4589.8652
v  3627.1816 17260.6797 -4612.3618
v  2321.7520 15807.7334 -3226.0083
v  7745.7666 16444.7852 -3673.1284
v  3377.2188 19487.9316 -2543.9519
v  7475.6357 16762.9629 -4380.7490
v  2519.7656 15904.0879 -4166.0088
v  2621.8301 15867.3486 -4150.9258
v  4605.6426 20602.5977 -4512.4053
v  4032.9893 15804.2676 -2765.0835
v  5307.2510 21991.0781 -2839.9868
v  5457.5957 22000.7813 -2847.1450
v  6079.1416 16799.0098 -4574.5264
v  6110.3115 16990.3320 -4605.9707
v  6198.9287 16875.2617 -4564.8125
v  7172.5010 17502.6074 -2521.9666
v  7330.7910 17530.3359 -2565.1704
v  2689.6660 17698.7832 -3506.7046
v  6696.4092 20435.5371 -2835.6409
v  6215.4297 14390.1396 -2818.5129
v  3023.9707 21767.8672 -3496.9902
v  3049.0273 21713.7969 -3627.3682
v  4466.2998 16329.0195 -4536.1802
v  4157.6660 19939.8984 -2491.0337
v  4537.8037 15880.5195 -3235.4670
v  7748.2119 16595.9023 -4060.9392
v  7784.2686 16643.0391 -4053.0144
v  4391.1270 21970.2813 -4268.2661
v  4870.8867 19483.7734 -4571.7148
v  4829.9375 19623.1055 -4552.5415
v  4963.7813 19682.7227 -4551.7744
v  6607.1807 22224.6875 -3865.1165
v  7962.7275 16301.2920 -3407.2593
v  3244.5977 15966.4766 -4170.8662
v  3256.8203 16012.9209 -4305.5898
v  6137.8125 14356.8662 -2814.9338
v  6174.4824 14376.2754 -2813.9114
v  7429.1875 21645.1699 -3837.2515
v  3852.6973 15639.2861 -2778.1211
v  3866.7559 15739.7998 -2737.2183
v  3824.5850 15645.5244 -2786.8130
v  2640.1641 21361.6523 -3505.9377
v  7729.2656 17402.0938 -4272.6123
v  2707.3906 20766.8867 -4305.5898
v  2802.1191 20635.1777 -4364.6436
v  4122.2188 21888.4844 -4211.7686
v  7546.5283 19409.6016 -4229.1523
v  4529.2480 21028.9160 -4505.2471
v  6588.2354 17988.5410 -4613.8955
v  6657.9072 17865.1504 -4613.6401
v  6059.5859 18191.6484 -2474.9282
v  5077.4570 18972.8848 -2539.6060
v  5214.9658 19024.1816 -2524.7788
v  4079.4375 21365.8105 -2729.8047
v  7482.9688 16615.3125 -3845.4321
v  7417.5752 16648.5859 -3870.2295
v  5635.4414 15219.9004 -2730.3159
v  5596.9395 15357.1543 -2717.0225
v  7398.6289 16987.5605 -4471.2466
v  7514.7490 16796.2363 -4401.9678
v  3435.2773 17283.5566 -2550.3430
v  6244.7646 16902.2969 -2519.6658
v  2787.4512 21478.8027 -3099.2092
v  4839.1055 21514.1563 -4402.2231
v  4803.0469 21653.4883 -4379.4707
v  4936.2793 21717.9570 -4368.7339
v  4969.2822 21577.9297 -4390.2080
v  5290.7500 20397.4102 -2561.8469
v  5178.2979 20194.9961 -2519.6658
v  7386.4063 19293.1426 -3442.7937
v  2481.2617 16403.1914 -3704.0613
v  6271.6572 15235.1504 -3618.6763
v  6282.6572 15278.1289 -3482.4185
v  5419.0938 22224.6875 -3027.1177
v  5589.6055 22210.8223 -3042.2007
v  5565.7715 22260.0391 -3174.8796
v  5504.0439 18242.2520 -4645.3398
v  4197.3906 20721.1348 -2620.6450
v  5955.0762 15183.1602 -2730.5715
v  5864.6260 15055.6113 -4143.2563
v  5791.2871 15218.5137 -4235.0322
v  5851.1807 15237.9229 -4300.7329
v  6332.7725 14595.3271 -3043.7346
v  6325.4375 14605.0313 -2980.5908
v  5911.0732 15260.7988 -4332.9438
v  6612.0713 18439.8125 -2378.2952
v  6200.7627 14191.8848 -3002.8315
v  6151.2588 14196.7363 -2990.8164
v  6145.1475 14220.9990 -3063.6748
v  7073.4941 19996.7422 -4492.2095
v  6965.9297 19989.1172 -4521.6084
v  4126.4951 19118.4570 -2506.1167
v  7633.3135 19334.7344 -4352.6284
v  5598.1611 19205.8008 -4633.0693
v  5678.2227 15086.8057 -2742.8425
v  7261.1191 16733.1563 -4170.0986
v  2497.1523 16509.9453 -4344.9590
v  2538.7109 16660.3691 -4327.8311
v  2574.1582 16640.9609 -4400.9448
v  2531.3770 16485.6836 -4410.4038
v  3394.3320 21554.3613 -4262.6416
v  2792.3418 20315.6133 -4231.1978
v  2855.2910 20336.4102 -4340.8687
v  2877.9023 20192.2227 -4328.3423
v  5319.4746 21265.9902 -4450.5396
v  5291.9727 21406.0156 -4428.8101
v  7879.6094 17280.0898 -3533.0359
v  7842.3291 17383.3770 -3548.1189
v  7245.8408 19377.7129 -3025.0725
v  7311.2334 19270.9609 -3029.1628
v  3564.8438 19014.4766 -2476.7178
v  3898.5332 21762.3203 -4131.7524
v  4003.6543 21835.8008 -4120.7598
v  4009.7656 21813.6172 -4221.9946
v  7382.7393 21003.9609 -4176.2344
v  4720.5410 20047.3438 -4513.1724
v  3730.4668 15785.5508 -3665.7148
v  4171.1104 17031.9238 -4657.6108
v  4335.5117 17099.1641 -4651.4751
v  7454.2441 21897.4961 -3456.0872
v  3947.4277 19445.6465 -2486.6877
v  6300.9922 17252.3633 -2464.7026
v  7265.3965 19293.8359 -4543.3384
v  7171.2783 19214.8125 -4552.7969
v  7178.0010 22001.4766 -4282.8379
v  3567.2891 15954.6924 -3562.9463
v  6083.4199 21804.6074 -2847.4006
v  6112.1445 21663.8867 -2820.0466
v  6269.8223 21674.2852 -2835.6409
v  6238.0430 21810.1523 -2861.7166
v  4653.9248 19707.6758 -4538.4810
v  4691.8154 19566.9570 -4554.8423
v  7473.1904 19040.1250 -4445.4268
v  7611.9229 17949.0273 -3586.9766
v  7624.1465 17977.4492 -3429.2446
v  5107.4033 20246.9863 -4518.7964
v  6013.1367 22257.9590 -3607.4280
v  2349.2520 15880.5195 -3205.3013
v  2305.8613 15785.5508 -3069.5547
v  4138.1084 21721.4219 -3266.6555
v  6137.8125 20284.4180 -2692.7363
v  2990.3555 17108.8711 -2593.5466
v  6398.7764 15981.7266 -3781.0098
v  7539.8066 16589.6641 -3720.9338
v  7612.5342 19361.0762 -4233.2427
v  7523.3057 18146.5898 -3755.7012
v  4553.0840 21950.1797 -4309.6802
v  4421.0742 21889.1777 -4323.4849
v  6190.3721 14229.3174 -2845.0999
v  5821.2344 14517.6885 -3044.2458
v  5588.3818 20640.7227 -4487.3521
v  5460.0400 20583.8809 -4497.3223
v  5561.4932 20773.8184 -4480.9614
v  6982.4307 19331.9629 -2722.9023
v  6786.2500 19424.1563 -2689.6687
v  4366.0693 16575.1055 -2572.3284
v  7486.6367 18433.5742 -2770.1963
v  3649.1816 16918.2402 -2536.2827
v  4693.0391 21913.4375 -2884.7244
v  2604.1055 15823.6777 -4008.7881
v  2494.7090 15807.7334 -3872.7859
v  2508.1523 15852.0977 -4023.6152
v  8115.5156 16410.1250 -3194.5642
v  6805.8076 17611.4395 -4604.6924
v  6730.6348 17739.6816 -4611.3394
v  6931.0947 17670.3613 -4615.9409
v  3435.2773 21501.6777 -3589.7886
v  3388.2188 21542.5781 -3752.6335
v  3217.7070 21613.2832 -3715.0540
v  2402.4238 15763.3691 -3559.8784
v  2362.0859 15811.1992 -3556.5552
v  2376.1426 15852.0977 -3713.0088
v  2417.0918 15800.8018 -3719.3999
v  2648.1074 15743.9590 -3508.7498
v  5903.7402 14425.4932 -3111.7358
v  5885.4053 14483.0283 -3208.6245
v  5315.1963 16290.2012 -2612.9756
v  5551.7139 16403.1914 -2584.8550
v  5395.8682 16448.9434 -2586.1331
v  4025.0439 15654.5371 -4071.6763
v  2303.4141 15776.5400 -2935.3418
v  7332.0127 19499.7168 -4455.1411
v  7292.2881 19467.8301 -4494.7661
v  4116.1074 15685.7305 -3311.9043
v  2953.0762 21625.0664 -2751.2786
v  2916.4063 21432.3594 -2727.2483
v  3883.8672 15654.5371 -2777.0986
v  7582.5879 18974.2715 -4093.1504
v  7282.5088 20534.6641 -4372.0571
v  4561.0293 20956.8242 -2657.9688
v  6383.4980 15777.9258 -3279.1821
v  5898.2393 14415.7881 -3040.6667
v  5965.4668 14343.0020 -3062.3965
v  5962.4102 14336.0703 -2993.1172
v  5132.4600 21494.7461 -4408.6143
v  5103.7354 21638.2383 -4383.8169
v  5240.6338 21693.6953 -4379.2153
v  5265.6934 21548.8164 -4404.2686
v  7278.8418 19591.9121 -3985.5244
v  7295.9551 19606.4688 -4116.1582
v  7253.7842 19686.8809 -3988.8479
v  8085.5693 16160.5723 -2689.9243
v  8127.1279 16166.8105 -2719.0676
v  7508.0264 18790.5723 -4057.1045
v  7490.9131 18726.7988 -4024.3823
v  7281.8984 21342.9355 -3534.8254
v  6095.6436 14217.5332 -2922.3040
v  3563.0098 15938.7480 -3698.6929
v  4712.5957 21448.9961 -4423.9526
v  6266.1563 19094.8887 -4643.2949
v  6083.4199 19156.5820 -4663.2349
v  6194.6504 19227.9824 -4650.4531
v  4999.8398 19070.6250 -4616.9634
v  5643.3887 15230.2979 -3983.7349
v  5574.9375 15353.6875 -4036.6533
v  5639.1094 15359.9258 -4178.2798
v  5722.2256 15211.5820 -4126.1284
v  2660.9434 21451.7676 -4368.2227
v  2586.9922 16449.6367 -4454.3745
v  6746.5244 22216.3672 -3862.8157
v  6304.0479 15420.9277 -3374.7927
v  4054.3789 15784.1650 -4345.7261
v  5972.1895 15280.9014 -4341.3799
v  6032.6953 15297.5391 -4332.1768
v  4865.9961 21974.4414 -4324.5073
v  2905.4063 18998.5332 -2604.0281
v  7201.2256 17080.4492 -2560.0576
v  7205.5039 19711.8359 -4456.1641
v  7136.4424 19699.3574 -4494.2549
v  3324.6582 19948.9102 -2586.1331
v  5647.6650 19049.1367 -2452.6873
v  3112.5879 21932.1563 -2799.5952
v  5966.0762 19085.1836 -4662.2119
v  3810.5283 21290.9453 -4480.1943
v  4763.3223 20529.8125 -4512.1494
v  3652.2383 15876.3604 -3683.0986
v  6383.4980 18642.9219 -4631.7910
v  5590.2158 14892.0166 -2953.7480
v  5526.6572 15012.6328 -2973.4326
v  5348.1982 15688.5029 -2718.5564
v  5281.5830 15800.8018 -2711.3982
v  5469.2080 19132.3203 -4612.8730
v  4835.4385 17289.7949 -4647.6406
v  7276.3975 17143.5293 -4518.0293
v  6884.0352 22207.3555 -3866.1392
v  7019.7129 22192.1055 -3885.0566
v  3844.1426 16035.1035 -4442.3594
v  7442.0215 22007.7148 -3506.1934
v  2474.5391 16044.1152 -2983.6584
v  3830.0840 21171.7148 -4513.4277
v  5928.7979 21810.1523 -2831.8064
v  4267.6729 15789.0176 -4051.2249
v  4178.4443 15732.8682 -4054.5483
v  4058.6582 21632.6934 -3111.7358
v  4023.8223 19069.2402 -4608.5273
v  3874.0889 19033.1934 -4614.4072
v  3852.0879 19177.3789 -4616.1963
v  6288.1572 14867.7539 -3393.4546
v  2697.0000 19157.9688 -2817.2346
v  2730.6152 19155.8906 -2725.7144
v  5801.6768 14681.9766 -2801.1292
v  6775.2500 21509.3047 -2882.1680
v  6932.3164 21622.2949 -2909.7776
v  2718.3906 21491.9727 -4372.5684
v  6905.4248 22214.2891 -3735.7610
v  5017.5625 16098.1846 -4387.9072
v  6351.1074 14335.3770 -2953.2368
v  7399.8516 18942.3848 -4461.2764
v  3651.6289 15893.6904 -3549.1414
v  7462.1895 19208.5723 -3432.8237
v  5844.4580 18269.9805 -2499.9812
v  4554.9160 20127.7559 -4509.8486
v  3804.4160 19460.8984 -2487.4548
v  3787.9150 19619.6406 -2495.6353
v  7585.6426 18100.8398 -3426.4326
v  3484.7832 19792.2461 -2550.5986
v  7415.7422 21130.1250 -4191.8286
v  3828.2520 16054.5127 -2687.8792
v  2826.5664 15811.1992 -3775.3857
v  6336.4395 14568.2920 -3106.6228
v  7846.6064 17385.4570 -3426.6882
v  4462.6328 21783.1172 -4364.3877
v  4342.8467 21715.8770 -4383.5610
v  6289.9922 22025.7383 -4333.1992
v  6299.1592 22115.1602 -4308.1465
v  4845.2178 21528.7129 -2747.4441
v  6300.3799 19298.6895 -4627.9561
v  4077.6045 17802.0703 -2508.1619
v  7097.9404 16685.3242 -3501.8474
v  3248.2637 21649.3301 -2741.3086
v  3853.3096 15585.2168 -3228.0535
v  3363.1602 17370.9004 -4569.4141
v  4069.6582 16030.9434 -2681.4880
v  7839.2734 16373.3848 -3534.3140
v  2745.8945 15755.7432 -3162.8645
v  7372.9609 19228.6758 -4534.6465
v  6967.7646 21807.3789 -2908.7549
v  2759.9512 21673.5918 -4293.5747
v  7462.1895 18714.3203 -4135.5869
v  6733.6895 19546.8555 -2706.5410
v  2829.6211 21661.1133 -3119.6606
v  2874.2363 21788.6641 -3173.3457
v  6982.4307 22242.7090 -3340.0251
v  3938.2598 16443.3984 -4568.9023
v  3905.8701 16862.7832 -4631.0239
v  4025.6563 16954.9805 -4650.4531
v  7570.9756 18065.4844 -3588.2549
v  6404.8887 17724.4316 -2483.8757
v  5453.9287 15301.6973 -3503.6370
v  5119.6260 22076.3398 -2901.3413
v  2830.2324 20484.0605 -4352.6284
v  3070.4180 21217.4648 -2690.4355
v  3067.9727 19100.4336 -4366.9443
v  6424.4463 18836.3242 -4630.2568
v  7396.7959 18752.4473 -2776.8430
v  7469.5234 18751.0605 -2893.4163
v  7253.1738 19715.9961 -4399.1553
v  5015.1182 17946.9492 -2558.7793
v  5655.6104 19071.3203 -4628.4673
v  6016.8047 19291.7578 -4669.1147
v  6044.9170 15468.0654 -2729.5491
v  4498.0801 15879.8262 -3729.8813
v  3907.7031 18742.0488 -4616.7080
v  3892.4238 18889.0078 -4614.9185
v  2998.9121 19934.3535 -4416.5391
v  7469.5234 18638.0703 -3997.0283
v  5709.3916 17892.1855 -4703.1152
v  3628.4023 19786.7012 -2528.1021
v  3771.4141 19778.3828 -2506.8838
v  4407.0176 20966.5273 -4515.9844
v  4660.0361 15985.8867 -4217.9043
v  6080.3652 15522.1348 -4338.3125
v  6435.4463 16239.5977 -4120.5039
v  4503.5801 17159.4727 -4642.2725
v  4099.6045 15685.7305 -4061.9619
v  6354.1621 14347.1611 -3014.5913
v  5985.6357 18323.3555 -2447.3188
v  7882.6650 17156.0078 -3869.4624
v  3644.2949 20502.0840 -4602.9033
v  3505.5625 21315.9023 -2705.0073
v  2738.5605 15753.6641 -3015.3582
v  4076.9932 20410.5820 -4557.9097
v  5875.6270 20610.2227 -4475.3369
v  4654.5352 16082.9336 -4375.8916
v  6092.5869 17910.2090 -4642.5278
v  5354.9209 15416.0762 -3383.7402
v  5400.7588 15403.5977 -3546.0737
v  7207.9482 22030.5898 -4239.3784
v  7273.9531 21925.2227 -4241.6792
v  3283.7109 17423.5820 -2543.6963
v  3907.7031 21758.1621 -4008.5325
v  7627.2021 16635.4141 -4251.1377
v  7051.4922 17730.6719 -4614.6626
v  7253.7842 22088.1250 -3938.9976
v  6343.1611 18964.5664 -4635.8809
v  6820.4746 21713.7969 -2886.7695
v  6319.9375 14269.5225 -3069.5547
v  7501.3037 18594.3984 -2880.3784
v  7438.3545 18599.9434 -2772.2415
v  7245.8408 16709.5859 -4027.9614
v  5442.9277 22135.9570 -2915.9128
v  5276.6934 22120.7070 -2905.9429
v  7068.6035 21645.8633 -4362.8540
v  4692.4268 22011.1797 -4300.2217
v  4046.4355 15633.0469 -3334.4011
v  3380.8848 21579.3164 -4159.6177
v  2491.0410 21146.0664 -3979.6448
v  3060.6406 21983.4531 -2847.4006
v  4771.8779 20228.2695 -2501.7708
v  4787.7686 20066.0605 -2480.0410
v  4954.0020 16193.1523 -2664.1042
v  5086.6230 16162.6523 -2657.2019
v  2447.6504 15952.6123 -4162.1738
v  3152.9238 17271.0781 -4533.8794
v  2924.3516 21869.7676 -3221.4067
v  2923.1289 21824.0156 -3357.6646
v  6965.9297 19220.3574 -4562.7671
v  5093.3477 19749.9609 -4557.6543
v  4883.1084 20423.0586 -2527.0796
v  7761.0459 16475.2852 -3240.8357
v  7334.4580 19360.3848 -4524.4204
v  5232.6885 16482.2168 -2589.9678
v  5436.2061 19621.7188 -4622.3320
v  4473.6328 20541.5977 -4513.4277
v  3036.8047 21593.8750 -4345.2148
v  6248.4326 14457.3799 -3379.3943
v  4084.9385 21609.8164 -2965.7634
v  6014.3584 22334.2109 -4089.5713
v  6012.5264 22326.5859 -4165.7529
v  6339.4941 22169.9219 -3221.1509
v  7130.9434 19700.0508 -3174.1128
v  2687.8340 19160.0488 -2928.9507
v  3429.7793 20190.8379 -4611.5947
v  6593.1240 16950.8203 -2553.1553
v  3738.4121 18859.1992 -4615.4297
v  5264.4697 19684.8008 -4588.8428
v  7401.6855 22097.8301 -3530.9907
v  3028.8594 19004.0781 -2574.3735
v  6033.3057 20528.4258 -4481.7285
v  3238.4863 19487.2383 -2563.6365
v  7181.0576 21697.8555 -4351.0947
v  4392.9609 15838.9277 -3740.1069
v  2920.6836 19361.7695 -4106.9551
v  7361.9600 16762.9629 -3045.0129
v  7566.6973 16831.5898 -4404.2686
v  2989.1328 18699.0703 -4213.8140
v  5945.9092 14535.7119 -3424.8987
v  4015.2646 18663.0234 -2476.7178
v  5041.3984 18934.7578 -4622.3320
v  6391.4434 18500.1211 -2336.6252
v  7391.2949 21006.0410 -4332.4326
v  7413.9082 21139.8281 -4339.8462
v  5783.3418 14897.5625 -3718.8887
v  7398.6289 21003.2676 -4259.8296
v  6237.4316 20841.7520 -2768.1511
v  4143.6084 15697.5146 -3921.1025
v  7633.3135 17610.0527 -2659.5027
v  7638.8145 18005.8711 -3275.3474
v  7924.8350 16298.5195 -3395.2441
v  7888.1660 16315.1563 -3372.7476
v  7379.6826 19408.2148 -4496.0439
v  4900.8320 21853.1309 -4347.7710
v  6170.2041 22296.0859 -3997.0283
v  5784.5645 15083.3398 -4047.9014
v  7789.7686 16758.8047 -2636.4949
v  4669.8154 17222.5547 -4638.6934
v  4749.8760 17419.4238 -4644.8286
v  6405.4990 19367.3164 -4604.4370
v  3331.3809 21146.0664 -2684.5557
v  2396.3125 15962.3174 -3175.3909
v  6214.8174 16650.6641 -4513.1724
v  7845.9961 17267.6133 -3936.4409
v  7962.7275 16233.3584 -3239.5574
v  6873.6465 19320.8711 -4568.6470
v  6766.6934 19250.1641 -4572.2256
v  6792.3613 19428.3164 -4577.5942
v  5043.8418 21918.9844 -4339.8462
v  5074.4004 21779.6523 -4361.5757
v  5159.3506 21956.4180 -2834.6184
v  5750.9502 22182.4023 -3056.5168
v  5347.5879 21128.0430 -4466.9009
v  7149.8887 22155.3652 -3917.0122
v  7890.6104 17266.2266 -3421.3198
v  5006.5615 21414.3359 -2726.4812
v  2621.8301 17635.7031 -3078.2466
v  7430.4092 22122.7852 -3382.4619
v  6859.5889 19140.6387 -4569.9253
v  7276.3975 19713.2227 -4324.7632
v  4045.8232 17157.3945 -4661.7012
v  5889.6836 14565.5195 -3380.6724
v  4848.8848 19011.0117 -4617.7305
v  5423.3701 21454.5410 -4424.9756
v  7313.6777 21620.2148 -4349.8164
v  2645.6641 17529.6426 -3372.2363
v  2621.8301 17502.6074 -3228.8203
v  3894.8672 15892.3037 -2698.1047
v  3981.0410 21087.1445 -4531.0674
v  7663.2598 16672.8477 -4251.9048
v  5199.6875 20041.1055 -2505.6055
v  6143.9238 14943.3135 -4034.6079
v  5410.5361 17408.3320 -4728.4238
v  7236.0615 19423.4648 -4522.6309
v  5510.7666 18634.6035 -2521.7109
v  4528.6377 21899.5742 -2990.3052
v  6135.3682 14259.1250 -2838.9644
v  4919.1670 17822.8672 -4654.5430
v  4847.0508 17950.4141 -4633.5801
v  6156.7598 14279.9209 -2830.2725
v  7148.0547 20210.9395 -4456.9307
v  7215.8936 20208.1680 -4415.7725
v  4036.6563 18217.9902 -2483.3645
v  7933.3916 17133.1328 -3426.4326
v  7914.4453 17174.0313 -3538.1487
v  6830.2539 19036.6602 -2598.1482
v  3389.4414 21369.9707 -2708.5862
v  3352.1602 21280.5469 -2696.5710
v  3184.7051 19950.9902 -2597.1257
v  4565.9180 21845.5059 -2877.8220
v  4106.9395 21134.2813 -4521.0972
v  3292.8789 21478.1094 -2717.2781
v  5787.0088 15953.3057 -2642.8860
v  5791.2871 15766.8350 -2663.8486
v  5213.1328 20994.2559 -2657.2019
v  7236.0615 16799.0098 -2879.6116
v  7130.9434 16734.5430 -3021.7493
v  7244.0059 16758.8047 -3032.9976
v  7853.9404 16371.3047 -3124.0066
v  4881.8867 21375.5156 -2719.0676
v  6572.9570 17780.5801 -2477.2290
v  6129.8672 14266.0566 -3155.1951
v  7938.8926 16320.0088 -2765.3391
v  5596.9395 21225.0898 -2708.3306
v  3446.8906 20902.7539 -4547.9395
v  7428.5762 21134.2813 -4271.3340
v  3114.4219 19818.5898 -4503.2021
v  7459.7441 21297.1836 -4281.8154
v  7434.0762 21299.9570 -4343.4253
v  7429.7969 21484.3477 -4344.9590
v  7473.8018 21493.3594 -4285.1387
v  3205.4844 21377.5957 -2704.2402
v  3132.1445 16245.8359 -4467.9233
v  4756.5977 21334.6172 -2713.1877
v  2550.3242 16826.0430 -3620.9771
v  2666.4434 21576.5430 -4343.6807
v  2935.9629 21913.4375 -3090.2617
v  3184.7051 21191.8184 -2687.8792
v  5313.9727 19545.4688 -4604.1812
v  7101.6084 18837.0176 -2639.5625
v  5495.4883 15483.3154 -4079.6011
v  7289.8438 18737.1973 -2692.9919
v  4645.9795 20191.5313 -2506.1167
v  5165.4629 16324.8604 -2618.0886
v  6275.3232 14188.4180 -2916.1687
v  3558.1211 15929.7363 -3834.4395
# 5341 vertices

vn 0.5386 0.3486 -0.7670
vn 0.7911 0.4172 -0.4473
vn 0.8419 0.3892 -0.3737
vn 0.5572 0.3363 -0.7592
vn -0.0699 -0.0634 -0.9955
vn -0.0528 -0.0372 -0.9979
vn -0.0076 0.0284 -0.9996
vn -0.0227 -0.0109 -0.9997
vn 0.0226 -0.0328 0.9992
vn 0.0302 -0.0066 0.9995
vn 0.0000 -0.0284 0.9996
vn -0.0189 -0.0764 0.9969
vn 0.2134 0.1242 0.9690
vn 0.2317 0.1459 0.9618
vn 0.2340 0.1328 0.9631
vn 0.2299 0.1155 0.9663
vn -0.9012 -0.4331 0.0151
vn -0.8671 -0.4950 -0.0566
vn -0.6233 -0.7793 -0.0642
vn -0.6660 -0.7454 0.0303
vn 0.0811 -0.0502 -0.9954
vn 0.0906 -0.0152 -0.9958
vn 0.0076 -0.0371 -0.9993
vn -0.0115 -0.0720 -0.9973
vn -0.9576 0.1760 -0.2283
vn -0.9565 0.1502 -0.2500
vn -0.9389 0.1675 -0.3006
vn -0.9406 0.1934 -0.2790
vn -0.9175 -0.3973 -0.0189
vn -0.8927 -0.4487 -0.0416
vn -0.8256 -0.5581 -0.0830
vn 0.8027 -0.3690 -0.4685
vn 0.9075 -0.2146 -0.3611
vn 0.8976 -0.2528 -0.3611
vn 0.7832 -0.4172 -0.4610
vn 0.8231 0.3569 -0.4418
vn 0.6596 0.2570 -0.7063
vn 0.6380 0.2529 -0.7273
vn 0.8136 0.3445 -0.4683
vn -0.1449 -0.1760 -0.9737
vn -0.1523 -0.2018 -0.9675
vn -0.1688 -0.1588 -0.9728
vn -0.1802 -0.1415 -0.9734
vn -0.6946 -0.3973 0.5998
vn -0.6647 -0.4370 0.6060
vn -0.8015 -0.5544 0.2239
vn -0.8341 -0.5024 0.2277
vn -0.0076 -0.0328 -0.9994
vn -0.0076 -0.0197 -0.9998
vn -0.0226 -0.0197 -0.9996
vn -0.0302 -0.0371 -0.9989
vn -0.2208 0.0765 0.9723
vn -0.1784 0.0851 0.9803
vn -0.2061 0.0720 0.9759
vn -0.0303 0.0196 0.9993
vn -0.0094 0.0502 0.9987
vn 0.0113 0.1242 0.9922
vn -0.0284 0.0939 0.9952
vn -0.0246 -0.0589 0.9980
vn -0.0396 -0.0590 0.9975
vn -0.0453 0.0153 0.9989
vn -0.0528 -0.1025 0.9933
vn -0.0472 -0.0503 0.9976
vn -0.1336 -0.0807 0.9877
vn -0.0998 -0.1155 0.9883
vn -0.9444 -0.2401 -0.2244
vn -0.9121 -0.2444 -0.3293
vn -0.9248 -0.2231 -0.3080
vn -0.9512 -0.2189 -0.2174
vn -0.0321 0.1112 -0.9933
vn -0.0377 0.1025 -0.9940
vn -0.0284 0.0939 -0.9952
vn -0.0151 0.1025 -0.9946
vn -0.0189 0.2103 -0.9774
vn -0.0923 0.1761 -0.9800
vn -0.0585 0.1631 -0.9849
vn -0.0038 0.1848 -0.9828
vn 0.1186 -0.3239 -0.9386
vn 0.2203 -0.5213 -0.8245
vn 0.2747 -0.4758 -0.8355
vn 0.1635 -0.2782 -0.9465
vn -0.9850 -0.1588 0.0679
vn -0.9659 -0.2528 -0.0566
vn -0.9693 -0.2401 -0.0528
vn -0.9851 -0.1544 0.0754
vn -0.3758 -0.0109 -0.9267
vn -0.2392 0.0196 -0.9708
vn -0.2393 0.0022 -0.9709
vn -0.3964 -0.0240 -0.9178
vn 0.9087 0.3974 -0.1280
vn 0.8968 0.3771 -0.2315
vn 0.8899 0.3932 -0.2313
vn 0.9042 0.4052 -0.1353
vn 0.2752 0.9395 -0.2040
vn 0.5725 0.7765 -0.2632
vn 0.5807 0.7654 -0.2773
vn 0.3001 0.9286 -0.2180
vn 0.1634 -0.0633 0.9845
vn 0.2172 0.0372 0.9754
vn 0.2319 0.0066 0.9727
vn 0.1820 -0.1329 0.9743
vn -0.8053 0.0197 0.5926
vn -0.7960 0.0328 0.6045
vn -0.9543 0.0546 0.2938
vn -0.9542 0.0327 0.2973
vn -0.1826 0.7246 -0.6645
vn -0.2511 0.8966 -0.3647
vn -0.3961 0.8406 -0.3695
vn -0.2897 0.6811 -0.6724
vn 0.1036 0.0633 -0.9926
vn 0.1410 0.0589 -0.9882
vn 0.1237 0.0681 -0.9900
vn 0.0924 0.0850 -0.9921
vn -0.4325 -0.8311 -0.3497
vn -0.4764 -0.8522 -0.2162
vn -0.6480 -0.7366 -0.1938
vn -0.6080 -0.7125 -0.3503
vn 0.9549 -0.1760 0.2391
vn 0.9630 -0.1372 0.2320
vn 0.9529 -0.1415 0.2683
vn 0.9437 -0.1717 0.2827
vn -0.2056 0.4720 0.8573
vn -0.2129 0.5063 0.8357
vn -0.0603 0.2613 0.9634
vn -0.0566 0.2486 0.9670
vn -0.5109 0.0108 0.8596
vn -0.5173 0.0066 0.8558
vn -0.3334 -0.0110 0.9427
vn -0.3404 0.0021 0.9403
vn 0.1724 0.0412 -0.9842
vn 0.1486 0.0502 -0.9876
vn 0.1245 0.0675 -0.9899
vn 0.1561 0.0501 -0.9865
vn 0.1187 -0.0458 -0.9919
vn 0.2739 0.0545 -0.9602
vn 0.2973 0.0197 -0.9546
vn 0.1373 -0.0895 -0.9865
vn 0.9673 0.2231 0.1204
vn 0.9775 0.1674 0.1280
vn 0.9750 0.1761 0.1355
vn 0.9654 0.2274 0.1278
vn 0.1055 -0.0066 0.9944
vn 0.0456 -0.0020 0.9990
vn 0.0529 -0.0022 0.9986
vn 0.1205 -0.0109 0.9926
vn 0.1224 0.0851 -0.9888
vn 0.0792 0.0808 -0.9936
vn 0.0867 0.0720 -0.9936
vn 0.1168 0.0720 -0.9905
vn -0.3624 0.9220 0.1363
vn -0.3641 0.9203 0.1432
vn -0.3512 0.9253 0.1429
vn -0.3568 0.9237 0.1396
vn 0.1543 0.9365 -0.3149
vn 0.1305 0.9318 -0.3386
vn 0.1389 0.9896 -0.0368
vn 0.1681 0.9855 -0.0224
vn 0.1856 0.0633 0.9806
vn 0.1691 0.0677 0.9833
vn 0.1747 0.0894 0.9806
vn 0.1913 0.0807 0.9782
vn -0.9494 0.1199 0.2902
vn -0.8698 0.1242 0.4775
vn -0.8724 0.1631 0.4607
vn -0.9412 0.1846 0.2828
vn -0.0905 0.1975 0.9761
vn -0.0904 0.1975 0.9761
vn -0.0961 0.1932 0.9764
vn -0.0978 0.1975 0.9754
vn 0.0755 0.0372 -0.9965
vn 0.0584 0.0503 -0.9970
vn 0.0076 -0.0021 -1.0000
vn 0.0152 -0.0022 -0.9999
vn 0.0905 0.0240 -0.9956
vn 0.0829 0.0328 -0.9960
vn 0.0227 -0.0022 -0.9997
vn 0.0452 -0.0153 -0.9989
vn -0.9916 -0.0153 0.1280
vn -0.9608 -0.0283 0.2757
vn -0.9591 -0.0022 0.2831
vn -0.9935 0.0153 0.1130
vn 0.4030 0.1718 0.8989
vn 0.2739 0.1112 0.9553
vn 0.2684 0.0983 0.9583
vn 0.4271 0.1545 0.8909
vn 0.0529 0.0371 -0.9979
vn 0.0529 0.0153 -0.9985
vn 0.1354 0.0327 -0.9902
vn 0.1635 0.0546 -0.9850
vn -0.9632 0.0459 -0.2649
vn -0.9588 0.0676 -0.2758
vn -0.9626 0.0720 -0.2612
vn -0.9645 0.0588 -0.2574
vn -0.0396 -0.0459 -0.9982
vn -0.0961 -0.0851 -0.9917
vn -0.0886 -0.0808 -0.9928
vn -0.0302 -0.0328 -0.9990
vn 0.2555 0.1674 0.9522
vn 0.2501 0.1587 0.9551
vn 0.2666 0.1760 0.9476
vn 0.2808 0.1804 0.9426
vn 0.3643 0.2990 0.8820
vn 0.3449 0.2656 0.9003
vn 0.2734 0.2823 0.9195
vn 0.3006 0.2990 0.9057
vn 0.9484 -0.2443 0.2023
vn 0.9354 -0.2949 0.1949
vn 0.9286 -0.3156 0.1951
vn 0.9422 -0.2613 0.2098
vn 0.3838 -0.9115 -0.1477
vn 0.2713 -0.9482 -0.1654
vn 0.2874 -0.9549 -0.0747
vn 0.3975 -0.9151 -0.0678
vn -0.0581 0.9270 -0.3706
vn -0.0508 0.7483 -0.6615
vn -0.9735 0.0720 -0.2172
vn -0.9667 0.0677 -0.2466
vn -0.9661 0.0764 -0.2466
vn -0.9711 0.0807 -0.2244
vn 0.9850 0.0503 0.1653
vn 0.9829 0.0633 0.1726
vn 0.9834 0.0895 0.1579
vn 0.9853 0.0808 0.1504
vn -0.2229 0.9468 0.2322
vn -0.0410 0.9691 0.2432
vn -0.0691 0.9840 0.1642
vn -0.2494 0.9562 0.1534
vn 0.4426 -0.6876 -0.5757
vn 0.1533 -0.7820 -0.6041
vn 0.1532 -0.8212 -0.5497
vn 0.4543 -0.7186 -0.5265
vn -0.9230 0.3527 -0.1539
vn -0.8987 0.3812 -0.2167
vn -0.9053 0.3813 -0.1873
vn -0.9350 0.3363 -0.1129
vn 0.0942 -0.2486 -0.9640
vn 0.0887 -0.3973 -0.9134
vn 0.1185 -0.4409 -0.8897
vn 0.1018 -0.2823 -0.9539
vn 0.9849 0.0109 0.1728
vn 0.9822 0.0022 0.1877
vn 0.9791 -0.0196 0.2024
vn 0.9822 -0.0109 0.1876
vn 0.0170 -0.1889 0.9818
vn 0.0717 -0.2823 0.9567
vn 0.0641 -0.2990 0.9521
vn 0.0302 -0.1718 0.9847
vn 0.0264 -0.1588 -0.9870
vn 0.0717 -0.3892 -0.9184
vn 0.0245 -0.3032 -0.9526
vn -0.0019 -0.1154 -0.9933
vn -0.9602 0.0633 0.2719
vn -0.8108 0.0459 0.5835
vn -0.8270 0.0240 0.5617
vn -0.9666 0.0371 0.2538
vn -0.0112 -0.1199 0.9927
vn 0.0020 -0.1632 0.9866
vn -0.0376 -0.1674 0.9852
vn -0.0358 -0.1286 0.9910
vn -0.8559 -0.4643 0.2278
vn -0.8689 -0.4949 0.0037
vn -0.8835 -0.4681 0.0188
vn -0.8662 -0.4409 0.2350
vn -0.0829 -0.0111 -0.9965
vn -0.1280 -0.0109 -0.9917
vn -0.0380 0.0372 -0.9986
vn 0.0075 0.0284 -0.9996
vn 0.0302 0.2189 -0.9753
vn 0.0528 0.1975 -0.9789
vn 0.0735 0.2274 -0.9710
vn 0.0340 0.2317 -0.9722
vn 0.3312 0.1502 0.9315
vn 0.3347 0.1674 0.9273
vn 0.5371 0.1889 0.8221
vn 0.5309 0.1632 0.8316
vn 0.9623 0.2358 0.1354
vn 0.9653 0.2613 0.0000
vn 0.9554 0.2948 -0.0151
vn 0.9449 0.2907 0.1503
vn -0.7740 -0.5867 -0.2380
vn -0.7926 -0.5581 -0.2456
vn -0.8105 -0.5471 -0.2093
vn -0.7861 -0.5867 -0.1943
vn 0.1765 -0.2274 0.9577
vn 0.0943 -0.2062 0.9740
vn 0.0792 -0.1804 0.9804
vn 0.1654 -0.1932 0.9671
vn 0.9848 -0.0983 -0.1431
vn 0.9874 0.0066 -0.1579
vn 0.9859 0.0544 -0.1580
vn 0.9845 -0.0589 -0.1653
vn 0.9367 0.3198 0.1429
vn 0.9036 0.3157 0.2897
vn 0.8971 0.3569 0.2606
vn 0.9274 0.3486 0.1354
vn -0.7825 -0.5138 0.3517
vn -0.7616 -0.5398 0.3584
vn -0.6351 -0.4759 0.6084
vn -0.6497 -0.4487 0.6137
vn -0.0453 -0.6215 -0.7821
vn 0.1204 -0.5760 -0.8085
vn 0.0604 -0.3731 -0.9258
vn -0.0151 -0.3852 -0.9227
vn 0.9897 0.0065 0.1431
vn 0.9833 -0.1760 0.0453
vn 0.9801 -0.1932 0.0453
vn 0.9885 0.0152 0.1503
vn -0.0038 0.4720 0.8816
vn -0.0245 0.7094 0.7044
vn 0.0508 0.7001 0.7122
vn 0.0490 0.4643 0.8843
vn 0.1505 0.0065 0.9886
vn 0.0830 -0.0066 0.9965
vn 0.0755 -0.0372 0.9965
vn 0.1429 -0.0109 0.9897
vn 0.3215 -0.9468 0.0150
vn 0.3383 -0.9410 -0.0076
vn 0.3211 -0.9468 -0.0227
vn 0.2927 -0.9562 0.0075
vn -0.0453 -0.0239 0.9987
vn -0.0377 -0.0153 0.9992
vn -0.1297 -0.0634 0.9895
vn -0.1373 -0.0633 0.9885
vn 0.0321 0.2528 -0.9670
vn 0.0547 0.2528 -0.9660
vn 0.0528 0.2232 -0.9733
vn 0.0208 0.2274 -0.9736
vn 0.1728 -0.1416 -0.9747
vn 0.1504 -0.0982 -0.9837
vn 0.2081 -0.0502 -0.9768
vn 0.2189 -0.0938 -0.9712
vn -0.0848 -0.1458 0.9857
vn -0.0848 -0.1503 0.9850
vn -0.0716 -0.1545 0.9854
vn -0.0829 -0.1717 0.9817
vn -0.2080 0.0851 -0.9744
vn -0.2209 0.0720 -0.9726
vn -0.2900 0.0415 -0.9561
vn -0.2630 0.0546 -0.9633
vn 0.0207 0.2061 0.9783
vn 0.0528 0.1975 0.9789
vn 0.0396 0.1932 0.9804
vn 0.0131 0.2018 0.9793
vn -0.0453 0.0109 0.9989
vn 0.0359 0.0459 0.9983
vn 0.0322 0.0851 0.9959
vn -0.0415 0.0677 0.9968
vn 0.0245 0.1932 0.9809
vn 0.0056 0.1803 0.9836
vn 0.0056 0.1502 0.9886
vn 0.0245 0.1631 0.9863
vn 0.2675 -0.6811 0.6815
vn 0.3540 -0.8657 0.3540
vn 0.3818 -0.8499 0.3631
vn 0.3008 -0.6617 0.6868
vn 0.0378 0.0109 0.9992
vn 0.0000 0.0197 0.9998
vn 0.0151 0.0065 0.9999
vn 0.2683 0.1975 0.9429
vn 0.2499 0.2316 0.9401
vn 0.2844 0.2359 0.9292
vn 0.3024 0.2061 0.9306
vn -0.5124 0.2486 -0.8220
vn -0.5307 0.2697 -0.8035
vn -0.2793 0.1199 -0.9527
vn -0.2612 0.0982 -0.9603
vn 0.0189 0.1199 0.9926
vn -0.0188 0.1242 0.9921
vn -0.0246 0.1502 0.9884
vn 0.0302 0.1458 0.9888
vn 0.0735 0.0590 -0.9955
vn 0.0471 0.0938 -0.9945
vn -0.0169 0.0589 -0.9981
vn -0.2189 -0.0633 0.9737
vn -0.1691 -0.0720 0.9830
vn -0.1374 -0.1112 0.9843
vn 0.1504 0.0328 -0.9881
vn 0.1728 0.0284 -0.9846
vn 0.1801 0.0327 -0.9831
vn 0.1578 0.0327 -0.9869
vn -0.0302 0.1717 -0.9847
vn -0.0151 0.1717 -0.9850
vn -0.0169 0.1501 -0.9885
vn -0.0246 0.1502 -0.9883
vn 0.0490 0.0764 -0.9959
vn 0.0359 0.0502 -0.9981
vn 0.0377 0.0982 -0.9945
vn 0.0474 0.1285 -0.9906
vn 0.0829 -0.1674 -0.9824
vn 0.2209 -0.1545 -0.9630
vn 0.2538 -0.1415 -0.9568
vn 0.0849 -0.1632 -0.9829
vn -0.8933 -0.4487 0.0264
vn -0.9358 -0.3486 0.0528
vn -0.9085 -0.4053 0.1017
vn 0.1224 0.0895 -0.9884
vn 0.1168 0.1198 -0.9859
vn 0.1187 0.1112 -0.9867
vn 0.0151 0.0982 -0.9951
vn 0.0547 0.0938 -0.9941
vn 0.0791 0.0808 -0.9936
vn 0.0321 0.0853 -0.9958
vn -0.0471 -0.8721 -0.4870
vn -0.0529 -0.8261 -0.5610
vn 0.1677 -0.7901 -0.5896
vn 0.1602 -0.8406 -0.5174
vn 0.5602 0.1975 0.8044
vn 0.3977 0.1372 0.9072
vn 0.3929 0.1546 0.9065
vn 0.5899 0.2231 0.7760
vn 0.9160 0.1415 -0.3754
vn 0.9438 0.2359 -0.2317
vn 0.9615 0.1588 -0.2244
vn 0.9391 0.0458 -0.3405
vn 0.9251 0.3486 0.1503
vn 0.8928 0.3568 0.2750
vn 0.8489 0.4642 0.2527
vn 0.8691 0.4758 0.1353
vn 0.0000 0.1717 -0.9852
vn 0.0340 0.1199 -0.9922
vn -0.0000 0.1416 -0.9899
vn -0.0283 0.1889 -0.9816
vn 0.2374 0.0546 0.9699
vn 0.2208 0.0764 0.9723
vn 0.2281 0.0764 0.9706
vn 0.2429 0.0764 0.9670
vn -0.0171 -0.1070 -0.9941
vn 0.0698 -0.0895 -0.9935
vn -0.0133 0.1372 0.9905
vn 0.0018 0.1285 0.9917
vn -0.0114 0.0720 0.9973
vn -0.0208 0.0851 0.9962
vn 0.0151 -0.0021 0.9999
vn -0.0075 -0.0197 0.9998
vn -0.0189 -0.0676 0.9975
vn -0.0848 0.3650 0.9271
vn -0.0923 0.3771 0.9216
vn -0.0303 0.2231 0.9743
vn -0.0227 0.2189 0.9755
vn 0.1654 0.0328 -0.9857
vn -0.1074 -0.1502 0.9828
vn -0.1727 -0.1717 0.9699
vn 0.1356 -0.0022 0.9908
vn 0.1280 0.0371 0.9911
vn -0.1430 0.1068 -0.9840
vn -0.1205 0.1025 -0.9874
vn -0.1037 0.1286 -0.9863
vn -0.1410 0.1329 -0.9810
vn 0.0340 0.0677 -0.9971
vn 0.0132 0.0502 -0.9987
vn 0.0434 0.0502 -0.9978
vn 0.1034 -0.8136 0.5721
vn -0.0604 -0.8453 0.5309
vn -0.0359 -0.6485 0.7603
vn 0.0773 -0.6249 0.7768
vn 0.1652 0.0415 0.9854
vn 0.0829 -0.0328 0.9960
vn -0.9371 0.1155 -0.3295
vn -0.9372 0.1329 -0.3223
vn -0.9511 0.1242 -0.2829
vn -0.9516 0.1112 -0.2865
vn -0.9722 -0.0328 -0.2319
vn -0.9709 0.0066 -0.2393
vn -0.9743 0.0153 -0.2246
vn -0.9739 -0.0327 -0.2244
vn 0.9208 -0.3811 -0.0831
vn 0.8956 -0.4369 -0.0830
vn 0.8975 -0.4408 -0.0151
vn 0.9227 -0.3853 -0.0153
vn 0.0000 0.0982 -0.9952
vn 0.0057 0.1112 -0.9938
vn -0.0207 0.1372 -0.9903
vn -0.0113 0.1242 -0.9922
vn 0.2788 -0.9562 -0.0894
vn 0.2411 -0.9587 -0.1508
vn 0.2438 -0.9635 -0.1102
vn 0.2737 -0.9599 -0.0600
vn -0.1374 0.1112 0.9842
vn -0.1093 0.1198 0.9868
vn -0.0980 0.1415 0.9851
vn -0.1317 0.1242 0.9835
vn 0.0076 0.0241 -0.9997
vn 0.0886 0.0502 -0.9948
vn 0.1055 0.0284 -0.9940
vn 0.0302 -0.0066 -0.9995
vn 0.7858 0.2188 0.5785
vn 0.9253 0.2060 0.3185
vn 0.9272 0.1717 0.3330
vn 0.7789 0.1932 0.5967
vn 0.4503 -0.2189 0.8656
vn 0.3720 -0.1545 0.9153
vn 0.6457 -0.3073 0.6990
vn 0.7281 -0.3649 0.5802
vn 0.3294 -0.9439 -0.0227
vn 0.2935 -0.9549 -0.0452
vn 0.2763 -0.9587 -0.0675
vn 0.3197 -0.9468 -0.0378
vn 0.2974 -0.0110 0.9547
vn 0.5413 0.0458 0.8396
vn 0.5680 0.0196 0.8228
vn 0.3118 -0.0241 0.9498
vn 0.7648 -0.2865 0.5771
vn 0.8904 -0.3322 0.3112
vn 0.8706 -0.3812 0.3110
vn 0.7426 -0.3322 0.5815
vn 0.9304 -0.0938 -0.3542
vn 0.8898 -0.2143 -0.4028
vn 0.8790 -0.2443 -0.4095
vn 0.9268 -0.1243 -0.3543
vn -0.0684 0.1416 0.9876
vn -0.0735 0.1372 0.9878
vn -0.0717 0.1545 0.9854
vn -0.0681 0.1415 0.9876
vn 0.9704 -0.0895 -0.2245
vn 0.9462 -0.0546 -0.3190
vn 0.9254 -0.1803 -0.3332
vn 0.9497 -0.2103 -0.2320
vn 0.9306 0.1675 0.3255
vn 0.8319 0.1458 0.5354
vn 0.8026 0.1113 0.5860
vn 0.9173 0.1329 0.3754
vn 0.0225 0.0022 -0.9997
vn 0.0755 0.0109 -0.9971
vn 0.0830 -0.0022 -0.9965
vn 0.0302 -0.0109 -0.9995
vn 0.6778 -0.4409 -0.5884
vn 0.4770 -0.3322 -0.8137
vn 0.4132 -0.3771 -0.8289
vn 0.6079 -0.5138 -0.6053
vn -0.1485 0.0895 0.9849
vn -0.1335 0.0852 0.9874
vn -0.1430 0.0982 0.9848
vn -0.1505 0.0982 0.9837
vn 0.0111 -0.1848 0.9827
vn -0.0321 -0.1760 0.9839
vn 0.1484 0.1803 -0.9724
vn 0.1243 0.1588 -0.9795
vn 0.1110 0.2060 -0.9722
vn 0.1260 0.2061 -0.9704
vn 0.1280 0.1415 0.9816
vn 0.1074 0.1631 0.9807
vn 0.0697 0.1675 0.9834
vn 0.0904 0.1459 0.9852
vn -0.2357 -0.1803 0.9549
vn -0.4996 -0.3445 0.7948
vn -0.6129 -0.3115 0.7262
vn 0.0832 0.1717 -0.9816
vn 0.0924 0.1889 -0.9776
vn 0.0866 0.1588 -0.9835
vn 0.0792 0.1199 -0.9896
vn 0.9709 0.1803 -0.1578
vn 0.9651 0.2146 -0.1504
vn 0.9807 0.1155 -0.1578
vn 0.9857 0.0764 -0.1505
vn -0.0113 0.0764 0.9970
vn -0.0358 0.0895 0.9953
vn -0.0132 0.0894 0.9959
vn -0.0113 0.0807 0.9967
vn 0.0169 0.2739 -0.9616
vn -0.0019 0.2444 -0.9697
vn 0.0019 0.4053 -0.9142
vn 0.0508 0.4330 -0.9000
vn -0.9728 0.1503 0.1764
vn -0.9778 0.1459 0.1503
vn -0.9499 0.2698 0.1577
vn -0.9337 0.3115 0.1763
vn 0.9415 -0.1717 0.2900
vn 0.8330 -0.3322 0.4424
vn 0.9273 -0.3322 0.1726
vn 0.9895 -0.1372 0.0453
vn 0.0208 0.1113 -0.9936
vn -0.0339 0.0806 -0.9962
vn -0.1634 0.1329 0.9776
vn -0.0019 0.2018 0.9794
vn -0.0076 0.2231 0.9748
vn -0.1393 0.1545 0.9781
vn 0.0226 0.1068 -0.9940
vn 0.0302 0.1025 -0.9943
vn 0.0132 0.1502 -0.9886
vn -0.0002 0.1458 -0.9893
vn 0.1728 0.0109 0.9849
vn 0.1429 0.0328 0.9892
vn 0.1727 0.0328 0.9844
vn 0.1876 0.0153 0.9821
vn -0.0490 -0.0764 -0.9959
vn -0.0246 -0.0590 -0.9980
vn -0.0543 -0.0635 -0.9965
vn -0.0962 -0.0808 -0.9921
vn 0.1067 -0.9890 -0.1027
vn -0.1250 -0.9790 -0.1611
vn -0.1932 -0.9635 -0.1852
vn 0.0571 -0.9896 -0.1318
vn -0.0451 0.1068 0.9933
vn -0.0151 0.1025 0.9946
vn -0.0056 0.0851 0.9964
vn -0.1728 -0.0109 -0.9849
vn -0.0566 -0.0721 -0.9958
vn -0.0397 -0.2231 -0.9740
vn -0.1524 -0.1459 -0.9775
vn 0.9750 0.0459 -0.2175
vn 0.9745 0.1112 -0.1951
vn 0.8534 0.1069 -0.5102
vn 0.8256 0.0546 -0.5616
vn 0.8642 -0.2613 -0.4300
vn 0.9181 -0.1458 -0.3685
vn -0.9800 0.0546 -0.1913
vn -0.9826 0.0676 -0.1729
vn -0.9895 0.0590 -0.1317
vn -0.9889 0.0415 -0.1428
vn -0.9693 -0.1588 -0.1876
vn -0.9691 -0.1459 -0.1988
vn -0.9740 -0.1372 -0.1802
vn -0.9741 -0.1502 -0.1690
vn 0.9741 0.1544 0.1653
vn 0.9769 0.1588 0.1429
vn 0.9654 0.2231 0.1353
vn 0.9629 0.2189 0.1578
vn 0.0680 0.0023 0.9977
vn 0.1355 -0.0066 0.9908
vn 0.3110 0.2948 0.9035
vn 0.3184 0.2946 0.9010
vn 0.3746 0.3074 0.8748
vn 0.3694 0.3032 0.8784
vn -0.9058 0.0502 -0.4207
vn -0.9060 0.0721 -0.4171
vn -0.9398 0.0763 -0.3331
vn -0.9426 0.0546 -0.3295
vn 0.0510 -0.1760 -0.9831
vn 0.0885 -0.1502 -0.9847
vn 0.0961 -0.2018 -0.9747
vn 0.0774 -0.2317 -0.9697
vn -0.0188 0.0763 -0.9969
vn -0.0246 0.0502 -0.9984
vn -0.0075 0.0371 -0.9993
vn -0.0018 0.0589 -0.9983
vn 0.0453 0.0197 -0.9988
vn 0.0377 0.0284 -0.9989
vn -0.0000 0.0022 -1.0000
vn 0.0152 -0.0065 -0.9999
vn 0.9176 0.3852 -0.0979
vn 0.9107 0.4012 -0.0979
vn 0.9168 0.3853 -0.1056
vn 0.9234 0.3690 -0.1054
vn -0.9813 -0.1199 -0.1504
vn -0.9919 -0.0851 -0.0943
vn -0.9953 -0.0764 -0.0603
vn -0.9840 -0.1242 -0.1279
vn -0.1541 0.0721 -0.9854
vn -0.0716 0.0764 -0.9945
vn -0.0547 0.0633 -0.9965
vn -0.1447 0.0633 -0.9874
vn 0.9370 0.3486 -0.0227
vn 0.9402 0.3404 0.0075
vn 0.9446 0.3281 0.0076
vn 0.9444 0.3279 -0.0226
vn 0.3636 -0.9220 0.1332
vn 0.3724 -0.9151 0.1548
vn 0.3464 -0.8785 0.3290
vn 0.7406 0.1155 0.6619
vn 0.6994 0.1112 0.7060
vn 0.8649 0.1545 0.4776
vn 0.8909 0.1458 0.4302
vn 0.1108 0.1502 -0.9824
vn 0.0753 0.1416 -0.9871
vn 0.0735 0.1803 -0.9809
vn 0.1073 0.1932 -0.9753
vn -0.0321 0.0633 -0.9975
vn -0.0019 0.0633 -0.9980
vn -0.0057 0.0937 -0.9956
vn -0.0283 0.0894 -0.9956
vn 0.0529 0.0022 0.9986
vn 0.0585 -0.0590 0.9965
vn 0.0019 -0.0894 0.9960
vn -0.0378 -0.0239 0.9990
vn 0.7953 -0.2613 -0.5470
vn 0.7820 -0.3527 -0.5139
vn 0.8681 -0.3812 -0.3180
vn 0.8983 -0.2948 -0.3257
vn 0.3416 0.2359 0.9098
vn 0.3238 0.2061 0.9234
vn 0.3203 0.2359 0.9175
vn -0.0509 0.2359 0.9704
vn -0.0114 0.1545 0.9879
vn -0.0189 0.1588 0.9871
vn -0.5286 -0.7598 -0.3785
vn -0.4392 -0.6552 -0.6147
vn -0.5238 -0.6215 -0.5825
vn -0.6165 -0.7001 -0.3602
vn -0.9763 0.1846 -0.1130
vn -0.9773 -0.0981 -0.1876
vn -0.9997 -0.0241 0.0076
vn -0.9711 0.2103 0.1129
vn 0.0001 0.1025 -0.9947
vn -0.0509 0.0851 -0.9951
vn -0.0396 0.1155 -0.9925
vn 0.0019 0.1286 -0.9917
vn 0.2624 -0.9635 0.0527
vn 0.2235 -0.9733 0.0523
vn -0.0171 -0.9954 0.0944
vn 0.0208 -0.9949 0.0982
vn -0.1037 -0.2316 0.9673
vn -0.1168 -0.2061 0.9715
vn -0.2592 -0.3031 0.9170
vn -0.2462 -0.3363 0.9090
vn -0.7185 -0.6317 0.2909
vn -0.6633 -0.7156 0.2191
vn -0.5965 -0.6419 0.4819
vn -0.6281 -0.5653 0.5347
vn 0.0566 0.1588 -0.9857
vn 0.0415 0.1588 -0.9864
vn 0.0585 0.1804 -0.9819
vn 0.0716 0.1588 -0.9847
vn -0.9539 0.2823 0.1016
vn -0.9336 0.2823 0.2206
vn -0.9053 0.3812 0.1873
vn -0.9194 0.3892 0.0566
vn 0.0207 -0.1112 0.9936
vn 0.0170 -0.1328 0.9910
vn 0.0150 -0.1975 0.9802
vn 0.0189 -0.1803 0.9834
vn -0.4959 -0.8590 0.1270
vn -0.6011 -0.7901 0.1201
vn -0.6478 -0.7454 0.1573
vn -0.5213 -0.8382 0.1602
vn 0.0208 0.0459 -0.9987
vn -0.0528 0.0371 -0.9979
vn -0.0848 0.0589 -0.9947
vn -0.0038 0.0676 -0.9977
vn 0.9987 0.0328 0.0378
vn 0.9970 0.0371 -0.0679
vn 0.9959 0.0894 -0.0151
vn 0.9920 0.1068 0.0677
vn -0.4258 -0.9042 -0.0340
vn -0.4035 -0.8985 -0.1727
vn -0.5885 -0.7901 -0.1714
vn -0.6289 -0.7765 -0.0377
vn -0.1280 0.0109 -0.9917
vn -0.1055 0.0021 -0.9944
vn -0.9859 0.1589 0.0528
vn -0.9866 0.1631 0.0113
vn -0.9755 0.2188 -0.0227
vn -0.9802 0.1975 0.0151
vn -0.8632 0.4212 0.2783
vn -0.8715 0.4604 0.1688
vn -0.9543 0.1932 0.2281
vn 0.9721 0.0676 -0.2245
vn 0.9686 0.1069 -0.2244
vn 0.9569 0.0109 -0.2904
vn 0.9567 -0.0240 -0.2902
vn 0.9306 0.3527 -0.0979
vn 0.9234 0.3730 -0.0903
vn 0.9250 0.3650 -0.1055
vn 0.9310 0.3445 -0.1204
vn -0.0866 0.1242 -0.9885
vn -0.0113 0.1589 -0.9872
vn -0.0094 0.1760 -0.9843
vn -0.0885 0.1372 -0.9866
vn 0.6338 0.2486 0.7325
vn 0.0396 0.2146 -0.9759
vn -0.0208 0.2739 -0.9615
vn -0.0340 0.2486 -0.9680
vn 0.0038 0.1846 -0.9828
vn 0.9196 -0.3527 0.1728
vn 0.8982 -0.3690 0.2391
vn 0.9043 -0.3198 0.2827
vn -0.5266 0.8406 0.1269
vn -0.5740 0.8084 0.1304
vn -0.5703 0.7901 0.2245
vn -0.5318 0.8187 0.2168
vn -0.0339 0.1545 -0.9874
vn 0.9094 0.3933 -0.1354
vn 0.9200 0.3650 -0.1429
vn 0.9289 0.3527 -0.1130
vn 0.2246 -0.0152 0.9743
vn 0.1802 -0.0284 0.9832
vn 0.3098 -0.1155 0.9438
vn 0.4069 -0.0677 0.9109
vn 0.0547 0.3322 -0.9416
vn 0.0660 0.3115 -0.9479
vn 0.0679 0.2401 -0.9684
vn 0.0415 -0.1588 -0.9864
vn 0.0491 -0.1242 -0.9910
vn -0.0302 -0.1415 -0.9895
vn -0.0188 -0.1847 -0.9826
vn -0.4147 -0.8826 -0.2213
vn -0.3890 -0.9115 -0.1335
vn -0.4868 -0.8722 -0.0490
vn -0.4604 -0.8806 -0.1123
vn -0.2380 0.9713 0.0038
vn 0.1533 0.9855 -0.0726
vn 0.1946 0.9799 -0.0447
vn -0.0913 0.9958 -0.0074
vn -0.8463 -0.5326 -0.0075
vn 0.0415 0.0763 -0.9962
vn 0.0187 0.0719 -0.9972
vn 0.0585 0.0502 -0.9970
vn -0.1691 0.0677 0.9833
vn -0.0698 0.0546 0.9961
vn -0.0942 0.0764 0.9926
vn 0.0095 0.0895 -0.9959
vn 0.0321 0.0938 -0.9951
vn -0.0000 0.1068 -0.9943
vn 0.9593 -0.1889 0.2098
vn 0.9450 -0.2232 0.2392
vn -0.0754 -0.0197 -0.9970
vn -0.2098 -0.0240 -0.9774
vn -0.2097 -0.0415 -0.9769
vn -0.0754 -0.0371 -0.9965
vn -0.8909 -0.4526 0.0378
vn -0.8680 -0.4291 0.2499
vn -0.0980 -0.0240 -0.9949
vn 0.0150 -0.0153 -0.9998
vn 0.0151 -0.0284 -0.9995
vn -0.0904 -0.0415 -0.9950
vn 0.1003 -0.9950 0.0000
vn -0.1316 -0.9908 0.0301
vn -0.0961 -0.9931 0.0679
vn 0.1405 -0.9896 0.0301
vn 0.8666 -0.4987 -0.0151
vn 0.8273 -0.5617 -0.0076
vn 0.8190 -0.5653 0.0980
vn 0.8603 -0.4988 0.1054
vn 0.3773 0.1285 0.9171
vn 0.3876 0.1760 0.9049
vn 0.3768 0.2528 0.8911
vn 0.3731 0.2274 0.8995
vn -0.0396 0.0633 0.9972
vn -0.0547 0.0634 0.9965
vn -0.0792 0.0764 0.9939
vn -0.0641 0.0764 0.9950
vn 0.9534 -0.1631 -0.2538
vn 0.9285 -0.2316 -0.2902
vn 0.9442 -0.2655 -0.1950
vn 0.9671 -0.1934 -0.1654
vn -0.3616 0.0022 -0.9323
vn -0.2391 0.0327 -0.9705
vn 0.1218 0.7395 -0.6620
vn 0.1181 0.7626 -0.6360
vn 0.1452 0.9439 -0.2965
vn 0.1566 0.9286 -0.3364
vn 0.9186 0.3892 -0.0678
vn 0.9174 0.3892 -0.0829
vn 0.9117 0.4009 -0.0898
vn 0.9157 0.3932 -0.0828
vn 0.9722 -0.0327 0.2319
vn 0.9761 -0.0021 0.2173
vn 0.6627 0.7425 0.0978
vn 0.6623 0.7276 0.1788
vn 0.5332 0.8187 0.2132
vn 0.5227 0.8430 0.1268
vn 0.7218 0.6552 0.2230
vn 0.7457 0.6077 0.2732
vn 0.9131 0.3404 0.2242
vn 0.9162 0.3650 0.1652
vn 0.0453 -0.0022 -0.9990
vn 0.0453 -0.0112 -0.9989
vn 0.0981 0.0066 -0.9952
vn 0.1131 0.0153 -0.9935
vn -0.0808 0.6452 0.7597
vn -0.1991 0.8806 0.4301
vn -0.0637 0.9186 0.3901
vn -0.0056 0.6715 0.7410
vn 0.2974 0.0328 0.9542
vn 0.5043 -0.0066 0.8635
vn 0.4975 -0.0371 0.8667
vn 0.2902 0.0153 0.9568
vn -0.0773 -0.5972 0.7983
vn -0.3753 -0.1415 0.9160
vn -0.7069 -0.2571 0.6589
vn -0.2957 -0.7793 0.5525
vn 0.9817 0.1069 -0.1578
vn 0.9849 -0.0111 -0.1728
vn 0.8166 0.5435 0.1944
vn 0.8400 0.4873 0.2385
vn 0.8140 0.5361 0.2236
vn 0.7849 0.5973 0.1648
vn 0.0244 -0.1285 -0.9914
vn 0.0679 -0.1024 -0.9924
vn -0.3079 -0.9286 -0.2070
vn -0.2136 -0.9496 -0.2296
vn 0.1083 -0.9237 -0.3676
vn 0.0246 -0.9302 -0.3662
vn -0.0303 0.1717 0.9847
vn -0.0227 0.1459 0.9890
vn -0.0509 0.1285 0.9904
vn 0.2098 0.0328 0.9772
vn 0.1801 0.0415 0.9828
vn 0.1858 0.0502 0.9813
vn 0.2155 0.0458 0.9754
vn -0.0340 0.0808 -0.9962
vn -0.0415 0.0722 -0.9965
vn 0.0264 0.0763 -0.9967
vn 0.0320 0.0851 -0.9959
vn -0.6771 -0.1329 -0.7238
vn -0.7525 -0.2613 -0.6045
vn -0.8773 -0.2907 -0.3818
vn -0.8817 -0.1502 -0.4473
vn -0.0151 -0.1932 0.9810
vn 0.0018 -0.1632 0.9866
vn 0.0490 -0.2274 0.9726
vn 0.0019 -0.2145 0.9767
vn 0.9928 -0.1197 0.0074
vn 0.9882 -0.1502 0.0302
vn 0.9908 0.0022 0.1354
vn 0.9935 0.0153 0.1132
vn 0.8127 0.5101 -0.2815
vn 0.9440 0.2486 -0.2171
vn 0.9323 0.2948 -0.2095
vn 0.8153 0.5138 -0.2669
vn 0.9817 -0.1889 0.0226
vn 0.9830 -0.1760 -0.0528
vn 0.9724 -0.2232 -0.0679
vn 0.9718 -0.2359 0.0076
vn 0.3507 -0.9365 -0.0000
vn 0.3418 -0.9395 0.0226
vn 0.4146 -0.9097 -0.0227
vn 0.1182 -0.9908 -0.0653
vn 0.1591 -0.9840 -0.0800
vn 0.4168 -0.9079 -0.0453
vn 0.9342 0.3486 -0.0755
vn 0.9410 0.3240 -0.0979
vn 0.9451 0.3198 -0.0678
vn -0.9847 -0.0938 -0.1466
vn -0.9943 -0.0677 -0.0830
vn -0.9975 -0.0502 -0.0490
vn -0.9878 -0.0938 -0.1242
vn 0.5327 -0.8406 0.0977
vn 0.4198 -0.9023 0.0975
vn 0.4042 -0.8867 0.2246
vn 0.5084 -0.8286 0.2345
vn -0.2631 0.0502 0.9635
vn -0.2683 0.0371 0.9626
vn -0.2829 0.0286 0.9587
vn -0.2612 0.0284 0.9649
vn -0.2515 0.6519 -0.7154
vn -0.2428 0.6553 -0.7153
vn -0.3410 0.8635 -0.3716
vn -0.3411 0.8635 -0.3716
vn 0.0396 0.0851 0.9956
vn 0.0736 0.1156 0.9906
vn 0.0942 0.0807 0.9923
vn 0.0736 0.0503 0.9960
vn -0.1146 -0.8033 -0.5844
vn -0.1421 -0.8358 -0.5303
vn 0.3793 -0.9222 0.0754
vn 0.3702 -0.9270 0.0600
vn 0.3622 -0.9318 0.0225
vn 0.3610 -0.9318 0.0377
vn 0.5037 -0.8454 -0.1779
vn 0.3964 -0.9023 -0.1693
vn 0.4110 -0.9079 -0.0828
vn 0.5190 -0.8500 -0.0904
vn -0.8438 -0.0066 0.5366
vn -0.9608 0.0283 0.2757
vn -0.9481 0.1588 0.2755
vn -0.8393 0.1372 0.5260
vn -0.9585 0.2739 -0.0790
vn -0.9344 0.3157 -0.1652
vn -0.5141 0.5100 0.6896
vn -0.6236 0.3568 0.6956
vn -0.3307 0.2739 0.9031
vn -0.2148 0.3731 0.9026
vn -0.0000 -0.0283 -0.9996
vn -0.0774 -0.0459 -0.9959
vn 0.0076 -0.0328 -0.9994
vn 0.0953 0.9855 -0.1402
vn 0.3360 0.9203 -0.2005
vn 0.1348 0.9832 -0.1230
vn -0.0772 0.0634 -0.9950
vn -0.0715 0.0722 -0.9948
vn -0.0698 0.0590 -0.9958
vn -0.0773 0.0546 -0.9955
vn 0.5731 0.7737 0.2700
vn 0.6166 0.7366 0.2778
vn 0.7834 0.5543 0.2811
vn 0.1206 -0.1933 -0.9737
vn 0.0942 -0.1846 -0.9783
vn 0.1803 -0.1674 -0.9693
vn -0.7019 -0.6715 0.2376
vn -0.7008 -0.6844 0.2015
vn -0.7943 -0.5867 0.1575
vn -0.8098 -0.5508 0.2020
vn 0.1260 -0.0590 0.9903
vn 0.1333 -0.0590 0.9893
vn 0.0245 -0.0850 0.9961
vn 0.0170 -0.0895 0.9958
vn -0.3099 0.9395 0.1456
vn -0.2931 0.9439 0.1519
vn 0.9318 -0.2274 0.2830
vn 0.9250 -0.2274 0.3046
vn 0.9386 -0.1975 0.2827
vn 0.9511 -0.1760 0.2539
vn -0.8793 -0.4720 0.0642
vn -0.8449 -0.5324 0.0528
vn -0.9018 -0.3892 0.1876
vn -0.8963 -0.4172 0.1504
vn 0.9814 0.0415 0.1875
vn 0.9833 -0.0241 0.1802
vn 0.9351 -0.0065 0.3544
vn 0.9280 0.0546 0.3685
vn -0.0414 0.0808 0.9959
vn -0.0811 0.0938 0.9923
vn -0.0584 0.0938 0.9939
vn -0.0264 0.0807 0.9964
vn 0.1018 -0.0720 0.9922
vn 0.0999 -0.0851 0.9914
vn 0.2391 -0.0328 0.9704
vn 0.2539 -0.0197 0.9670
vn 0.9989 0.0458 0.0075
vn 0.9900 0.0589 0.1280
vn 0.9840 0.1242 0.1279
vn 0.9932 0.1154 0.0151
vn 0.3547 -0.9350 0.0076
vn 0.3422 -0.9395 -0.0151
vn -0.3454 -0.9318 -0.1114
vn -0.1711 -0.9807 -0.0944
vn -0.1746 -0.9772 -0.1211
vn -0.3463 -0.9286 -0.1332
vn 0.9115 0.3240 -0.2533
vn 0.8187 0.2906 -0.4953
vn 0.8252 0.2444 -0.5092
vn 0.9261 0.2655 -0.2680
vn -0.9626 -0.0371 0.2683
vn -0.9906 -0.0197 0.1355
vn -0.9897 -0.0065 0.1430
vn -0.9630 -0.0240 0.2685
vn 0.9824 0.1198 0.1431
vn 0.9797 0.1329 0.1503
vn -0.0302 -0.0240 -0.9993
vn -0.0453 -0.0154 -0.9989
vn -0.0452 -0.0327 -0.9984
vn -0.0528 0.1025 0.9933
vn -0.0094 0.0590 0.9982
vn -0.0303 0.0371 0.9989
vn -0.9545 0.0240 0.2974
vn -0.9978 0.0284 0.0604
vn -0.9973 0.0284 0.0678
vn -0.9544 0.0240 0.2974
vn -0.9579 0.0807 -0.2755
vn -0.9600 0.0808 -0.2682
vn 0.2758 -0.0109 0.9612
vn 0.4698 0.0459 0.8816
vn 0.5090 0.0545 0.8590
vn 0.1819 0.1372 0.9737
vn 0.1821 0.1286 0.9748
vn 0.1374 0.1285 0.9821
vn 0.1449 0.1285 0.9811
vn 0.0905 -0.1024 0.9906
vn 0.2227 -0.0546 0.9734
vn -0.9767 -0.0808 -0.1987
vn -0.9836 -0.0721 -0.1653
vn -0.9844 -0.0851 -0.1542
vn 0.7709 -0.0633 0.6338
vn 0.5106 0.0240 0.8595
vn 0.7681 -0.0153 0.6402
vn 0.7949 0.0502 0.6046
vn 0.7728 0.0938 0.6276
vn 0.9113 0.1112 0.3964
vn -0.0416 -0.2061 0.9777
vn -0.0340 -0.1803 0.9830
vn 0.0076 -0.2401 0.9707
vn -0.0359 -0.2316 0.9721
vn 0.5954 0.1803 -0.7829
vn 0.3666 0.1156 -0.9232
vn 0.3351 0.0851 -0.9383
vn 0.5868 0.1372 -0.7980
vn 0.1243 0.1242 0.9844
vn 0.1223 0.1330 0.9835
vn 0.8647 -0.3567 -0.3535
vn 0.8773 -0.3322 -0.3465
vn 0.9497 -0.1932 -0.2466
vn 0.9460 -0.2018 -0.2538
vn -0.9966 0.0328 -0.0754
vn -0.9972 0.0328 -0.0679
vn 0.8411 0.5175 0.1574
vn 0.9369 0.3156 0.1503
vn 0.9402 0.3157 0.1279
vn 0.8528 0.5063 0.1278
vn -0.6191 -0.4949 0.6098
vn -0.5657 -0.5653 0.6004
vn -0.6807 -0.7001 0.2156
vn -0.7509 -0.6215 0.2233
vn -0.1609 -0.9870 0.0037
vn -0.1634 -0.9848 -0.0595
vn -0.3334 -0.9395 -0.0784
vn -0.3299 -0.9440 -0.0070
vn 0.1784 0.0546 0.9824
vn 0.0905 0.0109 0.9958
vn 0.0868 -0.1199 0.9890
vn 0.1709 -0.0502 0.9840
vn 0.1912 0.0763 0.9786
vn 0.1616 0.0764 0.9839
vn -0.0321 -0.2231 -0.9743
vn 0.0038 -0.1588 -0.9873
vn -0.0397 -0.1068 -0.9935
vn -0.0923 -0.1502 -0.9843
vn -0.2338 -0.0458 0.9712
vn -0.1634 -0.0938 0.9821
vn -0.2227 -0.0851 0.9712
vn -0.2939 -0.0677 0.9534
vn 0.2882 0.2018 0.9361
vn 0.2574 0.1847 0.9485
vn 0.9802 -0.1372 -0.1430
vn 0.9643 -0.2274 -0.1355
vn 0.9786 -0.1718 -0.1130
vn 0.2207 0.2103 0.9524
vn 0.1948 0.2231 0.9551
vn 0.1987 0.2486 0.9480
vn 0.1512 0.9733 0.1724
vn 0.1519 0.9743 0.1664
vn 0.1677 0.9713 0.1689
vn 0.1680 0.9702 0.1745
vn -0.0359 0.0851 -0.9957
vn -0.9563 0.2571 -0.1391
vn -0.9620 0.2146 -0.1690
vn -0.9590 0.2189 -0.1802
vn -0.9450 0.2865 -0.1577
vn -0.0849 -0.1761 -0.9807
vn -0.0623 -0.2018 -0.9774
vn -0.0264 -0.1803 -0.9833
vn -0.0397 -0.1502 -0.9879
vn 0.0185 0.1541 0.9879
vn 0.0265 0.1545 0.9876
vn 0.0302 0.1415 0.9895
vn 0.0226 0.1459 0.9890
vn -0.7914 0.0328 0.6105
vn 0.0264 0.2316 0.9724
vn 0.1372 0.2571 0.9566
vn 0.1317 0.2486 0.9596
vn 0.0547 0.2146 0.9752
vn -0.0151 -0.1975 -0.9802
vn 0.0340 -0.1803 -0.9830
vn 0.0265 -0.1548 -0.9876
vn 0.1766 -0.1803 -0.9676
vn 0.1242 -0.1846 -0.9749
vn 0.1932 -0.2613 -0.9457
vn -0.7817 0.4172 -0.4636
vn -0.8739 0.1199 -0.4711
vn -0.8761 0.4797 -0.0489
vn 0.0094 -0.2316 0.9728
vn 0.0076 -0.2188 0.9757
vn 0.9751 0.1631 -0.1504
vn -0.2373 0.6519 -0.7203
vn -0.1279 0.3853 -0.9139
vn -0.1316 0.3933 -0.9100
vn 0.0455 -0.1674 0.9848
vn -0.0113 -0.1588 0.9872
vn -0.0245 -0.1761 0.9841
vn 0.0321 -0.1889 0.9815
vn -0.0150 0.0284 0.9995
vn -0.0454 0.0283 0.9986
vn -0.0754 0.1068 0.9914
vn -0.0397 0.1112 0.9930
vn -0.0208 -0.1889 0.9818
vn 0.0001 -0.2190 0.9757
vn -0.0169 -0.2444 0.9695
vn -0.0509 -0.2146 0.9754
vn -0.0336 0.9681 0.2484
vn -0.0339 0.8568 0.5146
vn 0.1368 0.8966 0.4212
vn 0.2102 0.9586 0.1919
vn 0.4410 -0.4912 0.7512
vn 0.4565 -0.6181 0.6399
vn 0.5155 -0.7216 0.4621
vn 0.5552 -0.6008 0.5752
vn -0.7779 0.5063 0.3722
vn -0.6457 0.2949 0.7043
vn -0.4512 0.2655 0.8520
vn -0.6750 0.5213 0.5221
vn -0.0528 0.0109 0.9985
vn -0.1205 -0.0983 0.9878
vn -0.1654 -0.1932 0.9671
vn -0.0942 -0.0764 0.9926
vn -0.9731 0.1889 0.1317
vn -0.9638 0.1933 0.1838
vn -0.9542 0.1589 0.2537
vn -0.9568 0.1803 0.2281
vn -0.0754 0.3852 -0.9197
vn -0.0321 0.2274 -0.9733
vn -0.0188 -0.1198 0.9926
vn 0.0566 -0.0764 0.9955
vn 0.0038 -0.0764 0.9971
vn 0.5294 0.1415 0.8365
vn 0.3277 0.1329 0.9354
vn -0.0396 0.5435 -0.8385
vn -0.1222 0.5287 -0.8399
vn 0.3241 0.1155 0.9389
vn 0.5215 0.1155 0.8454
vn -0.0019 0.1112 0.9938
vn 0.0076 0.0240 0.9997
vn -0.0603 0.1025 0.9929
vn -0.0171 0.1153 0.9932
vn -0.0113 0.1545 0.9879
vn -0.0510 0.1371 0.9892
vn 0.3383 -0.0633 0.9389
vn 0.3259 -0.0414 0.9445
vn 0.5865 -0.0110 0.8099
vn 0.5970 -0.0502 0.8006
vn 0.7153 -0.1112 -0.6899
vn 0.9533 -0.1846 -0.2391
vn 0.9699 -0.1717 -0.1727
vn 0.7841 -0.1155 -0.6098
vn 0.9479 0.3032 -0.0980
vn 0.9538 0.2907 -0.0754
vn 0.1729 0.0239 -0.9847
vn 0.1355 0.0197 -0.9906
vn 0.1205 0.0371 -0.9920
vn -0.3962 0.8806 0.2600
vn -0.2713 0.9380 0.2156
vn -0.3131 0.8212 0.4771
vn -0.0113 0.1588 0.9872
vn 0.0207 0.1502 0.9884
vn 0.0094 0.0894 0.9959
vn -0.8010 0.1242 -0.5857
vn -0.6029 0.0851 -0.7933
vn -0.5917 0.0981 -0.8002
vn -0.7977 0.1458 -0.5852
vn 0.7759 0.1631 0.6094
vn 0.1557 0.9509 -0.2675
vn 0.1451 0.9890 -0.0296
vn 0.1374 0.9549 -0.2632
vn -0.2043 0.0548 0.9774
vn -0.2264 0.0633 0.9720
vn 0.1726 0.2612 0.9497
vn 0.1596 0.2739 0.9484
vn -0.7836 0.2359 -0.5748
vn -0.7700 0.3032 -0.5614
vn -0.8777 0.3198 -0.3569
vn -0.8930 0.2486 -0.3750
vn 0.0378 -0.0066 0.9993
vn 0.1130 0.0371 0.9929
vn 0.1168 0.0721 0.9905
vn 0.0302 0.0022 0.9995
vn -0.0586 0.0851 0.9946
vn -0.0321 0.1502 0.9881
vn -0.0754 0.1717 -0.9823
vn -0.0887 0.1285 -0.9877
vn -0.0472 0.1501 -0.9875
vn -0.0302 0.1975 -0.9798
vn -0.8142 0.2103 0.5412
vn 0.3119 -0.0196 -0.9499
vn 0.1522 -0.1326 -0.9794
vn 0.8319 0.5508 0.0678
vn 0.8245 0.5435 0.1575
vn 0.1299 0.1286 -0.9831
vn 0.1092 0.1589 -0.9812
vn 0.1802 0.0197 -0.9834
vn 0.1802 -0.0240 -0.9833
vn 0.4096 0.8826 -0.2307
vn 0.2194 0.9599 -0.1743
vn 0.2011 0.9743 -0.1010
vn 0.4038 0.9004 -0.1617
vn 0.0718 0.1241 -0.9897
vn 0.1111 0.1156 -0.9871
vn 0.1299 0.1631 -0.9780
vn 0.0960 0.1803 -0.9789
vn 0.4858 0.0938 0.8690
vn 0.1858 0.1113 0.9763
vn 0.3091 0.9509 -0.0149
vn 0.3683 0.9286 0.0450
vn 0.2443 0.9635 0.1093
vn 0.1961 0.9799 0.0374
vn -0.8653 -0.4720 -0.1690
vn -0.8581 -0.4836 -0.1726
vn -0.8424 -0.4949 -0.2130
vn -0.8480 -0.4835 -0.2169
vn -0.8620 -0.5062 -0.0264
vn -0.8418 -0.5398 0.0076
vn -0.8330 -0.5325 0.1502
vn -0.8566 -0.5025 0.1169
vn 0.0604 -0.1025 -0.9929
vn 0.0848 -0.0938 -0.9920
vn 0.0660 -0.0502 -0.9966
vn 0.0510 -0.0589 -0.9970
vn 0.9682 0.2359 -0.0829
vn 0.9675 0.2486 0.0453
vn 0.9568 0.2906 0.0075
vn 0.9518 0.2907 -0.0979
vn -0.4513 0.8806 0.1447
vn -0.3057 0.9439 0.1246
vn -0.2997 0.9439 0.1384
vn -0.4303 0.8867 0.1691
vn -0.4546 -0.8806 -0.1342
vn -0.0151 -0.9962 -0.0859
vn 0.0055 -1.0000 0.0068
vn -0.4540 -0.8907 -0.0227
vn -0.1242 0.1847 -0.9749
vn -0.1542 0.1545 -0.9759
vn -0.1113 0.1891 -0.9756
vn -0.0981 0.2189 -0.9708
vn 0.8266 -0.2529 -0.5027
vn 0.9010 -0.1415 -0.4100
vn 0.7870 0.2317 0.5718
vn 0.9149 0.2570 0.3112
vn 0.9194 0.1975 0.3400
vn 0.7706 0.1674 0.6149
vn -0.9788 -0.0502 0.1987
vn -0.8666 -0.0415 0.4973
vn -0.8818 -0.0153 0.4714
vn -0.9817 -0.0328 0.1876
vn 0.5830 0.7710 0.2563
vn 0.3188 0.7277 0.6074
vn 0.0453 0.0196 -0.9988
vn -0.0000 0.0152 -0.9999
vn -0.1835 0.4448 0.8766
vn -0.1632 0.4172 0.8940
vn -0.3610 0.6683 0.6504
vn -0.3745 0.6907 0.6186
vn 0.6116 0.7483 -0.2569
vn 0.1606 -0.8927 -0.4211
vn -0.0453 -0.9186 -0.3927
vn -0.0340 0.1588 -0.9867
vn -0.0358 0.1631 -0.9860
vn -0.0358 0.1674 -0.9852
vn 0.0018 0.1632 0.9866
vn -0.0548 0.1755 0.9830
vn -0.1148 -0.1155 0.9866
vn -0.0697 -0.1502 0.9862
vn -0.0716 -0.1847 0.9802
vn -0.0320 0.2061 -0.9780
vn -0.1093 0.1544 -0.9819
vn 0.0114 -0.9334 0.3587
vn 0.0114 -0.9877 0.1562
vn 0.1882 -0.9623 0.1962
vn 0.1253 -0.8743 0.4690
vn -0.4256 -0.0589 -0.9030
vn -0.2245 0.0240 -0.9742
vn -0.3420 -0.0590 -0.9378
vn -0.5543 -0.1718 -0.8144
vn 0.9511 -0.1242 0.2828
vn 0.9471 -0.1372 0.2903
vn 0.9384 -0.1630 0.3046
vn 0.9429 -0.1501 0.2973
vn -0.9791 0.0196 0.2024
vn -0.9807 0.0153 0.1951
vn -0.9520 0.0285 0.3047
vn -0.9564 0.0328 0.2902
vn -0.8829 0.1803 0.4336
vn -0.8596 0.2822 0.4260
vn 0.3382 0.1803 0.9236
vn 0.3186 0.1458 0.9366
vn 0.0981 -0.0109 0.9951
vn 0.0340 -0.0677 0.9971
vn 0.0189 -0.1199 0.9926
vn -0.9648 0.1631 -0.2061
vn -0.9518 0.2274 -0.2060
vn -0.1056 -0.0371 -0.9937
vn -0.1393 -0.0721 -0.9876
vn -0.1579 -0.0109 -0.9874
vn -0.1354 0.0240 -0.9905
vn -0.1355 0.1025 0.9855
vn -0.0075 0.0982 0.9951
vn 0.0114 0.1545 0.9879
vn -0.0302 0.1025 0.9943
vn -0.0378 -0.1415 -0.9892
vn 0.0132 -0.1112 -0.9937
vn 0.0339 -0.1588 -0.9867
vn -0.0132 -0.1889 -0.9819
vn -0.8724 0.4797 0.0941
vn -0.9340 0.3527 0.0566
vn -0.8474 0.5250 -0.0791
vn -0.7030 0.7063 -0.0827
vn -0.9636 0.2528 -0.0868
vn -0.9810 0.1846 -0.0604
vn -0.9706 0.2146 -0.1092
vn -0.1228 0.1502 -0.9810
vn -0.1428 0.1025 -0.9844
vn -0.1111 0.3322 -0.9366
vn -0.1241 0.3445 -0.9305
vn -0.2056 0.4448 -0.8717
vn -0.1948 0.4291 -0.8820
vn -0.1651 -0.3363 -0.9272
vn -0.1522 -0.2444 -0.9577
vn -0.1429 -0.2739 -0.9511
vn -0.2079 -0.3568 -0.9107
vn 0.9404 -0.1890 -0.2828
vn 0.9805 -0.0938 -0.1727
vn 0.9789 -0.0808 -0.1878
vn -0.1204 0.1069 0.9870
vn 0.8467 0.3239 -0.4221
vn -0.6514 0.7453 0.1420
vn -0.6103 0.7901 -0.0564
vn 0.0150 -0.0284 -0.9995
vn 0.9412 -0.3157 -0.1206
vn 0.9189 -0.3733 -0.1279
vn 0.9410 -0.3280 -0.0830
vn 0.8111 0.5724 0.1202
vn 0.8307 0.5360 0.1501
vn 0.1952 -0.0109 0.9807
vn 0.1431 0.0021 0.9897
vn 0.1951 0.0022 0.9808
vn -0.9499 0.2697 -0.1577
vn -0.9693 0.2401 -0.0528
vn -0.2482 0.0634 0.9666
vn -0.2282 0.0721 0.9709
vn 0.9845 -0.1545 -0.0830
vn 0.9745 -0.2017 -0.0980
vn 0.1296 0.9902 -0.0512
vn 0.1283 0.9896 0.0647
vn 0.1050 0.9940 0.0295
vn -0.0038 -0.1242 0.9923
vn -0.0697 -0.1112 0.9913
vn -0.0528 -0.1415 0.9885
vn -0.0131 -0.1329 0.9910
vn -0.9698 -0.1242 -0.2098
vn -0.9630 -0.1372 -0.2320
vn -0.9674 -0.0938 -0.2354
vn -0.9709 -0.0940 -0.2203
vn -0.0113 -0.2061 -0.9785
vn -0.0472 -0.2017 -0.9783
vn -0.0434 -0.2146 -0.9757
vn -0.0245 -0.2231 -0.9745
vn 0.3504 0.9365 -0.0150
vn 0.3121 0.9482 -0.0597
vn 0.2120 0.9733 -0.0879
vn -0.0472 0.0546 -0.9974
vn -0.0546 0.0505 -0.9972
vn 0.0130 0.0546 -0.9984
vn 0.0133 0.0589 -0.9982
vn 0.0754 0.0022 0.9972
vn -0.5367 0.6970 -0.4755
vn 0.9879 -0.0982 -0.1204
vn 0.9915 -0.0764 -0.1055
vn 0.9763 -0.0938 -0.1950
vn -0.1350 0.9772 0.1641
vn -0.1542 0.9753 0.1582
vn -0.3391 0.8657 -0.3683
vn -0.3465 0.8635 -0.3665
vn -0.2390 0.6585 -0.7137
vn -0.2337 0.6650 -0.7093
vn 0.9504 0.2231 0.2169
vn 0.9383 0.2570 0.2315
vn 0.8222 0.4987 0.2743
vn 0.8529 0.4526 0.2601
vn 0.1742 -0.9840 -0.0376
vn 0.1447 -0.9862 -0.0800
vn 0.2553 -0.9658 -0.0451
vn 0.2802 -0.9599 -0.0000
vn -0.0772 0.5287 0.8453
vn -0.0716 0.4987 0.8638
vn -0.0038 0.2697 0.9629
vn -0.0038 0.2865 0.9581
vn -0.3866 0.8966 0.2160
vn -0.4504 0.8658 0.2182
vn -0.4009 0.8212 0.4062
vn -0.3429 0.8382 0.4240
vn 0.7000 -0.7093 -0.0829
vn 0.6229 -0.7793 -0.0679
vn 0.6290 -0.7765 -0.0377
vn 0.7090 -0.7032 -0.0529
vn 0.0691 0.9840 0.1643
vn 0.0826 0.9840 0.1579
vn 0.1622 0.9733 0.1623
vn 0.0151 -0.0153 0.9998
vn 0.0132 -0.0458 0.9989
vn -0.0075 0.0066 1.0000
vn -0.0227 0.0197 0.9995
vn -0.0077 0.0327 0.9994
vn 0.0075 0.0153 0.9999
vn 0.2876 0.9410 -0.1783
vn 0.2253 0.9549 -0.1934
vn 0.0038 0.2697 0.9629
vn 0.0264 0.2696 0.9626
vn 0.0602 0.1458 0.9875
vn 0.0623 0.1285 0.9897
vn -0.1186 -0.2359 -0.9645
vn -0.0717 -0.2654 -0.9615
vn -0.1205 -0.2907 -0.9492
vn 0.0000 -0.8764 -0.4816
vn -0.1894 -0.8111 -0.5534
vn -0.1764 -0.4873 -0.8552
vn -0.0302 -0.5832 -0.8118
vn 0.0019 -0.0850 -0.9964
vn -0.0170 -0.0632 -0.9979
vn -0.0247 -0.0502 -0.9984
vn -0.0113 -0.0676 -0.9976
vn 0.0451 0.0978 -0.9942
vn 0.1355 0.1025 -0.9855
vn 0.1522 0.0939 -0.9839
vn 0.0547 0.0894 -0.9945
vn -0.9923 0.0764 -0.0980
vn -0.9936 0.0677 -0.0905
vn -0.9967 0.0590 0.0566
vn -0.9964 0.0720 0.0453
vn 0.0170 0.1674 0.9857
vn 0.0359 0.1760 0.9837
vn 0.9672 0.2401 -0.0829
vn 0.9837 0.0982 -0.1504
vn 0.9695 0.0981 -0.2246
vn 0.0526 0.8826 0.4671
vn 0.1211 0.8743 0.4701
vn 0.1145 0.6875 0.7171
vn 0.1487 0.0459 -0.9878
vn 0.4308 -0.0284 -0.9020
vn 0.5396 -0.0721 -0.8389
vn 0.2099 0.0240 -0.9774
vn 0.3841 0.0938 0.9185
vn 0.3843 0.1285 0.9142
vn 0.3837 0.1932 0.9030
vn 0.0678 0.0415 -0.9968
vn 0.0829 0.0284 -0.9962
vn -0.0150 -0.0283 -0.9995
vn -0.0151 0.0022 -0.9999
vn 0.9251 -0.2613 0.2756
vn 0.9305 -0.2571 0.2610
vn 0.9296 -0.3032 0.2097
vn 0.9262 -0.3031 0.2244
vn 0.8307 0.5361 -0.1501
vn 0.8956 0.4370 -0.0829
vn 0.8765 0.4370 -0.2020
vn 0.8176 0.5063 -0.2744
vn 0.8171 -0.3445 0.4623
vn 0.8399 -0.3933 0.3740
vn 0.5800 -0.2316 0.7810
vn -0.3188 0.0328 0.9472
vn -0.2337 0.0458 0.9712
vn -0.2171 0.0371 0.9754
vn -0.3261 0.0240 0.9450
vn -0.0697 0.1155 0.9909
vn -0.0528 0.1459 0.9879
vn -0.0867 0.1199 0.9890
vn -0.0999 0.0546 0.9935
vn 0.2703 0.1285 -0.9542
vn 0.2058 0.0763 -0.9756
vn 0.2152 0.0633 -0.9745
vn 0.2847 0.0895 -0.9544
vn -0.9715 0.0765 -0.2245
vn -0.9735 0.0721 -0.2172
vn -0.9839 0.0589 -0.1690
vn -0.9823 0.0722 -0.1729
vn -0.9593 -0.1804 -0.2173
vn -0.9559 -0.1976 -0.2171
vn -0.9344 -0.2018 -0.2936
vn -0.9413 -0.1846 -0.2827
vn 0.1122 -0.9611 0.2522
vn 0.0816 -0.9870 0.1388
vn -0.3806 -0.9098 0.1654
vn -0.3646 -0.8826 0.2966
vn 0.9129 0.0634 0.4032
vn 0.9775 0.0590 0.2024
vn 0.9723 0.1285 0.1951
vn -0.1258 0.0893 0.9880
vn -0.1036 0.0894 0.9906
vn -0.9844 0.1588 -0.0753
vn -0.9947 0.0982 -0.0302
vn -0.9891 0.1286 -0.0717
vn -0.9790 0.1674 -0.1167
vn -0.8681 -0.4911 0.0716
vn -0.8115 -0.5832 0.0377
vn -0.7293 -0.6812 -0.0641
vn -0.8224 -0.5689 -0.0076
vn -0.1653 0.1025 0.9809
vn -0.2757 0.0284 0.9608
vn -0.2756 -0.0328 0.9607
vn -0.1673 0.0459 0.9848
vn -0.2084 0.6351 0.7438
vn -0.2282 0.6452 0.7291
vn 0.5264 -0.8500 -0.0227
vn 0.5304 -0.8477 0.0001
vn 0.1503 0.0284 -0.9882
vn 0.1579 0.0284 -0.9871
vn 0.8244 -0.3445 -0.4491
vn 0.9203 -0.1932 -0.3403
vn 0.7840 0.4013 0.4736
vn 0.7674 0.4331 0.4728
vn 0.5778 0.3441 0.7401
vn 0.6065 0.3322 0.7224
vn 0.5626 0.2316 0.7936
vn 0.7971 0.2948 0.5269
vn 0.5404 0.1760 0.8228
vn -0.1354 0.0371 0.9901
vn -0.1129 0.0416 0.9927
vn -0.1728 0.0284 0.9846
vn -0.1802 0.0196 0.9834
vn 0.8293 0.1803 -0.5289
vn 0.8311 0.0895 -0.5489
vn 0.9498 0.0720 -0.3046
vn 0.9421 0.1803 -0.2826
vn 0.0830 0.0022 0.9965
vn 0.1506 0.0065 0.9886
vn -0.1298 -0.0633 0.9895
vn -0.0679 -0.0982 0.9929
vn -0.6460 -0.0066 -0.7633
vn -0.6459 0.0109 -0.7633
vn -0.8186 0.0195 -0.5740
vn -0.8186 -0.0025 -0.5743
vn -0.9590 0.0153 -0.2830
vn -0.9584 0.0371 -0.2828
vn -0.9650 0.0240 -0.2611
vn 0.0434 0.0589 -0.9973
vn 0.0340 0.0720 -0.9968
vn 0.0415 0.0677 -0.9968
vn 0.0510 0.0546 -0.9972
vn 0.9516 -0.2018 0.2318
vn 0.9575 -0.1501 0.2464
vn 0.9658 -0.1415 0.2172
vn -0.0548 0.0502 -0.9972
vn 0.0057 0.0588 -0.9983
vn -0.8671 0.0633 0.4941
vn -0.9567 0.0503 0.2866
vn -0.8565 0.0459 0.5141
vn -0.8278 -0.5025 -0.2495
vn -0.8274 -0.5100 -0.2351
vn -0.8007 -0.5361 -0.2673
vn -0.7958 -0.5360 -0.2818
vn -0.8108 0.0807 -0.5797
vn -0.6237 0.0590 -0.7795
vn -0.6134 0.0720 -0.7865
vn -0.8035 0.1069 -0.5857
vn 0.1017 0.2103 -0.9723
vn 0.0961 0.2018 -0.9747
vn 0.0812 0.1805 -0.9802
vn 0.0923 0.1932 -0.9768
vn 0.0396 -0.3811 0.9237
vn 0.0019 -0.3690 0.9294
vn -0.0020 -0.2613 0.9653
vn 0.0130 -0.2612 0.9652
vn -0.9001 0.1154 -0.4202
vn -0.9002 0.1372 -0.4134
vn 0.6255 0.7793 -0.0377
vn 0.5927 0.7820 -0.1926
vn 0.2596 0.9549 -0.1441
vn 0.2502 0.9681 -0.0150
vn -0.2007 -0.0851 -0.9760
vn -0.1597 -0.0546 -0.9857
vn -0.1073 -0.0633 -0.9922
vn -0.1708 -0.0938 -0.9808
vn -0.4594 -0.7336 -0.5008
vn -0.2829 -0.7710 -0.5705
vn -0.2664 -0.7901 -0.5520
vn -0.4440 -0.7541 -0.4839
vn 0.0056 0.1155 0.9933
vn 0.9359 -0.0590 -0.3473
vn 0.9447 -0.0371 -0.3260
vn 0.9086 -0.1673 -0.3826
vn 0.8964 -0.1847 -0.4029
vn 0.0302 -0.0021 -0.9995
vn -0.0548 -0.0501 -0.9972
vn 0.1410 0.0633 -0.9880
vn 0.1392 0.0764 -0.9873
vn 0.1317 0.0721 -0.9887
vn 0.1260 0.0633 -0.9900
vn 0.0585 0.1155 -0.9916
vn 0.0717 0.1848 -0.9802
vn 0.0566 0.1545 -0.9864
vn 0.2895 -0.3731 0.8815
vn 0.1112 -0.2613 0.9588
vn 0.2427 -0.3892 0.8886
vn -0.6408 -0.6682 -0.3780
vn -0.7035 -0.6147 -0.3568
vn -0.7348 -0.6352 -0.2380
vn -0.6767 -0.6970 -0.2374
vn -0.3447 0.6112 -0.7125
vn -0.3132 0.6215 -0.7180
vn -0.1726 0.4292 -0.8866
vn -0.7756 0.5832 0.2413
vn -0.5898 0.4331 0.6816
vn -0.7661 0.5361 0.3546
vn 0.0038 -0.2274 0.9738
vn 0.0264 -0.2486 0.9683
vn 0.9916 0.0633 -0.1129
vn 0.9889 -0.0415 -0.1428
vn 0.9836 -0.0066 -0.1803
vn -0.2265 -0.0502 -0.9727
vn -0.2191 -0.0458 -0.9746
vn 0.9923 0.1155 -0.0454
vn 0.9941 0.0982 -0.0453
vn 0.9927 0.1199 0.0152
vn 0.9888 0.1458 0.0302
vn 0.0340 0.2316 0.9722
vn 0.0283 0.1760 0.9840
vn 0.0584 0.1803 0.9819
vn 0.0642 0.2486 0.9665
vn -0.0151 0.2613 -0.9651
vn 0.0528 0.3363 -0.9403
vn 0.0847 0.4173 -0.9048
vn 0.3029 0.0502 0.9517
vn 0.2226 0.0590 0.9731
vn 0.2209 0.0764 0.9723
vn 0.3082 0.0720 0.9486
vn 0.9985 0.0109 0.0528
vn 0.9915 0.0240 0.1280
vn 0.9873 0.0153 -0.1579
vn 0.9849 0.0110 -0.1729
vn 0.9619 -0.0808 -0.2613
vn 0.9686 -0.0677 -0.2393
vn 0.1635 -0.0459 0.9855
vn -0.1018 -0.0721 -0.9922
vn -0.0849 -0.0458 -0.9953
vn -0.1298 -0.0503 -0.9903
vn -0.1541 -0.0764 -0.9851
vn 0.0623 0.1932 -0.9792
vn -0.6467 -0.1112 -0.7546
vn -0.4776 -0.0415 -0.8776
vn -0.5124 -0.0503 -0.8573
vn -0.6858 -0.1112 -0.7192
vn 0.2881 0.2444 0.9259
vn 0.3466 0.2781 0.8958
vn 0.3552 0.2912 0.8883
vn 0.2897 0.2613 0.9208
vn 0.1527 -0.1330 0.9793
vn 0.3079 -0.1588 0.9381
vn 0.3063 -0.1889 0.9330
vn 0.1615 -0.1588 0.9740
vn 0.0226 0.1718 0.9849
vn 0.0151 0.2189 -0.9756
vn 0.0152 0.2189 -0.9756
vn -0.0017 0.2060 -0.9785
vn -0.1242 -0.0764 0.9893
vn -0.1111 -0.1631 0.9803
vn -0.1299 -0.2780 0.9518
vn -0.1487 -0.2103 0.9663
vn 0.0000 0.0065 -1.0000
vn 0.0152 -0.0110 -0.9998
vn 0.0227 0.0065 -0.9997
vn 0.0150 0.0110 -0.9998
vn -0.6022 -0.7981 -0.0188
vn -0.6051 -0.7901 -0.0978
vn -0.6931 -0.7125 -0.1092
vn -0.6953 -0.7186 -0.0151
vn -0.9918 0.0022 0.1280
vn 0.1088 0.7793 -0.6171
vn 0.0771 0.4835 -0.8719
vn 0.0716 0.5063 -0.8594
vn -0.3743 0.9237 0.0821
vn -0.3815 0.9204 0.0858
vn -0.3853 0.9115 0.1437
vn -0.3723 0.9185 0.1328
vn 0.8723 0.2781 0.4021
vn 0.9074 0.2146 0.3612
vn -0.1056 0.0982 0.9896
vn -0.9350 0.2401 -0.2609
vn -0.9886 -0.0065 0.1504
vn -0.9850 0.0022 0.1728
vn -0.4614 0.8806 0.1083
vn -0.4445 0.8927 -0.0749
vn -0.5134 0.8545 -0.0788
vn -0.3203 0.8700 -0.3748
vn -0.4581 -0.8847 0.0866
vn -0.3108 -0.9439 0.1113
vn -0.3045 -0.9496 0.0751
vn 0.3080 -0.9509 -0.0303
vn 0.8903 -0.4369 -0.1280
vn 0.8583 -0.4987 -0.1204
vn 0.8635 -0.4987 -0.0755
vn 0.0227 -0.1932 0.9809
vn 0.0246 -0.1631 0.9863
vn 0.0735 0.1112 0.9911
vn -0.9968 -0.0764 -0.0226
vn -0.9962 -0.0851 0.0188
vn -0.9896 -0.1286 -0.0641
vn -0.9874 -0.1242 -0.0978
vn -0.2101 0.0151 -0.9776
vn -0.2172 0.0109 -0.9761
vn -0.3894 0.0328 -0.9205
vn -0.3964 0.0284 -0.9177
vn 0.9149 -0.2061 0.3472
vn 0.9099 -0.2655 0.3187
vn 0.7813 -0.2189 0.5845
vn 0.7759 -0.1631 0.6094
vn -0.1354 -0.1975 -0.9709
vn -0.0980 -0.2907 -0.9518
vn 0.9618 -0.1024 0.2538
vn 0.9709 -0.1025 0.2166
vn -0.0226 -0.0284 -0.9993
vn -0.0095 -0.0459 -0.9989
vn -0.0075 -0.0284 -0.9996
vn -0.0075 -0.0066 -1.0000
vn 0.3921 -0.9042 0.1693
vn 0.3527 -0.9151 0.1956
vn 0.3696 -0.8454 0.3856
vn 0.0151 0.0197 -0.9997
vn -0.0152 0.0240 -0.9996
vn -0.0226 0.0197 -0.9996
vn 0.0075 0.0197 -0.9998
vn 0.0302 -0.9380 0.3453
vn 0.0075 -0.7954 0.6060
vn -0.6672 -0.6181 0.4157
vn -0.6793 -0.7125 0.1758
vn 0.1853 0.2276 0.9559
vn 0.1895 0.1889 0.9635
vn 0.3201 0.2739 0.9069
vn 0.3199 0.2907 0.9017
vn 0.1627 -0.7569 -0.6329
vn 0.4338 -0.6650 -0.6080
vn 0.7729 -0.6317 -0.0604
vn 0.7110 -0.7032 -0.0000
vn 0.7751 -0.6318 -0.0076
vn 0.6245 -0.2231 -0.7485
vn 0.5514 -0.2781 -0.7865
vn 0.7454 -0.3568 -0.5631
vn 0.8079 -0.2740 -0.5217
vn 0.9783 0.1631 0.1280
vn 0.9857 0.1372 0.0979
vn 0.9611 0.1501 0.2318
vn 0.9466 0.1674 0.2754
vn 0.0679 -0.1415 -0.9876
vn 0.0906 -0.1372 -0.9864
vn 0.2404 -0.9599 0.1439
vn 0.3564 -0.7682 0.5318
vn 0.0997 -0.7336 0.6722
vn 0.0057 -0.9733 0.2294
vn -0.5249 -0.8085 0.2660
vn -0.2862 -0.9097 0.3009
vn -0.2900 -0.9318 0.2182
vn -0.5315 -0.8187 0.2176
vn -0.6373 -0.7682 -0.0604
vn -0.7108 -0.7001 -0.0679
vn -0.8221 -0.5689 -0.0227
vn -0.7721 -0.6352 -0.0227
vn 0.7480 -0.1803 -0.6387
vn 0.7234 -0.3649 -0.5861
vn 0.5762 -0.2613 -0.7744
vn 0.0543 -0.9790 -0.1965
vn 0.0585 -0.8946 -0.4430
vn -0.1340 -0.8966 -0.4221
vn -0.1581 -0.9702 -0.1835
vn 0.2554 -0.8966 -0.3618
vn 0.3552 -0.8700 -0.3420
vn 0.2806 -0.7246 -0.6294
vn 0.2101 -0.7246 -0.6563
vn 0.0019 0.2359 0.9718
vn -0.1051 0.1714 0.9796
vn 0.9699 0.0458 0.2392
vn 0.9832 0.0284 0.1802
vn 0.9808 -0.0022 0.1951
vn 0.9691 0.0109 0.2466
vn 0.0302 0.3363 -0.9413
vn 0.0226 0.3239 -0.9458
vn 0.0660 0.4874 -0.8707
vn 0.0659 0.5138 -0.8554
vn 0.0628 0.9772 -0.2030
vn 0.1954 0.8785 -0.4360
vn -0.4748 0.8286 -0.2966
vn -0.5766 0.8161 -0.0376
vn 0.4725 0.3892 0.7907
vn 0.1129 0.3486 0.9304
vn 0.9791 0.0196 0.2025
vn 0.9805 0.0590 0.1875
vn 0.9784 0.0415 0.2023
vn 0.9761 0.0065 0.2173
vn -0.8160 -0.3032 -0.4922
vn -0.8921 -0.3239 -0.3149
vn 0.9159 -0.3690 -0.1579
vn 0.8770 -0.4212 -0.2314
vn 0.8012 -0.4251 -0.4212
vn 0.8535 -0.3892 -0.3464
vn -0.1428 0.3973 0.9065
vn -0.0415 0.2316 0.9719
vn -0.0395 0.2274 0.9730
vn 0.0829 0.0371 -0.9959
vn 0.0904 0.0415 -0.9950
vn 0.0623 0.0851 -0.9944
vn 0.0641 0.0808 -0.9947
vn -0.0906 0.0196 -0.9957
vn -0.0152 0.0241 -0.9996
vn -0.0227 0.0197 -0.9995
vn -0.0981 0.0108 -0.9951
vn -0.5925 -0.7793 0.2041
vn 0.6217 0.7512 -0.2218
vn 0.6559 0.6551 -0.3750
vn 0.5122 -0.8111 0.2826
vn 0.5282 -0.8406 0.1200
vn 0.4056 -0.9042 0.1337
vn 0.3747 -0.8657 0.3320
vn -0.1280 -0.0109 0.9917
vn -0.1653 -0.0371 0.9855
vn -0.1745 -0.0589 0.9829
vn -0.1224 -0.0546 0.9910
vn 0.9746 -0.0546 0.2172
vn 0.9646 -0.0720 0.2538
vn 0.9583 -0.0982 0.2685
vn 0.9668 -0.0894 0.2392
vn 0.0057 -0.1112 -0.9938
vn -0.0133 -0.0808 -0.9966
vn 0.4422 0.1501 -0.8843
vn 0.4655 0.1372 -0.8743
vn 0.9610 -0.2739 -0.0377
vn 0.9438 -0.3157 -0.0980
vn 0.9290 -0.3569 -0.0980
vn 0.9509 -0.3073 -0.0377
vn 0.6224 0.2316 -0.7476
vn 0.4234 0.1459 -0.8941
vn 0.3977 0.1372 -0.9072
vn 0.6126 0.2060 -0.7630
vn 0.8143 0.0022 0.5804
vn 0.8170 -0.0546 0.5740
vn -0.3988 -0.9133 -0.0827
vn -0.3121 -0.9468 -0.0788
vn 0.0724 -0.9954 -0.0630
vn -0.3668 0.9270 0.0785
vn -0.3683 0.9270 -0.0711
vn -0.3772 0.9237 -0.0673
vn 0.0226 0.0023 0.9997
vn 0.0076 0.0066 1.0000
vn 0.2356 0.0676 0.9695
vn 0.3080 0.0807 0.9480
vn 0.2865 0.0764 0.9550
vn 0.2282 0.0720 0.9709
vn 0.8158 0.3198 -0.4819
vn 0.8981 0.3648 -0.2457
vn 0.8914 0.3852 -0.2389
vn -0.8187 -0.0065 0.5742
vn -0.8313 -0.0286 0.5551
vn -0.5236 -0.0284 0.8515
vn -0.5238 -0.0109 0.8518
vn 0.5155 0.0546 0.8551
vn 0.7678 0.0284 0.6400
vn 0.6849 -0.7186 -0.1204
vn 0.6074 -0.7874 -0.1053
vn -0.9973 0.0415 0.0604
vn -0.9958 0.0459 -0.0796
vn 0.1802 -0.0240 0.9833
vn 0.1653 -0.0241 0.9860
vn -0.9787 -0.0328 -0.2024
vn -0.9775 0.0197 -0.2098
vn -0.9788 -0.1155 -0.1689
vn -0.9745 -0.1286 -0.1840
vn -0.9747 -0.1155 -0.1913
vn -0.9785 -0.1068 -0.1767
vn -0.0773 0.0502 -0.9957
vn 0.0169 0.1675 0.9857
vn -0.4534 0.8764 0.1624
vn -0.5118 0.8406 0.1774
vn -0.5109 0.8310 0.2200
vn 0.0037 0.0807 -0.9967
vn -0.0546 0.0635 -0.9965
vn -0.1523 -0.0589 0.9866
vn -0.0848 -0.0589 0.9947
vn -0.0848 -0.0633 0.9944
vn -0.1412 -0.0808 0.9867
vn 0.0716 0.2104 -0.9750
vn 0.0132 0.2018 -0.9793
vn 0.0623 0.2146 -0.9747
vn 0.4771 0.8212 -0.3132
vn 0.4895 0.8111 -0.3203
vn 0.5143 0.8568 -0.0377
vn 0.5042 0.8634 -0.0151
vn -0.8457 -0.5063 -0.1689
vn -0.8732 -0.4758 -0.1055
vn -0.8567 -0.5025 -0.1167
vn -0.0754 -0.0065 -0.9971
vn -0.2025 -0.0109 -0.9792
vn -0.0932 0.9925 0.0787
vn -0.1190 0.9743 0.1912
vn -0.1268 0.9790 0.1598
vn -0.0999 0.9940 0.0435
vn -0.3755 0.0327 -0.9262
vn -0.3685 0.0328 -0.9290
vn 0.5936 -0.0894 0.7998
vn 0.8162 -0.1068 0.5678
vn -0.9395 0.0938 -0.3295
vn -0.9025 0.0937 -0.4203
vn 0.0905 0.0284 -0.9955
vn 0.0980 0.0197 -0.9950
vn -0.2557 0.0458 0.9657
vn 0.0019 0.1889 0.9820
vn 0.0228 0.1973 0.9801
vn 0.0227 0.1717 0.9849
vn 0.0150 0.1718 0.9850
vn -0.0773 0.0459 -0.9960
vn 0.0961 0.0590 -0.9936
vn 0.0961 0.0633 -0.9934
vn -0.9707 0.0459 -0.2357
vn -0.9754 0.0546 -0.2135
vn 0.0057 -0.9896 0.1436
vn -0.0106 -0.9999 -0.0077
vn 0.4924 -0.8657 0.0902
vn 0.5300 -0.8085 0.2558
vn -0.0057 0.0851 -0.9964
vn 0.1463 0.9743 0.1713
vn 0.1732 0.9702 0.1693
vn 0.1710 0.9772 0.1261
vn 0.1452 0.9824 0.1175
vn -0.9452 -0.0502 -0.3226
vn -0.9451 -0.0196 -0.3262
vn -0.9611 -0.0153 -0.2758
vn -0.9632 -0.0459 -0.2649
vn -0.9942 0.0197 -0.1055
vn -0.9931 0.0588 -0.1016
vn -0.9984 0.0502 0.0264
vn -0.9998 0.0152 0.0150
vn 0.5733 -0.2359 0.7846
vn -0.0018 0.1154 0.9933
vn 0.0094 0.1372 0.9905
vn 0.0227 0.1416 0.9897
vn 0.0189 0.1242 0.9921
vn 0.1451 -0.0807 0.9861
vn 0.1560 -0.0502 0.9865
vn 0.0736 -0.0546 0.9958
vn 0.0773 -0.0939 0.9926
vn -0.7914 0.1674 -0.5880
vn -0.5812 0.1155 -0.8056
vn -0.5776 0.1372 -0.8047
vn -0.7902 0.1933 -0.5816
vn -0.7323 -0.6780 0.0643
vn -0.7131 -0.6970 0.0755
vn -0.8487 -0.5287 0.0151
vn -0.8732 -0.4872 0.0076
vn -0.7220 -0.5903 -0.3609
vn -0.7038 -0.6043 -0.3736
vn -0.7644 -0.5617 -0.3166
vn -0.7776 -0.5472 -0.3098
vn 0.9741 0.1458 0.1727
vn 0.9760 0.1329 0.1727
vn 0.9807 0.0764 0.1802
vn 0.9778 0.0938 0.1875
vn -0.0001 0.0284 -0.9996
vn 0.0378 0.1069 -0.9936
vn 0.0114 0.0721 -0.9973
vn -0.0303 -0.0022 -0.9995
vn -0.4001 -0.7277 0.5571
vn -0.4894 -0.4330 0.7570
vn -0.8359 -0.4526 0.3105
vn -0.5345 -0.8261 0.1785
vn 0.0717 -0.4013 -0.9131
vn -0.0586 -0.3157 -0.9471
vn -0.0169 -0.2948 -0.9554
vn 0.0923 -0.3690 -0.9249
vn -0.6337 -0.5101 0.5816
vn -0.7420 -0.5796 0.3370
vn 0.0000 -0.0022 1.0000
vn 0.9626 0.2146 0.1653
vn 0.9344 0.3156 0.1653
vn -0.3074 0.8453 0.4370
vn 0.1626 0.9723 0.1679
vn 0.1411 0.9781 0.1530
vn 0.1621 0.9753 0.1502
vn 0.1730 0.9702 0.1699
vn 0.4196 0.2317 0.8776
vn 0.4921 0.1889 0.8498
vn 0.7751 0.3404 0.5323
vn 0.6880 0.3771 0.6200
vn 0.1901 -0.9807 0.0451
vn 0.2916 -0.9536 0.0749
vn 0.2808 -0.9285 0.2431
vn -0.4804 0.7901 -0.3807
vn -0.5043 0.7710 -0.3888
vn -0.3546 0.6147 -0.7046
vn -0.3419 0.6351 -0.6926
vn 0.0057 -0.9468 -0.3218
vn 0.0552 -0.9877 -0.1464
vn 0.2522 -0.9536 -0.1644
vn 0.2187 -0.9133 -0.3436
vn -0.0528 -0.2907 0.9554
vn -0.0622 -0.2948 0.9535
vn -0.1597 -0.3239 0.9325
vn 0.7332 -0.1588 0.6612
vn 0.6742 -0.0197 0.7383
vn 0.2007 -0.1068 0.9738
vn 0.2153 -0.2018 0.9555
vn 0.0529 0.0197 -0.9984
vn -0.0660 -0.0895 -0.9938
vn -0.0567 -0.0721 -0.9958
vn -0.3997 0.9023 0.1615
vn -0.3768 0.9151 0.1435
vn -0.9687 0.1976 -0.1503
vn -0.9728 0.1502 -0.1764
vn -0.9700 0.1545 -0.1877
vn -0.4046 0.9097 0.0932
vn -0.3929 0.9168 -0.0712
vn 0.8515 -0.3445 -0.3952
vn 0.8384 -0.3364 -0.4288
vn 0.6706 -0.5101 -0.5386
vn 0.6877 -0.5250 -0.5015
vn -0.0829 0.3239 -0.9424
vn -0.0490 0.2697 -0.9617
vn 0.1243 0.1199 -0.9850
vn 0.1673 0.1287 -0.9775
vn 0.1913 0.0808 -0.9782
vn 0.1633 0.0634 -0.9845
vn -0.1299 -0.3239 -0.9371
vn -0.2355 -0.3527 -0.9056
vn -0.4204 -0.5796 -0.6981
vn -0.2844 -0.5867 -0.7582
vn -0.1996 -0.8358 -0.5115
vn -0.4391 -0.7738 -0.4565
vn -0.5008 -0.6452 -0.5769
vn -0.2823 -0.6452 -0.7099
vn -0.1859 -0.0807 -0.9792
vn -0.1560 -0.0894 -0.9837
vn 0.6145 -0.7569 0.2223
vn 0.4465 -0.6939 0.5650
vn 0.5807 -0.6747 0.4555
vn -0.4998 -0.7569 0.4211
vn -0.6721 -0.6417 0.3694
vn -0.5835 -0.5508 0.5968
vn -0.4131 -0.6112 0.6751
vn -0.2189 0.0633 0.9737
vn -0.5402 0.2613 0.8000
vn -0.3044 0.1717 0.9369
vn 0.2721 -0.9599 -0.0673
vn 0.9650 -0.1068 0.2394
vn 0.9592 -0.0895 0.2683
vn 0.9676 -0.0546 0.2467
vn 0.9715 -0.0764 0.2245
vn 0.0094 0.1673 0.9859
vn 0.5452 -0.8382 0.0076
vn 0.4150 -0.9097 -0.0151
vn 0.2077 -0.5101 -0.8347
vn 0.3547 -0.7155 -0.6018
vn 0.4137 -0.7094 -0.5706
vn 0.2493 -0.5213 -0.8161
vn 0.5492 0.0153 -0.8355
vn 0.5705 0.0807 -0.8173
vn 0.3024 0.0546 -0.9516
vn 0.2684 0.0284 -0.9629
vn -0.9134 0.3811 0.1428
vn -0.9590 0.2402 0.1504
vn -0.9333 0.3279 0.1466
vn 0.0239 0.9990 0.0365
vn -0.0210 0.9995 0.0222
vn -0.0291 0.9992 -0.0264
vn 0.0129 0.9998 -0.0176
vn -0.1425 0.1464 -0.9789
vn -0.1893 0.1155 -0.9751
vn -0.9657 0.1372 -0.2207
vn -0.9822 0.0022 -0.1876
vn -0.9888 0.1242 -0.0829
vn -0.9773 0.2018 -0.0641
vn -0.4263 -0.4053 -0.8087
vn -0.5052 -0.4370 -0.7442
vn -0.6748 -0.5361 -0.5071
vn -0.6158 -0.5435 -0.5704
vn 0.0359 0.0503 -0.9981
vn 0.0227 0.0415 -0.9989
vn 0.0359 0.0459 -0.9983
vn 0.0434 0.0546 -0.9976
vn -0.3948 -0.3731 -0.8396
vn -0.4264 -0.7001 -0.5727
vn 0.9871 0.1372 -0.0829
vn 0.9861 0.0851 0.1430
vn 0.2608 0.9536 -0.1505
vn 0.2218 0.8907 -0.3968
vn 0.2576 0.8721 -0.4160
vn -0.7149 -0.4682 0.5194
vn -0.8153 -0.3933 0.4250
vn 0.0303 -0.0981 0.9947
vn 0.0320 -0.0895 0.9955
vn 0.1392 -0.0764 0.9873
vn 0.1448 -0.0894 0.9854
vn 0.3475 -0.0109 -0.9376
vn 0.1411 0.0459 -0.9889
vn 0.1112 0.0546 -0.9923
vn 0.2758 0.0022 -0.9612
vn -0.3624 0.9220 0.1364
vn -0.3467 0.9270 0.1431
vn 0.9417 -0.3363 -0.0077
vn 0.9141 -0.3894 0.1129
vn 0.9325 -0.3404 0.1205
vn 0.9919 0.0807 0.0980
vn 0.9337 0.0502 0.3544
vn 0.9537 -0.1199 0.2757
vn 0.9953 -0.0895 0.0376
vn -0.0829 0.0197 -0.9964
vn -0.0829 0.0153 -0.9964
vn 0.0604 0.0327 -0.9976
vn 0.0377 0.0153 -0.9992
vn 0.0585 0.0546 -0.9968
vn 0.0403 0.9969 -0.0675
vn 0.0091 0.9984 0.0561
vn -0.0509 0.4835 0.8739
vn -0.0809 0.7216 0.6876
vn -0.7869 0.0240 0.6166
vn -0.6111 -0.7793 -0.1387
vn -0.4920 -0.8612 -0.1273
vn -0.4926 -0.8568 -0.1525
vn -0.6083 -0.7765 -0.1643
vn -0.5171 0.0284 0.8555
vn -0.3261 0.0284 0.9449
vn -0.3189 0.0328 0.9472
vn -0.5235 0.0327 0.8514
vn -0.0170 -0.0546 -0.9984
vn -0.0397 -0.0505 -0.9979
vn -0.0188 -0.0675 -0.9975
vn 0.1324 0.9870 -0.0915
vn 0.1508 0.9799 -0.1309
vn 0.0076 0.3074 0.9516
vn 0.0980 0.1025 0.9899
vn 0.0018 -0.9972 -0.0742
vn 0.1590 -0.9855 -0.0592
vn 0.1467 -0.9848 -0.0934
vn -0.0094 -0.9945 -0.1042
vn -0.9804 0.0283 0.1950
vn -0.9807 0.0110 0.1951
vn -0.9917 -0.0064 0.1282
vn -0.9935 0.0109 0.1130
vn 0.3219 -0.9410 0.1042
vn -0.0112 0.1198 -0.9927
vn 0.8287 0.3973 0.3943
vn 0.9048 0.4252 0.0226
vn 0.4826 -0.8742 -0.0529
vn 0.4966 -0.8678 -0.0151
vn 0.5379 -0.8430 -0.0075
vn 0.5317 -0.8453 -0.0528
vn 0.9773 -0.1415 0.1578
vn 0.9892 -0.1415 0.0378
vn 0.9704 -0.1889 0.1504
vn 0.6782 -0.1674 -0.7156
vn 0.7290 -0.1242 -0.6731
vn 0.4794 -0.1285 -0.8681
vn 0.4340 -0.1545 -0.8876
vn -0.1332 0.9023 0.4100
vn -0.0737 0.9723 0.2219
vn -0.0878 0.8946 0.4380
vn 0.9501 0.3115 -0.0150
vn 0.9558 0.2907 0.0451
vn 0.9427 0.3281 0.0603
vn 0.0660 -0.1502 0.9865
vn 0.0905 0.0154 -0.9958
vn 0.0151 -0.0152 -0.9998
vn 0.2246 0.0022 -0.9744
vn 0.2245 -0.2570 -0.9400
vn 0.2043 -0.1889 -0.9605
vn -0.1242 0.0808 0.9890
vn -0.3735 0.0938 0.9229
vn -0.3667 0.0895 0.9260
vn -0.1317 0.0764 0.9883
vn 0.8148 -0.1459 -0.5611
vn 0.6756 0.7094 -0.2008
vn 0.6824 0.6812 -0.2653
vn 0.9497 -0.0284 -0.3118
vn 0.9720 0.0893 -0.2172
vn 0.9746 0.0546 -0.2172
vn 0.9558 -0.0459 -0.2903
vn 0.0754 0.1025 0.9919
vn 0.2978 -0.9523 0.0675
vn 0.0545 -0.9935 0.0994
vn -0.0809 0.6452 0.7597
vn 0.0057 0.3114 0.9503
vn -0.0283 0.3032 0.9525
vn -0.1574 0.5973 0.7864
vn 0.9522 -0.1155 0.2828
vn 0.9600 -0.1329 0.2465
vn 0.9567 -0.1545 0.2466
vn 0.9583 0.2017 0.2023
vn 0.9574 0.2061 0.2022
vn 0.8787 0.4093 0.2459
vn 0.8932 0.3812 0.2387
vn -0.2520 0.8613 -0.4413
vn 0.3663 0.7820 -0.5042
vn 0.1728 0.0153 0.9848
vn 0.1950 0.0196 0.9806
vn 0.2758 -0.0153 0.9611
vn 0.2885 -0.0459 0.9564
vn -0.0396 -0.1155 0.9925
vn -0.0472 -0.1112 0.9927
vn 0.0377 -0.1024 0.9940
vn -0.0302 0.0240 0.9993
vn -0.1485 -0.1329 0.9799
vn -0.0679 -0.0327 0.9972
vn 0.8702 0.2146 0.4436
vn 0.9522 0.2571 0.1651
vn 0.8874 0.3852 0.2533
vn 0.0094 -0.2529 -0.9674
vn 0.0623 -0.2146 -0.9747
vn 0.3260 -0.8136 -0.4814
vn 0.4015 -0.7848 -0.4721
vn 0.6656 -0.5653 -0.4873
vn 0.6536 -0.5688 -0.4992
vn 0.2372 0.1803 0.9546
vn 0.2079 0.1502 0.9665
vn 0.9836 0.0721 0.1653
vn 0.9831 0.0328 0.1802
vn 0.9523 0.2697 0.1428
vn 0.3278 0.1329 0.9354
vn 0.2446 0.1502 0.9579
vn 0.9786 -0.1718 0.1130
vn 0.9804 -0.1501 0.1279
vn 0.9813 -0.1502 -0.1205
vn -0.5130 0.1846 -0.8383
vn -0.4968 0.1459 -0.8555
vn -0.7559 0.2359 -0.6107
vn -0.7569 0.2907 -0.5853
vn 0.9972 -0.0677 -0.0303
vn 0.9880 -0.0589 0.1429
vn 0.9906 -0.0197 0.1352
vn 0.9995 -0.0285 -0.0150
vn -0.6853 -0.7217 -0.0978
vn -0.5170 -0.8453 -0.1346
vn -0.7611 -0.6485 -0.0114
vn -0.0358 0.1674 0.9852
vn -0.0584 0.1631 0.9849
vn -0.0133 0.1889 0.9819
vn 0.2588 -0.3973 0.8804
vn 0.1673 -0.3156 0.9340
vn 0.1839 -0.2823 0.9415
vn 0.2863 -0.3527 0.8909
vn 0.9597 -0.2571 -0.1131
vn 0.9437 -0.2948 -0.1503
vn 0.0245 -0.0851 0.9961
vn -0.0547 -0.1112 0.9923
vn -0.0622 -0.1156 0.9913
vn -0.1123 0.9807 0.1599
vn -0.0955 0.9840 0.1504
vn 0.0573 0.9954 0.0770
vn 0.1026 0.9876 0.1184
vn 0.0685 0.9920 0.1062
vn 0.0129 0.9976 0.0686
vn -0.7252 -0.6875 -0.0377
vn -0.5688 -0.8187 -0.0792
vn -0.0208 0.0851 -0.9962
vn -0.0283 0.0895 -0.9956
vn 0.0370 0.0985 -0.9945
vn -0.0755 0.0066 -0.9971
vn -0.2025 0.0067 -0.9793
vn -0.9710 -0.1330 -0.1986
vn 0.1218 0.7483 -0.6521
vn 0.1275 0.7655 -0.6307
vn -0.3383 -0.7738 -0.5356
vn -0.3754 -0.7901 -0.4846
vn -0.8872 0.1372 0.4404
vn -0.6855 0.1155 0.7189
vn -0.6722 0.1717 0.7202
vn 0.8271 -0.0197 -0.5617
vn -0.0453 -0.0415 -0.9981
vn -0.8944 0.3892 0.2204
vn -0.9007 0.3239 0.2895
vn -0.9259 0.2865 0.2461
vn -0.9425 0.2948 0.1576
vn -0.4178 0.8927 0.1690
vn -0.4761 0.8568 0.1982
vn 0.9981 -0.0153 -0.0604
vn 0.9905 -0.0240 -0.1355
vn 0.9877 -0.1155 -0.1054
vn 0.9968 -0.0764 -0.0226
vn -0.8672 -0.1286 -0.4811
vn -0.8566 -0.1372 -0.4975
vn -0.7388 -0.1068 -0.6654
vn -0.7620 -0.1025 -0.6395
vn 0.8366 0.5063 -0.2092
vn 0.8285 0.5100 -0.2312
vn 0.9229 0.3363 -0.1874
vn 0.9116 0.3731 -0.1724
vn -0.0075 -0.0371 0.9993
vn 0.9937 -0.0371 -0.1055
vn 0.9975 -0.0198 -0.0680
vn 0.9976 0.0153 -0.0679
vn 0.9926 -0.0153 -0.1205
vn -0.0132 -0.0938 -0.9955
vn 0.0434 -0.0633 -0.9971
vn -0.6537 0.0808 -0.7524
vn -0.3563 -0.0502 -0.9330
vn -0.6824 -0.1975 -0.7038
vn -0.8957 -0.0022 -0.4446
vn 0.0377 -0.1025 -0.9940
vn 0.1187 -0.0459 -0.9919
vn 0.0660 -0.1502 -0.9865
vn -0.9769 0.0415 0.2097
vn -0.9806 0.1417 0.1355
vn 0.0679 0.0197 -0.9975
vn 0.0977 0.0197 -0.9950
vn 0.0961 0.0502 -0.9941
vn 0.0377 -0.0109 -0.9992
vn 0.0302 -0.0197 -0.9994
vn -0.0076 -0.0284 -0.9996
vn 0.0584 0.4604 -0.8858
vn 0.0170 0.3032 -0.9528
vn -0.4008 -0.9097 0.1085
vn -0.3884 -0.9151 0.1083
vn 0.9403 0.3363 0.0528
vn -0.9600 -0.1674 -0.2246
vn -0.9637 -0.1502 -0.2209
vn -0.5107 0.0240 0.8594
vn -0.3333 0.0197 0.9426
vn -0.2815 0.9410 0.1878
vn -0.2993 0.9425 0.1489
vn -0.4561 0.8743 0.1660
vn -0.4573 0.8679 0.1941
vn 0.0207 -0.0458 0.9987
vn 0.0226 -0.0284 0.9993
vn 0.0208 0.0589 0.9980
vn 0.0302 0.0372 0.9989
vn 0.0283 0.2061 -0.9781
vn 0.0250 0.2568 -0.9661
vn 0.0698 0.2146 -0.9742
vn 0.9342 0.3527 -0.0528
vn 0.9275 0.3690 -0.0603
vn 0.9247 0.3731 -0.0754
vn -0.3333 -0.0022 0.9428
vn -0.1877 0.0198 0.9820
vn -0.3334 -0.0022 0.9428
vn -0.3232 0.9425 0.0856
vn -0.3619 0.9286 0.0820
vn -0.4922 0.7928 0.3595
vn -0.5290 0.8186 0.2237
vn -0.5318 0.8186 0.2168
vn -0.4970 0.7981 0.3406
vn -0.0508 0.0938 0.9943
vn -0.0603 0.0284 0.9978
vn -0.0698 0.0502 0.9963
vn -0.0679 0.1025 0.9924
vn 0.0321 0.0937 -0.9951
vn 0.1055 0.0982 -0.9896
vn 0.1205 0.1025 -0.9874
vn 0.6224 0.7766 -0.0976
vn 0.6395 0.7626 -0.0977
vn 0.4384 0.8985 0.0226
vn 0.4671 0.8826 0.0527
vn 0.9573 0.2865 -0.0377
vn 0.9673 0.2528 0.0226
vn -0.5685 0.1760 -0.8037
vn -0.9971 0.0503 -0.0567
vn -0.9969 0.0459 0.0642
vn -0.0150 0.0023 0.9999
vn -0.0095 -0.0590 0.9982
vn -0.0397 -0.0590 0.9975
vn -0.0302 0.0110 0.9995
vn -0.1690 -0.1243 -0.9777
vn -0.1243 -0.1544 -0.9802
vn 0.1678 0.9723 0.1627
vn -0.8404 -0.0502 0.5396
vn -0.5188 -0.0502 0.8534
vn -0.5249 -0.0633 0.8488
vn 0.1717 -0.7874 -0.5920
vn 0.3161 -0.7366 -0.5979
vn 0.8061 -0.5761 0.1353
vn 0.8393 -0.5361 -0.0905
vn 0.9615 -0.2739 -0.0226
vn 0.9325 -0.2990 0.2024
vn 0.1125 0.7277 -0.6767
vn -0.1410 0.0894 0.9860
vn 0.9643 0.2232 0.1427
vn 0.5626 -0.8262 0.0302
vn 0.5488 -0.8358 0.0152
vn 0.5042 -0.8635 0.0150
vn 0.5148 -0.8568 0.0302
vn 0.0169 0.1372 0.9904
vn 0.0094 0.1329 0.9911
vn -0.0038 0.1545 0.9880
vn 0.0040 0.1588 0.9873
vn 0.9303 -0.1931 -0.3119
vn 0.9747 -0.2103 0.0755
vn 0.9762 -0.1932 0.0981
vn 0.2190 -0.1328 -0.9667
vn 0.9398 0.3198 -0.1204
vn 0.1188 0.9832 0.1385
vn -0.4384 0.8847 0.1586
vn -0.3879 0.9115 0.1367
vn -0.3798 0.9133 0.1472
vn -0.4206 0.8926 0.1620
vn 0.5840 -0.7902 -0.1859
vn 0.6580 -0.7276 -0.1939
vn -0.7879 -0.5361 -0.3029
vn -0.8233 -0.5025 -0.2639
vn -0.0885 0.0938 -0.9916
vn -0.1560 0.0895 -0.9837
vn -0.1523 0.1112 -0.9821
vn -0.0942 0.1242 -0.9878
vn 0.1484 -0.1155 0.9822
vn 0.3131 -0.1330 0.9404
vn 0.1036 -0.7125 -0.6940
vn 0.0679 -0.8657 -0.4960
vn -0.3605 -0.7541 -0.5490
vn -0.1854 -0.5938 -0.7830
vn -0.0395 0.2061 0.9777
vn -0.0377 0.1975 0.9796
vn -0.0810 0.1889 0.9786
vn -0.8338 -0.5138 -0.2019
vn -0.8191 -0.5472 -0.1725
vn -0.8360 -0.5399 -0.0982
vn -0.8523 -0.5062 -0.1317
vn -0.9026 -0.0502 -0.4275
vn -0.9406 -0.0808 -0.3298
vn -0.8960 -0.0764 -0.4375
vn -0.7494 -0.6351 -0.1871
vn 0.3709 0.3157 0.8734
vn 0.7831 -0.2444 0.5718
vn 0.7957 -0.1975 0.5726
vn 0.9191 -0.2317 0.3189
vn 0.9049 -0.2823 0.3186
vn -0.6719 -0.7186 -0.1793
vn -0.7115 -0.7001 -0.0604
vn -0.1223 0.3649 -0.9230
vn -0.0679 0.2781 -0.9582
vn -0.0678 0.2949 -0.9531
vn -0.0019 -0.6284 0.7779
vn -0.0942 -0.5796 0.8094
vn -0.0491 -0.3404 0.9390
vn 0.2062 0.1199 0.9711
vn 0.1950 0.1025 0.9754
vn 0.1692 0.1197 0.9783
vn 0.0641 0.0764 -0.9950
vn 0.1261 0.0545 -0.9905
vn 0.0942 0.0764 -0.9926
vn 0.1838 0.2487 0.9510
vn -0.3189 -0.8007 0.5071
vn 0.1610 -0.8826 0.4416
vn -0.3925 0.9079 0.1473
vn -0.3597 0.9220 0.1433
vn 0.6979 0.2189 -0.6819
vn 0.9725 -0.0196 0.2319
vn 0.9133 -0.3445 -0.2170
vn 0.8912 -0.3156 -0.3257
vn 0.8433 -0.4053 -0.3529
vn 0.8769 -0.4251 -0.2242
vn -0.0792 -0.2061 -0.9753
vn -0.0245 -0.2949 -0.9552
vn -0.0415 -0.2061 -0.9777
vn -0.3225 -0.4987 -0.8045
vn -0.2113 -0.5025 -0.8384
vn 0.0227 0.0327 -0.9992
vn 0.0076 0.0109 -0.9999
vn 0.0151 0.0328 -0.9993
vn 0.0283 0.0546 -0.9981
vn -0.0716 0.2103 -0.9750
vn 0.1596 0.1373 -0.9776
vn -0.0509 -0.2146 -0.9754
vn 0.9279 -0.1803 0.3264
vn 0.9347 -0.1242 0.3331
vn -0.1392 -0.1846 0.9729
vn -0.1356 -0.1674 0.9765
vn -0.0208 -0.1285 0.9915
vn -0.0603 -0.1372 0.9887
vn 0.5025 -0.1068 0.8579
vn 0.5309 -0.1631 0.8316
vn -0.7704 -0.6317 0.0865
vn -0.6928 -0.7186 0.0604
vn -0.6225 -0.7820 -0.0302
vn -0.7261 -0.6876 0.0075
vn 0.0491 0.1588 0.9861
vn 0.0528 0.1415 0.9885
vn 0.2412 -0.2532 -0.9369
vn 0.3303 -0.4291 -0.8407
vn 0.3615 -0.4053 -0.8397
vn -0.0716 -0.7820 -0.6191
vn -0.0622 -0.7928 -0.6063
vn 0.7915 0.0238 -0.6106
vn 0.9671 0.0109 -0.2540
vn 0.4364 -0.7738 0.4591
vn 0.5074 -0.7032 0.4980
vn 0.5935 -0.7626 0.2571
vn 0.0866 0.0764 -0.9933
vn 0.0716 0.0764 -0.9945
vn -0.9844 -0.0327 -0.1727
vn -0.9847 0.0241 -0.1728
vn -0.0698 0.0459 -0.9965
vn -0.0547 0.0546 -0.9970
vn -0.9542 -0.2990 0.0000
vn -0.9340 -0.3363 -0.1204
vn -0.9508 -0.1544 -0.2685
vn -0.9465 -0.1675 -0.2758
vn -0.9138 -0.1632 -0.3720
vn -0.9216 -0.1502 -0.3578
vn -0.0000 -0.0195 -0.9998
vn 0.0075 0.0022 -1.0000
vn -0.0075 -0.0109 -0.9999
vn -0.0679 -0.0021 -0.9977
vn -0.0226 -0.0022 -0.9997
vn -0.0150 0.0371 0.9992
vn -0.0472 0.0502 0.9976
vn 0.0245 0.0895 0.9957
vn 0.1477 -0.8236 -0.5476
vn -0.1182 0.9350 0.3345
vn -0.0967 0.9883 0.1177
vn -0.1452 0.9151 0.3762
vn -0.4557 0.8806 0.1302
vn -0.5589 0.8188 0.1308
vn -0.5456 0.8359 -0.0601
vn -0.4500 0.8908 -0.0638
vn -0.3668 0.9270 -0.0784
vn -0.3385 0.9380 -0.0745
vn 0.9480 0.3073 -0.0829
vn 0.9387 0.3445 -0.0151
vn 0.0523 0.9647 0.2582
vn 0.1185 0.9562 0.2677
vn 0.9258 0.3731 -0.0603
vn 0.9378 0.3405 -0.0679
vn 0.9486 0.3031 -0.0908
vn 0.9320 0.3527 -0.0829
vn 0.0094 -0.1286 0.9917
vn -0.0264 -0.1242 0.9919
vn 0.1130 -0.3852 0.9159
vn 0.1224 -0.3568 0.9261
vn -0.9758 -0.1588 -0.1504
vn -0.9685 -0.1717 -0.1802
vn 0.5511 -0.1846 0.8138
vn 0.5365 -0.2146 0.8162
vn -0.0226 -0.0065 -0.9997
vn -0.0076 0.0066 -0.9999
vn -0.0075 -0.0021 -1.0000
vn 0.2023 0.1459 0.9684
vn 0.0132 0.1761 0.9843
vn 0.0075 0.1415 0.9899
vn -0.4420 -0.8764 0.1913
vn 0.0002 0.0066 1.0000
vn 0.0002 0.0154 0.9999
vn 0.8968 -0.3973 0.1949
vn -0.0019 0.1760 -0.9844
vn 0.0283 0.1761 -0.9840
vn 0.0321 0.1890 -0.9815
vn -0.0095 0.1803 -0.9836
vn 0.0546 0.1889 0.9805
vn 0.0886 0.1804 0.9796
vn 0.0773 0.1932 0.9781
vn 0.0359 0.2018 0.9788
vn -0.4921 0.8406 0.2262
vn -0.4452 0.8743 0.1935
vn 0.1044 0.9945 -0.0075
vn 0.1221 0.9908 -0.0576
vn 0.0076 -0.0240 0.9997
vn 0.2682 0.2402 0.9329
vn 0.3022 0.2655 0.9155
vn 0.3058 0.2739 0.9119
vn 0.2810 0.2443 0.9281
vn 0.0377 0.0371 -0.9986
vn 0.0415 0.0721 -0.9965
vn 0.0227 0.0371 -0.9991
vn 0.0226 0.0109 -0.9997
vn -0.0283 0.1285 -0.9913
vn -0.0604 0.1025 -0.9929
vn -0.0264 0.0677 -0.9974
vn 0.0019 0.0851 -0.9964
vn 0.5445 -0.0807 -0.8349
vn 0.8035 -0.2486 -0.5409
vn 0.7049 -0.3404 -0.6222
vn 0.4523 -0.1889 -0.8716
vn 0.3053 -0.4720 0.8271
vn 0.2916 -0.7032 0.6484
vn 0.1635 -0.4291 0.8883
vn 0.5418 -0.1717 -0.8228
vn 0.2667 -0.0502 -0.9625
vn 0.2885 -0.1069 -0.9515
vn 0.5656 -0.2571 -0.7836
vn 0.9117 -0.3852 0.1428
vn 0.8696 -0.4053 0.2821
vn 0.1130 0.0327 0.9931
vn 0.0828 0.0415 0.9957
vn 0.0902 0.0069 0.9959
vn 0.1430 -0.0066 0.9897
vn -0.0435 -0.2102 0.9767
vn -0.0415 -0.0764 0.9962
vn 0.0623 -0.0939 0.9936
vn 0.0754 -0.1975 0.9774
vn 0.7042 -0.7032 0.0979
vn 0.6258 -0.7738 0.0978
vn 0.6697 -0.6907 0.2728
vn 0.9671 -0.0153 0.2540
vn 0.9657 -0.0546 0.2539
vn 0.9202 -0.0415 0.3893
vn 0.9180 0.0021 0.3967
vn 0.0490 0.2104 -0.9764
vn 0.1111 0.3527 -0.9291
vn 0.1707 0.2823 -0.9440
vn 0.2484 -0.0895 0.9645
vn 0.4503 -0.2188 0.8656
vn 0.5532 0.7928 0.2557
vn 0.1861 0.8545 0.4849
vn 0.4186 0.6077 0.6748
vn 0.7200 0.6147 0.3222
vn 0.1929 -0.3649 0.9108
vn 0.3282 -0.6617 0.6741
vn 0.1960 -0.6907 0.6961
vn 0.1522 -0.4053 0.9014
vn 0.0018 0.0894 0.9960
vn -0.0454 0.1025 0.9937
vn -0.0170 0.0546 0.9984
vn 0.0226 0.0415 0.9989
vn -0.0226 0.0981 0.9949
vn -0.0207 0.1285 0.9915
vn -0.1373 0.1502 0.9791
vn -0.1223 0.1155 0.9858
vn -0.0452 0.0982 -0.9941
vn -0.0284 0.1328 -0.9907
vn -0.0321 0.1502 -0.9881
vn 0.0322 0.0937 -0.9951
vn 0.0095 0.1373 -0.9905
vn -0.8617 -0.5063 -0.0340
vn -0.7739 -0.6284 -0.0792
vn 0.1007 0.8868 -0.4511
vn 0.0676 0.9824 -0.1741
vn 0.2315 0.8721 -0.4310
vn -0.1728 -0.0328 -0.9844
vn -0.1579 -0.0240 -0.9872
vn -0.0830 0.0109 -0.9965
vn -0.1579 -0.0284 -0.9871
vn 0.0057 0.6907 -0.7231
vn 0.0959 0.7094 -0.6982
vn -0.0773 -0.1155 0.9903
vn 0.0943 -0.4330 0.8964
vn 0.1036 0.0505 -0.9933
vn 0.0566 0.0720 -0.9958
vn 0.0301 0.1025 -0.9943
vn 0.0716 0.0807 -0.9942
vn -0.0774 -0.1112 0.9908
vn -0.0471 -0.1156 0.9922
vn -0.0359 -0.1329 0.9905
vn -0.5750 0.7847 0.2316
vn -0.5680 0.7928 0.2210
vn -0.5578 0.7981 0.2279
vn -0.5647 0.7901 0.2384
vn -0.0378 -0.8261 -0.5622
vn 0.1280 0.0240 -0.9915
vn -0.9935 0.1112 -0.0264
vn -0.9890 -0.0807 -0.1243
vn -0.9918 -0.0939 -0.0867
vn -0.9927 0.1199 0.0152
vn -0.9737 -0.1112 -0.1988
vn -0.9728 -0.0895 -0.2135
vn -0.9774 0.0459 0.2062
vn -0.9862 -0.0109 0.1654
vn -0.9806 0.0197 0.1951
vn -0.9728 0.0807 0.2171
vn 0.0000 0.0980 0.9952
vn 0.0132 0.1112 0.9937
vn 0.1224 0.0851 0.9888
vn 0.1279 0.1025 0.9865
vn 0.1391 0.0807 0.9870
vn 0.1411 0.0633 0.9880
vn -0.5423 0.8136 0.2098
vn -0.5373 0.8236 0.1813
vn -0.0509 0.1932 0.9798
vn 0.0057 0.2018 0.9794
vn -0.0020 0.2060 0.9786
vn -0.0547 0.2018 0.9779
vn 0.1036 0.0589 -0.9929
vn 0.0246 -0.0808 0.9964
vn -0.0000 -0.0022 1.0000
vn -0.0057 -0.0938 0.9956
vn -0.9377 -0.2949 0.1839
vn -0.9047 -0.3527 0.2392
vn 0.5671 -0.6317 0.5284
vn 0.6162 -0.5617 0.5521
vn 0.7287 -0.6215 0.2875
vn -0.9599 0.1111 -0.2575
vn -0.9632 0.1156 -0.2427
vn -0.9695 0.0982 -0.2246
vn -0.9655 0.0938 -0.2428
vn 0.1112 -0.3973 0.9109
vn 0.1036 -0.4212 0.9010
vn 0.0810 -0.2779 0.9572
vn 0.0302 0.3073 0.9511
vn 0.0189 0.1545 0.9878
vn -0.0604 0.0372 -0.9975
vn -0.1206 -0.0022 -0.9927
vn -0.0980 -0.0284 -0.9948
vn -0.0227 0.0110 -0.9997
vn 0.7785 0.6145 0.1276
vn 0.8625 0.4950 0.1053
vn 0.8677 0.4873 0.0980
vn 0.7260 -0.6552 -0.2089
vn 0.7491 -0.6485 -0.1353
vn -0.1819 -0.1155 -0.9765
vn -0.1970 -0.1111 -0.9741
vn 0.7720 0.1329 0.6216
vn 0.9236 0.1069 0.3683
vn 0.9209 0.0762 0.3824
vn 0.7668 0.1025 0.6336
vn -0.9979 -0.0240 -0.0604
vn -0.9773 0.2061 0.0490
vn -0.9873 0.1546 0.0378
vn -0.9951 -0.0721 -0.0679
vn 0.3737 -0.8613 -0.3443
vn 0.4715 -0.8110 -0.3462
vn 0.4038 -0.6938 -0.5963
vn -0.8122 -0.5832 -0.0150
vn -0.8044 -0.5832 -0.1130
vn -0.8365 -0.5361 -0.1130
vn -0.0904 0.4093 -0.9079
vn -0.0434 0.4053 -0.9132
vn 0.0302 -0.1025 0.9943
vn 0.0075 -0.0982 0.9951
vn -0.0490 -0.1589 0.9861
vn -0.0452 -0.1718 0.9841
vn -0.0095 -0.1458 0.9893
vn -0.3586 -0.8453 -0.3960
vn -0.9913 -0.0331 0.1278
vn -0.0132 0.1372 0.9905
vn 0.1447 -0.0938 0.9850
vn 0.2242 0.0982 0.9696
vn 0.2023 0.1026 0.9739
vn -0.0170 0.3771 -0.9260
vn 0.0320 0.5324 -0.8459
vn -0.0980 -0.0197 0.9950
vn 0.4180 -0.9079 0.0303
vn 0.5341 -0.8453 0.0151
vn -0.2745 0.9587 -0.0742
vn -0.0480 0.9950 -0.0881
vn -0.0185 0.9966 0.0808
vn -0.2653 0.9575 0.1135
vn 0.2973 0.0328 0.9542
vn 0.9343 0.3198 -0.1577
vn 0.0226 0.1458 0.9891
vn 0.0170 0.1631 0.9865
vn 0.0848 -0.2358 0.9681
vn 0.0812 -0.2018 0.9761
vn -0.0965 -0.9945 0.0405
vn -0.1206 -0.9925 -0.0189
vn -0.3092 -0.9509 0.0113
vn -0.1205 0.0022 -0.9927
vn -0.0378 0.0153 -0.9992
vn -0.0528 0.0109 -0.9985
vn -0.1355 -0.0109 -0.9907
vn -0.0491 -0.0677 0.9965
vn -0.0792 -0.0720 0.9943
vn -0.0699 -0.1070 0.9918
vn 0.0697 0.0894 0.9935
vn -0.9899 -0.1415 0.0076
vn -0.9768 -0.1975 -0.0829
vn -0.9779 -0.1803 -0.1057
vn -0.9901 -0.1373 -0.0303
vn -0.7126 -0.4987 -0.4934
vn 0.9257 0.1328 0.3542
vn 0.9224 0.3771 0.0829
vn 0.9217 0.3852 0.0453
vn 0.8950 0.4172 0.1577
vn 0.9824 0.1112 0.1504
vn 0.1071 -0.9743 -0.1981
vn 0.0601 -0.9587 -0.2780
vn 0.1934 -0.9599 -0.2027
vn 0.2291 -0.9647 -0.1301
vn -0.1073 0.0589 0.9925
vn -0.1391 0.0721 0.9877
vn -0.1242 0.0765 0.9893
vn -0.0922 0.0633 0.9937
vn -0.0075 0.0415 0.9991
vn -0.0132 0.0938 0.9955
vn -0.0038 0.0808 0.9967
vn -0.0151 0.0284 0.9995
vn -0.0113 0.1545 -0.9879
vn -0.0056 0.1889 -0.9820
vn -0.0207 0.1675 -0.9857
vn -0.5304 -0.8477 -0.0113
vn -0.6089 -0.7928 0.0264
vn -0.6377 -0.7654 0.0866
vn -0.5682 -0.8212 0.0529
vn -0.0246 0.1804 0.9833
vn -0.0434 0.1631 0.9857
vn 0.0057 0.1803 0.9836
vn 0.0151 0.1975 0.9802
vn 0.8351 -0.3608 -0.4153
vn 0.8451 -0.4013 -0.3532
vn 0.5413 -0.7277 -0.4213
vn 0.5975 -0.6452 -0.4762
vn -0.9535 -0.1372 -0.2685
vn -0.9647 -0.1372 -0.2246
vn 0.9393 0.3240 0.1129
vn 0.0660 0.5214 -0.8508
vn 0.1068 0.7847 -0.6106
vn -0.6647 0.1242 0.7367
vn -0.6466 0.1112 0.7547
vn -0.8211 -0.5250 -0.2240
vn -0.8004 -0.5435 -0.2529
vn 0.1092 0.1241 0.9862
vn 0.1148 0.1372 0.9839
vn 0.4683 -0.8722 -0.1414
vn 0.4337 -0.8406 -0.3245
vn -0.9452 0.0066 -0.3263
vn -0.9053 -0.0240 -0.4240
vn -0.9088 0.0022 -0.4173
vn -0.0830 -0.0982 -0.9917
vn -0.0264 -0.0764 -0.9967
vn -0.0189 -0.0721 -0.9972
vn 0.0754 0.1415 0.9871
vn 0.1111 0.1155 0.9871
vn 0.0868 0.1199 0.9890
vn -0.9684 0.0371 -0.2464
vn -0.0132 -0.0895 0.9959
vn -0.0302 -0.0415 0.9987
vn -0.9967 0.0721 0.0378
vn -0.9540 0.0589 -0.2938
vn -0.9517 0.0764 -0.2973
vn -0.0189 0.0764 -0.9969
vn -0.9739 -0.2189 -0.0604
vn -0.9881 -0.1458 0.0491
vn -0.4104 0.0066 -0.9119
vn -0.4036 0.0153 -0.9148
vn -0.6400 0.0284 -0.7679
vn -0.0358 0.0894 -0.9953
vn 0.3134 -0.0938 0.9450
vn 0.9957 -0.0895 -0.0228
vn 0.9942 -0.0938 0.0528
vn 0.9970 -0.0372 0.0678
vn 0.9993 -0.0372 -0.0075
vn 0.0886 0.0633 -0.9941
vn 0.1317 0.0720 -0.9887
vn 0.1392 0.0676 -0.9879
vn -0.1093 -0.1199 0.9867
vn -0.1858 -0.0807 0.9793
vn -0.0829 -0.1415 0.9865
vn -0.0812 0.1889 0.9786
vn -0.0887 0.1889 0.9780
vn -0.0829 0.1719 0.9816
vn -0.0733 0.1675 0.9831
vn -0.6834 -0.6552 -0.3220
vn -0.5831 -0.7063 -0.4013
vn -0.5830 -0.7337 -0.3490
vn -0.6835 -0.6812 -0.2622
vn 0.1913 0.0720 -0.9789
vn 0.1016 0.3933 0.9138
vn 0.1222 0.4172 0.9006
vn 0.1664 0.6553 0.7368
vn 0.1442 0.6452 0.7503
vn 0.0566 0.1243 0.9906
vn 0.0377 0.0982 0.9945
vn -0.0150 0.0065 -0.9999
vn -0.0076 0.0110 -0.9999
vn -0.0075 -0.0065 -1.0000
vn -0.0076 -0.0022 -1.0000
vn 0.0075 0.0108 -0.9999
vn 0.0265 0.0675 -0.9974
vn 0.1130 0.0981 0.9887
vn 0.1018 0.1198 0.9876
vn 0.0207 0.1156 0.9931
vn 0.8401 0.4449 0.3103
vn 0.8759 0.3567 0.3249
vn 0.8938 0.3649 0.2607
vn 0.0057 -0.1459 0.9893
vn 0.0151 -0.1717 0.9850
vn 0.3751 -0.7682 -0.5188
vn 0.5848 -0.6485 -0.4873
vn 0.5820 -0.7125 -0.3920
vn 0.3690 -0.8286 -0.4211
vn -0.2902 -0.0284 0.9565
vn -0.2612 -0.0284 0.9649
vn 0.0302 0.0240 -0.9993
vn 0.0226 0.0196 -0.9996
vn 0.0455 0.0022 -0.9990
vn 0.1653 0.1025 0.9809
vn 0.1523 0.0894 0.9843
vn 0.0679 0.0982 0.9929
vn 0.0848 0.0938 0.9920
vn -0.0490 -0.1242 0.9910
vn -0.0660 -0.1631 0.9844
vn 0.0679 -0.0109 -0.9976
vn 0.0830 -0.0066 -0.9965
vn 0.9503 -0.1803 0.2540
vn 0.0886 0.0459 -0.9950
vn 0.1486 0.0546 -0.9874
vn 0.1054 0.4487 0.8874
vn 0.0056 0.0464 -0.9989
vn 0.0190 0.0722 -0.9972
vn 0.0679 0.1719 -0.9828
vn 0.0019 0.1674 -0.9859
vn 0.0170 0.1329 -0.9910
vn -0.0641 0.0807 -0.9947
vn -0.0867 0.1199 -0.9890
vn -0.9488 0.2949 0.1129
vn -0.9293 0.3528 0.1091
vn -0.9462 0.2864 0.1503
vn -0.4357 -0.7876 -0.4357
vn -0.4432 -0.8237 -0.3538
vn -0.5987 -0.7598 -0.2536
vn -0.9458 0.1716 0.2756
vn -0.9821 -0.0153 0.1877
vn -0.9805 -0.0240 0.1951
vn -0.9460 0.1587 0.2828
vn -0.4937 0.8500 0.1839
vn -0.5220 0.8286 0.2025
vn -0.5323 0.8237 0.1955
vn -0.0660 0.0894 -0.9938
vn -0.0585 0.0894 -0.9943
vn 0.0019 0.1674 0.9859
vn -0.0076 0.1717 0.9851
vn 0.0093 0.1632 0.9866
vn 0.0113 0.1588 0.9873
vn -0.0981 -0.0982 -0.9903
vn -0.6364 -0.6486 -0.4176
vn -0.6556 -0.6452 -0.3923
vn -0.5386 -0.7186 -0.4399
vn -0.5103 -0.7155 -0.4770
vn -0.3770 0.9237 -0.0675
vn -0.0832 -0.0982 0.9917
vn -0.1429 -0.0371 0.9890
vn -0.0697 0.5725 0.8170
vn 0.0226 0.6351 0.7721
vn -0.1143 0.8007 0.5880
vn 0.0150 -0.9992 -0.0363
vn 0.1689 -0.9855 -0.0151
vn 0.1697 -0.9848 -0.0375
vn 0.0114 -0.9981 -0.0600
vn -0.0755 0.0196 -0.9970
vn -0.0226 0.0109 -0.9997
vn -0.0397 0.0459 -0.9982
vn 0.0808 0.0545 -0.9952
vn 0.1279 0.0371 -0.9911
vn 0.6099 -0.7125 -0.3470
vn 0.5479 -0.7625 -0.3441
vn -0.9621 -0.2274 -0.1506
vn -0.9645 -0.2061 -0.1654
vn 0.0341 0.0676 -0.9971
vn -0.4764 -0.0808 -0.8755
vn -0.3911 -0.0589 -0.9184
vn -0.2757 0.0240 -0.9609
vn -0.3334 0.0022 -0.9428
vn 0.1523 -0.3445 0.9263
vn 0.2675 -0.6812 0.6815
vn 0.0056 0.0633 -0.9980
vn 0.9531 0.2486 -0.1728
vn 0.9707 0.1502 -0.1876
vn 0.9671 0.2103 -0.1429
vn -0.0528 0.0153 0.9985
vn 0.0604 -0.0021 0.9982
vn 0.0358 0.1112 -0.9932
vn -0.9350 0.3032 -0.1837
vn -0.9187 0.3116 -0.2426
vn 0.0642 -0.1588 0.9852
vn 0.0378 -0.1372 0.9898
vn -0.9992 -0.0327 0.0227
vn -0.9926 -0.0715 -0.0981
vn -0.9987 -0.0501 0.0039
vn -0.0095 0.0502 -0.9987
vn -0.0623 0.0502 -0.9968
vn -0.8964 0.2061 -0.3924
vn -0.8989 0.1803 -0.3995
vn 0.1306 0.9536 -0.2712
vn 0.0754 0.0372 -0.9965
vn 0.2282 0.0807 0.9703
vn -0.1186 -0.1329 -0.9840
vn -0.1037 -0.1328 -0.9857
vn -0.1242 -0.0764 -0.9893
vn 0.2021 0.1460 0.9684
vn 0.1892 0.1372 0.9723
vn 0.1801 0.0982 0.9787
vn 0.2005 0.1112 0.9734
vn -0.0623 0.0457 0.9970
vn -0.0472 0.0633 0.9969
vn -0.0942 0.0721 0.9929
vn 0.0753 0.1718 -0.9823
vn 0.0942 0.2104 -0.9731
vn 0.0397 0.1631 -0.9858
vn -0.0660 -0.2146 -0.9745
vn -0.0868 -0.1803 -0.9798
vn -0.0415 -0.1545 -0.9871
vn 0.0848 0.2146 -0.9730
vn 0.0528 0.2402 -0.9693
vn 0.0679 0.1975 -0.9780
vn 0.0434 -0.4950 0.8678
vn -0.1802 -0.1025 0.9783
vn -0.0095 0.1761 0.9843
vn -0.0547 0.1760 0.9829
vn -0.0528 0.1975 0.9789
vn -0.0075 0.1975 0.9803
vn 0.0472 0.1329 0.9900
vn -0.5349 0.8211 0.1991
vn -0.5174 0.0066 0.8557
vn 0.0246 -0.9097 -0.4145
vn -0.1177 -0.8887 -0.4431
vn -0.1688 -0.9647 -0.2022
vn -0.0094 -0.9816 -0.1908
vn -0.5253 -0.0503 0.8494
vn -0.8366 -0.0460 0.5459
vn 0.9712 0.0807 0.2243
vn 0.5069 0.7246 -0.4669
vn 0.0357 0.8785 -0.4764
vn 0.1504 -0.1025 -0.9833
vn 0.1280 -0.1372 -0.9822
vn 0.7796 -0.4093 -0.4741
vn 0.8600 -0.4251 -0.2823
vn -0.2244 -0.0372 0.9738
vn -0.1412 -0.0807 0.9867
vn -0.1800 -0.0327 0.9831
vn -0.2467 -0.0022 0.9691
vn -0.2975 -0.1674 0.9399
vn -0.2301 -0.1285 0.9646
vn -0.1969 -0.1459 0.9695
vn -0.2610 -0.2189 0.9402
vn 0.0151 -0.0327 -0.9993
vn 0.0132 0.0590 0.9982
vn 0.1204 0.0415 0.9919
vn 0.0962 0.0502 0.9941
vn -0.0113 0.0676 0.9976
vn 0.2830 0.0153 0.9590
vn 0.2392 -0.0327 0.9704
vn 0.2094 0.0328 0.9773
vn 0.1559 0.0633 0.9857
vn 0.1280 0.0982 0.9869
vn 0.1467 0.0807 0.9859
vn -0.3492 0.0546 -0.9355
vn -0.3295 0.0764 -0.9410
vn -0.9948 -0.0850 0.0564
vn -0.9950 -0.0415 0.0904
vn 0.5889 0.7710 0.2424
vn 0.6355 0.7395 0.2219
vn 0.6696 0.6938 0.2651
vn -0.9507 0.1975 0.2391
vn -0.9543 0.1975 0.2244
vn -0.9510 0.2401 0.1950
vn -0.9632 0.2231 0.1502
vn -0.3238 -0.9286 0.1812
vn -0.1666 -0.9723 0.1639
vn 0.0283 0.1502 0.9883
vn 0.0396 0.1373 0.9897
vn 0.0772 0.1285 0.9887
vn 0.0660 0.1502 0.9865
vn -0.1574 0.5973 0.7865
vn -0.3833 -0.9168 0.1118
vn 0.9226 0.3731 0.0979
vn 0.9383 0.3445 0.0301
vn 0.0075 0.0066 -1.0000
vn 0.0980 0.0022 -0.9952
vn 0.9588 -0.2739 -0.0754
vn 0.1205 0.0066 -0.9927
vn 0.1280 -0.0240 -0.9915
vn 0.3223 -0.1588 -0.9332
vn -0.7596 -0.5832 0.2881
vn -0.7178 -0.4911 0.4935
vn 0.5862 0.0981 0.8042
vn 0.9284 -0.2781 -0.2464
vn 0.9934 -0.0197 -0.1130
vn 0.9689 -0.2401 -0.0604
vn 0.0396 -0.2146 -0.9759
vn 0.1504 -0.1932 -0.9696
vn 0.0735 -0.2018 -0.9767
vn 0.0208 -0.2781 -0.9603
vn 0.0868 -0.3527 -0.9317
vn 0.0923 -0.3568 -0.9296
vn 0.0018 -0.2865 -0.9581
vn 0.6271 -0.6939 0.3541
vn -0.9641 0.0894 -0.2502
vn -0.9579 0.1023 -0.2681
vn -0.7453 0.3730 -0.5527
vn -0.5548 0.2273 -0.8003
vn -0.2392 -0.0153 -0.9708
vn -0.4033 -0.0371 -0.9143
vn -0.8146 0.0590 -0.5770
vn -0.1744 -0.3772 -0.9096
vn -0.0039 -0.4526 -0.8917
vn -0.2655 -0.9380 -0.2228
vn 0.0018 -0.9855 -0.1697
vn 0.1524 -0.1889 0.9701
vn 0.3116 -0.1717 0.9346
vn 0.3562 -0.0894 0.9301
vn 0.2062 -0.1199 0.9711
vn -0.2411 0.0502 -0.9692
vn -0.2098 0.0328 -0.9772
vn -0.4623 0.1372 -0.8761
vn -0.0134 0.2147 0.9766
vn 0.0094 0.1675 0.9858
vn 0.0075 0.2189 0.9757
vn 0.1667 -0.9380 -0.3039
vn 0.3714 -0.8784 -0.3007
vn 0.9693 0.1502 0.1949
vn 0.9653 0.1889 0.1802
vn 0.2792 -0.9600 -0.0225
vn 0.4136 -0.9097 -0.0377
vn 0.8102 -0.3690 -0.4554
vn 0.8009 -0.3892 -0.4551
vn -0.8212 -0.1588 -0.5481
vn -0.8416 -0.1459 -0.5200
vn -0.9032 -0.1804 -0.3895
vn -0.4171 -0.0284 -0.9084
vn -0.6457 -0.0284 -0.7631
vn -0.6455 -0.0415 -0.7627
vn -0.4238 -0.0415 -0.9048
vn -0.9431 0.3115 -0.1167
vn 0.6036 0.7246 -0.3326
vn 0.6532 0.7541 -0.0680
vn -0.9557 0.0938 -0.2791
vn -0.9513 0.0939 -0.2936
vn 0.1597 -0.1632 -0.9736
vn 0.3384 -0.0633 -0.9389
vn 0.4117 -0.1329 -0.9016
vn 0.2044 -0.2104 -0.9560
vn -0.7664 0.5760 0.2843
vn -0.7057 0.6650 0.2444
vn -0.8682 0.3811 0.3178
vn 0.2573 -0.7483 0.6114
vn 0.2072 -0.8059 0.5545
vn 0.3292 -0.8985 0.2904
vn 0.9719 0.1069 0.2096
vn 0.9925 0.0895 0.0831
vn 0.9967 0.0284 0.0754
vn 0.7949 0.5796 -0.1795
vn 0.7593 0.6112 -0.2233
vn 0.7996 0.5101 -0.3169
vn 0.8467 0.4720 -0.2457
vn 0.1335 -0.5902 0.7961
vn 0.1092 -0.4133 0.9040
vn 0.1614 -0.5508 0.8189
vn -0.4587 0.8613 0.2186
vn -0.2638 0.9410 0.2121
vn 0.8106 -0.5796 0.0829
vn 0.6984 -0.5508 0.4570
vn 0.5791 -0.7738 0.2567
vn 0.6373 -0.7682 -0.0604
vn 0.6473 0.7569 -0.0901
vn 0.4032 0.9151 -0.0075
vn 0.9520 -0.2529 0.1728
vn 0.9419 -0.3074 0.1354
vn 0.9241 -0.3445 0.1653
vn -0.9563 -0.2528 -0.1467
vn -0.9475 -0.2823 -0.1504
vn 0.5556 0.7955 0.2418
vn -0.1205 0.0328 -0.9922
vn -0.0151 0.0415 -0.9990
vn -0.0075 0.0240 -0.9997
vn -0.1130 0.0153 -0.9935
vn -0.0490 -0.1199 0.9916
vn 0.2245 -0.1372 0.9648
vn 0.1952 -0.1373 0.9711
vn 0.0735 -0.6683 -0.7403
vn -0.0605 -0.9890 -0.1351
vn -0.4747 -0.8590 -0.1915
vn -0.0491 0.1588 -0.9861
vn -0.0603 0.1976 -0.9784
vn -0.2099 0.0109 0.9777
vn -0.0943 -0.0676 0.9933
vn -0.1206 -0.0153 0.9926
vn -0.0208 0.1674 -0.9857
vn -0.9557 0.2613 0.1354
vn -0.9602 0.2570 0.1091
vn -0.9136 0.2990 0.2754
vn -0.0038 0.0677 0.9977
vn -0.3381 0.9302 0.1427
vn -0.3526 0.9115 0.2116
vn -0.3217 0.9203 0.2225
vn 0.0208 0.2019 0.9792
vn -0.4034 0.0240 -0.9147
vn -0.2025 0.0153 -0.9792
vn 0.0113 0.1544 0.9879
vn 0.0810 0.2061 -0.9752
vn -0.7516 -0.6552 0.0754
vn -0.0472 -0.1068 0.9932
vn -0.0736 -0.0850 0.9937
vn -0.4964 -0.6419 0.5844
vn -0.3182 -0.3363 0.8864
vn -0.2933 -0.3892 0.8732
vn 0.5583 0.8187 -0.1343
vn 0.5748 0.7483 -0.3311
vn 0.7015 0.6585 -0.2727
vn -0.2794 0.9482 0.1512
vn 0.4371 -0.4526 0.7772
vn 0.2969 -0.3074 0.9041
vn 0.4630 -0.3932 0.7944
vn -0.0774 -0.1457 0.9863
vn -0.0886 -0.1631 0.9826
vn 0.0057 -0.1155 0.9933
vn 0.0151 -0.1025 0.9946
vn -0.7000 -0.7033 0.1241
vn -0.8398 -0.0022 0.5429
vn -0.5617 0.0196 0.8271
vn -0.5804 -0.0022 0.8143
vn 0.9881 -0.1242 -0.0904
vn -0.8583 -0.4333 0.2750
vn -0.8410 -0.4526 0.2963
vn -0.6970 -0.3933 0.5997
vn -0.7138 -0.3690 0.5952
vn -0.2699 -0.8500 -0.4524
vn -0.3318 -0.9186 -0.2148
vn 0.0660 -0.2231 -0.9726
vn 0.0941 -0.1847 -0.9783
vn 0.0735 -0.1760 -0.9816
vn 0.8397 0.2949 0.4559
vn 0.8097 0.2697 0.5212
vn 0.2987 -0.5796 -0.7582
vn 0.2816 -0.5398 -0.7933
vn 0.7832 -0.2444 0.5718
vn 0.0094 0.1674 -0.9858
vn 0.9289 -0.3527 0.1132
vn 0.9901 -0.1372 0.0302
vn 0.9753 -0.2189 0.0302
vn 0.0019 0.1890 0.9820
vn -0.0359 0.1890 0.9813
vn 0.1354 0.1068 -0.9850
vn 0.0586 0.0500 -0.9970
vn 0.0528 0.1069 -0.9929
vn -0.1468 0.0720 0.9865
vn -0.1148 0.0633 0.9914
vn -0.1317 0.0720 0.9887
vn -0.1467 0.0764 0.9862
vn 0.9187 -0.0981 0.3826
vn 0.9175 -0.1502 0.3684
vn 0.7704 -0.1112 0.6278
vn 0.5488 0.0415 -0.8349
vn 0.7562 0.1415 -0.6389
vn 0.8180 0.0415 -0.5738
vn 0.6384 -0.0546 -0.7677
vn -0.2338 0.0458 -0.9712
vn -0.3404 0.0109 -0.9402
vn -0.3118 0.0284 -0.9497
vn -0.2263 0.0590 -0.9723
vn 0.1716 0.9439 -0.2821
vn 0.1862 0.9824 -0.0150
vn -0.8185 -0.0240 -0.5741
vn 0.7080 -0.5434 -0.4510
vn -0.5241 0.8359 0.1631
vn -0.9719 -0.1198 -0.2026
vn 0.4982 -0.4565 -0.7371
vn 0.4977 -0.6939 -0.5204
vn 0.1112 -0.5902 -0.7995
vn -0.3190 -0.0240 0.9475
vn -0.0791 -0.1242 -0.9891
vn -0.0341 -0.1587 -0.9867
vn -0.0736 -0.1889 -0.9792
vn 0.5848 0.8111 0.0151
vn 0.8194 0.5725 0.0302
vn -0.0886 -0.0808 0.9928
vn -0.1374 -0.0503 0.9892
vn -0.1055 0.0022 0.9944
vn -0.0604 -0.0196 0.9980
vn -0.7951 -0.5213 0.3099
vn -0.1504 0.0328 0.9881
vn 0.9613 -0.2401 0.1353
vn 0.2245 -0.0241 -0.9742
vn 0.1690 -0.0676 -0.9833
vn 0.2210 -0.0677 -0.9729
vn 0.0509 0.1502 0.9873
vn 0.0604 0.1068 0.9924
vn -0.9801 0.0371 0.1949
vn -0.9085 0.0590 0.4136
vn -0.9240 0.0502 0.3791
vn -0.9790 0.0458 0.1988
vn 0.1319 0.0676 -0.9890
vn 0.1336 0.0633 -0.9890
vn 0.7661 0.0633 0.6396
vn 0.9174 0.0371 0.3963
vn 0.0076 0.1416 0.9899
vn -0.0018 0.1803 0.9836
vn -0.9703 -0.0372 -0.2392
vn -0.0847 0.0546 0.9949
vn -0.0848 0.0502 0.9951
vn 0.9410 0.3364 -0.0377
vn 0.0960 0.0633 -0.9934
vn 0.1166 0.0677 -0.9909
vn 0.9496 0.2189 0.2245
vn 0.9197 0.2571 0.2968
vn 0.0663 0.9896 -0.1274
vn -0.1054 -0.0023 -0.9944
vn 0.1951 0.0153 0.9807
vn 0.0998 0.1372 0.9855
vn 0.0698 0.1631 0.9841
vn 0.0868 0.1588 0.9835
vn -0.0773 0.2018 -0.9764
vn -0.0075 0.2613 -0.9652
vn -0.9972 0.0020 0.0754
vn -0.9985 0.0108 0.0529
vn -0.7914 -0.1112 -0.6011
vn -0.6265 -0.0895 -0.7743
vn -0.6412 -0.0590 -0.7651
vn -0.8027 -0.0677 -0.5925
vn 0.0698 0.1889 -0.9795
vn 0.0377 0.1717 -0.9844
vn 0.7124 0.5832 -0.3903
vn 0.6874 0.5903 -0.4230
vn 0.4026 -0.5138 0.7576
vn 0.0170 -0.2146 -0.9766
vn 0.9793 -0.0066 0.2025
vn 0.9754 -0.0372 0.2171
vn 0.9946 0.0328 0.0980
vn -0.0226 0.0152 -0.9996
vn -0.0151 0.0065 -0.9999
vn 0.0171 0.1932 0.9810
vn -0.5998 0.0590 0.7980
vn -0.6253 0.0720 0.7771
vn -0.8277 0.3852 0.4082
vn -0.6569 0.2571 0.7088
vn 0.1503 0.2782 0.9487
vn -0.9541 0.0371 0.2973
vn 0.9766 0.1459 -0.1577
vn 0.9766 0.1459 -0.1578
vn 0.0905 0.0153 -0.9958
vn -0.0019 -0.0459 -0.9989
vn -0.0302 0.0197 -0.9994
vn 0.0491 0.0808 -0.9955
vn 0.5004 -0.2948 0.8140
vn 0.7199 -0.3812 0.5800
vn 0.6921 -0.4330 0.5775
vn 0.4853 -0.3405 0.8054
vn -0.0961 -0.0938 -0.9909
vn -0.1467 -0.1242 -0.9814
vn 0.0163 0.9986 -0.0499
vn -0.1985 0.9781 -0.0627
vn -0.1794 0.9790 0.0970
vn 0.0278 0.9931 0.1144
vn 0.0019 -0.1890 0.9820
vn 0.0168 -0.2104 0.9775
vn -0.9686 0.1069 0.2244
vn 0.8246 -0.5617 -0.0679
vn 0.1504 0.0284 -0.9882
vn 0.1037 0.0458 -0.9936
vn -0.0923 -0.7847 -0.6129
vn 0.0358 0.2444 -0.9690
vn 0.0509 0.2823 -0.9580
vn 0.0697 0.4566 -0.8869
vn 0.0716 0.4133 -0.9078
vn 0.9787 0.0328 -0.2024
vn 0.9752 -0.1286 -0.1802
vn -0.9905 0.0589 0.1241
vn -0.9915 0.0764 0.1054
vn -0.9658 0.0808 -0.2465
vn -0.9658 0.0808 -0.2464
vn 0.1111 -0.0633 0.9918
vn -0.0302 0.0240 -0.9993
vn -0.0151 0.0284 -0.9995
vn 0.1131 0.0152 -0.9935
vn 0.0905 0.0066 -0.9959
vn 0.0905 -0.0066 -0.9959
vn 0.1281 0.0022 -0.9918
vn 0.8296 0.5287 0.1797
vn 0.3860 -0.1803 -0.9047
vn 0.1895 -0.1631 -0.9682
vn -0.0019 0.2061 -0.9785
vn -0.0001 0.0065 -1.0000
vn -0.0076 0.0240 -0.9997
vn -0.0152 0.0109 -0.9998
vn -0.2172 0.0022 -0.9761
vn -0.2245 -0.0066 -0.9744
vn -0.4833 -0.8700 -0.0976
vn 0.0095 -0.2529 -0.9675
vn 0.9567 -0.0241 -0.2902
vn 1.0000 0.0066 0.0000
vn -0.0321 0.0589 -0.9977
vn -0.7251 -0.3609 0.5865
vn -0.7145 -0.3731 0.5919
vn -0.0697 0.5725 0.8169
vn -0.1280 -0.4565 -0.8805
vn -0.2412 -0.6585 -0.7129
vn -0.9168 -0.3772 0.1316
vn 0.4232 -0.6585 -0.6224
vn 0.1662 -0.7512 -0.6388
vn 0.3624 0.2571 0.8959
vn 0.3042 0.2402 0.9218
vn 0.3837 0.2528 0.8882
vn 0.9599 0.2654 -0.0905
vn 0.9631 0.2232 -0.1502
vn 0.9709 0.1802 -0.1578
vn 0.9689 0.2274 -0.0979
vn 0.1016 0.3932 0.9138
vn 0.0960 0.2655 0.9593
vn 0.9703 -0.2359 -0.0527
vn 0.9586 -0.2613 -0.1131
vn -0.6930 -0.7001 -0.1720
vn -0.2746 0.6419 -0.7159
vn -0.1372 0.4332 -0.8908
vn -0.0131 -0.2104 0.9775
vn -0.0132 -0.2359 0.9717
vn -0.6496 -0.7454 -0.1499
vn -0.3194 -0.9168 -0.2396
vn -0.7700 -0.6351 -0.0604
vn 0.9346 -0.2697 0.2319
vn 0.2298 0.2273 -0.9463
vn 0.2207 0.2316 -0.9474
vn 0.4954 0.3609 -0.7902
vn 0.0509 0.0546 -0.9972
vn 0.0283 0.0459 -0.9985
vn 0.9192 -0.3892 -0.0604
vn 0.9004 -0.3771 0.2169
vn 0.7922 -0.5832 -0.1797
vn -0.8194 -0.5725 0.0302
vn 0.8191 -0.3487 -0.4555
vn 0.7805 -0.5508 0.2957
vn 0.8167 -0.4911 0.3031
vn -0.2246 -0.0109 -0.9744
vn 0.7464 -0.3445 0.5694
vn 0.7579 -0.1588 0.6327
vn 0.5199 -0.1545 0.8401
vn 0.4823 -0.3074 0.8203
vn -0.0246 -0.2018 -0.9791
vn -0.3064 -0.7654 -0.5659
vn 0.0188 -0.2060 0.9784
vn 0.0019 -0.2316 0.9728
vn 0.0132 -0.2231 0.9747
vn 0.8825 0.4053 -0.2387
vn 0.9320 0.3363 -0.1354
vn 0.9736 -0.1889 -0.1280
vn 0.9739 -0.1632 -0.1578
vn 0.9557 -0.2529 -0.1505
vn 0.9352 -0.3239 -0.1430
vn 0.9172 -0.3690 -0.1505
vn -0.1669 -0.9824 -0.0839
vn -0.3402 -0.9350 -0.1005
vn 0.4160 -0.9078 0.0529
vn 0.4186 -0.9079 0.0227
vn 0.3053 -0.9523 0.0001
vn 0.2945 -0.9549 0.0377
vn -0.0226 0.0196 0.9996
vn -0.2785 0.8499 0.4472
vn 0.3333 -0.0981 0.9377
vn 0.3241 -0.1155 0.9390
vn 0.1504 -0.1025 0.9833
vn 0.1485 0.1156 0.9821
vn 0.5331 -0.0720 -0.8430
vn 0.5931 0.2823 0.7541
vn 0.6314 0.3404 0.6967
vn 0.8118 0.3973 0.4280
vn 0.8060 0.3445 0.4813
vn -0.3512 -0.5617 0.7491
vn -0.5129 -0.7512 0.4155
vn -0.3008 -0.8907 0.3408
vn -0.1630 -0.6486 0.7435
vn -0.0018 0.9969 -0.0785
vn -0.0370 0.9976 -0.0592
vn -0.8673 -0.4683 -0.1689
vn -0.8839 -0.4603 -0.0830
vn -0.8823 -0.4604 -0.0980
vn 0.0396 0.1889 -0.9812
vn 0.0566 0.2104 -0.9760
vn 0.1298 0.1329 0.9826
vn -0.0397 -0.2231 0.9740
vn -0.0284 -0.2316 0.9724
vn -0.0433 -0.2147 0.9757
vn -0.0567 -0.2062 0.9769
vn -0.0698 0.0634 -0.9955
vn -0.0397 0.0633 -0.9972
vn -0.0301 0.0327 -0.9990
vn -0.0377 0.0328 -0.9987
vn -0.9340 -0.2655 -0.2391
vn -0.9179 -0.2990 -0.2609
vn -0.8619 -0.2948 -0.4126
vn -0.8941 -0.2697 -0.3576
vn 0.3335 -0.0021 0.9428
vn 0.2867 -0.0677 0.9556
vn -0.9991 -0.0284 0.0302
vn -0.9975 -0.0371 0.0604
vn 0.4193 -0.9079 0.0000
vn 0.9796 0.1026 0.1727
vn 0.0999 0.1889 -0.9769
vn 0.1035 0.1502 -0.9832
vn 0.9025 0.4291 -0.0377
vn 0.8441 0.5361 -0.0000
vn 0.8245 0.5545 -0.1128
vn 0.8836 0.4409 -0.1578
vn 0.4322 0.6519 -0.6231
vn 0.4206 0.6617 -0.6206
vn 0.2618 -0.7094 0.6543
vn 0.0364 0.9936 0.1073
vn -0.0236 0.9972 0.0703
vn -0.7975 0.0458 0.6015
vn -0.9563 0.0590 0.2865
vn -0.9545 0.0503 0.2939
vn -0.7911 0.0415 0.6103
vn 0.1088 -0.9940 0.0075
vn 0.0902 -0.9950 -0.0440
vn -0.0528 0.0415 -0.9977
vn -0.0453 0.0415 -0.9981
vn -0.4231 -0.2739 0.8637
vn -0.4283 -0.2528 0.8676
vn -0.8529 0.3971 -0.3389
vn 0.0302 0.0153 -0.9994
vn 0.0302 0.0197 -0.9993
vn -0.0038 0.1199 -0.9928
vn 0.0942 0.1846 0.9783
vn 0.0979 0.1458 0.9844
vn 0.1092 0.1846 0.9767
vn 0.3646 0.2486 0.8974
vn 0.3412 0.2739 0.8992
vn 0.3643 0.2991 0.8820
vn 0.0132 -0.1068 0.9942
vn 0.0490 -0.0678 0.9965
vn 0.0603 -0.0327 0.9976
vn 0.1059 -0.0235 0.9941
vn 0.0885 -0.0633 0.9941
vn 0.4927 -0.8161 -0.3019
vn 0.5125 -0.8085 -0.2893
vn 0.4486 -0.7186 -0.5314
vn -0.9691 -0.0065 -0.2467
vn -0.3508 0.8590 -0.3729
vn -0.3967 0.8334 -0.3847
vn -0.8111 -0.2444 -0.5314
vn -0.8492 -0.2275 -0.4766
vn 0.1895 0.0851 0.9782
vn 0.1764 0.0721 0.9817
vn 0.4006 -0.9042 -0.1481
vn 0.1823 -0.9702 -0.1595
vn 0.9933 -0.1024 -0.0529
vn 0.9385 -0.0590 -0.3402
vn 0.9111 -0.0851 -0.4034
vn 0.8917 0.3973 0.2167
vn -0.0321 0.0459 -0.9984
vn -0.7640 -0.6284 0.1464
vn -0.7748 -0.1285 -0.6189
vn -0.8747 -0.1502 -0.4607
vn 0.9370 0.3487 -0.0226
vn 0.4310 -0.8986 -0.0826
vn 0.2031 -0.9723 -0.1158
vn 0.1634 0.0545 -0.9851
vn 0.7689 -0.6319 0.0978
vn 0.3026 -0.2232 0.9266
vn 0.5171 -0.2528 0.8177
vn -0.9985 -0.0547 0.0037
vn 0.0943 0.0764 -0.9926
vn 0.0997 0.0895 -0.9910
vn 0.0942 0.0676 -0.9932
vn 0.0207 0.0633 -0.9978
vn -0.2264 0.0502 0.9727
vn -0.9139 -0.3690 -0.1690
vn 0.5184 0.0848 0.8509
vn 0.1124 0.7821 -0.6130
vn 0.2851 -0.9574 0.0452
vn 0.1231 -0.9902 0.0653
vn 0.1286 -0.9840 0.1233
vn 0.2915 -0.9509 0.1040
vn 0.1653 0.0284 -0.9858
vn -0.1336 0.0894 -0.9870
vn -0.1074 0.0590 -0.9925
vn -0.0075 -0.0152 -0.9999
vn -0.1429 0.1975 0.9698
vn -0.0434 0.2146 0.9757
vn -0.2663 -0.3032 -0.9150
vn -0.3572 -0.3527 -0.8649
vn -0.5749 -0.4758 -0.6656
vn 0.3170 0.1155 0.9414
vn 0.2209 0.0720 0.9726
vn -0.0589 -0.9945 0.0866
vn 0.1813 -0.9824 0.0449
vn -0.5070 -0.8568 -0.0939
vn -0.6596 -0.7512 0.0264
vn -0.6300 -0.7654 -0.1313
vn -0.4666 -0.8522 -0.2367
vn 0.9913 -0.0676 -0.1130
vn 0.9560 -0.2316 -0.1803
vn 0.9408 -0.1975 -0.2755
vn 0.9753 -0.0415 -0.2171
vn -0.3173 -0.9380 0.1396
vn -0.0839 -0.9914 0.1000
vn -0.0889 -0.9936 0.0702
vn -0.2170 0.0415 0.9753
vn -0.2337 0.0502 0.9710
vn -0.7646 -0.5653 -0.3096
vn -0.7508 -0.5760 -0.3233
vn 0.0377 0.0371 0.9986
vn -0.0603 0.0240 0.9979
vn -0.0603 -0.0328 0.9976
vn 0.0000 -0.0021 1.0000
vn 0.0057 0.0590 0.9982
vn -0.9984 0.0327 0.0452
vn -0.9968 0.0764 0.0226
vn -0.9956 0.0719 0.0603
vn -0.9965 0.0372 0.0754
vn -0.5250 -0.8085 0.2660
vn -0.9018 0.3527 0.2498
vn -0.0133 0.1932 -0.9811
vn -0.0000 0.1975 -0.9803
vn -0.0547 -0.0459 0.9974
vn -0.0396 -0.0546 0.9977
vn -0.0395 -0.0547 0.9977
vn -0.0698 -0.0458 0.9965
vn 0.5804 0.0066 0.8143
vn 0.3824 -0.0371 0.9232
vn 0.5536 -0.0590 0.8307
vn -0.0093 0.1803 0.9836
vn -0.0020 0.2274 -0.9738
vn -0.0095 0.2061 -0.9785
vn -0.9731 0.0764 -0.2171
vn -0.9760 0.0808 -0.2023
vn 0.1578 -0.0152 0.9873
vn 0.1093 0.1545 0.9819
vn 0.0905 0.1717 0.9810
vn -0.0585 0.1372 0.9888
vn -0.0283 0.1285 0.9913
vn 0.8487 -0.4331 0.3036
vn 0.1571 0.9832 0.0929
vn 0.1297 0.9832 0.1284
vn 0.0963 0.9914 0.0884
vn -0.6557 -0.7540 0.0378
vn -0.7497 -0.6617 0.0075
vn 0.5715 -0.1502 0.8067
vn 0.5830 -0.1195 0.8036
vn 0.8089 -0.1545 0.5672
vn 0.7958 -0.1975 0.5725
vn -0.0547 -0.1069 0.9928
vn -0.0038 -0.0764 0.9971
vn 0.0378 -0.0982 0.9944
vn 0.0811 -0.0503 0.9954
vn 0.1225 -0.0807 0.9892
vn 0.0660 -0.1112 0.9916
vn -0.1410 -0.2146 0.9665
vn -0.2932 -0.3892 0.8732
vn 0.5280 -0.8476 -0.0528
vn 0.5339 -0.8453 -0.0227
vn -0.0358 -0.0938 0.9949
vn -0.1073 -0.1502 0.9828
vn 0.1279 0.0371 0.9911
vn 0.1393 0.0677 0.9879
vn 0.0377 0.0065 -0.9993
vn -0.9365 -0.3032 -0.1764
vn 0.4191 -0.9079 -0.0076
vn 0.8330 -0.5026 -0.2313
vn 0.8500 -0.5025 -0.1578
vn 0.8861 -0.4331 -0.1652
vn -0.1166 0.5063 -0.8544
vn 0.0659 0.5796 -0.8122
vn 0.0528 -0.0286 -0.9982
vn 0.0377 -0.0284 -0.9989
vn 0.0528 0.0372 -0.9979
vn 0.0302 0.0328 -0.9990
vn 0.0901 0.9862 0.1386
vn -0.1084 0.9781 0.1778
vn -0.1232 0.9876 0.0969
vn 0.1029 0.9930 0.0572
vn 0.3666 0.9254 0.0966
vn 0.3831 0.9237 0.0075
vn 0.6579 0.7512 -0.0527
vn 0.6618 0.7483 0.0452
vn -0.0039 0.1199 -0.9928
vn -0.0509 0.0895 -0.9947
vn 0.0414 0.1242 -0.9914
vn 0.0321 0.1329 -0.9906
vn 0.0472 0.0938 -0.9945
vn 0.0471 0.0852 -0.9953
vn 0.1634 0.0590 -0.9848
vn -0.9371 0.1502 -0.3152
vn -0.9551 0.1329 -0.2647
vn 0.6539 -0.5138 -0.5553
vn -0.9581 -0.0894 -0.2720
vn -0.9541 0.0371 0.2972
vn -0.7823 0.0196 0.6226
vn -0.7821 0.0328 0.6223
vn -0.9651 0.2613 -0.0151
vn -0.9672 0.2528 -0.0264
vn -0.9654 0.2528 0.0641
vn -0.9684 0.2402 0.0679
vn -0.0340 0.1199 -0.9922
vn -0.0133 0.0893 -0.9959
vn -0.0320 0.1112 -0.9933
vn 0.0151 0.1415 -0.9898
vn -0.0453 0.1026 -0.9937
vn 0.1522 0.0938 0.9839
vn 0.1616 0.0720 0.9842
vn -0.6941 -0.7032 -0.1537
vn -0.6926 -0.7064 -0.1461
vn -0.6058 -0.7847 -0.1313
vn 0.7512 0.5361 -0.3851
vn 0.8246 0.5544 -0.1129
vn 0.9830 -0.1241 0.1354
vn 0.9882 -0.1286 -0.0829
vn 0.1661 0.8657 0.4723
vn 0.1518 0.6715 0.7253
vn 0.0829 0.1025 -0.9913
vn 0.0904 0.1025 -0.9906
vn 0.1093 0.0677 -0.9917
vn 0.6575 -0.4949 0.5681
vn 0.1914 0.1199 0.9742
vn -0.1597 -0.1458 0.9763
vn -0.0339 -0.1199 0.9922
vn -0.1447 -0.1502 0.9780
vn -0.4121 0.0502 0.9098
vn -0.1895 0.0459 0.9808
vn -0.2023 0.0417 0.9784
vn -0.4577 0.0371 0.8883
vn -0.1577 0.0415 0.9866
vn 0.0264 -0.2060 -0.9782
vn -0.6106 -0.0240 0.7916
vn -0.5925 -0.0240 0.8052
vn -0.9930 0.1154 -0.0265
vn -0.9905 0.1372 -0.0038
vn -0.9964 0.0851 -0.0037
vn -0.9935 0.0502 0.1017
vn -0.9933 0.0720 0.0905
vn -0.8849 -0.1285 -0.4477
vn -0.4017 -0.7246 0.5599
vn -0.4706 -0.8613 0.1918
vn 0.4692 0.1155 0.8755
vn -0.0001 0.9981 -0.0611
vn 0.0566 -0.2061 0.9769
vn 0.0510 0.0502 -0.9974
vn 0.0547 -0.1631 -0.9851
vn -0.0623 0.1760 0.9824
vn -0.0361 0.1633 0.9859
vn -0.0302 0.1460 0.9888
vn -0.0569 0.1591 0.9856
vn 0.2025 -0.0153 0.9792
vn 0.2025 0.0109 0.9792
vn 0.1429 0.0196 0.9895
vn -0.9475 0.0241 0.3189
vn -0.8224 0.0372 0.5677
vn -0.8406 0.0459 0.5398
vn 0.0150 0.1459 0.9892
vn -0.5238 0.0023 0.8518
vn 0.7628 -0.0371 0.6455
vn 0.9247 -0.1846 0.3330
vn 0.9174 -0.0371 0.3963
vn 0.7634 -0.6385 -0.0979
vn 0.8171 -0.5654 -0.1130
vn 0.2480 0.2571 0.9340
vn 0.9486 0.3073 -0.0754
vn 0.9584 0.2654 -0.1054
vn -0.8107 -0.4873 0.3245
vn -0.6693 -0.4251 0.6093
vn 0.0717 0.0720 -0.9948
vn -0.0020 0.0546 -0.9985
vn -0.0716 -0.9870 0.1442
vn 0.1355 -0.2188 0.9663
vn -0.2645 0.9536 0.1440
vn -0.3439 0.9286 0.1394
vn -0.9276 -0.1372 -0.3475
vn -0.9448 0.0327 -0.3261
vn 0.6030 -0.5832 -0.5443
vn 0.7679 -0.4835 -0.4201
vn -0.9803 0.0808 -0.1800
vn -0.0715 0.3156 -0.9462
vn -0.0509 0.2359 -0.9704
vn -0.0697 0.2443 -0.9672
vn -0.0604 0.3073 -0.9497
vn -0.0923 0.0633 0.9937
vn -0.0340 0.0677 0.9971
vn 0.0001 -0.0109 -0.9999
vn -0.3284 -0.7541 -0.5688
vn -0.2634 -0.8927 -0.3657
vn -0.4050 -0.8406 -0.3596
vn -0.0999 0.1112 0.9888
vn -0.9275 -0.1545 -0.3403
vn -0.9532 -0.1458 -0.2649
vn -0.5329 0.8111 0.2411
vn -0.5336 0.8136 0.2307
vn -0.2318 -0.2189 0.9478
vn -0.1913 -0.2990 0.9349
vn -0.0905 -0.2401 0.9665
vn -0.1224 -0.1459 0.9817
vn 0.6480 0.1804 -0.7400
vn 0.3786 0.4013 -0.8340
vn 0.6755 0.5175 -0.5253
vn 0.1578 -0.0415 -0.9866
vn 0.3751 -0.1975 -0.9057
vn -0.9793 0.1846 0.0829
vn -0.9805 0.1631 0.1092
vn -0.9894 0.1242 0.0755
vn 0.7798 0.3487 0.5199
vn 0.9207 0.2443 0.3044
vn 0.7928 0.2571 0.5527
vn 0.7463 0.6485 0.1499
vn 0.7130 0.6780 0.1790
vn 0.3316 0.0459 0.9423
vn 0.3188 -0.0415 0.9469
vn 0.3684 0.0372 0.9289
vn 0.3168 -0.6485 0.6921
vn 0.3548 -0.8358 0.4189
vn 0.2567 -0.7125 0.6531
vn -0.9149 -0.2231 -0.3366
vn 0.9219 -0.1717 -0.3472
vn -0.1673 0.0592 0.9841
vn -0.1691 0.0720 0.9830
vn -0.1618 0.0677 0.9845
vn -0.1448 0.0546 0.9879
vn 0.3658 0.3115 0.8770
vn 0.1634 0.0633 -0.9845
vn 0.2830 0.0240 -0.9588
vn 0.3403 0.0197 -0.9401
vn 0.1932 0.0633 -0.9791
vn -0.8841 0.3321 -0.3288
vn -0.8985 0.2739 -0.3431
vn 0.9556 0.2655 -0.1278
vn 0.9632 0.1849 -0.1953
vn 0.9652 0.1459 -0.2170
vn 0.0302 -0.0021 0.9995
vn -0.0094 -0.0634 0.9979
vn -0.9645 -0.1328 -0.2281
vn 0.8232 0.5361 0.1871
vn 0.6669 0.7156 0.2080
vn 0.8509 -0.4643 -0.2459
vn 0.3577 0.2986 0.8848
vn 0.0041 -0.9999 0.0124
vn -0.0038 -0.9883 0.1522
vn -0.9924 0.1025 -0.0679
vn -0.9368 0.3486 0.0302
vn -0.9609 0.2739 0.0415
vn -0.9975 0.0372 -0.0604
vn 0.9562 -0.2865 0.0604
vn 0.1801 0.0371 -0.9829
vn 0.2246 0.0287 -0.9740
vn -0.2173 -0.0109 -0.9761
vn -0.2025 -0.0022 -0.9793
vn 0.1707 0.0632 0.9833
vn 0.1766 0.0720 0.9817
vn -0.1150 -0.9318 -0.3442
vn 0.0528 -0.3486 -0.9358
vn -0.3063 0.0590 -0.9501
vn -0.1486 0.0851 -0.9852
vn 0.9309 0.2697 0.2462
vn 0.9754 0.1975 0.0980
vn 0.9205 0.2359 0.3114
vn -0.0604 -0.1418 0.9881
vn -0.0792 -0.1242 0.9891
vn 0.4975 0.0981 -0.8619
vn 0.0169 -0.1631 0.9865
vn -0.5955 0.0677 -0.8005
vn 0.9623 0.0764 -0.2611
vn 0.1447 -0.9733 -0.1781
vn -0.9788 0.2018 -0.0340
vn -0.9605 0.2697 -0.0678
vn -0.0189 0.1242 -0.9921
vn 0.1486 0.0503 0.9876
vn 0.1633 0.0591 0.9848
vn 0.1635 0.0502 0.9853
vn -0.3384 0.0938 0.9363
vn -0.1242 0.0807 0.9890
vn -0.4848 -0.8700 -0.0902
vn -0.4861 -0.8657 -0.1198
vn -0.5295 -0.8261 0.1927
vn -0.3076 -0.9349 0.1768
vn -0.4745 0.8334 0.2833
vn -0.5065 0.8407 0.1913
vn 0.9719 0.1067 0.2097
vn 0.0604 -0.0284 -0.9978
vn 0.1392 0.0677 0.9880
vn 0.1449 0.0851 0.9858
vn 0.3050 -0.9522 -0.0152
vn 0.0038 0.0807 -0.9967
vn 0.0509 0.0589 -0.9970
vn 0.0057 0.0546 -0.9985
vn -0.9602 0.0894 -0.2646
vn -0.1882 -0.9509 -0.2456
vn 0.1266 -0.9186 -0.3745
vn -0.2903 0.0109 0.9569
vn -0.3335 0.0109 0.9427
vn -0.2758 -0.0109 0.9612
vn 0.5537 -0.0589 0.8307
vn 0.7764 0.0458 0.6285
vn 0.0189 0.0720 0.9972
vn 0.0378 -0.0197 0.9991
vn 0.1988 0.1199 0.9727
vn 0.3241 0.1502 0.9340
vn 0.9676 -0.1155 -0.2244
vn 0.9342 -0.1069 -0.3404
vn 0.9154 -0.1025 -0.3894
vn -0.5346 0.8187 0.2098
vn -0.4997 0.8033 0.3240
vn -0.5426 0.0328 0.8394
vn 0.4189 -0.9079 -0.0152
vn 0.0257 -0.9976 -0.0649
vn -0.0188 0.2103 -0.9775
vn -0.0226 0.2231 -0.9745
vn 0.0679 0.0328 -0.9972
vn -0.9826 0.0589 -0.1764
vn -0.9807 0.0764 -0.1801
vn -0.2282 0.0764 -0.9706
vn 0.9753 -0.0678 -0.2101
vn 0.9321 -0.1846 -0.3116
vn 0.3019 -0.4487 -0.8411
vn 0.4539 -0.6584 -0.6003
vn 0.5010 -0.6215 -0.6022
vn 0.9348 0.3367 0.1127
vn -0.0473 -0.1069 0.9931
vn 0.1242 0.2697 0.9549
vn 0.0642 0.1545 0.9859
vn -0.9484 0.1631 0.2720
vn -0.9495 0.1846 0.2538
vn 0.0073 0.2403 -0.9707
vn -0.2392 -0.0284 0.9706
vn -0.8179 0.0415 -0.5738
vn -0.0471 0.0633 -0.9969
vn 0.0358 0.0589 -0.9976
vn -0.0322 0.0544 -0.9980
vn -0.4181 -0.2613 0.8700
vn -0.3134 -0.2018 0.9279
vn -0.7253 -0.2907 0.6240
vn -0.8155 -0.3198 0.4824
vn 0.1579 -0.1674 -0.9731
vn 0.3296 -0.2060 -0.9214
vn 0.8716 -0.0764 -0.4843
vn 0.0639 -0.1588 0.9852
vn 0.0264 -0.0720 0.9971
vn -0.1485 0.0939 -0.9844
vn -0.1467 0.0720 -0.9865
vn -0.0905 -0.0153 -0.9958
vn -0.0980 -0.0108 -0.9951
vn -0.0321 -0.0458 -0.9984
vn -0.2538 -0.0372 0.9665
vn -0.1055 0.0416 -0.9935
vn 0.9488 -0.1975 0.2465
vn 0.3837 0.9220 -0.0526
vn -0.4172 -0.0109 -0.9087
vn -0.9920 -0.0634 -0.1092
vn -0.4823 -0.7186 -0.5010
vn -0.9604 0.2528 0.1168
vn -0.9682 0.2231 0.1130
vn -0.0472 0.1760 0.9833
vn -0.1018 -0.1846 0.9775
vn -0.2428 -0.2655 0.9330
vn -0.2629 0.0634 0.9628
vn -0.9768 0.0590 -0.2061
vn -0.9697 0.0764 -0.2319
vn -0.1297 0.4013 -0.9067
vn 0.3117 0.1025 0.9446
vn 0.0698 -0.6812 -0.7288
vn -0.0227 -0.6385 -0.7693
vn -0.9693 0.2316 0.0829
vn -0.9750 0.2189 0.0377
vn 0.8797 -0.1025 -0.4643
vn -0.8775 -0.4758 -0.0603
vn -0.8645 -0.4797 -0.1503
vn -0.0453 -0.1975 0.9793
vn -0.0377 -0.2189 0.9750
vn -0.0811 -0.2697 0.9595
vn -0.2333 -0.9670 -0.1027
vn -0.1392 -0.1545 0.9781
vn -0.4437 0.8887 0.1153
vn -0.3164 0.9482 0.0301
vn 0.6694 -0.6485 -0.3625
vn 0.7809 -0.5832 -0.2236
vn 0.7283 -0.5761 -0.3711
vn 0.1447 0.2359 0.9610
vn 0.0905 0.1975 0.9761
vn 0.1800 0.9496 0.2567
vn 0.1676 0.9496 0.2651
vn 0.1625 0.9702 0.1797
vn 0.1679 0.9702 0.1746
vn -0.0700 -0.0457 0.9965
vn -0.0754 -0.0196 0.9970
vn 0.2306 0.5973 -0.7682
vn 0.1478 0.6907 -0.7078
vn -0.0699 0.1114 -0.9913
vn -0.1112 0.0894 -0.9898
vn -0.0923 0.0633 -0.9937
vn -0.0509 0.0938 -0.9943
vn -0.1765 0.0764 0.9813
vn -0.1914 0.0676 0.9792
vn -0.2776 -0.2442 0.9291
vn -0.2647 -0.1242 0.9563
vn -0.3099 -0.1631 0.9367
vn -0.8982 0.1587 -0.4099
vn 0.9853 -0.0938 0.1429
vn 0.0679 0.1415 -0.9876
vn 0.0829 0.1460 -0.9858
vn 0.9789 -0.0284 0.2024
vn 0.9757 -0.0633 0.2096
vn -0.5108 0.0109 0.8596
vn 0.9569 -0.1112 -0.2684
vn 0.9604 -0.1545 -0.2320
vn 0.8942 -0.3073 -0.3255
vn 0.1662 -0.7598 -0.6286
vn 0.1930 -0.5025 0.8427
vn -0.0397 -0.0546 0.9977
vn -0.0264 -0.0676 0.9974
vn -0.0115 -0.0764 0.9970
vn -0.0246 -0.0633 0.9977
vn -0.1292 0.7626 0.6339
vn -0.1950 -0.0981 -0.9759
vn -0.1504 -0.0982 -0.9837
vn -0.0998 -0.0632 0.9930
vn -0.0226 -0.0022 0.9997
vn 0.2502 0.0764 -0.9652
vn 0.2264 0.0851 -0.9703
vn 0.0358 0.0546 -0.9979
vn -0.0000 0.0415 -0.9991
vn -0.8961 -0.3932 -0.2059
vn -0.6642 -0.6875 -0.2935
vn -0.6428 -0.7186 -0.2653
vn -0.8966 -0.4013 -0.1875
vn 0.2846 -0.1329 -0.9494
vn 0.0755 -0.1674 -0.9830
vn 0.3559 0.8085 -0.4687
vn 0.2061 0.8966 -0.3920
vn 0.3332 0.0240 -0.9425
vn 0.2557 0.1285 -0.9582
vn 0.0547 -0.2104 -0.9761
vn -0.0546 0.2274 -0.9723
vn -0.0547 0.2274 -0.9723
vn 0.8267 0.4911 -0.2744
vn 0.0811 -0.3973 0.9141
vn -0.5490 0.8033 0.2309
vn 0.2591 -0.9658 -0.0076
vn -0.3116 0.1068 -0.9442
vn 0.0397 -0.8382 -0.5439
vn 0.6241 0.7246 -0.2922
vn 0.6984 0.7125 -0.0677
vn 0.1503 0.0415 0.9878
vn 0.1261 0.0590 0.9903
vn -0.5470 -0.7306 -0.4086
vn -0.4249 -0.7928 -0.4369
vn -0.9775 -0.1674 -0.1281
vn -0.1715 0.8701 0.4621
vn 0.3608 -0.5796 0.7306
vn -0.9727 0.0066 0.2319
vn -0.3930 -0.1803 0.9017
vn -0.7025 -0.2103 0.6799
vn -0.7868 -0.2231 0.5754
vn -0.4832 -0.2571 0.8369
vn -0.3118 -0.0284 0.9497
vn -0.3244 -0.0851 0.9421
vn -0.4257 -0.0503 -0.9035
vn -0.4206 -0.0678 -0.9047
vn -0.7823 0.0197 0.6225
vn -0.9668 0.1285 -0.2210
vn -0.0019 0.0459 0.9989
vn -0.0848 0.0633 0.9944
vn -0.0642 0.0677 0.9956
vn 0.0359 0.0501 0.9981
vn -0.2072 0.5471 0.8110
vn -0.2128 0.5063 0.8357
vn -0.3988 0.7336 0.5503
vn -0.3769 0.7682 0.5175
vn -0.9932 -0.0285 -0.1129
vn 0.8894 -0.4448 0.1055
vn 0.9155 -0.3731 0.1504
vn 0.6016 -0.7928 0.0978
vn 0.0846 0.6780 0.7302
vn 0.0452 0.2949 0.9545
vn -0.0057 0.6715 0.7410
vn 0.1616 0.1588 0.9740
vn 0.1299 0.1328 0.9826
vn 0.1000 0.1374 0.9855
vn 0.1262 0.1761 0.9763
vn 0.2117 0.2527 0.9441
vn -0.9993 -0.0328 -0.0151
vn -0.9964 0.0153 0.0830
vn -0.1503 -0.0415 0.9878
vn -0.0754 -0.0327 -0.9966
vn -0.6160 -0.6580 -0.4330
vn 0.0206 0.2444 -0.9694
vn 0.0056 0.2060 -0.9785
vn 0.0409 0.9855 0.1646
vn -0.8067 -0.5653 0.1725
vn -0.8171 -0.5760 0.0227
vn -0.7832 -0.6215 0.0151
vn -0.7818 -0.6043 0.1539
vn -0.4210 -0.3032 0.8549
vn -0.1952 -0.1931 0.9616
vn -0.1950 -0.1717 0.9657
vn 0.7594 0.4330 0.4856
vn 0.5430 0.3527 0.7621
vn 0.5534 0.3568 0.7526
vn 0.7544 0.4487 0.4791
vn -0.2023 0.0371 -0.9786
vn -0.2116 0.0590 -0.9756
vn -0.2974 -0.0197 -0.9545
vn 0.9393 -0.3363 -0.0678
vn 0.9774 -0.2103 0.0227
vn -0.4875 0.2571 -0.8344
vn -0.9020 0.4213 0.0940
vn 0.2304 -0.9713 -0.0598
vn -0.3755 0.0371 0.9261
vn -0.1801 0.0415 0.9828
vn 0.9604 -0.1156 0.2537
vn 0.0056 0.9862 0.1652
vn -0.2584 0.9454 0.1989
vn 0.1887 -0.9781 -0.0879
vn 0.2232 -0.9743 -0.0302
vn 0.6323 -0.5938 -0.4976
vn -0.9693 0.2444 -0.0264
vn 0.9908 0.0064 -0.1354
vn 0.1167 0.0676 -0.9909
vn -0.8056 -0.5324 -0.2601
vn -0.7541 -0.5867 -0.2950
vn -0.7923 -0.5617 -0.2384
vn -0.6402 0.0021 0.7682
vn -0.3475 0.0153 0.9376
vn -0.6739 0.0371 0.7379
vn -0.9426 -0.2655 -0.2025
vn -0.9784 -0.1975 -0.0603
vn 0.9804 0.0283 0.1950
vn 0.2024 0.0240 0.9790
vn 0.2831 0.0022 0.9591
vn -0.4814 -0.8764 -0.0151
vn 0.0735 0.1155 -0.9906
vn 0.0773 0.0895 -0.9930
vn 0.1746 0.0938 0.9802
vn -0.3136 -0.1111 0.9430
vn 0.3406 -0.9286 -0.1472
vn 0.2771 -0.9536 0.1178
vn -0.7250 -0.3609 0.5867
vn -0.4299 -0.2401 0.8704
vn 0.5394 0.2061 0.8164
vn -0.2318 -0.0372 -0.9720
vn -0.4118 -0.0633 -0.9091
vn -0.7529 0.0415 0.6569
vn -0.4909 0.0328 0.8706
vn -0.7915 0.0284 0.6105
vn 0.0416 0.1589 -0.9864
vn 0.0226 0.1069 -0.9940
vn 0.0246 0.1372 -0.9902
vn 0.3365 0.0719 -0.9389
vn 0.3633 0.0850 -0.9278
vn 0.2720 0.0808 -0.9589
vn 0.2557 0.0851 -0.9630
vn 0.0660 0.0502 0.9966
vn 0.0735 0.1803 0.9809
vn 0.7535 0.0022 -0.6574
vn 0.4973 0.0415 -0.8666
vn 0.4443 0.0328 -0.8953
vn 0.7377 -0.5398 0.4056
vn 0.2811 -0.7626 0.5826
vn 0.9570 0.2781 -0.0829
vn 0.9672 0.2274 -0.1129
vn 0.0735 0.4874 -0.8701
vn -0.0095 0.3281 -0.9446
vn -0.0283 0.1631 -0.9862
vn -0.0264 0.1545 -0.9876
vn -0.0226 0.1717 -0.9849
vn -0.5778 -0.7032 -0.4142
vn 0.2767 -0.9509 0.1386
vn 0.2492 -0.8966 0.3661
vn -0.1355 0.0328 -0.9902
vn -0.0602 0.0415 -0.9973
vn -0.0340 0.0676 -0.9971
vn -0.1149 0.0590 -0.9916
vn 0.4757 -0.8334 -0.2812
vn 0.3244 -0.9004 -0.2898
vn 0.3928 -0.8033 -0.4476
vn 0.4509 -0.7454 -0.4910
vn -0.0227 0.1068 -0.9940
vn -0.0661 0.0851 -0.9942
vn -0.0603 0.0981 -0.9933
vn 0.0603 0.0284 -0.9978
vn 0.0660 0.0502 -0.9966
vn 0.0492 0.0676 -0.9965
vn 0.0674 -0.9958 -0.0621
vn -0.1535 -0.9870 -0.0487
vn -0.2897 -0.7001 -0.6526
vn 0.9056 -0.0066 -0.4241
vn 0.0697 0.0895 -0.9935
vn 0.0585 0.1502 -0.9869
vn -0.5474 0.8161 0.1850
vn -0.5623 0.8034 0.1957
vn -0.0018 -0.3771 0.9262
vn -0.2056 -0.5508 0.8089
vn -0.2006 -0.2528 0.9465
vn 0.0603 0.1025 -0.9929
vn 0.0961 0.0589 -0.9936
vn -0.3941 -0.8985 -0.1933
vn -0.4499 -0.8927 -0.0265
vn -0.3475 -0.9350 -0.0713
vn 0.9998 0.0192 0.0077
vn -0.9948 0.0679 0.0754
vn -0.9196 -0.3032 0.2499
vn 0.9381 0.3118 -0.1506
vn 0.9484 0.3156 0.0302
vn -0.8462 -0.4835 -0.2241
vn -0.0113 -0.1545 0.9879
vn 0.1185 0.0634 -0.9909
vn 0.5398 0.8085 0.2343
vn 0.1205 -0.0371 0.9920
vn -0.9984 0.0546 0.0113
vn 0.1505 0.0197 0.9884
vn 0.1690 -0.0721 0.9830
vn -0.4222 -0.9004 -0.1047
vn -0.0112 0.1587 0.9873
vn -0.1205 0.1024 -0.9874
vn -0.0359 0.1674 -0.9852
vn 0.3275 0.2359 0.9150
vn 0.4146 0.2444 0.8766
vn 0.9990 0.0240 -0.0378
vn 0.9987 -0.0241 -0.0453
vn -0.0661 -0.2103 -0.9754
vn -0.1260 -0.2359 -0.9636
vn 0.9915 0.0852 0.0981
vn 0.9541 0.1803 0.2390
vn 0.9727 0.1631 0.1654
vn 0.9947 0.1025 0.0076
vn 0.9915 0.0764 -0.1055
vn -0.0528 -0.1717 0.9837
vn -0.0829 -0.1717 0.9816
vn -0.1054 0.0415 0.9936
vn -0.9717 0.1156 -0.2060
vn -0.6647 -0.2401 -0.7074
vn -0.9911 0.0938 0.0942
vn -0.9808 0.1501 0.1242
vn 0.0437 0.3409 -0.9391
vn 0.1166 -0.5796 -0.8065
vn 0.0585 -0.2949 -0.9537
vn 0.0189 -0.3892 -0.9209
vn 0.0547 -0.6650 -0.7449
vn -0.8914 -0.1932 -0.4101
vn -0.0528 0.0415 0.9977
vn 0.6873 0.7001 0.1936
vn 0.9711 0.2061 0.1204
vn 0.9802 0.1975 0.0151
vn 0.6852 0.7001 0.2009
vn -0.3339 -0.3771 -0.8639
vn -0.1559 -0.2359 -0.9592
vn -0.1987 -0.2655 -0.9434
vn -0.1760 0.4987 -0.8487
vn -0.1148 0.3892 -0.9140
vn -0.8711 -0.4330 0.2315
vn -0.8636 -0.4835 0.1429
vn -0.0377 0.1069 -0.9936
vn 0.0471 0.1674 -0.9848
vn -0.0378 0.0372 -0.9986
vn -0.0792 0.0764 -0.9939
vn -0.0961 0.0895 -0.9913
vn 0.0999 0.9807 0.1679
vn 0.0528 0.1415 -0.9885
vn -0.1354 -0.0371 0.9901
vn -0.5184 0.0633 0.8528
vn -0.2253 0.9670 -0.1192
vn 0.0113 -0.9334 0.3587
vn -0.9822 0.0021 0.1877
vn -0.8955 0.0241 0.4444
vn -0.9951 0.0154 0.0981
vn 0.1430 0.0066 -0.9897
vn 0.1727 0.0154 -0.9849
vn 0.9346 -0.2061 0.2901
vn 0.9952 0.0022 -0.0980
vn 0.9900 0.0938 -0.1055
vn 0.3029 -0.9523 -0.0377
vn 0.2994 -0.9523 -0.0600
vn -0.2082 -0.2150 0.9542
vn -0.2244 -0.2401 0.9445
vn 0.9264 -0.2401 0.2899
vn 0.0453 -0.0065 -0.9990
vn 0.0604 0.0153 -0.9981
vn 0.1745 0.0851 -0.9810
vn -0.0260 0.9840 0.1763
vn 0.0076 0.9816 0.1908
vn 0.7268 0.6418 0.2445
vn 0.9721 -0.1588 0.1727
vn 0.9954 0.0589 0.0754
vn -0.5085 0.8334 0.2163
vn -0.9986 -0.0023 0.0528
vn 0.0378 0.0153 -0.9992
vn 0.3560 0.0938 0.9297
vn 0.3528 0.0502 0.9343
vn 0.2956 0.0590 0.9535
vn 0.9921 0.0677 -0.1056
vn -0.9660 -0.1889 -0.1765
vn -0.1498 0.6683 -0.7287
vn -0.1940 0.9060 -0.3761
vn 0.0057 0.9318 -0.3629
vn -0.5936 0.7901 0.1528
vn -0.7528 0.6419 0.1461
vn -0.4650 0.8847 -0.0339
vn -0.9858 0.0458 0.1617
vn 0.1369 -0.7425 -0.6557
vn -0.0414 -0.1246 0.9913
vn 0.1093 0.0677 0.9917
vn 0.1280 0.0373 0.9911
vn -0.5119 -0.8590 0.0075
vn 0.1794 -0.6876 0.7036
vn 0.0904 -0.6618 0.7442
vn 0.0075 0.0415 -0.9991
vn 0.4410 -0.4987 0.7462
vn 0.6984 -0.5508 0.4571
vn 0.5763 0.4488 -0.6830
vn 0.3658 0.3115 -0.8770
vn 0.4011 0.1803 -0.8981
vn 0.6395 0.2486 -0.7275
vn -0.0321 -0.0503 -0.9982
vn -0.1036 -0.0895 -0.9906
vn -0.1167 -0.0677 -0.9909
vn -0.0378 -0.0153 -0.9992
vn 0.6309 -0.7598 0.1570
vn 0.5995 -0.7981 0.0604
vn 0.6457 0.3074 0.6990
vn 0.8117 0.3486 0.4686
vn -0.0056 -0.1285 0.9917
vn -0.8718 0.4873 0.0490
vn -0.8371 0.5250 0.1538
vn -0.8240 0.5544 0.1166
vn 0.0947 0.9302 0.3546
vn 0.3277 0.8847 0.3316
vn 0.2194 0.6485 0.7289
vn 0.1112 0.0458 -0.9927
vn 0.1279 0.0372 -0.9911
vn -0.1392 0.0764 0.9873
vn -0.1464 0.0723 0.9866
vn 0.9482 -0.2906 0.1279
vn -0.0188 0.0720 -0.9972
vn 0.0132 0.0459 -0.9989
vn 0.4524 -0.7597 -0.4671
vn 0.4364 -0.7738 -0.4591
vn -0.1144 -0.9691 -0.2183
vn -0.1739 -0.9743 -0.1432
vn 0.1129 -0.1414 0.9835
vn 0.0490 -0.1847 0.9816
vn 0.2793 -0.2274 -0.9329
vn -0.5953 -0.0720 -0.8002
vn -0.6144 -0.0938 -0.7834
vn 0.9929 0.0677 -0.0981
vn 0.1653 0.1025 -0.9809
vn 0.1055 0.0196 -0.9942
vn 0.1205 0.0152 -0.9926
vn 0.2098 -0.1025 -0.9724
vn 0.1877 -0.1372 -0.9726
vn 0.2061 -0.1588 -0.9656
vn -0.3764 -0.4873 -0.7880
vn -0.3607 -0.5025 -0.7857
vn -0.5258 -0.6351 -0.5658
vn -0.1262 0.0851 -0.9884
vn 0.1074 -0.2146 0.9708
vn -0.0773 0.1112 0.9908
vn -0.0886 0.1329 0.9872
vn 0.4975 -0.0371 -0.8667
vn 0.5737 -0.0415 -0.8180
vn 0.9370 0.3281 -0.1203
vn -0.0151 0.0109 -0.9998
vn -0.4345 -0.4950 0.7525
vn -0.2503 0.0676 0.9658
vn 0.7313 -0.1415 0.6672
vn 0.8450 0.0720 0.5299
vn -0.9870 0.0459 -0.1542
vn 0.1989 -0.7654 0.6120
vn 0.2569 -0.8867 0.3844
vn 0.9801 -0.0372 0.1949
vn -0.1130 0.3852 0.9159
vn -0.0302 0.2232 0.9743
vn -0.7078 0.0590 0.7039
vn -0.3154 0.0720 0.9462
vn -0.1168 0.0720 0.9905
vn 0.5451 -0.5760 -0.6091
vn -0.0452 0.1415 0.9889
vn 0.2300 0.0632 -0.9711
vn 0.2665 0.0633 -0.9618
vn 0.2042 0.0895 -0.9748
vn 0.1820 0.0895 -0.9792
vn 0.4240 -0.0240 -0.9053
vn -0.9848 -0.0196 0.1728
vn -0.9921 -0.0677 0.1056
vn -0.4731 -0.8764 -0.0902
vn -0.5345 -0.8261 0.1784
vn 0.0509 0.0633 -0.9967
vn -0.8577 -0.2823 0.4298
vn -0.5788 -0.3281 0.7466
vn 0.6686 -0.5724 -0.4746
vn 0.1503 -0.0415 0.9878
vn 0.1784 -0.0503 0.9827
vn -0.2025 0.0110 -0.9792
vn -0.3929 0.7095 0.5850
vn -0.4308 -0.0284 -0.9020
vn 0.1054 0.1458 0.9837
vn 0.3588 0.3115 0.8799
vn 0.3642 0.2865 0.8862
vn -0.3613 0.0415 -0.9315
vn 0.0093 0.9902 0.1391
vn -0.0521 0.9925 0.1104
vn -0.4476 -0.4370 0.7802
vn 0.9719 -0.1975 -0.1279
vn 0.9034 -0.3609 -0.2316
vn -0.3896 -0.0153 -0.9209
vn -0.5427 -0.0981 -0.8342
vn -0.4273 -0.3568 0.8307
vn -0.4386 -0.3892 0.8100
vn -0.5318 0.0459 0.8456
vn 0.1913 0.0764 -0.9785
vn 0.9488 0.3157 -0.0151
vn -0.9529 -0.1415 -0.2683
vn -0.2080 0.0895 0.9740
vn -0.1429 0.1025 0.9844
vn -0.2846 -0.8310 0.4779
vn -0.0564 -0.9425 0.3295
vn 0.7969 -0.2823 0.5341
vn 0.1614 0.2104 0.9642
vn 0.0605 0.0241 0.9979
vn -0.0227 -0.0328 0.9992
vn -0.1111 0.1329 0.9849
vn -0.0793 0.1545 0.9848
vn 0.1162 -0.9925 0.0373
vn -0.0208 0.1674 0.9857
vn -0.0170 0.1803 0.9835
vn -0.0716 0.0763 -0.9945
vn 0.4375 0.0328 0.8986
vn 0.4036 0.0022 0.9150
vn 0.6146 0.0633 0.7863
vn 0.6569 0.0982 0.7476
vn -0.0471 -0.1760 -0.9833
vn -0.0453 -0.1932 -0.9801
vn 0.0245 0.1372 -0.9902
vn 0.0938 0.2313 -0.9684
vn 0.5205 -0.8523 0.0528
vn -0.1447 -0.0633 0.9874
vn 0.1055 0.0371 0.9937
vn 0.0566 0.0764 0.9955
vn 0.0998 0.0851 0.9914
vn 0.6455 -0.0371 -0.7628
vn -0.1653 0.0415 -0.9854
vn 0.3008 -0.2655 0.9160
vn -0.9399 0.0284 0.3404
vn 0.4033 -0.6747 -0.6181
vn 0.3841 -0.7126 -0.5871
vn -0.1074 0.0502 0.9929
vn -0.0999 0.0502 0.9937
vn 0.4945 -0.0677 0.8666
vn -0.0113 0.1847 -0.9827
vn 0.9568 -0.1932 0.2173
vn 0.9961 0.0459 0.0755
vn 0.4510 -0.8334 -0.3193
vn -0.0923 0.0503 0.9945
vn -0.7923 -0.5831 -0.1797
vn -0.7954 -0.5832 -0.1650
vn -0.7548 -0.6385 -0.1501
vn -0.7546 -0.6351 -0.1650
vn -0.4709 0.8613 0.1910
vn 0.1877 0.0022 -0.9822
vn 0.2171 0.0284 -0.9757
vn 0.6336 -0.1025 -0.7669
vn 0.9587 0.2697 -0.0904
vn 0.9771 0.1889 -0.0980
vn -0.8152 -0.5138 -0.2673
vn -0.8428 -0.4911 -0.2203
vn -0.2057 -0.5508 0.8089
vn 0.0019 -0.2359 0.9718
vn 0.9257 0.3772 0.0302
vn 0.9915 -0.1112 -0.0679
vn 0.9935 -0.0851 -0.0755
vn -0.5524 0.8085 0.2028
vn 0.8948 -0.4053 -0.1873
vn 0.9021 -0.3731 -0.2170
vn 0.5873 0.0938 -0.8039
vn 0.5472 0.0633 -0.8346
vn -0.0283 -0.2359 -0.9714
vn -0.0509 -0.2528 -0.9662
vn -0.5924 -0.7715 -0.2323
vn -0.4756 -0.8500 -0.2265
vn -0.9075 -0.3812 -0.1764
vn -0.5189 -0.8286 -0.2104
vn 0.0641 -0.1242 0.9902
vn 0.0904 -0.0109 -0.9958
vn 0.1355 0.0022 -0.9908
vn -0.0338 0.0763 0.9965
vn -0.0339 0.0764 0.9965
vn -0.0037 0.0808 0.9967
vn 0.1130 -0.4835 -0.8680
vn 0.1696 -0.8033 -0.5709
vn -0.3906 -0.2444 0.8875
vn -0.4077 -0.2359 0.8821
vn -0.8066 0.3650 0.4650
vn 0.0697 0.1932 -0.9787
vn 0.1205 0.0284 -0.9923
vn -0.1950 0.0239 0.9805
vn 0.3454 -0.9318 0.1114
vn 0.9285 -0.2018 0.3117
vn 0.9261 -0.2018 0.3189
vn 0.9337 -0.1760 0.3117
vn 0.9322 -0.1846 0.3115
vn 0.2480 0.1675 0.9542
vn 0.3601 -0.9318 0.0452
vn -0.7402 0.3690 -0.5621
vn -0.8532 0.4052 -0.3284
vn -0.0376 0.1069 -0.9936
vn -0.5504 -0.0589 -0.8328
vn -0.0322 0.2018 0.9789
vn 0.1092 0.1198 -0.9868
vn 0.0736 0.0458 -0.9962
vn 0.2262 0.1931 -0.9547
vn -0.7423 -0.6617 0.1055
vn -0.0378 -0.1674 0.9852
vn -0.0188 0.1846 -0.9826
vn 0.9238 0.2990 0.2391
vn -0.9986 0.0462 0.0267
vn -0.6339 0.0415 -0.7723
vn 0.1856 0.1803 0.9659
vn 0.1986 0.1847 0.9625
vn -0.2503 0.0677 -0.9658
vn 0.3998 0.1546 0.9035
vn -0.9813 0.0981 -0.1654
vn -0.9882 0.0895 -0.1242
vn -0.5692 0.0589 0.8201
vn -0.2939 0.0677 0.9534
vn -0.1199 0.7366 0.6657
vn -0.9068 -0.2444 0.3435
vn -0.9017 -0.3239 0.2862
vn -0.8369 -0.2865 0.4665
vn -0.0189 -0.2274 0.9736
vn -0.7451 0.5471 0.3815
vn -0.8347 0.5398 0.1091
vn -0.0264 0.1846 -0.9825
vn -0.9506 0.2444 -0.1913
vn -0.8700 0.1932 -0.4536
vn 0.2277 -0.4527 0.8621
vn 0.5244 0.1889 0.8302
vn 0.9771 -0.2061 0.0528
vn -0.5804 0.7847 0.2175
vn 0.0112 0.9848 -0.1735
vn -0.2567 0.9220 -0.2899
vn 0.1292 0.9762 0.1741
vn 0.1407 0.9772 0.1592
vn -0.1505 -0.0065 -0.9886
vn -0.1374 -0.0502 -0.9892
vn 0.0981 0.0981 0.9903
vn 0.0320 0.0895 -0.9955
vn -0.0585 0.0938 -0.9939
vn -0.0302 0.0982 -0.9947
vn -0.0191 0.0720 -0.9972
vn -0.0773 -0.3239 0.9429
vn -0.2269 -0.6419 0.7325
vn -0.2389 -0.3486 0.9063
vn 0.0075 0.1416 0.9899
vn -0.3279 -0.9439 -0.0378
vn -0.0446 -0.9908 -0.1275
vn 0.3606 0.3074 0.8806
vn 0.1130 0.0240 0.9933
vn 0.0754 0.0153 0.9970
vn 0.9663 0.2570 0.0151
vn 0.9942 0.0938 -0.0528
vn -0.0811 -0.4720 -0.8779
vn -0.0999 -0.7125 -0.6945
vn 0.1248 -0.9042 0.4085
vn 0.1449 -0.9790 0.1434
vn -0.0094 -0.8927 0.4506
vn -0.1205 -0.0241 -0.9924
vn -0.1204 0.0371 -0.9920
vn 0.9343 0.3033 0.1876
vn 0.8035 -0.5761 -0.1502
vn -0.5194 0.7954 0.3122
vn 0.0296 0.9877 0.1538
vn 0.7210 0.3892 0.5733
vn 0.8866 0.4291 0.1726
vn 0.8843 0.4565 0.0979
vn 0.7783 0.4604 0.4269
vn 0.1430 0.0197 -0.9895
vn 0.0038 -0.0764 -0.9971
vn -0.0547 -0.1068 -0.9928
vn 0.0189 -0.1199 -0.9926
vn -0.1745 0.1156 -0.9778
vn -0.0264 0.0764 0.9967
vn 0.1626 0.7094 -0.6858
vn 0.0771 0.7395 -0.6687
vn 0.0396 0.1372 -0.9898
vn -0.7766 -0.5903 -0.2202
vn -0.7928 -0.5867 -0.1650
vn -0.1355 -0.0155 -0.9907
vn -0.2496 -0.4526 0.8561
vn -0.1799 -0.5176 0.8365
vn -0.2797 -0.8007 0.5297
vn 0.0434 -0.1760 0.9834
vn 0.1017 -0.2486 0.9632
vn 0.6798 0.2274 0.6972
vn 0.7354 0.1717 0.6555
vn 0.9580 0.0460 -0.2831
vn -0.0340 -0.9439 -0.3284
vn 0.3167 0.2274 0.9209
vn -0.0921 0.2018 -0.9751
vn -0.0810 0.2359 -0.9684
vn -0.2172 -0.0328 0.9756
vn 0.8269 -0.1242 -0.5485
vn 0.7764 -0.1025 -0.6219
vn -0.2587 -0.8212 -0.5087
vn 0.9206 0.3690 -0.1279
vn 0.9419 0.3074 -0.1354
vn 0.9202 0.3156 -0.2316
vn -0.0264 -0.0720 0.9971
vn 0.0076 -0.0370 0.9993
vn 0.1315 0.9896 0.0579
vn -0.1098 0.9896 0.0926
vn -0.0761 0.9890 0.1270
vn 0.1859 0.9781 0.0937
vn -0.6816 -0.7094 0.1794
vn 0.4147 0.2444 0.8765
vn 0.4534 0.2316 0.8607
vn 0.6792 0.2781 0.6792
vn -0.0566 -0.1803 -0.9820
vn -0.0603 -0.1717 -0.9833
vn -0.1186 -0.2146 -0.9695
vn -0.2092 0.4681 -0.8586
vn -0.0057 -0.0807 0.9967
vn 0.0095 -0.0939 0.9955
vn 0.9907 0.0153 0.1355
vn 0.9746 -0.0763 0.2104
vn 0.9809 -0.1025 -0.1652
vn 0.9927 -0.0589 -0.1054
vn -0.0245 0.8907 0.4539
vn 0.9378 -0.0677 0.3405
vn 0.9812 -0.0855 0.1732
vn 0.4197 0.2316 0.8776
vn 0.3698 0.2146 0.9040
vn 0.0301 0.0372 -0.9989
vn -0.1471 -0.8568 0.4943
vn 0.1911 -0.4527 0.8710
vn -0.0490 -0.1588 0.9861
vn -0.0528 -0.1719 0.9837
vn 0.8504 0.2949 -0.4358
vn 0.0057 0.0458 -0.9989
vn 0.0282 0.0592 -0.9978
vn -0.0055 -0.1329 0.9911
vn 0.8736 -0.2274 -0.4303
vn 0.7396 -0.3281 -0.5877
vn 0.6319 -0.1459 -0.7612
vn -0.0621 0.2823 -0.9573
vn 0.8564 -0.1975 -0.4770
vn -0.0284 -0.1632 0.9862
vn 0.1283 -0.9097 -0.3949
vn 0.0830 -0.2739 0.9582
vn 0.2556 -0.2865 0.9233
vn -0.0642 0.2486 -0.9665
vn 0.1036 0.1112 0.9884
vn 0.5487 0.2359 0.8021
vn -0.0661 -0.1285 0.9895
vn -0.0623 0.0504 -0.9968
vn 0.0000 0.0241 -0.9997
vn 0.0227 0.0240 -0.9995
vn 0.0151 0.0415 -0.9990
vn 0.8920 -0.1371 -0.4308
vn 0.0264 0.0808 -0.9964
vn 0.0359 0.0590 -0.9976
vn -0.1092 0.0807 0.9907
vn -0.0829 0.0196 0.9964
vn -0.0690 0.9976 -0.0112
vn -0.0590 0.9979 0.0285
vn -0.0510 -0.1631 0.9853
vn 0.0962 0.9863 0.1344
vn 0.0690 0.9840 0.1643
vn 0.7728 0.0938 0.6277
vn -0.6817 -0.6352 -0.3631
vn 0.0245 0.0895 -0.9957
vn -0.0037 0.1242 -0.9923
vn -0.1820 -0.0589 0.9815
vn -0.1671 -0.0633 0.9839
vn 0.3400 0.1975 0.9195
vn 0.1466 0.0808 -0.9859
vn 0.1598 0.0851 -0.9835
vn 0.1958 0.6715 -0.7147
vn -0.0265 0.0720 0.9971
vn -0.1017 0.0677 0.9925
vn -0.1073 -0.1156 0.9875
vn 0.1186 0.1111 0.9867
vn 0.1317 0.1201 0.9840
vn 0.1281 0.1025 0.9865
vn 0.5917 0.4252 0.6850
vn 0.4131 0.5472 0.7280
vn 0.6209 0.7246 0.2990
vn 0.8195 0.5213 0.2381
vn -0.0543 -0.9743 -0.2187
vn 0.1397 -0.9781 -0.1544
vn 0.1740 -0.9781 -0.1143
vn -0.9463 0.2780 -0.1651
vn 0.1428 -0.4758 -0.8679
vn 0.1670 -0.4988 -0.8505
vn 0.8462 0.2865 0.4493
vn 0.9480 -0.1459 -0.2830
vn 0.0207 0.1806 0.9833
vn 0.0603 0.0152 -0.9981
vn 0.0735 0.0546 -0.9958
vn 0.0755 0.0240 -0.9969
vn -0.0886 -0.0895 0.9920
vn -0.0472 -0.0546 0.9974
vn -0.5292 -0.5617 -0.6359
vn -0.0207 0.1889 0.9818
vn 0.4614 0.3852 0.7992
vn 0.1448 0.0938 -0.9850
vn 0.1746 0.0895 -0.9806
vn -0.0716 -0.1588 0.9847
vn -0.0924 -0.1458 0.9850
vn 0.0416 -0.1803 0.9827
vn 0.0019 -0.1631 0.9866
vn 0.0603 -0.3363 0.9398
vn 0.2190 0.0938 0.9712
vn 0.1986 0.0807 0.9767
vn 0.9966 0.0807 0.0151
vn -0.2697 -0.8334 -0.4823
vn 0.9492 0.3074 -0.0678
vn 0.1225 0.0894 0.9884
vn 0.0979 0.1068 0.9894
vn 0.6334 -0.7738 0.0076
vn 0.0536 0.9832 0.1744
vn 0.1411 0.0590 -0.9882
vn 0.9970 0.0676 -0.0377
vn 0.3290 0.2697 0.9050
vn 0.5475 0.3032 0.7799
vn 0.3328 0.2401 0.9119
vn -0.1578 0.1068 -0.9817
vn 0.1876 -0.2571 0.9480
vn -0.0057 -0.2359 0.9718
vn 0.1653 0.0372 0.9855
vn -0.7585 -0.6419 -0.1129
vn -0.9027 -0.3527 -0.2464
vn -0.8324 0.4835 0.2708
vn 0.9223 -0.2188 0.3187
vn 0.9289 -0.2104 0.3046
vn -0.9755 0.2146 0.0490
vn 0.1941 -0.9270 -0.3210
vn 0.2126 -0.9425 -0.2579
vn 0.1317 -0.1847 -0.9739
vn 0.0132 -0.1761 -0.9843
vn 0.4429 -0.8966 -0.0000
vn -0.0038 -0.9979 -0.0654
vn -0.4628 -0.1285 -0.8771
vn -0.5734 -0.1674 -0.8020
vn 0.0283 0.1803 -0.9832
vn 0.9852 0.1631 -0.0528
vn 0.9591 0.2444 -0.1429
vn 0.9790 0.1587 -0.1279
vn 0.1222 0.4370 0.8911
vn 0.0434 -0.2612 -0.9643
vn 0.0038 -0.2061 -0.9785
vn 0.8366 0.4251 0.3455
vn -0.8834 0.4487 0.1353
vn 0.9470 0.2948 -0.1278
vn 0.9686 -0.1068 0.2247
vn -0.4538 0.8657 0.2113
vn -0.5523 0.8059 0.2135
vn 0.1762 0.9762 0.1262
vn 0.2172 0.0240 0.9758
vn 0.0697 0.5250 -0.8482
vn 0.5942 -0.7597 -0.2640
vn 0.9719 0.2103 -0.1054
vn 0.1168 0.1198 0.9859
vn -0.5999 -0.1068 -0.7929
vn 0.2919 0.1328 -0.9472
vn 0.0830 -0.3363 -0.9381
vn 0.9799 -0.1846 -0.0754
vn 0.9557 0.2907 -0.0452
vn -0.1259 -0.9270 -0.3533
vn 0.0621 -0.8985 -0.4345
vn -0.0093 -0.1460 0.9892
vn 0.8548 0.4448 -0.2674
vn 0.8080 0.4873 -0.3311
vn 0.6799 0.2274 0.6972
vn -0.1821 0.0459 0.9822
vn -0.0566 0.0677 -0.9961
vn -0.4218 -0.2316 0.8766
vn -0.1970 -0.0458 0.9793
vn -0.1746 -0.0589 -0.9829
vn -0.1821 -0.0545 -0.9818
vn -0.9818 0.1760 -0.0717
vn -0.5107 -0.8568 -0.0715
vn -0.1467 0.0677 0.9869
vn -0.1204 -0.6147 -0.7795
vn -0.4026 -0.8310 -0.3839
vn -0.1440 -0.9237 -0.3551
vn 0.0076 -0.0066 -0.9999
vn 0.4672 -0.5293 0.7082
vn -0.0189 0.3568 0.9340
vn 0.0490 0.3690 0.9281
vn 0.1875 -0.1975 -0.9622
vn 0.1915 -0.1803 -0.9648
vn 0.2023 -0.1975 -0.9592
vn 0.2357 0.0677 0.9695
vn -0.9768 0.1028 -0.1878
vn 0.3134 0.0938 0.9450
vn 0.2072 -0.8059 0.5546
vn 0.2574 -0.7483 0.6114
vn 0.2208 -0.0764 0.9723
vn 0.2772 0.8867 -0.3700
vn 0.3832 0.9042 -0.1887
vn 0.0959 -0.3117 -0.9453
vn -0.0170 0.0633 0.9978
vn 0.1593 -0.9870 0.0227
vn 0.6610 -0.5653 -0.4934
vn 0.7855 -0.3973 -0.4746
vn -0.2353 0.6617 -0.7119
vn -0.0415 0.1199 -0.9919
vn -0.0396 0.1154 -0.9925
vn -0.0698 0.1111 -0.9914
vn 0.0671 0.9966 0.0487
vn 0.2126 -0.8545 -0.4739
vn 0.1704 -0.9611 -0.2172
vn 0.1562 -0.8545 -0.4954
vn 0.0000 -0.1674 0.9859
vn 0.1018 -0.1199 0.9876
vn 0.9977 -0.0415 0.0528
vn -0.0566 -0.5361 0.8422
vn -0.0923 -0.3115 0.9457
vn -0.5965 -0.4212 0.6832
vn -0.8787 0.3527 0.3216
vn 0.8833 0.2401 -0.4026
vn -0.7505 -0.2528 -0.6106
vn -0.6626 -0.1761 -0.7280
vn -0.4556 0.7981 -0.3944
vn 0.5229 0.8406 0.1414
vn 0.0566 0.0764 -0.9955
vn -0.0226 -0.0153 -0.9996
vn -0.0378 -0.0328 -0.9987
vn -0.1858 -0.2865 0.9399
vn -0.0472 -0.1502 0.9875
vn -0.0471 0.2823 0.9582
vn -0.5027 -0.8634 0.0417
vn -0.4376 -0.8985 0.0339
vn -0.1747 -0.1459 0.9738
vn -0.1653 -0.1415 0.9760
vn 0.0226 -0.3074 -0.9513
vn 0.1373 -0.4643 -0.8750
vn -0.1111 -0.0895 0.9898
vn 0.1111 -0.2231 0.9684
vn -0.9668 0.2274 0.1166
vn 0.0358 0.1803 -0.9830
vn 0.0302 0.1717 -0.9847
vn -0.0038 0.1545 -0.9880
vn -0.0057 0.1630 -0.9866
vn 0.1223 0.1372 0.9830
vn 0.1393 0.1199 0.9830
vn 0.7386 0.6519 0.1719
vn -0.9663 0.2189 0.1353
vn 0.9964 -0.0503 -0.0680
vn 0.9963 -0.0677 -0.0529
vn 0.0075 0.8826 0.4700
vn 0.1467 0.8700 0.4707
vn 0.1215 0.9611 0.2479
vn 0.0453 0.1717 -0.9841
vn 0.0283 0.2061 0.9781
vn 0.1390 -0.0677 0.9880
vn -0.6258 -0.6284 -0.4621
vn -0.6247 -0.5324 -0.5713
vn -0.4665 -0.4565 -0.7576
vn 0.9883 0.1457 0.0452
vn 0.9727 0.1631 0.1653
vn -0.2316 -0.3486 -0.9082
vn 0.2282 -0.0720 0.9709
vn -0.0507 -0.9599 -0.2756
vn -0.2870 -0.9350 -0.2085
vn -0.2597 -0.9079 -0.3291
vn 0.3026 0.0634 -0.9510
vn 0.2265 0.0851 -0.9703
vn 0.1430 -0.0065 0.9897
vn 0.8916 0.3892 -0.2314
vn -0.1243 -0.0764 -0.9893
vn -0.1839 -0.1545 0.9707
vn -0.2249 -0.9365 -0.2690
vn -0.8778 0.2655 -0.3987
vn -0.8901 0.2740 -0.3641
vn -0.7305 0.2316 -0.6425
vn -0.6892 0.2018 -0.6959
vn 0.1150 0.9186 -0.3782
vn -0.8727 -0.2103 -0.4406
vn -0.7648 -0.1717 -0.6210
vn -0.7976 -0.1674 -0.5795
vn -0.0056 0.1329 -0.9911
vn -0.0265 0.1587 -0.9870
vn 0.9460 0.3198 -0.0528
vn 0.9342 0.3528 -0.0527
vn 0.8291 0.4987 0.2527
vn 0.8243 0.4911 0.2817
vn 0.3548 -0.8359 0.4189
vn -0.5739 0.8162 -0.0677
vn -0.5586 0.8260 -0.0750
vn -0.4914 0.7765 -0.3943
vn 0.9481 -0.2100 0.2389
vn -0.7855 -0.6181 0.0302
vn 0.0075 -0.0415 -0.9991
vn 0.0528 -0.0197 -0.9984
vn 0.9953 -0.0763 -0.0603
vn 0.0227 0.0109 0.9997
vn -0.0113 -0.0764 0.9970
vn 0.0980 0.1025 -0.9899
vn 0.0679 0.0371 -0.9970
vn 0.3847 0.4526 -0.8044
vn -0.4131 -0.9042 0.1084
vn 0.0942 0.2698 0.9583
vn 0.0961 0.1755 0.9798
vn 0.0773 0.1632 0.9836
vn 0.0622 0.2739 0.9597
vn -0.0075 0.1025 -0.9947
vn -0.0245 0.1155 -0.9930
vn 0.0904 -0.6617 0.7443
vn 0.6358 -0.3527 -0.6865
vn 0.9367 0.3198 -0.1428
vn -0.0396 0.0458 -0.9982
vn 0.1573 0.9743 0.1613
vn -0.9068 0.4212 0.0188
vn -0.9669 0.2528 -0.0340
vn -0.5449 0.8162 0.1922
vn 0.2007 0.1760 0.9637
vn -0.0925 -0.0503 0.9944
vn 0.9176 -0.3650 -0.1578
vn -0.5427 -0.8358 0.0829
vn 0.7131 0.6907 0.1200
vn 0.9569 0.2570 -0.1354
vn -0.1110 0.4172 -0.9020
vn -0.1072 0.4330 -0.8950
vn -0.0170 -0.4093 0.9123
vn -0.8107 -0.5796 -0.0829
vn 0.0491 0.0677 -0.9965
vn 0.0414 0.0677 -0.9968
vn 0.0510 0.0548 -0.9972
vn 0.3378 0.2655 0.9030
vn 0.2610 0.2400 0.9350
vn 0.5602 0.1975 0.8045
vn 0.7800 0.2401 0.5779
vn 0.1910 -0.4526 0.8710
vn -0.1504 -0.1025 0.9833
vn -0.2764 0.6486 0.7092
vn -0.1055 -0.9562 -0.2731
vn -0.3247 -0.9061 -0.2714
vn -0.3683 -0.8743 -0.3162
vn 0.9587 -0.0284 -0.2829
vn 0.3346 0.1674 0.9273
vn -0.0452 -0.1025 -0.9937
vn -0.0471 -0.0633 -0.9969
vn -0.0038 -0.0677 -0.9977
vn 0.2408 0.9599 0.1433
vn 0.2645 0.9536 0.1440
vn 0.4491 0.8927 0.0376
vn 0.3188 0.7277 0.6073
vn -0.5665 -0.7928 -0.2249
vn -0.9024 -0.3932 -0.1763
vn -0.9006 -0.3973 -0.1765
vn -0.6078 -0.7569 -0.2400
vn 0.2054 -0.9753 -0.0817
vn -0.7514 -0.6317 -0.1906
vn -0.7421 -0.6181 -0.2594
vn -0.0773 -0.1502 0.9856
vn -0.0377 -0.1415 0.9892
vn -0.0528 -0.1416 0.9885
vn 0.2537 -0.9496 -0.1843
vn -0.9486 0.3074 0.0754
vn 0.4780 0.6042 -0.6375
vn 0.3071 0.4132 -0.8573
vn 0.5796 -0.8136 0.0453
vn -0.3560 0.2018 0.9124
vn -0.3612 0.1456 0.9210
vn 0.3309 -0.5176 0.7891
vn 0.9094 -0.3933 -0.1354
vn 0.8364 -0.1156 -0.5359
vn -0.0774 0.1761 0.9813
vn 0.9581 -0.2864 -0.0001
vn -0.7712 -0.6284 -0.1016
vn -0.7073 -0.6875 -0.1647
vn -0.7310 -0.6812 -0.0415
vn -0.0282 0.1671 -0.9855
vn -0.0263 0.1587 -0.9870
vn -0.0338 0.1588 -0.9867
vn 0.9330 0.3198 0.1651
vn 0.9388 0.3198 0.1279
vn 0.9636 0.2104 0.1653
vn 0.2445 -0.3973 0.8845
vn 0.7653 -0.3322 0.5514
vn 0.9151 -0.3609 -0.1801
vn 0.9316 -0.3156 -0.1802
vn 0.9244 -0.3322 0.1875
vn -0.5476 -0.8310 0.0979
vn -0.4256 -0.9004 0.0901
vn 0.0773 0.1932 -0.9781
vn 0.0678 -0.0196 -0.9975
vn 0.1429 0.0327 -0.9892
vn -0.0019 0.0590 -0.9983
vn -0.7699 -0.5581 -0.3096
vn -0.7039 -0.5435 -0.4573
vn -0.7177 -0.5617 -0.4116
vn -0.2609 0.1458 -0.9543
vn -0.4016 0.0894 -0.9114
vn 0.0611 0.9981 -0.0000
vn 0.9904 -0.1329 -0.0377
vn 0.2701 -0.6351 -0.7236
vn 0.0641 -0.2486 -0.9665
vn 0.3721 -0.1803 -0.9105
vn -0.3263 0.0108 0.9452
vn 0.1110 -0.3771 0.9195
vn 0.6198 0.1502 -0.7703
vn 0.3877 0.1112 -0.9151
vn -0.1017 0.0764 0.9919
vn -0.2687 0.0066 0.9632
vn 0.0302 0.4950 0.8684
vn -0.0264 -0.0720 -0.9971
vn -0.0679 0.3074 -0.9492
vn 0.0000 -0.0022 -1.0000
vn -0.6786 -0.7306 0.0753
vn 0.0302 -0.0284 -0.9991
vn -0.8773 -0.4720 0.0868
vn -0.8897 -0.4526 0.0603
vn -0.3698 -0.2613 0.8916
vn -0.3469 -0.2907 0.8917
vn -0.0698 -0.0459 -0.9965
vn -0.0697 -0.0547 -0.9961
vn 0.0377 -0.2571 -0.9657
vn 0.0872 0.9950 -0.0496
vn 0.1687 0.9799 -0.1067
vn -0.2169 -0.3609 -0.9070
vn 0.9645 0.1932 -0.1801
vn -0.8395 0.5101 0.1872
vn -0.0339 0.2316 -0.9722
vn 0.1091 0.2697 0.9567
vn 0.5171 -0.8453 -0.1346
vn 0.5246 -0.8406 -0.1346
vn -0.5321 0.8212 0.2061
vn 0.0377 0.0240 -0.9990
vn 0.0302 0.0022 -0.9995
vn 0.0453 -0.0066 -0.9990
vn 0.9955 0.0458 -0.0830
vn -0.9772 -0.0328 0.2098
vn -0.8553 -0.0329 0.5171
vn -0.4273 -0.3568 0.8308
vn -0.4191 -0.3281 0.8466
vn 0.1950 -0.0240 0.9805
vn 0.2153 -0.0545 0.9750
vn -0.1708 0.1674 -0.9710
vn -0.1409 -0.6008 -0.7869
vn 0.9871 -0.0546 0.1504
vn 0.5882 -0.3198 -0.7428
vn -0.6972 -0.7125 0.0793
vn 0.7736 0.5903 0.2307
vn -0.2154 -0.2317 0.9487
vn 0.0153 0.0240 -0.9996
vn -0.0377 0.0415 0.9984
vn -0.0774 0.0502 0.9957
vn 0.9523 0.2655 -0.1503
vn -0.1466 0.0808 0.9859
vn 0.9548 -0.2103 0.2099
vn -0.3223 -0.1846 0.9284
vn -0.2005 -0.2528 0.9465
vn 0.2543 -0.9624 -0.0961
vn 0.9926 0.1155 -0.0377
vn 0.9350 0.3527 -0.0377
vn -0.0113 0.2990 -0.9542
vn -0.0415 0.3157 -0.9480
vn 0.0264 0.2486 -0.9682
vn 0.0359 0.3404 -0.9396
vn -0.0094 0.1803 0.9836
vn 0.1708 0.0633 -0.9833
vn 0.1131 -0.0022 0.9936
vn 0.2843 -0.9587 0.0076
vn 0.2618 -0.7094 0.6544
vn 0.3275 0.2528 0.9104
vn -0.5579 -0.8237 -0.1016
vn -0.1673 -0.0459 -0.9848
vn 0.1579 -0.2739 0.9487
vn -0.4531 -0.8764 -0.1632
vn 0.3215 -0.9468 -0.0152
vn 0.2099 -0.0109 -0.9777
vn 0.1579 -0.0109 0.9874
vn -0.1732 0.8657 -0.4697
vn 0.9230 -0.3074 -0.2316
vn 0.2608 0.2231 0.9392
vn -0.9541 0.2948 0.0529
vn -0.9030 0.4291 -0.0226
vn -0.0698 0.9976 -0.0037
vn -0.1036 -0.2146 -0.9712
vn -0.1279 -0.1025 -0.9865
vn -0.0565 -0.0720 -0.9958
vn 0.9448 0.2949 -0.1427
vn -0.0811 0.0851 0.9931
vn -0.8351 -0.5101 -0.2058
vn -0.1720 0.6284 0.7587
vn -0.7230 -0.1804 -0.6669
vn -0.0188 0.0807 0.9966
vn -0.8108 -0.0459 -0.5835
vn 0.0830 0.0240 -0.9963
vn 0.7163 0.2444 0.6536
vn 0.8793 0.2316 0.4162
vn 0.8638 0.1803 -0.4705
vn -0.1112 -0.0851 -0.9901
vn 0.0604 0.0066 -0.9982
vn 0.3351 -0.0806 0.9387
vn 0.2988 -0.9536 -0.0378
vn 0.0074 0.0153 -0.9999
vn 0.0151 0.0109 -0.9998
vn -0.7127 -0.1112 -0.6926
vn 0.0924 0.1675 -0.9815
vn -0.1466 0.0807 0.9859
vn -0.1093 0.0677 0.9917
vn 0.0661 0.0459 -0.9968
vn 0.1442 -0.9115 -0.3852
vn 0.5345 -0.1112 -0.8378
vn 0.7906 -0.4911 -0.3657
vn 0.0453 -0.0153 -0.9989
vn 0.4581 -0.8764 -0.1488
vn 0.9970 -0.0676 -0.0377
vn -0.2336 -0.2948 0.9266
vn 0.9696 0.1932 -0.1504
vn 0.0113 0.0720 -0.9973
vn 0.0754 0.2781 0.9576
vn 0.3376 -0.9410 0.0227
vn 0.1579 0.0153 -0.9873
vn 0.8090 -0.1545 0.5672
vn 0.0264 0.0764 -0.9967
vn 0.1463 -0.7094 -0.6894
vn 0.1447 0.0938 -0.9850
vn -0.8278 -0.5361 -0.1652
vn -0.8190 -0.5398 -0.1946
vn 0.5994 0.6147 -0.5128
vn 0.7417 0.4567 -0.4913
vn -0.0754 -0.1372 0.9877
vn -0.5846 0.8007 0.1309
vn 0.3099 -0.1155 0.9437
vn 0.3647 -0.6747 -0.6417
vn 0.0981 -0.0022 -0.9952
vn 0.6457 0.7306 -0.2221
vn 0.1130 0.0197 -0.9934
vn 0.1432 0.0110 0.9896
vn 0.7719 -0.5471 -0.3238
vn 0.9047 0.2146 0.3681
vn 0.7465 0.2274 0.6253
vn -0.1668 -0.9790 -0.1174
vn 0.0471 0.6385 0.7682
vn -0.0865 0.6318 0.7703
vn 0.0622 0.1631 -0.9846
vn -0.1186 0.4053 -0.9065
vn 0.5666 -0.8236 0.0227
vn 0.1453 0.9824 -0.1175
vn -0.9903 -0.1329 0.0415
vn -0.2629 0.7125 0.6506
vn -0.0602 0.1415 0.9881
vn -0.0453 0.1069 0.9932
vn -0.0942 -0.2990 0.9496
vn -0.1799 -0.5175 0.8365
vn -0.1261 -0.2529 0.9592
vn -0.6891 -0.6385 -0.3427
vn -0.1653 0.0065 -0.9862
vn -0.7341 0.6486 -0.2012
vn -0.5447 0.7820 -0.3029
vn 0.0528 0.0197 -0.9984
vn -0.1131 0.0981 -0.9887
vn -0.0057 0.1675 0.9859
vn -0.7563 -0.6385 0.1427
vn 0.1727 0.2401 -0.9553
vn -0.0415 -0.1588 0.9864
vn -0.1597 0.0545 -0.9857
vn 0.0377 -0.0152 -0.9992
vn 0.1683 0.6317 -0.7567
vn 0.6318 -0.5361 -0.5598
vn 0.7628 -0.0372 0.6456
vn -0.5015 0.8111 0.3011
vn 0.1819 0.9832 -0.0150
vn 0.1691 0.9395 -0.2978
vn -0.0110 0.9692 0.2462
vn 0.9574 0.2317 0.1726
vn -0.9996 -0.0284 0.0076
vn -0.1299 0.0459 -0.9905
vn 0.1355 -0.3609 0.9227
vn -0.0151 0.0021 -0.9999
vn -0.1540 0.0808 -0.9848
vn 0.8291 0.4950 -0.2599
vn -0.2024 0.0284 0.9789
vn -0.0282 0.0894 -0.9956
vn -0.1298 0.0545 0.9900
vn 0.4107 -0.9115 -0.0227
vn -0.9322 -0.1414 -0.3330
vn -0.0524 -0.9762 0.2103
vn 0.3762 -0.3445 -0.8601
vn -0.9084 0.0284 -0.4171
vn -0.5973 -0.6780 -0.4284
vn 0.1876 0.0240 0.9820
vn 0.0222 0.0333 -0.9992
vn 0.8908 -0.1803 -0.4170
vn 0.8324 -0.1415 -0.5358
vn -0.7360 -0.5832 -0.3437
vn 0.9762 -0.2146 0.0302
vn 0.1635 0.0546 0.9850
vn 0.5234 -0.8499 -0.0603
vn 0.5137 0.1201 0.8495
vn 0.9446 0.2990 -0.1355
vn -0.2883 -0.9079 -0.3044
vn -0.6025 -0.7901 -0.1126
vn 0.2941 0.4526 -0.8418
vn -0.0133 0.1674 -0.9858
vn 0.1795 0.9772 0.1137
vn 0.7355 0.1717 0.6554
vn 0.3624 0.2570 0.8959
vn -0.7066 -0.6008 -0.3738
vn -0.3758 -0.3649 0.8518
vn -0.0000 -0.0327 -0.9995
vn -0.0680 -0.0023 -0.9977
vn 0.1559 0.0633 -0.9857
vn 0.0019 0.0894 0.9960
vn 0.7971 0.2949 0.5269
vn 0.1794 -0.6875 0.7037
vn -0.8668 0.4912 0.0867
vn 0.2592 -0.2444 -0.9344
vn 0.9591 0.2444 -0.1430
vn -0.4804 -0.8453 -0.2338
vn 0.0598 -0.0150 -0.9981
vn 0.0528 0.0066 -0.9986
vn 0.0529 -0.0284 -0.9982
vn -0.0207 0.1631 -0.9864
vn -0.0170 0.1502 -0.9885
vn -0.0716 0.3568 0.9314
vn 0.1857 0.8634 0.4690
vn 0.0227 0.0982 -0.9949
vn 0.3753 0.9115 -0.1682
vn 0.9453 0.3239 -0.0377
vn 0.0076 0.1717 0.9851
vn -0.9953 0.0808 -0.0527
vn 0.8667 0.4681 -0.1724
vn 0.0603 0.0415 -0.9973
vn 0.9659 0.1932 -0.1726
vn -0.6898 -0.6283 -0.3596
vn -0.0320 0.0590 -0.9977
vn -0.0226 0.1459 -0.9890
vn 0.2336 0.2146 -0.9484
vn -0.9784 0.1417 -0.1505
vn -0.9866 0.1242 -0.1055
vn -0.0904 -0.1975 0.9761
vn 0.0189 0.1544 -0.9878
vn 0.5834 -0.5025 -0.6381
vn 0.5244 0.1889 0.8303
vn 0.1430 0.0983 0.9848
vn 0.7420 -0.5063 -0.4394
vn -0.0754 -0.0982 -0.9923
vn 0.1783 0.2444 -0.9532
vn -0.2466 -0.0982 0.9641
vn -0.4672 0.7955 0.3860
vn -0.1709 -0.3690 0.9136
vn -0.1617 0.0677 -0.9845
vn -0.1393 0.0677 -0.9879
vn -0.0434 -0.2529 0.9665
vn 0.3964 0.0284 -0.9176
vn 0.7016 -0.0196 -0.7123
vn 0.1949 -0.0371 0.9801
vn 0.0491 -0.2274 0.9726
vn 0.7464 -0.3445 0.5693
vn 0.9586 0.2781 -0.0603
vn 0.9582 0.2781 -0.0679
vn 0.3183 0.2781 0.9063
vn 0.1279 0.2401 0.9623
vn 0.0151 0.1027 0.9946
vn -0.0699 0.0634 0.9955
vn -0.3317 0.6485 0.6851
vn 0.0320 0.1372 -0.9900
vn 0.4130 0.5471 0.7280
vn 0.5917 0.4251 0.6850
vn 0.1968 0.2146 0.9567
vn 0.0510 -0.1155 0.9920
vn 0.0433 -0.1069 0.9933
vn 0.0583 0.1803 0.9819
vn 0.1314 -0.9253 0.3556
vn 0.2848 -0.9350 0.2115
vn 0.1361 -0.9681 0.2105
vn -0.8270 -0.5508 0.1130
vn -0.0019 0.1803 0.9836
vn -0.0321 0.0502 0.9982
vn -0.1428 0.3972 0.9065
vn -0.2461 -0.8656 -0.4360
vn -0.8796 -0.3568 0.3148
vn -0.4001 -0.7276 0.5572
vn 0.0548 0.1285 0.9902
vn -0.0943 0.1589 -0.9828
vn 0.9792 -0.1975 -0.0453
vn -0.5752 -0.0634 -0.8155
vn 0.9801 -0.1199 -0.1579
vn 0.7367 -0.0546 -0.6740
vn 0.6223 0.1674 -0.7647
vn 0.9445 0.1675 -0.2827
vn 0.0226 0.1025 0.9945
vn 0.0471 -0.2145 -0.9756
vn -0.0246 0.1760 0.9841
vn -0.9929 0.1112 0.0415
vn -0.3319 0.3972 -0.8556
vn -0.8218 0.5653 -0.0716
vn 0.0019 0.0851 0.9964
vn -0.1429 0.0415 -0.9889
vn 0.3538 0.2231 0.9083
vn -0.7450 -0.5796 -0.3301
vn 0.4866 0.2103 0.8479
vn 0.6994 0.1112 0.7061
vn 0.3400 0.1975 0.9194
vn -0.0754 0.1415 0.9871
vn -0.0697 -0.1761 0.9819
vn 0.4068 -0.9115 0.0603
vn 0.1315 -0.9253 0.3556
vn -0.4286 -0.9023 0.0454
# 5308 vertex normals

vt 0.1973 0.9032 0.0000
vt 0.1960 0.9051 0.0000
vt 0.1931 0.9011 0.0000
vt 0.1946 0.8997 0.0000
vt 0.2236 0.7885 0.0000
vt 0.2207 0.7845 0.0000
vt 0.2256 0.7812 0.0000
vt 0.2285 0.7852 0.0000
vt 0.4570 0.7925 0.0000
vt 0.4585 0.7873 0.0000
vt 0.4639 0.7893 0.0000
vt 0.4622 0.7944 0.0000
vt 0.5156 0.8535 0.0000
vt 0.5166 0.8490 0.0000
vt 0.5217 0.8500 0.0000
vt 0.5207 0.8542 0.0000
vt 0.2999 0.6395 0.0000
vt 0.2992 0.6429 0.0000
vt 0.2967 0.6424 0.0000
vt 0.2976 0.6393 0.0000
vt 0.1957 0.7541 0.0000
vt 0.1991 0.7580 0.0000
vt 0.1945 0.7614 0.0000
vt 0.1912 0.7576 0.0000
vt 0.3454 0.7424 0.0000
vt 0.3455 0.7471 0.0000
vt 0.3398 0.7478 0.0000
vt 0.3398 0.7431 0.0000
vt 0.3027 0.6430 0.0000
vt 0.3016 0.6470 0.0000
vt 0.2982 0.6468 0.0000
vt 0.1836 0.6317 0.0000
vt 0.1824 0.6322 0.0000
vt 0.1810 0.6279 0.0000
vt 0.1822 0.6274 0.0000
vt 0.1534 0.7680 0.0000
vt 0.1575 0.7653 0.0000
vt 0.1603 0.7690 0.0000
vt 0.1559 0.7718 0.0000
vt 0.2888 0.7072 0.0000
vt 0.2914 0.7031 0.0000
vt 0.2955 0.7059 0.0000
vt 0.2930 0.7102 0.0000
vt 0.2393 0.6201 0.0000
vt 0.2433 0.6209 0.0000
vt 0.2420 0.6259 0.0000
vt 0.2382 0.6243 0.0000
vt 0.2718 0.7737 0.0000
vt 0.2736 0.7786 0.0000
vt 0.2679 0.7808 0.0000
vt 0.2660 0.7761 0.0000
vt 0.4125 0.7821 0.0000
vt 0.4172 0.7825 0.0000
vt 0.4164 0.7885 0.0000
vt 0.4116 0.7880 0.0000
vt 0.4894 0.7411 0.0000
vt 0.4962 0.7432 0.0000
vt 0.4945 0.7480 0.0000
vt 0.4878 0.7457 0.0000
vt 0.4835 0.7342 0.0000
vt 0.4906 0.7363 0.0000
vt 0.4824 0.7389 0.0000
vt 0.4740 0.7938 0.0000
vt 0.4761 0.7887 0.0000
vt 0.4810 0.7911 0.0000
vt 0.4787 0.7962 0.0000
vt 0.3467 0.8407 0.0000
vt 0.3423 0.8401 0.0000
vt 0.3429 0.8354 0.0000
vt 0.3476 0.8361 0.0000
vt 0.2663 0.8091 0.0000
vt 0.2644 0.8044 0.0000
vt 0.2694 0.8021 0.0000
vt 0.2712 0.8068 0.0000
vt 0.2397 0.8343 0.0000
vt 0.2435 0.8313 0.0000
vt 0.2455 0.8358 0.0000
vt 0.2416 0.8387 0.0000
vt 0.1780 0.7340 0.0000
vt 0.1740 0.7296 0.0000
vt 0.1780 0.7263 0.0000
vt 0.1825 0.7306 0.0000
vt 0.3528 0.8602 0.0000
vt 0.3495 0.8574 0.0000
vt 0.3524 0.8530 0.0000
vt 0.3566 0.8566 0.0000
vt 0.3201 0.8248 0.0000
vt 0.3159 0.8258 0.0000
vt 0.3152 0.8206 0.0000
vt 0.3196 0.8196 0.0000
vt 0.1423 0.7698 0.0000
vt 0.1465 0.7668 0.0000
vt 0.1490 0.7708 0.0000
vt 0.1445 0.7735 0.0000
vt 0.1932 0.9318 0.0000
vt 0.1898 0.9297 0.0000
vt 0.1924 0.9258 0.0000
vt 0.1957 0.9281 0.0000
vt 0.5638 0.7546 0.0000
vt 0.5613 0.7599 0.0000
vt 0.5550 0.7576 0.0000
vt 0.5568 0.7529 0.0000
vt 0.3912 0.7282 0.0000
vt 0.3915 0.7344 0.0000
vt 0.3872 0.7344 0.0000
vt 0.3871 0.7283 0.0000
vt 0.3127 0.8833 0.0000
vt 0.3144 0.8867 0.0000
vt 0.3114 0.8885 0.0000
vt 0.3096 0.8851 0.0000
vt 0.2004 0.8011 0.0000
vt 0.2041 0.8049 0.0000
vt 0.2008 0.8082 0.0000
vt 0.1971 0.8045 0.0000
vt 0.2885 0.6760 0.0000
vt 0.2898 0.6725 0.0000
vt 0.2928 0.6734 0.0000
vt 0.2915 0.6772 0.0000
vt 0.1632 0.8916 0.0000
vt 0.1611 0.8880 0.0000
vt 0.1654 0.8849 0.0000
vt 0.1675 0.8884 0.0000
vt 0.4368 0.8925 0.0000
vt 0.4329 0.8904 0.0000
vt 0.4344 0.8868 0.0000
vt 0.4385 0.8887 0.0000
vt 0.3957 0.7524 0.0000
vt 0.3957 0.7465 0.0000
vt 0.4002 0.7465 0.0000
vt 0.4002 0.7525 0.0000
vt 0.2920 0.8205 0.0000
vt 0.2872 0.8220 0.0000
vt 0.2858 0.8172 0.0000
vt 0.2906 0.8155 0.0000
vt 0.1723 0.7596 0.0000
vt 0.1687 0.7628 0.0000
vt 0.1653 0.7592 0.0000
vt 0.1687 0.7558 0.0000
vt 0.1431 0.8509 0.0000
vt 0.1446 0.8547 0.0000
vt 0.1400 0.8566 0.0000
vt 0.1385 0.8527 0.0000
vt 0.4520 0.7640 0.0000
vt 0.4582 0.7659 0.0000
vt 0.4569 0.7706 0.0000
vt 0.4508 0.7688 0.0000
vt 0.2026 0.8850 0.0000
vt 0.1979 0.8870 0.0000
vt 0.1964 0.8831 0.0000
vt 0.2009 0.8815 0.0000
vt 0.2785 0.9201 0.0000
vt 0.2792 0.9245 0.0000
vt 0.2735 0.9262 0.0000
vt 0.2729 0.9216 0.0000
vt 0.2433 0.9163 0.0000
vt 0.2488 0.9159 0.0000
vt 0.2489 0.9185 0.0000
vt 0.2435 0.9190 0.0000
vt 0.5137 0.8673 0.0000
vt 0.5083 0.8666 0.0000
vt 0.5088 0.8619 0.0000
vt 0.5140 0.8626 0.0000
vt 0.3821 0.8621 0.0000
vt 0.3850 0.8627 0.0000
vt 0.3844 0.8691 0.0000
vt 0.3815 0.8687 0.0000
vt 0.4543 0.8608 0.0000
vt 0.4534 0.8663 0.0000
vt 0.4490 0.8648 0.0000
vt 0.4501 0.8593 0.0000
vt 0.2055 0.7657 0.0000
vt 0.2087 0.7694 0.0000
vt 0.2039 0.7728 0.0000
vt 0.2008 0.7691 0.0000
vt 0.2010 0.8154 0.0000
vt 0.2042 0.8194 0.0000
vt 0.2008 0.8223 0.0000
vt 0.1977 0.8186 0.0000
vt 0.3815 0.7165 0.0000
vt 0.3865 0.7157 0.0000
vt 0.3868 0.7219 0.0000
vt 0.3820 0.7225 0.0000
vt 0.5588 0.7840 0.0000
vt 0.5555 0.7821 0.0000
vt 0.5589 0.7775 0.0000
vt 0.5620 0.7794 0.0000
vt 0.1847 0.7757 0.0000
vt 0.1874 0.7795 0.0000
vt 0.1829 0.7828 0.0000
vt 0.1802 0.7788 0.0000
vt 0.3516 0.7799 0.0000
vt 0.3516 0.7752 0.0000
vt 0.3572 0.7751 0.0000
vt 0.3572 0.7799 0.0000
vt 0.2340 0.7933 0.0000
vt 0.2295 0.7966 0.0000
vt 0.2266 0.7925 0.0000
vt 0.2312 0.7892 0.0000
vt 0.5254 0.8373 0.0000
vt 0.5239 0.8414 0.0000
vt 0.5190 0.8402 0.0000
vt 0.5205 0.8359 0.0000
vt 0.5145 0.8238 0.0000
vt 0.5126 0.8283 0.0000
vt 0.5080 0.8267 0.0000
vt 0.5099 0.8220 0.0000
vt 0.1617 0.8987 0.0000
vt 0.1645 0.9024 0.0000
vt 0.1609 0.9057 0.0000
vt 0.1579 0.9017 0.0000
vt 0.2673 0.6723 0.0000
vt 0.2635 0.6725 0.0000
vt 0.2650 0.6663 0.0000
vt 0.2688 0.6664 0.0000
vt 0.3174 0.8850 0.0000
vt 0.3157 0.8817 0.0000
vt 0.3679 0.7799 0.0000
vt 0.3626 0.7799 0.0000
vt 0.3626 0.7748 0.0000
vt 0.3679 0.7747 0.0000
vt 0.1497 0.8657 0.0000
vt 0.1452 0.8680 0.0000
vt 0.1434 0.8642 0.0000
vt 0.1479 0.8621 0.0000
vt 0.2694 0.9469 0.0000
vt 0.2628 0.9479 0.0000
vt 0.2627 0.9430 0.0000
vt 0.2690 0.9418 0.0000
vt 0.1920 0.6443 0.0000
vt 0.1936 0.6437 0.0000
vt 0.1959 0.6490 0.0000
vt 0.1943 0.6496 0.0000
vt 0.3452 0.7284 0.0000
vt 0.3400 0.7292 0.0000
vt 0.3399 0.7246 0.0000
vt 0.3450 0.7236 0.0000
vt 0.2556 0.7026 0.0000
vt 0.2543 0.6959 0.0000
vt 0.2593 0.6942 0.0000
vt 0.2607 0.7005 0.0000
vt 0.1515 0.8694 0.0000
vt 0.1560 0.8670 0.0000
vt 0.1579 0.8706 0.0000
vt 0.1534 0.8730 0.0000
vt 0.5314 0.7457 0.0000
vt 0.5339 0.7418 0.0000
vt 0.5390 0.7453 0.0000
vt 0.5368 0.7493 0.0000
vt 0.3172 0.6989 0.0000
vt 0.3176 0.6938 0.0000
vt 0.3214 0.6954 0.0000
vt 0.3210 0.7005 0.0000
vt 0.3865 0.7800 0.0000
vt 0.3902 0.7801 0.0000
vt 0.3900 0.7858 0.0000
vt 0.3864 0.7857 0.0000
vt 0.4844 0.7292 0.0000
vt 0.4850 0.7243 0.0000
vt 0.4920 0.7259 0.0000
vt 0.4915 0.7312 0.0000
vt 0.2342 0.6228 0.0000
vt 0.2330 0.6273 0.0000
vt 0.2291 0.6252 0.0000
vt 0.2302 0.6210 0.0000
vt 0.2878 0.7329 0.0000
vt 0.2939 0.7367 0.0000
vt 0.2878 0.7402 0.0000
vt 0.2815 0.7358 0.0000
vt 0.2358 0.8372 0.0000
vt 0.2319 0.8400 0.0000
vt 0.2298 0.8356 0.0000
vt 0.2337 0.8328 0.0000
vt 0.1210 0.8756 0.0000
vt 0.1194 0.8715 0.0000
vt 0.1239 0.8693 0.0000
vt 0.1256 0.8734 0.0000
vt 0.1052 0.7873 0.0000
vt 0.1093 0.7857 0.0000
vt 0.1104 0.7908 0.0000
vt 0.1064 0.7927 0.0000
vt 0.2272 0.6593 0.0000
vt 0.2235 0.6558 0.0000
vt 0.2270 0.6507 0.0000
vt 0.2305 0.6537 0.0000
vt 0.5236 0.7203 0.0000
vt 0.5179 0.7222 0.0000
vt 0.5161 0.7156 0.0000
vt 0.5221 0.7149 0.0000
vt 0.1397 0.8040 0.0000
vt 0.1375 0.8007 0.0000
vt 0.1428 0.7972 0.0000
vt 0.1445 0.8004 0.0000
vt 0.1017 0.7725 0.0000
vt 0.0979 0.7739 0.0000
vt 0.0964 0.7687 0.0000
vt 0.1001 0.7674 0.0000
vt 0.2066 0.6130 0.0000
vt 0.2015 0.6121 0.0000
vt 0.2018 0.6106 0.0000
vt 0.2069 0.6114 0.0000
vt 0.1641 0.7350 0.0000
vt 0.1694 0.7326 0.0000
vt 0.1727 0.7377 0.0000
vt 0.1664 0.7409 0.0000
vt 0.1465 0.8213 0.0000
vt 0.1470 0.8180 0.0000
vt 0.1514 0.8188 0.0000
vt 0.1512 0.8219 0.0000
vt 0.2233 0.9632 0.0000
vt 0.2240 0.9587 0.0000
vt 0.2302 0.9593 0.0000
vt 0.2295 0.9642 0.0000
vt 0.4463 0.7898 0.0000
vt 0.4517 0.7908 0.0000
vt 0.4504 0.7962 0.0000
vt 0.4452 0.7953 0.0000
vt 0.3249 0.6570 0.0000
vt 0.3304 0.6593 0.0000
vt 0.3276 0.6636 0.0000
vt 0.3226 0.6616 0.0000
vt 0.4783 0.7838 0.0000
vt 0.4804 0.7791 0.0000
vt 0.4857 0.7814 0.0000
vt 0.4833 0.7861 0.0000
vt 0.2240 0.9056 0.0000
vt 0.2198 0.9056 0.0000
vt 0.2194 0.9018 0.0000
vt 0.2236 0.9017 0.0000
vt 0.2117 0.7364 0.0000
vt 0.2154 0.7404 0.0000
vt 0.2106 0.7439 0.0000
vt 0.2070 0.7399 0.0000
vt 0.4609 0.8127 0.0000
vt 0.4565 0.8107 0.0000
vt 0.4586 0.8049 0.0000
vt 0.4631 0.8072 0.0000
vt 0.3203 0.8509 0.0000
vt 0.3192 0.8461 0.0000
vt 0.3229 0.8449 0.0000
vt 0.3238 0.8499 0.0000
vt 0.4620 0.8693 0.0000
vt 0.4664 0.8710 0.0000
vt 0.4653 0.8763 0.0000
vt 0.4609 0.8748 0.0000
vt 0.4611 0.8262 0.0000
vt 0.4654 0.8285 0.0000
vt 0.4639 0.8340 0.0000
vt 0.4597 0.8320 0.0000
vt 0.4348 0.8663 0.0000
vt 0.4393 0.8675 0.0000
vt 0.4380 0.8727 0.0000
vt 0.4337 0.8715 0.0000
vt 0.3406 0.6363 0.0000
vt 0.3397 0.6388 0.0000
vt 0.3327 0.6357 0.0000
vt 0.3336 0.6332 0.0000
vt 0.4597 0.7613 0.0000
vt 0.4661 0.7634 0.0000
vt 0.4645 0.7679 0.0000
vt 0.5128 0.8434 0.0000
vt 0.5080 0.8422 0.0000
vt 0.5094 0.8375 0.0000
vt 0.5142 0.8389 0.0000
vt 0.3277 0.7240 0.0000
vt 0.3263 0.7289 0.0000
vt 0.3223 0.7279 0.0000
vt 0.3240 0.7231 0.0000
vt 0.4604 0.7369 0.0000
vt 0.4671 0.7389 0.0000
vt 0.4658 0.7434 0.0000
vt 0.4590 0.7413 0.0000
vt 0.2035 0.8262 0.0000
vt 0.2070 0.8234 0.0000
vt 0.2097 0.8274 0.0000
vt 0.2058 0.8301 0.0000
vt 0.4047 0.7402 0.0000
vt 0.4044 0.7339 0.0000
vt 0.4095 0.7338 0.0000
vt 0.4095 0.7399 0.0000
vt 0.2989 0.8291 0.0000
vt 0.2943 0.8302 0.0000
vt 0.2932 0.8253 0.0000
vt 0.2978 0.8240 0.0000
vt 0.2469 0.8945 0.0000
vt 0.2422 0.8956 0.0000
vt 0.2413 0.8911 0.0000
vt 0.2458 0.8898 0.0000
vt 0.2388 0.7788 0.0000
vt 0.2335 0.7820 0.0000
vt 0.2308 0.7780 0.0000
vt 0.2363 0.7748 0.0000
vt 0.2106 0.6890 0.0000
vt 0.2064 0.6898 0.0000
vt 0.2050 0.6829 0.0000
vt 0.2086 0.6819 0.0000
vt 0.3071 0.6431 0.0000
vt 0.3032 0.6393 0.0000
vt 0.3076 0.6389 0.0000
vt 0.2075 0.8831 0.0000
vt 0.2090 0.8864 0.0000
vt 0.2042 0.8884 0.0000
vt 0.2747 0.8164 0.0000
vt 0.2795 0.8144 0.0000
vt 0.2810 0.8191 0.0000
vt 0.2763 0.8212 0.0000
vt 0.1851 0.6214 0.0000
vt 0.1868 0.6252 0.0000
vt 0.1856 0.6259 0.0000
vt 0.1839 0.6221 0.0000
vt 0.5555 0.7952 0.0000
vt 0.5520 0.7935 0.0000
vt 0.5554 0.7887 0.0000
vt 0.5586 0.7902 0.0000
vt 0.1440 0.7556 0.0000
vt 0.1407 0.7590 0.0000
vt 0.1374 0.7554 0.0000
vt 0.1402 0.7519 0.0000
vt 0.1326 0.8505 0.0000
vt 0.1281 0.8525 0.0000
vt 0.1268 0.8481 0.0000
vt 0.1315 0.8463 0.0000
vt 0.3015 0.8639 0.0000
vt 0.3001 0.8592 0.0000
vt 0.3040 0.8579 0.0000
vt 0.3051 0.8624 0.0000
vt 0.5481 0.7774 0.0000
vt 0.5514 0.7730 0.0000
vt 0.5553 0.7753 0.0000
vt 0.5520 0.7799 0.0000
vt 0.1876 0.7536 0.0000
vt 0.1923 0.7503 0.0000
vt 0.4447 0.8394 0.0000
vt 0.4406 0.8383 0.0000
vt 0.4417 0.8322 0.0000
vt 0.4458 0.8333 0.0000
vt 0.4655 0.7843 0.0000
vt 0.4710 0.7865 0.0000
vt 0.4692 0.7914 0.0000
vt 0.4625 0.9054 0.0000
vt 0.4579 0.9035 0.0000
vt 0.4597 0.8984 0.0000
vt 0.4642 0.9001 0.0000
vt 0.2886 0.8268 0.0000
vt 0.0805 0.7565 0.0000
vt 0.0814 0.7503 0.0000
vt 0.0834 0.7507 0.0000
vt 0.0826 0.7572 0.0000
vt 0.2511 0.8248 0.0000
vt 0.2533 0.8295 0.0000
vt 0.2494 0.8327 0.0000
vt 0.2474 0.8281 0.0000
vt 0.2791 0.7429 0.0000
vt 0.2714 0.7453 0.0000
vt 0.2674 0.7407 0.0000
vt 0.2742 0.7383 0.0000
vt 0.5622 0.7390 0.0000
vt 0.5674 0.7404 0.0000
vt 0.5657 0.7450 0.0000
vt 0.5596 0.7437 0.0000
vt 0.5663 0.7580 0.0000
vt 0.5705 0.7539 0.0000
vt 0.3399 0.7616 0.0000
vt 0.3399 0.7570 0.0000
vt 0.3457 0.7566 0.0000
vt 0.3457 0.7612 0.0000
vt 0.3569 0.7945 0.0000
vt 0.3570 0.7897 0.0000
vt 0.3625 0.7900 0.0000
vt 0.3624 0.7950 0.0000
vt 0.1626 0.6797 0.0000
vt 0.1608 0.6832 0.0000
vt 0.1555 0.6803 0.0000
vt 0.1574 0.6769 0.0000
vt 0.2432 0.8808 0.0000
vt 0.2474 0.8791 0.0000
vt 0.2488 0.8837 0.0000
vt 0.2446 0.8854 0.0000
vt 0.3254 0.6741 0.0000
vt 0.3221 0.6790 0.0000
vt 0.3186 0.6776 0.0000
vt 0.3215 0.6725 0.0000
vt 0.4214 0.8415 0.0000
vt 0.4261 0.8420 0.0000
vt 0.4248 0.8475 0.0000
vt 0.4200 0.8472 0.0000
vt 0.1997 0.8289 0.0000
vt 0.1958 0.8315 0.0000
vt 0.1935 0.8280 0.0000
vt 0.1973 0.8252 0.0000
vt 0.1267 0.8629 0.0000
vt 0.1311 0.8607 0.0000
vt 0.1327 0.8647 0.0000
vt 0.1284 0.8670 0.0000
vt 0.1580 0.9288 0.0000
vt 0.1520 0.9244 0.0000
vt 0.1566 0.9222 0.0000
vt 0.1619 0.9263 0.0000
vt 0.3355 0.6620 0.0000
vt 0.3403 0.6654 0.0000
vt 0.3366 0.6691 0.0000
vt 0.3324 0.6661 0.0000
vt 0.5459 0.6720 0.0000
vt 0.5480 0.6740 0.0000
vt 0.5451 0.6772 0.0000
vt 0.5427 0.6752 0.0000
vt 0.1448 0.6656 0.0000
vt 0.1495 0.6681 0.0000
vt 0.1476 0.6714 0.0000
vt 0.1429 0.6688 0.0000
vt 0.1214 0.7392 0.0000
vt 0.1222 0.7370 0.0000
vt 0.1284 0.7385 0.0000
vt 0.1274 0.7410 0.0000
vt 0.4725 0.7456 0.0000
vt 0.4794 0.7478 0.0000
vt 0.4777 0.7523 0.0000
vt 0.4709 0.7500 0.0000
vt 0.1560 0.7979 0.0000
vt 0.1611 0.7958 0.0000
vt 0.1620 0.7992 0.0000
vt 0.1571 0.8011 0.0000
vt 0.1681 0.6267 0.0000
vt 0.1666 0.6257 0.0000
vt 0.1687 0.6221 0.0000
vt 0.1700 0.6229 0.0000
vt 0.2765 0.8378 0.0000
vt 0.2808 0.8354 0.0000
vt 0.2821 0.8402 0.0000
vt 0.2780 0.8425 0.0000
vt 0.1872 0.7030 0.0000
vt 0.1937 0.7071 0.0000
vt 0.1914 0.7118 0.0000
vt 0.1851 0.7073 0.0000
vt 0.4191 0.8298 0.0000
vt 0.4239 0.8300 0.0000
vt 0.4226 0.8358 0.0000
vt 0.4178 0.8355 0.0000
vt 0.4853 0.7191 0.0000
vt 0.4923 0.7205 0.0000
vt 0.2194 0.8258 0.0000
vt 0.2229 0.8227 0.0000
vt 0.2253 0.8271 0.0000
vt 0.2217 0.8300 0.0000
vt 0.4706 0.8494 0.0000
vt 0.4695 0.8549 0.0000
vt 0.4652 0.8529 0.0000
vt 0.4661 0.8473 0.0000
vt 0.0814 0.7444 0.0000
vt 0.0790 0.7494 0.0000
vt 0.0792 0.7438 0.0000
vt 0.2834 0.8749 0.0000
vt 0.2797 0.8776 0.0000
vt 0.2780 0.8726 0.0000
vt 0.2816 0.8699 0.0000
vt 0.1289 0.7968 0.0000
vt 0.1341 0.7934 0.0000
vt 0.1357 0.7972 0.0000
vt 0.1306 0.8009 0.0000
vt 0.4030 0.8583 0.0000
vt 0.4076 0.8583 0.0000
vt 0.4062 0.8642 0.0000
vt 0.4014 0.8643 0.0000
vt 0.2486 0.9081 0.0000
vt 0.2538 0.9074 0.0000
vt 0.2540 0.9105 0.0000
vt 0.2487 0.9111 0.0000
vt 0.3765 0.6930 0.0000
vt 0.3714 0.6955 0.0000
vt 0.3691 0.6902 0.0000
vt 0.3738 0.6874 0.0000
vt 0.1737 0.9331 0.0000
vt 0.1677 0.9305 0.0000
vt 0.1714 0.9272 0.0000
vt 0.1767 0.9292 0.0000
vt 0.2120 0.8315 0.0000
vt 0.2080 0.8340 0.0000
vt 0.4993 0.8106 0.0000
vt 0.5035 0.8131 0.0000
vt 0.5013 0.8180 0.0000
vt 0.4970 0.8155 0.0000
vt 0.2577 0.8681 0.0000
vt 0.2616 0.8656 0.0000
vt 0.2633 0.8704 0.0000
vt 0.2594 0.8728 0.0000
vt 0.4401 0.7947 0.0000
vt 0.4350 0.7945 0.0000
vt 0.4358 0.7887 0.0000
vt 0.4411 0.7891 0.0000
vt 0.3084 0.7122 0.0000
vt 0.3128 0.7138 0.0000
vt 0.3107 0.7186 0.0000
vt 0.3063 0.7170 0.0000
vt 0.3505 0.6677 0.0000
vt 0.3527 0.6701 0.0000
vt 0.3488 0.6736 0.0000
vt 0.3465 0.6714 0.0000
vt 0.4112 0.8640 0.0000
vt 0.4098 0.8696 0.0000
vt 0.4047 0.8701 0.0000
vt 0.3279 0.7037 0.0000
vt 0.3248 0.7022 0.0000
vt 0.3251 0.6970 0.0000
vt 0.3283 0.6988 0.0000
vt 0.1768 0.8447 0.0000
vt 0.1756 0.8415 0.0000
vt 0.1784 0.8403 0.0000
vt 0.1796 0.8435 0.0000
vt 0.1346 0.7402 0.0000
vt 0.1332 0.7429 0.0000
vt 0.3676 0.7536 0.0000
vt 0.3675 0.7484 0.0000
vt 0.3727 0.7476 0.0000
vt 0.3727 0.7530 0.0000
vt 0.3544 0.8232 0.0000
vt 0.3550 0.8184 0.0000
vt 0.3602 0.8196 0.0000
vt 0.3595 0.8246 0.0000
vt 0.1541 0.8508 0.0000
vt 0.1493 0.8527 0.0000
vt 0.1479 0.8490 0.0000
vt 0.1525 0.8473 0.0000
vt 0.4555 0.7754 0.0000
vt 0.4497 0.7739 0.0000
vt 0.5120 0.8173 0.0000
vt 0.5143 0.8128 0.0000
vt 0.5188 0.8151 0.0000
vt 0.5165 0.8194 0.0000
vt 0.3338 0.7752 0.0000
vt 0.3338 0.7706 0.0000
vt 0.3399 0.7706 0.0000
vt 0.3398 0.7753 0.0000
vt 0.2705 0.7084 0.0000
vt 0.2655 0.7106 0.0000
vt 0.2628 0.7058 0.0000
vt 0.2677 0.7037 0.0000
vt 0.2728 0.7952 0.0000
vt 0.2712 0.7904 0.0000
vt 0.2767 0.7882 0.0000
vt 0.2781 0.7932 0.0000
vt 0.2461 0.7915 0.0000
vt 0.2483 0.7960 0.0000
vt 0.2436 0.7989 0.0000
vt 0.2412 0.7945 0.0000
vt 0.1346 0.7792 0.0000
vt 0.1396 0.7764 0.0000
vt 0.1414 0.7801 0.0000
vt 0.1363 0.7830 0.0000
vt 0.3652 0.8213 0.0000
vt 0.3701 0.8229 0.0000
vt 0.3693 0.8282 0.0000
vt 0.3645 0.8263 0.0000
vt 0.3144 0.8420 0.0000
vt 0.3103 0.8427 0.0000
vt 0.3094 0.8376 0.0000
vt 0.3135 0.8369 0.0000
vt 0.1146 0.7688 0.0000
vt 0.1102 0.7699 0.0000
vt 0.1088 0.7650 0.0000
vt 0.1131 0.7643 0.0000
vt 0.3455 0.6454 0.0000
vt 0.3386 0.6419 0.0000
vt 0.3467 0.6424 0.0000
vt 0.1609 0.6324 0.0000
vt 0.1630 0.6286 0.0000
vt 0.1647 0.6296 0.0000
vt 0.1628 0.6336 0.0000
vt 0.2105 0.8896 0.0000
vt 0.2153 0.8881 0.0000
vt 0.2166 0.8914 0.0000
vt 0.2120 0.8928 0.0000
vt 0.2329 0.8795 0.0000
vt 0.2374 0.8780 0.0000
vt 0.2388 0.8823 0.0000
vt 0.2343 0.8836 0.0000
vt 0.4801 0.8175 0.0000
vt 0.4760 0.8148 0.0000
vt 0.4784 0.8095 0.0000
vt 0.4824 0.8122 0.0000
vt 0.1675 0.8015 0.0000
vt 0.1672 0.8054 0.0000
vt 0.1626 0.8064 0.0000
vt 0.1625 0.8027 0.0000
vt 0.5172 0.8300 0.0000
vt 0.5156 0.8343 0.0000
vt 0.5109 0.8329 0.0000
vt 0.4427 0.8907 0.0000
vt 0.4400 0.8842 0.0000
vt 0.4442 0.8858 0.0000
vt 0.2978 0.6809 0.0000
vt 0.2960 0.6850 0.0000
vt 0.2931 0.6829 0.0000
vt 0.2947 0.6791 0.0000
vt 0.3437 0.8688 0.0000
vt 0.3434 0.8653 0.0000
vt 0.3461 0.8660 0.0000
vt 0.3468 0.8699 0.0000
vt 0.2187 0.8831 0.0000
vt 0.2236 0.8820 0.0000
vt 0.2249 0.8856 0.0000
vt 0.2200 0.8868 0.0000
vt 0.3212 0.6510 0.0000
vt 0.3195 0.6557 0.0000
vt 0.3151 0.6549 0.0000
vt 0.3168 0.6502 0.0000
vt 0.5582 0.6544 0.0000
vt 0.5554 0.6558 0.0000
vt 0.5548 0.6544 0.0000
vt 0.5578 0.6533 0.0000
vt 0.1925 0.6115 0.0000
vt 0.1887 0.6118 0.0000
vt 0.1885 0.6105 0.0000
vt 0.1925 0.6102 0.0000
vt 0.2053 0.8995 0.0000
vt 0.2070 0.9016 0.0000
vt 0.2044 0.9045 0.0000
vt 0.2024 0.9022 0.0000
vt 0.3735 0.8901 0.0000
vt 0.3767 0.8903 0.0000
vt 0.3739 0.8965 0.0000
vt 0.3704 0.8957 0.0000
vt 0.4633 0.7231 0.0000
vt 0.4564 0.7210 0.0000
vt 0.4570 0.7164 0.0000
vt 0.4638 0.7184 0.0000
vt 0.1305 0.7171 0.0000
vt 0.1276 0.7203 0.0000
vt 0.1217 0.7175 0.0000
vt 0.1254 0.7141 0.0000
vt 0.2712 0.7571 0.0000
vt 0.2649 0.7596 0.0000
vt 0.2619 0.7550 0.0000
vt 0.2682 0.7524 0.0000
vt 0.1745 0.6217 0.0000
vt 0.1758 0.6243 0.0000
vt 0.1744 0.6252 0.0000
vt 0.1729 0.6241 0.0000
vt 0.3046 0.6729 0.0000
vt 0.3027 0.6780 0.0000
vt 0.2995 0.6763 0.0000
vt 0.3011 0.6715 0.0000
vt 0.3178 0.7266 0.0000
vt 0.3197 0.7217 0.0000
vt 0.3538 0.7108 0.0000
vt 0.3546 0.7156 0.0000
vt 0.3496 0.7175 0.0000
vt 0.3489 0.7128 0.0000
vt 0.3512 0.8747 0.0000
vt 0.3466 0.8737 0.0000
vt 0.3513 0.8702 0.0000
vt 0.1239 0.7473 0.0000
vt 0.1185 0.7454 0.0000
vt 0.1202 0.7419 0.0000
vt 0.1259 0.7438 0.0000
vt 0.1232 0.7800 0.0000
vt 0.1279 0.7778 0.0000
vt 0.1296 0.7818 0.0000
vt 0.1247 0.7843 0.0000
vt 0.2448 0.7645 0.0000
vt 0.2391 0.7677 0.0000
vt 0.2362 0.7638 0.0000
vt 0.2418 0.7604 0.0000
vt 0.5616 0.7854 0.0000
vt 0.2797 0.8898 0.0000
vt 0.2815 0.8943 0.0000
vt 0.2773 0.8967 0.0000
vt 0.2757 0.8923 0.0000
vt 0.1644 0.9096 0.0000
vt 0.1606 0.9129 0.0000
vt 0.1569 0.9087 0.0000
vt 0.3009 0.9055 0.0000
vt 0.3048 0.9031 0.0000
vt 0.3067 0.9079 0.0000
vt 0.3027 0.9103 0.0000
vt 0.2502 0.8884 0.0000
vt 0.1465 0.7773 0.0000
vt 0.1484 0.7810 0.0000
vt 0.1433 0.7838 0.0000
vt 0.5364 0.9177 0.0000
vt 0.5334 0.9145 0.0000
vt 0.5373 0.9132 0.0000
vt 0.5396 0.9179 0.0000
vt 0.2199 0.9088 0.0000
vt 0.2159 0.9085 0.0000
vt 0.2159 0.9056 0.0000
vt 0.1851 0.7423 0.0000
vt 0.1886 0.7463 0.0000
vt 0.1840 0.7496 0.0000
vt 0.1802 0.7457 0.0000
vt 0.1447 0.7316 0.0000
vt 0.1383 0.7304 0.0000
vt 0.1388 0.7284 0.0000
vt 0.1445 0.7291 0.0000
vt 0.3471 0.8878 0.0000
vt 0.3443 0.8907 0.0000
vt 0.3400 0.8884 0.0000
vt 0.3429 0.8856 0.0000
vt 0.2367 0.6293 0.0000
vt 0.2813 0.8028 0.0000
vt 0.2797 0.7980 0.0000
vt 0.2849 0.7961 0.0000
vt 0.2864 0.8011 0.0000
vt 0.4178 0.7765 0.0000
vt 0.4226 0.7766 0.0000
vt 0.4219 0.7827 0.0000
vt 0.2762 0.8047 0.0000
vt 0.2778 0.8095 0.0000
vt 0.2729 0.8115 0.0000
vt 0.1592 0.8948 0.0000
vt 0.1656 0.8954 0.0000
vt 0.3063 0.7906 0.0000
vt 0.3117 0.7899 0.0000
vt 0.3123 0.7948 0.0000
vt 0.3071 0.7955 0.0000
vt 0.2251 0.6229 0.0000
vt 0.2258 0.6192 0.0000
vt 0.3094 0.8108 0.0000
vt 0.3049 0.8116 0.0000
vt 0.3039 0.8065 0.0000
vt 0.3086 0.8056 0.0000
vt 0.3136 0.6701 0.0000
vt 0.3099 0.6693 0.0000
vt 0.3117 0.6644 0.0000
vt 0.3157 0.6651 0.0000
vt 0.1536 0.6836 0.0000
vt 0.1515 0.6867 0.0000
vt 0.1465 0.6835 0.0000
vt 0.1486 0.6805 0.0000
vt 0.5339 0.7952 0.0000
vt 0.5378 0.7979 0.0000
vt 0.5343 0.8019 0.0000
vt 0.5302 0.7992 0.0000
vt 0.4026 0.8403 0.0000
vt 0.4037 0.8345 0.0000
vt 0.4084 0.8348 0.0000
vt 0.4071 0.8407 0.0000
vt 0.1874 0.6803 0.0000
vt 0.1862 0.6855 0.0000
vt 0.1807 0.6834 0.0000
vt 0.1821 0.6787 0.0000
vt 0.3207 0.8299 0.0000
vt 0.3167 0.8309 0.0000
vt 0.2118 0.9127 0.0000
vt 0.2156 0.9132 0.0000
vt 0.2153 0.9155 0.0000
vt 0.2115 0.9148 0.0000
vt 0.1309 0.7715 0.0000
vt 0.1355 0.7690 0.0000
vt 0.1377 0.7727 0.0000
vt 0.1328 0.7753 0.0000
vt 0.1625 0.8681 0.0000
vt 0.1608 0.8646 0.0000
vt 0.1681 0.8334 0.0000
vt 0.1638 0.8347 0.0000
vt 0.1626 0.8318 0.0000
vt 0.1666 0.8307 0.0000
vt 0.1604 0.8259 0.0000
vt 0.1561 0.8261 0.0000
vt 0.1558 0.8241 0.0000
vt 0.1600 0.8239 0.0000
vt 0.1902 0.7832 0.0000
vt 0.1931 0.7866 0.0000
vt 0.1885 0.7900 0.0000
vt 0.1857 0.7867 0.0000
vt 0.3358 0.9399 0.0000
vt 0.3348 0.9370 0.0000
vt 0.3386 0.9353 0.0000
vt 0.3395 0.9382 0.0000
vt 0.1311 0.9005 0.0000
vt 0.1363 0.8977 0.0000
vt 0.1385 0.9017 0.0000
vt 0.1330 0.9047 0.0000
vt 0.3791 0.6641 0.0000
vt 0.3784 0.6655 0.0000
vt 0.3735 0.6628 0.0000
vt 0.3732 0.6611 0.0000
vt 0.1481 0.7941 0.0000
vt 0.1496 0.7973 0.0000
vt 0.1298 0.8376 0.0000
vt 0.1287 0.8333 0.0000
vt 0.1333 0.8321 0.0000
vt 0.1344 0.8362 0.0000
vt 0.2737 0.7129 0.0000
vt 0.2689 0.7152 0.0000
vt 0.1249 0.7292 0.0000
vt 0.1313 0.7306 0.0000
vt 0.1310 0.7318 0.0000
vt 0.1245 0.7305 0.0000
vt 0.4842 0.7546 0.0000
vt 0.4824 0.7590 0.0000
vt 0.4759 0.7566 0.0000
vt 0.5188 0.8771 0.0000
vt 0.5129 0.8770 0.0000
vt 0.5133 0.8721 0.0000
vt 0.5189 0.8723 0.0000
vt 0.2109 0.8519 0.0000
vt 0.2125 0.8556 0.0000
vt 0.2080 0.8576 0.0000
vt 0.2063 0.8539 0.0000
vt 0.3394 0.8640 0.0000
vt 0.3397 0.8595 0.0000
vt 0.3420 0.8597 0.0000
vt 0.3414 0.8644 0.0000
vt 0.4469 0.6971 0.0000
vt 0.4478 0.6922 0.0000
vt 0.4540 0.6919 0.0000
vt 0.4526 0.6990 0.0000
vt 0.1379 0.8152 0.0000
vt 0.1424 0.8168 0.0000
vt 0.1418 0.8206 0.0000
vt 0.1367 0.8196 0.0000
vt 0.1893 0.9239 0.0000
vt 0.1861 0.9221 0.0000
vt 0.1883 0.9179 0.0000
vt 0.1915 0.9198 0.0000
vt 0.1630 0.6620 0.0000
vt 0.1678 0.6642 0.0000
vt 0.1669 0.6682 0.0000
vt 0.1619 0.6658 0.0000
vt 0.3328 0.6548 0.0000
vt 0.3269 0.6526 0.0000
vt 0.2866 0.6584 0.0000
vt 0.2889 0.6589 0.0000
vt 0.2875 0.6634 0.0000
vt 0.2851 0.6630 0.0000
vt 0.1217 0.7759 0.0000
vt 0.1185 0.7820 0.0000
vt 0.1172 0.7777 0.0000
vt 0.3714 0.8122 0.0000
vt 0.3761 0.8134 0.0000
vt 0.3755 0.8189 0.0000
vt 0.3708 0.8175 0.0000
vt 0.1375 0.6944 0.0000
vt 0.1350 0.6970 0.0000
vt 0.1306 0.6932 0.0000
vt 0.1330 0.6908 0.0000
vt 0.4091 0.7701 0.0000
vt 0.4044 0.7698 0.0000
vt 0.4047 0.7640 0.0000
vt 0.4096 0.7643 0.0000
vt 0.2702 0.9078 0.0000
vt 0.2751 0.9058 0.0000
vt 0.2759 0.9088 0.0000
vt 0.2709 0.9107 0.0000
vt 0.4444 0.7416 0.0000
vt 0.4509 0.7437 0.0000
vt 0.4495 0.7483 0.0000
vt 0.4431 0.7462 0.0000
vt 0.1952 0.6431 0.0000
vt 0.1974 0.6483 0.0000
vt 0.3302 0.6431 0.0000
vt 0.3370 0.6457 0.0000
vt 0.3350 0.6503 0.0000
vt 0.3286 0.6480 0.0000
vt 0.1632 0.7130 0.0000
vt 0.1604 0.7158 0.0000
vt 0.1552 0.7116 0.0000
vt 0.1579 0.7089 0.0000
vt 0.3890 0.6958 0.0000
vt 0.3838 0.6969 0.0000
vt 0.3819 0.6909 0.0000
vt 0.3872 0.6892 0.0000
vt 0.3445 0.7189 0.0000
vt 0.3398 0.7198 0.0000
vt 0.3766 0.9025 0.0000
vt 0.3787 0.8974 0.0000
vt 0.3808 0.8977 0.0000
vt 0.3792 0.9025 0.0000
vt 0.3020 0.7965 0.0000
vt 0.3079 0.8005 0.0000
vt 0.3029 0.8014 0.0000
vt 0.1999 0.9308 0.0000
vt 0.1981 0.9244 0.0000
vt 0.2022 0.9270 0.0000
vt 0.2187 0.8575 0.0000
vt 0.2230 0.8555 0.0000
vt 0.2247 0.8594 0.0000
vt 0.2204 0.8614 0.0000
vt 0.1569 0.8287 0.0000
vt 0.1524 0.8292 0.0000
vt 0.1516 0.8265 0.0000
vt 0.2127 0.7289 0.0000
vt 0.2165 0.7329 0.0000
vt 0.2081 0.7325 0.0000
vt 0.1098 0.7059 0.0000
vt 0.1131 0.7099 0.0000
vt 0.1095 0.7139 0.0000
vt 0.1060 0.7101 0.0000
vt 0.5437 0.6697 0.0000
vt 0.5403 0.6729 0.0000
vt 0.5380 0.6704 0.0000
vt 0.5419 0.6674 0.0000
vt 0.2672 0.9231 0.0000
vt 0.2675 0.9276 0.0000
vt 0.1797 0.8972 0.0000
vt 0.1783 0.8947 0.0000
vt 0.1823 0.8929 0.0000
vt 0.1833 0.8976 0.0000
vt 0.0716 0.7335 0.0000
vt 0.0746 0.7309 0.0000
vt 0.0755 0.7340 0.0000
vt 0.0730 0.7369 0.0000
vt 0.1627 0.6435 0.0000
vt 0.1617 0.6477 0.0000
vt 0.1582 0.6457 0.0000
vt 0.1597 0.6417 0.0000
vt 0.4058 0.8466 0.0000
vt 0.4104 0.8468 0.0000
vt 0.4091 0.8526 0.0000
vt 0.4045 0.8523 0.0000
vt 0.5509 0.6640 0.0000
vt 0.5542 0.6613 0.0000
vt 0.5556 0.6629 0.0000
vt 0.5525 0.6657 0.0000
vt 0.1737 0.8461 0.0000
vt 0.1698 0.8479 0.0000
vt 0.1683 0.8447 0.0000
vt 0.1723 0.8429 0.0000
vt 0.3414 0.6535 0.0000
vt 0.3387 0.6577 0.0000
vt 0.2516 0.6573 0.0000
vt 0.2554 0.6582 0.0000
vt 0.2533 0.6649 0.0000
vt 0.2494 0.6640 0.0000
vt 0.1554 0.7818 0.0000
vt 0.1604 0.7791 0.0000
vt 0.1625 0.7827 0.0000
vt 0.1571 0.7853 0.0000
vt 0.3860 0.7093 0.0000
vt 0.3808 0.7104 0.0000
vt 0.3798 0.7046 0.0000
vt 0.3851 0.7031 0.0000
vt 0.1463 0.8583 0.0000
vt 0.1417 0.8604 0.0000
vt 0.2602 0.7786 0.0000
vt 0.2582 0.7741 0.0000
vt 0.2639 0.7714 0.0000
vt 0.4740 0.7411 0.0000
vt 0.4684 0.7344 0.0000
vt 0.4754 0.7366 0.0000
vt 0.3870 0.7577 0.0000
vt 0.3825 0.7577 0.0000
vt 0.3827 0.7521 0.0000
vt 0.3872 0.7520 0.0000
vt 0.3516 0.7704 0.0000
vt 0.3573 0.7701 0.0000
vt 0.5492 0.6689 0.0000
vt 0.5542 0.6675 0.0000
vt 0.5510 0.6707 0.0000
vt 0.4897 0.8519 0.0000
vt 0.4887 0.8569 0.0000
vt 0.4840 0.8553 0.0000
vt 0.4851 0.8501 0.0000
vt 0.5571 0.6589 0.0000
vt 0.5584 0.6603 0.0000
vt 0.3675 0.8007 0.0000
vt 0.3725 0.8014 0.0000
vt 0.3720 0.8068 0.0000
vt 0.3670 0.8059 0.0000
vt 0.1413 0.8950 0.0000
vt 0.1343 0.8937 0.0000
vt 0.1392 0.8910 0.0000
vt 0.1570 0.6402 0.0000
vt 0.1589 0.6363 0.0000
vt 0.1611 0.6377 0.0000
vt 0.4327 0.7019 0.0000
vt 0.4265 0.6992 0.0000
vt 0.4278 0.6946 0.0000
vt 0.4339 0.6974 0.0000
vt 0.1677 0.7800 0.0000
vt 0.1729 0.7773 0.0000
vt 0.1754 0.7813 0.0000
vt 0.1698 0.7838 0.0000
vt 0.4806 0.8481 0.0000
vt 0.4795 0.8536 0.0000
vt 0.1910 0.6510 0.0000
vt 0.1936 0.6568 0.0000
vt 0.1910 0.6576 0.0000
vt 0.1889 0.6518 0.0000
vt 0.3777 0.7579 0.0000
vt 0.3778 0.7524 0.0000
vt 0.1502 0.8406 0.0000
vt 0.1512 0.8437 0.0000
vt 0.1464 0.8455 0.0000
vt 0.1454 0.8419 0.0000
vt 0.2471 0.6219 0.0000
vt 0.2506 0.6227 0.0000
vt 0.2492 0.6286 0.0000
vt 0.2457 0.6273 0.0000
vt 0.2615 0.6393 0.0000
vt 0.2595 0.6455 0.0000
vt 0.2559 0.6443 0.0000
vt 0.2579 0.6381 0.0000
vt 0.5468 0.7593 0.0000
vt 0.5409 0.7566 0.0000
vt 0.5426 0.7525 0.0000
vt 0.5487 0.7551 0.0000
vt 0.5679 0.7598 0.0000
vt 0.5725 0.7564 0.0000
vt 0.3034 0.6994 0.0000
vt 0.3078 0.7011 0.0000
vt 0.3060 0.7057 0.0000
vt 0.3017 0.7038 0.0000
vt 0.4873 0.8015 0.0000
vt 0.4830 0.7988 0.0000
vt 0.4855 0.7937 0.0000
vt 0.4898 0.7966 0.0000
vt 0.5221 0.8316 0.0000
vt 0.5269 0.8332 0.0000
vt 0.1830 0.6737 0.0000
vt 0.1765 0.6768 0.0000
vt 0.1776 0.6724 0.0000
vt 0.5067 0.8468 0.0000
vt 0.5019 0.8455 0.0000
vt 0.5032 0.8409 0.0000
vt 0.2495 0.9306 0.0000
vt 0.2497 0.9352 0.0000
vt 0.2437 0.9358 0.0000
vt 0.2437 0.9311 0.0000
vt 0.2624 0.7997 0.0000
vt 0.2675 0.7973 0.0000
vt 0.3562 0.7305 0.0000
vt 0.3564 0.7355 0.0000
vt 0.3510 0.7367 0.0000
vt 0.3508 0.7319 0.0000
vt 0.2410 0.7287 0.0000
vt 0.2379 0.7246 0.0000
vt 0.2438 0.7206 0.0000
vt 0.2469 0.7252 0.0000
vt 0.4731 0.8848 0.0000
vt 0.4744 0.8796 0.0000
vt 0.4791 0.8810 0.0000
vt 0.4778 0.8862 0.0000
vt 0.3916 0.7405 0.0000
vt 0.3873 0.7405 0.0000
vt 0.4973 0.8278 0.0000
vt 0.5018 0.8298 0.0000
vt 0.5001 0.8346 0.0000
vt 0.4954 0.8326 0.0000
vt 0.2412 0.7162 0.0000
vt 0.2469 0.7126 0.0000
vt 0.2494 0.7175 0.0000
vt 0.1910 0.7317 0.0000
vt 0.1864 0.7349 0.0000
vt 0.1867 0.7273 0.0000
vt 0.3404 0.8711 0.0000
vt 0.3411 0.8680 0.0000
vt 0.3429 0.8723 0.0000
vt 0.4575 0.7116 0.0000
vt 0.4643 0.7137 0.0000
vt 0.1412 0.7938 0.0000
vt 0.2652 0.9098 0.0000
vt 0.2645 0.9071 0.0000
vt 0.2694 0.9048 0.0000
vt 0.5153 0.7319 0.0000
vt 0.5066 0.7295 0.0000
vt 0.5059 0.7226 0.0000
vt 0.5125 0.7233 0.0000
vt 0.5165 0.7469 0.0000
vt 0.5219 0.7505 0.0000
vt 0.5202 0.7551 0.0000
vt 0.5145 0.7517 0.0000
vt 0.4852 0.7084 0.0000
vt 0.4787 0.7072 0.0000
vt 0.4788 0.7019 0.0000
vt 0.4849 0.7026 0.0000
vt 0.1909 0.9459 0.0000
vt 0.1898 0.9488 0.0000
vt 0.1847 0.9450 0.0000
vt 0.1855 0.9425 0.0000
vt 0.2956 0.6321 0.0000
vt 0.2962 0.6346 0.0000
vt 0.2953 0.6355 0.0000
vt 0.2941 0.6332 0.0000
vt 0.3754 0.6680 0.0000
vt 0.3774 0.6669 0.0000
vt 0.3820 0.6705 0.0000
vt 0.3798 0.6718 0.0000
vt 0.5010 0.7663 0.0000
vt 0.5066 0.7691 0.0000
vt 0.5041 0.7733 0.0000
vt 0.4987 0.7705 0.0000
vt 0.3761 0.8829 0.0000
vt 0.3776 0.8755 0.0000
vt 0.3808 0.8757 0.0000
vt 0.3793 0.8830 0.0000
vt 0.2594 0.9091 0.0000
vt 0.2588 0.9060 0.0000
vt 0.4538 0.8032 0.0000
vt 0.4491 0.8018 0.0000
vt 0.4555 0.7977 0.0000
vt 0.1273 0.8775 0.0000
vt 0.1226 0.8798 0.0000
vt 0.3141 0.8784 0.0000
vt 0.3110 0.8798 0.0000
vt 0.1242 0.8840 0.0000
vt 0.1289 0.8816 0.0000
vt 0.5088 0.7485 0.0000
vt 0.5108 0.7436 0.0000
vt 0.4318 0.8367 0.0000
vt 0.4362 0.8375 0.0000
vt 0.4351 0.8434 0.0000
vt 0.4306 0.8426 0.0000
vt 0.5368 0.6823 0.0000
vt 0.5397 0.6787 0.0000
vt 0.5423 0.6807 0.0000
vt 0.5397 0.6842 0.0000
vt 0.1863 0.8734 0.0000
vt 0.1840 0.8742 0.0000
vt 0.1827 0.8706 0.0000
vt 0.1852 0.8696 0.0000
vt 0.1149 0.7887 0.0000
vt 0.1138 0.7839 0.0000
vt 0.2897 0.8316 0.0000
vt 0.2852 0.8334 0.0000
vt 0.2840 0.8286 0.0000
vt 0.3294 0.9344 0.0000
vt 0.3336 0.9328 0.0000
vt 0.3307 0.9386 0.0000
vt 0.5069 0.7532 0.0000
vt 0.5009 0.7505 0.0000
vt 0.5027 0.7457 0.0000
vt 0.3279 0.7570 0.0000
vt 0.3218 0.7565 0.0000
vt 0.3221 0.7520 0.0000
vt 0.3281 0.7525 0.0000
vt 0.1301 0.8711 0.0000
vt 0.2283 0.9164 0.0000
vt 0.2281 0.9191 0.0000
vt 0.2234 0.9189 0.0000
vt 0.2236 0.9162 0.0000
vt 0.4070 0.7874 0.0000
vt 0.4079 0.7817 0.0000
vt 0.5076 0.8153 0.0000
vt 0.5054 0.8201 0.0000
vt 0.3292 0.7389 0.0000
vt 0.3297 0.7342 0.0000
vt 0.3347 0.7343 0.0000
vt 0.3344 0.7389 0.0000
vt 0.4672 0.8229 0.0000
vt 0.4715 0.8254 0.0000
vt 0.4698 0.8308 0.0000
vt 0.4599 0.7823 0.0000
vt 0.4810 0.7434 0.0000
vt 0.4861 0.7502 0.0000
vt 0.3268 0.8688 0.0000
vt 0.3298 0.8676 0.0000
vt 0.3302 0.8713 0.0000
vt 0.3273 0.8723 0.0000
vt 0.3741 0.6644 0.0000
vt 0.1616 0.7557 0.0000
vt 0.1650 0.7521 0.0000
vt 0.1690 0.8354 0.0000
vt 0.1645 0.8368 0.0000
vt 0.2132 0.8246 0.0000
vt 0.2157 0.8287 0.0000
vt 0.2039 0.7546 0.0000
vt 0.2005 0.7507 0.0000
vt 0.2035 0.9147 0.0000
vt 0.2072 0.9163 0.0000
vt 0.2060 0.9196 0.0000
vt 0.2020 0.9176 0.0000
vt 0.2168 0.7698 0.0000
vt 0.2138 0.7661 0.0000
vt 0.2190 0.7627 0.0000
vt 0.2221 0.7665 0.0000
vt 0.5403 0.9216 0.0000
vt 0.5356 0.9201 0.0000
vt 0.3297 0.8896 0.0000
vt 0.3338 0.8933 0.0000
vt 0.3288 0.8956 0.0000
vt 0.3258 0.8913 0.0000
vt 0.2219 0.6317 0.0000
vt 0.2256 0.6346 0.0000
vt 0.2232 0.6394 0.0000
vt 0.2198 0.6363 0.0000
vt 0.2110 0.6195 0.0000
vt 0.2061 0.6173 0.0000
vt 0.2064 0.6149 0.0000
vt 0.2115 0.6166 0.0000
vt 0.2579 0.7197 0.0000
vt 0.2634 0.7175 0.0000
vt 0.2672 0.7222 0.0000
vt 0.2615 0.7244 0.0000
vt 0.1176 0.7988 0.0000
vt 0.1133 0.8019 0.0000
vt 0.1118 0.7961 0.0000
vt 0.1161 0.7937 0.0000
vt 0.3263 0.9234 0.0000
vt 0.3305 0.9215 0.0000
vt 0.3322 0.9272 0.0000
vt 0.3280 0.9290 0.0000
vt 0.3629 0.6655 0.0000
vt 0.3611 0.6634 0.0000
vt 0.3650 0.6608 0.0000
vt 0.3668 0.6630 0.0000
vt 0.3180 0.8608 0.0000
vt 0.3223 0.8606 0.0000
vt 0.3226 0.8649 0.0000
vt 0.3186 0.8650 0.0000
vt 0.1406 0.7422 0.0000
vt 0.1385 0.7453 0.0000
vt 0.0961 0.7801 0.0000
vt 0.0992 0.7787 0.0000
vt 0.1006 0.7835 0.0000
vt 0.0974 0.7848 0.0000
vt 0.3856 0.8029 0.0000
vt 0.3890 0.8032 0.0000
vt 0.3884 0.8092 0.0000
vt 0.3851 0.8089 0.0000
vt 0.1822 0.9408 0.0000
vt 0.1818 0.9450 0.0000
vt 0.2697 0.7337 0.0000
vt 0.2634 0.7360 0.0000
vt 0.3131 0.9495 0.0000
vt 0.3078 0.9515 0.0000
vt 0.3066 0.9473 0.0000
vt 0.3119 0.9455 0.0000
vt 0.1946 0.9221 0.0000
vt 0.1824 0.6189 0.0000
vt 0.1836 0.6183 0.0000
vt 0.2544 0.8867 0.0000
vt 0.2556 0.8915 0.0000
vt 0.2514 0.8931 0.0000
vt 0.4909 0.8302 0.0000
vt 0.4928 0.8254 0.0000
vt 0.4239 0.7085 0.0000
vt 0.4251 0.7038 0.0000
vt 0.4316 0.7066 0.0000
vt 0.4303 0.7113 0.0000
vt 0.2375 0.8299 0.0000
vt 0.2413 0.8267 0.0000
vt 0.3698 0.6583 0.0000
vt 0.3682 0.6594 0.0000
vt 0.3650 0.6558 0.0000
vt 0.3664 0.6540 0.0000
vt 0.3372 0.8641 0.0000
vt 0.3348 0.8648 0.0000
vt 0.3348 0.8604 0.0000
vt 0.3373 0.8597 0.0000
vt 0.1678 0.8784 0.0000
vt 0.1724 0.8757 0.0000
vt 0.1743 0.8791 0.0000
vt 0.1698 0.8820 0.0000
vt 0.3798 0.8499 0.0000
vt 0.3808 0.8441 0.0000
vt 0.3846 0.8447 0.0000
vt 0.3837 0.8506 0.0000
vt 0.3817 0.8831 0.0000
vt 0.3793 0.8905 0.0000
vt 0.5744 0.7584 0.0000
vt 0.5702 0.7619 0.0000
vt 0.4737 0.8201 0.0000
vt 0.4694 0.8174 0.0000
vt 0.4718 0.8120 0.0000
vt 0.3510 0.7414 0.0000
vt 0.3454 0.7377 0.0000
vt 0.2367 0.7445 0.0000
vt 0.2420 0.7407 0.0000
vt 0.2457 0.7450 0.0000
vt 0.2403 0.7486 0.0000
vt 0.4165 0.8413 0.0000
vt 0.4949 0.7637 0.0000
vt 0.4970 0.7594 0.0000
vt 0.5031 0.7620 0.0000
vt 0.1797 0.7530 0.0000
vt 0.1760 0.7563 0.0000
vt 0.1721 0.7524 0.0000
vt 0.1757 0.7492 0.0000
vt 0.3595 0.8874 0.0000
vt 0.3645 0.8884 0.0000
vt 0.3613 0.8925 0.0000
vt 0.3564 0.8911 0.0000
vt 0.3557 0.7255 0.0000
vt 0.3608 0.7237 0.0000
vt 0.3614 0.7290 0.0000
vt 0.3263 0.8644 0.0000
vt 0.3294 0.8635 0.0000
vt 0.2961 0.8843 0.0000
vt 0.2993 0.8818 0.0000
vt 0.3015 0.8860 0.0000
vt 0.2982 0.8884 0.0000
vt 0.2956 0.6950 0.0000
vt 0.2936 0.6991 0.0000
vt 0.2900 0.6962 0.0000
vt 0.2922 0.6924 0.0000
vt 0.1869 0.6464 0.0000
vt 0.1861 0.6528 0.0000
vt 0.1846 0.6473 0.0000
vt 0.4152 0.8469 0.0000
vt 0.1506 0.7641 0.0000
vt 0.3449 0.8777 0.0000
vt 0.3414 0.8757 0.0000
vt 0.1977 0.7832 0.0000
vt 0.1947 0.7797 0.0000
vt 0.1695 0.6787 0.0000
vt 0.1679 0.6825 0.0000
vt 0.1642 0.6760 0.0000
vt 0.1352 0.8405 0.0000
vt 0.1306 0.8420 0.0000
vt 0.4439 0.7727 0.0000
vt 0.4485 0.7791 0.0000
vt 0.4429 0.7780 0.0000
vt 0.3394 0.7151 0.0000
vt 0.3440 0.7144 0.0000
vt 0.4086 0.7759 0.0000
vt 0.4132 0.7763 0.0000
vt 0.1729 0.6663 0.0000
vt 0.1721 0.6704 0.0000
vt 0.2190 0.9186 0.0000
vt 0.2232 0.9223 0.0000
vt 0.2187 0.9221 0.0000
vt 0.4243 0.7524 0.0000
vt 0.4193 0.7520 0.0000
vt 0.4196 0.7460 0.0000
vt 0.4248 0.7466 0.0000
vt 0.3564 0.8041 0.0000
vt 0.3508 0.8034 0.0000
vt 0.3511 0.7988 0.0000
vt 0.3568 0.7993 0.0000
vt 0.2215 0.7171 0.0000
vt 0.2286 0.7121 0.0000
vt 0.2319 0.7164 0.0000
vt 0.2250 0.7212 0.0000
vt 0.3371 0.8910 0.0000
vt 0.3328 0.8877 0.0000
vt 0.3360 0.8855 0.0000
vt 0.2159 0.8633 0.0000
vt 0.2174 0.8670 0.0000
vt 0.2127 0.8688 0.0000
vt 0.2111 0.8651 0.0000
vt 0.4542 0.7805 0.0000
vt 0.4614 0.7773 0.0000
vt 0.3388 0.8741 0.0000
vt 0.1835 0.6687 0.0000
vt 0.1835 0.6638 0.0000
vt 0.1885 0.6638 0.0000
vt 0.1887 0.6690 0.0000
vt 0.2616 0.9289 0.0000
vt 0.2612 0.9243 0.0000
vt 0.2852 0.9047 0.0000
vt 0.2807 0.9068 0.0000
vt 0.2797 0.9037 0.0000
vt 0.2842 0.9015 0.0000
vt 0.1417 0.8240 0.0000
vt 0.1467 0.8241 0.0000
vt 0.1469 0.8266 0.0000
vt 0.1420 0.8268 0.0000
vt 0.3587 0.6608 0.0000
vt 0.3547 0.6642 0.0000
vt 0.3518 0.6611 0.0000
vt 0.3555 0.6574 0.0000
vt 0.5229 0.9185 0.0000
vt 0.5178 0.9157 0.0000
vt 0.5195 0.9124 0.0000
vt 0.5244 0.9158 0.0000
vt 0.2877 0.9428 0.0000
vt 0.2936 0.9411 0.0000
vt 0.2944 0.9462 0.0000
vt 0.2886 0.9478 0.0000
vt 0.1575 0.6994 0.0000
vt 0.1551 0.7023 0.0000
vt 0.1497 0.6986 0.0000
vt 0.1521 0.6958 0.0000
vt 0.2559 0.9345 0.0000
vt 0.2561 0.9392 0.0000
vt 0.2498 0.9399 0.0000
vt 0.4356 0.8184 0.0000
vt 0.4400 0.8188 0.0000
vt 0.4386 0.8252 0.0000
vt 0.4343 0.8246 0.0000
vt 0.4725 0.7656 0.0000
vt 0.4706 0.7700 0.0000
vt 0.3296 0.8842 0.0000
vt 0.3327 0.8826 0.0000
vt 0.5145 0.9095 0.0000
vt 0.5093 0.9071 0.0000
vt 0.5114 0.9027 0.0000
vt 0.5167 0.9055 0.0000
vt 0.2876 0.6999 0.0000
vt 0.2842 0.6963 0.0000
vt 0.2869 0.6927 0.0000
vt 0.3271 0.6871 0.0000
vt 0.3304 0.6891 0.0000
vt 0.3288 0.6938 0.0000
vt 0.3257 0.6921 0.0000
vt 0.3162 0.7042 0.0000
vt 0.3201 0.7057 0.0000
vt 0.3186 0.7106 0.0000
vt 0.3146 0.7091 0.0000
vt 0.2014 0.8426 0.0000
vt 0.1969 0.8447 0.0000
vt 0.1953 0.8410 0.0000
vt 0.1997 0.8388 0.0000
vt 0.3776 0.7745 0.0000
vt 0.3776 0.7690 0.0000
vt 0.3823 0.7688 0.0000
vt 0.3822 0.7744 0.0000
vt 0.4686 0.8834 0.0000
vt 0.4698 0.8780 0.0000
vt 0.1009 0.7429 0.0000
vt 0.0960 0.7432 0.0000
vt 0.0964 0.7378 0.0000
vt 0.1019 0.7382 0.0000
vt 0.2307 0.9546 0.0000
vt 0.2369 0.9550 0.0000
vt 0.2364 0.9598 0.0000
vt 0.1928 0.8842 0.0000
vt 0.1901 0.8851 0.0000
vt 0.1887 0.8811 0.0000
vt 0.1914 0.8802 0.0000
vt 0.5410 0.7934 0.0000
vt 0.5449 0.7959 0.0000
vt 0.5418 0.8004 0.0000
vt 0.1818 0.7717 0.0000
vt 0.1789 0.7676 0.0000
vt 0.1828 0.7643 0.0000
vt 0.1859 0.7684 0.0000
vt 0.1745 0.8981 0.0000
vt 0.1776 0.9005 0.0000
vt 0.1746 0.9050 0.0000
vt 0.1712 0.9021 0.0000
vt 0.3650 0.9118 0.0000
vt 0.3606 0.9167 0.0000
vt 0.3578 0.9145 0.0000
vt 0.3612 0.9103 0.0000
vt 0.1563 0.9156 0.0000
vt 0.1608 0.9197 0.0000
vt 0.1518 0.9178 0.0000
vt 0.3985 0.7805 0.0000
vt 0.4031 0.7811 0.0000
vt 0.4024 0.7867 0.0000
vt 0.3979 0.7861 0.0000
vt 0.5109 0.7606 0.0000
vt 0.5127 0.7563 0.0000
vt 0.5184 0.7594 0.0000
vt 0.5166 0.7638 0.0000
vt 0.1842 0.8300 0.0000
vt 0.1874 0.8276 0.0000
vt 0.1897 0.8307 0.0000
vt 0.1862 0.8330 0.0000
vt 0.3679 0.7694 0.0000
vt 0.3677 0.7641 0.0000
vt 0.3729 0.7637 0.0000
vt 0.3729 0.7692 0.0000
vt 0.3488 0.8267 0.0000
vt 0.3482 0.8314 0.0000
vt 0.3434 0.8308 0.0000
vt 0.3438 0.8261 0.0000
vt 0.3195 0.6355 0.0000
vt 0.3191 0.6403 0.0000
vt 0.3153 0.6396 0.0000
vt 0.3155 0.6349 0.0000
vt 0.1718 0.6200 0.0000
vt 0.1731 0.6207 0.0000
vt 0.1714 0.6236 0.0000
vt 0.4130 0.8352 0.0000
vt 0.4118 0.8409 0.0000
vt 0.3665 0.7272 0.0000
vt 0.3718 0.7255 0.0000
vt 0.3722 0.7311 0.0000
vt 0.3670 0.7326 0.0000
vt 0.1018 0.7179 0.0000
vt 0.1069 0.7212 0.0000
vt 0.1060 0.7236 0.0000
vt 0.1011 0.7206 0.0000
vt 0.5019 0.8055 0.0000
vt 0.4980 0.8027 0.0000
vt 0.5008 0.7977 0.0000
vt 0.5047 0.8006 0.0000
vt 0.2903 0.9573 0.0000
vt 0.2838 0.9591 0.0000
vt 0.2830 0.9542 0.0000
vt 0.2893 0.9525 0.0000
vt 0.2823 0.6624 0.0000
vt 0.2841 0.6578 0.0000
vt 0.2955 0.8140 0.0000
vt 0.2967 0.8191 0.0000
vt 0.1853 0.6362 0.0000
vt 0.1838 0.6367 0.0000
vt 0.1198 0.8361 0.0000
vt 0.1204 0.8409 0.0000
vt 0.1159 0.8429 0.0000
vt 0.1149 0.8381 0.0000
vt 0.5728 0.7638 0.0000
vt 0.5752 0.7658 0.0000
vt 0.5725 0.7690 0.0000
vt 0.5699 0.7672 0.0000
vt 0.4042 0.8048 0.0000
vt 0.4033 0.8107 0.0000
vt 0.3988 0.8100 0.0000
vt 0.3996 0.8042 0.0000
vt 0.1642 0.7864 0.0000
vt 0.1656 0.7900 0.0000
vt 0.1600 0.7922 0.0000
vt 0.1587 0.7888 0.0000
vt 0.4530 0.7857 0.0000
vt 0.4474 0.7843 0.0000
vt 0.4042 0.7278 0.0000
vt 0.4095 0.7278 0.0000
vt 0.3223 0.7846 0.0000
vt 0.3220 0.7798 0.0000
vt 0.3279 0.7798 0.0000
vt 0.3279 0.7845 0.0000
vt 0.3456 0.7846 0.0000
vt 0.3457 0.7799 0.0000
vt 0.3515 0.7847 0.0000
vt 0.2504 0.8613 0.0000
vt 0.2521 0.8657 0.0000
vt 0.2481 0.8680 0.0000
vt 0.2464 0.8635 0.0000
vt 0.1552 0.8977 0.0000
vt 0.1527 0.8937 0.0000
vt 0.1569 0.8909 0.0000
vt 0.2190 0.8708 0.0000
vt 0.2143 0.8726 0.0000
vt 0.3860 0.8568 0.0000
vt 0.3828 0.8563 0.0000
vt 0.3868 0.8509 0.0000
vt 0.2171 0.6408 0.0000
vt 0.2202 0.6442 0.0000
vt 0.2171 0.6488 0.0000
vt 0.2139 0.6450 0.0000
vt 0.3276 0.7659 0.0000
vt 0.3215 0.7656 0.0000
vt 0.3215 0.7610 0.0000
vt 0.3277 0.7614 0.0000
vt 0.2134 0.8958 0.0000
vt 0.2145 0.8989 0.0000
vt 0.2106 0.8998 0.0000
vt 0.2092 0.8972 0.0000
vt 0.4680 0.6937 0.0000
vt 0.4733 0.6952 0.0000
vt 0.4726 0.7009 0.0000
vt 0.4664 0.6991 0.0000
vt 0.3338 0.7617 0.0000
vt 0.3339 0.7571 0.0000
vt 0.1844 0.9375 0.0000
vt 0.1872 0.9336 0.0000
vt 0.1904 0.9357 0.0000
vt 0.1876 0.9395 0.0000
vt 0.2962 0.7245 0.0000
vt 0.2926 0.7291 0.0000
vt 0.2874 0.7256 0.0000
vt 0.2913 0.7217 0.0000
vt 0.1942 0.6321 0.0000
vt 0.1925 0.6329 0.0000
vt 0.1903 0.6286 0.0000
vt 0.1919 0.6275 0.0000
vt 0.4866 0.8278 0.0000
vt 0.4885 0.8227 0.0000
vt 0.1152 0.7377 0.0000
vt 0.1088 0.7363 0.0000
vt 0.1097 0.7339 0.0000
vt 0.1160 0.7355 0.0000
vt 0.2387 0.7902 0.0000
vt 0.2365 0.7977 0.0000
vt 0.1936 0.8629 0.0000
vt 0.1983 0.8613 0.0000
vt 0.1998 0.8650 0.0000
vt 0.1949 0.8666 0.0000
vt 0.2763 0.8675 0.0000
vt 0.2744 0.8753 0.0000
vt 0.2726 0.8703 0.0000
vt 0.2954 0.6277 0.0000
vt 0.2977 0.6274 0.0000
vt 0.2972 0.6317 0.0000
vt 0.2323 0.6715 0.0000
vt 0.2280 0.6683 0.0000
vt 0.2312 0.6624 0.0000
vt 0.2351 0.6651 0.0000
vt 0.2999 0.8921 0.0000
vt 0.2964 0.8945 0.0000
vt 0.2947 0.8909 0.0000
vt 0.3763 0.6731 0.0000
vt 0.3846 0.6767 0.0000
vt 0.3804 0.6778 0.0000
vt 0.4590 0.7016 0.0000
vt 0.4603 0.6964 0.0000
vt 0.1765 0.6292 0.0000
vt 0.1773 0.6243 0.0000
vt 0.1783 0.6287 0.0000
vt 0.3134 0.8051 0.0000
vt 0.3128 0.7999 0.0000
vt 0.1741 0.6339 0.0000
vt 0.1741 0.6384 0.0000
vt 0.1709 0.6379 0.0000
vt 0.1712 0.6333 0.0000
vt 0.4783 0.9035 0.0000
vt 0.4796 0.8977 0.0000
vt 0.4846 0.8982 0.0000
vt 0.4833 0.9037 0.0000
vt 0.3237 0.8729 0.0000
vt 0.3280 0.8754 0.0000
vt 0.3247 0.8762 0.0000
vt 0.5247 0.8677 0.0000
vt 0.5190 0.8676 0.0000
vt 0.5194 0.8630 0.0000
vt 0.5250 0.8634 0.0000
vt 0.1599 0.8220 0.0000
vt 0.1557 0.8221 0.0000
vt 0.1799 0.6380 0.0000
vt 0.1790 0.6333 0.0000
vt 0.1810 0.6327 0.0000
vt 0.1821 0.6373 0.0000
vt 0.0834 0.7446 0.0000
vt 0.3085 0.7236 0.0000
vt 0.3131 0.7251 0.0000
vt 0.3108 0.7302 0.0000
vt 0.3060 0.7286 0.0000
vt 0.2260 0.8385 0.0000
vt 0.2279 0.8427 0.0000
vt 0.3296 0.8323 0.0000
vt 0.3253 0.8336 0.0000
vt 0.3249 0.8287 0.0000
vt 0.3293 0.8275 0.0000
vt 0.5239 0.8274 0.0000
vt 0.5191 0.8256 0.0000
vt 0.5212 0.8214 0.0000
vt 0.5261 0.8233 0.0000
vt 0.5216 0.7044 0.0000
vt 0.5274 0.7044 0.0000
vt 0.5274 0.7091 0.0000
vt 0.5215 0.7096 0.0000
vt 0.5050 0.7577 0.0000
vt 0.4990 0.7551 0.0000
vt 0.2281 0.9015 0.0000
vt 0.2230 0.8977 0.0000
vt 0.2277 0.8974 0.0000
vt 0.5144 0.7679 0.0000
vt 0.5198 0.7711 0.0000
vt 0.5168 0.7753 0.0000
vt 0.5120 0.7721 0.0000
vt 0.2809 0.7814 0.0000
vt 0.2795 0.7765 0.0000
vt 0.2854 0.7745 0.0000
vt 0.2866 0.7795 0.0000
vt 0.2509 0.6357 0.0000
vt 0.2488 0.6419 0.0000
vt 0.2453 0.6403 0.0000
vt 0.2474 0.6343 0.0000
vt 0.3504 0.8661 0.0000
vt 0.2196 0.9136 0.0000
vt 0.2157 0.9110 0.0000
vt 0.2198 0.9112 0.0000
vt 0.2827 0.9138 0.0000
vt 0.2876 0.9119 0.0000
vt 0.2889 0.9164 0.0000
vt 0.2838 0.9183 0.0000
vt 0.1031 0.7944 0.0000
vt 0.1018 0.7887 0.0000
vt 0.4273 0.8362 0.0000
vt 0.3399 0.7385 0.0000
vt 0.3765 0.8429 0.0000
vt 0.3754 0.8486 0.0000
vt 0.2967 0.9078 0.0000
vt 0.2951 0.9037 0.0000
vt 0.2992 0.9014 0.0000
vt 0.2657 0.9124 0.0000
vt 0.1362 0.7199 0.0000
vt 0.1338 0.7144 0.0000
vt 0.1391 0.7176 0.0000
vt 0.3439 0.6614 0.0000
vt 0.1661 0.6863 0.0000
vt 0.1642 0.6898 0.0000
vt 0.1588 0.6867 0.0000
vt 0.4784 0.7175 0.0000
vt 0.4779 0.7224 0.0000
vt 0.5217 0.9089 0.0000
vt 0.3686 0.8335 0.0000
vt 0.3677 0.8389 0.0000
vt 0.3630 0.8366 0.0000
vt 0.3637 0.8315 0.0000
vt 0.3095 0.7650 0.0000
vt 0.3093 0.7599 0.0000
vt 0.3155 0.7604 0.0000
vt 0.3155 0.7652 0.0000
vt 0.1508 0.9004 0.0000
vt 0.1536 0.9045 0.0000
vt 0.1490 0.9071 0.0000
vt 0.1462 0.9030 0.0000
vt 0.2976 0.7016 0.0000
vt 0.2993 0.6974 0.0000
vt 0.1506 0.8897 0.0000
vt 0.1548 0.8870 0.0000
vt 0.2099 0.7803 0.0000
vt 0.2054 0.7835 0.0000
vt 0.2022 0.7798 0.0000
vt 0.2069 0.7765 0.0000
vt 0.3315 0.6389 0.0000
vt 0.3249 0.6369 0.0000
vt 0.3258 0.6334 0.0000
vt 0.2916 0.7728 0.0000
vt 0.2978 0.7715 0.0000
vt 0.2986 0.7766 0.0000
vt 0.2926 0.7779 0.0000
vt 0.2966 0.6366 0.0000
vt 0.2972 0.6354 0.0000
vt 0.2982 0.6359 0.0000
vt 0.2979 0.6370 0.0000
vt 0.5125 0.8059 0.0000
vt 0.5154 0.8013 0.0000
vt 0.5195 0.8042 0.0000
vt 0.5167 0.8085 0.0000
vt 0.1915 0.6390 0.0000
vt 0.1900 0.6396 0.0000
vt 0.1544 0.6929 0.0000
vt 0.1470 0.6924 0.0000
vt 0.1493 0.6896 0.0000
vt 0.1963 0.6951 0.0000
vt 0.1953 0.7014 0.0000
vt 0.1890 0.6982 0.0000
vt 0.1903 0.6929 0.0000
vt 0.1687 0.6321 0.0000
vt 0.1678 0.6366 0.0000
vt 0.1651 0.6350 0.0000
vt 0.1665 0.6308 0.0000
vt 0.2548 0.7149 0.0000
vt 0.2601 0.7126 0.0000
vt 0.1797 0.6135 0.0000
vt 0.1790 0.6127 0.0000
vt 0.1803 0.6118 0.0000
vt 0.1811 0.6128 0.0000
vt 0.1131 0.7026 0.0000
vt 0.1161 0.6998 0.0000
vt 0.1199 0.7041 0.0000
vt 0.1166 0.7069 0.0000
vt 0.2936 0.6598 0.0000
vt 0.2950 0.6553 0.0000
vt 0.2982 0.6555 0.0000
vt 0.2965 0.6602 0.0000
vt 0.1459 0.7453 0.0000
vt 0.1423 0.7394 0.0000
vt 0.1484 0.7426 0.0000
vt 0.3093 0.6805 0.0000
vt 0.3073 0.6855 0.0000
vt 0.3040 0.6841 0.0000
vt 0.3060 0.6794 0.0000
vt 0.2626 0.6792 0.0000
vt 0.2663 0.6785 0.0000
vt 0.2664 0.6848 0.0000
vt 0.2627 0.6861 0.0000
vt 0.4991 0.8229 0.0000
vt 0.4948 0.8205 0.0000
vt 0.1425 0.8742 0.0000
vt 0.1470 0.8717 0.0000
vt 0.1489 0.8756 0.0000
vt 0.1445 0.8781 0.0000
vt 0.2332 0.9088 0.0000
vt 0.2382 0.9085 0.0000
vt 0.2381 0.9116 0.0000
vt 0.2332 0.9116 0.0000
vt 0.3685 0.9058 0.0000
vt 0.3643 0.9043 0.0000
vt 0.3658 0.9020 0.0000
vt 0.3697 0.9036 0.0000
vt 0.5399 0.9245 0.0000
vt 0.5345 0.9223 0.0000
vt 0.1589 0.8612 0.0000
vt 0.1574 0.8577 0.0000
vt 0.1621 0.8555 0.0000
vt 0.1638 0.8588 0.0000
vt 0.3401 0.8547 0.0000
vt 0.3431 0.8547 0.0000
vt 0.1608 0.8173 0.0000
vt 0.1617 0.8142 0.0000
vt 0.1659 0.8134 0.0000
vt 0.1650 0.8169 0.0000
vt 0.4491 0.8994 0.0000
vt 0.4450 0.8970 0.0000
vt 0.4468 0.8927 0.0000
vt 0.4510 0.8947 0.0000
vt 0.2874 0.8601 0.0000
vt 0.2911 0.8580 0.0000
vt 0.2925 0.8629 0.0000
vt 0.2888 0.8650 0.0000
vt 0.3035 0.7654 0.0000
vt 0.2972 0.7664 0.0000
vt 0.2966 0.7611 0.0000
vt 0.3032 0.7601 0.0000
vt 0.2527 0.6297 0.0000
vt 0.3673 0.9083 0.0000
vt 0.3629 0.9071 0.0000
vt 0.2844 0.6342 0.0000
vt 0.2825 0.6400 0.0000
vt 0.2785 0.6380 0.0000
vt 0.2807 0.6317 0.0000
vt 0.4337 0.7278 0.0000
vt 0.4272 0.7256 0.0000
vt 0.4282 0.7208 0.0000
vt 0.4346 0.7232 0.0000
vt 0.1597 0.8742 0.0000
vt 0.1643 0.8715 0.0000
vt 0.1660 0.8750 0.0000
vt 0.1615 0.8777 0.0000
vt 0.3121 0.7026 0.0000
vt 0.3103 0.7075 0.0000
vt 0.1647 0.7660 0.0000
vt 0.1615 0.7624 0.0000
vt 0.1479 0.8147 0.0000
vt 0.1493 0.8114 0.0000
vt 0.1531 0.8129 0.0000
vt 0.1521 0.8159 0.0000
vt 0.1630 0.7726 0.0000
vt 0.1676 0.7697 0.0000
vt 0.1703 0.7734 0.0000
vt 0.1654 0.7763 0.0000
vt 0.5448 0.6827 0.0000
vt 0.5427 0.6861 0.0000
vt 0.2927 0.6549 0.0000
vt 0.2911 0.6594 0.0000
vt 0.2905 0.6544 0.0000
vt 0.2775 0.9156 0.0000
vt 0.2767 0.9118 0.0000
vt 0.2816 0.9099 0.0000
vt 0.4630 0.7726 0.0000
vt 0.4689 0.7747 0.0000
vt 0.5615 0.7668 0.0000
vt 0.5645 0.7690 0.0000
vt 0.5618 0.7731 0.0000
vt 0.5584 0.7710 0.0000
vt 0.1582 0.7754 0.0000
vt 0.1535 0.7781 0.0000
vt 0.1513 0.7745 0.0000
vt 0.3911 0.7218 0.0000
vt 0.3910 0.7155 0.0000
vt 0.3951 0.7153 0.0000
vt 0.3951 0.7218 0.0000
vt 0.1324 0.8897 0.0000
vt 0.1373 0.8871 0.0000
vt 0.1630 0.7031 0.0000
vt 0.1604 0.7061 0.0000
vt 0.3823 0.7633 0.0000
vt 0.3777 0.7634 0.0000
vt 0.4448 0.7676 0.0000
vt 0.4458 0.7625 0.0000
vt 0.3676 0.7955 0.0000
vt 0.3677 0.7904 0.0000
vt 0.3659 0.8161 0.0000
vt 0.3608 0.8148 0.0000
vt 0.3613 0.8099 0.0000
vt 0.3665 0.8111 0.0000
vt 0.2221 0.8653 0.0000
vt 0.4926 0.7526 0.0000
vt 0.2927 0.9359 0.0000
vt 0.2981 0.9343 0.0000
vt 0.2992 0.9395 0.0000
vt 0.2173 0.8796 0.0000
vt 0.2222 0.8782 0.0000
vt 0.4219 0.7186 0.0000
vt 0.4158 0.7169 0.0000
vt 0.4166 0.7115 0.0000
vt 0.4228 0.7136 0.0000
vt 0.2177 0.8948 0.0000
vt 0.2222 0.8940 0.0000
vt 0.2187 0.8982 0.0000
vt 0.1699 0.8260 0.0000
vt 0.1718 0.8281 0.0000
vt 0.1696 0.8295 0.0000
vt 0.1678 0.8269 0.0000
vt 0.2291 0.6373 0.0000
vt 0.2275 0.6297 0.0000
vt 0.2313 0.6322 0.0000
vt 0.3057 0.7857 0.0000
vt 0.3112 0.7850 0.0000
vt 0.2134 0.9439 0.0000
vt 0.2126 0.9482 0.0000
vt 0.2059 0.9469 0.0000
vt 0.2070 0.9429 0.0000
vt 0.3156 0.7557 0.0000
vt 0.3159 0.7512 0.0000
vt 0.5375 0.6878 0.0000
vt 0.5410 0.6896 0.0000
vt 0.3399 0.7661 0.0000
vt 0.3338 0.7661 0.0000
vt 0.3023 0.8229 0.0000
vt 0.3013 0.8178 0.0000
vt 0.4039 0.7753 0.0000
vt 0.4256 0.8646 0.0000
vt 0.4303 0.8654 0.0000
vt 0.4292 0.8706 0.0000
vt 0.4245 0.8699 0.0000
vt 0.2238 0.8691 0.0000
vt 0.2078 0.8707 0.0000
vt 0.2063 0.8670 0.0000
vt 0.3625 0.7850 0.0000
vt 0.3677 0.7852 0.0000
vt 0.2958 0.6387 0.0000
vt 0.2947 0.6419 0.0000
vt 0.2927 0.6409 0.0000
vt 0.2942 0.6376 0.0000
vt 0.2745 0.7999 0.0000
vt 0.2493 0.9261 0.0000
vt 0.2436 0.9264 0.0000
vt 0.2435 0.9222 0.0000
vt 0.2491 0.9218 0.0000
vt 0.3395 0.7937 0.0000
vt 0.3397 0.7891 0.0000
vt 0.3456 0.7892 0.0000
vt 0.3455 0.7939 0.0000
vt 0.3777 0.7910 0.0000
vt 0.3777 0.7855 0.0000
vt 0.3822 0.7855 0.0000
vt 0.3822 0.7912 0.0000
vt 0.1645 0.9333 0.0000
vt 0.4140 0.8746 0.0000
vt 0.4188 0.8746 0.0000
vt 0.4181 0.8789 0.0000
vt 0.4133 0.8789 0.0000
vt 0.4341 0.7599 0.0000
vt 0.4334 0.7654 0.0000
vt 0.4283 0.7647 0.0000
vt 0.4289 0.7589 0.0000
vt 0.3283 0.7480 0.0000
vt 0.3226 0.7476 0.0000
vt 0.3232 0.7431 0.0000
vt 0.3287 0.7434 0.0000
vt 0.3099 0.6486 0.0000
vt 0.3082 0.6533 0.0000
vt 0.3041 0.6520 0.0000
vt 0.3058 0.6475 0.0000
vt 0.2044 0.6390 0.0000
vt 0.2015 0.6343 0.0000
vt 0.2043 0.6322 0.0000
vt 0.2075 0.6366 0.0000
vt 0.1588 0.8487 0.0000
vt 0.1636 0.8467 0.0000
vt 0.1653 0.8500 0.0000
vt 0.1604 0.8521 0.0000
vt 0.2148 0.7768 0.0000
vt 0.2199 0.7735 0.0000
vt 0.2228 0.7774 0.0000
vt 0.2178 0.7807 0.0000
vt 0.0800 0.7293 0.0000
vt 0.0801 0.7316 0.0000
vt 0.0778 0.7312 0.0000
vt 0.0773 0.7289 0.0000
vt 0.2818 0.6857 0.0000
vt 0.2841 0.6890 0.0000
vt 0.2814 0.6923 0.0000
vt 0.2791 0.6885 0.0000
vt 0.1969 0.6102 0.0000
vt 0.1968 0.6116 0.0000
vt 0.4672 0.7794 0.0000
vt 0.4728 0.7815 0.0000
vt 0.1572 0.8454 0.0000
vt 0.1560 0.8421 0.0000
vt 0.2825 0.9493 0.0000
vt 0.2380 0.9315 0.0000
vt 0.2325 0.9316 0.0000
vt 0.2328 0.9269 0.0000
vt 0.2381 0.9268 0.0000
vt 0.0846 0.7577 0.0000
vt 0.0854 0.7510 0.0000
vt 0.0873 0.7511 0.0000
vt 0.0870 0.7578 0.0000
vt 0.3625 0.6578 0.0000
vt 0.3581 0.6540 0.0000
vt 0.3601 0.6514 0.0000
vt 0.3083 0.8907 0.0000
vt 0.3050 0.8929 0.0000
vt 0.3033 0.8896 0.0000
vt 0.3065 0.8873 0.0000
vt 0.1583 0.7255 0.0000
vt 0.1546 0.7209 0.0000
vt 0.1575 0.7184 0.0000
vt 0.1619 0.7230 0.0000
vt 0.5216 0.7785 0.0000
vt 0.5184 0.7825 0.0000
vt 0.5138 0.7794 0.0000
vt 0.0844 0.7347 0.0000
vt 0.0851 0.7391 0.0000
vt 0.0831 0.7393 0.0000
vt 0.0825 0.7350 0.0000
vt 0.2438 0.7872 0.0000
vt 0.2193 0.7918 0.0000
vt 0.2162 0.7879 0.0000
vt 0.2900 0.9211 0.0000
vt 0.2848 0.9229 0.0000
vt 0.3618 0.7342 0.0000
vt 0.3620 0.7392 0.0000
vt 0.3566 0.7404 0.0000
vt 0.2923 0.9099 0.0000
vt 0.2908 0.9060 0.0000
vt 0.1887 0.6457 0.0000
vt 0.1869 0.6408 0.0000
vt 0.1885 0.6402 0.0000
vt 0.1904 0.6450 0.0000
vt 0.2926 0.8868 0.0000
vt 0.2906 0.8821 0.0000
vt 0.2939 0.8796 0.0000
vt 0.2210 0.7556 0.0000
vt 0.2157 0.7590 0.0000
vt 0.2123 0.7552 0.0000
vt 0.2176 0.7518 0.0000
vt 0.2360 0.6945 0.0000
vt 0.2309 0.6892 0.0000
vt 0.2341 0.6816 0.0000
vt 0.2388 0.6851 0.0000
vt 0.1998 0.6542 0.0000
vt 0.2014 0.6535 0.0000
vt 0.2043 0.6600 0.0000
vt 0.2028 0.6609 0.0000
vt 0.3011 0.7268 0.0000
vt 0.3039 0.7218 0.0000
vt 0.2880 0.6370 0.0000
vt 0.2869 0.6288 0.0000
vt 0.2899 0.6324 0.0000
vt 0.5780 0.7413 0.0000
vt 0.5834 0.7413 0.0000
vt 0.5828 0.7446 0.0000
vt 0.5773 0.7452 0.0000
vt 0.3935 0.6804 0.0000
vt 0.3894 0.6821 0.0000
vt 0.3876 0.6751 0.0000
vt 0.1525 0.7142 0.0000
vt 0.1734 0.8664 0.0000
vt 0.1689 0.8689 0.0000
vt 0.1671 0.8655 0.0000
vt 0.1718 0.8632 0.0000
vt 0.4394 0.8443 0.0000
vt 0.2857 0.6531 0.0000
vt 0.2883 0.6538 0.0000
vt 0.2711 0.6889 0.0000
vt 0.2700 0.6835 0.0000
vt 0.2734 0.6821 0.0000
vt 0.2744 0.6868 0.0000
vt 0.1732 0.7917 0.0000
vt 0.1716 0.7877 0.0000
vt 0.1778 0.7853 0.0000
vt 0.1802 0.7894 0.0000
vt 0.3659 0.6852 0.0000
vt 0.3645 0.6932 0.0000
vt 0.3618 0.6884 0.0000
vt 0.2168 0.9310 0.0000
vt 0.2157 0.9355 0.0000
vt 0.2101 0.9345 0.0000
vt 0.2118 0.9303 0.0000
vt 0.3173 0.8564 0.0000
vt 0.3214 0.8559 0.0000
vt 0.3376 0.6985 0.0000
vt 0.3383 0.6955 0.0000
vt 0.3401 0.6964 0.0000
vt 0.3404 0.6986 0.0000
vt 0.2221 0.6790 0.0000
vt 0.2179 0.6740 0.0000
vt 0.2207 0.6696 0.0000
vt 0.2250 0.6738 0.0000
vt 0.2526 0.8542 0.0000
vt 0.2565 0.8515 0.0000
vt 0.2583 0.8562 0.0000
vt 0.2543 0.8588 0.0000
vt 0.3314 0.6954 0.0000
vt 0.3331 0.6909 0.0000
vt 0.1810 0.9306 0.0000
vt 0.1782 0.9348 0.0000
vt 0.3263 0.8857 0.0000
vt 0.3238 0.8823 0.0000
vt 0.3273 0.8811 0.0000
vt 0.0764 0.7484 0.0000
vt 0.0765 0.7429 0.0000
vt 0.5272 0.6812 0.0000
vt 0.5307 0.6772 0.0000
vt 0.5336 0.6800 0.0000
vt 0.5306 0.6839 0.0000
vt 0.1889 0.8724 0.0000
vt 0.1921 0.8715 0.0000
vt 0.1935 0.8754 0.0000
vt 0.1901 0.8763 0.0000
vt 0.2799 0.9292 0.0000
vt 0.2741 0.9309 0.0000
vt 0.1591 0.6734 0.0000
vt 0.1524 0.6741 0.0000
vt 0.1541 0.6707 0.0000
vt 0.0894 0.7384 0.0000
vt 0.0871 0.7389 0.0000
vt 0.0866 0.7344 0.0000
vt 0.0891 0.7340 0.0000
vt 0.3040 0.7706 0.0000
vt 0.3045 0.7757 0.0000
vt 0.2806 0.7596 0.0000
vt 0.2737 0.7618 0.0000
vt 0.2782 0.7547 0.0000
vt 0.1947 0.9385 0.0000
vt 0.1926 0.9424 0.0000
vt 0.2168 0.9618 0.0000
vt 0.2177 0.9577 0.0000
vt 0.3916 0.7464 0.0000
vt 0.3956 0.7405 0.0000
vt 0.2442 0.6544 0.0000
vt 0.2478 0.6560 0.0000
vt 0.2455 0.6627 0.0000
vt 0.2416 0.6609 0.0000
vt 0.3950 0.7691 0.0000
vt 0.3996 0.7694 0.0000
vt 0.3991 0.7750 0.0000
vt 0.3945 0.7746 0.0000
vt 0.2086 0.7873 0.0000
vt 0.2131 0.7840 0.0000
vt 0.2118 0.7911 0.0000
vt 0.2149 0.9181 0.0000
vt 0.2109 0.9175 0.0000
vt 0.5292 0.9192 0.0000
vt 0.5308 0.9168 0.0000
vt 0.2590 0.6590 0.0000
vt 0.2629 0.6597 0.0000
vt 0.2611 0.6661 0.0000
vt 0.2572 0.6656 0.0000
vt 0.3826 0.8325 0.0000
vt 0.3817 0.8383 0.0000
vt 0.3775 0.8372 0.0000
vt 0.3783 0.8315 0.0000
vt 0.3238 0.6414 0.0000
vt 0.2402 0.8867 0.0000
vt 0.1795 0.9397 0.0000
vt 0.1816 0.9361 0.0000
vt 0.2728 0.6665 0.0000
vt 0.2748 0.6613 0.0000
vt 0.2787 0.6618 0.0000
vt 0.2767 0.6667 0.0000
vt 0.1596 0.6557 0.0000
vt 0.1639 0.6580 0.0000
vt 0.1585 0.6596 0.0000
vt 0.1969 0.6889 0.0000
vt 0.1971 0.6827 0.0000
vt 0.2013 0.6830 0.0000
vt 0.2018 0.6897 0.0000
vt 0.2118 0.9524 0.0000
vt 0.2189 0.9491 0.0000
vt 0.2184 0.9535 0.0000
vt 0.1115 0.7745 0.0000
vt 0.1071 0.7759 0.0000
vt 0.1058 0.7711 0.0000
vt 0.5151 0.7096 0.0000
vt 0.2024 0.7619 0.0000
vt 0.1977 0.7653 0.0000
vt 0.1827 0.7941 0.0000
vt 0.1907 0.7239 0.0000
vt 0.1957 0.7284 0.0000
vt 0.3905 0.8768 0.0000
vt 0.3879 0.8764 0.0000
vt 0.3893 0.8697 0.0000
vt 0.3921 0.8702 0.0000
vt 0.1673 0.7975 0.0000
vt 0.1985 0.9152 0.0000
vt 0.2000 0.9123 0.0000
vt 0.1361 0.7487 0.0000
vt 0.1335 0.7524 0.0000
vt 0.1290 0.7497 0.0000
vt 0.1312 0.7460 0.0000
vt 0.5263 0.9129 0.0000
vt 0.3226 0.6462 0.0000
vt 0.3181 0.6453 0.0000
vt 0.4214 0.8855 0.0000
vt 0.4220 0.8824 0.0000
vt 0.4262 0.8834 0.0000
vt 0.4253 0.8867 0.0000
vt 0.1706 0.8723 0.0000
vt 0.1751 0.8699 0.0000
vt 0.1767 0.8733 0.0000
vt 0.1312 0.8232 0.0000
vt 0.1366 0.8236 0.0000
vt 0.1369 0.8273 0.0000
vt 0.1319 0.8278 0.0000
vt 0.3613 0.9001 0.0000
vt 0.3596 0.9028 0.0000
vt 0.5189 0.8928 0.0000
vt 0.5188 0.8870 0.0000
vt 0.5267 0.8864 0.0000
vt 0.5284 0.8915 0.0000
vt 0.5207 0.6823 0.0000
vt 0.5244 0.6781 0.0000
vt 0.5239 0.6858 0.0000
vt 0.4929 0.7680 0.0000
vt 0.4962 0.7748 0.0000
vt 0.4906 0.7723 0.0000
vt 0.0874 0.7446 0.0000
vt 0.0896 0.7443 0.0000
vt 0.0896 0.7511 0.0000
vt 0.1762 0.7417 0.0000
vt 0.1814 0.7382 0.0000
vt 0.1177 0.7304 0.0000
vt 0.1240 0.7318 0.0000
vt 0.1236 0.7332 0.0000
vt 0.1172 0.7318 0.0000
vt 0.5116 0.8480 0.0000
vt 0.5105 0.8526 0.0000
vt 0.1526 0.8599 0.0000
vt 0.1543 0.8635 0.0000
vt 0.1030 0.7773 0.0000
vt 0.5277 0.8467 0.0000
vt 0.5268 0.8508 0.0000
vt 0.5227 0.8456 0.0000
vt 0.1800 0.8717 0.0000
vt 0.1786 0.8681 0.0000
vt 0.1814 0.8669 0.0000
vt 0.3288 0.7191 0.0000
vt 0.3296 0.7143 0.0000
vt 0.3325 0.7149 0.0000
vt 0.3321 0.7197 0.0000
vt 0.1777 0.8562 0.0000
vt 0.1743 0.8577 0.0000
vt 0.1728 0.8543 0.0000
vt 0.1763 0.8528 0.0000
vt 0.2941 0.6693 0.0000
vt 0.2910 0.6687 0.0000
vt 0.2439 0.6328 0.0000
vt 0.4210 0.8641 0.0000
vt 0.4222 0.8586 0.0000
vt 0.4268 0.8592 0.0000
vt 0.5376 0.7307 0.0000
vt 0.5330 0.7343 0.0000
vt 0.5294 0.7302 0.0000
vt 0.5343 0.7271 0.0000
vt 0.1710 0.6747 0.0000
vt 0.1751 0.6811 0.0000
vt 0.5343 0.6737 0.0000
vt 0.5323 0.6708 0.0000
vt 0.5363 0.6677 0.0000
vt 0.2619 0.9335 0.0000
vt 0.2623 0.9382 0.0000
vt 0.2221 0.9313 0.0000
vt 0.2273 0.9316 0.0000
vt 0.2268 0.9362 0.0000
vt 0.2212 0.9359 0.0000
vt 0.2951 0.6648 0.0000
vt 0.2921 0.6643 0.0000
vt 0.2056 0.8403 0.0000
vt 0.2075 0.8442 0.0000
vt 0.2031 0.8463 0.0000
vt 0.3051 0.7807 0.0000
vt 0.3107 0.7800 0.0000
vt 0.3555 0.8136 0.0000
vt 0.2381 0.9141 0.0000
vt 0.2331 0.9141 0.0000
vt 0.1969 0.6423 0.0000
vt 0.1992 0.6476 0.0000
vt 0.3836 0.8760 0.0000
vt 0.3857 0.8762 0.0000
vt 0.3839 0.8834 0.0000
vt 0.1667 0.7938 0.0000
vt 0.3152 0.7202 0.0000
vt 0.3628 0.8820 0.0000
vt 0.3652 0.8749 0.0000
vt 0.3693 0.8751 0.0000
vt 0.3674 0.8823 0.0000
vt 0.2938 0.9145 0.0000
vt 0.2984 0.9124 0.0000
vt 0.1293 0.8098 0.0000
vt 0.1330 0.8048 0.0000
vt 0.1362 0.8082 0.0000
vt 0.1334 0.8129 0.0000
vt 0.3338 0.8122 0.0000
vt 0.3338 0.8171 0.0000
vt 0.3290 0.8178 0.0000
vt 0.3287 0.8129 0.0000
vt 0.1952 0.9128 0.0000
vt 0.1935 0.9161 0.0000
vt 0.1903 0.9137 0.0000
vt 0.1924 0.9103 0.0000
vt 0.4765 0.7319 0.0000
vt 0.1825 0.6534 0.0000
vt 0.1784 0.6534 0.0000
vt 0.1782 0.6483 0.0000
vt 0.1817 0.6480 0.0000
vt 0.2778 0.7173 0.0000
vt 0.2728 0.7198 0.0000
vt 0.3331 0.7010 0.0000
vt 0.3309 0.7001 0.0000
vt 0.3335 0.6965 0.0000
vt 0.3354 0.6976 0.0000
vt 0.2239 0.7406 0.0000
vt 0.2190 0.7444 0.0000
vt 0.2201 0.7367 0.0000
vt 0.3789 0.8555 0.0000
vt 0.3667 0.6983 0.0000
vt 0.2915 0.7994 0.0000
vt 0.2928 0.8042 0.0000
vt 0.2878 0.8059 0.0000
vt 0.2759 0.7666 0.0000
vt 0.2778 0.7714 0.0000
vt 0.2699 0.7690 0.0000
vt 0.2433 0.9114 0.0000
vt 0.2433 0.9084 0.0000
vt 0.3116 0.6542 0.0000
vt 0.3133 0.6494 0.0000
vt 0.1043 0.7661 0.0000
vt 0.3493 0.8221 0.0000
vt 0.3496 0.8174 0.0000
vt 0.3952 0.7636 0.0000
vt 0.4000 0.7639 0.0000
vt 0.3262 0.9101 0.0000
vt 0.3286 0.9157 0.0000
vt 0.3245 0.9177 0.0000
vt 0.3224 0.9122 0.0000
vt 0.4557 0.7256 0.0000
vt 0.4625 0.7277 0.0000
vt 0.4616 0.7323 0.0000
vt 0.4548 0.7303 0.0000
vt 0.2887 0.8773 0.0000
vt 0.2871 0.8848 0.0000
vt 0.2852 0.8800 0.0000
vt 0.1202 0.7718 0.0000
vt 0.1245 0.7701 0.0000
vt 0.1262 0.7739 0.0000
vt 0.3964 0.7978 0.0000
vt 0.4006 0.7984 0.0000
vt 0.3956 0.8037 0.0000
vt 0.2666 0.9188 0.0000
vt 0.2722 0.9172 0.0000
vt 0.3056 0.9429 0.0000
vt 0.3045 0.9378 0.0000
vt 0.3096 0.9361 0.0000
vt 0.3107 0.9411 0.0000
vt 0.4501 0.8346 0.0000
vt 0.4512 0.8285 0.0000
vt 0.4554 0.8301 0.0000
vt 0.4542 0.8361 0.0000
vt 0.2047 0.8501 0.0000
vt 0.2000 0.8521 0.0000
vt 0.1985 0.8483 0.0000
vt 0.3429 0.9037 0.0000
vt 0.3429 0.9096 0.0000
vt 0.3394 0.9107 0.0000
vt 0.3386 0.9042 0.0000
vt 0.1126 0.7792 0.0000
vt 0.1082 0.7807 0.0000
vt 0.3241 0.7385 0.0000
vt 0.3778 0.7469 0.0000
vt 0.3827 0.7465 0.0000
vt 0.4429 0.8260 0.0000
vt 0.4442 0.8198 0.0000
vt 0.4485 0.8209 0.0000
vt 0.4470 0.8271 0.0000
vt 0.2899 0.7144 0.0000
vt 0.2857 0.7111 0.0000
vt 0.2437 0.9405 0.0000
vt 0.3901 0.7024 0.0000
vt 0.3941 0.6951 0.0000
vt 0.3947 0.7021 0.0000
vt 0.1659 0.7277 0.0000
vt 0.1698 0.7250 0.0000
vt 0.0853 0.7289 0.0000
vt 0.0885 0.7284 0.0000
vt 0.0889 0.7307 0.0000
vt 0.0859 0.7311 0.0000
vt 0.2433 0.9139 0.0000
vt 0.4142 0.8294 0.0000
vt 0.1041 0.7821 0.0000
vt 0.2826 0.6521 0.0000
vt 0.2808 0.6570 0.0000
vt 0.2768 0.6561 0.0000
vt 0.2789 0.6508 0.0000
vt 0.4326 0.8766 0.0000
vt 0.4371 0.8777 0.0000
vt 0.4357 0.8827 0.0000
vt 0.4315 0.8813 0.0000
vt 0.1852 0.8780 0.0000
vt 0.1828 0.8790 0.0000
vt 0.1814 0.8753 0.0000
vt 0.2035 0.7362 0.0000
vt 0.1197 0.7865 0.0000
vt 0.2323 0.9362 0.0000
vt 0.2919 0.9309 0.0000
vt 0.2863 0.9325 0.0000
vt 0.2855 0.9276 0.0000
vt 0.2910 0.9259 0.0000
vt 0.1659 0.7101 0.0000
vt 0.1684 0.7069 0.0000
vt 0.2108 0.6409 0.0000
vt 0.2137 0.6373 0.0000
vt 0.3112 0.8476 0.0000
vt 0.3155 0.8469 0.0000
vt 0.3164 0.8517 0.0000
vt 0.3122 0.8523 0.0000
vt 0.5228 0.6986 0.0000
vt 0.5281 0.6995 0.0000
vt 0.2838 0.6800 0.0000
vt 0.2844 0.6781 0.0000
vt 0.2871 0.6789 0.0000
vt 0.2857 0.6812 0.0000
vt 0.4577 0.8677 0.0000
vt 0.4566 0.8733 0.0000
vt 0.4523 0.8717 0.0000
vt 0.2088 0.6262 0.0000
vt 0.2047 0.6227 0.0000
vt 0.2056 0.6200 0.0000
vt 0.2103 0.6228 0.0000
vt 0.3338 0.7938 0.0000
vt 0.3395 0.7982 0.0000
vt 0.3338 0.7984 0.0000
vt 0.2341 0.6564 0.0000
vt 0.5212 0.8109 0.0000
vt 0.1467 0.6623 0.0000
vt 0.1484 0.6589 0.0000
vt 0.1527 0.6610 0.0000
vt 0.1512 0.6647 0.0000
vt 0.2964 0.6748 0.0000
vt 0.2976 0.6701 0.0000
vt 0.3026 0.8795 0.0000
vt 0.2973 0.8773 0.0000
vt 0.3007 0.8750 0.0000
vt 0.4738 0.6892 0.0000
vt 0.4785 0.6901 0.0000
vt 0.4788 0.6962 0.0000
vt 0.4936 0.8583 0.0000
vt 0.4928 0.8634 0.0000
vt 0.4879 0.8621 0.0000
vt 0.2827 0.8076 0.0000
vt 0.2893 0.8107 0.0000
vt 0.2843 0.8125 0.0000
vt 0.5100 0.8105 0.0000
vt 0.3151 0.6308 0.0000
vt 0.3200 0.6319 0.0000
vt 0.2870 0.9376 0.0000
vt 0.2813 0.9391 0.0000
vt 0.2807 0.9342 0.0000
vt 0.1543 0.7614 0.0000
vt 0.1654 0.8622 0.0000
vt 0.1791 0.6879 0.0000
vt 0.1847 0.6904 0.0000
vt 0.1830 0.6951 0.0000
vt 0.1773 0.6922 0.0000
vt 0.2311 0.7012 0.0000
vt 0.2422 0.7004 0.0000
vt 0.2357 0.7071 0.0000
vt 0.2942 0.6887 0.0000
vt 0.2975 0.6910 0.0000
vt 0.2621 0.8535 0.0000
vt 0.2660 0.8506 0.0000
vt 0.2675 0.8555 0.0000
vt 0.2638 0.8583 0.0000
vt 0.3231 0.8691 0.0000
vt 0.2167 0.8215 0.0000
vt 0.2284 0.7250 0.0000
vt 0.2348 0.7205 0.0000
vt 0.1541 0.6574 0.0000
vt 0.1555 0.6536 0.0000
vt 0.5001 0.6945 0.0000
vt 0.5048 0.6922 0.0000
vt 0.5086 0.7014 0.0000
vt 0.5024 0.7029 0.0000
vt 0.1379 0.9127 0.0000
vt 0.1440 0.9097 0.0000
vt 0.1475 0.9137 0.0000
vt 0.1412 0.9167 0.0000
vt 0.1133 0.7212 0.0000
vt 0.1195 0.7237 0.0000
vt 0.1191 0.7259 0.0000
vt 0.1127 0.7238 0.0000
vt 0.4756 0.8744 0.0000
vt 0.4804 0.8760 0.0000
vt 0.1945 0.7205 0.0000
vt 0.1852 0.7193 0.0000
vt 0.1885 0.7158 0.0000
vt 0.1909 0.6337 0.0000
vt 0.1889 0.6293 0.0000
vt 0.1808 0.8469 0.0000
vt 0.1780 0.8481 0.0000
vt 0.1288 0.6869 0.0000
vt 0.1309 0.6844 0.0000
vt 0.1354 0.6882 0.0000
vt 0.1898 0.8048 0.0000
vt 0.1931 0.8008 0.0000
vt 0.1938 0.8081 0.0000
vt 0.3727 0.7960 0.0000
vt 0.3729 0.7907 0.0000
vt 0.2253 0.8729 0.0000
vt 0.2206 0.8744 0.0000
vt 0.3684 0.6650 0.0000
vt 0.3645 0.6674 0.0000
vt 0.3444 0.8168 0.0000
vt 0.3440 0.8214 0.0000
vt 0.3389 0.8213 0.0000
vt 0.3390 0.8167 0.0000
vt 0.1993 0.7763 0.0000
vt 0.1919 0.7760 0.0000
vt 0.1963 0.7725 0.0000
vt 0.2616 0.7668 0.0000
vt 0.2675 0.7643 0.0000
vt 0.4380 0.7393 0.0000
vt 0.4391 0.7347 0.0000
vt 0.4457 0.7371 0.0000
vt 0.1983 0.6549 0.0000
vt 0.1981 0.9489 0.0000
vt 0.1991 0.9451 0.0000
vt 0.2052 0.9510 0.0000
vt 0.3153 0.8965 0.0000
vt 0.3121 0.8985 0.0000
vt 0.3100 0.8942 0.0000
vt 0.3133 0.8922 0.0000
vt 0.2716 0.9136 0.0000
vt 0.2662 0.9152 0.0000
vt 0.1007 0.7487 0.0000
vt 0.0961 0.7496 0.0000
vt 0.2312 0.9499 0.0000
vt 0.2373 0.9502 0.0000
vt 0.1289 0.7680 0.0000
vt 0.1270 0.7647 0.0000
vt 0.1311 0.7621 0.0000
vt 0.1333 0.7654 0.0000
vt 0.4022 0.6821 0.0000
vt 0.3960 0.6781 0.0000
vt 0.3973 0.6755 0.0000
vt 0.4037 0.6791 0.0000
vt 0.3589 0.8295 0.0000
vt 0.3538 0.8279 0.0000
vt 0.5333 0.6999 0.0000
vt 0.5329 0.7043 0.0000
vt 0.2622 0.7832 0.0000
vt 0.2567 0.7859 0.0000
vt 0.2547 0.7814 0.0000
vt 0.4945 0.8534 0.0000
vt 0.4907 0.7570 0.0000
vt 0.4887 0.7613 0.0000
vt 0.3699 0.6615 0.0000
vt 0.4748 0.7768 0.0000
vt 0.4767 0.7723 0.0000
vt 0.1649 0.9169 0.0000
vt 0.2649 0.8753 0.0000
vt 0.2688 0.8729 0.0000
vt 0.2705 0.8778 0.0000
vt 0.2666 0.8802 0.0000
vt 0.4641 0.8583 0.0000
vt 0.4686 0.8603 0.0000
vt 0.4675 0.8656 0.0000
vt 0.4631 0.8639 0.0000
vt 0.2999 0.9174 0.0000
vt 0.2951 0.9192 0.0000
vt 0.2143 0.9216 0.0000
vt 0.2100 0.9210 0.0000
vt 0.4695 0.7298 0.0000
vt 0.5333 0.8213 0.0000
vt 0.5283 0.8194 0.0000
vt 0.5307 0.8155 0.0000
vt 0.5357 0.8175 0.0000
vt 0.2784 0.8597 0.0000
vt 0.2747 0.8626 0.0000
vt 0.2730 0.8575 0.0000
vt 0.2769 0.8548 0.0000
vt 0.2474 0.8403 0.0000
vt 0.2514 0.8374 0.0000
vt 0.2531 0.8421 0.0000
vt 0.2492 0.8449 0.0000
vt 0.1706 0.8200 0.0000
vt 0.1676 0.8195 0.0000
vt 0.1687 0.8166 0.0000
vt 0.1720 0.8171 0.0000
vt 0.2905 0.6247 0.0000
vt 0.2829 0.6254 0.0000
vt 0.2878 0.6193 0.0000
vt 0.1732 0.8006 0.0000
vt 0.1799 0.8004 0.0000
vt 0.1774 0.8054 0.0000
vt 0.1721 0.8051 0.0000
vt 0.1695 0.9206 0.0000
vt 0.1658 0.9238 0.0000
vt 0.4481 0.7529 0.0000
vt 0.4546 0.7549 0.0000
vt 0.4532 0.7594 0.0000
vt 0.4469 0.7576 0.0000
vt 0.5246 0.7743 0.0000
vt 0.5273 0.7701 0.0000
vt 0.5322 0.7733 0.0000
vt 0.5292 0.7775 0.0000
vt 0.1422 0.6891 0.0000
vt 0.1399 0.6917 0.0000
vt 0.1375 0.6856 0.0000
vt 0.1464 0.8820 0.0000
vt 0.1484 0.8858 0.0000
vt 0.1440 0.8884 0.0000
vt 0.1419 0.8846 0.0000
vt 0.2065 0.9062 0.0000
vt 0.2056 0.9087 0.0000
vt 0.2031 0.9069 0.0000
vt 0.5336 0.9083 0.0000
vt 0.5387 0.9077 0.0000
vt 0.5415 0.9130 0.0000
vt 0.3733 0.9095 0.0000
vt 0.3741 0.9076 0.0000
vt 0.3789 0.9064 0.0000
vt 0.3793 0.9079 0.0000
vt 0.4168 0.6857 0.0000
vt 0.4180 0.6832 0.0000
vt 0.4238 0.6852 0.0000
vt 0.4228 0.6885 0.0000
vt 0.4627 0.7524 0.0000
vt 0.4693 0.7545 0.0000
vt 0.4677 0.7589 0.0000
vt 0.4611 0.7569 0.0000
vt 0.3921 0.8840 0.0000
vt 0.3887 0.8921 0.0000
vt 0.3861 0.8911 0.0000
vt 0.3887 0.8837 0.0000
vt 0.2297 0.8847 0.0000
vt 0.2308 0.8887 0.0000
vt 0.2261 0.8894 0.0000
vt 0.2453 0.8476 0.0000
vt 0.2435 0.8432 0.0000
vt 0.3000 0.6513 0.0000
vt 0.2967 0.6509 0.0000
vt 0.3335 0.8784 0.0000
vt 0.3358 0.8806 0.0000
vt 0.3304 0.8798 0.0000
vt 0.3061 0.7405 0.0000
vt 0.3041 0.7453 0.0000
vt 0.2954 0.7446 0.0000
vt 0.3003 0.7393 0.0000
vt 0.2543 0.9130 0.0000
vt 0.2487 0.9136 0.0000
vt 0.3896 0.6734 0.0000
vt 0.3909 0.6712 0.0000
vt 0.2979 0.8497 0.0000
vt 0.3023 0.8487 0.0000
vt 0.3032 0.8534 0.0000
vt 0.2989 0.8544 0.0000
vt 0.4546 0.8164 0.0000
vt 0.4502 0.8148 0.0000
vt 0.4520 0.8089 0.0000
vt 0.3125 0.9109 0.0000
vt 0.3144 0.9162 0.0000
vt 0.3101 0.9183 0.0000
vt 0.3085 0.9131 0.0000
vt 0.1615 0.7300 0.0000
vt 0.2942 0.8092 0.0000
vt 0.3423 0.6943 0.0000
vt 0.3406 0.6923 0.0000
vt 0.3437 0.6891 0.0000
vt 0.3455 0.6912 0.0000
vt 0.3619 0.8049 0.0000
vt 0.3623 0.7999 0.0000
vt 0.3697 0.8594 0.0000
vt 0.3701 0.8528 0.0000
vt 0.3744 0.8544 0.0000
vt 0.3739 0.8606 0.0000
vt 0.4089 0.8751 0.0000
vt 0.4084 0.8800 0.0000
vt 0.5046 0.8902 0.0000
vt 0.4986 0.8893 0.0000
vt 0.5001 0.8848 0.0000
vt 0.5060 0.8860 0.0000
vt 0.3184 0.9142 0.0000
vt 0.3203 0.9196 0.0000
vt 0.4447 0.8634 0.0000
vt 0.4403 0.8621 0.0000
vt 0.4414 0.8567 0.0000
vt 0.4458 0.8579 0.0000
vt 0.2825 0.8239 0.0000
vt 0.5129 0.7384 0.0000
vt 0.5044 0.7407 0.0000
vt 0.5059 0.7353 0.0000
vt 0.3029 0.6362 0.0000
vt 0.3069 0.6352 0.0000
vt 0.1329 0.6821 0.0000
vt 0.1350 0.6796 0.0000
vt 0.1396 0.6830 0.0000
vt 0.3513 0.7559 0.0000
vt 0.3512 0.7511 0.0000
vt 0.3567 0.7503 0.0000
vt 0.3569 0.7552 0.0000
vt 0.5416 0.7411 0.0000
vt 0.5465 0.7439 0.0000
vt 0.5443 0.7483 0.0000
vt 0.4176 0.8822 0.0000
vt 0.4227 0.8793 0.0000
vt 0.2483 0.8080 0.0000
vt 0.2441 0.8111 0.0000
vt 0.2416 0.8065 0.0000
vt 0.2460 0.8034 0.0000
vt 0.1400 0.8390 0.0000
vt 0.1407 0.8432 0.0000
vt 0.1361 0.8447 0.0000
vt 0.1710 0.7036 0.0000
vt 0.1653 0.6999 0.0000
vt 0.2972 0.7128 0.0000
vt 0.2945 0.7172 0.0000
vt 0.1318 0.8751 0.0000
vt 0.1363 0.8727 0.0000
vt 0.1382 0.8767 0.0000
vt 0.1337 0.8791 0.0000
vt 0.3501 0.6825 0.0000
vt 0.3523 0.6848 0.0000
vt 0.3488 0.6881 0.0000
vt 0.3467 0.6858 0.0000
vt 0.1653 0.7203 0.0000
vt 0.1683 0.7173 0.0000
vt 0.1733 0.7218 0.0000
vt 0.2403 0.6312 0.0000
vt 0.2384 0.6366 0.0000
vt 0.2348 0.6344 0.0000
vt 0.3093 0.8760 0.0000
vt 0.3128 0.8747 0.0000
vt 0.4475 0.8075 0.0000
vt 0.4458 0.8135 0.0000
vt 0.4676 0.8095 0.0000
vt 0.4698 0.8042 0.0000
vt 0.4742 0.8068 0.0000
vt 0.3009 0.6825 0.0000
vt 0.3712 0.8469 0.0000
vt 0.4413 0.8791 0.0000
vt 0.5275 0.6883 0.0000
vt 0.5200 0.8586 0.0000
vt 0.5148 0.8580 0.0000
vt 0.3163 0.8740 0.0000
vt 0.3175 0.8775 0.0000
vt 0.5221 0.7670 0.0000
vt 0.1396 0.7005 0.0000
vt 0.1422 0.6978 0.0000
vt 0.3164 0.8904 0.0000
vt 0.3196 0.8888 0.0000
vt 0.3220 0.8930 0.0000
vt 0.3186 0.8947 0.0000
vt 0.5247 0.8722 0.0000
vt 0.5251 0.8769 0.0000
vt 0.1502 0.7845 0.0000
vt 0.4282 0.8755 0.0000
vt 0.4271 0.8801 0.0000
vt 0.5261 0.7817 0.0000
vt 0.5228 0.7857 0.0000
vt 0.1419 0.7152 0.0000
vt 0.1471 0.7189 0.0000
vt 0.1444 0.7210 0.0000
vt 0.3029 0.7549 0.0000
vt 0.2961 0.7558 0.0000
vt 0.2959 0.7504 0.0000
vt 0.3032 0.7498 0.0000
vt 0.4097 0.7219 0.0000
vt 0.4152 0.7225 0.0000
vt 0.4148 0.7283 0.0000
vt 0.4560 0.7503 0.0000
vt 0.3611 0.8470 0.0000
vt 0.3560 0.8441 0.0000
vt 0.3572 0.8393 0.0000
vt 0.3620 0.8419 0.0000
vt 0.3352 0.6924 0.0000
vt 0.1345 0.8687 0.0000
vt 0.0925 0.7505 0.0000
vt 0.0968 0.7559 0.0000
vt 0.0932 0.7570 0.0000
vt 0.1509 0.8563 0.0000
vt 0.3327 0.6792 0.0000
vt 0.3296 0.6827 0.0000
vt 0.3259 0.6805 0.0000
vt 0.3292 0.6764 0.0000
vt 0.4069 0.8171 0.0000
vt 0.4116 0.8175 0.0000
vt 0.4106 0.8233 0.0000
vt 0.4059 0.8228 0.0000
vt 0.4787 0.7677 0.0000
vt 0.4805 0.7633 0.0000
vt 0.4868 0.7656 0.0000
vt 0.4847 0.7699 0.0000
vt 0.2365 0.8921 0.0000
vt 0.2374 0.8964 0.0000
vt 0.2324 0.8969 0.0000
vt 0.2318 0.8928 0.0000
vt 0.1323 0.7273 0.0000
vt 0.1259 0.7258 0.0000
vt 0.1264 0.7233 0.0000
vt 0.1328 0.7251 0.0000
vt 0.4281 0.8537 0.0000
vt 0.4294 0.8482 0.0000
vt 0.4338 0.8490 0.0000
vt 0.4326 0.8546 0.0000
vt 0.1041 0.7302 0.0000
vt 0.0983 0.7286 0.0000
vt 0.0986 0.7266 0.0000
vt 0.1047 0.7284 0.0000
vt 0.3446 0.8121 0.0000
vt 0.3501 0.8127 0.0000
vt 0.1418 0.8472 0.0000
vt 0.2240 0.9115 0.0000
vt 0.2239 0.9138 0.0000
vt 0.3870 0.8695 0.0000
vt 0.3878 0.8632 0.0000
vt 0.2235 0.6475 0.0000
vt 0.2202 0.6523 0.0000
vt 0.5026 0.8949 0.0000
vt 0.4969 0.8941 0.0000
vt 0.2711 0.6720 0.0000
vt 0.2700 0.6778 0.0000
vt 0.3397 0.7845 0.0000
vt 0.3338 0.7891 0.0000
vt 0.3337 0.7845 0.0000
vt 0.2223 0.7958 0.0000
vt 0.2183 0.7991 0.0000
vt 0.2151 0.7951 0.0000
vt 0.4814 0.8710 0.0000
vt 0.4862 0.8722 0.0000
vt 0.4852 0.8771 0.0000
vt 0.3572 0.7848 0.0000
vt 0.4239 0.7583 0.0000
vt 0.4236 0.7644 0.0000
vt 0.3822 0.7800 0.0000
vt 0.3776 0.7800 0.0000
vt 0.1890 0.7723 0.0000
vt 0.3457 0.7752 0.0000
vt 0.3459 0.7706 0.0000
vt 0.2038 0.8365 0.0000
vt 0.3545 0.8487 0.0000
vt 0.3595 0.8522 0.0000
vt 0.3163 0.7798 0.0000
vt 0.3159 0.7750 0.0000
vt 0.3218 0.7750 0.0000
vt 0.2092 0.8480 0.0000
vt 0.1464 0.9204 0.0000
vt 0.1693 0.6558 0.0000
vt 0.1648 0.6538 0.0000
vt 0.1655 0.6497 0.0000
vt 0.1698 0.6515 0.0000
vt 0.2094 0.8743 0.0000
vt 0.2109 0.8778 0.0000
vt 0.2059 0.8796 0.0000
vt 0.2044 0.8761 0.0000
vt 0.4144 0.7459 0.0000
vt 0.4097 0.7460 0.0000
vt 0.4144 0.7399 0.0000
vt 0.4554 0.8552 0.0000
vt 0.4510 0.8537 0.0000
vt 0.4521 0.8480 0.0000
vt 0.4564 0.8495 0.0000
vt 0.1957 0.6249 0.0000
vt 0.1937 0.6263 0.0000
vt 0.1915 0.6220 0.0000
vt 0.1934 0.6206 0.0000
vt 0.1918 0.8340 0.0000
vt 0.2560 0.9643 0.0000
vt 0.2489 0.9650 0.0000
vt 0.2492 0.9597 0.0000
vt 0.2559 0.9589 0.0000
vt 0.4523 0.7392 0.0000
vt 0.4537 0.7349 0.0000
vt 0.2667 0.8382 0.0000
vt 0.2708 0.8355 0.0000
vt 0.2724 0.8403 0.0000
vt 0.2683 0.8430 0.0000
vt 0.2714 0.8526 0.0000
vt 0.2692 0.8604 0.0000
vt 0.4683 0.8362 0.0000
vt 0.4672 0.8417 0.0000
vt 0.4627 0.8397 0.0000
vt 0.1243 0.8346 0.0000
vt 0.1232 0.8298 0.0000
vt 0.1274 0.8285 0.0000
vt 0.5093 0.7093 0.0000
vt 0.5105 0.7159 0.0000
vt 0.1827 0.6227 0.0000
vt 0.1817 0.6230 0.0000
vt 0.1802 0.6199 0.0000
vt 0.1813 0.6195 0.0000
vt 0.3997 0.7343 0.0000
vt 0.3995 0.7279 0.0000
vt 0.2825 0.7645 0.0000
vt 0.2894 0.7626 0.0000
vt 0.2906 0.7678 0.0000
vt 0.2841 0.7696 0.0000
vt 0.5447 0.7637 0.0000
vt 0.5424 0.7679 0.0000
vt 0.5370 0.7650 0.0000
vt 0.5391 0.7609 0.0000
vt 0.4605 0.7995 0.0000
vt 0.4653 0.8018 0.0000
vt 0.2979 0.8027 0.0000
vt 0.2992 0.8076 0.0000
vt 0.1784 0.8768 0.0000
vt 0.1976 0.8116 0.0000
vt 0.2043 0.8122 0.0000
vt 0.2357 0.9647 0.0000
vt 0.2358 0.8738 0.0000
vt 0.2399 0.8720 0.0000
vt 0.2416 0.8763 0.0000
vt 0.2251 0.7703 0.0000
vt 0.2331 0.7598 0.0000
vt 0.2298 0.7559 0.0000
vt 0.2352 0.7523 0.0000
vt 0.2386 0.7563 0.0000
vt 0.3547 0.6877 0.0000
vt 0.3585 0.6843 0.0000
vt 0.3577 0.6917 0.0000
vt 0.1898 0.6233 0.0000
vt 0.1880 0.6196 0.0000
vt 0.1898 0.6183 0.0000
vt 0.3563 0.8693 0.0000
vt 0.3552 0.8642 0.0000
vt 0.3601 0.8615 0.0000
vt 0.3613 0.8681 0.0000
vt 0.2971 0.9292 0.0000
vt 0.3022 0.9275 0.0000
vt 0.3033 0.9326 0.0000
vt 0.2135 0.8459 0.0000
vt 0.2117 0.8419 0.0000
vt 0.4703 0.8960 0.0000
vt 0.4658 0.8945 0.0000
vt 0.4672 0.8889 0.0000
vt 0.4717 0.8903 0.0000
vt 0.2252 0.8000 0.0000
vt 0.2016 0.6404 0.0000
vt 0.2041 0.6457 0.0000
vt 0.2014 0.6468 0.0000
vt 0.1991 0.6415 0.0000
vt 0.2863 0.9079 0.0000
vt 0.4807 0.8041 0.0000
vt 0.4849 0.8068 0.0000
vt 0.1960 0.9546 0.0000
vt 0.1887 0.9510 0.0000
vt 0.1970 0.9520 0.0000
vt 0.2632 0.6466 0.0000
vt 0.2668 0.6476 0.0000
vt 0.2649 0.6536 0.0000
vt 0.2611 0.6528 0.0000
vt 0.2559 0.7698 0.0000
vt 0.2525 0.7771 0.0000
vt 0.2500 0.7727 0.0000
vt 0.3015 0.8439 0.0000
vt 0.2971 0.8449 0.0000
vt 0.1741 0.7109 0.0000
vt 0.1714 0.7142 0.0000
vt 0.3513 0.8420 0.0000
vt 0.3523 0.8374 0.0000
vt 0.2600 0.8609 0.0000
vt 0.2560 0.8634 0.0000
vt 0.3307 0.8470 0.0000
vt 0.3311 0.8520 0.0000
vt 0.3280 0.8535 0.0000
vt 0.3273 0.8485 0.0000
vt 0.4103 0.6824 0.0000
vt 0.4048 0.6768 0.0000
vt 0.4114 0.6801 0.0000
vt 0.2159 0.8761 0.0000
vt 0.1519 0.7880 0.0000
vt 0.1534 0.7913 0.0000
vt 0.1465 0.7908 0.0000
vt 0.4231 0.7705 0.0000
vt 0.4278 0.7707 0.0000
vt 0.2709 0.8654 0.0000
vt 0.3454 0.7331 0.0000
vt 0.3400 0.7338 0.0000
vt 0.4152 0.6889 0.0000
vt 0.4086 0.6856 0.0000
vt 0.3806 0.8142 0.0000
vt 0.3767 0.8078 0.0000
vt 0.3812 0.8085 0.0000
vt 0.2290 0.8574 0.0000
vt 0.2308 0.8615 0.0000
vt 0.2264 0.8634 0.0000
vt 0.3343 0.7434 0.0000
vt 0.3341 0.7480 0.0000
vt 0.2194 0.9159 0.0000
vt 0.3033 0.8281 0.0000
vt 0.5545 0.7687 0.0000
vt 0.2385 0.7366 0.0000
vt 0.2443 0.7331 0.0000
vt 0.2478 0.7373 0.0000
vt 0.4994 0.8549 0.0000
vt 0.5044 0.8561 0.0000
vt 0.5037 0.8609 0.0000
vt 0.4986 0.8597 0.0000
vt 0.4298 0.8242 0.0000
vt 0.4331 0.8307 0.0000
vt 0.4286 0.8303 0.0000
vt 0.2180 0.8329 0.0000
vt 0.2239 0.8342 0.0000
vt 0.2201 0.8370 0.0000
vt 0.2256 0.7330 0.0000
vt 0.2317 0.7289 0.0000
vt 0.2351 0.7327 0.0000
vt 0.2292 0.7367 0.0000
vt 0.2815 0.8826 0.0000
vt 0.2835 0.8874 0.0000
vt 0.2778 0.8851 0.0000
vt 0.3846 0.6673 0.0000
vt 0.3836 0.6690 0.0000
vt 0.4436 0.8453 0.0000
vt 0.4479 0.8466 0.0000
vt 0.4468 0.8523 0.0000
vt 0.4425 0.8510 0.0000
vt 0.4575 0.7458 0.0000
vt 0.3084 0.9308 0.0000
vt 0.3955 0.7344 0.0000
vt 0.2545 0.6798 0.0000
vt 0.2502 0.6795 0.0000
vt 0.2516 0.6720 0.0000
vt 0.2556 0.6724 0.0000
vt 0.3950 0.7088 0.0000
vt 0.3907 0.7090 0.0000
vt 0.1407 0.8703 0.0000
vt 0.3547 0.9012 0.0000
vt 0.3566 0.8984 0.0000
vt 0.1936 0.7430 0.0000
vt 0.1901 0.7390 0.0000
vt 0.1665 0.8094 0.0000
vt 0.1625 0.8105 0.0000
vt 0.4097 0.7521 0.0000
vt 0.4144 0.7520 0.0000
vt 0.4144 0.7581 0.0000
vt 0.4097 0.7583 0.0000
vt 0.4952 0.7868 0.0000
vt 0.4906 0.7840 0.0000
vt 0.4934 0.7794 0.0000
vt 0.4981 0.7823 0.0000
vt 0.2009 0.7868 0.0000
vt 0.4266 0.7827 0.0000
vt 0.4316 0.7827 0.0000
vt 0.4309 0.7886 0.0000
vt 0.4259 0.7886 0.0000
vt 0.5447 0.7819 0.0000
vt 0.5409 0.7792 0.0000
vt 0.5441 0.7748 0.0000
vt 0.5012 0.8803 0.0000
vt 0.4945 0.8837 0.0000
vt 0.4957 0.8791 0.0000
vt 0.3176 0.7424 0.0000
vt 0.3190 0.7377 0.0000
vt 0.3669 0.8446 0.0000
vt 0.3722 0.8410 0.0000
vt 0.1535 0.8328 0.0000
vt 0.1487 0.8334 0.0000
vt 0.1478 0.8295 0.0000
vt 0.3739 0.8677 0.0000
vt 0.3781 0.8683 0.0000
vt 0.3735 0.8753 0.0000
vt 0.3601 0.6962 0.0000
vt 0.2596 0.6320 0.0000
vt 0.2632 0.6330 0.0000
vt 0.4811 0.8923 0.0000
vt 0.4825 0.8871 0.0000
vt 0.4877 0.8878 0.0000
vt 0.4862 0.8929 0.0000
vt 0.3318 0.9417 0.0000
vt 0.3146 0.6446 0.0000
vt 0.0984 0.7619 0.0000
vt 0.1028 0.7606 0.0000
vt 0.3058 0.8168 0.0000
vt 0.3003 0.8127 0.0000
vt 0.1656 0.6722 0.0000
vt 0.1824 0.8067 0.0000
vt 0.1799 0.8109 0.0000
vt 0.1754 0.8096 0.0000
vt 0.3114 0.6347 0.0000
vt 0.3101 0.6310 0.0000
vt 0.0855 0.7447 0.0000
vt 0.1643 0.8198 0.0000
vt 0.1638 0.8218 0.0000
vt 0.1602 0.8198 0.0000
vt 0.2182 0.7255 0.0000
vt 0.2088 0.7251 0.0000
vt 0.2142 0.7216 0.0000
vt 0.2753 0.6986 0.0000
vt 0.2729 0.6941 0.0000
vt 0.2762 0.6914 0.0000
vt 0.2785 0.6956 0.0000
vt 0.2923 0.6357 0.0000
vt 0.3570 0.7601 0.0000
vt 0.3516 0.7607 0.0000
vt 0.3304 0.7295 0.0000
vt 0.3251 0.7337 0.0000
vt 0.3146 0.8154 0.0000
vt 0.3191 0.8146 0.0000
vt 0.3276 0.7705 0.0000
vt 0.2864 0.6861 0.0000
vt 0.2840 0.6834 0.0000
vt 0.3450 0.6772 0.0000
vt 0.3427 0.6750 0.0000
vt 0.5624 0.6547 0.0000
vt 0.5637 0.6550 0.0000
vt 0.5633 0.6568 0.0000
vt 0.5622 0.6561 0.0000
vt 0.3263 0.7135 0.0000
vt 0.3271 0.7085 0.0000
vt 0.3300 0.7095 0.0000
vt 0.4688 0.9016 0.0000
vt 0.4749 0.8970 0.0000
vt 0.4735 0.9028 0.0000
vt 0.1812 0.6166 0.0000
vt 0.1802 0.6170 0.0000
vt 0.1372 0.8624 0.0000
vt 0.1355 0.8586 0.0000
vt 0.3268 0.6307 0.0000
vt 0.1471 0.7103 0.0000
vt 0.1498 0.7077 0.0000
vt 0.1230 0.7349 0.0000
vt 0.1293 0.7364 0.0000
vt 0.3339 0.8266 0.0000
vt 0.3339 0.8218 0.0000
vt 0.3388 0.8260 0.0000
vt 0.3170 0.7895 0.0000
vt 0.3224 0.7894 0.0000
vt 0.3226 0.7942 0.0000
vt 0.3174 0.7945 0.0000
vt 0.3505 0.7270 0.0000
vt 0.1737 0.8303 0.0000
vt 0.1712 0.8319 0.0000
vt 0.3516 0.7656 0.0000
vt 0.3459 0.7659 0.0000
vt 0.1610 0.7487 0.0000
vt 0.1577 0.7518 0.0000
vt 0.1535 0.7474 0.0000
vt 0.1560 0.7449 0.0000
vt 0.3535 0.8807 0.0000
vt 0.3489 0.8793 0.0000
vt 0.3560 0.8750 0.0000
vt 0.3549 0.6443 0.0000
vt 0.3613 0.6491 0.0000
vt 0.3538 0.6467 0.0000
vt 0.1639 0.6394 0.0000
vt 0.1670 0.6410 0.0000
vt 0.1662 0.6454 0.0000
vt 0.3478 0.9145 0.0000
vt 0.3472 0.9089 0.0000
vt 0.3518 0.9087 0.0000
vt 0.3517 0.9134 0.0000
vt 0.5543 0.7418 0.0000
vt 0.5517 0.7462 0.0000
vt 0.5496 0.7396 0.0000
vt 0.3201 0.9068 0.0000
vt 0.3237 0.9047 0.0000
vt 0.1774 0.6156 0.0000
vt 0.1772 0.6140 0.0000
vt 0.1782 0.6140 0.0000
vt 0.1784 0.6155 0.0000
vt 0.3442 0.9157 0.0000
vt 0.3410 0.9168 0.0000
vt 0.1784 0.9074 0.0000
vt 0.1755 0.9119 0.0000
vt 0.1715 0.9092 0.0000
vt 0.3500 0.8466 0.0000
vt 0.3484 0.8509 0.0000
vt 0.1580 0.8325 0.0000
vt 0.3118 0.8266 0.0000
vt 0.3077 0.8273 0.0000
vt 0.3067 0.8221 0.0000
vt 0.3111 0.8213 0.0000
vt 0.4653 0.8149 0.0000
vt 0.5302 0.7850 0.0000
vt 0.5335 0.7806 0.0000
vt 0.3223 0.6904 0.0000
vt 0.3569 0.6667 0.0000
vt 0.3587 0.6688 0.0000
vt 0.3084 0.8573 0.0000
vt 0.3093 0.8616 0.0000
vt 0.4142 0.7643 0.0000
vt 0.4191 0.7580 0.0000
vt 0.4188 0.7643 0.0000
vt 0.2610 0.8776 0.0000
vt 0.3536 0.6949 0.0000
vt 0.3511 0.6909 0.0000
vt 0.3725 0.6653 0.0000
vt 0.5334 0.7577 0.0000
vt 0.5316 0.7619 0.0000
vt 0.2753 0.9405 0.0000
vt 0.2819 0.9443 0.0000
vt 0.2757 0.9457 0.0000
vt 0.4313 0.8600 0.0000
vt 0.3156 0.7700 0.0000
vt 0.3099 0.7700 0.0000
vt 0.4763 0.8915 0.0000
vt 0.2154 0.9020 0.0000
vt 0.3112 0.6439 0.0000
vt 0.4187 0.7010 0.0000
vt 0.4176 0.7061 0.0000
vt 0.2540 0.6237 0.0000
vt 0.2519 0.6166 0.0000
vt 0.2551 0.6173 0.0000
vt 0.3445 0.8987 0.0000
vt 0.3496 0.8998 0.0000
vt 0.3480 0.9040 0.0000
vt 0.2682 0.9323 0.0000
vt 0.5395 0.7240 0.0000
vt 0.5316 0.7230 0.0000
vt 0.5370 0.7204 0.0000
vt 0.5446 0.6624 0.0000
vt 0.5485 0.6600 0.0000
vt 0.5496 0.6620 0.0000
vt 0.5458 0.6645 0.0000
vt 0.1200 0.7209 0.0000
vt 0.3898 0.7914 0.0000
vt 0.3938 0.7859 0.0000
vt 0.3933 0.7917 0.0000
vt 0.1783 0.6678 0.0000
vt 0.2213 0.6174 0.0000
vt 0.2167 0.6157 0.0000
vt 0.2171 0.6135 0.0000
vt 0.2219 0.6149 0.0000
vt 0.2457 0.6785 0.0000
vt 0.2475 0.6709 0.0000
vt 0.2502 0.7051 0.0000
vt 0.2576 0.7079 0.0000
vt 0.2521 0.7102 0.0000
vt 0.1018 0.8019 0.0000
vt 0.1047 0.8004 0.0000
vt 0.1064 0.8065 0.0000
vt 0.1032 0.8081 0.0000
vt 0.2802 0.6825 0.0000
vt 0.2774 0.6847 0.0000
vt 0.5382 0.7004 0.0000
vt 0.5380 0.7041 0.0000
vt 0.2212 0.8903 0.0000
vt 0.1727 0.9164 0.0000
vt 0.1797 0.9139 0.0000
vt 0.1772 0.9185 0.0000
vt 0.4598 0.8803 0.0000
vt 0.4554 0.8787 0.0000
vt 0.2201 0.8184 0.0000
vt 0.2235 0.8151 0.0000
vt 0.2264 0.8195 0.0000
vt 0.4174 0.8121 0.0000
vt 0.4222 0.8122 0.0000
vt 0.4213 0.8181 0.0000
vt 0.4164 0.8179 0.0000
vt 0.1461 0.8924 0.0000
vt 0.1484 0.8964 0.0000
vt 0.1436 0.8990 0.0000
vt 0.1543 0.7546 0.0000
vt 0.1509 0.7571 0.0000
vt 0.1473 0.7525 0.0000
vt 0.1504 0.7498 0.0000
vt 0.3174 0.8360 0.0000
vt 0.3213 0.8349 0.0000
vt 0.3220 0.8400 0.0000
vt 0.3183 0.8410 0.0000
vt 0.2330 0.9165 0.0000
vt 0.2330 0.9192 0.0000
vt 0.3280 0.7892 0.0000
vt 0.1928 0.6503 0.0000
vt 0.3220 0.9252 0.0000
vt 0.3561 0.8088 0.0000
vt 0.1997 0.6624 0.0000
vt 0.1970 0.6555 0.0000
vt 0.2013 0.6617 0.0000
vt 0.4000 0.7404 0.0000
vt 0.2820 0.7145 0.0000
vt 0.2781 0.7103 0.0000
vt 0.2818 0.7072 0.0000
vt 0.3709 0.9090 0.0000
vt 0.3677 0.9131 0.0000
vt 0.4258 0.7357 0.0000
vt 0.4264 0.7306 0.0000
vt 0.4327 0.7325 0.0000
vt 0.4318 0.7373 0.0000
vt 0.5890 0.7414 0.0000
vt 0.5881 0.7446 0.0000
vt 0.4185 0.7705 0.0000
vt 0.1571 0.6634 0.0000
vt 0.2055 0.7473 0.0000
vt 0.1971 0.7469 0.0000
vt 0.2021 0.7434 0.0000
vt 0.4892 0.8350 0.0000
vt 0.4847 0.8328 0.0000
vt 0.3838 0.8208 0.0000
vt 0.3873 0.8212 0.0000
vt 0.3867 0.8271 0.0000
vt 0.3832 0.8267 0.0000
vt 0.2014 0.8688 0.0000
vt 0.2028 0.8724 0.0000
vt 0.1354 0.8831 0.0000
vt 0.1400 0.8806 0.0000
vt 0.5084 0.8033 0.0000
vt 0.5059 0.8081 0.0000
vt 0.3513 0.7941 0.0000
vt 0.3983 0.8399 0.0000
vt 0.3994 0.8340 0.0000
vt 0.1159 0.7732 0.0000
vt 0.1949 0.8793 0.0000
vt 0.1994 0.8777 0.0000
vt 0.1262 0.8233 0.0000
vt 0.1219 0.8245 0.0000
vt 0.1974 0.9346 0.0000
vt 0.3102 0.8161 0.0000
vt 0.4420 0.7834 0.0000
vt 0.4823 0.8660 0.0000
vt 0.4767 0.8694 0.0000
vt 0.4777 0.8643 0.0000
vt 0.3335 0.8727 0.0000
vt 0.3310 0.8742 0.0000
vt 0.3325 0.8696 0.0000
vt 0.3755 0.7123 0.0000
vt 0.3763 0.7180 0.0000
vt 0.3283 0.8034 0.0000
vt 0.3231 0.8040 0.0000
vt 0.3229 0.7991 0.0000
vt 0.3282 0.7986 0.0000
vt 0.2116 0.9022 0.0000
vt 0.2084 0.9031 0.0000
vt 0.3529 0.9044 0.0000
vt 0.3579 0.9056 0.0000
vt 0.5424 0.7272 0.0000
vt 0.2219 0.7292 0.0000
vt 0.1686 0.8564 0.0000
vt 0.1701 0.8597 0.0000
vt 0.1315 0.8185 0.0000
vt 0.2696 0.7855 0.0000
vt 0.2752 0.7834 0.0000
vt 0.1292 0.8963 0.0000
vt 0.4383 0.8500 0.0000
vt 0.3898 0.8513 0.0000
vt 0.3888 0.8572 0.0000
vt 0.3766 0.8970 0.0000
vt 0.3815 0.8908 0.0000
vt 0.5035 0.8249 0.0000
vt 0.3873 0.7464 0.0000
vt 0.1270 0.7532 0.0000
vt 0.1222 0.7512 0.0000
vt 0.2227 0.7483 0.0000
vt 0.2277 0.7445 0.0000
vt 0.2314 0.7484 0.0000
vt 0.2263 0.7520 0.0000
vt 0.5339 0.7125 0.0000
vt 0.5393 0.7110 0.0000
vt 0.5404 0.7144 0.0000
vt 0.5352 0.7165 0.0000
vt 0.3041 0.7104 0.0000
vt 0.2996 0.7083 0.0000
vt 0.2547 0.9179 0.0000
vt 0.2605 0.9168 0.0000
vt 0.2609 0.9202 0.0000
vt 0.2549 0.9211 0.0000
vt 0.4855 0.7138 0.0000
vt 0.4785 0.7124 0.0000
vt 0.3783 0.8614 0.0000
vt 0.1568 0.6898 0.0000
vt 0.2962 0.8400 0.0000
vt 0.3007 0.8390 0.0000
vt 0.1930 0.6383 0.0000
vt 0.2092 0.9074 0.0000
vt 0.2123 0.9081 0.0000
vt 0.2122 0.9105 0.0000
vt 0.2088 0.9097 0.0000
vt 0.1548 0.7946 0.0000
vt 0.1512 0.8004 0.0000
vt 0.3732 0.7010 0.0000
vt 0.3682 0.7035 0.0000
vt 0.3626 0.7698 0.0000
vt 0.3626 0.7646 0.0000
vt 0.5474 0.6668 0.0000
vt 0.2640 0.7879 0.0000
vt 0.2587 0.7905 0.0000
vt 0.2899 0.8530 0.0000
vt 0.2860 0.8550 0.0000
vt 0.2848 0.8501 0.0000
vt 0.2888 0.8481 0.0000
vt 0.1551 0.8393 0.0000
vt 0.2021 0.6968 0.0000
vt 0.2076 0.6976 0.0000
vt 0.2921 0.8748 0.0000
vt 0.2643 0.8459 0.0000
vt 0.2604 0.8487 0.0000
vt 0.2587 0.8440 0.0000
vt 0.2627 0.8410 0.0000
vt 0.3093 0.7550 0.0000
vt 0.3096 0.7504 0.0000
vt 0.2942 0.6506 0.0000
vt 0.1715 0.7454 0.0000
vt 0.1793 0.8515 0.0000
vt 0.1750 0.8494 0.0000
vt 0.2657 0.7926 0.0000
vt 0.2309 0.6176 0.0000
vt 0.2352 0.6189 0.0000
vt 0.5336 0.9244 0.0000
vt 0.5281 0.9216 0.0000
vt 0.1587 0.7392 0.0000
vt 0.1581 0.7355 0.0000
vt 0.2998 0.6370 0.0000
vt 0.1880 0.6350 0.0000
vt 0.1895 0.6344 0.0000
vt 0.5408 0.8195 0.0000
vt 0.5381 0.8139 0.0000
vt 0.5433 0.8160 0.0000
vt 0.1112 0.7537 0.0000
vt 0.1116 0.7486 0.0000
vt 0.1171 0.7497 0.0000
vt 0.1161 0.7540 0.0000
vt 0.4824 0.9092 0.0000
vt 0.4884 0.9038 0.0000
vt 0.4875 0.9091 0.0000
vt 0.1439 0.8131 0.0000
vt 0.1458 0.8094 0.0000
vt 0.2379 0.6589 0.0000
vt 0.2925 0.8970 0.0000
vt 0.2910 0.8935 0.0000
vt 0.4504 0.7142 0.0000
vt 0.4512 0.7092 0.0000
vt 0.0654 0.7324 0.0000
vt 0.0693 0.7291 0.0000
vt 0.0703 0.7311 0.0000
vt 0.0666 0.7342 0.0000
vt 0.1682 0.8988 0.0000
vt 0.1987 0.9015 0.0000
vt 0.2008 0.9044 0.0000
vt 0.1996 0.9061 0.0000
vt 0.2487 0.8567 0.0000
vt 0.2117 0.7732 0.0000
vt 0.1772 0.6180 0.0000
vt 0.1763 0.6161 0.0000
vt 0.1783 0.6177 0.0000
vt 0.3021 0.6563 0.0000
vt 0.1104 0.7318 0.0000
vt 0.1167 0.7335 0.0000
vt 0.1418 0.6803 0.0000
vt 0.1437 0.6775 0.0000
vt 0.3106 0.7460 0.0000
vt 0.5663 0.6541 0.0000
vt 0.5661 0.6555 0.0000
vt 0.5648 0.6554 0.0000
vt 0.5650 0.6540 0.0000
vt 0.2386 0.7118 0.0000
vt 0.1947 0.6375 0.0000
vt 0.4714 0.7157 0.0000
vt 0.4648 0.7089 0.0000
vt 0.4716 0.7108 0.0000
vt 0.1945 0.9072 0.0000
vt 0.1914 0.9031 0.0000
vt 0.1425 0.8069 0.0000
vt 0.1463 0.8033 0.0000
vt 0.1485 0.8061 0.0000
vt 0.1513 0.8085 0.0000
vt 0.1543 0.8101 0.0000
vt 0.2574 0.6517 0.0000
vt 0.2538 0.6507 0.0000
vt 0.2767 0.6439 0.0000
vt 0.2746 0.6496 0.0000
vt 0.2707 0.6486 0.0000
vt 0.2726 0.6426 0.0000
vt 0.4309 0.8181 0.0000
vt 0.2762 0.9508 0.0000
vt 0.5317 0.6902 0.0000
vt 0.5296 0.6946 0.0000
vt 0.5250 0.6932 0.0000
vt 0.4870 0.8671 0.0000
vt 0.1739 0.7958 0.0000
vt 0.5763 0.7605 0.0000
vt 0.5809 0.7573 0.0000
vt 0.5826 0.7596 0.0000
vt 0.5785 0.7627 0.0000
vt 0.1850 0.6101 0.0000
vt 0.1853 0.6113 0.0000
vt 0.1829 0.6120 0.0000
vt 0.1822 0.6109 0.0000
vt 0.2048 0.9330 0.0000
vt 0.2025 0.9371 0.0000
vt 0.2183 0.6288 0.0000
vt 0.2199 0.6246 0.0000
vt 0.2238 0.6272 0.0000
vt 0.2099 0.9049 0.0000
vt 0.2123 0.9052 0.0000
vt 0.4832 0.8607 0.0000
vt 0.4389 0.7045 0.0000
vt 0.4450 0.7070 0.0000
vt 0.4440 0.7118 0.0000
vt 0.4378 0.7092 0.0000
vt 0.2592 0.8313 0.0000
vt 0.2633 0.8286 0.0000
vt 0.2650 0.8334 0.0000
vt 0.2610 0.8362 0.0000
vt 0.3457 0.8453 0.0000
vt 0.3445 0.8499 0.0000
vt 0.3409 0.8496 0.0000
vt 0.3416 0.8448 0.0000
vt 0.5412 0.7864 0.0000
vt 0.5375 0.7835 0.0000
vt 0.3739 0.8300 0.0000
vt 0.3731 0.8355 0.0000
vt 0.2726 0.6553 0.0000
vt 0.1557 0.8542 0.0000
vt 0.2076 0.8945 0.0000
vt 0.2059 0.8916 0.0000
vt 0.3556 0.9208 0.0000
vt 0.3513 0.9239 0.0000
vt 0.3494 0.9197 0.0000
vt 0.3535 0.9176 0.0000
vt 0.1712 0.8247 0.0000
vt 0.1735 0.8267 0.0000
vt 0.3477 0.6400 0.0000
vt 0.2262 0.9406 0.0000
vt 0.2204 0.9403 0.0000
vt 0.3905 0.7745 0.0000
vt 0.3866 0.7745 0.0000
vt 0.3867 0.7688 0.0000
vt 0.3907 0.7690 0.0000
vt 0.1446 0.7128 0.0000
vt 0.1498 0.7165 0.0000
vt 0.2281 0.8674 0.0000
vt 0.2298 0.8714 0.0000
vt 0.2174 0.6114 0.0000
vt 0.2224 0.6126 0.0000
vt 0.3349 0.7297 0.0000
vt 0.2492 0.7843 0.0000
vt 0.2512 0.7886 0.0000
vt 0.2419 0.7718 0.0000
vt 0.2444 0.7758 0.0000
vt 0.4898 0.8985 0.0000
vt 0.4915 0.8934 0.0000
vt 0.4952 0.8990 0.0000
vt 0.5388 0.8042 0.0000
vt 0.5359 0.8081 0.0000
vt 0.5313 0.8056 0.0000
vt 0.4773 0.7272 0.0000
vt 0.4414 0.8127 0.0000
vt 0.4367 0.8122 0.0000
vt 0.4379 0.8062 0.0000
vt 0.4428 0.8066 0.0000
vt 0.2734 0.6770 0.0000
vt 0.2770 0.6761 0.0000
vt 0.2767 0.6804 0.0000
vt 0.3513 0.7894 0.0000
vt 0.2896 0.9025 0.0000
vt 0.2938 0.9003 0.0000
vt 0.3378 0.8450 0.0000
vt 0.3381 0.8402 0.0000
vt 0.4979 0.8646 0.0000
vt 0.5031 0.8657 0.0000
vt 0.1794 0.6153 0.0000
vt 0.1805 0.6148 0.0000
vt 0.1789 0.8596 0.0000
vt 0.1805 0.8549 0.0000
vt 0.1817 0.8586 0.0000
vt 0.0947 0.7632 0.0000
vt 0.2314 0.8754 0.0000
vt 0.3117 0.6391 0.0000
vt 0.3285 0.8081 0.0000
vt 0.3338 0.8075 0.0000
vt 0.1014 0.7547 0.0000
vt 0.2835 0.6673 0.0000
vt 0.2860 0.6677 0.0000
vt 0.2075 0.8089 0.0000
vt 0.1445 0.6863 0.0000
vt 0.5281 0.7138 0.0000
vt 0.5331 0.7084 0.0000
vt 0.3817 0.8027 0.0000
vt 0.2032 0.8596 0.0000
vt 0.2016 0.8559 0.0000
vt 0.2047 0.8633 0.0000
vt 0.2095 0.8614 0.0000
vt 0.4138 0.7704 0.0000
vt 0.3602 0.6705 0.0000
vt 0.1306 0.8856 0.0000
vt 0.2284 0.9139 0.0000
vt 0.1371 0.7031 0.0000
vt 0.1344 0.7058 0.0000
vt 0.1298 0.7023 0.0000
vt 0.1324 0.6996 0.0000
vt 0.2953 0.8352 0.0000
vt 0.2998 0.8341 0.0000
vt 0.2504 0.7612 0.0000
vt 0.2532 0.7654 0.0000
vt 0.2475 0.7686 0.0000
vt 0.3010 0.7915 0.0000
vt 0.3834 0.8968 0.0000
vt 0.3842 0.8992 0.0000
vt 0.2153 0.6775 0.0000
vt 0.2116 0.6717 0.0000
vt 0.2140 0.6688 0.0000
vt 0.5673 0.7652 0.0000
vt 0.5648 0.7630 0.0000
vt 0.3134 0.6596 0.0000
vt 0.3176 0.6603 0.0000
vt 0.1861 0.6142 0.0000
vt 0.1889 0.6133 0.0000
vt 0.1891 0.6154 0.0000
vt 0.1868 0.6166 0.0000
vt 0.0925 0.7337 0.0000
vt 0.0928 0.7306 0.0000
vt 0.0978 0.7311 0.0000
vt 0.0972 0.7339 0.0000
vt 0.1287 0.7112 0.0000
vt 0.1316 0.7085 0.0000
vt 0.1367 0.7118 0.0000
vt 0.3955 0.8335 0.0000
vt 0.3946 0.8395 0.0000
vt 0.2133 0.6529 0.0000
vt 0.2104 0.6487 0.0000
vt 0.4272 0.7767 0.0000
vt 0.4403 0.7302 0.0000
vt 0.4413 0.7257 0.0000
vt 0.4481 0.7282 0.0000
vt 0.4470 0.7326 0.0000
vt 0.3704 0.7144 0.0000
vt 0.3654 0.7165 0.0000
vt 0.3645 0.7112 0.0000
vt 0.3694 0.7089 0.0000
vt 0.5793 0.7365 0.0000
vt 0.5846 0.7367 0.0000
vt 0.3789 0.6850 0.0000
vt 0.2429 0.9002 0.0000
vt 0.2379 0.9008 0.0000
vt 0.4048 0.7090 0.0000
vt 0.4106 0.7099 0.0000
vt 0.4101 0.7158 0.0000
vt 0.4045 0.7153 0.0000
vt 0.5630 0.6596 0.0000
vt 0.5618 0.6589 0.0000
vt 0.5644 0.6573 0.0000
vt 0.4614 0.8929 0.0000
vt 0.2432 0.9047 0.0000
vt 0.2483 0.9041 0.0000
vt 0.3623 0.7544 0.0000
vt 0.3622 0.7493 0.0000
vt 0.4328 0.7712 0.0000
vt 0.4742 0.8570 0.0000
vt 0.4731 0.8623 0.0000
vt 0.4161 0.8640 0.0000
vt 0.4149 0.8694 0.0000
vt 0.1390 0.6745 0.0000
vt 0.1409 0.6717 0.0000
vt 0.1458 0.6745 0.0000
vt 0.2279 0.9225 0.0000
vt 0.2277 0.9269 0.0000
vt 0.2227 0.9268 0.0000
vt 0.3027 0.6668 0.0000
vt 0.2988 0.6655 0.0000
vt 0.5342 0.6958 0.0000
vt 0.5357 0.6917 0.0000
vt 0.5396 0.6932 0.0000
vt 0.5387 0.6968 0.0000
vt 0.4423 0.7212 0.0000
vt 0.4490 0.7236 0.0000
vt 0.4303 0.7478 0.0000
vt 0.4360 0.7492 0.0000
vt 0.4350 0.7545 0.0000
vt 0.4295 0.7532 0.0000
vt 0.4949 0.6957 0.0000
vt 0.4931 0.6888 0.0000
vt 0.4979 0.6870 0.0000
vt 0.1525 0.7050 0.0000
vt 0.1471 0.7014 0.0000
vt 0.5774 0.7513 0.0000
vt 0.5835 0.7492 0.0000
vt 0.5843 0.7510 0.0000
vt 0.5782 0.7534 0.0000
vt 0.2762 0.7313 0.0000
vt 0.3463 0.8555 0.0000
vt 0.1446 0.7041 0.0000
vt 0.1754 0.6962 0.0000
vt 0.1696 0.6930 0.0000
vt 0.1717 0.6892 0.0000
vt 0.3348 0.8749 0.0000
vt 0.3321 0.8764 0.0000
vt 0.2111 0.7982 0.0000
vt 0.2077 0.7944 0.0000
vt 0.4408 0.8948 0.0000
vt 0.2414 0.7830 0.0000
vt 0.2469 0.7800 0.0000
vt 0.3411 0.9295 0.0000
vt 0.3376 0.9311 0.0000
vt 0.3361 0.9256 0.0000
vt 0.3395 0.9241 0.0000
vt 0.3444 0.9278 0.0000
vt 0.3427 0.9226 0.0000
vt 0.3459 0.9212 0.0000
vt 0.3477 0.9261 0.0000
vt 0.2140 0.8355 0.0000
vt 0.2099 0.8380 0.0000
vt 0.2356 0.8485 0.0000
vt 0.2396 0.8459 0.0000
vt 0.2413 0.8503 0.0000
vt 0.2373 0.8528 0.0000
vt 0.2072 0.7585 0.0000
vt 0.3399 0.7524 0.0000
vt 0.3456 0.7519 0.0000
vt 0.1866 0.6356 0.0000
vt 0.3454 0.7985 0.0000
vt 0.3868 0.7633 0.0000
vt 0.3912 0.7578 0.0000
vt 0.3910 0.7634 0.0000
vt 0.3423 0.7058 0.0000
vt 0.3415 0.7021 0.0000
vt 0.3459 0.7004 0.0000
vt 0.3470 0.7042 0.0000
vt 0.3077 0.8528 0.0000
vt 0.3068 0.8481 0.0000
vt 0.2160 0.8395 0.0000
vt 0.2219 0.8412 0.0000
vt 0.2178 0.8435 0.0000
vt 0.4913 0.8733 0.0000
vt 0.4965 0.8744 0.0000
vt 0.4903 0.8781 0.0000
vt 0.2405 0.6526 0.0000
vt 0.2431 0.6464 0.0000
vt 0.2466 0.6481 0.0000
vt 0.1751 0.8326 0.0000
vt 0.1724 0.8340 0.0000
vt 0.1772 0.8646 0.0000
vt 0.1802 0.8633 0.0000
vt 0.2430 0.9549 0.0000
vt 0.2426 0.9599 0.0000
vt 0.1997 0.8905 0.0000
vt 0.1960 0.8927 0.0000
vt 0.1942 0.8885 0.0000
vt 0.1369 0.6770 0.0000
vt 0.5095 0.8572 0.0000
vt 0.5182 0.6785 0.0000
vt 0.5168 0.6875 0.0000
vt 0.5138 0.6828 0.0000
vt 0.3935 0.8215 0.0000
vt 0.3972 0.8218 0.0000
vt 0.3963 0.8276 0.0000
vt 0.3929 0.8274 0.0000
vt 0.4052 0.7989 0.0000
vt 0.2448 0.7081 0.0000
vt 0.3922 0.8034 0.0000
vt 0.3928 0.7974 0.0000
vt 0.3659 0.7219 0.0000
vt 0.3603 0.7185 0.0000
vt 0.3774 0.7297 0.0000
vt 0.3823 0.7286 0.0000
vt 0.3827 0.7347 0.0000
vt 0.3777 0.7356 0.0000
vt 0.3338 0.8029 0.0000
vt 0.2574 0.6247 0.0000
vt 0.2561 0.6308 0.0000
vt 0.5649 0.7750 0.0000
vt 0.3392 0.8833 0.0000
vt 0.4216 0.6921 0.0000
vt 0.2407 0.8614 0.0000
vt 0.2424 0.8657 0.0000
vt 0.2384 0.8679 0.0000
vt 0.2367 0.8636 0.0000
vt 0.2128 0.6965 0.0000
vt 0.4512 0.8771 0.0000
vt 0.4498 0.8824 0.0000
vt 0.4456 0.8808 0.0000
vt 0.4468 0.8755 0.0000
vt 0.4382 0.7718 0.0000
vt 0.4374 0.7773 0.0000
vt 0.4322 0.7770 0.0000
vt 0.3854 0.8388 0.0000
vt 0.3887 0.8390 0.0000
vt 0.3878 0.8450 0.0000
vt 0.4234 0.8748 0.0000
vt 0.3952 0.7282 0.0000
vt 0.1723 0.6172 0.0000
vt 0.1741 0.6155 0.0000
vt 0.1750 0.6168 0.0000
vt 0.1734 0.6180 0.0000
vt 0.1598 0.6964 0.0000
vt 0.1620 0.6931 0.0000
vt 0.5063 0.8314 0.0000
vt 0.1250 0.7618 0.0000
vt 0.1284 0.7592 0.0000
vt 0.2117 0.6143 0.0000
vt 0.2120 0.6123 0.0000
vt 0.1977 0.8352 0.0000
vt 0.2019 0.8327 0.0000
vt 0.1270 0.7050 0.0000
vt 0.5503 0.7507 0.0000
vt 0.2685 0.9370 0.0000
vt 0.2747 0.9356 0.0000
vt 0.3392 0.8120 0.0000
vt 0.3398 0.7799 0.0000
vt 0.1833 0.6269 0.0000
vt 0.1806 0.6235 0.0000
vt 0.3729 0.7746 0.0000
vt 0.3078 0.8717 0.0000
vt 0.3065 0.8670 0.0000
vt 0.3102 0.8661 0.0000
vt 0.3114 0.8706 0.0000
vt 0.3972 0.8459 0.0000
vt 0.4013 0.8462 0.0000
vt 0.2739 0.8450 0.0000
vt 0.1514 0.7350 0.0000
vt 0.1446 0.7333 0.0000
vt 0.1509 0.7324 0.0000
vt 0.4138 0.8527 0.0000
vt 0.3393 0.8074 0.0000
vt 0.3449 0.8075 0.0000
vt 0.3044 0.9154 0.0000
vt 0.3057 0.9204 0.0000
vt 0.5071 0.7881 0.0000
vt 0.5105 0.7837 0.0000
vt 0.5149 0.7866 0.0000
vt 0.5112 0.7911 0.0000
vt 0.1696 0.8221 0.0000
vt 0.1723 0.8233 0.0000
vt 0.1689 0.8234 0.0000
vt 0.1774 0.8148 0.0000
vt 0.1735 0.8134 0.0000
vt 0.3528 0.7062 0.0000
vt 0.3573 0.7037 0.0000
vt 0.3586 0.7085 0.0000
vt 0.1237 0.8544 0.0000
vt 0.1294 0.8566 0.0000
vt 0.1251 0.8587 0.0000
vt 0.1447 0.8380 0.0000
vt 0.1495 0.8372 0.0000
vt 0.5303 0.7922 0.0000
vt 0.5340 0.7880 0.0000
vt 0.5375 0.7908 0.0000
vt 0.5493 0.7327 0.0000
vt 0.5532 0.7284 0.0000
vt 0.5568 0.7306 0.0000
vt 0.5532 0.7351 0.0000
vt 0.3367 0.6939 0.0000
vt 0.1035 0.7324 0.0000
vt 0.4098 0.7997 0.0000
vt 0.4146 0.8001 0.0000
vt 0.4136 0.8059 0.0000
vt 0.4089 0.8054 0.0000
vt 0.5239 0.8069 0.0000
vt 0.1921 0.8592 0.0000
vt 0.1883 0.8603 0.0000
vt 0.1870 0.8566 0.0000
vt 0.1908 0.8555 0.0000
vt 0.3356 0.7200 0.0000
vt 0.3358 0.7151 0.0000
vt 0.1059 0.7483 0.0000
vt 0.1067 0.7432 0.0000
vt 0.1126 0.7440 0.0000
vt 0.4369 0.7442 0.0000
vt 0.4310 0.7425 0.0000
vt 0.3506 0.8080 0.0000
vt 0.1598 0.8380 0.0000
vt 0.1591 0.8356 0.0000
vt 0.0928 0.7283 0.0000
vt 0.5234 0.8173 0.0000
vt 0.2651 0.6403 0.0000
vt 0.2668 0.6341 0.0000
vt 0.3578 0.6757 0.0000
vt 0.3600 0.6782 0.0000
vt 0.3560 0.6815 0.0000
vt 0.3539 0.6792 0.0000
vt 0.1745 0.9231 0.0000
vt 0.1908 0.8677 0.0000
vt 0.1895 0.8640 0.0000
vt 0.3119 0.7414 0.0000
vt 0.3136 0.7366 0.0000
vt 0.5025 0.8707 0.0000
vt 0.4973 0.8695 0.0000
vt 0.1181 0.7291 0.0000
vt 0.2489 0.6981 0.0000
vt 0.3366 0.8674 0.0000
vt 0.3343 0.8681 0.0000
vt 0.1097 0.8045 0.0000
vt 0.1154 0.8078 0.0000
vt 0.1116 0.8105 0.0000
vt 0.4198 0.7403 0.0000
vt 0.4199 0.7346 0.0000
vt 0.4253 0.7411 0.0000
vt 0.1580 0.7587 0.0000
vt 0.4709 0.7204 0.0000
vt 0.4703 0.7252 0.0000
vt 0.3390 0.8675 0.0000
vt 0.1079 0.7391 0.0000
vt 0.2596 0.6727 0.0000
vt 0.3552 0.7204 0.0000
vt 0.3500 0.7222 0.0000
vt 0.2356 0.8878 0.0000
vt 0.5070 0.8814 0.0000
vt 0.5020 0.8755 0.0000
vt 0.5075 0.8764 0.0000
vt 0.3905 0.8635 0.0000
vt 0.3934 0.8639 0.0000
vt 0.2523 0.6431 0.0000
vt 0.2502 0.6495 0.0000
vt 0.1209 0.7108 0.0000
vt 0.1240 0.7078 0.0000
vt 0.3251 0.9361 0.0000
vt 0.3236 0.9308 0.0000
vt 0.1389 0.8664 0.0000
vt 0.2145 0.8024 0.0000
vt 0.4759 0.8280 0.0000
vt 0.4742 0.8332 0.0000
vt 0.2686 0.6544 0.0000
vt 0.2718 0.8234 0.0000
vt 0.2779 0.8259 0.0000
vt 0.2735 0.8282 0.0000
vt 0.3572 0.7652 0.0000
vt 0.1379 0.7318 0.0000
vt 0.1375 0.7331 0.0000
vt 0.4050 0.7583 0.0000
vt 0.4002 0.7583 0.0000
vt 0.4050 0.7524 0.0000
vt 0.1695 0.6186 0.0000
vt 0.1711 0.6166 0.0000
vt 0.1707 0.6193 0.0000
vt 0.5115 0.7985 0.0000
vt 0.5150 0.7940 0.0000
vt 0.5188 0.7971 0.0000
vt 0.5263 0.7962 0.0000
vt 0.1884 0.6747 0.0000
vt 0.1934 0.6695 0.0000
vt 0.1930 0.6756 0.0000
vt 0.3145 0.9343 0.0000
vt 0.3158 0.9395 0.0000
vt 0.3941 0.7803 0.0000
vt 0.2899 0.6494 0.0000
vt 0.2920 0.6501 0.0000
vt 0.2956 0.8724 0.0000
vt 0.2993 0.8703 0.0000
vt 0.2793 0.8307 0.0000
vt 0.3729 0.7853 0.0000
vt 0.3729 0.7800 0.0000
vt 0.3249 0.8548 0.0000
vt 0.1833 0.6422 0.0000
vt 0.1853 0.6415 0.0000
vt 0.1818 0.7229 0.0000
vt 0.1766 0.7185 0.0000
vt 0.1797 0.7150 0.0000
vt 0.1372 0.8488 0.0000
vt 0.5283 0.6742 0.0000
vt 0.3851 0.9008 0.0000
vt 0.3910 0.8937 0.0000
vt 0.3659 0.8670 0.0000
vt 0.3699 0.8671 0.0000
vt 0.2382 0.9050 0.0000
vt 0.3994 0.7217 0.0000
vt 0.3277 0.7751 0.0000
vt 0.2142 0.8595 0.0000
vt 0.3051 0.8383 0.0000
vt 0.3043 0.8333 0.0000
vt 0.3085 0.8325 0.0000
vt 0.0805 0.7351 0.0000
vt 0.0810 0.7393 0.0000
vt 0.0788 0.7390 0.0000
vt 0.0783 0.7347 0.0000
vt 0.2084 0.7064 0.0000
vt 0.2019 0.7044 0.0000
vt 0.1431 0.7484 0.0000
vt 0.5210 0.7373 0.0000
vt 0.5185 0.7419 0.0000
vt 0.2474 0.7570 0.0000
vt 0.2439 0.7527 0.0000
vt 0.3226 0.7122 0.0000
vt 0.3213 0.7170 0.0000
vt 0.3170 0.7155 0.0000
vt 0.4050 0.7464 0.0000
vt 0.2590 0.7624 0.0000
vt 0.1800 0.8803 0.0000
vt 0.3417 0.8935 0.0000
vt 0.3167 0.7847 0.0000
vt 0.3772 0.8022 0.0000
vt 0.1966 0.6367 0.0000
vt 0.3497 0.6977 0.0000
vt 0.3515 0.7018 0.0000
vt 0.4436 0.8688 0.0000
vt 0.4425 0.8740 0.0000
vt 0.5521 0.6577 0.0000
vt 0.5514 0.6562 0.0000
vt 0.3936 0.8455 0.0000
vt 0.3677 0.7589 0.0000
vt 0.3625 0.7596 0.0000
vt 0.2741 0.9025 0.0000
vt 0.5520 0.7868 0.0000
vt 0.2539 0.6878 0.0000
vt 0.2491 0.6882 0.0000
vt 0.3477 0.6941 0.0000
vt 0.3442 0.6969 0.0000
vt 0.1828 0.8622 0.0000
vt 0.2156 0.6220 0.0000
vt 0.2144 0.6259 0.0000
vt 0.4411 0.6954 0.0000
vt 0.4400 0.6998 0.0000
vt 0.4350 0.6930 0.0000
vt 0.3071 0.9256 0.0000
vt 0.2898 0.6638 0.0000
vt 0.5094 0.6875 0.0000
vt 0.5128 0.6936 0.0000
vt 0.3460 0.8831 0.0000
vt 0.3421 0.8807 0.0000
vt 0.1767 0.7073 0.0000
vt 0.1732 0.6999 0.0000
vt 0.1790 0.7036 0.0000
vt 0.4985 0.8393 0.0000
vt 0.4937 0.8373 0.0000
vt 0.2497 0.9496 0.0000
vt 0.2433 0.9499 0.0000
vt 0.2436 0.9452 0.0000
vt 0.2498 0.9448 0.0000
vt 0.4528 0.8223 0.0000
vt 0.4569 0.8241 0.0000
vt 0.2050 0.9105 0.0000
vt 0.2083 0.9118 0.0000
vt 0.2572 0.8142 0.0000
vt 0.2529 0.8172 0.0000
vt 0.2506 0.8126 0.0000
vt 0.2550 0.8096 0.0000
vt 0.4154 0.7942 0.0000
vt 0.4108 0.7938 0.0000
vt 0.5027 0.7851 0.0000
vt 0.5038 0.7928 0.0000
vt 0.4997 0.7898 0.0000
vt 0.3339 0.7526 0.0000
vt 0.1757 0.8612 0.0000
vt 0.2014 0.8940 0.0000
vt 0.1981 0.8962 0.0000
vt 0.1508 0.8794 0.0000
vt 0.1527 0.8831 0.0000
vt 0.3955 0.7580 0.0000
vt 0.1797 0.6283 0.0000
vt 0.1784 0.6241 0.0000
vt 0.1796 0.6239 0.0000
vt 0.1874 0.6300 0.0000
vt 0.5452 0.7370 0.0000
vt 0.4052 0.7025 0.0000
vt 0.4057 0.6958 0.0000
vt 0.4123 0.6982 0.0000
vt 0.4113 0.7041 0.0000
vt 0.2042 0.9544 0.0000
vt 0.2032 0.9576 0.0000
vt 0.2992 0.7197 0.0000
vt 0.3018 0.7150 0.0000
vt 0.4881 0.7767 0.0000
vt 0.4825 0.7744 0.0000
vt 0.1718 0.7666 0.0000
vt 0.1748 0.7706 0.0000
vt 0.2350 0.8594 0.0000
vt 0.2325 0.8656 0.0000
vt 0.3418 0.6874 0.0000
vt 0.3401 0.6858 0.0000
vt 0.3433 0.6824 0.0000
vt 0.3450 0.6841 0.0000
vt 0.2037 0.6762 0.0000
vt 0.2065 0.6754 0.0000
vt 0.2044 0.9124 0.0000
vt 0.2078 0.9138 0.0000
vt 0.1917 0.8895 0.0000
vt 0.1937 0.8942 0.0000
vt 0.1681 0.7487 0.0000
vt 0.2637 0.9037 0.0000
vt 0.2684 0.9012 0.0000
vt 0.1970 0.9098 0.0000
vt 0.4631 0.6910 0.0000
vt 0.4591 0.6864 0.0000
vt 0.3163 0.9088 0.0000
vt 0.3202 0.6662 0.0000
vt 0.3206 0.7329 0.0000
vt 0.1444 0.7347 0.0000
vt 0.1684 0.8246 0.0000
vt 0.1669 0.8248 0.0000
vt 0.5122 0.8870 0.0000
vt 0.5109 0.8911 0.0000
vt 0.2367 0.6743 0.0000
vt 0.2412 0.6768 0.0000
vt 0.3580 0.8345 0.0000
vt 0.2695 0.9519 0.0000
vt 0.5457 0.7302 0.0000
vt 0.5470 0.7236 0.0000
vt 0.5499 0.7262 0.0000
vt 0.3862 0.7913 0.0000
vt 0.3016 0.6284 0.0000
vt 0.3038 0.6301 0.0000
vt 0.3010 0.6330 0.0000
vt 0.2998 0.6322 0.0000
vt 0.4940 0.7995 0.0000
vt 0.4968 0.7946 0.0000
vt 0.3178 0.7995 0.0000
vt 0.3181 0.8045 0.0000
vt 0.3915 0.7521 0.0000
vt 0.4371 0.8556 0.0000
vt 0.3511 0.7463 0.0000
vt 0.4281 0.8062 0.0000
vt 0.4232 0.8064 0.0000
vt 0.4242 0.8005 0.0000
vt 0.4290 0.8004 0.0000
vt 0.3275 0.9436 0.0000
vt 0.3230 0.9455 0.0000
vt 0.3218 0.9419 0.0000
vt 0.3264 0.9403 0.0000
vt 0.3776 0.7966 0.0000
vt 0.1506 0.6774 0.0000
vt 0.1683 0.9132 0.0000
vt 0.2861 0.6421 0.0000
vt 0.4131 0.8851 0.0000
vt 0.4132 0.8824 0.0000
vt 0.4174 0.8849 0.0000
vt 0.4909 0.8469 0.0000
vt 0.4863 0.8449 0.0000
vt 0.4877 0.8400 0.0000
vt 0.4923 0.8420 0.0000
vt 0.5047 0.8362 0.0000
vt 0.3748 0.8245 0.0000
vt 0.3792 0.8259 0.0000
vt 0.5077 0.7957 0.0000
vt 0.3238 0.7072 0.0000
vt 0.1990 0.6356 0.0000
vt 0.2332 0.9054 0.0000
vt 0.2330 0.9011 0.0000
vt 0.2553 0.9254 0.0000
vt 0.2014 0.6137 0.0000
vt 0.2010 0.6156 0.0000
vt 0.1963 0.6148 0.0000
vt 0.1966 0.6130 0.0000
vt 0.5339 0.6630 0.0000
vt 0.5384 0.6607 0.0000
vt 0.5392 0.6627 0.0000
vt 0.5350 0.6651 0.0000
vt 0.1223 0.8501 0.0000
vt 0.1180 0.8522 0.0000
vt 0.1167 0.8476 0.0000
vt 0.1212 0.8456 0.0000
vt 0.3321 0.8619 0.0000
vt 0.3287 0.8587 0.0000
vt 0.3316 0.8570 0.0000
vt 0.1564 0.8167 0.0000
vt 0.1558 0.8194 0.0000
vt 0.3384 0.8703 0.0000
vt 0.3626 0.6810 0.0000
vt 0.3479 0.6650 0.0000
vt 0.3941 0.8156 0.0000
vt 0.3979 0.8159 0.0000
vt 0.1634 0.8814 0.0000
vt 0.3247 0.8975 0.0000
vt 0.3212 0.8995 0.0000
vt 0.3150 0.6764 0.0000
vt 0.3176 0.6711 0.0000
vt 0.1109 0.7302 0.0000
vt 0.3390 0.7105 0.0000
vt 0.3432 0.7099 0.0000
vt 0.1807 0.6428 0.0000
vt 0.4642 0.7479 0.0000
vt 0.1980 0.8741 0.0000
vt 0.2067 0.6295 0.0000
vt 0.2009 0.6279 0.0000
vt 0.2030 0.6254 0.0000
vt 0.3916 0.8094 0.0000
vt 0.3949 0.8096 0.0000
vt 0.3910 0.8154 0.0000
vt 0.3442 0.8604 0.0000
vt 0.3463 0.8616 0.0000
vt 0.1669 0.8532 0.0000
vt 0.5189 0.8821 0.0000
vt 0.5256 0.8816 0.0000
vt 0.2544 0.6370 0.0000
vt 0.2138 0.8847 0.0000
vt 0.2123 0.8814 0.0000
vt 0.4920 0.8683 0.0000
vt 0.4925 0.7917 0.0000
vt 0.0880 0.7265 0.0000
vt 0.0846 0.7273 0.0000
vt 0.2266 0.6163 0.0000
vt 0.2272 0.6135 0.0000
vt 0.1778 0.9440 0.0000
vt 0.1180 0.8674 0.0000
vt 0.1223 0.8651 0.0000
vt 0.3140 0.8101 0.0000
vt 0.3186 0.8095 0.0000
vt 0.3899 0.8273 0.0000
vt 0.3923 0.8333 0.0000
vt 0.3893 0.8332 0.0000
vt 0.2337 0.8442 0.0000
vt 0.2314 0.8509 0.0000
vt 0.2297 0.8468 0.0000
vt 0.1856 0.8412 0.0000
vt 0.1842 0.8379 0.0000
vt 0.1879 0.8362 0.0000
vt 0.1893 0.8395 0.0000
vt 0.4250 0.7946 0.0000
vt 0.4300 0.7945 0.0000
vt 0.4721 0.8676 0.0000
vt 0.1819 0.8503 0.0000
vt 0.1836 0.8459 0.0000
vt 0.1847 0.8494 0.0000
vt 0.5385 0.7076 0.0000
vt 0.0837 0.7296 0.0000
vt 0.0822 0.7289 0.0000
vt 0.1233 0.7596 0.0000
vt 0.1250 0.7567 0.0000
vt 0.3212 0.8768 0.0000
vt 0.3201 0.8734 0.0000
vt 0.2568 0.8964 0.0000
vt 0.2612 0.8945 0.0000
vt 0.2624 0.8994 0.0000
vt 0.2578 0.9015 0.0000
vt 0.2036 0.6526 0.0000
vt 0.2745 0.6364 0.0000
vt 0.2763 0.6302 0.0000
vt 0.2551 0.7462 0.0000
vt 0.2611 0.7432 0.0000
vt 0.2647 0.7478 0.0000
vt 0.2585 0.7505 0.0000
vt 0.2803 0.6752 0.0000
vt 0.2832 0.6750 0.0000
vt 0.2821 0.6782 0.0000
vt 0.2797 0.6790 0.0000
vt 0.2238 0.8452 0.0000
vt 0.2256 0.8493 0.0000
vt 0.2213 0.8515 0.0000
vt 0.2196 0.8475 0.0000
vt 0.1840 0.8129 0.0000
vt 0.1868 0.8091 0.0000
vt 0.2752 0.7500 0.0000
vt 0.2122 0.6105 0.0000
vt 0.3114 0.6754 0.0000
vt 0.3079 0.6742 0.0000
vt 0.2992 0.6869 0.0000
vt 0.1670 0.8218 0.0000
vt 0.2852 0.8673 0.0000
vt 0.2869 0.8723 0.0000
vt 0.3176 0.9271 0.0000
vt 0.3161 0.9216 0.0000
vt 0.4287 0.6907 0.0000
vt 0.4300 0.6862 0.0000
vt 0.4361 0.6890 0.0000
vt 0.2962 0.8610 0.0000
vt 0.2950 0.8561 0.0000
vt 0.1499 0.7287 0.0000
vt 0.1440 0.7260 0.0000
vt 0.1479 0.7249 0.0000
vt 0.1701 0.6469 0.0000
vt 0.3828 0.7407 0.0000
vt 0.3710 0.6634 0.0000
vt 0.1734 0.8361 0.0000
vt 0.1699 0.8374 0.0000
vt 0.2162 0.6332 0.0000
vt 0.4497 0.7189 0.0000
vt 0.1965 0.8703 0.0000
vt 0.1611 0.8285 0.0000
vt 0.4441 0.8008 0.0000
vt 0.3712 0.7199 0.0000
vt 0.5397 0.7721 0.0000
vt 0.5367 0.7764 0.0000
vt 0.1318 0.7292 0.0000
vt 0.4198 0.8695 0.0000
vt 0.2388 0.8221 0.0000
vt 0.2352 0.8254 0.0000
vt 0.5407 0.8104 0.0000
vt 0.5458 0.8125 0.0000
vt 0.1741 0.6480 0.0000
vt 0.1741 0.6528 0.0000
vt 0.2121 0.6802 0.0000
vt 0.2093 0.6740 0.0000
vt 0.1256 0.8165 0.0000
vt 0.1204 0.8192 0.0000
vt 0.1180 0.8134 0.0000
vt 0.1219 0.8099 0.0000
vt 0.1767 0.6337 0.0000
vt 0.4431 0.7165 0.0000
vt 0.4367 0.7141 0.0000
vt 0.4864 0.8149 0.0000
vt 0.4842 0.8201 0.0000
vt 0.3566 0.7453 0.0000
vt 0.3373 0.8549 0.0000
vt 0.3634 0.7059 0.0000
vt 0.3619 0.7010 0.0000
vt 0.2240 0.9088 0.0000
vt 0.3095 0.6914 0.0000
vt 0.3088 0.6962 0.0000
vt 0.3046 0.6946 0.0000
vt 0.3058 0.6899 0.0000
vt 0.3386 0.8308 0.0000
vt 0.5258 0.7585 0.0000
vt 0.5277 0.7541 0.0000
vt 0.1440 0.8341 0.0000
vt 0.1667 0.8415 0.0000
vt 0.1710 0.8399 0.0000
vt 0.1542 0.8365 0.0000
vt 0.2263 0.6842 0.0000
vt 0.2225 0.6895 0.0000
vt 0.2187 0.6835 0.0000
vt 0.3078 0.8816 0.0000
vt 0.3058 0.8776 0.0000
vt 0.0681 0.7363 0.0000
vt 0.0735 0.7413 0.0000
vt 0.0692 0.7398 0.0000
vt 0.2326 0.8208 0.0000
vt 0.2291 0.8240 0.0000
vt 0.2300 0.8164 0.0000
vt 0.2553 0.8343 0.0000
vt 0.2572 0.8265 0.0000
vt 0.2561 0.9440 0.0000
vt 0.2280 0.7741 0.0000
vt 0.3992 0.6864 0.0000
vt 0.3928 0.6879 0.0000
vt 0.3387 0.8786 0.0000
vt 0.3755 0.6607 0.0000
vt 0.3795 0.6623 0.0000
vt 0.3845 0.8149 0.0000
vt 0.3878 0.8153 0.0000
vt 0.3746 0.7066 0.0000
vt 0.2864 0.8382 0.0000
vt 0.2908 0.8365 0.0000
vt 0.1695 0.8920 0.0000
vt 0.1819 0.9203 0.0000
vt 0.1844 0.9159 0.0000
vt 0.3246 0.6680 0.0000
vt 0.3288 0.6701 0.0000
vt 0.5436 0.6603 0.0000
vt 0.5476 0.6582 0.0000
vt 0.1718 0.8951 0.0000
vt 0.2808 0.8522 0.0000
vt 0.2823 0.8573 0.0000
vt 0.1936 0.8375 0.0000
vt 0.3299 0.9079 0.0000
vt 0.3274 0.9024 0.0000
vt 0.1430 0.8302 0.0000
vt 0.1855 0.8924 0.0000
vt 0.1872 0.8988 0.0000
vt 0.0693 0.7450 0.0000
vt 0.0733 0.7469 0.0000
vt 0.3011 0.9224 0.0000
vt 0.3799 0.8201 0.0000
vt 0.2362 0.7860 0.0000
vt 0.5482 0.7914 0.0000
vt 0.5447 0.7890 0.0000
vt 0.5483 0.7845 0.0000
vt 0.1261 0.8051 0.0000
vt 0.3532 0.8327 0.0000
vt 0.2599 0.9117 0.0000
vt 0.2602 0.9142 0.0000
vt 0.2545 0.9154 0.0000
vt 0.3500 0.8848 0.0000
vt 0.3546 0.8864 0.0000
vt 0.3515 0.8896 0.0000
vt 0.3784 0.6988 0.0000
vt 0.3185 0.6891 0.0000
vt 0.4672 0.7966 0.0000
vt 0.5143 0.8980 0.0000
vt 0.5199 0.9012 0.0000
vt 0.1392 0.7262 0.0000
vt 0.4659 0.6855 0.0000
vt 0.4694 0.6878 0.0000
vt 0.2341 0.8697 0.0000
vt 0.5650 0.6528 0.0000
vt 0.5663 0.6530 0.0000
vt 0.1773 0.8310 0.0000
vt 0.1795 0.8295 0.0000
vt 0.1812 0.8320 0.0000
vt 0.1788 0.8335 0.0000
vt 0.2242 0.8075 0.0000
vt 0.2281 0.8042 0.0000
vt 0.2309 0.8086 0.0000
vt 0.2272 0.8119 0.0000
vt 0.2905 0.6394 0.0000
vt 0.2889 0.6439 0.0000
vt 0.1140 0.8335 0.0000
vt 0.1188 0.8314 0.0000
vt 0.5531 0.6595 0.0000
vt 0.3686 0.6718 0.0000
vt 0.3726 0.6695 0.0000
vt 0.3718 0.6750 0.0000
vt 0.3431 0.9364 0.0000
vt 0.3422 0.9337 0.0000
vt 0.3456 0.9319 0.0000
vt 0.3465 0.9345 0.0000
vt 0.1887 0.7972 0.0000
vt 0.1853 0.8020 0.0000
vt 0.4193 0.8004 0.0000
vt 0.4183 0.8062 0.0000
vt 0.1557 0.6671 0.0000
vt 0.2528 0.8051 0.0000
vt 0.2505 0.8005 0.0000
vt 0.1371 0.7344 0.0000
vt 0.1305 0.7332 0.0000
vt 0.2871 0.6720 0.0000
vt 0.2885 0.6681 0.0000
vt 0.5611 0.6557 0.0000
vt 0.5610 0.6547 0.0000
vt 0.2009 0.7118 0.0000
vt 0.3237 0.8138 0.0000
vt 0.3234 0.8088 0.0000
vt 0.1772 0.6384 0.0000
vt 0.1848 0.8248 0.0000
vt 0.1880 0.8218 0.0000
vt 0.1909 0.8248 0.0000
vt 0.1986 0.7396 0.0000
vt 0.1949 0.7357 0.0000
vt 0.1998 0.7324 0.0000
vt 0.2913 0.6862 0.0000
vt 0.2883 0.6834 0.0000
vt 0.2900 0.6805 0.0000
vt 0.3321 0.8661 0.0000
vt 0.5210 0.7286 0.0000
vt 0.4125 0.8583 0.0000
vt 0.4174 0.8584 0.0000
vt 0.1866 0.8649 0.0000
vt 0.1853 0.8613 0.0000
vt 0.1380 0.7866 0.0000
vt 0.2993 0.7817 0.0000
vt 0.1883 0.6093 0.0000
vt 0.4953 0.8076 0.0000
vt 0.1687 0.9393 0.0000
vt 0.1709 0.9363 0.0000
vt 0.1758 0.9385 0.0000
vt 0.1735 0.9418 0.0000
vt 0.3727 0.7583 0.0000
vt 0.5576 0.7372 0.0000
vt 0.5609 0.7325 0.0000
vt 0.1552 0.8768 0.0000
vt 0.4534 0.9015 0.0000
vt 0.4553 0.8965 0.0000
vt 0.3905 0.8214 0.0000
vt 0.3916 0.8575 0.0000
vt 0.3946 0.8579 0.0000
vt 0.1825 0.7113 0.0000
vt 0.4490 0.8406 0.0000
vt 0.1895 0.8517 0.0000
vt 0.1881 0.8482 0.0000
vt 0.1924 0.8467 0.0000
vt 0.1938 0.8502 0.0000
vt 0.1878 0.8687 0.0000
vt 0.3648 0.8579 0.0000
vt 0.3659 0.8506 0.0000
vt 0.0873 0.7246 0.0000
vt 0.0838 0.7259 0.0000
vt 0.2390 0.8570 0.0000
vt 0.3056 0.6322 0.0000
vt 0.3079 0.6279 0.0000
vt 0.1300 0.7346 0.0000
vt 0.4408 0.7560 0.0000
vt 0.4399 0.7612 0.0000
vt 0.3102 0.7751 0.0000
vt 0.3169 0.9437 0.0000
vt 0.3259 0.8386 0.0000
vt 0.4787 0.8590 0.0000
vt 0.5285 0.8095 0.0000
vt 0.5268 0.8031 0.0000
vt 0.3167 0.7469 0.0000
vt 0.2256 0.9451 0.0000
vt 0.2196 0.9448 0.0000
vt 0.1925 0.6089 0.0000
vt 0.1772 0.6207 0.0000
vt 0.1783 0.6205 0.0000
vt 0.3265 0.8435 0.0000
vt 0.3303 0.8421 0.0000
vt 0.5470 0.6566 0.0000
vt 0.5509 0.6548 0.0000
vt 0.3915 0.8393 0.0000
vt 0.1776 0.7747 0.0000
vt 0.1073 0.7597 0.0000
vt 0.3451 0.8029 0.0000
vt 0.4929 0.8126 0.0000
vt 0.4907 0.8176 0.0000
vt 0.5727 0.7412 0.0000
vt 0.5696 0.7353 0.0000
vt 0.5744 0.7360 0.0000
vt 0.1524 0.9112 0.0000
vt 0.4970 0.8439 0.0000
vt 0.5347 0.7692 0.0000
vt 0.4976 0.7383 0.0000
vt 0.4187 0.8528 0.0000
vt 0.4234 0.8532 0.0000
vt 0.1394 0.7092 0.0000
vt 0.4485 0.8876 0.0000
vt 0.4528 0.8894 0.0000
vt 0.2170 0.8536 0.0000
vt 0.2153 0.8497 0.0000
vt 0.5571 0.6643 0.0000
vt 0.5598 0.6614 0.0000
vt 0.5610 0.6623 0.0000
vt 0.5584 0.6655 0.0000
vt 0.2179 0.6937 0.0000
vt 0.2149 0.6868 0.0000
vt 0.2672 0.8680 0.0000
vt 0.2315 0.8285 0.0000
vt 0.2278 0.8314 0.0000
vt 0.2807 0.6455 0.0000
vt 0.4210 0.7237 0.0000
vt 0.4779 0.8228 0.0000
vt 0.4822 0.8253 0.0000
vt 0.4802 0.8303 0.0000
vt 0.1842 0.8575 0.0000
vt 0.2493 0.7492 0.0000
vt 0.5295 0.7185 0.0000
vt 0.3861 0.8329 0.0000
vt 0.1861 0.6307 0.0000
vt 0.1844 0.6264 0.0000
vt 0.4023 0.8165 0.0000
vt 0.4014 0.8222 0.0000
vt 0.1411 0.9057 0.0000
vt 0.1354 0.9088 0.0000
vt 0.2533 0.9030 0.0000
vt 0.1813 0.9025 0.0000
vt 0.1853 0.9044 0.0000
vt 0.0927 0.7262 0.0000
vt 0.4005 0.8281 0.0000
vt 0.2335 0.6481 0.0000
vt 0.2360 0.6423 0.0000
vt 0.2396 0.6444 0.0000
vt 0.2369 0.6504 0.0000
vt 0.2961 0.9242 0.0000
vt 0.2140 0.7479 0.0000
vt 0.2089 0.7513 0.0000
vt 0.1874 0.8771 0.0000
vt 0.1895 0.9068 0.0000
vt 0.1869 0.9118 0.0000
vt 0.2103 0.6334 0.0000
vt 0.2126 0.6297 0.0000
vt 0.3139 0.6262 0.0000
vt 0.4720 0.7058 0.0000
vt 0.4654 0.7041 0.0000
vt 0.1638 0.8235 0.0000
vt 0.1735 0.6620 0.0000
vt 0.1785 0.6633 0.0000
vt 0.3117 0.9236 0.0000
vt 0.1583 0.8109 0.0000
vt 0.1586 0.8073 0.0000
vt 0.1812 0.8392 0.0000
vt 0.1824 0.8425 0.0000
vt 0.2784 0.7031 0.0000
vt 0.2814 0.6998 0.0000
vt 0.2392 0.6675 0.0000
vt 0.2433 0.6695 0.0000
vt 0.3561 0.6738 0.0000
vt 0.3546 0.6722 0.0000
vt 0.5154 0.7036 0.0000
vt 0.2835 0.8450 0.0000
vt 0.2876 0.8432 0.0000
vt 0.3955 0.8706 0.0000
vt 0.3971 0.8642 0.0000
vt 0.3997 0.8706 0.0000
vt 0.3136 0.6925 0.0000
vt 0.3146 0.6879 0.0000
vt 0.5119 0.6778 0.0000
vt 0.5164 0.6744 0.0000
vt 0.3843 0.6834 0.0000
vt 0.5128 0.9132 0.0000
vt 0.2306 0.7670 0.0000
vt 0.2275 0.7632 0.0000
vt 0.2939 0.8513 0.0000
vt 0.4889 0.8096 0.0000
vt 0.3523 0.6495 0.0000
vt 0.4987 0.7331 0.0000
vt 0.1782 0.8857 0.0000
vt 0.1738 0.8885 0.0000
vt 0.1717 0.8853 0.0000
vt 0.1761 0.8824 0.0000
vt 0.2881 0.7576 0.0000
vt 0.5177 0.8446 0.0000
vt 0.3438 0.6491 0.0000
vt 0.3313 0.7246 0.0000
vt 0.3353 0.7249 0.0000
vt 0.2574 0.8022 0.0000
vt 0.2596 0.8069 0.0000
vt 0.3245 0.8238 0.0000
vt 0.4587 0.8622 0.0000
vt 0.0737 0.7286 0.0000
vt 0.1819 0.8223 0.0000
vt 0.1847 0.8191 0.0000
vt 0.1821 0.8274 0.0000
vt 0.1925 0.6129 0.0000
vt 0.4922 0.7149 0.0000
vt 0.2269 0.8934 0.0000
vt 0.1513 0.8241 0.0000
vt 0.3769 0.7238 0.0000
vt 0.3217 0.7703 0.0000
vt 0.4957 0.8486 0.0000
vt 0.5005 0.8501 0.0000
vt 0.3253 0.7183 0.0000
vt 0.5488 0.7981 0.0000
vt 0.3675 0.7432 0.0000
vt 0.3727 0.7422 0.0000
vt 0.3906 0.8453 0.0000
vt 0.3927 0.8515 0.0000
vt 0.2101 0.9599 0.0000
vt 0.2111 0.9563 0.0000
vt 0.3021 0.6342 0.0000
vt 0.2995 0.6356 0.0000
vt 0.2995 0.6347 0.0000
vt 0.4461 0.7021 0.0000
vt 0.3743 0.9017 0.0000
vt 0.3715 0.9008 0.0000
vt 0.2477 0.8992 0.0000
vt 0.2523 0.8981 0.0000
vt 0.3378 0.7022 0.0000
vt 0.3353 0.7017 0.0000
vt 0.5413 0.7340 0.0000
vt 0.5528 0.8000 0.0000
vt 0.1761 0.6185 0.0000
vt 0.3105 0.9057 0.0000
vt 0.3489 0.8924 0.0000
vt 0.3539 0.8941 0.0000
vt 0.2375 0.9455 0.0000
vt 0.2377 0.9408 0.0000
vt 0.2401 0.8142 0.0000
vt 0.2375 0.8096 0.0000
vt 0.5083 0.8961 0.0000
vt 0.2655 0.8632 0.0000
vt 0.2613 0.8238 0.0000
vt 0.2656 0.8211 0.0000
vt 0.2674 0.8259 0.0000
vt 0.5710 0.7496 0.0000
vt 0.5716 0.7454 0.0000
vt 0.5772 0.7486 0.0000
vt 0.4618 0.8455 0.0000
vt 0.1834 0.6134 0.0000
vt 0.1817 0.6142 0.0000
vt 0.5258 0.8133 0.0000
vt 0.4340 0.8002 0.0000
vt 0.4331 0.8061 0.0000
vt 0.0923 0.7438 0.0000
vt 0.0923 0.7380 0.0000
vt 0.3009 0.6930 0.0000
vt 0.3024 0.6885 0.0000
vt 0.2720 0.6289 0.0000
vt 0.2706 0.6353 0.0000
vt 0.2682 0.6279 0.0000
vt 0.2336 0.8129 0.0000
vt 0.2363 0.8175 0.0000
vt 0.1080 0.7985 0.0000
vt 0.1676 0.6965 0.0000
vt 0.3729 0.9047 0.0000
vt 0.3718 0.9068 0.0000
vt 0.3585 0.9251 0.0000
vt 0.3573 0.9231 0.0000
vt 0.3626 0.9185 0.0000
vt 0.3641 0.9201 0.0000
vt 0.2928 0.8463 0.0000
vt 0.2559 0.7269 0.0000
vt 0.2502 0.7298 0.0000
vt 0.2525 0.7222 0.0000
vt 0.3258 0.8599 0.0000
vt 0.3985 0.8581 0.0000
vt 0.3223 0.8795 0.0000
vt 0.3189 0.8806 0.0000
vt 0.2904 0.8700 0.0000
vt 0.1996 0.6221 0.0000
vt 0.1996 0.6196 0.0000
vt 0.2514 0.7417 0.0000
vt 0.2584 0.6182 0.0000
vt 0.2616 0.6194 0.0000
vt 0.2609 0.6257 0.0000
vt 0.5261 0.7416 0.0000
vt 0.5290 0.7379 0.0000
vt 0.5648 0.7808 0.0000
vt 0.5677 0.7765 0.0000
vt 0.1141 0.7404 0.0000
vt 0.2859 0.6752 0.0000
vt 0.5227 0.8002 0.0000
vt 0.3136 0.8612 0.0000
vt 0.3144 0.8655 0.0000
vt 0.3994 0.7153 0.0000
vt 0.1969 0.6698 0.0000
vt 0.1971 0.6763 0.0000
vt 0.1883 0.6243 0.0000
vt 0.1399 0.7660 0.0000
vt 0.1373 0.7624 0.0000
vt 0.1439 0.7628 0.0000
vt 0.5294 0.7498 0.0000
vt 0.5351 0.7534 0.0000
vt 0.3378 0.9182 0.0000
vt 0.3344 0.9197 0.0000
vt 0.3324 0.9138 0.0000
vt 0.3359 0.9121 0.0000
vt 0.1170 0.7138 0.0000
vt 0.1091 0.8360 0.0000
vt 0.1081 0.8310 0.0000
vt 0.1127 0.8288 0.0000
vt 0.2249 0.7068 0.0000
vt 0.2215 0.7005 0.0000
vt 0.2268 0.6955 0.0000
vt 0.3046 0.8836 0.0000
vt 0.4068 0.6896 0.0000
vt 0.4135 0.6930 0.0000
vt 0.1714 0.8512 0.0000
vt 0.1571 0.8806 0.0000
vt 0.1875 0.6584 0.0000
vt 0.1833 0.6588 0.0000
vt 0.2246 0.9542 0.0000
vt 0.1569 0.6497 0.0000
vt 0.1606 0.6517 0.0000
vt 0.5852 0.7525 0.0000
vt 0.5795 0.7553 0.0000
vt 0.2864 0.7525 0.0000
vt 0.2840 0.7477 0.0000
vt 0.2645 0.6268 0.0000
vt 0.2651 0.6205 0.0000
vt 0.1782 0.6122 0.0000
vt 0.1797 0.6110 0.0000
vt 0.4987 0.7156 0.0000
vt 0.4991 0.7216 0.0000
vt 0.1653 0.6247 0.0000
vt 0.1762 0.8348 0.0000
vt 0.2548 0.8468 0.0000
vt 0.2509 0.8495 0.0000
vt 0.4202 0.6962 0.0000
vt 0.1958 0.6631 0.0000
vt 0.1980 0.6629 0.0000
vt 0.1998 0.6698 0.0000
vt 0.3153 0.8699 0.0000
vt 0.1915 0.6874 0.0000
vt 0.1102 0.8407 0.0000
vt 0.5049 0.7159 0.0000
vt 0.3236 0.6855 0.0000
vt 0.5624 0.6535 0.0000
vt 0.5638 0.6536 0.0000
vt 0.3192 0.8694 0.0000
vt 0.5460 0.8026 0.0000
vt 0.4891 0.8829 0.0000
vt 0.1208 0.8609 0.0000
vt 0.5404 0.6650 0.0000
vt 0.2269 0.8768 0.0000
vt 0.2823 0.7864 0.0000
vt 0.2878 0.7846 0.0000
vt 0.2891 0.7895 0.0000
vt 0.2836 0.7913 0.0000
vt 0.1925 0.6816 0.0000
vt 0.2458 0.8746 0.0000
vt 0.2441 0.8701 0.0000
vt 0.4211 0.7886 0.0000
vt 0.5089 0.7650 0.0000
vt 0.2084 0.9388 0.0000
vt 0.2145 0.9398 0.0000
vt 0.4992 0.7276 0.0000
vt 0.2319 0.9409 0.0000
vt 0.2315 0.9455 0.0000
vt 0.5526 0.6722 0.0000
vt 0.5498 0.6757 0.0000
vt 0.2065 0.6511 0.0000
vt 0.2498 0.8726 0.0000
vt 0.2514 0.8771 0.0000
vt 0.3997 0.7019 0.0000
vt 0.3997 0.6946 0.0000
vt 0.1164 0.8632 0.0000
vt 0.1969 0.8576 0.0000
vt 0.1954 0.8540 0.0000
vt 0.3257 0.8787 0.0000
vt 0.4000 0.8521 0.0000
vt 0.3960 0.8519 0.0000
vt 0.4357 0.7186 0.0000
vt 0.4818 0.8429 0.0000
vt 0.4761 0.8461 0.0000
vt 0.4773 0.8407 0.0000
vt 0.3536 0.9294 0.0000
vt 0.3499 0.9323 0.0000
vt 0.3489 0.9297 0.0000
vt 0.3527 0.9269 0.0000
vt 0.3392 0.6785 0.0000
vt 0.3364 0.6758 0.0000
vt 0.3401 0.6723 0.0000
vt 0.3384 0.7063 0.0000
vt 0.2638 0.6927 0.0000
vt 0.2677 0.6909 0.0000
vt 0.1174 0.8265 0.0000
vt 0.1926 0.6635 0.0000
vt 0.4641 0.8818 0.0000
vt 0.2002 0.7938 0.0000
vt 0.1964 0.7972 0.0000
vt 0.1924 0.7935 0.0000
vt 0.1965 0.7901 0.0000
vt 0.4588 0.8184 0.0000
vt 0.4631 0.8206 0.0000
vt 0.2295 0.6778 0.0000
vt 0.4597 0.8567 0.0000
vt 0.3860 0.9024 0.0000
vt 0.3868 0.9041 0.0000
vt 0.2104 0.8205 0.0000
vt 0.2138 0.8173 0.0000
vt 0.3031 0.6172 0.0000
vt 0.3013 0.6223 0.0000
vt 0.2977 0.6215 0.0000
vt 0.2978 0.6150 0.0000
vt 0.5646 0.7493 0.0000
vt 0.5499 0.7663 0.0000
vt 0.5470 0.7705 0.0000
vt 0.1970 0.6088 0.0000
vt 0.1705 0.6424 0.0000
vt 0.1566 0.7317 0.0000
vt 0.1063 0.7539 0.0000
vt 0.4787 0.8354 0.0000
vt 0.4832 0.8378 0.0000
vt 0.1447 0.6952 0.0000
vt 0.2555 0.9299 0.0000
vt 0.2172 0.8140 0.0000
vt 0.1741 0.6433 0.0000
vt 0.1136 0.8546 0.0000
vt 0.1193 0.8567 0.0000
vt 0.1149 0.8589 0.0000
vt 0.2450 0.8234 0.0000
vt 0.5262 0.7257 0.0000
vt 0.4519 0.7042 0.0000
vt 0.5127 0.8821 0.0000
vt 0.2419 0.6386 0.0000
vt 0.3392 0.6905 0.0000
vt 0.3580 0.8814 0.0000
vt 0.1760 0.8917 0.0000
vt 0.1802 0.8891 0.0000
vt 0.3479 0.7083 0.0000
vt 0.3200 0.6843 0.0000
vt 0.3162 0.6831 0.0000
vt 0.2092 0.7158 0.0000
vt 0.2178 0.7117 0.0000
vt 0.2914 0.6450 0.0000
vt 0.2934 0.6459 0.0000
vt 0.2153 0.7044 0.0000
vt 0.3347 0.8556 0.0000
vt 0.3344 0.8507 0.0000
vt 0.2377 0.8415 0.0000
vt 0.1194 0.8042 0.0000
vt 0.1223 0.7958 0.0000
vt 0.1239 0.8004 0.0000
vt 0.2422 0.9651 0.0000
vt 0.2718 0.7014 0.0000
vt 0.2747 0.7059 0.0000
vt 0.5864 0.7543 0.0000
vt 0.5877 0.7564 0.0000
vt 0.3704 0.6821 0.0000
vt 0.1450 0.7873 0.0000
vt 0.1591 0.8842 0.0000
vt 0.3178 0.9015 0.0000
vt 0.3142 0.9036 0.0000
vt 0.2380 0.9224 0.0000
vt 0.5227 0.7931 0.0000
vt 0.2285 0.9116 0.0000
vt 0.1793 0.6174 0.0000
vt 0.1208 0.7551 0.0000
vt 0.4930 0.8884 0.0000
vt 0.3299 0.8373 0.0000
vt 0.1737 0.8213 0.0000
vt 0.2695 0.6964 0.0000
vt 0.1400 0.8109 0.0000
vt 0.1118 0.7590 0.0000
vt 0.0990 0.7248 0.0000
vt 0.1051 0.7269 0.0000
vt 0.5561 0.6574 0.0000
vt 0.3550 0.9124 0.0000
vt 0.3563 0.9089 0.0000
vt 0.1002 0.7959 0.0000
vt 0.4061 0.7932 0.0000
vt 0.2284 0.8808 0.0000
vt 0.5544 0.6531 0.0000
vt 0.2318 0.6145 0.0000
vt 0.2362 0.6153 0.0000
vt 0.3995 0.7088 0.0000
vt 0.3033 0.7339 0.0000
vt 0.2981 0.7319 0.0000
vt 0.3620 0.6724 0.0000
vt 0.1254 0.7277 0.0000
vt 0.4126 0.8118 0.0000
vt 0.1516 0.7369 0.0000
vt 0.3354 0.6874 0.0000
vt 0.3328 0.6852 0.0000
vt 0.2754 0.8499 0.0000
vt 0.2928 0.6294 0.0000
vt 0.4722 0.9087 0.0000
vt 0.4773 0.9094 0.0000
vt 0.2044 0.7217 0.0000
vt 0.2044 0.7289 0.0000
vt 0.2002 0.7251 0.0000
vt 0.5525 0.7619 0.0000
vt 0.5577 0.7645 0.0000
vt 0.3620 0.7443 0.0000
vt 0.5254 0.8592 0.0000
vt 0.3854 0.6651 0.0000
vt 0.3918 0.6691 0.0000
vt 0.5607 0.6581 0.0000
vt 0.3516 0.8969 0.0000
vt 0.3465 0.8953 0.0000
vt 0.2654 0.6985 0.0000
vt 0.4374 0.8314 0.0000
vt 0.2689 0.6415 0.0000
vt 0.1366 0.7358 0.0000
vt 0.1357 0.7377 0.0000
vt 0.2885 0.8994 0.0000
vt 0.2617 0.8116 0.0000
vt 0.2637 0.8164 0.0000
vt 0.2593 0.8189 0.0000
vt 0.2179 0.9265 0.0000
vt 0.1113 0.7287 0.0000
vt 0.3127 0.6818 0.0000
vt 0.3108 0.6868 0.0000
vt 0.5588 0.6557 0.0000
vt 0.5596 0.6569 0.0000
vt 0.1823 0.9094 0.0000
vt 0.0899 0.7578 0.0000
vt 0.2977 0.6343 0.0000
vt 0.2984 0.6317 0.0000
vt 0.2986 0.6346 0.0000
vt 0.3607 0.8750 0.0000
vt 0.1474 0.7598 0.0000
vt 0.3376 0.8500 0.0000
vt 0.3343 0.8459 0.0000
vt 0.2977 0.8978 0.0000
vt 0.3207 0.6288 0.0000
vt 0.1649 0.8279 0.0000
vt 0.2799 0.8648 0.0000
vt 0.1932 0.7687 0.0000
vt 0.1901 0.7648 0.0000
vt 0.5091 0.7764 0.0000
vt 0.4720 0.7989 0.0000
vt 0.4765 0.8015 0.0000
vt 0.4292 0.8883 0.0000
vt 0.4304 0.8849 0.0000
vt 0.1388 0.7238 0.0000
vt 0.1417 0.7228 0.0000
vt 0.5207 0.6712 0.0000
vt 0.5251 0.6683 0.0000
vt 0.5266 0.6711 0.0000
vt 0.5223 0.6747 0.0000
vt 0.1579 0.7422 0.0000
vt 0.1513 0.7386 0.0000
vt 0.4203 0.7291 0.0000
vt 0.5246 0.7336 0.0000
vt 0.3719 0.8828 0.0000
vt 0.2722 0.8827 0.0000
vt 0.2739 0.8876 0.0000
vt 0.2699 0.8900 0.0000
vt 0.2682 0.8851 0.0000
vt 0.4751 0.8516 0.0000
vt 0.4717 0.8439 0.0000
vt 0.1391 0.8350 0.0000
vt 0.5471 0.6791 0.0000
vt 0.3558 0.6991 0.0000
vt 0.1786 0.6584 0.0000
vt 0.1739 0.6575 0.0000
vt 0.2627 0.9529 0.0000
vt 0.2559 0.9538 0.0000
vt 0.2561 0.9489 0.0000
vt 0.2335 0.7710 0.0000
vt 0.4358 0.8610 0.0000
vt 0.5369 0.6763 0.0000
vt 0.2064 0.6584 0.0000
vt 0.2099 0.6640 0.0000
vt 0.2078 0.6662 0.0000
vt 0.1718 0.6287 0.0000
vt 0.1699 0.6277 0.0000
vt 0.2060 0.6677 0.0000
vt 0.5267 0.7891 0.0000
vt 0.1825 0.6160 0.0000
vt 0.1841 0.6152 0.0000
vt 0.1850 0.6175 0.0000
vt 0.1869 0.8446 0.0000
vt 0.1908 0.8430 0.0000
vt 0.4390 0.8005 0.0000
vt 0.1667 0.8232 0.0000
vt 0.2350 0.8052 0.0000
vt 0.5307 0.6681 0.0000
vt 0.5295 0.6655 0.0000
vt 0.1543 0.7275 0.0000
vt 0.3354 0.7061 0.0000
vt 0.3356 0.7105 0.0000
vt 0.3328 0.7101 0.0000
vt 0.3330 0.7056 0.0000
vt 0.3206 0.8836 0.0000
vt 0.3384 0.8355 0.0000
vt 0.3341 0.8361 0.0000
vt 0.3341 0.8314 0.0000
vt 0.2554 0.8750 0.0000
vt 0.2570 0.8798 0.0000
vt 0.1211 0.7631 0.0000
vt 0.1227 0.7665 0.0000
vt 0.1259 0.8437 0.0000
vt 0.1251 0.8392 0.0000
vt 0.1266 0.6892 0.0000
vt 0.4202 0.7945 0.0000
vt 0.3066 0.8965 0.0000
vt 0.3029 0.8989 0.0000
vt 0.3015 0.8954 0.0000
vt 0.1817 0.8840 0.0000
vt 0.2691 0.8307 0.0000
vt 0.3004 0.6609 0.0000
vt 0.2773 0.7244 0.0000
vt 0.2714 0.7268 0.0000
vt 0.1795 0.9246 0.0000
vt 0.4320 0.8121 0.0000
vt 0.5239 0.7458 0.0000
vt 0.1786 0.8202 0.0000
vt 0.1812 0.8168 0.0000
vt 0.2021 0.9087 0.0000
vt 0.3099 0.6589 0.0000
vt 0.4991 0.9047 0.0000
vt 0.5007 0.8997 0.0000
vt 0.5060 0.9009 0.0000
vt 0.5043 0.9056 0.0000
vt 0.2701 0.8187 0.0000
vt 0.2683 0.8139 0.0000
vt 0.2688 0.6215 0.0000
vt 0.2729 0.6226 0.0000
vt 0.1698 0.8129 0.0000
vt 0.1312 0.7857 0.0000
vt 0.1260 0.7885 0.0000
vt 0.2570 0.8392 0.0000
vt 0.2380 0.9361 0.0000
vt 0.1675 0.6213 0.0000
vt 0.3642 0.6749 0.0000
vt 0.3663 0.6694 0.0000
vt 0.3131 0.9290 0.0000
vt 0.5055 0.8514 0.0000
vt 0.4044 0.7216 0.0000
vt 0.1735 0.6852 0.0000
vt 0.1338 0.7225 0.0000
vt 0.1641 0.8254 0.0000
vt 0.1396 0.7902 0.0000
vt 0.2830 0.8982 0.0000
vt 0.2871 0.8958 0.0000
vt 0.1817 0.6100 0.0000
vt 0.2004 0.6177 0.0000
vt 0.2430 0.8547 0.0000
vt 0.2470 0.8522 0.0000
vt 0.2447 0.8592 0.0000
vt 0.5381 0.8232 0.0000
vt 0.5357 0.8269 0.0000
vt 0.5309 0.8252 0.0000
vt 0.4581 0.7066 0.0000
vt 0.1046 0.8144 0.0000
vt 0.1081 0.8125 0.0000
vt 0.5623 0.6524 0.0000
vt 0.5638 0.6526 0.0000
vt 0.4292 0.7161 0.0000
vt 0.2964 0.9555 0.0000
vt 0.2953 0.9508 0.0000
vt 0.3358 0.6818 0.0000
vt 0.3415 0.6807 0.0000
vt 0.3382 0.6841 0.0000
vt 0.1028 0.7350 0.0000
vt 0.5289 0.8426 0.0000
vt 0.1834 0.7570 0.0000
vt 0.1868 0.7610 0.0000
vt 0.1795 0.7603 0.0000
vt 0.3338 0.9060 0.0000
vt 0.3318 0.9002 0.0000
vt 0.3383 0.8977 0.0000
vt 0.5391 0.9268 0.0000
vt 0.3506 0.6756 0.0000
vt 0.3522 0.6774 0.0000
vt 0.3484 0.6808 0.0000
vt 0.3468 0.6790 0.0000
vt 0.3439 0.6687 0.0000
vt 0.1959 0.6194 0.0000
vt 0.1975 0.6232 0.0000
vt 0.4968 0.7031 0.0000
vt 0.5039 0.7096 0.0000
vt 0.4980 0.7096 0.0000
vt 0.2844 0.6716 0.0000
vt 0.3701 0.6670 0.0000
vt 0.5907 0.7373 0.0000
vt 0.1756 0.8289 0.0000
vt 0.1774 0.8272 0.0000
vt 0.2843 0.6471 0.0000
vt 0.3834 0.8910 0.0000
vt 0.3860 0.8836 0.0000
vt 0.2968 0.6337 0.0000
vt 0.1574 0.8140 0.0000
vt 0.1840 0.8659 0.0000
vt 0.4480 0.8702 0.0000
vt 0.1605 0.6696 0.0000
vt 0.1959 0.6168 0.0000
vt 0.1925 0.6173 0.0000
vt 0.1924 0.6148 0.0000
vt 0.2626 0.8826 0.0000
vt 0.2641 0.8875 0.0000
vt 0.2599 0.8896 0.0000
vt 0.2584 0.8847 0.0000
vt 0.1608 0.8405 0.0000
vt 0.1655 0.8388 0.0000
vt 0.1620 0.8434 0.0000
vt 0.0820 0.7316 0.0000
vt 0.0838 0.7315 0.0000
vt 0.1555 0.8079 0.0000
vt 0.1541 0.8060 0.0000
vt 0.1678 0.9061 0.0000
vt 0.5423 0.7177 0.0000
vt 0.1857 0.6126 0.0000
vt 0.3080 0.6635 0.0000
vt 0.2761 0.8802 0.0000
vt 0.2109 0.8056 0.0000
vt 0.2176 0.8065 0.0000
vt 0.2140 0.8098 0.0000
vt 0.2554 0.7977 0.0000
vt 0.2163 0.6569 0.0000
vt 0.2199 0.6608 0.0000
vt 0.2167 0.6651 0.0000
vt 0.2126 0.6608 0.0000
vt 0.3363 0.8695 0.0000
vt 0.3305 0.7049 0.0000
vt 0.2132 0.9259 0.0000
vt 0.1687 0.6601 0.0000
vt 0.2823 0.6809 0.0000
vt 0.2041 0.6688 0.0000
vt 0.2021 0.6695 0.0000
vt 0.2729 0.8990 0.0000
vt 0.3972 0.7919 0.0000
vt 0.5579 0.7480 0.0000
vt 0.1800 0.8362 0.0000
vt 0.1829 0.8348 0.0000
vt 0.4095 0.8291 0.0000
vt 0.4913 0.8046 0.0000
vt 0.3789 0.9048 0.0000
vt 0.2213 0.8033 0.0000
vt 0.3043 0.8731 0.0000
vt 0.2699 0.8477 0.0000
vt 0.3045 0.6622 0.0000
vt 0.2043 0.7905 0.0000
vt 0.2162 0.6186 0.0000
vt 0.2207 0.6207 0.0000
vt 0.2444 0.6160 0.0000
vt 0.2483 0.6160 0.0000
vt 0.2391 0.8020 0.0000
vt 0.2537 0.7343 0.0000
vt 0.1637 0.7453 0.0000
vt 0.2086 0.9250 0.0000
vt 0.2042 0.9234 0.0000
vt 0.2892 0.6894 0.0000
vt 0.1836 0.9263 0.0000
vt 0.3754 0.6795 0.0000
vt 0.3028 0.8686 0.0000
vt 0.4937 0.9041 0.0000
vt 0.2747 0.6717 0.0000
vt 0.2785 0.6714 0.0000
vt 0.3192 0.9325 0.0000
vt 0.2903 0.7945 0.0000
vt 0.2956 0.7930 0.0000
vt 0.2967 0.7978 0.0000
vt 0.1777 0.6434 0.0000
vt 0.3860 0.7971 0.0000
vt 0.3894 0.7972 0.0000
vt 0.2019 0.6090 0.0000
vt 0.2070 0.6096 0.0000
vt 0.5249 0.8981 0.0000
vt 0.5319 0.8970 0.0000
vt 0.5296 0.9032 0.0000
vt 0.3350 0.8709 0.0000
vt 0.2069 0.9290 0.0000
vt 0.2442 0.6881 0.0000
vt 0.1746 0.6192 0.0000
vt 0.1710 0.8091 0.0000
vt 0.3063 0.6578 0.0000
vt 0.1382 0.8310 0.0000
vt 0.5012 0.7777 0.0000
vt 0.2750 0.8330 0.0000
vt 0.4271 0.8121 0.0000
vt 0.4261 0.8181 0.0000
vt 0.1273 0.7927 0.0000
vt 0.4153 0.8236 0.0000
vt 0.1835 0.8877 0.0000
vt 0.3048 0.6243 0.0000
vt 0.3078 0.6208 0.0000
vt 0.3328 0.6728 0.0000
vt 0.1741 0.6292 0.0000
vt 0.1187 0.7678 0.0000
vt 0.2854 0.8920 0.0000
vt 0.2892 0.8894 0.0000
vt 0.2285 0.9055 0.0000
vt 0.2285 0.9088 0.0000
vt 0.4570 0.8913 0.0000
vt 0.2108 0.8131 0.0000
vt 0.0916 0.7644 0.0000
vt 0.0933 0.7701 0.0000
vt 0.4419 0.7510 0.0000
vt 0.1419 0.7066 0.0000
vt 0.3983 0.6731 0.0000
vt 0.3922 0.8964 0.0000
vt 0.2955 0.6464 0.0000
vt 0.3084 0.7353 0.0000
vt 0.2944 0.6219 0.0000
vt 0.1186 0.7277 0.0000
vt 0.3472 0.6574 0.0000
vt 0.5444 0.7208 0.0000
vt 0.5030 0.9103 0.0000
vt 0.4980 0.9095 0.0000
vt 0.1752 0.8184 0.0000
vt 0.5294 0.9101 0.0000
vt 0.3364 0.8764 0.0000
vt 0.1581 0.8042 0.0000
vt 0.5335 0.8307 0.0000
vt 0.5288 0.8291 0.0000
vt 0.3693 0.8895 0.0000
vt 0.3660 0.8942 0.0000
vt 0.2005 0.9411 0.0000
vt 0.2849 0.7037 0.0000
vt 0.2865 0.7184 0.0000
vt 0.2824 0.7217 0.0000
vt 0.1327 0.7897 0.0000
vt 0.5240 0.7627 0.0000
vt 0.2266 0.6424 0.0000
vt 0.2765 0.9556 0.0000
vt 0.3342 0.8409 0.0000
vt 0.3939 0.8771 0.0000
vt 0.3281 0.7939 0.0000
vt 0.2039 0.7977 0.0000
vt 0.1113 0.8239 0.0000
vt 0.1158 0.8216 0.0000
vt 0.1773 0.8374 0.0000
vt 0.4742 0.7611 0.0000
vt 0.2323 0.8008 0.0000
vt 0.2206 0.8108 0.0000
vt 0.5341 0.6861 0.0000
vt 0.2667 0.6603 0.0000
vt 0.2936 0.7830 0.0000
vt 0.2945 0.7880 0.0000
vt 0.3291 0.8227 0.0000
vt 0.1526 0.8032 0.0000
vt 0.2244 0.7593 0.0000
vt 0.4202 0.8240 0.0000
vt 0.4250 0.8241 0.0000
vt 0.2836 0.8622 0.0000
vt 0.2587 0.6797 0.0000
vt 0.2005 0.6765 0.0000
vt 0.1812 0.6995 0.0000
vt 0.2655 0.7291 0.0000
vt 0.2816 0.6714 0.0000
vt 0.1760 0.6209 0.0000
vt 0.3696 0.9141 0.0000
vt 0.5059 0.7807 0.0000
vt 0.1311 0.7559 0.0000
vt 0.3060 0.8433 0.0000
vt 0.4085 0.8834 0.0000
vt 0.3502 0.6533 0.0000
vt 0.2919 0.8414 0.0000
vt 0.1502 0.6553 0.0000
vt 0.2332 0.8552 0.0000
vt 0.2585 0.6870 0.0000
vt 0.2105 0.7624 0.0000
vt 0.2326 0.6399 0.0000
vt 0.2300 0.6454 0.0000
vt 0.2011 0.9102 0.0000
vt 0.1985 0.9078 0.0000
vt 0.4146 0.7340 0.0000
vt 0.3085 0.9008 0.0000
vt 0.1630 0.9377 0.0000
vt 0.1440 0.7360 0.0000
vt 0.1757 0.7636 0.0000
vt 0.1966 0.9184 0.0000
vt 0.2075 0.8015 0.0000
vt 0.5249 0.9056 0.0000
vt 0.1793 0.6202 0.0000
vt 0.1137 0.8164 0.0000
vt 0.1097 0.8185 0.0000
vt 0.1514 0.7231 0.0000
vt 0.2629 0.9632 0.0000
vt 0.2627 0.9578 0.0000
vt 0.2697 0.9567 0.0000
vt 0.2700 0.9619 0.0000
vt 0.2035 0.8969 0.0000
vt 0.2786 0.9004 0.0000
vt 0.2874 0.6484 0.0000
vt 0.3229 0.8873 0.0000
vt 0.3493 0.8628 0.0000
vt 0.3753 0.9054 0.0000
vt 0.4575 0.8437 0.0000
vt 0.4585 0.8379 0.0000
vt 0.4842 0.6964 0.0000
vt 0.4834 0.6902 0.0000
vt 0.4883 0.6897 0.0000
vt 0.4897 0.6964 0.0000
vt 0.3375 0.6890 0.0000
vt 0.3157 0.7316 0.0000
vt 0.5071 0.6814 0.0000
vt 0.3634 0.8975 0.0000
vt 0.3587 0.8957 0.0000
vt 0.1878 0.8155 0.0000
vt 0.2551 0.8218 0.0000
vt 0.4608 0.8512 0.0000
vt 0.0924 0.7242 0.0000
vt 0.1144 0.7176 0.0000
vt 0.1767 0.8229 0.0000
vt 0.4918 0.7092 0.0000
vt 0.2425 0.8188 0.0000
vt 0.2795 0.8473 0.0000
vt 0.3291 0.8776 0.0000
vt 0.1848 0.6312 0.0000
vt 0.5657 0.6574 0.0000
vt 0.3206 0.9377 0.0000
vt 0.2380 0.9192 0.0000
vt 0.2381 0.9165 0.0000
vt 0.2251 0.9496 0.0000
vt 0.1340 0.8546 0.0000
vt 0.3821 0.7969 0.0000
vt 0.3127 0.8318 0.0000
vt 0.5371 0.7379 0.0000
vt 0.3001 0.7866 0.0000
vt 0.2488 0.8202 0.0000
vt 0.1869 0.9279 0.0000
vt 0.4016 0.7925 0.0000
vt 0.2273 0.8533 0.0000
vt 0.4079 0.8113 0.0000
vt 0.2004 0.8994 0.0000
vt 0.2707 0.6608 0.0000
vt 0.3394 0.8028 0.0000
vt 0.1191 0.6970 0.0000
vt 0.1228 0.7011 0.0000
vt 0.1503 0.7404 0.0000
vt 0.5078 0.9115 0.0000
vt 0.3337 0.7798 0.0000
vt 0.1963 0.6309 0.0000
vt 0.4367 0.7830 0.0000
vt 0.2533 0.7932 0.0000
vt 0.5190 0.7898 0.0000
vt 0.1866 0.8818 0.0000
vt 0.1880 0.8858 0.0000
vt 0.2073 0.6439 0.0000
vt 0.4928 0.9091 0.0000
vt 0.1842 0.8828 0.0000
vt 0.5080 0.8715 0.0000
vt 0.2803 0.6669 0.0000
vt 0.5701 0.7725 0.0000
vt 0.5673 0.7708 0.0000
vt 0.5260 0.8549 0.0000
vt 0.1210 0.7911 0.0000
vt 0.1118 0.7275 0.0000
vt 0.1122 0.7258 0.0000
vt 0.1751 0.8251 0.0000
vt 0.2714 0.8947 0.0000
vt 0.2329 0.9225 0.0000
vt 0.0988 0.7901 0.0000
vt 0.1122 0.8500 0.0000
vt 0.1112 0.8454 0.0000
vt 0.2094 0.6562 0.0000
vt 0.0782 0.7554 0.0000
vt 0.2595 0.7315 0.0000
vt 0.2573 0.7387 0.0000
vt 0.2075 0.8164 0.0000
vt 0.4035 0.8761 0.0000
vt 0.0947 0.7753 0.0000
vt 0.2774 0.6239 0.0000
vt 0.3670 0.6778 0.0000
vt 0.1980 0.7169 0.0000
vt 0.1344 0.7590 0.0000
vt 0.1001 0.7229 0.0000
vt 0.1056 0.7253 0.0000
vt 0.5829 0.7472 0.0000
vt 0.1912 0.8185 0.0000
vt 0.1945 0.8151 0.0000
vt 0.1945 0.8216 0.0000
vt 0.2671 0.8970 0.0000
vt 0.2656 0.8923 0.0000
vt 0.2770 0.9605 0.0000
vt 0.2493 0.9545 0.0000
vt 0.2538 0.8703 0.0000
vt 0.2002 0.9209 0.0000
vt 0.1172 0.7637 0.0000
vt 0.4628 0.8874 0.0000
vt 0.3778 0.7413 0.0000
vt 0.0754 0.7539 0.0000
vt 0.1844 0.9321 0.0000
vt 0.1908 0.8118 0.0000
vt 0.1744 0.8386 0.0000
vt 0.2823 0.7287 0.0000
vt 0.1986 0.6296 0.0000
vt 0.2605 0.7951 0.0000
vt 0.2529 0.8818 0.0000
vt 0.1962 0.8982 0.0000
vt 0.3674 0.7379 0.0000
vt 0.3726 0.7367 0.0000
vt 0.2996 0.6276 0.0000
vt 0.2977 0.8657 0.0000
vt 0.1435 0.7376 0.0000
vt 0.1057 0.8203 0.0000
vt 0.4728 0.8385 0.0000
vt 0.1955 0.6561 0.0000
vt 0.2329 0.7406 0.0000
vt 0.1795 0.8251 0.0000
vt 0.4880 0.7888 0.0000
vt 0.3001 0.9445 0.0000
vt 0.1844 0.6092 0.0000
vt 0.1874 0.6081 0.0000
vt 0.2528 0.7537 0.0000
vt 0.2561 0.7579 0.0000
vt 0.5603 0.6526 0.0000
vt 0.5606 0.6536 0.0000
vt 0.1859 0.8529 0.0000
vt 0.1830 0.8540 0.0000
vt 0.4390 0.7664 0.0000
vt 0.5575 0.6521 0.0000
vt 0.2928 0.6143 0.0000
vt 0.1757 0.6146 0.0000
vt 0.1160 0.7589 0.0000
vt 0.1202 0.7593 0.0000
vt 0.5333 0.8118 0.0000
vt 0.4033 0.8856 0.0000
vt 0.4029 0.8817 0.0000
vt 0.4050 0.8286 0.0000
vt 0.5427 0.6586 0.0000
vt 0.3010 0.9491 0.0000
vt 0.4416 0.6911 0.0000
vt 0.3181 0.9475 0.0000
vt 0.2941 0.8677 0.0000
vt 0.4039 0.8885 0.0000
vt 0.3988 0.8928 0.0000
vt 0.3977 0.8897 0.0000
vt 0.5176 0.6970 0.0000
vt 0.5206 0.6910 0.0000
vt 0.4709 0.8728 0.0000
vt 0.1217 0.6943 0.0000
vt 0.1242 0.6917 0.0000
vt 0.1282 0.6958 0.0000
vt 0.1255 0.6984 0.0000
vt 0.1032 0.7144 0.0000
vt 0.1076 0.7182 0.0000
vt 0.5302 0.8386 0.0000
vt 0.4585 0.8857 0.0000
vt 0.5295 0.7660 0.0000
vt 0.3022 0.9535 0.0000
vt 0.1864 0.6206 0.0000
vt 0.0763 0.7382 0.0000
vt 0.0820 0.7273 0.0000
vt 0.4840 0.8821 0.0000
vt 0.1274 0.8922 0.0000
vt 0.1257 0.8881 0.0000
vt 0.3129 0.8568 0.0000
vt 0.4086 0.8861 0.0000
vt 0.1858 0.8867 0.0000
vt 0.3241 0.8188 0.0000
vt 0.1879 0.8914 0.0000
vt 0.1897 0.8904 0.0000
vt 0.1920 0.8953 0.0000
vt 0.1902 0.8965 0.0000
vt 0.5354 0.9024 0.0000
vt 0.3966 0.8848 0.0000
vt 0.3130 0.6975 0.0000
vt 0.4542 0.8841 0.0000
vt 0.3596 0.7135 0.0000
vt 0.3370 0.8728 0.0000
vt 0.3676 0.8994 0.0000
vt 0.3980 0.8770 0.0000
vt 0.1518 0.6516 0.0000
vt 0.1536 0.6478 0.0000
vt 0.2465 0.8156 0.0000
vt 0.5433 0.8066 0.0000
vt 0.2239 0.6647 0.0000
vt 0.5504 0.8046 0.0000
vt 0.5482 0.8087 0.0000
vt 0.1553 0.6441 0.0000
vt 0.0643 0.7309 0.0000
vt 0.4673 0.9071 0.0000
vt 0.3933 0.8987 0.0000
vt 0.5556 0.6688 0.0000
vt 0.5317 0.8346 0.0000
vt 0.4532 0.8421 0.0000
vt 0.1069 0.8260 0.0000
vt 0.4908 0.7030 0.0000
vt 0.1789 0.6141 0.0000
vt 0.5026 0.6847 0.0000
vt 0.5651 0.7340 0.0000
vt 0.3063 0.6682 0.0000
vt 0.2403 0.6156 0.0000
vt 0.4631 0.6816 0.0000
# 5513 texture coords

o ¶ÔÏó001
g ¶ÔÏó001
f -5341/-5513/-5308 -5340/-5512/-5307 -5339/-5511/-5306 -5338/-5510/-5305 
f -5337/-5509/-5304 -5336/-5508/-5303 -5335/-5507/-5302 -5334/-5506/-5301 
f -5333/-5505/-5300 -5332/-5504/-5299 -5331/-5503/-5298 -5330/-5502/-5297 
f -5329/-5501/-5296 -5328/-5500/-5295 -5327/-5499/-5294 -5326/-5498/-5293 
f -5325/-5497/-5292 -5324/-5496/-5291 -5323/-5495/-5290 -5322/-5494/-5289 
f -5321/-5493/-5288 -5320/-5492/-5287 -5319/-5491/-5286 -5318/-5490/-5285 
f -5317/-5489/-5284 -5316/-5488/-5283 -5315/-5487/-5282 -5314/-5486/-5281 
f -5313/-5485/-5280 -5312/-5484/-5279 -5311/-5483/-5278 -5324/-5496/-5291 
f -5310/-5482/-5277 -5309/-5481/-5276 -5308/-5480/-5275 -5307/-5479/-5274 
f -5306/-5478/-5273 -5305/-5477/-5272 -5304/-5476/-5271 -5303/-5475/-5270 
f -5302/-5474/-5269 -5301/-5473/-5268 -5300/-5472/-5267 -5299/-5471/-5266 
f -5298/-5470/-5265 -5297/-5469/-5264 -5296/-5468/-5263 -5295/-5467/-5262 
f -5294/-5466/-5261 -5293/-5465/-5260 -5292/-5464/-5259 -5291/-5463/-5258 
f -5290/-5462/-5257 -5289/-5461/-5256 -5288/-5460/-5256 -5287/-5459/-5255 
f -5286/-5458/-5254 -5285/-5457/-5253 -5284/-5456/-5252 -5283/-5455/-5251 
f -5282/-5454/-5250 -5281/-5453/-5249 -5286/-5458/-5254 -5280/-5452/-5248 
f -5279/-5451/-5247 -5278/-5450/-5246 -5277/-5449/-5245 -5276/-5448/-5244 
f -5275/-5447/-5243 -5274/-5446/-5242 -5273/-5445/-5241 -5272/-5444/-5240 
f -5271/-5443/-5239 -5270/-5442/-5238 -5269/-5441/-5237 -5268/-5440/-5236 
f -5267/-5439/-5235 -5266/-5438/-5234 -5265/-5437/-5233 -5264/-5436/-5232 
f -5263/-5435/-5231 -5262/-5434/-5230 -5261/-5433/-5229 -5260/-5432/-5228 
f -5259/-5431/-5227 -5258/-5430/-5226 -5257/-5429/-5225 -5256/-5428/-5224 
f -5255/-5427/-5223 -5254/-5426/-5222 -5253/-5425/-5221 -5252/-5424/-5220 
f -5251/-5423/-5219 -5250/-5422/-5218 -5249/-5421/-5217 -5248/-5420/-5216 
f -5247/-5419/-5215 -5246/-5418/-5214 -5245/-5417/-5213 -5244/-5416/-5212 
f -5243/-5415/-5211 -5242/-5414/-5210 -5241/-5413/-5209 -5240/-5412/-5208 
f -5239/-5411/-5207 -5238/-5410/-5206 -5237/-5409/-5205 -5236/-5408/-5204 
f -5235/-5407/-5203 -5234/-5406/-5202 -5233/-5405/-5201 -5232/-5404/-5200 
f -5231/-5403/-5199 -5230/-5402/-5198 -5229/-5401/-5197 -5228/-5400/-5196 
f -5227/-5399/-5195 -5226/-5398/-5194 -5225/-5397/-5193 -5224/-5396/-5192 
f -5223/-5395/-5191 -5222/-5394/-5190 -5221/-5393/-5189 -5220/-5392/-5188 
f -5219/-5391/-5187 -5218/-5390/-5186 -5217/-5389/-5185 -5216/-5388/-5184 
f -5215/-5387/-5183 -5214/-5386/-5182 -5213/-5385/-5181 -5212/-5384/-5180 
f -5211/-5383/-5179 -5210/-5382/-5178 -5209/-5381/-5177 -5208/-5380/-5176 
f -5207/-5379/-5175 -5206/-5378/-5174 -5205/-5377/-5173 -5204/-5376/-5172 
f -5203/-5375/-5171 -5202/-5374/-5170 -5201/-5373/-5169 -5200/-5372/-5168 
f -5199/-5371/-5167 -5198/-5370/-5166 -5197/-5369/-5165 -5196/-5368/-5164 
f -5195/-5367/-5163 -5194/-5366/-5162 -5193/-5365/-5161 -5192/-5364/-5160 
f -5191/-5363/-5159 -5190/-5362/-5158 -5189/-5361/-5157 -5188/-5360/-5156 
f -5187/-5359/-5155 -5186/-5358/-5154 -5185/-5357/-5153 -5184/-5356/-5152 
f -5183/-5355/-5151 -5182/-5354/-5150 -5181/-5353/-5149 -5180/-5352/-5148 
f -5179/-5351/-5147 -5178/-5350/-5146 -5177/-5349/-5145 -5176/-5348/-5144 
f -5175/-5347/-5143 -5174/-5346/-5142 -5173/-5345/-5141 -5172/-5344/-5140 
f -5171/-5343/-5139 -5170/-5342/-5138 -5169/-5341/-5137 -5168/-5340/-5136 
f -5167/-5339/-5135 -5166/-5338/-5134 -5165/-5337/-5133 -5164/-5336/-5132 
f -5163/-5335/-5131 -5162/-5334/-5130 -5161/-5333/-5129 -5160/-5332/-5128 
f -5159/-5331/-5127 -5158/-5330/-5126 -5157/-5329/-5125 -5156/-5328/-5124 
f -5155/-5327/-5123 -5154/-5326/-5122 -5153/-5325/-5121 -5152/-5324/-5120 
f -5151/-5323/-5119 -5150/-5322/-5118 -5149/-5321/-5117 -5148/-5320/-5116 
f -5147/-5319/-5115 -5146/-5318/-5114 -5145/-5317/-5113 -5144/-5316/-5112 
f -5143/-5315/-5111 -5142/-5314/-5110 -5141/-5313/-5109 -5140/-5312/-5108 
f -5139/-5311/-5107 -5138/-5310/-5106 -5137/-5309/-5105 -5136/-5308/-5104 
f -5135/-5307/-5103 -5134/-5306/-5102 -5133/-5305/-5101 -5132/-5304/-5100 
f -5131/-5303/-5099 -5130/-5302/-5098 -5129/-5301/-5097 -5128/-5300/-5096 
f -5127/-5299/-5095 -5234/-5406/-5202 -5235/-5407/-5203 -5126/-5298/-5094 
f -5125/-5297/-5093 -5124/-5296/-5092 -5123/-5295/-5091 -5122/-5294/-5090 
f -5121/-5293/-5089 -5120/-5292/-5088 -5119/-5291/-5087 -5118/-5290/-5086 
f -5117/-5289/-5085 -5116/-5288/-5084 -5115/-5287/-5083 -5114/-5286/-5082 
f -5113/-5285/-5081 -5112/-5284/-5080 -5111/-5283/-5079 -5110/-5282/-5078 
f -5109/-5281/-5077 -5108/-5280/-5076 -5107/-5279/-5075 -5106/-5278/-5074 
f -5105/-5277/-5073 -5104/-5276/-5072 -5103/-5275/-5071 -5102/-5274/-5070 
f -5101/-5273/-5069 -5100/-5272/-5068 -5099/-5271/-5067 -5098/-5270/-5066 
f -5097/-5269/-5065 -5096/-5268/-5064 -5095/-5267/-5063 -5094/-5266/-5062 
f -5093/-5265/-5061 -5092/-5264/-5060 -5091/-5263/-5059 -5090/-5262/-5058 
f -5089/-5261/-5057 -5088/-5260/-5056 -5087/-5259/-5055 -5086/-5258/-5054 
f -5085/-5257/-5053 -5084/-5256/-5052 -5083/-5255/-5051 -5082/-5254/-5050 
f -5081/-5253/-5049 -5080/-5252/-5048 -5079/-5251/-5047 -5078/-5250/-5046 
f -5077/-5249/-5045 -5076/-5248/-5044 -5075/-5247/-5043 -5074/-5246/-5042 
f -5073/-5245/-5041 -5072/-5244/-5040 -5071/-5243/-5039 -5070/-5242/-5038 
f -5069/-5241/-5037 -5068/-5240/-5036 -5067/-5239/-5035 -5066/-5238/-5034 
f -5065/-5237/-5033 -5064/-5236/-5032 -5063/-5235/-5031 -5062/-5234/-5030 
f -5061/-5233/-5029 -5060/-5232/-5028 -5059/-5231/-5027 -5058/-5230/-5026 
f -5057/-5229/-5025 -5056/-5228/-5024 -5055/-5227/-5023 -5054/-5226/-5022 
f -5053/-5225/-5021 -5052/-5224/-5020 -5051/-5223/-5019 -5050/-5222/-5018 
f -5049/-5221/-5017 -5048/-5220/-5016 -5047/-5219/-5015 -5046/-5218/-5014 
f -5045/-5217/-5013 -5044/-5216/-5012 -5043/-5215/-5011 -5042/-5214/-5010 
f -5041/-5213/-5009 -5040/-5212/-5008 -5039/-5211/-5007 -5038/-5210/-5006 
f -5037/-5209/-5005 -5036/-5208/-5004 -5035/-5207/-5003 -5034/-5206/-5002 
f -5033/-5205/-5001 -5032/-5204/-5000 -5031/-5203/-4999 -5030/-5202/-4998 
f -5029/-5201/-4997 -5028/-5200/-4996 -5027/-5199/-4995 -5026/-5198/-4994 
f -5025/-5197/-4993 -5024/-5196/-4992 -5023/-5195/-4991 -5022/-5194/-4990 
f -5021/-5193/-4989 -5020/-5192/-4988 -5019/-5191/-4987 -5018/-5190/-4986 
f -5017/-5189/-4985 -5016/-5188/-4984 -5015/-5187/-4983 -5014/-5186/-4982 
f -5013/-5185/-4981 -5012/-5184/-4980 -5011/-5183/-4979 -5010/-5182/-4978 
f -5009/-5181/-4977 -5008/-5180/-4976 -5007/-5179/-4975 -5006/-5178/-4974 
f -5005/-5177/-4973 -5004/-5176/-4972 -5003/-5175/-4971 -5002/-5174/-4970 
f -5001/-5173/-4969 -5000/-5172/-4968 -4999/-5171/-4967 -4998/-5170/-4966 
f -4997/-5169/-4965 -4996/-5168/-4964 -4995/-5167/-4963 -4994/-5166/-4962 
f -4993/-5165/-4961 -4992/-5164/-4960 -4991/-5163/-4959 -4990/-5162/-4958 
f -4989/-5161/-4957 -4988/-5160/-4956 -4987/-5159/-4955 -4986/-5158/-4954 
f -4985/-5157/-4953 -4984/-5156/-4952 -4983/-5155/-4951 -5198/-5370/-5166 
f -4982/-5154/-4950 -4981/-5153/-4949 -4980/-5152/-4948 -4979/-5151/-4947 
f -4978/-5150/-4946 -4977/-5149/-4945 -4976/-5148/-4944 -4975/-5147/-4943 
f -4974/-5146/-4942 -4973/-5145/-4941 -4972/-5144/-4940 -4971/-5143/-4939 
f -4970/-5142/-5042 -4969/-5141/-4938 -4968/-5140/-4937 -4967/-5139/-4936 
f -4966/-5138/-4935 -4965/-5137/-4934 -4964/-5136/-5244 -4963/-5135/-4933 
f -4962/-5134/-4932 -4961/-5133/-4931 -4960/-5132/-4930 -4959/-5131/-4929 
f -4958/-5130/-4928 -4957/-5129/-4927 -4956/-5128/-4926 -4955/-5127/-4925 
f -4954/-5126/-4924 -4953/-5125/-4923 -4952/-5124/-4922 -4951/-5123/-4921 
f -4950/-5122/-4920 -4949/-5121/-4919 -4948/-5120/-4918 -4947/-5119/-4917 
f -4946/-5118/-4916 -5313/-5485/-5280 -4945/-5117/-4915 -4944/-5116/-4914 
f -5195/-5367/-5163 -4943/-5115/-4913 -4942/-5114/-4912 -4941/-5113/-4911 
f -4940/-5112/-4910 -4939/-5111/-4909 -4938/-5110/-4908 -4937/-5109/-4907 
f -4936/-5108/-4906 -4935/-5107/-4905 -4934/-5106/-4904 -4933/-5105/-4903 
f -4932/-5104/-4902 -4931/-5103/-4901 -4930/-5102/-4900 -4929/-5101/-4899 
f -4928/-5100/-4898 -4927/-5099/-4897 -4926/-5098/-4896 -4925/-5097/-4895 
f -4924/-5096/-4894 -4923/-5095/-4893 -4922/-5094/-4892 -4921/-5093/-4891 
f -4920/-5092/-4890 -4919/-5091/-4889 -4918/-5090/-4888 -4917/-5089/-4887 
f -4916/-5088/-4886 -4915/-5087/-4885 -4914/-5086/-4884 -4913/-5085/-4883 
f -5321/-5493/-5288 -5318/-5490/-5285 -4912/-5084/-4882 -4911/-5083/-4881 
f -4910/-5082/-4880 -4909/-5081/-4879 -4908/-5080/-4878 -4907/-5079/-4877 
f -5331/-5503/-5298 -4906/-5078/-4876 -4905/-5077/-4875 -4904/-5076/-4874 
f -4903/-5075/-4873 -4902/-5074/-4872 -4901/-5073/-4871 -4900/-5072/-4870 
f -5210/-5382/-5178 -5211/-5383/-5179 -4960/-5132/-4930 -4899/-5071/-4869 
f -4898/-5070/-4868 -4897/-5069/-4867 -4896/-5068/-4866 -4895/-5067/-4865 
f -4894/-5066/-4864 -4893/-5065/-4863 -4892/-5064/-4862 -4891/-5063/-4861 
f -4890/-5062/-4860 -4889/-5061/-4860 -4888/-5060/-4859 -4887/-5059/-4858 
f -4886/-5058/-4857 -4885/-5057/-4856 -4884/-5056/-4855 -4883/-5055/-4854 
f -4882/-5054/-4853 -5242/-5414/-5210 -5243/-5415/-5211 -4881/-5053/-4852 
f -4880/-5052/-4851 -4879/-5051/-4850 -4878/-5050/-4849 -4877/-5049/-4848 
f -4876/-5048/-4847 -4875/-5047/-4846 -4874/-5046/-4845 -4873/-5045/-4844 
f -4872/-5044/-4843 -4871/-5043/-4842 -4870/-5042/-4841 -4869/-5041/-4840 
f -4868/-5040/-4839 -4867/-5039/-4838 -4866/-5038/-4837 -4865/-5037/-4836 
f -4864/-5036/-4835 -4863/-5035/-4834 -4862/-5034/-4833 -4861/-5033/-4832 
f -4860/-5032/-4831 -4859/-5031/-4830 -4858/-5030/-4829 -4857/-5029/-4828 
f -4856/-5028/-4827 -4855/-5027/-4826 -4854/-5026/-4825 -4853/-5025/-4824 
f -4852/-5024/-4823 -4851/-5023/-4822 -4850/-5022/-4821 -4849/-5021/-4820 
f -4848/-5020/-4819 -4847/-5019/-4818 -4846/-5018/-4817 -4845/-5017/-4816 
f -4844/-5016/-4815 -4843/-5015/-4814 -4842/-5014/-4813 -4841/-5013/-4812 
f -4840/-5012/-4811 -4839/-5011/-4810 -4838/-5010/-4809 -4837/-5009/-4808 
f -4836/-5008/-4807 -4835/-5007/-4806 -4834/-5006/-4805 -4833/-5005/-4804 
f -4832/-5004/-4803 -4831/-5003/-4802 -4830/-5002/-4801 -4829/-5001/-4800 
f -4828/-5000/-4799 -4827/-4999/-4798 -4826/-4998/-4797 -4825/-4997/-4796 
f -4824/-4996/-4795 -4823/-4995/-4794 -4822/-4994/-4793 -4821/-4993/-4792 
f -4820/-4992/-4791 -4819/-4991/-4790 -4818/-4990/-4789 -4817/-4989/-4788 
f -4816/-4988/-4787 -4815/-4987/-4786 -4814/-4986/-4785 -4813/-4985/-4784 
f -4812/-4984/-4783 -4811/-4983/-4782 -4810/-4982/-4781 -4809/-4981/-4780 
f -4808/-4980/-4779 -4807/-4979/-4778 -4806/-4978/-4777 -4805/-4977/-4776 
f -4804/-4976/-4775 -4803/-4975/-4774 -5083/-5255/-5051 -5084/-5256/-5052 
f -4802/-4974/-4773 -4801/-4973/-4772 -4800/-4972/-4771 -4799/-4971/-4770 
f -4798/-4970/-4769 -4797/-4969/-4768 -4796/-4968/-4767 -4795/-4967/-4766 
f -4794/-4966/-4765 -4897/-5069/-4867 -4793/-4965/-4764 -4792/-4964/-4763 
f -4791/-4963/-4762 -4790/-4962/-4761 -4789/-4961/-4760 -4788/-4960/-4759 
f -4787/-4959/-4758 -4786/-4958/-4757 -4785/-4957/-4756 -4784/-4956/-4755 
f -4783/-4955/-4754 -4782/-4954/-4753 -4781/-4953/-4752 -4780/-4952/-4751 
f -4779/-4951/-4750 -4778/-4950/-4749 -4777/-4949/-4748 -4776/-4948/-4747 
f -4775/-4947/-4746 -4774/-4946/-4745 -4773/-4945/-4744 -4772/-4944/-4743 
f -4771/-4943/-4742 -4770/-4942/-4741 -4769/-4941/-4740 -4768/-4940/-4739 
f -4968/-5140/-4937 -4767/-4939/-4738 -4766/-4938/-4737 -4967/-5139/-4936 
f -4765/-4937/-4736 -4764/-4936/-4735 -4763/-4935/-4734 -4762/-4934/-4733 
f -4761/-4933/-4732 -4760/-4932/-4731 -4759/-4931/-4730 -4758/-4930/-4729 
f -4757/-4929/-4728 -4756/-4928/-4727 -4755/-4927/-4726 -4754/-4926/-4725 
f -4753/-4925/-4724 -4752/-4924/-4723 -4751/-4923/-4722 -4750/-4922/-4721 
f -4749/-4921/-4720 -4748/-4920/-4719 -4747/-4919/-4718 -4746/-4918/-4717 
f -4745/-4917/-4716 -4744/-4916/-4715 -4743/-4915/-4714 -4781/-4953/-4752 
f -4742/-4914/-4713 -4741/-4913/-4712 -4740/-4912/-4711 -4739/-4911/-4710 
f -4738/-4910/-4709 -4737/-4909/-4708 -4736/-4908/-4707 -4735/-4907/-4706 
f -4830/-5002/-4801 -4734/-4906/-4705 -4733/-4905/-4704 -4829/-5001/-4800 
f -4732/-4904/-4703 -4731/-4903/-4702 -4730/-4902/-4701 -4729/-4901/-4700 
f -4728/-4900/-4699 -4727/-4899/-4698 -4726/-4898/-4697 -4725/-4897/-4696 
f -4724/-4896/-4695 -4723/-4895/-4694 -4722/-4894/-4693 -4721/-4893/-4692 
f -5196/-5368/-5164 -5197/-5369/-5165 -4720/-4892/-4691 -4719/-4891/-4690 
f -4718/-4890/-4689 -4717/-4889/-4688 -4716/-4888/-4687 -4715/-4887/-4686 
f -4714/-4886/-4685 -4713/-4885/-4684 -4712/-4884/-4683 -4711/-4883/-4682 
f -4710/-4882/-4681 -4709/-4881/-4680 -4708/-4880/-4679 -4707/-4879/-4678 
f -4706/-4878/-4677 -4705/-4877/-4676 -4704/-4876/-4675 -4703/-4875/-4674 
f -4702/-4874/-4673 -4701/-4873/-4672 -4700/-4872/-4671 -4699/-4871/-4670 
f -4698/-4870/-4669 -4697/-4869/-4668 -4696/-4868/-4667 -4695/-4867/-4666 
f -4694/-4866/-4665 -4693/-4865/-4664 -4692/-4864/-4663 -4691/-4863/-4662 
f -4690/-4862/-4661 -4689/-4861/-4660 -4688/-4860/-4659 -4687/-4859/-4658 
f -4686/-4858/-4657 -4685/-4857/-4656 -4684/-4856/-4655 -4683/-4855/-4654 
f -4682/-4854/-4653 -4681/-4853/-4652 -4988/-5160/-4956 -4680/-4852/-4651 
f -4679/-4851/-4650 -4678/-4850/-4649 -4677/-4849/-4648 -4676/-4848/-4647 
f -4675/-4847/-4646 -4674/-4846/-4645 -4673/-4845/-4644 -4672/-4844/-4643 
f -4671/-4843/-4642 -4670/-4842/-4641 -4669/-4841/-4640 -4668/-4840/-4639 
f -4667/-4839/-4638 -4666/-4838/-4637 -4665/-4837/-4636 -4664/-4836/-4635 
f -4663/-4835/-4634 -4662/-4834/-4633 -4661/-4833/-4632 -4660/-4832/-4631 
f -5138/-5310/-5106 -4659/-4831/-4630 -4658/-4830/-4629 -4657/-4829/-4628 
f -4656/-4828/-4627 -5216/-5388/-5184 -4655/-4827/-4626 -4654/-4826/-4625 
f -4653/-4825/-4624 -4652/-4824/-4623 -4651/-4823/-4622 -4650/-4822/-4621 
f -4649/-4821/-4620 -4648/-4820/-4619 -4647/-4819/-4618 -4646/-4818/-4617 
f -4645/-4817/-4616 -4644/-4816/-4615 -4643/-4815/-4614 -4642/-4814/-4613 
f -4641/-4813/-4612 -4640/-4812/-4611 -4639/-4811/-4610 -4638/-4810/-4609 
f -4637/-4809/-4608 -4636/-4808/-4607 -4635/-4807/-4606 -4634/-4806/-4605 
f -4633/-4805/-4604 -4632/-4804/-4603 -4631/-4803/-4602 -4630/-4802/-4601 
f -4629/-4801/-4600 -4628/-4800/-4599 -4627/-4799/-4598 -4626/-4798/-4597 
f -4625/-4797/-4596 -4624/-4796/-4595 -4623/-4795/-4594 -4622/-4794/-4593 
f -4621/-4793/-4592 -4620/-4792/-4591 -4619/-4791/-4590 -4618/-4790/-4589 
f -4617/-4789/-4588 -4616/-4788/-4587 -4615/-4787/-4586 -4614/-4786/-4585 
f -4613/-4785/-4584 -4612/-4784/-4583 -4611/-4783/-4582 -4610/-4782/-4581 
f -4609/-4781/-4580 -4608/-4780/-4579 -4607/-4779/-4578 -4606/-4778/-4577 
f -4605/-4777/-4576 -4604/-4776/-4575 -4603/-4775/-4574 -4602/-4774/-4573 
f -4975/-5147/-4943 -4976/-5148/-4944 -4601/-4773/-4572 -4600/-4772/-4571 
f -4599/-4771/-4570 -4598/-4770/-4569 -4597/-4769/-4568 -4596/-4768/-4567 
f -4595/-4767/-4566 -4594/-4766/-4565 -4646/-4818/-4617 -4593/-4765/-4564 
f -4592/-4764/-4563 -4591/-4763/-4562 -4590/-4762/-4561 -4589/-4761/-4560 
f -4588/-4760/-4559 -4587/-4759/-4558 -4586/-4758/-4557 -4585/-4757/-4556 
f -4584/-4756/-4555 -4583/-4755/-4554 -4582/-4754/-4553 -4581/-4753/-4552 
f -4929/-5101/-4899 -4930/-5102/-4900 -5159/-5331/-5127 -4580/-4752/-4551 
f -4579/-4751/-4550 -4578/-4750/-4549 -4577/-4749/-4548 -4576/-4748/-4547 
f -5133/-5305/-5101 -4575/-4747/-4546 -4574/-4746/-4545 -4573/-4745/-4544 
f -4572/-4744/-4543 -4571/-4743/-4542 -4570/-4742/-4541 -4569/-4741/-4540 
f -4568/-4740/-4539 -4955/-5127/-4925 -4865/-5037/-4836 -4866/-5038/-4837 
f -4567/-4739/-4538 -4566/-4738/-4537 -4565/-4737/-4536 -4696/-4868/-4667 
f -4564/-4736/-4535 -4563/-4735/-4534 -4562/-4734/-4533 -4561/-4733/-4532 
f -4560/-4732/-4531 -4559/-4731/-4530 -4558/-4730/-4529 -5016/-5188/-4984 
f -4557/-4729/-4528 -4556/-4728/-4527 -4555/-4727/-4526 -4554/-4726/-4525 
f -4553/-4725/-4524 -4552/-4724/-4523 -4551/-4723/-4522 -4550/-4722/-4521 
f -4549/-4721/-4520 -4548/-4720/-4519 -4547/-4719/-4518 -4546/-4718/-4517 
f -5081/-5253/-5049 -5295/-5467/-5262 -4545/-4717/-4516 -5080/-5252/-5048 
f -4544/-4716/-4515 -4543/-4715/-4514 -4542/-4714/-4923 -4541/-4713/-4513 
f -4540/-4712/-4512 -4539/-4711/-4511 -4538/-4710/-4510 -5289/-5461/-5256 
f -4537/-4709/-4509 -4536/-4708/-4508 -4535/-4707/-4507 -5268/-5440/-5236 
f -5135/-5307/-5103 -4534/-4706/-4506 -5223/-5395/-5191 -4533/-4705/-4505 
f -4532/-4704/-4504 -4531/-4703/-4503 -4530/-4702/-4502 -4529/-4701/-4501 
f -5079/-5251/-5047 -4528/-4700/-4500 -4527/-4699/-4499 -5078/-5250/-5046 
f -4526/-4698/-4498 -4525/-4697/-4497 -4524/-4696/-4496 -4523/-4695/-4495 
f -4522/-4694/-4494 -4521/-4693/-4493 -4520/-4692/-4492 -4519/-4691/-4491 
f -4518/-4690/-4490 -4517/-4689/-4489 -4516/-4688/-4488 -4515/-4687/-4487 
f -4514/-4686/-4486 -4513/-4685/-4485 -4512/-4684/-4484 -4511/-4683/-4483 
f -4510/-4682/-4482 -4509/-4681/-4481 -4508/-4680/-4480 -4507/-4679/-4479 
f -4506/-4678/-4478 -4505/-4677/-4477 -4504/-4676/-4476 -4503/-4675/-4475 
f -4502/-4674/-4474 -4501/-4673/-4473 -5254/-5426/-5222 -5255/-5427/-5223 
f -4500/-4672/-4472 -4499/-4671/-4471 -4498/-4670/-4470 -4497/-4669/-4469 
f -4496/-4668/-4468 -4495/-4667/-4467 -4494/-4666/-4466 -4493/-4665/-4465 
f -4492/-4664/-4464 -5099/-5271/-5067 -5100/-5272/-5068 -4491/-4663/-4463 
f -4490/-4662/-4462 -4489/-4661/-4461 -4488/-4660/-4460 -4487/-4659/-4459 
f -4486/-4658/-4458 -4485/-4657/-4457 -4484/-4656/-4456 -4483/-4655/-4455 
f -4482/-4654/-4454 -4481/-4653/-4453 -4480/-4652/-4452 -4479/-4651/-4451 
f -4478/-4650/-4450 -4477/-4649/-4449 -4476/-4648/-4448 -4475/-4647/-4447 
f -4474/-4646/-4446 -4473/-4645/-4445 -4472/-4644/-4444 -4471/-4643/-4443 
f -4470/-4642/-4442 -4469/-4641/-4441 -4468/-4640/-4440 -4467/-4639/-4439 
f -5051/-5223/-5019 -4466/-4638/-4438 -4465/-4637/-4437 -5050/-5222/-5018 
f -4464/-4636/-4436 -4463/-4635/-4435 -4462/-4634/-4434 -4461/-4633/-4433 
f -4709/-4881/-4680 -4710/-4882/-4681 -4460/-4632/-4432 -4459/-4631/-4431 
f -4458/-4630/-4430 -4457/-4629/-4429 -4456/-4628/-4428 -4455/-4627/-4427 
f -4454/-4626/-4426 -4453/-4625/-4425 -4452/-4624/-4424 -4826/-4998/-4797 
f -4451/-4623/-4423 -4450/-4622/-4422 -4449/-4621/-4421 -4448/-4620/-4420 
f -4447/-4619/-4419 -4446/-4618/-4418 -4445/-4617/-4417 -4444/-4616/-4416 
f -5248/-5420/-5216 -4697/-4869/-4668 -4494/-4666/-4466 -5251/-5423/-5219 
f -4443/-4615/-4415 -4442/-4614/-4414 -4441/-4613/-4413 -4440/-4612/-4412 
f -4439/-4611/-4411 -4438/-4610/-4410 -4437/-4609/-4409 -4436/-4608/-4408 
f -4435/-4607/-4407 -4434/-4606/-4406 -4433/-4605/-4405 -4432/-4604/-4404 
f -4431/-4603/-4403 -4430/-4602/-4402 -4429/-4601/-4401 -4428/-4600/-4400 
f -4427/-4599/-4399 -4426/-4598/-4398 -4425/-4597/-4397 -4424/-4596/-4396 
f -4423/-4595/-4395 -5024/-5196/-4992 -5025/-5197/-4993 -4422/-4594/-4394 
f -4421/-4593/-4393 -4420/-4592/-4392 -4419/-4591/-4391 -4418/-4590/-4390 
f -4417/-4589/-4389 -4588/-4760/-4559 -4416/-4588/-4388 -4415/-4587/-4387 
f -4414/-4586/-4386 -4413/-4585/-4385 -4412/-4584/-4384 -4411/-4583/-4383 
f -4410/-4582/-4382 -4409/-4581/-4381 -4408/-4580/-4380 -4407/-4579/-4379 
f -4406/-4578/-4378 -4405/-4577/-4377 -4404/-4576/-4376 -4403/-4575/-4375 
f -4402/-4574/-4374 -4401/-4573/-4373 -4400/-4572/-4372 -4399/-4571/-4371 
f -4398/-4570/-4370 -4397/-4569/-4369 -4396/-4568/-4368 -4395/-4567/-4367 
f -4394/-4566/-4366 -4393/-4565/-4365 -5111/-5283/-5079 -5112/-5284/-5080 
f -4392/-4564/-4364 -4391/-4563/-4363 -4390/-4562/-4362 -4389/-4561/-4361 
f -4388/-4560/-4360 -4387/-4559/-4359 -4386/-4558/-4358 -4385/-4557/-4357 
f -4384/-4556/-4356 -4383/-4555/-4355 -4382/-4554/-4354 -4381/-4553/-4353 
f -4380/-4552/-4352 -5106/-5278/-5074 -5107/-5279/-5075 -4379/-4551/-4351 
f -4378/-4550/-4350 -4377/-4549/-4349 -4376/-4548/-4348 -4375/-4547/-4347 
f -4374/-4546/-4346 -4529/-4701/-4501 -4373/-4545/-4345 -4372/-4544/-4344 
f -4371/-4543/-4343 -5244/-5416/-5212 -4370/-4542/-4342 -4369/-4541/-4341 
f -4368/-4540/-4340 -4367/-4539/-4339 -4366/-4538/-4338 -4365/-4537/-4337 
f -4364/-4536/-4336 -4363/-4535/-4335 -4362/-4534/-4334 -4485/-4657/-4457 
f -4361/-4533/-4333 -4360/-4532/-4332 -5013/-5185/-4981 -4359/-4531/-4331 
f -4358/-4530/-4330 -4357/-4529/-4329 -4356/-4528/-4328 -4355/-4527/-4327 
f -4354/-4526/-4326 -4353/-4525/-4325 -4352/-4524/-4324 -4351/-4523/-4323 
f -4350/-4522/-4322 -5188/-5360/-5156 -5189/-5361/-5157 -4349/-4521/-4321 
f -4348/-4520/-4320 -4347/-4519/-4319 -4346/-4518/-4318 -4345/-4517/-4317 
f -4344/-4516/-4316 -4343/-4515/-4315 -4342/-4514/-4314 -4341/-4513/-4313 
f -4340/-4512/-4312 -4339/-4511/-4311 -4338/-4510/-4310 -4337/-4509/-4309 
f -4336/-4508/-4308 -4335/-4507/-4307 -4334/-4506/-4306 -4333/-4505/-4305 
f -4332/-4504/-4304 -4331/-4503/-4303 -4330/-4502/-4302 -4329/-4501/-4301 
f -4328/-4500/-4300 -4327/-4499/-4299 -4326/-4498/-4298 -4325/-4497/-4297 
f -4324/-4496/-4296 -4323/-4495/-4295 -4423/-4595/-4395 -4390/-4562/-4362 
f -4322/-4494/-4294 -4321/-4493/-4293 -4320/-4492/-4292 -4319/-4491/-4291 
f -4318/-4490/-4290 -4317/-4489/-4289 -4316/-4488/-4288 -4315/-4487/-4287 
f -4314/-4486/-4286 -4313/-4485/-4285 -4312/-4484/-4284 -4311/-4483/-4283 
f -4310/-4482/-4282 -4309/-4481/-4281 -5201/-5373/-5169 -5202/-5374/-5170 
f -5291/-5463/-5258 -4308/-4480/-4280 -4307/-4479/-4279 -4306/-4478/-4278 
f -4305/-4477/-4277 -4973/-5145/-4941 -4304/-4476/-4276 -4303/-4475/-4275 
f -4302/-4474/-4274 -4301/-4473/-4273 -4300/-4472/-4272 -4299/-4471/-4271 
f -5150/-5322/-5118 -4298/-4470/-4270 -4297/-4469/-4269 -5149/-5321/-5117 
f -4296/-4468/-4268 -4329/-4501/-4301 -4295/-4467/-4267 -4294/-4466/-4266 
f -4293/-4465/-4265 -4292/-4464/-4264 -4291/-4463/-4263 -4290/-4462/-4262 
f -4330/-4502/-4302 -4331/-4503/-4303 -4289/-4461/-4261 -4288/-4460/-4260 
f -4287/-4459/-4259 -4286/-4458/-4258 -4285/-4457/-4257 -4284/-4456/-4619 
f -4283/-4455/-4256 -4473/-4645/-4445 -4282/-4454/-4255 -4281/-4453/-4254 
f -4280/-4452/-4253 -4279/-4451/-4252 -4278/-4450/-4251 -4337/-4509/-4309 
f -4277/-4449/-4250 -4276/-4448/-4249 -4275/-4447/-4248 -4274/-4446/-4247 
f -4273/-4445/-4246 -4272/-4444/-4245 -4271/-4443/-4244 -4270/-4442/-4243 
f -4269/-4441/-4242 -4290/-4462/-4262 -4291/-4463/-4263 -4268/-4440/-4241 
f -4267/-4439/-4240 -4266/-4438/-4239 -4265/-4437/-4238 -4264/-4436/-4237 
f -4263/-4435/-4236 -4262/-4434/-4235 -4300/-4472/-4272 -4301/-4473/-4273 
f -4261/-4433/-4234 -4260/-4432/-4233 -4259/-4431/-4232 -4258/-4430/-4231 
f -4257/-4429/-4230 -4256/-4428/-4229 -4255/-4427/-4228 -4254/-4426/-4227 
f -4310/-4482/-4282 -5118/-5290/-5086 -5119/-5291/-5087 -4309/-4481/-4281 
f -4253/-4425/-4226 -4252/-4424/-4225 -4251/-4423/-4224 -4250/-4422/-4223 
f -4249/-4421/-4222 -4248/-4420/-4221 -4247/-4419/-4220 -4246/-4418/-4219 
f -4245/-4417/-4218 -4882/-5054/-4853 -4881/-5053/-4852 -4244/-4416/-4217 
f -4243/-4415/-4216 -4242/-4414/-4215 -4241/-4413/-4214 -4240/-4412/-4213 
f -4239/-4411/-4212 -4238/-4410/-4211 -4237/-4409/-4210 -4236/-4408/-4209 
f -4235/-4407/-4208 -4234/-4406/-4207 -5143/-5315/-5111 -5140/-5312/-5108 
f -4233/-4405/-4206 -4503/-4675/-4475 -4232/-4404/-4205 -4231/-4403/-4204 
f -4981/-5153/-4949 -4230/-4402/-4203 -4229/-4401/-4202 -4228/-4400/-4201 
f -4227/-4399/-4200 -4226/-4398/-4199 -4225/-4397/-4198 -4224/-4396/-4197 
f -4223/-4395/-4196 -4222/-4394/-4419 -5269/-5441/-5237 -5270/-5442/-5238 
f -4221/-4393/-4195 -4220/-4392/-4194 -4219/-4391/-4193 -4218/-4390/-4192 
f -4217/-4389/-4191 -4216/-4388/-4190 -4215/-4387/-4189 -4214/-4386/-4188 
f -4213/-4385/-4187 -4212/-4384/-4186 -4211/-4383/-4185 -4210/-4382/-4184 
f -4209/-4381/-4183 -4208/-4380/-5205 -5237/-5409/-5205 -5238/-5410/-5206 
f -4207/-4379/-4182 -4206/-4378/-4181 -4205/-4377/-4180 -4204/-4376/-4179 
f -4215/-4387/-4189 -4203/-4375/-4178 -4202/-4374/-4177 -4201/-4373/-4176 
f -4200/-4372/-4175 -4199/-4371/-4174 -5260/-5432/-5228 -4198/-4370/-4173 
f -4197/-4369/-4172 -4196/-4368/-4171 -4649/-4821/-4620 -4195/-4367/-4170 
f -4618/-4790/-4589 -4619/-4791/-4590 -4194/-4366/-4169 -4193/-4365/-4168 
f -4192/-4364/-4167 -5051/-5223/-5019 -5052/-5224/-5020 -4785/-4957/-4756 
f -4402/-4574/-4374 -4191/-4363/-4166 -4190/-4362/-4165 -4189/-4361/-4164 
f -4188/-4360/-4163 -4187/-4359/-4162 -4186/-4358/-4161 -4185/-4357/-4160 
f -4184/-4356/-4159 -4183/-4355/-4158 -4182/-4354/-4157 -4181/-4353/-4156 
f -4180/-4352/-4155 -4179/-4351/-4154 -4178/-4350/-4153 -4177/-4349/-4152 
f -4176/-4348/-4151 -4175/-4347/-4150 -4174/-4346/-4149 -4173/-4345/-4148 
f -4172/-4344/-4147 -4171/-4343/-4146 -4170/-4342/-4145 -4169/-4341/-4144 
f -4168/-4340/-4143 -4167/-4339/-4142 -4166/-4338/-4141 -4165/-4337/-4140 
f -4164/-4336/-4139 -4163/-4335/-4138 -4162/-4334/-4137 -4161/-4333/-4136 
f -4160/-4332/-4135 -4159/-4331/-4134 -4158/-4330/-4133 -4157/-4329/-4132 
f -4156/-4328/-4131 -4777/-4949/-4748 -4778/-4950/-4749 -4155/-4327/-4130 
f -4154/-4326/-4129 -4153/-4325/-4128 -5027/-5199/-4995 -4152/-4324/-4127 
f -5069/-5241/-5037 -5066/-5238/-5034 -4151/-4323/-4126 -4150/-4322/-4125 
f -4149/-4321/-4124 -5126/-5298/-5094 -5235/-5407/-5203 -4148/-4320/-4123 
f -4147/-4319/-4122 -4150/-4322/-4125 -4151/-4323/-4126 -4146/-4318/-4121 
f -4184/-4356/-4159 -4181/-4353/-4156 -4145/-4317/-4120 -4144/-4316/-4119 
f -4143/-4315/-4118 -4142/-4314/-4117 -4141/-4313/-4116 -4140/-4312/-4115 
f -4423/-4595/-4395 -4422/-4594/-4394 -4389/-4561/-4361 -4390/-4562/-4362 
f -4139/-4311/-4114 -4138/-4310/-4113 -4137/-4309/-4112 -4136/-4308/-4111 
f -4135/-4307/-4110 -4134/-4306/-4109 -4133/-4305/-4108 -4132/-4304/-4107 
f -4131/-4303/-4106 -5063/-5235/-5031 -5064/-5236/-5032 -4130/-4302/-4105 
f -4129/-4301/-4104 -4128/-4300/-4103 -4127/-4299/-4102 -4899/-5071/-4869 
f -4126/-4298/-4101 -4125/-4297/-4100 -4477/-4649/-4449 -4124/-4296/-4099 
f -4145/-4317/-4120 -4123/-4295/-4098 -4122/-4294/-4097 -4121/-4293/-4096 
f -4120/-4292/-4095 -4119/-4291/-4094 -4118/-4290/-4093 -4117/-4289/-4092 
f -4116/-4288/-4091 -5066/-5238/-5034 -5067/-5239/-5035 -4849/-5021/-4820 
f -4115/-4287/-4090 -4114/-4286/-5152 -4113/-4285/-4089 -4112/-4284/-4088 
f -5290/-5462/-5257 -5287/-5459/-5255 -4111/-4283/-4087 -4110/-4282/-4086 
f -4109/-4281/-4085 -4718/-4890/-4689 -5136/-5308/-5104 -4108/-4280/-4084 
f -4107/-4279/-4083 -4106/-4278/-4082 -4105/-4277/-4081 -4104/-4276/-4080 
f -4103/-4275/-4079 -4102/-4274/-4078 -4101/-4273/-4077 -4996/-5168/-4964 
f -4100/-4272/-4076 -4906/-5078/-4876 -5331/-5503/-5298 -5332/-5504/-5299 
f -4099/-4271/-4075 -5283/-5455/-5251 -4098/-4270/-4074 -4827/-4999/-4798 
f -4097/-4269/-4073 -4096/-4268/-4072 -4095/-4267/-4071 -4094/-4266/-4070 
f -4093/-4265/-4069 -4468/-4640/-4440 -4469/-4641/-4441 -4167/-4339/-4142 
f -5205/-5377/-5173 -4092/-4264/-4068 -4091/-4263/-4067 -5204/-5376/-5172 
f -4490/-4662/-4462 -4090/-4262/-4066 -4089/-4261/-4065 -4489/-4661/-4461 
f -4968/-5140/-4937 -4088/-4260/-4064 -4087/-4259/-4063 -4767/-4939/-4738 
f -4086/-4258/-4062 -5320/-5492/-5287 -5321/-5493/-5288 -4085/-4257/-4061 
f -4084/-4256/-4060 -4083/-4255/-4059 -4082/-4254/-4058 -4081/-4253/-4057 
f -4080/-4252/-4056 -4079/-4251/-4055 -4078/-4250/-4054 -4077/-4249/-4053 
f -4564/-4736/-4535 -4561/-4733/-4532 -4076/-4248/-4052 -4075/-4247/-4051 
f -4074/-4246/-4050 -4073/-4245/-4049 -4072/-4244/-4048 -4071/-4243/-4047 
f -4070/-4242/-4046 -4069/-4241/-4045 -4068/-4240/-4044 -4067/-4239/-4043 
f -4066/-4238/-4042 -4065/-4237/-4041 -4064/-4236/-4040 -4063/-4235/-4039 
f -4062/-4234/-4038 -4061/-4233/-4037 -4060/-4232/-4036 -4059/-4231/-4035 
f -4058/-4230/-4034 -4057/-4229/-4033 -4056/-4228/-4032 -4055/-4227/-4031 
f -4054/-4226/-4030 -4053/-4225/-4029 -4052/-4224/-4028 -4051/-4223/-4027 
f -4050/-4222/-4026 -4049/-4221/-4025 -4048/-4220/-4024 -4047/-4219/-4023 
f -4046/-4218/-4022 -4045/-4217/-4021 -4044/-4216/-4020 -4043/-4215/-4019 
f -4042/-4214/-4018 -4041/-4213/-4017 -4733/-4905/-4704 -4734/-4906/-4705 
f -4040/-4212/-4016 -4039/-4211/-4015 -4038/-4210/-4014 -4037/-4209/-4013 
f -4036/-4208/-4012 -4035/-4207/-4011 -4034/-4206/-4010 -4033/-4205/-4009 
f -4032/-4204/-4008 -4173/-4345/-4148 -4174/-4346/-4149 -4031/-4203/-4007 
f -4030/-4202/-4006 -4887/-5059/-4858 -4888/-5060/-4859 -4029/-4201/-4005 
f -4028/-4200/-4004 -4027/-4199/-4003 -4026/-4198/-4002 -4025/-4197/-4001 
f -4370/-4542/-4342 -5244/-5416/-5212 -5245/-5417/-5213 -4024/-4196/-4000 
f -4023/-4195/-3999 -4022/-4194/-3998 -4936/-5108/-4906 -4933/-5105/-4903 
f -4568/-4740/-4539 -4021/-4193/-3997 -4020/-4192/-3996 -4019/-4191/-3995 
f -4204/-4376/-4179 -4018/-4190/-3994 -4017/-4189/-3993 -4207/-4379/-4182 
f -4016/-4188/-3992 -4015/-4187/-3991 -4014/-4186/-3990 -4013/-4185/-4868 
f -4012/-4184/-3989 -4011/-4183/-3988 -5266/-5438/-5234 -5267/-5439/-5235 
f -4010/-4182/-3987 -4009/-4181/-3986 -4008/-4180/-3985 -4007/-4179/-3984 
f -4006/-4178/-3983 -4005/-4177/-3982 -4004/-4176/-3981 -4003/-4175/-3980 
f -4002/-4174/-3979 -4001/-4173/-3978 -4000/-4172/-3977 -3999/-4171/-3976 
f -3998/-4170/-3975 -3997/-4169/-3974 -3996/-4168/-3973 -3995/-4167/-3972 
f -4157/-4329/-4132 -3994/-4166/-3971 -3993/-4165/-3970 -4624/-4796/-4595 
f -4245/-4417/-4218 -4244/-4416/-4217 -3992/-4164/-3969 -3991/-4163/-3968 
f -3990/-4162/-3967 -3989/-4161/-3966 -3988/-4160/-3965 -4666/-4838/-4637 
f -3987/-4159/-3964 -5317/-5489/-5284 -3986/-4158/-3963 -4219/-4391/-4193 
f -3985/-4157/-3962 -3984/-4156/-3961 -3983/-4155/-3960 -3982/-4154/-3959 
f -3981/-4153/-3958 -4805/-4977/-4776 -4806/-4978/-4777 -4860/-5032/-4831 
f -3980/-4152/-3957 -3979/-4151/-3956 -3978/-4150/-3955 -4164/-4336/-4139 
f -3977/-4149/-3954 -3976/-4148/-3953 -3975/-4147/-3952 -3974/-4146/-3951 
f -3973/-4145/-3950 -3972/-4144/-3949 -3971/-4143/-3948 -3970/-4142/-3947 
f -3969/-4141/-3946 -3968/-4140/-3945 -3967/-4139/-3944 -4221/-4393/-4195 
f -4096/-4268/-4072 -4097/-4269/-4073 -3966/-4138/-3943 -3965/-4137/-3942 
f -3964/-4136/-3941 -3963/-4135/-3940 -3962/-4134/-3939 -3961/-4133/-3938 
f -3960/-4132/-3937 -3959/-4131/-3936 -3958/-4130/-3935 -3957/-4129/-3934 
f -3956/-4128/-3933 -4264/-4436/-4237 -3955/-4127/-3932 -3954/-4126/-3931 
f -3953/-4125/-3930 -3981/-4153/-3958 -4860/-5032/-4831 -4857/-5029/-4828 
f -3952/-4124/-3929 -5306/-5478/-5273 -5249/-5421/-5217 -5250/-5422/-5218 
f -3951/-4123/-3928 -3950/-4122/-3927 -4195/-4367/-4170 -4594/-4766/-4565 
f -3949/-4121/-3926 -4481/-4653/-4453 -4482/-4654/-4454 -3948/-4120/-4497 
f -3947/-4119/-3925 -3946/-4118/-3924 -4872/-5044/-4843 -3945/-4117/-3923 
f -4464/-4636/-4436 -4461/-4633/-4433 -3944/-4116/-3922 -3943/-4115/-3921 
f -3942/-4114/-3920 -4719/-4891/-4690 -3941/-4113/-3919 -3940/-4112/-3918 
f -4379/-4551/-4351 -3939/-4111/-3917 -3938/-4110/-3916 -4380/-4552/-4352 
f -3937/-4109/-3915 -3936/-4108/-3914 -5290/-5462/-5257 -4110/-4282/-4086 
f -4425/-4597/-4397 -4426/-4598/-4398 -3935/-4107/-3913 -3934/-4106/-3912 
f -3933/-4105/-3911 -4113/-4285/-4089 -3932/-4104/-3910 -3931/-4103/-3909 
f -3930/-4102/-3908 -3929/-4101/-3907 -3928/-4100/-3906 -3927/-4099/-3905 
f -3926/-4098/-3904 -3925/-4097/-3903 -3924/-4096/-3902 -3923/-4095/-3901 
f -3922/-4094/-3900 -3921/-4093/-3899 -3920/-4092/-3898 -3919/-4091/-3897 
f -4547/-4719/-4518 -3918/-4090/-3896 -3917/-4089/-3895 -3916/-4088/-3894 
f -3915/-4087/-3893 -3914/-4086/-3892 -3913/-4085/-3891 -3912/-4084/-3890 
f -4100/-4272/-4076 -3911/-4083/-3889 -4720/-4892/-4691 -3910/-4082/-4076 
f -3909/-4081/-3888 -4197/-4369/-4172 -4195/-4367/-4170 -3950/-4122/-3927 
f -3908/-4080/-3887 -3907/-4079/-3886 -3906/-4078/-3932 -3905/-4077/-3885 
f -4350/-4522/-4322 -4349/-4521/-4321 -3904/-4076/-3884 -3903/-4075/-3883 
f -3902/-4074/-3882 -3901/-4073/-3881 -3900/-4072/-3880 -3899/-4071/-3879 
f -3898/-4070/-3878 -3897/-4069/-3877 -3896/-4068/-3876 -3895/-4067/-3875 
f -3894/-4066/-3874 -3893/-4065/-3873 -3892/-4064/-3872 -3891/-4063/-3871 
f -3890/-4062/-3870 -3889/-4061/-3869 -3888/-4060/-3868 -3887/-4059/-3867 
f -3886/-4058/-3866 -3885/-4057/-3865 -3884/-4056/-3864 -3883/-4055/-3863 
f -3882/-4054/-3862 -3881/-4053/-3861 -3880/-4052/-3860 -3879/-4051/-3859 
f -3878/-4050/-3858 -3877/-4049/-3857 -3876/-4048/-3856 -4226/-4398/-4199 
f -3875/-4047/-3855 -3874/-4046/-3854 -3873/-4045/-3853 -3872/-4044/-3852 
f -4984/-5156/-4952 -3871/-4043/-3851 -3870/-4042/-3850 -4983/-5155/-4951 
f -3917/-4089/-3895 -3869/-4041/-3849 -3868/-4040/-3848 -3916/-4088/-3894 
f -3867/-4039/-3847 -3866/-4038/-3846 -3865/-4037/-3845 -3864/-4036/-3844 
f -3863/-4035/-3843 -3862/-4034/-3842 -3861/-4033/-3841 -3958/-4130/-3935 
f -3860/-4032/-3840 -3859/-4031/-3839 -3858/-4030/-3838 -3857/-4029/-3837 
f -3856/-4028/-3836 -3855/-4027/-3835 -3854/-4026/-3834 -3853/-4025/-3833 
f -3852/-4024/-3832 -3851/-4023/-3831 -3850/-4022/-3830 -3849/-4021/-3829 
f -3848/-4020/-3828 -3847/-4019/-3827 -3846/-4018/-3826 -3845/-4017/-3825 
f -4213/-4385/-4187 -3844/-4016/-3824 -3843/-4015/-3823 -4212/-4384/-4186 
f -3842/-4014/-4757 -3841/-4013/-3822 -3840/-4012/-3821 -3839/-4011/-3820 
f -3838/-4010/-3819 -3837/-4009/-3818 -3836/-4008/-3817 -5031/-5203/-4999 
f -3835/-4007/-3816 -3834/-4006/-3815 -3833/-4005/-3814 -3832/-4004/-3813 
f -3831/-4003/-3812 -3830/-4002/-3811 -3829/-4001/-3810 -4513/-4685/-4485 
f -3828/-4000/-3809 -3827/-3999/-3808 -3826/-3998/-3807 -3825/-3997/-3806 
f -3824/-3996/-3805 -3823/-3995/-3804 -3822/-3994/-3803 -3821/-3993/-3802 
f -3820/-3992/-3801 -3819/-3991/-3800 -3818/-3990/-3799 -3817/-3989/-3798 
f -3816/-3988/-3797 -3815/-3987/-3796 -4846/-5018/-4817 -3814/-3986/-3795 
f -3813/-3985/-3794 -3812/-3984/-3793 -3811/-3983/-3792 -3810/-3982/-3791 
f -3809/-3981/-3790 -3808/-3980/-3789 -3807/-3979/-3788 -3806/-3978/-3787 
f -3805/-3977/-3786 -3804/-3976/-3785 -3803/-3975/-3784 -3802/-3974/-3783 
f -3801/-3973/-3782 -3800/-3972/-3781 -3799/-3971/-3780 -3798/-3970/-3779 
f -3797/-3969/-3778 -3796/-3968/-3777 -3795/-3967/-3776 -3794/-3966/-3775 
f -3793/-3965/-3774 -3792/-3964/-3773 -3791/-3963/-3772 -3790/-3962/-3771 
f -4817/-4989/-4788 -3789/-3961/-3770 -3788/-3960/-3769 -3787/-3959/-3768 
f -4508/-4680/-4480 -3786/-3958/-3767 -3785/-3957/-3766 -4507/-4679/-4479 
f -3784/-3956/-3765 -3783/-3955/-3764 -3782/-3954/-3763 -3781/-3953/-3762 
f -3780/-3952/-3761 -3779/-3951/-3760 -3778/-3950/-3759 -3777/-3949/-3758 
f -3776/-3948/-3757 -3775/-3947/-3756 -3774/-3946/-3755 -3773/-3945/-3754 
f -4902/-3944/-4872 -4903/-3943/-4873 -3772/-3942/-3753 -3771/-3941/-3752 
f -3770/-3940/-3751 -3769/-3939/-3750 -4421/-4593/-4393 -4418/-4590/-4390 
f -5208/-5380/-5176 -3768/-3938/-3749 -3767/-3937/-3748 -5211/-5383/-5179 
f -5027/-5199/-4995 -5028/-5200/-4996 -5333/-5505/-5300 -4152/-4324/-4127 
f -5309/-5481/-5276 -5310/-5482/-5277 -3766/-3936/-3747 -3765/-3935/-3746 
f -3764/-3934/-3745 -3763/-3933/-3744 -3762/-3932/-3743 -3761/-3931/-3742 
f -3760/-3930/-3741 -3759/-3929/-3740 -4040/-3928/-4016 -3758/-3927/-3739 
f -3757/-3926/-3738 -3756/-3925/-3737 -3755/-3924/-3736 -3754/-3923/-3735 
f -3753/-3922/-3734 -3752/-3921/-3733 -3751/-3920/-3732 -3750/-3919/-3731 
f -3749/-3918/-3730 -3748/-3917/-3729 -3941/-4113/-3919 -3911/-4083/-3889 
f -3747/-3916/-3728 -3746/-3915/-3727 -4964/-5136/-5244 -4965/-5137/-4934 
f -3745/-3914/-3726 -3744/-3913/-3725 -3743/-3912/-3724 -3742/-3911/-3723 
f -3741/-3910/-3722 -3740/-3909/-3721 -5151/-5323/-5119 -3739/-3908/-3720 
f -3738/-3907/-3719 -3737/-3906/-3718 -3736/-3905/-3717 -3735/-3904/-3716 
f -4534/-4706/-4506 -3734/-3903/-3715 -3733/-3902/-3714 -3732/-3901/-3713 
f -3913/-4085/-3891 -3914/-4086/-3892 -3731/-3900/-3712 -3730/-3899/-3711 
f -3729/-3898/-3710 -3728/-3897/-3709 -3995/-4167/-3972 -3727/-3896/-3708 
f -3726/-3895/-3707 -3725/-3894/-3706 -3724/-3893/-3705 -3723/-3892/-3704 
f -3722/-3891/-3703 -3721/-3890/-3702 -3720/-3889/-3701 -3719/-3888/-3700 
f -3718/-3887/-3699 -3717/-3886/-3698 -3716/-3885/-3697 -3715/-3884/-3696 
f -3714/-3883/-3695 -3713/-3882/-3694 -3712/-3881/-3693 -3711/-3880/-3692 
f -4880/-5052/-4851 -3710/-3879/-3691 -3709/-3878/-3690 -4879/-5051/-4850 
f -3708/-3877/-3689 -3707/-3876/-3688 -3706/-3875/-3687 -3705/-3874/-3686 
f -3704/-3873/-3685 -3703/-3872/-3684 -3702/-3871/-3683 -3701/-3870/-3682 
f -3700/-3869/-3681 -3699/-3868/-3680 -3698/-3867/-3679 -3697/-3866/-3678 
f -4017/-4189/-3993 -4018/-4190/-3994 -3696/-3865/-3677 -3695/-3864/-3790 
f -3694/-3863/-3676 -3693/-3862/-3675 -3692/-3861/-3674 -3691/-3860/-3673 
f -5147/-5319/-5115 -3690/-3859/-3672 -4699/-4871/-4670 -3689/-3858/-3671 
f -3688/-3857/-3670 -3687/-3856/-3669 -3686/-3855/-3668 -3685/-3854/-3667 
f -3684/-3853/-3666 -4789/-4961/-4760 -3683/-3852/-3665 -3682/-3851/-3664 
f -4172/-4344/-4147 -3681/-3850/-3663 -3680/-3849/-3662 -3679/-3848/-3661 
f -3678/-3847/-3660 -3677/-3846/-3659 -3676/-3845/-3658 -3675/-3844/-3657 
f -3674/-3843/-3656 -3673/-3842/-3655 -3672/-3841/-3654 -3961/-4133/-3938 
f -3671/-3840/-3653 -4165/-4337/-4140 -3670/-3839/-3652 -3669/-3838/-3651 
f -3668/-3837/-3650 -4436/-4608/-4408 -4437/-4609/-4409 -3667/-3836/-3649 
f -3666/-3835/-3648 -4608/-4780/-4579 -3665/-3834/-3647 -3664/-3833/-3646 
f -3663/-3832/-3645 -4523/-4695/-4495 -4373/-4545/-4345 -3662/-3831/-3644 
f -3661/-3830/-3643 -3660/-3829/-3642 -3659/-3828/-3641 -3658/-3827/-3640 
f -3657/-3826/-3639 -3656/-3825/-3638 -3655/-3824/-3637 -3654/-3823/-3636 
f -3653/-3822/-3635 -4094/-4266/-4070 -3652/-3821/-3634 -3651/-3820/-3633 
f -3650/-3819/-3632 -3649/-3818/-3631 -3648/-3817/-3630 -3647/-3816/-3629 
f -3646/-3815/-3628 -4483/-4655/-4455 -4484/-4656/-4456 -3645/-3814/-3627 
f -3644/-3813/-3626 -3643/-3812/-3625 -3642/-3811/-3624 -3641/-3810/-3623 
f -4794/-4966/-4765 -3640/-3809/-3622 -4896/-5068/-4866 -4897/-5069/-4867 
f -3639/-3808/-3621 -3638/-3807/-3620 -3637/-3806/-3619 -3636/-3805/-3618 
f -3635/-3804/-3617 -5071/-5243/-5039 -5072/-5244/-5040 -3634/-3803/-4599 
f -3633/-3802/-3616 -3632/-3801/-3615 -3631/-3800/-3614 -3630/-3799/-3613 
f -3629/-3798/-3612 -3628/-3797/-3611 -3627/-3796/-3610 -3626/-3795/-3609 
f -3625/-3794/-3608 -3624/-3793/-3607 -3623/-3792/-3606 -3622/-3791/-3605 
f -3621/-3790/-4116 -3620/-3789/-3604 -4122/-4294/-4097 -4123/-4295/-4098 
f -3619/-3788/-3603 -5014/-5186/-4982 -3618/-3787/-3602 -3617/-3786/-3601 
f -3616/-3785/-3600 -3615/-3784/-3599 -3614/-3783/-3598 -3613/-3782/-3597 
f -3612/-3781/-3596 -3611/-3780/-3595 -3610/-3779/-3594 -3609/-3778/-3593 
f -3608/-3777/-3592 -3607/-3776/-3591 -3606/-3775/-3590 -3605/-3774/-3589 
f -4646/-4818/-4617 -4647/-4819/-4618 -3604/-3773/-3588 -4593/-4765/-4564 
f -3603/-3772/-3587 -4499/-4671/-4471 -3602/-3771/-3586 -3601/-3770/-3585 
f -3600/-3769/-3584 -3599/-3768/-3583 -3598/-3767/-3582 -3597/-3766/-3581 
f -5062/-5234/-5030 -3596/-3765/-3580 -3595/-3764/-3579 -5065/-5237/-5033 
f -4859/-5031/-4830 -3594/-3763/-3578 -4143/-4315/-4118 -4140/-4312/-4115 
f -5314/-5486/-5281 -3593/-3762/-3577 -3986/-4158/-3963 -5317/-5489/-5284 
f -3592/-3761/-3576 -3997/-4169/-3974 -3998/-4170/-3975 -3591/-3760/-3575 
f -3590/-3759/-3574 -3589/-3758/-3573 -3588/-3757/-3572 -4572/-4744/-4543 
f -5277/-5449/-5245 -4237/-4409/-4210 -4238/-4410/-4211 -5276/-5448/-5244 
f -4402/-4574/-4374 -4399/-4571/-4371 -3587/-3756/-3571 -4191/-4363/-4166 
f -3586/-3755/-3570 -4617/-4789/-4588 -3585/-3754/-3569 -3584/-3753/-3568 
f -4844/-5016/-4815 -4323/-4495/-4295 -3583/-3752/-3567 -4843/-5015/-4814 
f -3582/-3751/-3566 -3581/-3750/-3565 -3580/-3749/-3564 -4871/-5043/-4842 
f -3579/-3748/-3563 -4804/-4976/-4775 -5084/-5256/-5052 -3578/-3747/-3562 
f -3867/-4039/-3847 -3864/-4036/-3844 -3577/-3746/-3561 -3888/-4060/-3868 
f -3576/-3745/-3560 -3575/-3744/-3559 -3574/-3743/-3558 -3573/-3742/-3557 
f -3572/-3741/-3556 -3571/-3740/-3555 -3570/-3739/-3554 -3569/-3738/-3553 
f -3568/-3737/-3552 -3567/-3736/-3551 -3566/-3735/-3550 -3565/-3734/-3549 
f -4243/-4415/-4216 -4240/-4412/-4213 -3564/-3733/-3548 -3563/-3732/-3547 
f -3733/-3902/-3714 -3562/-3731/-3546 -3561/-3730/-3545 -3732/-3901/-3713 
f -3560/-3729/-3544 -3559/-3728/-3543 -3558/-3727/-3542 -3557/-3726/-3541 
f -3556/-3725/-3540 -3555/-3724/-3539 -3554/-3723/-3538 -4987/-5159/-4955 
f -3553/-3722/-3537 -3552/-3721/-3536 -3551/-3720/-3535 -3550/-3719/-3534 
f -3549/-3718/-3533 -3548/-3717/-3532 -3547/-3716/-3531 -3546/-3715/-3530 
f -3545/-3714/-3529 -3544/-3713/-3528 -3543/-3712/-3527 -3542/-3711/-3526 
f -3541/-3710/-3525 -5112/-5284/-5080 -5113/-5285/-5081 -3540/-3709/-3524 
f -3539/-3708/-3523 -3879/-4051/-3859 -3538/-3707/-3522 -3537/-3706/-3521 
f -4524/-4696/-4496 -4372/-4544/-4344 -4373/-4545/-4345 -4523/-4695/-4495 
f -3536/-3705/-3520 -3535/-3704/-3519 -3534/-3703/-3518 -3533/-3702/-3517 
f -3532/-3701/-3516 -3531/-3700/-3515 -3530/-3699/-3514 -3529/-3698/-3513 
f -4062/-4234/-4038 -3528/-3697/-3512 -3527/-3696/-3511 -4061/-4233/-4037 
f -3526/-3695/-3510 -3525/-3694/-3509 -3524/-3693/-3508 -3523/-3692/-3507 
f -3522/-3691/-3506 -3521/-3690/-3505 -3520/-3689/-3504 -3519/-3688/-3503 
f -3518/-3687/-3502 -3517/-3686/-3501 -3516/-3685/-3500 -3515/-3684/-3499 
f -3514/-3683/-3498 -4042/-4214/-4018 -3513/-3682/-3497 -3512/-3681/-3496 
f -3511/-3680/-3495 -3510/-3679/-3494 -3509/-3678/-3493 -3508/-3677/-3492 
f -3507/-3676/-3491 -3506/-3675/-3490 -3505/-3674/-3489 -3504/-3673/-3488 
f -3503/-3672/-3487 -4207/-4379/-4182 -4017/-4189/-3993 -3502/-3671/-3486 
f -3501/-3670/-3485 -3500/-3669/-3484 -3499/-3668/-3483 -3498/-3667/-3482 
f -3497/-3666/-3481 -3496/-3665/-3480 -3495/-3664/-3479 -3494/-3663/-3478 
f -3493/-3662/-3477 -3492/-3661/-3476 -3491/-3660/-3475 -3490/-3659/-3474 
f -4075/-4247/-4051 -4076/-4248/-4052 -3489/-3658/-3473 -3488/-3657/-3472 
f -3641/-3810/-3623 -3642/-3811/-3624 -5309/-5481/-5276 -3765/-3935/-3746 
f -3487/-3656/-3471 -3486/-3655/-3470 -3485/-3654/-3469 -3484/-3653/-3468 
f -4441/-4613/-4413 -4442/-4614/-4414 -3483/-3652/-3467 -3482/-3651/-3466 
f -3481/-3650/-3465 -3480/-3649/-3464 -3479/-3648/-3463 -3478/-3647/-3462 
f -3477/-3646/-3461 -4027/-3645/-4003 -3476/-3644/-3460 -3475/-3643/-3459 
f -3474/-3642/-3458 -3473/-3641/-3457 -3472/-3640/-3456 -3471/-3639/-3455 
f -3470/-3638/-3454 -3469/-3637/-3453 -3468/-3636/-3452 -3467/-3635/-3451 
f -3608/-3777/-3592 -3605/-3774/-3589 -4255/-4427/-4228 -3466/-3634/-3450 
f -3493/-3662/-3477 -3465/-3633/-3449 -3464/-3632/-3448 -3492/-3661/-3476 
f -3463/-3631/-3447 -3462/-3630/-3446 -3461/-3629/-3445 -3460/-3628/-3444 
f -3459/-3627/-3443 -3458/-3626/-3442 -3457/-3625/-3441 -3456/-3624/-3440 
f -3455/-3623/-3439 -3454/-3622/-3438 -3453/-3621/-3437 -3452/-3620/-3436 
f -3451/-3619/-3435 -3450/-3618/-3434 -4241/-4413/-4214 -4242/-4414/-4215 
f -3449/-3617/-3433 -5304/-5476/-5271 -5305/-5477/-5272 -3448/-3616/-3432 
f -3447/-3615/-3431 -3446/-3614/-3430 -3445/-3613/-3429 -3444/-3612/-3428 
f -4715/-4887/-4686 -3627/-3796/-3610 -3628/-3797/-3611 -5139/-5311/-5107 
f -3443/-3611/-3427 -3442/-3610/-3426 -3441/-3609/-3425 -3440/-3608/-3424 
f -4136/-4308/-4111 -4137/-4309/-4112 -3439/-3607/-3423 -3438/-3606/-3422 
f -3570/-3739/-3554 -3720/-3889/-3701 -3721/-3890/-3702 -3569/-3738/-3553 
f -3437/-3605/-3421 -3436/-3604/-3420 -4420/-4592/-4392 -3435/-3603/-3419 
f -3600/-3769/-3584 -3434/-3602/-3418 -3433/-3601/-3417 -3432/-3600/-3416 
f -3431/-3599/-3415 -4983/-5155/-4951 -3870/-4042/-3850 -3430/-3598/-3414 
f -3429/-3597/-3413 -3428/-3596/-3412 -3427/-3595/-3411 -3426/-3594/-3410 
f -3425/-3593/-3409 -3424/-3592/-3408 -3423/-3591/-3407 -5303/-5475/-5270 
f -3422/-3590/-3406 -3421/-3589/-3405 -3420/-3588/-3404 -3419/-3587/-3403 
f -4281/-4453/-4254 -4282/-4454/-4255 -3418/-3586/-3402 -3417/-3585/-3401 
f -3881/-4053/-3861 -3882/-4054/-3862 -3416/-3584/-3400 -3415/-3583/-3399 
f -3414/-3582/-3398 -3413/-3581/-3397 -4263/-4435/-4236 -4301/-4473/-4273 
f -5199/-5371/-5167 -5196/-5368/-5164 -3412/-3580/-3396 -3411/-3579/-3395 
f -3410/-3578/-3394 -4873/-5045/-4844 -4874/-5046/-4845 -3409/-3577/-3393 
f -3408/-3576/-3392 -3407/-3575/-3391 -3406/-3574/-3390 -3405/-3573/-3389 
f -3915/-4087/-3893 -4365/-4537/-4337 -3404/-3572/-3388 -3914/-4086/-3892 
f -4122/-4294/-4097 -3620/-3789/-3604 -3403/-3571/-3387 -5284/-5456/-5252 
f -3402/-3570/-3386 -3401/-3569/-3385 -3400/-3568/-3384 -3885/-4057/-3865 
f -3399/-3567/-3383 -3398/-3566/-3382 -4644/-4816/-4615 -4645/-4817/-4616 
f -3397/-3565/-3381 -3396/-3564/-3380 -3395/-3563/-3379 -3394/-3562/-3378 
f -3393/-3561/-3377 -3392/-3560/-3376 -3618/-3787/-3602 -3391/-3559/-3375 
f -3390/-3558/-3374 -3389/-3557/-3373 -3388/-3556/-3372 -3387/-3555/-3371 
f -3386/-3554/-3370 -4069/-4241/-4045 -3385/-3553/-3369 -3384/-3552/-3368 
f -3383/-3551/-3367 -3382/-3550/-3366 -4531/-4703/-4503 -4532/-4704/-4504 
f -3381/-3549/-3365 -3380/-3548/-3364 -3379/-3547/-3363 -3378/-3546/-3362 
f -4118/-4290/-4093 -4119/-4291/-4094 -3377/-3545/-3361 -3376/-3544/-3360 
f -3375/-3543/-3359 -4136/-4308/-4111 -3438/-3606/-3422 -3374/-3542/-3358 
f -3373/-3541/-3357 -3372/-3540/-3356 -3710/-3879/-3691 -4880/-5052/-4851 
f -3371/-3539/-3355 -4959/-5131/-4929 -3767/-3937/-3748 -3370/-3538/-3354 
f -3369/-3537/-3353 -4405/-4577/-4377 -4406/-4578/-4378 -3937/-4109/-3915 
f -3368/-3536/-3352 -3367/-3535/-3351 -3366/-3534/-3350 -3365/-3533/-3349 
f -4856/-5028/-4827 -4853/-5025/-4824 -5165/-5337/-5133 -4970/-5142/-5042 
f -3364/-3532/-3348 -3731/-3900/-3712 -3914/-4086/-3892 -3404/-3572/-3388 
f -3913/-4085/-3891 -3363/-3531/-3347 -3362/-3530/-3346 -3912/-4084/-3890 
f -4874/-5046/-4845 -3361/-3529/-3345 -3360/-3528/-3344 -3409/-3577/-3393 
f -3359/-3527/-3343 -3358/-3526/-3342 -3357/-3525/-3341 -3356/-3524/-3340 
f -4544/-4716/-4515 -4537/-4709/-4509 -3355/-3523/-3339 -4543/-4715/-4514 
f -3354/-3522/-3338 -3353/-3521/-3337 -3352/-3520/-3336 -3351/-3519/-3335 
f -3350/-3518/-3334 -3349/-3517/-3333 -3348/-3516/-3332 -3347/-3515/-3331 
f -3346/-3514/-3330 -3345/-3513/-3329 -3344/-3512/-3328 -3343/-3511/-3327 
f -4848/-5020/-4819 -4845/-5017/-4816 -4770/-4942/-4741 -3342/-3510/-3326 
f -3341/-3509/-3325 -3340/-3508/-3324 -3339/-3507/-3323 -3338/-3506/-3322 
f -3337/-3505/-3321 -3336/-3504/-3320 -3335/-3503/-3319 -3334/-3502/-3318 
f -3333/-3501/-3317 -3332/-3500/-3316 -3331/-3499/-3315 -3330/-3498/-3314 
f -3329/-3497/-3313 -3328/-3496/-3312 -3327/-3495/-3311 -3326/-3494/-3310 
f -3325/-3493/-3309 -3324/-3492/-3308 -3323/-3491/-3307 -3322/-3490/-3306 
f -3321/-3489/-3305 -3320/-3488/-3304 -3319/-3487/-3303 -3318/-3486/-3302 
f -3317/-3485/-3301 -3316/-3484/-3300 -3315/-3483/-3299 -3314/-3482/-3298 
f -3313/-3481/-3297 -3312/-3480/-3296 -3311/-3479/-3295 -3310/-3478/-3294 
f -3309/-3477/-3293 -3308/-3476/-3292 -3307/-3475/-3291 -3306/-3474/-3290 
f -3305/-3473/-3289 -3304/-3472/-3288 -4633/-4805/-4604 -4630/-4802/-4601 
f -3303/-3471/-4951 -3302/-3470/-3287 -4905/-5077/-4875 -4906/-5078/-4876 
f -3301/-3469/-3286 -4721/-4893/-4692 -4260/-4432/-4233 -3300/-3468/-3285 
f -3299/-3467/-3284 -3883/-4055/-3863 -3771/-3941/-3752 -3772/-3942/-3753 
f -3298/-3466/-3283 -3297/-3465/-3282 -3296/-3464/-3281 -3295/-3463/-3280 
f -3294/-3462/-3279 -3293/-3461/-3278 -3292/-3460/-3277 -3291/-3459/-3276 
f -3290/-3458/-3275 -3289/-3457/-3274 -3288/-3456/-3273 -4008/-4180/-3985 
f -3287/-3455/-3272 -3286/-3454/-3271 -3285/-3453/-3270 -3284/-3452/-3269 
f -3283/-3451/-3268 -3282/-3450/-3267 -3281/-3449/-3266 -3280/-3448/-3265 
f -3614/-3783/-3598 -3279/-3447/-3264 -3278/-3446/-3263 -3277/-3445/-3262 
f -3276/-3444/-3261 -3275/-3443/-3260 -3274/-3442/-3259 -3273/-3441/-3258 
f -3690/-3859/-3672 -3272/-3440/-3257 -4702/-4874/-4673 -4699/-4871/-4670 
f -5337/-5509/-5304 -3271/-3439/-3256 -3270/-3438/-3255 -5336/-5508/-5303 
f -3269/-3437/-3254 -3268/-3436/-3253 -3597/-3766/-3581 -3598/-3767/-3582 
f -4220/-4392/-4194 -3267/-3435/-3252 -3266/-3434/-3251 -3265/-3433/-3250 
f -3590/-3759/-3574 -3264/-3432/-3249 -3263/-3431/-3248 -3589/-3758/-3573 
f -3262/-3430/-3247 -3261/-3429/-3246 -3260/-3428/-3245 -3259/-3427/-3244 
f -3964/-4136/-3941 -3258/-3426/-3243 -3257/-3425/-3635 -3256/-3424/-3242 
f -3255/-3423/-3241 -3254/-3422/-3240 -3253/-3421/-3239 -3252/-3420/-3238 
f -3251/-3419/-3237 -3250/-3418/-3236 -3249/-3417/-3235 -3248/-3416/-3234 
f -3247/-3415/-3233 -3246/-3414/-3232 -3245/-3413/-3231 -3244/-3412/-3230 
f -3636/-3805/-3618 -3243/-3411/-3229 -3242/-3410/-3228 -3639/-3808/-3621 
f -3241/-3409/-3227 -3463/-3631/-3447 -3240/-3408/-3226 -3239/-3407/-3225 
f -3238/-3406/-3224 -3237/-3405/-3223 -3236/-3404/-3222 -3235/-3403/-3221 
f -3234/-3402/-3220 -3233/-3401/-3219 -3670/-3839/-3652 -3232/-3400/-3218 
f -3281/-3449/-3266 -3231/-3399/-3217 -4386/-4558/-4358 -4387/-4559/-4359 
f -3230/-3398/-3216 -3229/-3397/-3215 -3228/-3396/-3214 -3227/-3395/-3213 
f -3226/-3394/-3212 -4141/-4313/-4116 -4142/-4314/-4117 -4909/-5081/-4879 
f -3225/-3393/-3211 -3224/-3392/-3210 -4421/-4593/-4393 -3769/-3939/-3750 
f -3223/-3391/-3209 -3222/-3390/-3208 -3221/-3389/-3207 -3220/-3388/-3206 
f -3219/-3387/-3205 -3218/-3386/-3204 -3217/-3385/-3203 -3216/-3384/-3202 
f -3215/-3383/-3201 -4773/-4945/-4744 -3214/-3382/-3200 -3213/-3381/-3199 
f -3212/-3380/-3198 -3211/-3379/-3197 -3210/-3378/-3196 -3209/-3377/-3195 
f -4045/-4217/-4021 -4046/-4218/-4022 -3208/-3376/-3194 -3207/-3375/-3193 
f -3206/-3374/-3192 -3205/-3373/-3191 -3204/-3372/-3190 -3203/-3371/-3189 
f -3202/-3370/-3188 -3201/-3369/-3187 -3200/-3368/-3186 -3199/-3367/-3185 
f -3198/-3366/-3184 -3197/-3365/-3183 -3196/-3364/-3182 -3195/-3363/-3181 
f -3194/-3362/-3180 -3858/-4030/-3838 -3859/-4031/-3839 -3193/-3361/-3179 
f -3192/-3360/-3178 -3191/-3359/-3177 -4771/-4943/-4742 -4768/-4940/-4739 
f -3869/-4041/-3849 -3190/-3358/-3176 -3189/-3357/-3175 -3188/-3356/-3174 
f -3187/-3355/-3173 -3186/-3354/-3172 -4792/-4964/-4763 -4793/-4965/-4764 
f -3185/-3353/-3171 -3184/-3352/-3170 -3183/-3351/-3169 -3182/-3350/-3168 
f -3181/-3349/-3167 -3180/-3348/-3166 -3179/-3347/-3165 -3178/-3346/-3164 
f -3177/-3345/-3163 -3176/-3344/-3162 -5189/-5361/-5157 -5190/-5362/-5158 
f -3175/-3343/-3161 -4869/-5041/-4840 -3174/-3342/-3160 -3173/-3341/-3159 
f -3172/-3340/-3158 -3171/-3339/-3157 -3170/-3338/-3156 -3169/-3337/-3155 
f -3551/-3720/-3535 -3552/-3721/-3536 -3168/-3336/-3154 -3167/-3335/-3153 
f -3166/-3334/-3152 -3165/-3333/-3151 -4613/-4785/-4584 -3164/-3332/-3150 
f -3163/-3331/-3149 -3162/-3330/-3148 -3705/-3874/-3686 -3706/-3875/-3687 
f -5033/-5205/-5001 -3161/-3329/-3147 -3160/-3328/-3146 -5032/-5204/-5000 
f -5214/-5386/-5182 -3159/-3327/-3145 -4209/-4381/-4183 -3158/-3326/-5182 
f -3157/-3325/-3144 -3156/-3324/-3143 -3155/-3323/-3142 -3154/-3322/-3141 
f -3153/-3321/-3140 -3152/-3320/-3139 -3151/-3319/-3138 -3150/-3318/-3137 
f -3149/-3317/-3136 -3148/-3316/-3135 -3270/-3438/-3255 -3147/-3315/-3134 
f -4497/-4669/-4469 -4498/-4670/-4470 -3146/-3314/-3133 -3145/-3313/-3132 
f -3488/-3657/-3472 -3144/-3312/-3131 -3143/-3311/-3130 -4075/-4247/-4051 
f -3142/-3310/-3129 -3141/-3309/-3128 -3140/-3308/-3127 -3139/-3307/-3126 
f -3138/-3306/-3125 -3137/-3305/-3124 -3136/-3304/-3123 -3135/-3303/-3122 
f -4392/-4564/-4364 -3134/-3302/-3121 -3555/-3724/-3539 -3556/-3725/-3540 
f -4868/-5040/-4839 -4865/-5037/-4836 -3133/-3301/-3120 -4669/-4841/-4640 
f -3708/-3877/-3689 -4032/-4204/-4008 -3132/-3300/-3119 -3131/-3299/-3118 
f -3130/-3298/-3117 -3129/-3297/-3116 -3128/-3296/-3115 -3127/-3295/-3114 
f -3126/-3294/-3113 -3125/-3293/-3112 -4427/-4599/-4399 -3124/-3292/-3111 
f -3123/-3291/-3110 -3122/-3290/-3109 -3121/-3289/-3108 -3120/-3288/-3107 
f -3119/-3287/-3106 -3380/-3548/-3364 -3118/-3286/-3105 -3117/-3285/-3104 
f -4685/-4857/-4656 -3116/-3284/-3103 -3115/-3283/-3102 -3114/-3282/-3101 
f -5055/-5227/-5023 -3113/-3281/-3100 -3622/-3791/-3605 -5054/-5226/-5022 
f -3112/-3280/-3099 -3111/-3279/-3098 -5319/-5491/-5286 -5320/-5492/-5287 
f -4479/-4651/-4451 -4480/-4652/-4452 -3110/-3278/-3097 -3216/-3384/-3202 
f -4200/-4372/-4175 -4198/-4370/-4173 -3109/-3277/-3096 -3108/-3276/-3095 
f -3107/-3275/-3094 -3106/-3274/-3093 -3105/-3273/-3092 -3104/-3272/-3091 
f -3103/-3271/-3090 -4663/-4835/-4634 -4660/-4832/-4631 -4822/-4994/-4793 
f -4084/-4256/-4060 -4081/-4253/-4057 -3102/-3270/-3089 -3101/-3269/-3088 
f -3100/-3268/-3087 -3099/-3267/-3086 -3098/-3266/-3085 -3097/-3265/-3084 
f -3143/-3311/-3130 -3144/-3312/-3131 -3887/-4059/-3867 -3096/-3264/-3083 
f -3095/-3263/-3082 -3094/-3262/-3081 -3792/-3964/-3773 -3134/-3302/-3121 
f -4478/-3261/-3080 -3093/-3260/-3079 -3092/-3259/-3078 -3091/-3258/-3077 
f -4129/-4301/-4104 -4899/-5071/-4869 -4960/-5132/-4930 -4961/-5133/-4931 
f -4001/-4173/-3978 -3090/-3257/-3076 -3089/-3256/-3075 -3088/-3255/-3074 
f -3087/-3254/-3073 -3086/-3253/-3072 -3085/-3252/-3071 -3084/-3251/-3070 
f -3083/-3250/-3069 -3491/-3660/-3475 -3492/-3661/-3476 -3082/-3249/-3068 
f -3081/-3248/-3067 -3080/-3247/-3066 -3079/-3246/-3065 -3078/-3245/-3064 
f -3077/-3244/-3063 -3076/-3243/-3062 -3185/-3353/-3171 -3075/-3242/-3061 
f -3074/-3241/-3060 -4161/-4333/-4136 -3073/-3240/-3059 -3072/-3239/-3058 
f -3071/-3238/-3057 -3070/-3237/-3056 -3069/-3236/-3055 -3292/-3460/-3277 
f -4557/-4729/-4528 -4554/-4726/-4525 -3068/-3235/-3054 -3067/-3234/-3053 
f -4119/-4291/-4094 -3720/-3889/-3701 -3570/-3739/-3554 -3377/-3545/-3361 
f -3066/-3233/-3052 -3065/-3232/-3051 -3064/-3231/-3050 -3063/-3230/-3049 
f -3062/-3229/-3048 -5328/-5500/-5295 -5329/-5501/-5296 -3061/-3228/-3047 
f -3060/-3227/-3046 -3486/-3655/-3470 -3487/-3656/-3471 -3059/-3226/-3045 
f -3058/-3225/-3044 -5049/-5221/-5017 -3114/-3282/-3101 -3115/-3283/-3102 
f -5069/-3224/-5037 -4150/-3223/-3043 -5327/-5499/-5294 -3057/-3222/-3042 
f -4133/-4305/-4108 -3056/-3221/-3041 -3055/-3220/-3040 -3054/-3219/-3039 
f -3053/-3218/-3038 -3052/-3217/-3037 -3051/-3216/-3036 -3050/-3215/-3035 
f -3049/-3214/-3034 -3048/-3213/-3033 -3047/-3212/-3032 -3046/-3211/-3031 
f -3045/-3210/-3030 -5225/-5397/-5193 -5226/-5398/-5194 -3044/-3209/-3029 
f -3605/-3774/-3589 -3043/-3208/-3028 -4254/-4426/-4227 -4255/-4427/-4228 
f -3042/-3207/-3027 -3041/-3206/-3026 -3040/-3205/-3025 -3368/-3536/-3352 
f -4720/-4892/-4691 -5197/-5369/-5165 -3431/-3599/-3415 -3910/-4082/-4076 
f -3039/-3204/-3024 -3038/-3203/-3023 -3037/-3202/-3022 -3036/-3201/-3021 
f -3035/-3200/-3020 -4232/-4404/-4205 -3034/-3199/-3019 -3947/-4119/-3925 
f -4352/-4524/-4324 -3033/-3198/-3018 -3032/-3197/-3017 -3031/-3196/-3016 
f -3878/-4050/-3858 -3030/-3195/-3015 -3029/-3194/-3014 -3877/-4049/-3857 
f -3028/-3193/-3013 -3027/-3192/-3012 -3026/-3191/-3011 -3025/-3190/-3010 
f -3518/-3687/-3502 -3515/-3684/-3499 -3024/-3189/-3009 -3023/-3188/-3008 
f -3022/-3187/-3007 -3021/-3186/-3006 -3020/-3185/-3005 -3852/-4024/-3832 
f -3383/-3551/-3367 -3019/-3184/-3004 -3018/-3183/-3003 -3382/-3550/-3366 
f -4726/-4898/-4697 -4727/-4899/-4698 -3017/-3182/-3002 -3407/-3575/-3391 
f -3016/-3181/-3001 -3015/-3180/-3000 -3494/-3663/-3478 -3495/-3664/-3479 
f -4393/-4565/-4365 -4394/-4566/-4366 -3014/-3179/-2999 -3013/-3178/-2998 
f -3012/-3177/-2997 -3011/-3176/-2996 -3010/-3175/-2995 -3994/-4166/-3971 
f -3752/-3921/-3733 -3009/-3174/-2994 -4823/-4995/-4794 -3751/-3920/-3732 
f -3008/-3173/-2993 -3638/-3807/-3620 -3639/-3808/-3621 -4751/-4923/-4722 
f -3007/-3172/-2992 -3006/-3171/-2991 -3005/-3170/-2990 -3004/-3169/-2989 
f -3003/-3168/-2988 -3264/-3432/-3249 -3590/-3759/-3574 -3002/-3167/-2987 
f -3001/-3166/-2986 -3000/-3165/-2985 -2999/-3164/-2984 -2998/-3163/-2983 
f -2997/-3162/-2982 -2996/-3161/-2981 -2995/-3160/-2980 -2994/-3159/-2979 
f -2993/-3158/-2978 -2992/-3157/-2977 -2991/-3156/-2976 -2990/-3155/-2975 
f -2989/-3154/-2974 -5282/-5454/-5250 -5280/-5452/-5248 -4303/-4475/-4275 
f -2988/-3153/-2973 -2987/-3152/-2972 -2986/-3151/-2971 -2985/-3150/-2970 
f -4460/-4632/-4432 -2984/-3149/-2969 -2983/-3148/-2968 -4459/-4631/-4431 
f -2982/-3147/-2967 -2981/-3146/-2966 -2980/-3145/-2965 -2979/-3144/-2964 
f -2978/-3143/-2963 -2977/-3142/-2962 -5012/-5184/-4980 -2976/-3141/-2961 
f -3728/-3897/-3709 -2975/-3140/-2960 -3998/-4170/-3975 -3995/-4167/-3972 
f -2974/-3139/-2959 -3214/-3382/-3200 -4773/-4945/-4744 -4774/-4946/-4745 
f -4541/-4713/-4513 -2973/-3138/-2958 -2972/-3137/-2957 -2971/-3136/-2956 
f -2970/-3135/-2955 -2969/-3134/-2954 -5294/-5466/-5261 -2968/-3133/-2953 
f -4779/-4951/-4750 -4776/-4948/-4747 -2967/-3132/-2952 -2966/-3131/-2951 
f -4638/-4810/-4609 -4639/-4811/-4610 -2965/-3130/-2950 -2964/-3129/-2949 
f -4684/-4856/-4655 -4685/-4857/-4656 -3114/-3282/-3101 -2963/-3128/-2948 
f -4728/-4900/-4699 -2962/-3127/-2947 -2961/-3126/-2946 -4727/-4899/-4698 
f -3153/-3321/-3140 -2960/-3125/-2945 -2959/-3124/-2944 -3152/-3320/-3139 
f -4392/-4564/-4364 -4389/-4561/-4361 -3095/-3263/-3082 -3134/-3302/-3121 
f -2958/-3123/-2943 -2957/-3122/-2942 -2956/-3121/-2941 -2955/-3120/-2940 
f -2954/-3119/-2939 -2953/-3118/-2938 -2952/-3117/-2937 -2951/-3116/-2936 
f -2950/-3115/-2935 -3257/-3425/-3635 -2949/-3114/-2934 -2948/-3113/-2933 
f -2947/-3112/-2932 -2946/-3111/-2931 -2945/-3110/-2930 -4417/-4589/-4389 
f -2944/-3109/-2929 -2943/-3108/-2928 -3754/-3923/-3735 -2942/-3107/-2927 
f -5188/-5360/-5156 -4350/-4522/-4322 -2941/-3106/-2926 -2940/-3105/-2925 
f -2939/-3104/-2924 -2938/-3103/-2923 -2937/-3102/-2922 -2936/-3101/-2921 
f -2935/-3100/-2920 -2934/-3099/-2919 -2933/-3098/-2918 -2932/-3097/-2917 
f -3020/-3185/-3005 -2931/-3096/-2916 -2930/-3095/-2915 -2929/-3094/-2914 
f -2928/-3093/-2913 -2927/-3092/-2912 -2926/-3091/-2911 -2925/-3090/-2910 
f -2924/-3089/-2909 -2923/-3088/-2908 -3115/-3283/-3102 -3116/-3284/-3103 
f -2922/-3087/-2907 -4107/-4279/-4083 -3330/-3498/-3314 -3331/-3499/-3315 
f -2921/-3086/-2906 -2920/-3085/-2905 -4300/-4472/-4272 -4262/-4434/-4235 
f -2919/-3084/-2904 -2918/-3083/-2903 -2917/-3082/-2902 -2916/-3081/-2901 
f -5100/-5272/-5068 -3059/-3226/-3045 -3487/-3656/-3471 -4491/-4663/-4463 
f -5299/-5471/-5266 -2915/-3080/-2900 -2914/-3079/-2899 -5302/-5474/-5269 
f -3876/-4048/-3856 -2913/-3078/-2898 -4225/-4397/-4198 -4226/-4398/-4199 
f -2912/-3077/-2897 -4384/-4556/-4356 -2911/-3076/-2896 -2910/-3075/-2895 
f -5262/-5434/-5230 -5040/-5212/-5008 -2909/-3074/-2894 -2908/-3073/-2893 
f -2907/-3072/-2892 -2906/-3071/-2891 -2905/-3070/-2890 -2904/-3069/-2889 
f -2967/-3132/-2952 -2903/-3068/-2888 -3016/-3181/-3001 -3495/-3664/-3479 
f -2902/-3067/-2887 -4808/-4980/-4779 -4805/-4977/-4776 -3786/-3958/-3767 
f -2901/-3066/-2886 -5065/-5237/-5033 -3595/-3764/-3579 -4038/-4210/-4014 
f -2900/-3065/-2885 -2899/-3064/-2884 -2898/-3063/-2883 -2897/-3062/-2882 
f -2896/-3061/-2881 -2895/-3060/-2880 -2894/-3059/-2879 -2893/-3058/-2878 
f -2892/-3057/-2877 -2891/-3056/-2876 -2890/-3055/-2875 -4134/-4306/-4109 
f -5013/-5185/-4981 -5010/-5182/-4978 -2889/-3054/-2874 -4359/-4531/-4331 
f -4585/-4757/-4556 -2888/-3053/-2873 -4416/-4588/-4388 -4588/-4760/-4559 
f -3297/-3465/-3282 -2887/-3052/-2872 -3026/-3191/-3011 -3027/-3192/-3012 
f -2886/-3051/-2871 -2885/-3050/-2870 -2884/-3049/-2869 -2883/-3048/-2868 
f -2882/-3047/-2867 -3415/-3583/-3399 -3416/-3584/-3400 -2881/-3046/-2866 
f -3726/-3895/-3707 -3723/-3892/-3704 -2880/-3045/-2865 -2879/-3044/-2864 
f -2878/-3043/-2863 -2877/-3042/-2862 -2876/-3041/-2861 -2875/-3040/-2860 
f -3625/-3794/-3608 -2874/-3039/-2859 -2873/-3038/-2858 -3624/-3793/-3607 
f -2899/-3064/-2884 -2900/-3065/-2885 -3225/-3393/-3211 -3769/-3939/-3750 
f -2872/-3037/-2857 -2871/-3036/-2856 -2870/-3035/-2855 -2869/-3034/-2854 
f -5174/-5346/-5142 -2868/-3033/-2853 -2867/-3032/-2852 -2866/-3031/-2851 
f -2865/-3030/-2850 -2864/-3029/-2849 -2863/-3028/-2848 -2862/-3027/-2847 
f -2861/-3026/-2846 -3350/-3518/-3334 -2860/-3025/-2845 -2859/-3024/-2844 
f -5058/-5230/-5026 -2858/-3023/-2843 -3676/-3845/-3658 -5061/-5233/-5029 
f -3542/-3711/-3526 -2857/-3022/-2842 -4716/-4888/-4687 -4717/-4889/-4688 
f -2856/-3021/-2841 -2855/-3020/-2840 -2854/-3019/-2839 -2853/-3018/-2838 
f -2852/-3017/-2837 -5225/-5397/-5193 -3045/-3210/-3030 -2851/-3016/-2836 
f -2850/-3015/-2835 -3963/-4135/-3940 -2849/-3014/-2834 -2848/-3013/-2833 
f -3713/-3882/-3694 -2847/-3012/-2832 -2846/-3011/-2831 -2845/-3010/-2830 
f -4292/-4464/-4264 -2844/-3009/-2829 -2843/-3008/-2828 -2842/-3007/-2827 
f -2841/-3006/-2826 -2971/-3136/-2956 -2840/-3005/-2825 -2839/-3004/-2824 
f -3545/-3714/-3529 -3542/-3711/-3526 -4717/-4889/-4688 -2838/-3003/-2823 
f -3793/-3965/-3774 -3790/-3962/-3771 -2837/-3002/-2822 -2836/-3001/-2821 
f -2835/-3000/-2820 -2834/-2999/-2819 -2833/-2998/-3163 -2885/-3050/-2870 
f -2832/-2997/-2818 -5305/-5477/-5272 -5306/-5478/-5273 -3952/-4124/-3929 
f -4491/-4663/-4463 -2831/-2996/-2817 -3228/-3396/-3214 -4492/-4664/-4464 
f -2830/-2995/-2816 -2829/-2994/-2815 -2828/-2993/-2814 -2827/-2992/-2813 
f -2826/-2991/-2812 -3251/-3419/-3237 -2825/-2990/-2811 -2824/-2989/-2810 
f -3960/-4132/-3937 -3957/-4129/-3934 -2823/-2988/-2809 -2822/-2987/-2808 
f -2821/-2986/-2807 -2820/-2985/-2806 -2819/-2984/-2805 -2818/-2983/-2804 
f -4094/-4266/-4070 -3653/-3822/-3635 -2817/-2982/-2803 -4097/-4269/-4073 
f -2831/-2996/-2817 -4491/-4663/-4463 -3487/-3656/-3471 -3484/-3653/-3468 
f -4449/-4621/-4421 -5183/-5355/-5151 -3649/-3818/-3631 -4448/-4620/-4420 
f -4802/-4974/-4773 -4087/-4259/-4063 -4088/-4260/-4064 -2816/-2981/-2802 
f -2815/-2980/-4711 -3919/-4091/-3897 -3920/-4092/-3898 -2814/-2979/-2801 
f -3126/-3294/-3113 -3124/-3292/-3111 -2813/-2978/-2800 -2812/-2977/-2799 
f -2811/-2976/-2798 -2810/-2975/-2797 -2809/-2974/-2796 -2808/-2973/-2795 
f -3079/-2972/-3065 -2807/-2971/-2794 -2806/-2970/-2793 -3078/-2969/-3064 
f -2805/-2968/-2792 -2804/-2967/-2791 -2803/-2966/-2790 -2802/-2965/-2789 
f -4212/-4384/-4186 -2801/-2964/-2788 -2800/-2963/-2787 -4211/-4383/-4185 
f -2799/-2962/-2786 -3109/-3277/-3096 -2798/-2961/-2785 -2797/-2960/-2784 
f -3698/-3867/-3679 -3699/-3868/-3680 -2796/-2959/-2783 -2795/-2958/-2782 
f -2794/-2957/-2781 -2793/-2956/-2780 -4738/-4910/-4709 -4735/-4907/-4706 
f -2792/-2955/-2779 -2791/-2954/-2778 -2790/-2953/-2777 -4407/-4579/-4379 
f -4110/-4282/-4086 -3812/-3984/-3793 -3369/-3537/-3353 -3937/-4109/-3915 
f -2789/-2952/-2776 -2788/-2951/-2776 -5228/-5400/-5196 -2787/-2950/-2775 
f -2786/-2949/-2774 -3410/-3578/-3394 -3409/-3577/-3393 -2785/-2948/-2773 
f -3364/-3532/-3348 -2784/-2947/-2772 -2783/-2946/-2771 -3731/-3900/-3712 
f -4050/-4222/-4026 -4047/-4219/-4023 -2782/-2945/-2770 -2781/-2944/-2769 
f -2780/-2943/-2768 -2779/-2942/-2767 -2778/-2941/-2766 -2777/-2940/-2765 
f -2776/-2939/-2764 -3948/-4120/-4497 -2775/-2938/-2763 -2774/-2937/-2762 
f -2968/-3133/-2953 -4306/-4478/-4278 -2773/-2936/-2761 -2772/-2935/-2760 
f -4398/-4570/-4370 -2771/-2934/-2759 -2770/-2933/-2758 -2769/-2932/-2757 
f -5111/-5283/-5079 -4393/-4565/-4365 -3247/-3415/-3233 -2768/-2931/-2756 
f -2767/-2930/-2755 -2766/-2929/-2754 -3379/-3547/-3363 -2765/-2928/-2753 
f -2764/-2927/-2752 -2763/-2926/-2751 -2762/-2925/-2750 -2761/-2924/-2749 
f -3587/-3756/-3571 -4399/-4571/-4371 -2760/-2923/-2748 -2759/-2922/-2747 
f -3842/-4014/-4757 -2758/-2921/-2746 -2757/-2920/-2745 -3841/-4013/-3822 
f -2756/-2919/-2744 -2755/-2918/-2743 -3837/-4009/-3818 -3838/-4010/-3819 
f -2754/-2917/-2742 -2753/-2916/-2741 -2752/-2915/-2740 -2751/-2914/-2739 
f -2750/-2913/-2738 -2749/-2912/-2737 -2748/-2911/-2736 -2747/-2910/-2735 
f -4728/-4900/-4699 -4725/-4897/-4696 -2746/-2909/-2734 -2745/-2908/-2733 
f -3624/-3793/-3607 -2873/-3038/-2858 -2744/-2907/-2732 -2743/-2906/-2731 
f -2742/-2905/-2730 -2741/-2904/-2729 -2740/-2903/-2728 -4308/-4480/-4280 
f -4293/-4465/-4265 -2739/-2902/-2727 -2844/-3009/-2829 -4292/-4464/-4264 
f -4454/-4626/-4426 -2738/-2901/-2726 -2737/-2900/-2725 -4453/-4625/-4425 
f -4048/-4220/-4024 -4009/-4181/-3986 -2736/-2899/-2724 -4047/-4219/-4023 
f -2735/-2898/-2723 -3430/-3598/-3414 -3870/-4042/-3850 -2734/-2897/-2722 
f -2733/-2896/-2721 -3815/-3987/-3796 -3816/-3988/-3797 -4574/-4746/-4545 
f -2732/-2895/-2720 -2731/-2894/-2719 -2730/-2893/-2718 -2729/-2892/-2717 
f -2728/-2891/-2716 -2727/-2890/-2715 -2726/-2889/-2714 -2725/-2888/-2713 
f -2724/-2887/-2712 -2723/-2886/-2711 -3003/-3168/-2988 -3002/-3167/-2987 
f -2722/-2885/-2710 -2721/-2884/-2709 -3145/-3313/-3132 -3146/-3314/-3133 
f -4304/-4476/-4276 -2720/-2883/-2708 -2989/-3154/-2974 -4303/-4475/-4275 
f -2719/-2882/-2707 -2718/-2881/-2706 -2717/-2880/-2705 -2716/-2879/-2704 
f -2715/-2878/-2703 -2714/-2877/-2702 -2713/-2876/-2701 -2712/-2875/-2700 
f -2711/-2874/-2699 -2710/-2873/-2698 -2709/-2872/-2697 -2708/-2871/-2696 
f -2707/-2870/-2695 -2706/-2869/-2694 -2705/-2868/-2693 -2704/-2867/-2692 
f -2703/-2866/-2691 -3240/-3408/-3226 -2702/-2865/-2690 -2701/-2864/-2689 
f -2700/-2863/-2688 -2699/-2862/-2687 -2698/-2861/-2686 -2697/-2860/-2685 
f -3815/-3987/-3796 -2733/-2896/-2721 -2696/-2859/-2684 -2695/-2858/-2683 
f -2694/-2857/-2682 -2693/-2856/-2681 -2692/-2855/-2680 -2691/-2854/-2679 
f -2690/-2853/-2678 -2689/-2852/-2677 -2688/-2851/-2676 -2687/-2850/-2675 
f -2686/-2849/-2674 -2685/-2848/-2673 -2790/-2953/-2777 -2684/-2847/-2672 
f -2683/-2846/-2671 -2682/-2845/-2670 -2681/-2844/-2669 -2680/-2843/-2668 
f -4627/-4799/-4598 -2679/-2842/-2667 -2678/-2841/-2666 -2677/-2840/-2665 
f -2676/-2839/-2664 -4848/-2838/-2663 -3342/-2837/-3326 -4562/-4734/-4533 
f -2675/-2836/-2662 -2674/-2835/-2661 -2673/-2834/-2660 -2672/-2833/-2659 
f -2671/-2832/-2658 -2670/-2831/-2657 -2669/-2830/-2656 -2668/-2829/-2655 
f -2667/-2828/-2654 -2666/-2827/-2653 -2665/-2826/-2652 -2664/-2825/-2651 
f -2663/-2824/-2650 -2662/-2823/-2649 -2661/-2822/-2648 -2660/-2821/-2647 
f -2659/-2820/-2646 -2658/-2819/-2645 -2657/-2818/-2644 -4643/-4815/-4614 
f -2711/-2874/-2699 -2708/-2871/-2696 -2656/-2817/-2643 -2655/-2816/-2642 
f -5311/-5483/-5278 -5312/-5484/-5279 -2654/-2815/-2641 -2653/-2814/-2640 
f -2652/-2813/-2639 -2651/-2812/-2638 -3868/-4040/-3848 -2650/-2811/-2637 
f -2649/-2810/-2636 -2648/-2809/-2635 -2647/-2808/-2634 -2646/-2807/-2633 
f -2645/-2806/-2632 -2644/-2805/-2631 -4776/-4948/-4747 -4777/-4949/-4748 
f -2748/-2911/-2736 -2749/-2912/-2737 -2643/-2804/-2630 -2642/-2803/-2629 
f -2641/-2802/-2628 -2640/-2801/-2627 -2639/-2800/-2626 -2638/-2799/-2625 
f -2637/-2798/-2624 -2636/-2797/-2623 -2635/-2796/-2622 -5008/-5180/-4976 
f -2634/-2795/-2621 -2633/-2794/-2620 -2632/-2793/-2619 -2631/-2792/-2618 
f -5041/-5213/-5009 -2630/-2791/-2617 -2909/-3074/-2894 -5040/-5212/-5008 
f -2840/-3005/-2825 -2971/-3136/-2956 -2972/-3137/-2957 -2629/-2790/-2616 
f -2628/-2789/-2615 -2627/-2788/-2614 -2626/-2787/-2613 -2625/-2786/-2612 
f -2624/-2785/-2611 -2623/-2784/-2610 -4287/-4459/-4259 -4284/-4456/-4619 
f -2622/-2783/-2609 -2621/-2782/-2608 -2620/-2781/-2607 -2619/-2780/-2606 
f -2618/-2779/-2605 -3341/-3509/-3325 -3338/-3506/-3322 -2617/-2778/-2604 
f -2616/-2777/-2603 -2615/-2776/-2602 -2614/-2775/-2601 -2613/-2774/-2600 
f -2612/-2773/-2599 -2955/-3120/-2940 -2956/-3121/-2941 -2611/-2772/-2598 
f -2610/-2771/-2597 -2609/-2770/-2596 -2608/-2769/-2595 -2607/-2768/-2594 
f -4899/-5071/-4869 -4127/-4299/-4102 -2606/-2767/-2593 -5210/-5382/-5178 
f -2605/-2766/-2592 -4144/-4316/-4119 -2604/-2765/-2591 -2603/-2764/-2590 
f -4944/-5116/-4914 -4945/-5117/-4915 -2602/-2763/-2589 -2601/-2762/-2588 
f -2600/-2761/-2587 -2599/-2760/-2586 -2598/-2759/-2585 -2684/-2847/-2672 
f -2597/-2758/-2584 -2596/-2757/-2583 -2595/-2756/-2582 -2594/-2755/-2581 
f -5095/-5267/-5063 -2593/-2754/-2580 -2592/-2753/-2579 -2591/-2752/-2578 
f -3093/-3260/-3079 -2590/-2751/-2577 -3339/-3507/-3323 -2589/-2750/-2576 
f -2588/-2749/-2575 -2587/-2748/-2574 -2586/-2747/-2573 -2585/-2746/-2572 
f -2584/-2745/-2571 -2583/-2744/-2570 -2582/-2743/-2569 -3944/-4116/-3922 
f -2581/-2742/-2568 -2881/-3046/-2866 -3416/-3584/-3400 -2580/-2741/-2567 
f -2915/-3080/-2900 -5299/-5471/-5266 -2579/-2740/-2566 -2578/-2739/-2565 
f -2577/-2738/-2564 -2576/-2737/-2563 -2575/-2736/-2562 -2574/-2735/-2561 
f -2573/-2734/-2560 -2572/-2733/-2559 -2571/-2732/-2558 -2570/-2731/-2557 
f -2908/-3073/-2893 -2569/-2730/-2556 -2568/-2729/-2555 -2567/-2728/-2554 
f -5337/-5509/-5304 -5334/-5506/-5301 -5144/-5316/-5112 -5145/-5317/-5113 
f -2566/-2727/-2553 -2565/-2726/-2552 -2564/-2725/-2551 -4545/-4717/-4516 
f -4149/-4321/-4124 -4148/-4320/-4123 -2563/-2724/-2550 -2562/-2723/-2549 
f -4597/-4769/-4568 -4380/-4552/-4352 -3938/-4110/-3916 -4596/-4768/-4567 
f -2561/-2722/-2548 -2635/-2796/-2622 -2636/-2797/-2623 -2560/-2721/-2547 
f -3294/-3462/-3279 -4895/-5067/-4865 -4896/-5068/-4866 -3293/-3461/-3278 
f -2559/-2720/-2546 -2558/-2719/-2545 -2557/-2718/-2544 -3988/-4160/-3965 
f -3508/-3677/-3492 -3509/-3678/-3493 -2556/-2717/-2543 -4604/-4776/-4575 
f -2620/-2781/-2607 -2621/-2782/-2608 -2555/-2716/-2542 -3591/-3760/-3575 
f -2895/-3060/-2880 -2554/-2715/-2541 -4655/-4827/-4626 -2894/-3059/-2879 
f -2553/-2714/-2540 -3075/-3242/-3061 -3185/-3353/-3171 -3182/-3350/-3168 
f -5329/-5501/-5296 -5326/-5498/-5293 -2552/-2713/-2539 -2551/-2712/-2538 
f -2550/-2711/-2537 -2549/-2710/-2536 -4149/-4321/-4124 -2562/-2723/-2549 
f -2690/-2853/-2678 -3615/-3784/-3599 -2548/-2709/-2535 -2689/-2852/-2677 
f -2547/-2708/-2534 -4409/-4581/-4381 -4410/-4582/-4382 -2546/-2707/-2533 
f -2545/-2706/-2532 -2544/-2705/-2531 -2543/-2704/-2530 -2542/-2703/-2529 
f -4353/-4525/-4325 -4354/-4526/-4326 -4840/-5012/-4811 -4837/-5009/-4808 
f -4448/-4620/-4420 -4474/-2702/-2528 -4471/-2701/-4443 -4451/-4623/-4423 
f -4566/-4738/-4537 -3424/-3592/-3408 -4318/-4490/-4290 -2541/-2700/-2527 
f -2540/-2699/-2526 -2896/-3061/-2881 -2893/-3058/-2878 -2539/-2698/-2525 
f -3279/-3447/-3264 -2538/-2697/-2524 -2537/-2696/-2523 -3278/-3446/-3263 
f -3584/-3753/-3568 -2536/-2695/-2522 -2535/-2694/-2521 -2534/-2693/-2520 
f -2533/-2692/-2519 -2532/-2691/-2518 -2531/-2690/-2517 -2530/-2689/-2516 
f -2529/-2688/-2515 -2528/-2687/-2514 -2527/-2686/-2513 -3746/-3915/-3727 
f -5135/-5307/-5103 -5132/-5304/-5100 -3734/-3903/-3715 -4534/-4706/-4506 
f -2526/-2685/-2512 -2667/-2828/-2654 -2664/-2825/-2651 -2693/-2856/-2681 
f -2525/-2684/-2511 -2524/-2683/-2510 -2523/-2682/-2509 -2522/-2681/-2508 
f -2980/-3145/-2965 -3194/-3362/-3180 -3193/-3361/-3179 -2521/-2680/-2507 
f -4116/-4288/-4091 -2520/-2679/-2506 -2576/-2737/-2563 -2577/-2738/-2564 
f -2519/-2678/-2505 -2757/-2920/-2745 -2518/-2677/-2504 -2517/-2676/-2503 
f -2516/-2675/-2502 -4310/-4482/-4282 -5202/-5374/-5170 -4723/-4895/-4694 
f -3784/-3956/-3765 -3781/-3953/-3762 -3267/-3435/-3252 -3967/-4139/-3944 
f -2515/-2674/-2501 -2514/-2673/-2500 -2513/-2672/-2499 -2512/-2671/-2498 
f -2511/-2670/-2497 -2510/-2669/-2496 -2509/-2668/-2495 -2508/-2667/-2494 
f -2507/-2666/-2493 -2506/-2665/-2492 -2505/-2664/-2491 -2504/-2663/-2490 
f -2503/-2662/-2489 -2502/-2661/-4553 -2501/-2660/-2488 -2500/-2659/-2487 
f -5037/-5209/-5005 -3897/-4069/-3877 -3898/-4070/-3878 -4433/-4605/-4405 
f -2499/-2658/-2486 -2498/-2657/-2485 -2497/-2656/-2484 -2496/-2655/-2483 
f -3403/-3571/-3387 -3620/-3789/-3604 -3979/-4151/-3956 -2738/-2901/-2726 
f -3020/-3185/-3005 -2929/-3094/-2914 -3851/-4023/-3831 -3852/-4024/-3832 
f -2495/-2654/-2482 -2494/-2653/-2481 -2493/-2652/-2480 -2492/-2651/-2479 
f -2491/-2650/-2478 -2490/-2649/-2477 -2489/-2648/-2476 -2488/-2647/-2475 
f -4387/-4559/-4359 -4388/-4560/-4360 -2568/-2729/-2555 -2569/-2730/-2556 
f -2780/-2943/-2768 -2487/-2646/-2474 -2486/-2645/-2473 -2961/-3126/-2946 
f -5203/-5375/-5171 -2485/-2644/-2472 -4259/-4431/-4232 -4722/-4894/-4693 
f -2484/-2643/-2471 -2483/-2642/-2470 -3603/-3772/-3587 -3601/-3770/-3585 
f -2482/-2641/-2469 -5177/-5349/-5145 -5178/-5350/-5146 -2481/-2640/-2468 
f -3725/-3894/-3706 -2480/-2639/-2467 -2479/-2638/-2466 -3724/-3893/-3705 
f -2478/-2637/-2465 -2477/-2636/-2464 -2615/-2776/-2602 -2616/-2777/-2603 
f -3506/-3675/-3490 -5131/-5303/-5099 -2476/-2635/-2463 -2475/-2634/-2462 
f -2474/-2633/-2461 -3349/-3517/-3333 -2473/-2632/-2460 -2472/-2631/-2459 
f -3910/-4082/-4076 -3303/-3471/-4951 -4906/-5078/-4876 -4100/-4272/-4076 
f -2471/-2630/-2458 -2470/-2629/-2457 -2469/-2628/-2456 -3271/-3439/-3256 
f -2468/-2627/-2455 -2467/-2626/-2454 -2466/-2625/-2453 -2800/-2963/-2787 
f -3739/-3908/-3720 -5151/-5323/-5119 -5148/-5320/-5116 -2465/-2624/-2452 
f -2464/-2623/-2451 -3334/-3502/-3318 -3335/-3503/-3319 -2463/-2622/-2450 
f -2462/-2621/-2449 -2461/-2620/-3828 -3848/-4020/-3828 -3845/-4017/-3825 
f -2775/-2938/-2763 -5154/-5326/-5122 -5155/-5327/-5123 -2460/-2619/-2729 
f -2459/-2618/-2448 -4711/-4883/-4682 -4712/-4884/-4683 -2458/-2617/-2447 
f -3092/-3259/-3078 -3093/-3260/-3079 -2589/-2750/-2576 -2539/-2698/-2525 
f -3849/-4021/-3829 -2457/-2616/-2446 -3022/-3187/-3007 -3852/-4024/-3832 
f -2456/-2615/-2445 -2524/-2683/-2510 -2525/-2684/-2511 -2455/-2614/-2444 
f -3744/-3913/-3725 -2454/-2613/-2443 -2453/-2612/-2442 -2452/-2611/-2441 
f -3412/-3580/-3396 -5196/-5368/-5164 -4719/-4891/-4690 -3942/-4114/-3920 
f -3085/-3252/-3071 -3086/-3253/-3072 -3898/-4070/-3878 -3895/-4067/-3875 
f -2486/-2645/-2473 -3017/-3182/-3002 -4727/-4899/-4698 -2961/-3126/-2946 
f -4447/-4619/-4419 -4444/-4616/-4416 -2931/-3096/-2916 -2451/-2610/-2440 
f -3078/-2969/-3064 -2806/-2970/-2793 -3814/-3986/-3795 -2450/-2609/-2439 
f -2449/-2608/-2438 -2448/-2607/-2437 -2447/-2606/-2436 -2446/-2605/-2435 
f -2445/-2604/-2434 -2444/-2603/-5161 -2443/-2602/-2433 -2442/-2601/-2432 
f -2441/-2600/-2431 -2440/-2599/-2430 -4963/-5135/-4933 -2439/-2598/-2429 
f -2438/-2597/-2428 -2437/-2596/-2427 -2436/-2595/-2426 -2435/-2594/-2425 
f -2434/-2593/-2424 -2433/-2592/-2423 -2432/-2591/-2422 -2431/-2590/-2421 
f -3285/-3453/-3270 -3674/-3843/-3656 -3961/-4133/-3938 -3962/-4134/-3939 
f -3803/-3975/-3784 -4854/-5026/-4825 -4855/-5027/-4826 -2430/-2589/-2420 
f -2429/-2588/-2419 -2428/-2587/-2418 -2427/-2586/-2417 -2426/-2585/-2416 
f -2425/-2584/-2415 -2424/-2583/-2414 -4974/-5146/-4942 -4971/-5143/-4939 
f -2423/-2582/-2413 -2422/-2581/-2412 -2421/-2580/-2411 -2420/-2579/-2410 
f -2419/-2578/-2409 -2713/-2876/-2701 -2418/-2577/-2408 -2819/-2984/-2805 
f -2417/-2576/-2407 -2416/-2575/-2406 -2415/-2574/-2405 -4995/-5167/-4963 
f -4463/-4635/-4435 -2414/-2573/-2404 -2413/-2572/-2403 -2412/-2571/-2402 
f -2411/-2570/-2401 -3113/-3281/-3100 -5055/-5227/-5023 -2410/-2569/-2400 
f -2409/-2568/-2399 -2408/-2567/-2398 -2407/-2566/-2397 -2406/-2565/-2396 
f -4965/-5137/-4934 -2405/-2564/-2395 -2404/-2563/-2394 -3747/-3916/-3728 
f -4567/-4739/-4538 -3423/-3591/-3407 -3424/-3592/-3408 -4566/-4738/-4537 
f -5150/-5322/-5118 -5151/-5323/-5119 -3740/-3909/-3721 -2459/-2618/-2448 
f -2403/-2562/-5122 -2402/-2561/-2393 -2401/-2560/-2392 -2400/-2559/-2391 
f -2399/-2558/-2390 -2398/-2557/-2389 -2397/-2556/-2388 -2396/-2555/-2387 
f -2395/-2554/-2386 -2394/-2553/-2385 -5006/-5178/-4974 -5007/-5179/-4975 
f -2393/-2552/-2384 -4372/-4544/-4344 -4524/-4696/-4496 -2392/-2551/-2383 
f -2391/-2550/-2382 -4000/-4172/-3977 -4001/-4173/-3978 -3088/-3255/-3074 
f -5167/-5339/-5135 -2390/-2549/-2381 -5229/-5401/-5197 -2389/-2548/-2380 
f -2388/-2547/-2379 -5030/-5202/-4998 -5031/-5203/-4999 -3836/-4008/-3817 
f -4126/-4298/-4101 -4051/-4223/-4027 -4052/-4224/-4028 -4125/-4297/-4100 
f -2387/-2546/-2378 -2386/-2545/-2804 -2385/-2544/-2377 -4670/-4842/-4641 
f -2399/-2558/-2390 -2396/-2555/-2387 -4248/-4420/-4221 -4249/-4421/-4222 
f -4080/-4252/-4056 -4077/-4249/-4053 -2384/-2543/-2376 -3316/-3484/-3300 
f -2383/-2542/-2375 -2382/-2541/-2374 -2381/-2540/-2373 -2380/-2539/-2372 
f -2379/-2538/-2371 -2378/-2537/-2370 -3213/-3381/-3199 -2377/-2536/-2369 
f -2376/-2535/-2368 -2375/-2534/-2367 -2374/-2533/-2366 -2432/-2591/-2422 
f -2373/-2532/-2365 -2372/-2531/-2364 -2371/-2530/-2363 -2370/-2529/-2362 
f -2369/-2528/-2361 -2368/-2527/-2360 -2367/-2526/-2359 -3401/-3569/-3385 
f -2366/-2525/-2358 -2451/-2610/-2440 -3021/-3186/-3006 -2365/-2524/-2357 
f -2364/-2523/-2356 -2363/-2522/-2355 -2362/-2521/-2354 -2361/-2520/-2353 
f -2471/-2630/-2458 -5145/-5317/-5113 -5146/-5318/-5114 -2360/-2519/-2352 
f -2359/-2518/-2351 -2358/-2517/-2350 -2357/-2516/-2349 -2356/-2515/-2348 
f -2355/-2514/-2347 -3432/-3600/-3416 -3901/-4073/-3881 -3902/-4074/-3882 
f -2354/-2513/-2346 -2353/-2512/-2345 -4664/-4836/-4635 -4665/-4837/-4636 
f -2352/-2511/-2344 -2351/-2510/-2343 -4175/-4347/-4150 -2350/-2509/-2342 
f -2349/-2508/-2341 -2348/-2507/-2340 -2347/-2506/-2339 -2346/-2505/-2338 
f -2345/-2504/-2337 -4307/-4479/-4279 -2344/-2503/-2336 -2343/-2502/-2335 
f -2342/-2501/-2334 -2640/-2801/-2627 -2641/-2802/-2628 -2341/-2500/-2333 
f -2882/-3047/-2867 -2881/-3046/-2866 -2340/-2499/-2332 -2339/-2498/-2331 
f -2338/-2497/-2330 -5275/-5447/-5243 -5272/-5444/-5240 -2337/-2496/-2329 
f -2336/-2495/-2328 -2335/-2494/-3718 -3195/-3363/-3181 -3196/-3364/-3182 
f -2334/-2493/-2327 -2333/-2492/-2326 -2332/-2491/-2325 -2331/-2490/-2324 
f -2330/-2489/-2323 -2747/-2910/-2735 -4989/-2488/-2322 -4986/-2487/-4954 
f -2783/-2946/-2771 -2329/-2486/-2321 -3730/-3899/-3711 -3731/-3900/-3712 
f -2328/-2485/-2320 -2327/-2484/-2319 -4466/-4638/-4438 -2326/-2483/-2318 
f -3369/-3537/-3353 -3151/-3319/-3138 -3152/-3320/-3139 -4405/-4577/-4377 
f -3020/-3185/-3005 -3021/-3186/-3006 -2451/-2610/-2440 -2931/-3096/-2916 
f -2325/-2482/-2317 -2463/-2622/-2450 -3335/-3503/-3319 -2324/-2481/-2316 
f -2695/-2858/-2683 -4845/-5017/-4816 -4846/-5018/-4817 -3815/-3987/-3796 
f -2418/-2577/-2408 -2713/-2876/-2701 -2714/-2877/-2702 -2323/-2480/-2315 
f -5109/-5281/-5077 -2322/-2479/-2314 -2321/-2478/-2313 -5108/-5280/-5076 
f -2671/-2832/-2658 -2320/-2477/-2312 -2319/-2476/-2311 -2330/-2489/-2323 
f -2406/-2565/-2396 -4023/-4195/-3999 -4933/-5105/-4903 -2409/-2568/-2399 
f -2318/-2475/-2310 -4413/-4585/-4385 -2317/-2474/-2309 -2316/-2473/-2308 
f -3303/-3471/-4951 -3910/-4082/-4076 -3431/-3599/-3415 -3430/-3598/-3414 
f -2315/-2472/-2697 -2314/-2471/-2307 -2313/-2470/-2306 -4366/-4538/-4338 
f -3333/-3501/-3317 -3330/-3498/-3314 -2312/-2469/-2305 -2311/-2468/-2304 
f -3603/-3772/-3587 -2310/-2467/-2303 -4498/-4670/-4470 -4499/-4671/-4471 
f -4718/-4890/-4689 -4715/-4887/-4686 -5139/-5311/-5107 -5136/-5308/-5104 
f -4567/-4739/-4538 -4696/-4868/-4667 -4697/-4869/-4668 -5248/-5420/-5216 
f -4959/-5131/-4929 -3371/-3539/-3355 -2309/-2466/-2302 -4962/-5134/-4932 
f -4914/-5086/-4884 -4915/-5087/-4885 -2308/-2465/-2301 -3426/-3594/-3410 
f -2307/-2464/-2300 -2306/-2463/-2299 -2305/-2462/-2298 -3984/-4156/-3961 
f -2304/-2461/-2297 -2303/-2460/-2296 -2302/-2459/-2295 -2301/-2458/-2294 
f -2300/-2457/-2293 -3872/-4044/-3852 -2299/-2456/-2292 -2298/-2455/-2291 
f -2297/-2454/-2290 -4799/-4971/-4770 -2296/-2453/-2289 -2295/-2452/-2288 
f -2294/-2451/-4178 -2293/-2450/-2287 -2292/-2449/-2286 -2291/-2448/-2285 
f -5279/-5451/-5247 -4904/-5076/-4874 -4905/-5077/-4875 -5278/-5450/-5246 
f -2290/-2447/-2284 -2289/-2446/-2283 -4579/-4751/-4550 -2288/-2445/-2282 
f -2287/-2444/-2281 -2286/-2443/-2280 -4469/-4641/-4441 -4470/-4642/-4442 
f -2285/-2442/-2279 -2284/-2441/-2278 -2283/-2440/-2277 -2282/-2439/-2276 
f -4974/-5146/-4942 -2424/-2583/-2414 -2951/-3116/-2936 -2952/-3117/-2937 
f -2281/-2438/-2275 -4397/-4569/-4369 -2425/-2584/-2415 -4971/-5143/-4939 
f -2937/-3102/-2922 -2938/-3103/-2923 -2367/-2526/-2359 -2280/-2437/-2274 
f -4209/-4381/-4183 -5238/-5410/-5206 -2279/-2436/-2273 -3158/-3326/-5182 
f -2278/-2435/-2272 -2277/-2434/-2271 -2276/-2433/-2270 -2275/-2432/-2269 
f -2274/-2431/-2268 -2273/-2430/-2267 -2912/-3077/-2897 -2910/-3075/-2895 
f -2272/-2429/-2266 -3501/-3670/-3485 -2575/-2736/-2562 -2576/-2737/-2563 
f -3083/-3250/-3069 -3082/-3249/-3068 -2271/-2428/-2265 -2270/-2427/-2264 
f -2269/-2426/-2263 -4556/-4728/-4527 -4557/-4729/-4528 -2268/-2425/-2262 
f -3600/-3769/-3584 -3597/-3766/-3581 -5191/-5363/-5159 -3434/-3602/-3418 
f -4661/-4833/-4632 -4662/-4834/-4633 -2267/-2424/-2261 -2266/-2423/-2260 
f -2265/-2422/-2259 -2264/-2421/-2258 -2263/-2420/-2257 -2262/-2419/-2256 
f -2261/-2418/-2255 -2260/-2417/-2254 -2259/-2416/-2253 -2258/-2415/-2252 
f -2257/-2414/-2251 -3949/-4121/-3926 -3558/-3727/-3542 -3559/-3728/-3543 
f -2607/-2768/-2594 -5172/-5344/-5140 -5173/-5345/-5141 -2610/-2771/-2597 
f -2256/-2413/-2250 -2255/-2412/-2249 -2254/-2411/-2248 -2253/-2410/-2247 
f -2252/-2409/-2246 -2251/-2408/-2245 -2250/-2407/-2244 -4916/-5088/-4886 
f -2249/-2406/-2243 -2614/-2775/-2601 -2248/-2405/-2242 -2247/-2404/-2241 
f -2922/-3087/-2907 -3331/-3499/-3315 -2246/-2403/-2240 -2245/-2402/-2239 
f -2244/-2401/-2238 -3575/-3744/-3559 -2243/-2400/-2237 -2555/-2716/-2542 
f -2242/-2399/-2236 -2241/-2398/-2235 -2240/-2397/-2234 -4363/-4535/-4335 
f -2239/-2396/-2233 -2238/-2395/-2232 -4159/-4331/-4134 -2237/-2394/-2231 
f -3214/-3382/-3200 -2236/-2393/-2230 -2377/-2536/-2369 -3213/-3381/-3199 
f -4253/-4425/-4226 -4250/-4422/-4223 -2235/-2392/-2229 -2234/-2391/-2228 
f -2233/-2390/-2227 -2232/-2389/-2226 -2231/-2388/-2225 -2230/-2387/-2224 
f -4478/-4650/-4450 -3091/-2386/-2223 -4124/-4296/-4099 -4477/-4649/-4449 
f -3094/-3262/-3081 -2229/-2385/-2222 -3791/-3963/-3772 -3792/-3964/-3773 
f -5046/-5218/-5014 -2228/-2384/-2221 -2227/-2383/-2220 -2963/-3128/-2948 
f -2226/-2382/-2219 -3370/-3538/-3354 -2225/-2381/-2218 -4525/-4697/-4497 
f -2225/-2381/-2218 -2392/-2551/-2383 -4524/-4696/-4496 -4525/-4697/-4497 
f -3945/-4117/-3923 -2224/-2380/-2217 -3035/-3200/-3020 -3947/-4119/-3925 
f -2223/-2379/-2216 -2222/-2378/-2215 -2221/-2377/-2214 -2698/-2861/-2686 
f -3790/-3962/-3771 -2220/-2376/-2213 -2219/-2375/-2212 -2837/-3002/-2822 
f -3640/-3809/-3622 -3274/-3442/-3259 -3275/-3443/-3260 -2218/-2374/-2211 
f -2217/-2373/-2210 -2216/-2372/-2209 -3646/-3815/-3628 -2215/-2371/-2208 
f -3518/-3687/-3502 -3436/-3604/-3420 -3437/-3605/-3421 -3517/-3686/-3501 
f -2214/-2370/-2207 -4361/-4533/-4333 -2213/-2369/-2206 -2212/-2368/-2205 
f -2211/-2367/-2204 -2210/-2366/-2203 -2209/-2365/-2202 -2208/-2364/-2201 
f -4170/-4342/-4145 -3356/-3524/-3340 -2207/-2363/-2200 -4169/-4341/-4144 
f -2355/-2514/-2347 -3263/-3431/-3248 -3264/-3432/-3249 -3599/-3768/-3583 
f -4176/-4348/-4151 -2767/-2930/-2755 -2350/-2509/-2342 -4175/-4347/-4150 
f -2594/-2755/-2581 -2206/-2362/-2199 -2205/-2361/-2198 -2597/-2758/-2584 
f -2204/-2360/-2197 -4106/-4278/-4082 -2203/-2359/-2196 -4977/-5149/-4945 
f -5253/-5425/-5221 -2202/-2358/-2195 -2201/-2357/-2194 -5252/-5424/-5220 
f -4713/-4885/-4684 -2200/-2356/-2193 -3722/-3891/-3703 -3372/-3540/-3356 
f -2199/-2355/-2192 -3308/-3476/-3292 -3309/-3477/-3293 -2198/-2354/-2191 
f -2197/-2353/-2190 -2196/-2352/-2189 -4746/-4918/-4717 -4747/-4919/-4718 
f -4658/-4830/-4629 -4979/-5151/-4947 -4980/-5152/-4948 -4657/-4829/-4628 
f -2195/-2351/-2188 -2194/-2350/-2187 -2193/-2349/-2186 -2192/-2348/-2185 
f -3052/-3217/-3037 -2191/-2347/-2184 -2190/-2346/-2183 -2189/-2345/-2182 
f -5207/-5379/-5175 -5204/-5376/-5172 -3975/-4147/-3952 -3976/-4148/-3953 
f -4717/-4889/-4688 -4718/-4890/-4689 -4109/-4281/-4085 -2838/-3003/-2823 
f -2188/-2344/-2181 -2364/-2523/-2356 -2187/-2343/-2180 -2186/-2342/-2179 
f -2185/-2341/-2178 -4023/-4195/-3999 -2406/-2565/-2396 -2184/-2340/-2177 
f -5201/-5373/-5169 -4309/-4481/-4281 -2183/-2339/-2176 -2182/-2338/-2175 
f -2670/-2337/-2657 -4986/-5158/-4954 -4987/-5159/-4955 -3554/-3723/-3538 
f -2181/-2336/-2174 -2180/-2335/-2173 -4386/-4558/-4358 -3231/-3399/-3217 
f -2179/-2334/-2172 -2178/-2333/-2171 -4830/-5002/-4801 -4831/-5003/-4802 
f -2177/-2332/-2170 -2176/-2331/-2169 -2778/-2941/-2766 -2175/-2330/-2168 
f -2174/-2329/-2167 -2173/-2328/-2166 -2172/-2327/-2165 -2171/-2326/-2164 
f -5109/-5281/-5077 -2170/-2325/-2163 -4218/-4390/-4192 -2322/-2479/-2314 
f -2169/-2324/-2162 -2168/-2323/-2161 -3388/-3556/-3372 -3389/-3557/-3373 
f -2167/-2322/-2160 -2166/-2321/-2159 -4877/-5049/-4848 -2205/-2361/-2198 
f -2165/-2320/-2158 -2164/-2319/-2157 -2163/-2318/-2156 -2162/-2317/-2155 
f -2161/-2316/-2154 -2160/-2315/-2153 -4595/-4767/-4566 -2159/-2314/-2152 
f -2158/-2313/-2151 -2157/-2312/-2150 -3288/-3456/-3273 -2156/-2311/-2149 
f -4340/-4512/-4312 -2155/-2310/-2148 -2154/-2309/-2147 -2153/-2308/-2146 
f -2152/-2307/-2145 -2151/-2306/-2144 -2150/-2305/-2143 -2149/-2304/-2142 
f -2148/-2303/-2141 -2147/-2302/-2140 -2592/-2753/-2579 -2146/-2301/-2139 
f -2958/-3123/-2943 -2955/-3120/-2940 -2145/-2300/-2138 -2144/-2299/-2137 
f -2143/-2298/-2136 -2142/-2297/-2135 -2141/-2296/-2134 -2140/-2295/-2133 
f -2139/-2294/-2132 -2138/-2293/-2131 -2926/-3091/-2911 -2927/-3092/-2912 
f -3822/-3994/-3803 -2137/-2292/-2130 -2136/-2291/-2129 -2135/-2290/-2128 
f -2134/-2289/-2127 -2456/-2615/-2445 -5257/-5429/-5225 -2133/-2288/-2126 
f -2441/-2600/-2431 -3928/-4100/-3906 -3929/-4101/-3907 -2264/-2421/-2258 
f -2132/-2287/-2125 -2242/-2399/-2236 -4363/-4535/-4335 -4364/-4536/-4336 
f -3768/-3938/-3749 -5208/-5380/-5176 -2840/-3005/-2825 -2629/-2790/-2616 
f -5044/-5216/-5012 -3304/-3472/-3288 -3305/-3473/-3289 -5043/-5215/-5011 
f -2131/-2286/-2124 -2130/-2285/-2123 -2129/-2284/-2122 -2128/-2283/-2121 
f -5009/-5181/-4977 -5006/-5178/-4974 -2559/-2720/-2546 -2127/-2282/-2120 
f -2126/-2281/-2119 -2538/-2697/-2524 -2687/-2850/-2675 -2125/-2280/-2118 
f -3857/-4029/-3837 -4740/-4912/-4711 -5091/-5263/-5059 -2124/-2279/-2117 
f -4681/-4853/-4652 -4391/-4563/-4363 -4392/-4564/-4364 -3556/-3725/-3540 
f -2123/-2278/-2116 -4049/-4221/-4025 -4050/-4222/-4026 -2122/-2277/-2115 
f -4918/-5090/-4888 -2121/-2276/-2114 -2120/-2275/-2113 -4917/-5089/-4887 
f -2119/-2274/-2112 -2263/-2420/-2257 -2118/-2273/-2111 -2117/-2272/-2110 
f -2732/-2895/-2720 -2116/-2271/-2109 -4758/-4930/-4729 -4759/-4931/-4730 
f -2379/-2538/-2371 -2377/-2536/-2369 -2115/-2270/-2108 -2114/-2269/-2107 
f -4168/-4340/-4143 -2113/-2268/-2106 -4093/-4265/-4069 -4167/-4339/-4142 
f -2600/-2761/-2587 -2684/-2847/-2672 -2790/-2953/-2777 -2791/-2954/-2778 
f -2643/-2804/-2630 -2286/-2443/-2280 -2287/-2444/-2281 -2642/-2803/-2629 
f -2112/-2267/-2105 -2396/-2555/-2387 -2397/-2556/-2388 -2111/-2266/-4715 
f -2110/-2265/-2104 -2834/-2999/-2819 -2109/-2264/-2103 -2108/-2263/-2102 
f -2495/-2654/-2482 -2492/-2651/-2479 -2107/-2262/-2101 -3040/-3205/-3025 
f -2106/-2261/-2100 -2105/-2260/-2099 -3572/-3741/-3556 -3569/-3738/-3553 
f -2233/-2390/-2227 -2104/-2259/-2098 -4210/-4382/-4184 -2232/-2389/-2226 
f -2103/-2258/-2097 -5015/-5187/-4983 -5016/-5188/-4984 -4558/-4730/-4529 
f -3326/-3494/-3310 -4946/-5118/-4916 -2102/-2257/-2096 -3329/-3497/-3313 
f -2101/-2256/-2095 -4015/-4187/-3991 -4016/-4188/-3992 -2100/-2255/-2094 
f -2099/-2254/-2093 -4256/-4428/-4229 -2098/-2253/-2092 -2097/-2252/-2091 
f -2928/-3093/-2913 -2096/-2251/-2090 -2095/-2250/-2089 -2094/-2249/-2088 
f -3904/-4076/-3884 -4349/-4521/-4321 -2093/-2248/-2087 -3030/-3195/-3015 
f -2092/-2247/-2086 -3036/-3201/-3021 -2091/-2246/-2085 -2090/-2245/-2084 
f -2089/-2244/-2083 -2088/-2243/-2082 -2087/-2242/-2081 -2086/-2241/-2080 
f -2497/-2656/-2484 -2085/-2240/-2079 -4615/-4787/-4586 -4616/-4788/-4587 
f -2084/-2239/-2078 -5087/-5259/-5055 -2083/-2238/-2077 -2082/-2237/-2076 
f -2081/-2236/-2075 -4231/-4403/-4204 -3934/-4106/-3912 -3935/-4107/-3913 
f -2080/-2235/-2074 -2079/-2234/-2073 -2078/-2233/-2072 -2077/-2232/-2071 
f -2277/-2434/-2271 -2076/-2231/-2070 -2075/-2230/-2069 -2276/-2433/-2270 
f -2074/-2229/-2068 -5105/-5277/-5073 -2073/-2228/-2067 -2072/-2227/-2066 
f -4580/-2226/-4551 -2071/-2225/-2065 -2070/-2224/-2064 -4929/-2223/-4899 
f -2069/-2222/-2063 -3309/-3477/-3293 -3306/-3474/-3290 -2068/-2221/-2062 
f -4440/-4612/-4412 -4648/-4820/-4619 -4649/-4821/-4620 -4196/-4368/-4171 
f -2744/-2907/-2732 -2856/-2220/-2061 -4836/-2219/-4807 -2743/-2906/-2731 
f -2657/-2818/-2644 -2067/-2218/-2060 -4642/-4814/-4613 -4643/-4815/-4614 
f -2066/-2217/-2059 -2136/-2291/-2129 -2065/-2216/-2058 -2064/-2215/-2057 
f -2867/-3032/-2852 -4998/-5170/-4966 -2063/-2214/-2056 -2062/-2213/-2055 
f -2061/-2212/-2054 -2060/-2211/-2053 -2059/-2210/-2052 -4801/-4973/-4772 
f -2058/-2209/-2051 -2057/-2208/-2050 -2056/-2207/-2049 -2055/-2206/-2048 
f -4283/-4455/-4256 -2054/-2205/-2047 -2053/-2204/-2046 -2052/-2203/-2045 
f -4872/-5044/-4843 -3946/-4118/-3924 -3582/-3751/-3566 -4871/-5043/-4842 
f -2051/-2202/-2044 -2050/-2201/-2043 -2049/-2200/-2042 -2048/-2199/-2041 
f -2047/-2198/-2040 -2046/-2197/-2039 -2045/-2196/-2038 -2044/-2195/-2037 
f -4115/-4287/-4090 -2043/-2194/-2036 -2042/-2193/-2035 -4114/-4286/-5152 
f -2041/-2192/-2034 -2173/-2328/-2166 -3745/-3914/-3726 -3742/-3911/-3723 
f -3350/-3518/-3334 -2861/-3026/-2846 -2473/-2632/-2460 -3349/-3517/-3333 
f -2040/-2191/-2033 -3259/-3427/-3244 -5113/-5285/-5081 -5110/-5282/-5078 
f -2039/-2190/-2032 -2611/-2772/-2598 -2956/-3121/-2941 -4054/-4226/-4030 
f -2038/-2189/-2031 -3406/-3574/-3390 -3407/-3575/-3391 -3017/-3182/-3002 
f -2037/-2188/-2030 -2036/-2187/-2029 -2768/-2931/-2756 -2035/-2186/-2028 
f -2405/-2564/-2395 -4965/-5137/-4934 -4966/-5138/-4935 -2034/-2185/-2027 
f -2914/-3079/-2899 -2033/-2184/-2026 -2032/-2183/-2025 -2031/-2182/-2024 
f -3820/-3992/-3801 -3465/-3633/-3449 -2030/-2181/-2023 -2029/-2180/-2022 
f -2073/-2228/-2067 -5105/-5277/-5073 -5102/-5274/-5070 -4708/-4880/-4679 
f -3713/-3882/-3694 -2845/-3010/-2830 -4178/-4350/-4153 -3712/-3881/-3693 
f -2028/-2179/-2021 -2027/-2178/-2020 -2026/-2177/-2019 -2025/-2176/-2018 
f -3237/-3405/-3223 -2024/-2175/-2017 -3187/-2174/-3173 -3236/-3404/-3222 
f -2117/-2272/-2110 -2463/-2622/-2450 -2325/-2482/-2317 -2023/-2173/-2016 
f -2022/-2172/-2015 -3124/-3292/-3111 -4427/-4599/-4399 -4424/-4596/-4396 
f -4325/-4497/-4297 -4737/-4909/-4708 -4738/-4910/-4709 -4328/-4500/-4300 
f -2021/-2171/-2014 -4085/-4257/-4061 -2020/-2170/-2013 -2019/-2169/-2012 
f -2018/-2168/-2011 -2017/-2167/-2010 -3696/-3865/-3677 -4018/-4190/-3994 
f -4764/-4936/-4735 -4109/-4281/-4085 -4108/-4280/-4084 -4763/-4935/-4734 
f -2016/-2166/-2009 -2015/-2165/-2008 -2014/-2164/-2007 -2013/-2163/-2006 
f -2012/-2162/-2005 -3362/-3530/-3346 -3363/-3531/-3347 -2011/-2161/-2004 
f -2010/-2160/-2003 -2574/-2735/-2561 -2575/-2736/-2562 -2009/-2159/-2002 
f -2008/-2158/-2001 -3545/-3714/-3529 -2838/-3003/-2823 -2007/-2157/-2000 
f -3924/-4096/-3902 -2006/-2156/-1999 -4876/-5048/-4847 -3923/-4095/-3901 
f -3994/-4166/-3971 -4157/-4329/-4132 -4158/-4330/-4133 -3012/-3177/-2997 
f -2456/-2615/-2445 -2134/-2289/-2127 -2338/-2497/-2330 -2524/-2683/-2510 
f -2005/-2155/-1998 -2004/-2154/-1997 -4509/-4681/-4481 -4510/-4682/-4482 
f -3450/-3618/-3434 -3451/-3619/-3435 -3856/-4028/-3836 -3853/-4025/-3833 
f -2003/-2153/-1996 -2947/-3112/-2932 -4417/-4589/-4389 -4415/-4587/-4387 
f -2002/-2152/-1995 -2001/-2151/-1994 -5192/-5364/-5160 -5193/-5365/-5161 
f -2000/-2150/-1993 -2412/-2571/-2402 -2413/-2572/-2403 -1999/-2149/-1992 
f -2568/-2729/-2555 -4388/-4560/-4360 -2882/-3047/-2867 -2339/-2498/-2331 
f -5247/-5419/-5215 -1998/-2148/-1991 -3163/-3331/-3149 -3706/-3875/-3687 
f -5253/-5425/-5221 -2128/-2283/-2121 -1997/-2147/-1990 -2202/-2358/-2195 
f -2691/-2854/-2679 -2692/-2855/-2680 -5199/-5371/-5167 -3411/-3579/-3395 
f -1996/-2146/-1989 -3940/-4112/-3918 -3941/-4113/-3919 -3748/-3917/-3729 
f -1995/-2145/-1988 -2468/-2627/-2455 -1994/-2144/-1987 -1993/-2143/-1986 
f -1992/-2142/-1985 -1991/-2141/-1984 -4095/-4267/-4071 -1990/-2140/-2372 
f -1989/-2139/-1983 -4313/-4485/-4285 -5163/-5335/-5131 -1988/-2138/-1982 
f -1987/-2137/-1981 -1986/-2136/-1980 -1985/-2135/-1979 -1984/-2134/-1978 
f -1983/-2133/-1977 -1982/-2132/-1976 -4628/-4800/-4599 -3716/-3885/-3697 
f -1981/-2131/-1975 -2271/-2428/-2265 -3082/-3249/-3068 -1980/-2130/-1974 
f -2092/-2247/-2086 -1979/-2129/-1973 -3039/-3204/-3024 -3036/-3201/-3021 
f -2294/-2451/-4178 -2976/-3141/-2961 -4360/-4532/-4332 -1978/-2128/-1972 
f -5049/-5221/-5017 -3058/-3225/-3044 -4039/-4211/-4015 -5048/-5220/-5016 
f -3484/-3653/-3468 -1977/-2127/-1971 -1976/-2126/-1970 -2831/-2996/-2817 
f -2998/-3163/-2983 -4435/-4607/-4407 -4432/-4604/-4404 -1975/-2125/-1969 
f -1974/-2124/-1968 -1973/-2123/-1967 -4704/-4876/-4675 -4705/-4877/-4676 
f -4474/-4646/-4446 -3650/-2122/-3632 -4282/-4454/-4255 -4473/-4645/-4445 
f -2493/-2652/-2480 -4141/-4313/-4116 -3226/-3394/-3212 -1972/-2121/-1966 
f -3729/-3898/-3710 -3727/-3896/-3708 -1971/-2120/-1965 -1970/-2119/-1964 
f -4892/-5064/-4862 -2710/-2873/-2698 -2711/-2874/-2699 -5265/-5437/-5233 
f -3194/-3362/-3180 -2980/-3145/-2965 -2981/-3146/-2966 -4739/-4911/-4710 
f -4377/-4549/-4349 -1969/-2118/-1963 -3993/-4165/-3970 -1968/-2117/-1962 
f -4206/-4378/-4181 -4207/-4379/-4182 -3503/-3672/-3487 -1967/-2116/-1961 
f -4300/-4472/-4272 -2920/-3085/-2905 -1966/-2115/-1960 -4299/-4471/-4271 
f -4592/-4764/-4563 -3098/-3266/-3085 -1965/-2114/-1959 -1964/-2113/-1958 
f -1963/-2112/-1957 -1962/-2111/-1956 -1961/-2110/-1955 -1960/-2109/-1954 
f -1959/-2108/-1953 -1958/-2107/-1952 -1957/-2106/-1951 -1956/-2105/-1950 
f -4241/-4413/-4214 -1955/-2104/-1949 -1954/-2103/-1948 -4240/-4412/-4213 
f -1953/-2102/-1947 -1952/-2101/-1946 -1951/-2100/-1945 -1950/-2099/-1944 
f -1949/-2098/-1943 -1948/-2097/-1942 -4179/-4351/-4154 -4180/-4352/-4155 
f -4340/-4512/-4312 -2153/-2308/-2146 -2447/-2606/-2436 -4339/-4511/-4311 
f -3728/-3897/-3709 -5179/-5351/-5147 -1947/-2096/-1941 -2975/-3140/-2960 
f -3537/-3706/-3521 -4517/-4689/-4489 -1946/-2095/-1940 -3539/-3708/-3523 
f -2342/-2501/-2334 -2341/-2500/-2333 -1945/-2094/-1939 -1944/-2093/-1938 
f -5112/-5284/-5080 -3541/-3710/-3525 -1943/-2092/-1937 -4394/-4566/-4366 
f -1942/-2091/-1936 -1941/-2090/-1935 -1940/-2089/-1934 -1939/-2088/-1933 
f -1938/-2087/-1932 -4824/-4996/-4795 -1937/-2086/-1931 -4465/-4637/-4437 
f -3847/-4019/-3827 -3798/-3970/-3779 -3799/-3971/-3780 -3413/-3581/-3397 
f -1936/-2085/-1930 -1935/-2084/-1929 -2974/-3139/-2959 -4774/-4946/-4745 
f -3801/-3973/-3782 -1934/-2083/-1928 -1933/-2082/-1927 -3800/-3972/-3781 
f -2087/-2242/-2081 -4332/-4504/-4304 -1932/-2081/-1926 -2086/-2241/-2080 
f -1931/-2080/-1925 -1930/-2079/-1924 -2741/-2904/-2729 -2742/-2905/-2730 
f -1929/-2078/-1923 -1928/-2077/-1922 -1927/-2076/-1921 -1926/-2075/-1920 
f -3748/-3917/-3729 -3749/-3918/-3730 -5028/-5200/-4996 -5029/-5201/-4997 
f -4261/-4433/-4234 -1925/-2074/-1919 -3300/-3468/-3285 -4260/-4432/-4233 
f -1924/-2073/-1918 -3120/-3288/-3107 -4949/-5121/-4919 -1923/-2072/-1917 
f -3256/-3424/-3242 -3257/-3425/-3635 -2950/-3115/-2935 -1922/-2071/-1916 
f -2322/-2479/-2314 -3986/-4158/-3963 -3593/-3762/-3577 -2321/-2478/-2313 
f -1921/-2070/-1915 -1920/-2069/-3534 -1919/-2068/-1914 -1918/-2067/-1913 
f -3377/-3545/-3361 -1917/-2066/-1912 -1916/-2065/-1911 -3376/-3544/-3360 
f -3437/-3605/-3421 -1915/-2064/-1910 -2653/-2814/-2640 -3517/-3686/-3501 
f -4554/-4726/-4525 -3974/-4146/-3951 -1914/-2063/-1909 -3068/-3235/-3054 
f -1913/-2062/-1908 -3046/-3211/-3031 -1912/-2061/-1907 -2793/-2956/-2780 
f -1911/-2060/-1906 -4705/-4877/-4676 -4706/-4878/-4677 -4222/-4394/-4419 
f -5081/-5253/-5049 -5078/-5250/-5046 -1910/-2059/-1905 -1909/-2058/-1904 
f -3144/-3312/-3131 -3488/-3657/-3472 -2351/-2057/-2343 -2352/-2056/-1903 
f -5038/-5210/-5006 -1908/-2055/-1902 -1907/-2054/-1901 -5041/-5213/-5009 
f -3158/-3326/-5182 -2034/-2185/-2027 -5213/-5385/-5181 -5214/-5386/-5182 
f -2919/-3084/-2904 -2916/-3081/-2901 -4907/-5079/-4877 -4908/-5080/-4878 
f -5325/-5497/-5292 -1906/-2053/-1900 -2602/-2763/-2589 -4945/-5117/-4915 
f -3540/-3709/-3524 -1905/-2052/-1899 -1904/-2051/-1898 -3541/-3710/-3525 
f -1903/-2050/-1897 -2716/-2879/-2704 -1902/-2049/-1896 -1901/-2048/-1895 
f -1900/-2047/-1894 -1899/-2046/-1893 -1898/-2045/-1892 -1897/-2044/-1891 
f -2355/-2514/-2347 -3599/-3768/-3583 -3600/-3769/-3584 -3432/-3600/-3416 
f -2429/-2043/-1890 -3654/-3823/-3636 -1896/-2042/-1889 -2428/-2041/-2418 
f -2830/-2995/-2816 -4504/-4676/-4476 -4505/-4677/-4477 -2829/-2994/-2815 
f -1895/-2040/-1888 -1894/-2039/-1887 -3446/-3614/-3430 -3447/-3615/-3431 
f -3676/-3845/-3658 -2858/-3023/-2843 -1893/-2038/-1886 -3675/-3844/-3657 
f -1892/-2037/-1885 -1891/-2036/-1884 -3672/-3841/-3654 -3673/-3842/-3655 
f -4194/-4366/-4169 -4619/-4791/-4590 -1890/-2035/-1883 -1889/-2034/-1882 
f -1888/-2033/-1881 -1887/-2032/-1880 -1886/-2031/-1879 -3777/-2030/-3758 
f -1885/-2029/-1878 -5134/-5306/-5102 -5135/-5307/-5103 -4533/-4705/-4505 
f -1884/-2028/-1877 -1883/-2027/-1876 -1882/-2026/-1875 -5341/-5513/-5308 
f -3198/-3366/-3184 -3195/-3363/-3181 -3738/-3907/-3719 -1881/-2025/-1874 
f -3317/-3485/-3301 -1880/-2024/-1873 -4080/-4252/-4056 -3316/-3484/-3300 
f -1879/-2023/-1872 -1878/-2022/-1871 -2143/-2298/-2136 -1877/-2021/-1870 
f -2654/-2815/-2641 -3327/-3495/-3311 -1876/-2020/-1869 -3516/-3685/-3500 
f -4653/-4825/-4624 -4603/-4775/-4574 -4604/-4776/-4575 -2556/-2717/-2543 
f -3692/-3861/-3674 -1875/-2019/-3747 -1874/-2018/-1868 -3691/-3860/-3673 
f -4515/-4687/-4487 -4516/-4688/-4488 -1873/-2017/-1867 -1872/-2016/-1866 
f -2530/-2689/-2516 -2648/-2809/-2635 -1871/-2015/-1865 -1916/-2065/-1911 
f -1870/-2014/-1864 -1869/-2013/-1863 -1868/-2012/-1862 -1867/-2011/-1861 
f -3920/-4092/-3898 -3921/-4093/-3899 -2824/-2989/-2810 -1866/-2010/-1860 
f -1943/-2092/-1937 -1865/-2009/-1859 -3014/-3179/-2999 -4394/-4566/-4366 
f -1864/-2008/-1858 -4193/-4365/-4168 -1863/-2007/-1857 -1862/-2006/-1856 
f -1861/-2005/-1855 -1860/-2004/-1854 -5339/-5511/-5306 -5340/-5512/-5307 
f -1859/-2003/-1853 -1858/-2002/-1852 -1857/-2001/-1851 -1894/-2039/-1887 
f -3445/-3613/-3429 -3446/-3614/-3430 -1856/-2000/-1850 -1855/-1999/-1849 
f -4251/-4423/-4224 -4252/-4424/-4225 -1854/-1998/-1848 -1853/-1997/-1847 
f -5303/-5475/-5270 -3423/-3591/-3407 -5249/-5421/-5217 -5306/-5478/-5273 
f -1852/-1996/-1846 -1851/-1995/-1845 -1850/-1994/-1844 -1849/-1993/-1843 
f -2445/-2604/-2434 -3730/-3899/-3711 -2329/-2486/-2321 -2444/-2603/-5161 
f -2010/-2160/-2003 -2009/-2159/-2002 -2680/-2843/-2668 -3417/-3585/-3401 
f -2300/-2457/-2293 -1848/-1992/-1842 -3875/-4047/-3855 -3872/-4044/-3852 
f -3299/-3467/-3284 -1847/-1991/-1841 -2108/-2263/-2102 -2109/-2264/-2103 
f -3649/-3818/-3631 -5183/-5355/-5151 -5180/-5352/-5148 -3648/-3817/-3630 
f -3769/-3939/-3750 -3770/-3940/-3751 -3128/-3296/-3115 -2899/-3064/-2884 
f -2553/-2714/-2540 -1846/-1990/-1840 -1845/-1989/-1839 -1844/-1988/-1838 
f -2467/-2626/-2454 -2468/-2627/-2455 -1995/-2145/-1988 -1843/-1987/-1837 
f -3009/-3174/-2994 -3219/-3387/-3205 -1842/-1986/-1836 -3103/-3271/-3090 
f -1841/-1985/-1835 -1840/-1984/-1834 -1839/-1983/-1833 -1838/-1982/-1832 
f -4969/-5141/-4938 -4970/-5142/-5042 -5165/-5337/-5133 -5166/-5338/-5134 
f -1837/-1981/-1831 -1836/-1980/-1830 -1835/-1979/-1829 -1834/-1978/-1828 
f -1998/-2148/-1991 -4371/-4543/-4343 -1833/-1977/-1827 -1832/-1976/-1826 
f -1831/-1975/-1825 -1830/-1974/-1824 -1829/-1973/-1823 -4070/-4242/-4046 
f -1828/-1972/-1822 -1827/-1971/-1821 -1941/-2090/-1935 -1942/-2091/-1936 
f -4291/-4463/-4263 -4292/-4464/-4264 -2842/-3007/-2827 -1826/-1970/-1820 
f -1825/-1969/-1819 -1824/-1968/-1818 -1823/-1967/-1817 -1822/-1966/-1816 
f -1821/-1965/-1815 -1820/-1964/-1814 -1819/-1963/-1813 -1818/-1962/-1812 
f -1817/-1961/-1811 -1816/-1960/-1810 -1815/-1959/-1809 -1814/-1958/-1808 
f -1813/-1957/-1807 -1812/-1956/-1806 -2251/-2408/-2245 -2252/-2409/-2246 
f -4116/-4288/-4091 -4849/-5021/-4820 -4850/-5022/-4821 -2520/-2679/-2506 
f -1811/-1955/-1805 -3135/-3303/-3122 -3136/-3304/-3123 -1810/-1954/-1804 
f -1851/-1995/-1845 -2897/-3062/-2882 -2898/-3063/-2883 -1809/-1953/-1803 
f -4724/-4896/-4695 -3321/-3489/-3305 -3318/-3486/-3302 -1808/-1952/-1802 
f -4675/-4847/-4646 -4672/-4844/-4643 -1807/-1951/-1801 -1806/-1950/-1800 
f -1805/-1949/-1799 -1804/-1948/-1798 -1803/-1947/-1797 -1802/-1946/-1796 
f -2620/-2781/-2607 -2975/-3140/-2960 -1947/-2096/-1941 -2619/-2780/-2606 
f -3390/-3558/-3374 -1801/-1945/-1795 -1800/-1944/-1794 -3389/-3557/-3373 
f -4845/-5017/-4816 -2695/-2858/-2683 -4769/-4941/-4740 -4770/-4942/-4741 
f -1799/-1943/-1793 -2158/-2313/-2151 -2156/-2311/-2149 -4680/-4852/-4651 
f -3026/-3191/-3011 -1798/-1942/-1792 -1797/-1941/-1791 -3025/-3190/-3010 
f -1796/-1940/-1790 -1795/-1939/-1789 -1794/-1938/-1788 -1793/-1937/-1787 
f -2535/-2694/-2521 -2536/-2695/-2522 -1792/-1936/-1786 -1791/-1935/-1785 
f -3413/-3581/-3397 -3414/-3582/-3398 -3846/-4018/-3826 -3847/-4019/-3827 
f -3364/-3532/-3348 -1790/-1934/-1784 -1789/-1933/-1783 -2784/-2947/-2772 
f -3058/-3225/-3044 -3115/-3283/-3102 -2923/-3088/-2908 -2901/-3066/-2886 
f -2077/-2232/-2071 -2078/-2233/-2072 -1788/-1932/-1782 -1787/-1931/-1781 
f -5108/-5280/-5076 -2321/-2478/-2313 -4105/-4277/-4081 -1786/-1930/-1780 
f -1785/-1929/-1779 -1784/-1928/-1778 -4702/-4874/-4673 -3272/-3440/-3257 
f -4954/-5126/-4924 -4951/-5123/-4921 -1783/-1927/-1777 -1782/-1926/-3299 
f -1781/-1925/-1776 -1780/-1924/-1775 -2477/-2636/-2464 -1779/-1923/-1774 
f -1778/-1922/-1773 -1777/-1921/-1772 -1776/-1920/-1771 -4512/-4684/-4484 
f -5085/-5257/-5053 -1775/-1919/-1770 -3578/-3747/-3562 -5084/-5256/-5052 
f -1774/-1918/-1769 -1773/-1917/-1768 -1772/-1916/-1767 -1771/-1915/-1766 
f -1770/-1914/-1765 -1769/-1913/-1764 -1768/-1912/-1763 -3221/-3389/-3207 
f -1767/-1911/-1762 -4875/-5047/-4846 -4876/-5048/-4847 -2006/-2156/-1999 
f -5046/-5218/-5014 -2963/-3128/-2948 -3114/-3282/-3101 -5049/-5221/-5017 
f -1766/-1910/-1761 -1765/-1909/-1760 -3589/-3758/-3573 -3263/-3431/-3248 
f -1814/-1958/-1808 -1764/-1908/-1759 -1763/-1907/-1758 -5274/-5446/-5242 
f -5025/-5197/-4993 -4640/-4812/-4611 -4641/-4813/-4612 -4422/-4594/-4394 
f -1762/-1906/-1757 -2301/-2458/-2294 -2302/-2459/-2295 -1761/-1905/-1756 
f -1760/-1904/-1755 -1759/-1903/-1754 -2185/-2341/-2178 -2184/-2340/-2177 
f -1758/-1902/-1753 -3049/-3214/-3034 -1757/-1901/-1752 -1756/-1900/-1751 
f -2228/-2384/-2221 -5046/-5218/-5014 -5047/-5219/-5015 -1755/-1899/-1750 
f -2387/-2546/-2378 -4670/-4842/-4641 -4671/-4843/-4642 -1754/-1898/-1749 
f -2204/-2360/-2197 -1786/-1930/-1780 -4105/-4277/-4081 -4106/-4278/-4082 
f -2220/-2376/-2213 -3790/-3962/-3771 -3791/-3963/-3772 -1753/-1897/-1748 
f -2997/-3162/-2982 -2994/-3159/-2979 -1752/-1896/-1747 -1751/-1895/-1746 
f -2518/-2677/-2504 -2757/-2920/-2745 -2758/-2921/-2746 -1750/-1894/-1745 
f -1749/-1893/-1744 -4418/-4590/-4390 -4419/-4591/-4391 -1748/-1892/-1743 
f -5089/-5261/-5057 -1795/-1939/-1789 -1796/-1940/-1790 -5088/-5260/-5056 
f -1747/-1891/-1742 -2389/-2548/-2380 -5229/-5401/-5197 -5230/-5402/-5198 
f -1746/-1890/-1741 -3537/-3706/-3521 -3538/-3707/-3522 -2686/-2849/-2674 
f -1959/-2108/-1953 -1745/-1889/-1740 -3623/-3792/-3606 -1744/-1888/-1739 
f -1743/-1887/-1738 -4036/-4208/-4012 -4033/-4205/-4009 -2316/-2473/-2308 
f -4445/-4617/-4417 -1742/-1886/-1737 -1741/-1885/-1736 -4444/-4616/-4416 
f -4267/-4439/-4240 -4264/-4436/-4237 -3956/-4128/-3933 -3262/-3430/-3247 
f -2104/-2259/-2098 -2187/-2343/-2180 -2364/-2523/-2356 -2361/-2520/-2353 
f -1740/-1884/-1735 -1739/-1883/-1734 -3912/-4084/-3890 -3362/-3530/-3346 
f -2962/-3127/-2947 -4728/-4900/-4699 -2745/-2908/-2733 -3797/-3969/-3778 
f -4406/-4578/-4378 -1738/-1882/-1733 -3936/-4108/-3914 -3937/-4109/-3915 
f -1737/-1881/-1732 -2122/-2277/-2115 -4050/-4222/-4026 -2781/-2944/-2769 
f -4525/-4697/-4497 -4526/-4698/-4498 -1997/-2147/-1990 -2226/-2382/-2219 
f -2010/-2160/-2003 -3417/-3585/-3401 -3418/-3586/-3402 -1736/-1880/-1731 
f -4115/-4287/-4090 -4112/-4284/-4088 -2483/-2642/-2470 -1735/-1879/-1730 
f -1734/-1878/-1729 -1733/-1877/-1728 -1732/-1876/-1727 -1731/-1875/-1726 
f -1945/-2094/-1939 -1730/-1874/-1725 -1729/-1873/-2333 -1944/-2093/-1938 
f -1795/-1939/-1789 -3845/-4017/-3825 -3846/-4018/-3826 -1794/-1938/-1788 
f -4584/-4756/-4555 -1728/-1872/-1724 -1727/-1871/-1723 -1726/-1870/-2358 
f -1725/-1869/-1722 -4532/-4704/-4504 -4529/-4701/-4501 -4374/-4546/-4346 
f -4375/-4547/-4347 -4376/-4548/-4348 -1724/-1868/-1721 -1723/-1867/-1720 
f -2000/-2150/-1993 -3087/-3254/-3073 -3084/-3251/-3070 -2412/-2571/-2402 
f -2533/-2692/-2519 -2530/-2689/-2516 -1916/-2065/-1911 -1917/-2066/-1912 
f -1722/-1866/-1719 -1721/-1865/-1718 -1720/-1864/-1717 -3201/-3369/-3187 
f -3991/-4163/-3968 -1719/-1863/-1716 -1718/-1862/-1715 -4245/-4417/-4218 
f -4519/-4691/-4491 -4520/-4692/-4492 -1717/-1861/-1714 -1716/-1860/-1713 
f -1715/-1859/-1712 -1714/-1858/-1711 -1713/-1857/-1710 -1712/-1856/-1709 
f -1711/-1855/-1708 -1710/-1854/-1707 -1709/-1853/-1706 -1708/-1852/-1705 
f -3585/-3754/-3569 -1707/-1851/-1704 -1706/-1850/-1703 -1705/-1849/-1702 
f -1704/-1848/-1701 -2004/-2154/-1997 -2005/-2155/-1998 -1703/-1847/-1700 
f -3723/-3892/-3704 -3724/-3893/-3705 -1702/-1846/-1699 -1701/-1845/-1698 
f -2325/-2482/-2317 -2324/-2481/-2316 -1700/-1844/-1697 -4539/-4711/-4511 
f -1699/-1843/-1696 -1698/-1842/-1695 -1697/-1841/-1694 -1696/-1840/-1693 
f -2912/-3077/-2897 -4311/-4483/-4283 -4383/-4555/-4355 -4384/-4556/-4356 
f -3568/-3737/-3552 -2053/-2204/-2046 -3733/-3902/-3714 -3734/-3903/-3715 
f -5180/-5352/-5148 -2551/-2712/-2538 -2552/-2713/-2539 -3648/-3817/-3630 
f -1695/-1839/-1692 -1694/-1838/-1691 -1693/-1837/-1690 -1692/-1836/-1689 
f -3238/-3406/-3224 -3522/-1835/-1688 -4358/-1834/-4330 -3237/-3405/-3223 
f -2917/-3082/-2902 -2918/-3083/-2903 -2560/-2721/-2547 -2636/-2797/-2623 
f -3797/-3969/-3778 -3794/-3966/-3775 -2779/-2942/-2767 -2962/-3127/-2947 
f -1691/-1833/-1687 -4382/-4554/-4354 -4775/-4947/-4746 -4772/-4944/-4743 
f -1690/-1832/-1686 -1689/-1831/-1685 -2502/-2661/-4553 -4957/-5129/-4927 
f -1688/-1830/-1684 -1687/-1829/-1683 -1686/-1828/-1682 -1685/-1827/-1681 
f -1684/-1826/-1680 -1683/-1825/-1679 -2193/-2349/-2186 -1682/-1824/-1678 
f -3139/-3307/-3126 -4320/-4492/-4292 -4321/-4493/-4293 -3142/-3310/-3129 
f -4901/-5073/-4871 -1681/-1823/-1677 -2363/-2522/-2355 -4900/-5072/-4870 
f -4779/-4951/-4750 -2966/-3131/-2951 -1680/-1822/-1676 -1679/-1821/-1675 
f -1678/-1820/-1674 -2594/-2755/-2581 -2595/-2756/-2582 -1677/-1819/-1673 
f -2036/-2187/-2029 -5110/-5282/-5078 -5111/-5283/-5079 -2768/-2931/-2756 
f -3335/-3503/-3319 -3336/-3504/-3320 -1676/-1818/-1672 -2324/-2481/-2316 
f -4797/-4969/-4768 -1675/-1817/-1671 -1674/-1816/-1670 -2727/-2890/-2715 
f -4745/-4917/-4716 -1673/-1815/-1669 -1672/-1814/-1668 -4744/-4916/-4715 
f -1957/-1813/-1951 -1958/-1812/-1952 -1671/-1811/-1667 -1872/-2016/-1866 
f -1670/-1810/-1666 -1669/-1809/-1665 -1668/-1808/-1664 -3932/-4104/-3910 
f -1667/-1807/-1663 -4602/-4774/-4573 -2851/-3016/-2836 -1666/-1806/-1662 
f -1665/-1805/-1661 -1664/-1804/-1660 -1663/-1803/-1659 -2855/-1802/-1658 
f -1697/-1841/-1694 -1698/-1842/-1695 -1662/-1801/-1657 -1661/-1800/-1656 
f -1660/-1799/-1655 -1659/-1798/-1654 -1658/-1797/-1653 -1657/-1796/-1652 
f -1656/-1795/-1651 -2097/-1794/-1650 -2098/-1793/-2092 -2811/-2976/-2798 
f -1655/-1792/-1649 -1654/-1791/-1648 -3880/-4052/-3860 -3881/-4053/-3861 
f -1653/-1790/-1647 -4898/-1789/-1646 -4895/-1788/-1645 -1652/-1787/-1644 
f -5186/-5358/-5154 -5187/-5359/-5155 -2903/-3068/-2888 -2644/-2805/-2631 
f -3993/-4165/-3970 -3994/-4166/-3971 -3010/-3175/-2995 -1968/-2117/-1962 
f -5074/-5246/-5042 -4887/-5059/-4858 -4030/-4202/-4006 -1651/-1786/-1643 
f -1816/-1960/-1810 -2133/-2288/-2126 -1650/-1785/-1642 -3482/-3651/-3466 
f -1649/-1784/-1641 -1654/-1791/-1648 -1655/-1792/-1649 -2180/-2335/-2173 
f -3425/-3593/-3409 -4317/-4489/-4289 -4318/-4490/-4290 -3424/-3592/-3408 
f -2827/-2992/-2813 -1648/-1783/-1640 -1647/-1782/-1639 -1646/-1781/-1638 
f -1991/-2141/-1984 -1992/-2142/-1985 -1645/-1780/-1637 -1644/-1779/-1636 
f -4918/-5090/-4888 -4919/-5091/-4889 -2638/-2799/-2625 -2639/-2800/-2626 
f -1643/-1778/-1635 -1642/-1777/-1634 -3147/-3315/-3134 -2469/-2628/-2456 
f -3226/-3394/-3212 -2285/-2442/-2279 -2282/-2439/-2276 -1972/-2121/-1966 
f -4028/-1776/-4004 -5219/-5391/-5187 -5216/-5388/-5184 -4656/-4828/-4627 
f -1641/-1775/-1633 -1640/-1774/-1632 -1785/-1929/-1779 -3272/-3440/-3257 
f -1639/-1773/-1631 -1638/-1772/-1630 -1637/-1771/-1629 -1636/-1770/-1628 
f -1635/-1769/-1627 -1634/-1768/-1626 -1633/-1767/-1625 -1632/-1766/-1624 
f -4766/-4938/-4737 -4767/-4939/-4738 -1631/-1765/-1623 -1630/-1764/-1622 
f -1629/-1763/-1621 -1628/-1762/-1620 -1627/-1761/-1619 -1626/-1760/-1618 
f -1625/-1759/-1617 -3112/-3280/-3099 -5320/-5492/-5287 -4086/-4258/-4062 
f -1624/-1758/-1616 -5315/-5487/-5282 -5316/-5488/-5283 -1623/-1757/-1615 
f -1905/-2052/-1899 -3540/-3709/-3524 -3260/-3428/-3245 -1622/-1756/-1614 
f -1621/-1755/-1613 -2860/-3025/-2845 -3350/-3518/-3334 -3347/-3515/-3331 
f -1620/-1754/-1612 -4302/-4474/-4274 -1619/-1753/-1611 -1618/-1752/-1610 
f -2962/-3127/-2947 -2779/-2942/-2767 -2780/-2943/-2768 -2961/-3126/-2946 
f -1746/-1890/-1741 -4516/-4688/-4488 -4517/-4689/-4489 -3537/-3706/-3521 
f -1617/-1751/-1609 -1616/-1750/-1608 -1615/-1749/-1607 -1614/-1748/-1606 
f -4414/-4586/-4386 -4285/-4457/-4257 -2317/-2474/-2309 -4413/-4585/-4385 
f -5176/-5348/-5144 -2238/-2395/-2232 -1947/-2096/-1941 -5179/-5351/-5147 
f -1613/-1747/-1605 -2639/-2800/-2626 -2640/-2801/-2627 -1612/-1746/-1604 
f -1611/-1745/-1603 -2295/-2452/-2288 -1610/-1744/-1602 -1609/-1743/-1601 
f -1608/-1742/-1600 -1607/-1741/-1599 -2247/-2404/-2241 -1606/-1740/-2242 
f -1605/-1739/-1598 -1604/-1738/-1597 -1603/-1737/-1596 -3157/-3325/-3144 
f -2168/-2323/-2161 -2169/-2324/-2162 -1602/-1736/-1595 -1601/-1735/-1594 
f -3054/-3219/-3039 -3055/-3220/-3040 -1600/-1734/-1593 -1599/-1733/-1592 
f -1598/-1732/-1591 -1597/-1731/-1590 -3836/-4008/-3817 -3837/-4009/-3818 
f -1596/-1730/-1589 -1595/-1729/-1588 -1594/-1728/-1587 -5194/-5366/-5162 
f -1957/-1813/-1951 -1872/-2016/-1866 -1873/-2017/-1867 -1593/-1727/-1586 
f -5181/-5353/-5149 -1592/-1726/-1585 -2551/-2712/-2538 -5180/-5352/-5148 
f -1591/-1725/-1584 -3077/-3244/-3063 -1590/-1724/-1583 -1589/-1723/-1582 
f -1588/-1722/-1581 -1587/-1721/-1580 -1586/-1720/-1579 -1585/-1719/-1578 
f -2943/-3108/-2928 -1584/-1718/-1577 -3757/-3926/-3738 -3754/-3923/-3735 
f -4202/-4374/-4177 -1583/-1717/-1576 -2074/-2229/-2068 -2072/-2227/-2066 
f -1582/-1716/-1575 -1581/-1715/-1574 -2944/-3109/-2929 -2942/-3107/-2927 
f -1694/-1838/-1691 -1580/-1714/-1573 -3968/-4140/-3945 -1579/-1713/-1572 
f -3601/-3770/-3585 -3602/-3771/-3586 -4559/-4731/-4530 -4560/-4732/-4531 
f -1578/-1712/-1571 -1577/-1711/-1570 -1576/-1710/-1569 -1575/-1709/-3764 
f -1738/-1882/-1733 -2023/-2173/-2016 -4540/-4712/-4512 -3936/-4108/-3914 
f -1987/-2137/-1981 -1984/-2134/-1978 -2859/-3024/-2844 -1574/-1708/-1568 
f -1573/-1707/-1567 -1572/-1706/-1566 -3466/-3634/-3450 -2099/-2254/-2093 
f -5156/-5328/-5124 -5157/-5329/-5125 -3427/-3595/-3411 -1571/-1705/-1565 
f -4547/-4719/-4518 -3916/-4088/-3894 -1570/-1704/-1564 -4546/-4718/-4517 
f -2671/-2832/-2658 -2668/-2829/-2655 -1569/-1703/-1563 -2320/-2477/-2312 
f -1568/-1702/-1562 -1567/-1701/-4858 -1566/-1700/-3182 -1565/-1699/-3182 
f -1923/-2072/-1917 -4949/-5121/-4919 -4950/-5122/-4920 -1564/-1698/-1561 
f -1563/-1697/-1560 -1562/-1696/-1559 -1561/-1695/-1558 -1560/-1694/-1557 
f -2188/-2344/-2181 -4900/-5072/-4870 -2363/-2522/-2355 -2364/-2523/-2356 
f -1559/-1693/-1556 -1558/-1692/-1555 -1557/-1691/-1554 -1676/-1818/-1672 
f -3996/-4168/-3973 -1556/-1690/-1553 -1555/-1689/-1552 -1554/-1688/-1551 
f -3585/-3754/-3569 -1705/-1849/-1702 -2536/-2695/-2522 -3584/-3753/-3568 
f -2884/-3049/-2869 -3268/-3436/-3253 -3269/-3437/-3254 -2883/-3048/-2868 
f -4872/-5044/-4843 -4869/-5041/-4840 -3175/-3343/-3161 -3945/-4117/-3923 
f -1553/-1687/-1550 -2540/-2699/-2526 -2539/-2698/-2525 -2589/-2750/-2576 
f -2279/-2436/-2273 -1552/-1686/-1549 -2404/-2563/-2394 -2405/-2564/-2395 
f -1551/-1685/-1548 -1869/-1684/-1863 -1550/-1683/-1547 -1549/-1682/-1546 
f -1548/-1681/-1545 -3539/-3708/-3523 -1946/-2095/-1940 -1547/-1680/-1544 
f -4657/-4829/-4628 -1546/-1679/-1543 -5137/-5309/-5105 -5138/-5310/-5106 
f -4287/-4459/-4259 -3410/-3578/-3394 -2786/-2949/-2774 -4286/-4458/-4258 
f -2967/-3132/-2952 -3495/-3664/-3479 -3496/-3665/-3480 -2966/-3131/-2951 
f -1545/-1678/-1542 -1544/-1677/-1541 -2752/-2915/-2740 -2753/-2916/-2741 
f -2093/-2248/-2087 -4349/-4521/-4321 -5189/-5361/-5157 -3176/-3344/-3162 
f -2079/-2234/-2073 -1543/-1676/-1540 -1542/-1675/-1539 -2078/-2233/-2072 
f -2457/-2616/-2446 -3849/-4021/-3829 -1541/-1674/-1538 -1540/-1673/-1537 
f -2327/-2484/-2319 -3750/-3919/-3731 -3751/-3920/-3732 -1938/-2087/-1932 
f -3035/-3200/-3020 -3934/-4106/-3912 -4231/-4403/-4204 -4232/-4404/-4205 
f -1732/-1876/-1727 -1733/-1877/-1728 -1706/-1850/-1703 -1539/-1672/-1536 
f -5241/-5413/-5209 -4246/-4418/-4219 -1538/-1671/-1535 -5240/-5412/-5208 
f -2110/-2265/-2104 -5114/-5286/-5082 -1537/-1670/-1534 -1536/-1669/-1533 
f -2780/-2943/-2768 -2777/-2940/-2765 -1535/-1668/-1532 -2487/-2646/-2474 
f -4851/-5023/-4822 -2182/-2338/-2175 -2183/-2339/-2176 -4850/-5022/-4821 
f -3740/-3909/-3721 -3741/-3910/-3722 -2474/-2633/-2461 -1534/-1667/-1531 
f -5294/-5466/-5261 -2969/-3134/-2954 -3611/-3780/-3595 -5293/-5465/-5260 
f -1967/-2116/-1961 -5137/-5309/-5105 -1546/-1679/-1543 -4206/-4378/-4181 
f -2408/-2567/-2398 -1533/-1666/-1530 -5307/-5479/-5274 -1532/-1665/-1529 
f -3401/-3569/-3385 -2367/-2526/-2359 -2938/-3103/-2923 -3400/-3568/-3384 
f -1531/-1664/-1528 -5122/-5294/-5090 -3801/-3973/-3782 -3798/-3970/-3779 
f -1530/-1663/-1527 -1529/-1662/-1526 -1528/-1661/-1525 -1527/-1660/-1524 
f -3344/-3512/-3328 -2462/-2621/-2449 -5089/-5261/-5057 -5086/-5258/-5054 
f -1526/-1659/-1523 -2005/-2155/-1998 -4510/-4682/-4482 -1525/-1658/-1522 
f -4816/-4988/-4787 -4813/-4985/-4784 -1524/-1657/-1521 -2421/-2580/-2411 
f -1523/-1656/-1520 -1522/-1655/-1519 -4553/-4725/-4524 -1521/-1654/-1518 
f -4335/-4507/-4307 -3953/-4125/-3930 -1520/-1653/-1517 -4334/-4506/-4306 
f -2487/-2646/-2474 -1535/-1668/-1532 -1519/-1652/-1516 -1518/-1651/-1515 
f -1826/-1970/-1820 -2842/-3007/-2827 -1843/-1987/-1837 -1995/-2145/-1988 
f -1517/-1650/-1514 -2631/-2792/-2618 -2632/-2793/-2619 -1516/-1649/-1513 
f -1515/-1648/-1512 -1514/-1647/-1511 -1513/-1646/-1510 -1512/-1645/-1509 
f -1511/-1644/-1508 -1510/-1643/-1507 -1801/-1945/-1795 -1509/-1642/-1506 
f -1508/-1641/-1505 -1507/-1640/-1504 -2221/-2377/-2214 -2222/-2378/-2215 
f -1506/-1639/-1503 -1505/-1638/-1502 -1504/-1637/-1501 -4599/-4771/-4570 
f -1503/-1636/-1500 -4923/-5095/-4893 -1502/-1635/-1499 -1501/-1634/-1498 
f -4261/-4433/-4234 -4258/-4430/-4231 -1500/-1633/-1497 -1499/-1632/-1496 
f -2118/-2273/-2111 -2464/-2623/-2451 -2463/-2622/-2450 -2117/-2272/-2110 
f -4315/-4487/-4287 -4316/-4488/-4288 -3753/-3922/-3734 -3750/-3919/-3731 
f -4514/-4686/-4486 -1498/-1631/-1495 -1497/-1630/-1494 -1496/-1629/-1493 
f -1495/-1628/-1492 -2792/-1627/-2779 -1494/-1626/-1491 -1493/-1625/-1490 
f -3206/-3374/-3192 -2979/-3144/-2964 -1492/-1624/-1489 -3205/-3373/-3191 
f -2491/-2650/-2478 -1875/-2019/-3747 -3692/-3861/-3674 -1491/-1623/-1488 
f -3299/-3467/-3284 -2109/-2264/-2103 -3886/-4058/-3866 -3883/-4055/-3863 
f -1490/-1622/-1487 -1489/-1621/-1486 -1488/-1620/-1485 -1487/-1619/-1484 
f -3543/-3712/-3527 -1486/-1618/-1483 -2857/-3022/-2842 -3542/-3711/-3526 
f -3354/-3522/-3338 -4227/-4399/-4200 -4224/-4396/-4197 -3353/-3521/-3337 
f -1485/-1617/-1482 -1484/-1616/-1481 -1483/-1615/-1480 -1482/-1614/-1479 
f -1481/-1613/-1478 -1480/-1612/-1477 -3939/-4111/-3917 -4379/-4551/-4351 
f -1479/-1611/-1476 -1478/-1610/-1475 -1477/-1609/-1474 -1899/-2046/-1893 
f -1476/-1608/-1473 -1475/-1607/-1472 -2025/-2176/-2018 -2771/-2934/-2759 
f -2486/-2645/-2473 -2487/-2646/-2474 -1518/-1651/-1515 -1474/-1606/-1471 
f -4089/-4261/-4065 -1473/-1605/-1470 -1472/-1604/-1469 -4489/-4661/-4461 
f -1791/-1935/-1785 -3231/-3399/-3217 -3281/-3449/-3266 -3282/-3450/-3267 
f -2905/-3070/-2890 -2906/-3071/-2891 -1471/-1603/-1468 -1710/-1854/-1707 
f -1470/-1602/-1467 -3627/-3796/-3610 -4715/-4887/-4686 -4716/-4888/-4687 
f -3028/-3193/-3013 -3025/-3190/-3010 -3211/-3379/-3197 -3212/-3380/-3198 
f -1469/-1601/-1466 -4253/-4425/-4226 -2234/-2391/-2228 -1468/-1600/-1465 
f -1467/-1599/-1464 -1466/-1598/-1463 -1465/-1597/-1462 -1464/-1596/-1461 
f -2064/-2215/-2057 -1463/-1595/-1460 -2696/-2859/-2684 -2066/-2217/-2059 
f -3688/-3857/-3670 -3685/-3854/-3667 -1462/-1594/-1459 -1461/-1593/-1458 
f -2245/-2402/-2239 -2246/-2403/-2240 -1460/-1592/-1457 -1459/-1591/-1456 
f -1458/-1590/-1455 -1457/-1589/-1454 -1762/-1906/-1757 -1761/-1905/-1756 
f -3066/-3233/-3052 -1456/-1588/-1453 -4455/-4627/-4427 -3065/-3232/-3051 
f -2074/-2229/-2068 -1583/-1717/-1576 -2825/-2990/-2811 -1455/-1587/-1452 
f -1454/-1586/-1451 -1453/-1585/-1450 -4005/-4177/-3982 -4006/-4178/-3983 
f -1452/-1584/-1449 -4057/-4229/-4033 -1451/-1583/-1448 -1450/-1582/-1447 
f -1449/-1581/-1446 -1448/-1580/-1445 -2028/-2179/-2021 -1447/-1579/-3063 
f -2050/-2201/-2043 -2051/-2202/-2044 -1446/-1578/-1444 -2832/-2997/-2818 
f -4618/-4790/-4589 -1445/-1577/-1443 -1444/-1576/-2080 -4621/-4793/-4592 
f -4443/-4615/-4415 -4440/-4612/-4412 -4196/-4368/-4171 -1443/-1575/-1442 
f -3842/-4014/-4757 -3839/-4011/-3820 -1442/-1574/-1441 -1478/-1610/-1475 
f -1441/-1573/-1440 -3140/-3308/-3127 -5129/-5301/-5097 -5130/-5302/-5098 
f -4597/-4769/-4568 -4598/-4770/-4569 -1440/-1572/-1439 -1439/-1571/-1438 
f -2659/-2820/-2646 -4668/-4840/-4639 -1438/-1570/-1437 -2658/-2819/-2645 
f -1437/-1569/-1436 -2249/-2406/-2243 -1436/-1568/-1435 -1435/-1567/-1434 
f -4386/-4558/-4358 -2180/-2335/-2173 -1655/-1792/-1649 -4385/-4557/-4357 
f -4766/-4938/-4737 -1630/-1764/-1622 -3022/-3187/-3007 -2457/-2616/-2446 
f -1434/-1566/-1433 -1433/-1565/-1432 -3104/-3272/-3091 -3105/-3273/-3092 
f -2583/-2744/-2570 -4258/-4430/-4231 -4259/-4431/-4232 -2485/-2644/-2472 
f -3607/-3776/-3591 -1432/-1564/-1431 -1431/-1563/-1430 -1603/-1737/-1596 
f -4974/-5146/-4942 -2952/-3117/-2937 -4304/-4476/-4276 -4973/-5145/-4941 
f -1430/-1562/-1429 -3519/-3688/-3503 -3520/-3689/-3504 -1429/-1561/-1428 
f -3334/-3502/-3318 -2464/-2623/-2451 -3930/-4102/-3908 -1657/-1796/-1652 
f -1428/-1560/-1427 -1427/-1559/-1426 -4051/-4223/-4027 -4126/-4298/-4101 
f -3153/-3321/-3140 -1793/-1937/-1787 -1618/-1752/-1610 -2960/-3125/-2945 
f -2272/-2429/-2266 -2576/-2737/-2563 -2520/-2679/-2506 -1426/-1558/-1425 
f -1643/-1778/-1635 -2469/-2628/-2456 -2470/-2629/-2457 -1425/-1557/-1424 
f -4102/-4274/-4078 -1424/-1556/-1423 -1423/-1555/-1422 -4101/-4273/-4077 
f -1850/-1994/-1844 -1851/-1995/-1845 -1809/-1953/-1803 -1422/-1554/-1421 
f -1421/-1553/-1420 -4937/-5109/-4907 -1420/-1552/-1419 -1419/-1551/-1418 
f -3366/-3534/-3350 -2540/-2699/-2526 -1553/-1687/-1550 -3365/-3533/-3349 
f -2167/-2322/-2160 -2205/-2361/-2198 -2206/-2362/-2199 -1418/-1550/-1417 
f -1417/-1549/-1416 -1416/-1548/-1415 -4456/-4628/-4428 -4457/-4629/-4429 
f -1415/-1547/-1414 -1414/-1546/-1413 -5212/-5384/-5180 -1413/-1545/-1412 
f -1684/-1544/-1680 -1682/-1543/-1411 -1551/-1685/-1548 -1412/-1542/-1410 
f -3544/-3713/-3528 -1411/-1541/-1409 -1410/-1540/-1408 -1409/-1539/-1407 
f -1408/-1538/-1406 -1498/-1631/-1495 -4514/-4686/-4486 -4511/-4683/-4483 
f -5312/-5484/-5279 -5313/-5485/-5280 -4946/-5118/-4916 -3326/-3494/-3310 
f -1407/-1537/-1405 -3905/-4077/-3885 -1406/-1536/-1404 -1405/-1535/-1403 
f -2937/-3102/-2922 -1404/-1534/-1402 -1403/-1533/-1401 -2936/-3101/-2921 
f -4856/-5028/-4827 -1540/-1673/-1537 -1541/-1674/-1538 -4855/-5027/-4826 
f -2083/-2238/-2077 -5087/-5259/-5055 -5088/-5260/-5056 -1402/-1532/-1400 
f -3224/-3392/-3210 -1401/-1531/-1399 -1400/-1530/-1398 -3435/-3603/-3419 
f -2849/-3014/-2834 -1399/-1529/-1397 -1398/-1528/-1396 -2848/-3013/-2833 
f -1397/-1527/-1395 -1420/-1552/-1419 -2606/-2767/-2593 -4127/-4299/-4102 
f -1697/-1841/-1694 -1661/-1800/-1656 -2954/-3119/-2939 -2951/-3116/-2936 
f -2503/-2662/-2489 -2500/-2659/-2487 -2658/-2819/-2645 -1438/-1570/-1437 
f -1415/-1547/-1414 -2262/-2419/-2256 -4403/-4575/-4375 -4404/-4576/-4376 
f -3345/-3513/-3329 -1396/-1526/-1394 -1395/-1525/-1393 -2461/-2620/-3828 
f -5002/-5174/-4970 -2331/-2490/-2324 -2332/-2491/-2325 -1394/-1524/-1392 
f -2460/-2619/-2729 -5155/-5327/-5123 -3828/-4000/-3809 -3825/-3997/-3806 
f -4398/-4570/-4370 -2769/-2932/-2757 -2425/-2584/-2415 -4397/-4569/-4369 
f -3956/-4128/-3933 -3954/-4126/-3931 -1393/-1523/-1391 -1392/-1522/-1390 
f -1391/-1521/-1389 -1390/-1520/-1388 -1389/-1519/-1387 -2798/-2961/-2785 
f -5203/-5375/-5171 -5200/-5372/-5168 -1388/-1518/-1386 -2485/-2644/-2472 
f -1387/-1517/-1385 -3184/-3352/-3170 -3185/-3353/-3171 -3076/-3243/-3062 
f -1386/-1516/-1384 -1723/-1867/-1720 -2662/-2823/-2649 -1385/-1515/-1383 
f -3005/-3170/-2990 -3006/-3171/-2991 -1384/-1514/-1382 -1383/-1513/-1381 
f -3420/-3588/-3404 -3421/-3589/-3405 -2273/-2430/-2267 -2274/-2431/-2268 
f -4875/-5047/-4846 -1767/-1911/-1762 -3739/-3908/-3720 -2465/-2624/-2452 
f -1382/-1512/-1380 -1680/-1822/-1676 -2966/-3131/-2951 -3496/-3665/-3480 
f -3419/-3587/-3403 -1381/-1511/-1379 -2404/-2563/-2394 -1552/-1686/-1549 
f -5163/-5335/-5131 -4313/-4485/-4285 -4314/-4486/-4286 -5162/-5334/-5130 
f -3911/-4083/-3889 -4100/-4272/-4076 -5332/-5504/-5299 -3749/-3918/-3730 
f -3116/-3284/-3103 -4685/-4857/-4656 -4686/-4858/-4657 -2003/-2153/-1996 
f -3743/-3912/-3724 -3744/-3913/-3725 -2452/-2611/-2441 -1380/-1510/-1378 
f -3915/-4087/-3893 -3912/-4084/-3890 -1739/-1883/-1734 -1379/-1509/-1377 
f -1378/-1508/-1376 -1377/-1507/-4513 -1376/-1506/-1375 -4688/-4860/-4659 
f -2319/-2476/-2311 -2750/-2913/-2738 -2747/-2910/-2735 -2330/-2489/-2323 
f -4725/-4897/-4696 -4691/-4863/-4662 -3573/-3742/-3557 -2746/-2909/-2734 
f -1375/-1505/-1374 -1374/-1504/-1373 -1373/-1503/-1372 -1372/-1502/-1371 
f -1946/-2095/-1940 -4517/-4689/-4489 -4518/-4690/-4490 -3580/-3749/-3564 
f -2395/-2554/-2386 -4152/-4324/-4127 -5333/-5505/-5300 -5330/-5502/-5297 
f -1924/-2073/-1918 -1923/-2072/-1917 -1371/-1501/-1370 -1370/-1500/-1369 
f -3100/-3268/-3087 -3097/-3265/-3084 -4733/-4905/-4704 -4041/-4213/-4017 
f -4925/-5097/-4895 -3100/-3268/-3087 -4041/-4213/-4017 -1369/-1499/-1368 
f -4188/-4360/-4163 -1368/-1498/-1367 -1367/-1497/-1366 -2605/-2766/-2592 
f -1366/-1496/-1365 -4581/-4753/-4552 -2380/-2539/-2372 -1365/-1495/-1364 
f -2302/-2459/-2295 -2303/-2460/-2296 -1592/-1726/-1585 -5181/-5353/-5149 
f -1364/-1494/-1363 -1363/-1493/-1362 -1362/-1492/-1361 -3854/-4026/-3834 
f -1413/-1545/-1412 -5212/-5384/-5180 -5213/-5385/-5181 -1361/-1491/-1360 
f -3447/-3615/-3431 -3444/-3612/-3428 -5035/-5207/-5003 -5036/-5208/-5004 
f -1793/-1937/-1787 -1794/-1938/-1788 -1620/-1754/-1612 -1618/-1752/-1610 
f -2010/-2160/-2003 -1736/-1880/-1731 -4146/-4318/-4121 -2574/-2735/-2561 
f -2118/-2273/-2111 -2263/-2420/-2257 -2264/-2421/-2258 -3929/-4101/-3907 
f -1360/-1490/-1359 -2773/-2936/-2761 -2345/-2504/-2337 -1727/-1871/-1723 
f -2908/-3073/-2893 -2909/-3074/-2894 -3280/-3448/-3265 -2569/-2730/-2556 
f -4989/-5161/-4957 -1799/-1943/-1793 -4680/-4852/-4651 -4988/-5160/-4956 
f -5101/-5273/-5069 -5121/-5293/-5089 -3059/-3226/-3045 -5100/-5272/-5068 
f -1729/-1873/-2333 -1730/-1874/-1725 -4961/-5133/-4931 -4962/-5134/-4932 
f -1359/-1489/-1358 -2391/-2550/-2382 -2890/-3055/-2875 -2891/-3056/-2876 
f -1358/-1488/-1357 -3918/-4090/-3896 -4547/-4719/-4518 -4548/-4720/-4519 
f -1357/-1487/-1356 -3382/-3550/-3366 -3018/-3183/-3003 -2454/-2613/-2443 
f -2317/-2474/-2309 -1356/-1486/-1355 -1743/-1887/-1738 -2316/-2473/-2308 
f -3699/-3868/-3680 -3700/-3869/-3681 -1355/-1485/-1354 -1865/-2009/-1859 
f -3603/-3772/-3587 -2483/-2642/-2470 -4112/-4284/-4088 -2310/-2467/-2303 
f -2530/-2689/-2516 -2531/-2690/-2517 -2647/-2808/-2634 -2648/-2809/-2635 
f -3220/-3388/-3206 -2068/-2221/-2062 -3306/-3474/-3290 -2209/-2365/-2202 
f -1615/-1749/-1607 -1354/-1484/-1353 -1353/-1483/-1352 -1614/-1748/-1606 
f -1352/-1482/-1351 -1351/-1481/-4940 -4991/-5163/-4959 -4992/-5164/-4960 
f -4635/-4807/-4606 -4636/-4808/-4607 -1350/-1480/-1350 -1349/-1479/-1349 
f -1348/-1478/-1348 -1703/-1847/-1700 -2005/-2155/-1998 -1526/-1659/-1523 
f -4732/-4904/-4703 -1347/-1477/-1347 -1346/-1476/-1346 -1678/-1820/-1674 
f -1345/-1475/-1345 -4401/-4573/-4373 -4402/-4574/-4374 -4189/-4361/-4164 
f -1344/-1474/-1344 -5158/-5330/-5126 -5159/-5331/-5127 -4930/-5102/-4900 
f -1525/-1658/-1522 -4510/-4682/-4482 -4507/-4679/-4479 -4336/-4508/-4308 
f -2278/-2435/-2272 -1343/-1473/-1343 -1342/-1472/-1342 -2277/-2434/-2271 
f -2625/-2786/-2612 -1341/-1471/-1341 -1340/-1470/-1340 -2628/-2789/-2615 
f -1758/-1902/-1753 -1756/-1900/-1751 -1339/-1469/-1339 -1599/-1733/-1592 
f -2679/-2842/-2667 -1942/-2091/-1936 -1939/-2088/-1933 -2678/-2841/-2666 
f -3204/-3372/-3190 -3205/-3373/-3191 -2627/-2788/-2614 -2628/-2789/-2615 
f -1338/-1468/-1338 -1830/-1974/-1824 -1831/-1975/-1825 -1337/-1467/-1337 
f -1336/-1466/-1336 -1335/-1465/-1335 -4274/-4446/-4247 -1334/-1464/-1334 
f -2280/-2437/-2274 -2367/-2526/-2359 -2368/-2527/-2360 -1333/-1463/-1402 
f -3436/-3604/-3420 -1332/-1462/-1333 -4419/-4591/-4391 -4420/-4592/-4392 
f -2473/-2632/-2460 -2041/-2192/-2034 -3742/-3911/-3723 -2472/-2631/-2459 
f -2006/-2156/-1999 -3347/-3515/-3331 -3348/-3516/-3332 -1767/-1911/-1762 
f -1331/-1461/-1332 -1330/-1460/-2737 -2809/-2974/-2796 -2810/-2975/-2797 
f -1329/-1459/-1331 -1328/-1458/-1330 -3951/-4123/-3928 -2160/-2315/-2153 
f -2275/-2432/-2269 -3139/-3307/-3126 -3140/-3308/-3127 -1441/-1573/-1440 
f -1327/-1457/-1329 -2581/-2742/-2568 -1326/-1456/-1328 -1325/-1455/-1327 
f -1378/-1508/-1376 -1944/-2093/-1938 -1729/-1873/-2333 -1377/-1507/-4513 
f -4205/-4377/-4180 -1324/-1454/-1326 -1323/-1453/-1325 -4204/-4376/-4179 
f -5198/-5370/-5166 -4983/-5155/-4951 -3431/-3599/-3415 -5197/-5369/-5165 
f -1322/-1452/-1324 -1321/-1451/-1323 -1320/-1450/-1322 -1319/-1449/-1321 
f -2933/-3098/-2918 -2934/-3099/-2919 -1318/-1448/-1320 -1317/-1447/-1319 
f -1316/-1446/-1318 -2678/-2841/-2666 -1939/-2088/-1933 -1315/-1445/-1317 
f -1314/-1444/-1316 -1313/-1443/-1315 -1312/-1442/-1314 -1311/-1441/-1313 
f -5287/-5459/-5255 -5288/-5460/-5256 -1310/-1440/-1312 -1309/-1439/-1311 
f -1308/-1438/-1310 -1515/-1648/-1512 -1307/-1437/-1309 -1306/-1436/-1308 
f -1624/-1758/-1616 -1305/-1435/-1307 -2311/-2468/-2304 -5315/-5487/-5282 
f -1304/-1434/-1306 -3227/-3395/-3213 -1976/-2126/-1970 -3048/-3213/-3033 
f -1596/-1730/-1589 -1303/-1433/-1305 -1302/-1432/-1304 -1595/-1729/-1588 
f -2683/-2846/-2671 -1301/-1431/-1303 -1300/-1430/-1302 -2682/-2845/-2670 
f -1414/-1546/-1413 -1299/-1429/-1301 -5215/-5387/-5183 -5212/-5384/-5180 
f -1298/-1428/-1300 -1297/-1427/-1299 -1296/-1426/-1298 -5308/-5480/-5275 
f -2795/-2958/-2782 -1295/-1425/-1297 -4934/-5106/-4904 -4935/-5107/-4905 
f -4690/-4862/-4661 -4687/-4859/-4658 -2047/-2198/-2040 -2044/-2195/-2037 
f -1746/-1890/-1741 -2686/-2849/-2674 -2684/-2847/-2672 -2598/-2759/-2585 
f -2592/-2753/-2579 -2593/-2754/-2580 -1294/-1424/-1296 -2146/-2301/-2139 
f -1293/-1423/-1295 -1292/-1422/-1294 -1291/-1421/-1293 -1290/-1420/-1292 
f -2352/-2511/-2344 -2350/-2509/-2342 -1289/-1419/-1291 -3890/-1418/-3870 
f -1288/-1417/-1290 -2578/-2739/-2565 -2579/-2740/-2566 -1287/-1416/-1289 
f -2504/-2663/-2490 -3072/-3239/-3058 -1286/-1415/-1288 -1285/-1414/-1287 
f -3442/-3610/-3426 -1284/-1413/-1286 -1283/-1412/-1285 -3441/-3609/-3425 
f -2314/-2471/-2307 -1282/-1411/-1284 -1565/-1699/-3182 -1281/-1410/-1283 
f -1280/-1409/-1282 -1279/-1408/-1281 -1278/-1407/-1280 -1277/-1406/-1279 
f -4948/-5120/-4918 -1276/-1405/-1278 -1275/-1404/-1277 -4947/-5119/-4917 
f -1274/-1403/-1276 -1273/-1402/-1275 -4083/-4255/-4059 -4084/-4256/-4060 
f -2103/-2258/-2097 -1983/-2133/-1977 -3716/-3885/-3697 -3717/-3886/-3698 
f -1272/-1401/-1274 -1594/-1728/-1587 -1595/-1729/-1588 -1271/-1400/-1273 
f -3975/-4147/-3952 -5204/-5376/-5172 -4091/-4263/-4067 -1270/-1399/-1272 
f -1269/-1398/-1271 -1268/-1397/-1270 -4189/-4361/-4164 -4190/-4362/-4165 
f -3102/-3270/-3089 -2993/-3158/-2978 -1267/-1396/-1269 -3101/-3269/-3088 
f -1266/-1395/-1268 -3667/-3836/-3649 -4437/-4609/-4409 -2701/-1394/-2689 
f -3003/-3168/-2988 -3598/-3767/-3582 -3599/-3768/-3583 -3264/-3432/-3249 
f -2612/-2773/-2599 -1265/-1393/-1267 -2145/-2300/-2138 -2955/-3120/-2940 
f -4519/-4691/-4491 -1716/-1860/-1713 -5022/-5194/-4990 -1264/-1392/-1266 
f -4977/-5149/-4945 -2203/-2359/-2196 -1263/-1391/-1265 -4976/-5148/-4944 
f -1522/-1655/-1519 -1262/-1390/-1264 -1416/-1548/-1415 -1417/-1549/-1416 
f -1261/-1389/-1263 -3390/-3558/-3374 -3387/-3555/-3371 -1260/-1388/-1262 
f -1261/-1389/-1263 -1509/-1642/-1506 -1801/-1945/-1795 -3390/-3558/-3374 
f -3392/-3560/-3376 -3393/-3561/-3377 -4673/-4845/-4644 -2067/-2218/-2060 
f -5005/-5177/-4973 -2876/-3041/-2861 -2877/-3042/-2862 -5004/-5176/-4972 
f -1259/-1387/-1261 -3080/-3247/-3066 -3081/-3248/-3067 -1258/-1386/-1260 
f -3249/-3417/-3235 -1257/-1385/-1259 -1256/-1384/-1258 -3248/-3416/-3234 
f -2746/-2909/-2734 -3573/-3742/-3557 -3574/-3743/-3558 -1255/-1383/-1257 
f -1254/-1382/-1256 -5117/-5289/-5085 -2108/-2263/-2102 -1847/-1991/-1841 
f -1253/-1381/-1255 -1979/-2129/-1973 -2600/-1380/-2587 -2791/-1379/-2778 
f -2084/-2239/-2078 -1252/-1378/-1254 -5086/-5258/-5054 -5087/-5259/-5055 
f -4099/-4271/-4075 -4827/-4999/-4798 -4828/-5000/-4799 -4305/-4477/-4277 
f -1251/-1377/-1253 -1250/-1376/-1252 -1249/-1375/-1251 -1248/-1374/-1250 
f -1247/-1373/-1249 -1246/-1372/-1248 -3774/-3946/-3755 -3775/-3947/-3756 
f -2775/-2938/-2763 -3948/-4120/-4497 -4482/-4654/-4454 -5154/-5326/-5122 
f -3346/-3514/-3330 -2785/-2948/-2773 -1396/-1526/-1394 -3345/-3513/-3329 
f -2118/-2273/-2111 -3929/-4101/-3907 -3930/-4102/-3908 -2464/-2623/-2451 
f -3662/-3831/-3644 -1245/-1371/-1247 -1244/-1370/-1246 -3663/-3832/-3645 
f -2174/-2329/-2167 -2171/-2326/-2164 -4530/-4702/-4502 -4531/-4703/-4503 
f -1243/-1369/-1245 -4299/-4471/-4271 -1966/-2115/-1960 -3159/-3327/-3145 
f -4385/-4557/-4357 -3415/-3583/-3399 -2882/-3047/-2867 -4388/-4560/-4360 
f -2493/-2652/-2480 -1972/-2121/-1966 -1242/-1368/-4969 -2492/-2651/-2479 
f -1619/-1753/-1611 -1243/-1369/-1245 -5215/-5387/-5183 -1299/-1429/-1301 
f -3133/-3301/-3120 -4865/-5037/-4836 -4955/-5127/-4925 -4956/-5128/-4926 
f -1241/-1367/-1244 -5316/-5488/-5283 -5317/-5489/-5284 -3987/-4159/-3964 
f -2466/-2625/-2453 -2467/-2626/-2454 -1608/-1742/-1600 -1606/-1740/-2242 
f -1329/-1459/-1331 -4546/-4718/-4517 -1570/-1704/-1564 -1328/-1458/-1330 
f -1240/-1366/-1243 -1239/-1365/-1242 -1238/-1364/-1241 -1237/-1363/-1240 
f -1236/-1362/-1239 -5218/-1361/-1238 -1235/-1360/-1237 -1234/-1359/-1236 
f -1469/-1601/-1466 -2349/-2508/-2341 -4252/-4424/-4225 -4253/-4425/-4226 
f -2786/-2949/-2774 -2785/-2948/-2773 -3346/-3514/-3330 -1233/-1358/-1235 
f -1232/-1357/-1234 -4515/-4687/-4487 -1872/-2016/-1866 -1671/-1811/-1667 
f -5117/-5289/-5085 -5114/-5286/-5082 -2110/-2265/-2104 -2108/-2263/-2102 
f -1231/-1356/-1233 -2066/-2217/-2059 -2696/-2859/-2684 -2733/-2896/-2721 
f -3241/-3409/-3227 -1230/-1355/-1232 -3462/-3630/-3446 -3463/-3631/-3447 
f -3530/-3699/-3514 -2155/-2310/-2148 -4278/-4450/-4251 -4676/-4848/-4647 
f -3134/-3302/-3121 -3792/-3964/-3773 -3793/-3965/-3774 -3555/-3724/-3539 
f -1229/-1354/-1231 -1228/-1353/-1230 -2590/-2751/-2577 -4475/-1352/-1229 
f -1227/-1351/-1228 -1226/-1350/-1227 -1225/-1349/-1226 -1224/-1348/-1225 
f -4764/-4936/-4735 -2007/-2157/-2000 -2838/-3003/-2823 -4109/-4281/-4085 
f -1546/-1679/-1543 -1223/-1347/-1224 -4205/-4377/-4180 -4206/-4378/-4181 
f -1222/-1346/-1223 -1221/-1345/-1222 -3135/-3303/-3122 -1811/-1955/-1805 
f -3774/-3946/-3755 -1307/-1437/-1309 -1220/-1344/-1221 -3773/-3945/-3754 
f -4742/-4914/-4713 -2190/-2346/-2183 -1219/-1343/-1220 -4741/-4913/-4712 
f -3325/-3493/-3309 -2359/-2518/-2351 -1218/-1342/-1219 -3324/-3492/-3308 
f -1542/-1675/-1539 -1543/-1676/-1540 -5045/-5217/-5013 -5042/-5214/-5010 
f -5122/-5294/-5090 -1531/-1664/-1528 -1395/-1525/-1393 -5125/-5297/-5093 
f -2441/-2600/-2431 -2439/-2598/-2429 -1449/-1581/-1446 -3928/-4100/-3906 
f -1382/-1512/-1380 -1217/-1341/-1218 -1216/-1340/-1217 -1689/-1831/-1685 
f -1729/-1873/-2333 -4962/-5134/-4932 -2309/-2466/-2302 -1377/-1507/-4513 
f -3148/-3316/-3135 -3314/-3482/-3298 -5336/-5508/-5303 -3270/-3438/-3255 
f -1951/-2100/-1945 -3903/-4075/-3883 -1215/-1339/-1216 -1950/-2099/-1944 
f -1214/-1338/-1215 -1213/-1337/-1214 -1212/-1336/-1213 -1211/-1335/-1212 
f -1774/-1918/-1769 -2560/-2721/-2547 -2918/-3083/-2903 -3874/-4046/-3854 
f -1788/-1334/-1782 -1210/-1333/-1211 -1209/-1332/-1210 -1208/-1331/-1209 
f -1963/-2112/-1957 -2977/-3142/-2962 -2978/-3143/-2963 -1962/-2111/-1956 
f -1207/-1330/-1208 -1206/-1329/-1207 -1205/-1328/-1206 -1204/-1327/-1205 
f -1203/-1326/-1204 -3965/-4137/-3942 -1202/-1325/-1203 -1201/-1324/-1202 
f -1200/-1323/-1201 -1199/-1322/-1200 -5035/-5207/-5003 -3444/-3612/-3428 
f -4197/-4369/-4172 -1198/-1321/-1199 -1443/-1575/-1442 -4196/-4368/-4171 
f -1466/-1598/-1463 -1197/-1320/-1198 -2378/-2537/-2370 -1465/-1597/-1462 
f -3892/-4064/-3872 -3893/-4065/-3873 -4749/-4921/-4720 -1196/-1319/-1197 
f -1195/-1318/-1196 -1194/-1317/-1195 -1587/-1721/-1580 -1588/-1722/-1581 
f -2559/-2720/-2546 -5006/-5178/-4974 -2394/-2553/-2385 -2558/-2719/-2545 
f -1193/-1316/-1194 -3452/-3620/-3436 -3453/-3621/-3437 -4002/-4174/-3979 
f -2543/-2704/-2530 -1192/-1315/-1193 -1191/-1314/-1192 -2542/-2703/-2529 
f -4861/-5033/-4832 -4862/-5034/-4833 -1190/-1313/-1191 -1189/-1312/-1190 
f -2491/-2650/-2478 -2488/-2647/-2475 -1188/-1311/-1189 -1875/-2019/-3747 
f -1187/-1310/-3917 -1186/-1309/-1188 -3938/-4110/-3916 -3939/-4111/-3917 
f -3813/-3985/-3794 -3151/-3319/-3138 -3369/-3537/-3353 -3812/-3984/-3793 
f -3422/-3590/-3406 -5161/-5333/-5129 -5162/-5334/-5130 -3421/-3589/-3405 
f -3402/-3570/-3386 -2886/-3051/-2871 -2369/-2528/-2361 -3401/-3569/-3385 
f -2542/-2703/-2529 -2764/-2927/-2752 -2761/-2924/-2749 -2545/-2706/-2532 
f -1393/-1523/-1391 -1185/-1308/-1187 -3644/-3813/-3626 -3641/-3810/-3623 
f -1184/-1307/-2541 -2667/-2828/-2654 -2526/-2685/-2512 -2281/-2438/-2275 
f -1183/-1306/-1186 -2001/-2151/-1994 -2002/-2152/-1995 -3179/-3347/-3165 
f -3635/-3804/-3617 -1610/-1744/-1602 -2295/-2452/-2288 -2296/-2453/-2289 
f -1182/-1305/-1185 -3323/-3491/-3307 -1181/-1304/-1184 -1180/-1303/-1183 
f -1179/-1302/-1182 -1178/-1301/-1181 -1195/-1318/-1196 -1177/-1300/-1180 
f -1176/-1299/-1179 -1175/-1298/-1178 -4647/-4819/-4618 -4648/-4820/-4619 
f -4493/-4665/-4465 -4587/-4759/-4558 -2945/-3110/-2930 -4496/-4668/-4468 
f -1977/-2127/-1971 -3484/-3653/-3468 -3485/-3654/-3469 -1174/-1297/-1177 
f -1173/-1296/-1176 -4451/-4623/-4423 -4471/-2701/-4443 -1172/-1295/-1175 
f -1171/-1294/-1174 -1432/-1564/-1431 -3607/-3776/-3591 -3608/-3777/-3592 
f -1170/-1293/-1173 -4942/-5114/-4912 -4943/-5115/-4913 -1169/-1292/-1172 
f -2959/-3124/-2944 -1414/-1546/-1413 -1415/-1547/-1414 -4404/-4576/-4376 
f -2467/-2626/-2454 -1843/-1987/-1837 -1168/-1291/-1171 -1608/-1742/-1600 
f -2310/-2467/-2303 -3933/-4105/-3911 -3146/-3314/-3133 -4498/-4670/-4470 
f -5233/-5405/-5201 -3287/-3455/-3272 -3284/-3452/-3269 -5232/-5404/-5200 
f -2261/-2418/-2255 -1306/-1436/-1308 -1246/-1372/-1248 -1167/-1290/-1170 
f -4877/-5049/-4848 -2166/-2321/-2159 -3373/-3541/-3357 -4880/-5052/-4851 
f -1166/-1289/-1169 -2906/-3071/-2891 -2907/-3072/-2892 -1165/-1288/-1168 
f -2690/-2853/-2678 -2687/-2850/-2675 -2538/-2697/-2524 -3279/-3447/-3264 
f -1164/-1287/-1167 -2077/-2232/-2071 -1787/-1931/-1781 -1163/-1286/-1166 
f -3489/-1285/-3473 -3132/-3300/-3119 -4032/-4204/-4008 -4031/-4203/-4007 
f -3319/-3487/-3303 -3320/-3488/-3304 -4326/-4498/-4298 -4327/-4499/-4299 
f -1162/-1284/-3969 -1161/-1283/-1165 -5067/-5239/-5035 -5068/-5240/-5036 
f -1160/-1282/-1164 -3663/-3832/-3645 -1244/-1370/-1246 -1159/-1281/-1163 
f -1158/-1280/-1162 -1585/-1719/-1578 -1157/-1279/-1161 -1156/-1278/-1160 
f -1155/-1277/-1159 -1629/-1763/-1621 -1154/-1276/-1158 -1153/-1275/-1157 
f -1152/-1274/-1156 -1151/-1273/-1155 -1150/-1272/-1154 -1149/-1271/-1153 
f -1238/-1364/-1241 -1148/-1270/-1522 -1147/-1269/-1152 -1237/-1363/-1240 
f -5152/-5324/-5120 -5153/-5325/-5121 -3217/-3385/-3203 -4271/-4443/-4244 
f -1994/-2144/-1987 -1146/-1268/-1151 -1674/-1816/-1670 -1993/-2143/-1986 
f -1145/-1267/-1150 -2794/-2957/-2781 -1144/-1266/-1149 -1143/-1265/-1148 
f -2898/-3063/-2883 -2899/-3064/-2884 -3128/-3296/-3115 -3129/-3297/-3116 
f -1744/-1888/-1739 -2743/-2906/-2731 -4836/-2219/-4807 -4833/-1264/-4804 
f -3120/-3288/-3107 -3121/-3289/-3108 -4948/-5120/-4918 -4949/-5121/-4919 
f -2907/-3072/-2892 -1142/-1263/-1147 -1141/-1262/-1146 -1165/-1288/-1168 
f -1544/-1677/-1541 -1545/-1678/-1542 -1140/-1261/-1145 -1139/-1260/-1144 
f -1138/-1259/-1143 -2549/-2710/-2536 -2550/-2711/-2537 -1137/-1258/-1142 
f -1136/-1257/-1141 -1135/-1256/-1140 -1134/-1255/-1141 -1133/-1254/-1139 
f -3623/-3792/-3606 -3624/-3793/-3607 -2743/-2906/-2731 -1744/-1888/-1739 
f -3246/-3414/-3232 -3013/-3178/-2998 -2357/-2516/-2349 -1132/-1253/-1138 
f -3460/-3628/-3444 -3461/-3629/-3445 -1131/-1252/-1137 -1130/-1251/-1136 
f -1129/-1250/-1135 -1128/-1249/-1134 -1127/-1248/-1133 -1126/-1247/-1132 
f -4868/-5040/-4839 -4669/-4841/-4640 -4670/-4842/-4641 -2385/-2544/-2377 
f -4724/-4896/-4695 -1808/-1952/-1802 -2516/-2675/-2502 -4723/-4895/-4694 
f -1528/-1661/-1525 -1529/-1662/-1526 -4917/-5089/-4887 -2120/-2275/-2113 
f -5138/-5310/-5106 -5139/-5311/-5107 -3628/-3797/-3611 -4659/-4831/-4630 
f -2851/-3016/-2836 -3045/-3210/-3030 -3024/-3189/-3009 -1666/-1806/-1662 
f -2023/-2173/-2016 -1738/-1882/-1733 -2119/-2274/-2112 -2117/-2272/-2110 
f -1125/-1246/-1131 -1124/-1245/-1130 -1123/-1244/-1129 -1122/-1243/-1128 
f -4739/-4911/-4710 -4740/-4912/-4711 -3858/-4030/-3838 -3194/-3362/-3180 
f -3964/-4136/-3941 -3256/-3424/-3242 -2849/-3014/-2834 -3963/-4135/-3940 
f -1121/-1242/-4836 -1120/-1241/-1127 -1119/-1240/-1126 -1118/-1239/-1125 
f -1117/-1238/-1124 -2222/-2378/-2215 -2223/-2379/-2216 -1116/-1237/-1123 
f -2518/-2677/-2504 -2228/-2384/-2221 -1755/-1899/-1750 -2517/-2676/-2503 
f -1115/-1236/-1122 -4610/-4782/-4581 -1127/-1248/-1133 -4889/-5061/-4860 
f -5133/-5305/-5101 -4573/-4745/-4544 -3567/-3736/-3551 -5132/-5304/-5100 
f -1542/-1675/-1539 -1210/-1235/-1211 -1788/-1932/-1782 -2078/-2233/-2072 
f -4522/-4694/-4494 -1114/-1234/-1121 -1113/-1233/-1120 -4521/-4693/-4493 
f -1112/-1232/-1119 -2822/-2987/-2808 -2823/-2988/-2809 -4652/-4824/-4623 
f -2706/-2869/-2694 -1111/-1231/-1118 -2216/-2372/-2209 -2217/-2373/-2210 
f -1110/-1230/-1117 -1109/-1229/-1116 -4791/-4963/-4762 -4788/-4960/-4759 
f -2149/-2304/-2142 -1802/-1946/-1796 -1803/-1947/-1797 -2152/-2307/-2145 
f -2039/-2190/-2032 -1108/-1228/-1115 -1107/-1227/-1114 -2611/-2772/-2598 
f -1334/-1464/-1334 -1106/-1226/-1113 -1105/-1225/-1112 -1104/-1224/-1111 
f -4919/-5091/-4889 -1103/-1223/-1110 -1102/-1222/-1109 -2638/-2799/-2625 
f -1101/-1221/-1108 -4550/-4722/-4521 -1100/-1220/-1107 -1099/-1219/-1106 
f -1098/-1218/-1105 -2446/-2605/-2435 -2447/-2606/-2436 -2153/-2308/-2146 
f -1097/-1217/-1104 -4208/-4380/-5205 -1966/-2115/-1960 -2920/-3085/-2905 
f -1168/-1291/-1171 -1843/-1987/-1837 -2842/-3007/-2827 -2843/-3008/-2828 
f -3072/-3239/-3058 -3073/-3240/-3059 -2259/-2416/-2253 -1286/-1415/-1288 
f -4468/-4640/-4440 -1096/-1216/-1103 -2736/-2899/-2724 -4467/-4639/-4439 
f -4090/-4262/-4066 -1601/-1735/-1594 -1095/-1215/-1102 -1094/-1214/-1101 
f -2048/-2199/-2041 -3514/-3683/-3498 -3512/-3681/-3496 -2163/-2318/-2156 
f -5011/-5183/-4979 -2021/-2171/-2014 -2019/-2169/-2012 -5010/-5182/-4978 
f -3726/-3895/-3707 -2879/-3044/-2864 -1093/-1213/-1100 -4067/-4239/-4043 
f -2954/-3119/-2939 -1661/-1800/-1656 -1092/-1212/-1099 -4620/-4792/-4591 
f -2012/-2162/-2005 -1091/-1211/-1098 -3685/-3854/-3667 -3686/-3855/-3668 
f -4188/-4360/-4163 -2605/-2766/-2592 -2603/-2764/-2590 -4187/-4359/-4162 
f -1090/-1210/-1097 -4364/-4536/-4336 -4485/-4657/-4457 -4486/-4658/-4458 
f -2561/-2722/-2548 -1771/-1915/-1766 -1089/-1209/-1096 -4153/-4325/-4128 
f -1580/-1714/-1573 -1088/-1208/-1095 -3783/-3955/-3764 -3784/-3956/-3765 
f -1087/-1207/-1094 -2250/-2407/-2244 -2251/-2408/-2245 -1086/-1206/-1093 
f -1417/-1549/-1416 -4457/-4629/-4429 -1085/-1205/-1092 -4552/-4724/-4523 
f -3340/-3508/-3324 -3341/-3509/-3325 -1672/-1814/-1668 -1084/-1204/-1091 
f -1083/-1203/-1090 -4011/-4183/-3988 -4012/-4184/-3989 -1082/-1202/-1089 
f -1902/-2049/-1896 -1081/-1201/-1088 -1080/-1200/-1087 -1901/-2048/-1895 
f -1079/-1199/-1086 -1078/-1198/-1085 -2446/-2605/-2435 -1098/-1218/-1105 
f -1722/-1866/-1719 -1077/-1197/-1084 -1076/-1196/-1083 -1721/-1865/-1718 
f -1075/-1195/-1082 -1074/-1194/-1081 -1073/-1193/-1080 -1072/-1192/-1079 
f -1071/-1191/-1078 -3666/-3835/-3648 -3664/-3833/-3646 -3643/-3812/-3625 
f -1822/-1966/-1816 -1823/-1967/-1817 -1070/-1190/-1077 -1069/-1189/-1076 
f -4794/-4966/-4765 -1374/-1504/-1373 -3274/-3442/-3259 -3640/-3809/-3622 
f -4667/-4839/-4638 -4664/-4836/-4635 -1068/-1188/-1075 -1067/-1187/-4276 
f -2501/-2660/-2488 -1216/-1340/-1217 -3619/-3788/-3603 -3617/-3786/-3601 
f -1066/-1186/-1074 -2595/-2756/-2582 -2596/-2757/-2583 -1241/-1367/-1244 
f -1065/-1185/-1073 -3483/-3652/-3467 -4442/-4614/-4414 -4003/-4175/-3980 
f -2974/-3139/-2959 -1935/-2084/-1929 -1064/-1184/-1072 -1063/-1183/-1071 
f -1062/-1182/-1070 -2484/-2643/-2471 -3601/-3770/-3585 -4560/-4732/-4531 
f -2297/-2454/-2290 -2295/-2452/-2288 -1611/-1745/-1603 -1631/-1765/-1623 
f -1061/-1181/-1069 -1060/-1180/-1068 -1059/-1179/-1067 -1058/-1178/-1066 
f -3795/-3967/-3776 -1057/-1177/-1065 -2175/-2330/-2168 -3794/-3966/-3775 
f -1056/-1176/-2917 -4182/-4354/-4157 -4183/-4355/-4158 -1055/-1175/-1064 
f -4441/-4613/-4413 -3482/-3651/-3466 -1650/-1785/-1642 -1176/-1299/-1179 
f -1499/-1632/-1496 -1500/-1633/-1497 -1054/-1174/-1063 -2241/-2398/-2235 
f -3165/-3333/-3151 -2772/-2935/-2760 -4612/-4784/-4583 -4613/-4785/-4584 
f -4326/-4498/-4298 -1053/-1173/-1062 -1052/-1172/-1061 -4325/-4497/-4297 
f -2132/-2287/-2125 -1472/-1604/-1469 -1051/-1171/-1060 -2242/-2399/-2236 
f -3202/-3370/-3188 -1050/-1170/-1059 -1049/-1169/-1058 -1048/-1168/-1057 
f -4148/-4320/-4123 -1047/-1167/-1056 -1046/-1166/-1055 -2563/-2724/-2550 
f -3780/-1165/-3761 -4341/-4513/-4313 -1045/-1164/-1054 -1044/-1163/-1053 
f -1155/-1277/-1159 -1153/-1275/-1157 -3634/-3803/-4599 -5072/-5244/-5040 
f -4553/-4725/-4524 -1522/-1655/-1519 -1417/-1549/-1416 -4552/-4724/-4523 
f -1043/-1162/-1052 -1042/-1161/-1051 -2059/-2210/-2052 -1041/-1160/-1050 
f -1821/-1965/-1815 -1040/-1159/-1049 -4893/-5065/-4863 -1039/-1158/-1048 
f -3877/-4049/-3857 -1038/-1157/-1047 -1319/-1449/-1321 -3876/-4048/-3856 
f -2561/-2722/-2548 -4153/-4325/-4128 -4154/-4326/-4129 -2635/-2796/-2622 
f -1037/-1156/-1046 -3315/-3483/-3299 -3316/-3484/-3300 -2384/-2543/-2376 
f -1036/-1155/-1045 -1035/-1154/-1044 -3233/-3401/-3219 -3234/-3402/-3220 
f -5038/-5210/-5006 -5039/-5211/-5007 -3068/-3235/-3054 -1914/-2063/-1909 
f -3951/-4123/-3928 -1328/-1458/-1330 -1034/-1153/-1043 -3950/-4122/-3927 
f -4470/-4642/-4442 -4467/-4639/-4439 -4010/-1152/-1042 -4007/-1151/-3984 
f -1033/-1150/-1041 -4033/-4205/-4009 -4034/-4206/-4010 -1032/-1149/-1040 
f -1936/-2085/-1930 -1031/-1148/-1039 -1692/-1836/-1689 -1935/-2084/-1929 
f -1030/-1147/-1038 -4128/-4300/-4103 -4129/-4301/-4104 -1029/-1146/-1037 
f -1028/-1145/-1036 -4533/-4705/-4505 -5223/-5395/-5191 -5220/-5392/-5188 
f -4429/-4601/-4401 -4430/-4602/-4402 -1027/-1144/-1035 -1026/-1143/-1034 
f -4864/-5036/-4835 -4861/-5033/-4832 -1025/-1142/-1033 -1024/-1141/-1032 
f -2088/-2243/-2082 -2089/-2244/-2083 -1023/-1140/-1031 -1022/-1139/-1030 
f -3835/-4007/-3816 -1594/-1728/-1587 -1272/-1401/-1274 -3834/-4006/-3815 
f -1021/-1138/-1029 -1885/-2029/-1878 -4533/-4705/-4505 -1028/-1145/-1036 
f -4513/-4685/-4485 -3829/-4001/-3810 -1778/-1922/-1773 -4512/-4684/-4484 
f -1020/-1137/-1028 -1927/-2076/-1921 -1928/-2077/-1922 -1019/-1136/-1027 
f -3850/-4022/-3830 -1018/-1135/-1026 -1541/-1674/-1538 -3849/-4021/-3829 
f -1576/-1710/-1569 -5237/-5409/-5205 -4208/-4380/-5205 -1097/-1217/-1104 
f -1017/-1134/-1025 -2958/-3123/-2943 -2144/-2299/-2137 -1016/-1133/-1024 
f -2240/-2397/-2234 -1015/-1132/-1023 -3895/-4067/-3875 -3896/-4068/-3876 
f -1014/-1131/-1022 -1013/-1130/-1021 -4345/-4517/-4317 -4346/-4518/-4318 
f -4355/-1129/-4327 -1044/-1163/-1053 -1045/-1164/-1054 -2024/-1128/-2017 
f -1012/-1127/-1020 -1516/-1649/-1513 -1333/-1463/-1402 -2368/-2527/-2360 
f -1033/-1150/-1041 -2016/-2166/-2009 -1011/-1126/-1019 -2318/-2475/-2310 
f -1010/-1125/-1018 -4953/-5125/-4923 -4954/-5126/-4924 -1641/-1775/-1633 
f -1009/-1124/-1017 -1008/-1123/-1016 -1007/-1122/-1015 -1344/-1474/-1344 
f -1006/-1121/-1014 -4784/-4956/-4755 -3000/-3165/-2985 -3001/-3166/-2986 
f -1255/-1383/-1257 -1005/-1120/-1013 -2745/-2908/-2733 -2746/-2909/-2734 
f -4841/-5013/-4812 -5023/-5195/-4991 -5024/-5196/-4992 -4844/-5016/-4815 
f -2645/-2806/-2632 -1004/-1119/-1012 -1003/-1118/-1011 -1002/-1117/-1010 
f -1001/-1116/-1009 -1000/-1115/-1008 -999/-1114/-1007 -4549/-4721/-4520 
f -3269/-3437/-3254 -3598/-3767/-3582 -3003/-3168/-2988 -2723/-2886/-2711 
f -1871/-2015/-1865 -2648/-2809/-2635 -2649/-2810/-2636 -1460/-1592/-1457 
f -3399/-3567/-3383 -4645/-4817/-4616 -1170/-1293/-1173 -1169/-1292/-1172 
f -998/-1113/-1006 -4775/-4947/-4746 -4382/-4554/-4354 -4383/-4555/-4355 
f -4358/-4530/-4330 -3522/-3691/-3506 -3519/-3688/-3503 -4357/-4529/-4329 
f -2401/-2560/-2392 -2402/-2561/-2393 -3468/-3636/-3452 -3469/-3637/-3453 
f -3014/-3179/-2999 -2356/-2515/-2348 -2357/-2516/-2349 -3013/-3178/-2998 
f -5091/-5263/-5059 -5092/-5264/-5060 -997/-1112/-1005 -2124/-2279/-2117 
f -3119/-3287/-3106 -2765/-2928/-2753 -3379/-3547/-3363 -3380/-3548/-3364 
f -4406/-4578/-4378 -4403/-4575/-4375 -2119/-2274/-2112 -1738/-1882/-1733 
f -996/-1111/-1004 -5330/-5502/-5297 -5331/-5503/-5298 -4904/-5076/-4874 
f -3864/-4036/-3844 -3865/-4037/-3845 -995/-1110/-1003 -994/-1109/-1002 
f -1010/-1125/-1018 -1641/-1775/-1633 -3272/-3440/-3257 -3690/-3859/-3672 
f -4550/-4722/-4521 -4551/-4723/-4522 -993/-1108/-1001 -1100/-1220/-1107 
f -1266/-1395/-1268 -992/-1107/-1000 -991/-1106/-999 -3714/-3883/-3695 
f -1566/-1700/-3182 -990/-1105/-998 -1281/-1410/-1283 -1565/-1699/-3182 
f -2629/-2790/-2616 -2392/-2551/-2383 -2225/-2381/-2218 -3768/-3938/-3749 
f -989/-1104/-997 -2142/-1103/-996 -1870/-2014/-1864 -1867/-2011/-1861 
f -988/-1102/-995 -987/-1101/-994 -986/-1100/-993 -985/-1099/-992 
f -984/-1098/-991 -983/-1097/-990 -982/-1096/-989 -981/-1095/-988 
f -1230/-1355/-1232 -3241/-3409/-3227 -980/-1094/-987 -979/-1093/-986 
f -3764/-3934/-3745 -3761/-3931/-3742 -978/-1092/-985 -977/-1091/-984 
f -1350/-1480/-1350 -976/-1090/-983 -2087/-2242/-2081 -2088/-2243/-2082 
f -975/-1089/-982 -974/-1088/-981 -3671/-3840/-3653 -973/-1087/-980 
f -1229/-1086/-1231 -972/-1085/-979 -971/-1084/-978 -970/-1083/-977 
f -3110/-3278/-3097 -969/-1082/-976 -968/-1081/-975 -2699/-2862/-2687 
f -1222/-1346/-1223 -1811/-1955/-1805 -4692/-4864/-4663 -4693/-4865/-4664 
f -3527/-3696/-3511 -2073/-2228/-2067 -4708/-4880/-4679 -4709/-4881/-4680 
f -1489/-1621/-1486 -967/-1080/-974 -966/-1079/-973 -1488/-1620/-1485 
f -965/-1078/-972 -2853/-3018/-2838 -2854/-3019/-2839 -2022/-2172/-2015 
f -964/-1077/-971 -2588/-2749/-2575 -2585/-2746/-2572 -963/-1076/-970 
f -4456/-4628/-4428 -1416/-1548/-1415 -962/-1075/-969 -961/-1074/-968 
f -5226/-5398/-5194 -960/-1073/-967 -959/-1072/-966 -3044/-3209/-3029 
f -2482/-2641/-2469 -2481/-2640/-2468 -1434/-1566/-1433 -3105/-3273/-3092 
f -958/-1071/-965 -957/-1070/-964 -2195/-2351/-2188 -2192/-2348/-2185 
f -3535/-3704/-3519 -1370/-1500/-1369 -956/-1069/-963 -4811/-4983/-4782 
f -2994/-3159/-2979 -955/-1068/-962 -954/-1067/-961 -1752/-1896/-1747 
f -3661/-3830/-3643 -1071/-1191/-1078 -953/-1066/-960 -3660/-3829/-3642 
f -952/-1065/-959 -951/-1064/-958 -950/-1063/-957 -3804/-3976/-3785 
f -949/-1062/-956 -948/-1061/-955 -947/-1060/-954 -2889/-3054/-2874 
f -2475/-2634/-2462 -3222/-3390/-3208 -3505/-3674/-3489 -3506/-3675/-3490 
f -946/-1059/-953 -945/-1058/-952 -944/-1057/-951 -4651/-4823/-4622 
f -943/-1056/-950 -1990/-2140/-2372 -4095/-4267/-4071 -4096/-4268/-4072 
f -5056/-5228/-5024 -942/-1055/-949 -4188/-4360/-4163 -4185/-4357/-4160 
f -941/-1054/-948 -940/-1053/-947 -1673/-1815/-1669 -4745/-4917/-4716 
f -1461/-1593/-1458 -939/-1052/-946 -938/-1051/-945 -1484/-1616/-1481 
f -4695/-4867/-4666 -4696/-4868/-4667 -4565/-4737/-4536 -937/-1050/-944 
f -3019/-3184/-3004 -936/-1049/-943 -3551/-3720/-3535 -3167/-3335/-3153 
f -3229/-3397/-3215 -3230/-3398/-3216 -3089/-3256/-3075 -3090/-3257/-3076 
f -1836/-1980/-1830 -1837/-1981/-1831 -935/-1048/-942 -4631/-4803/-4602 
f -3775/-3947/-3756 -3776/-3948/-3757 -4765/-4937/-4736 -934/-1047/-941 
f -4561/-1046/-4532 -933/-1045/-940 -932/-1044/-939 -4076/-1043/-4052 
f -4263/-4435/-4236 -931/-1042/-938 -4729/-4901/-4700 -4262/-4434/-4235 
f -930/-1041/-937 -1493/-1625/-1490 -1494/-1626/-1491 -929/-1040/-936 
f -3187/-3355/-3173 -2024/-1128/-2017 -1045/-1164/-1054 -3186/-3354/-3172 
f -928/-1039/-935 -5098/-5270/-5066 -5099/-5271/-5067 -3455/-3623/-3439 
f -2969/-3134/-2954 -2400/-2559/-2391 -3610/-3779/-3594 -3611/-3780/-3595 
f -5121/-5293/-5089 -5101/-5273/-5069 -3500/-3669/-3484 -5120/-5292/-5088 
f -3709/-3878/-3690 -3710/-3879/-3691 -3719/-3888/-3700 -4120/-4292/-4095 
f -3749/-3918/-3730 -5332/-5504/-5299 -5333/-5505/-5300 -5028/-5200/-4996 
f -927/-1038/-934 -926/-1037/-933 -4901/-5073/-4871 -4902/-5074/-4872 
f -2597/-2758/-2584 -4878/-5050/-4849 -1623/-1757/-1615 -2596/-2757/-2583 
f -925/-1036/-932 -2015/-2165/-2008 -1032/-1149/-1040 -1177/-1300/-1180 
f -1434/-1566/-1433 -924/-1035/-931 -923/-1034/-930 -1433/-1565/-1432 
f -2354/-2513/-2346 -4238/-4410/-4211 -4239/-4411/-4212 -2353/-2512/-2345 
f -4810/-4982/-4781 -2797/-2960/-2784 -922/-1033/-929 -4809/-4981/-4780 
f -4910/-5082/-4880 -4907/-5079/-4877 -2935/-3100/-2920 -921/-1032/-928 
f -920/-1031/-927 -919/-1030/-926 -918/-1029/-925 -917/-1028/-924 
f -1462/-1594/-1459 -3180/-3348/-3166 -3181/-3349/-3167 -916/-1027/-923 
f -4698/-4870/-4669 -4586/-4758/-4557 -4587/-4759/-4558 -4493/-4665/-4465 
f -915/-1026/-922 -914/-1025/-921 -2621/-2782/-2608 -2622/-2783/-2609 
f -2700/-2863/-2688 -1842/-1986/-1836 -3110/-3278/-3097 -2699/-2862/-2687 
f -3221/-3389/-3207 -1768/-1912/-1763 -2068/-2221/-2062 -3220/-3388/-3206 
f -4443/-4615/-4415 -4006/-4178/-3983 -4003/-4175/-3980 -4442/-4614/-4414 
f -3579/-3748/-3563 -1948/-2097/-1942 -1949/-2098/-1943 -4804/-4976/-4775 
f -2928/-3093/-2913 -2094/-2249/-2088 -2151/-2306/-2144 -2927/-3092/-2912 
f -913/-1024/-920 -1166/-1289/-1169 -1165/-1288/-1168 -3310/-1023/-919 
f -1568/-1702/-1562 -1565/-1699/-3182 -1282/-1411/-1284 -912/-1022/-918 
f -2219/-2375/-2212 -911/-1021/-917 -1250/-1376/-1252 -910/-1020/-916 
f -909/-1019/-915 -2178/-2333/-2171 -2179/-2334/-2172 -3064/-3231/-3050 
f -908/-1018/-914 -2691/-2854/-2679 -3411/-3579/-3395 -907/-1017/-913 
f -2105/-2260/-2099 -2106/-2261/-2100 -2453/-2612/-2442 -906/-1016/-912 
f -2936/-3101/-2921 -1403/-1533/-1401 -905/-1015/-911 -4025/-4197/-4001 
f -1582/-1716/-1575 -1179/-1302/-1182 -4034/-4206/-4010 -4035/-4207/-4011 
f -4202/-4374/-4177 -4203/-4375/-4178 -1866/-2010/-1860 -1583/-1717/-1576 
f -904/-1014/-910 -2045/-2196/-2038 -2046/-2197/-2039 -3632/-3801/-3615 
f -903/-1013/-909 -1993/-2143/-1986 -1674/-1816/-1670 -1675/-1817/-1671 
f -1776/-1920/-1771 -902/-1012/-908 -1486/-1618/-1483 -901/-1011/-907 
f -3332/-3500/-3316 -4118/-4290/-4093 -3376/-3544/-3360 -900/-1010/-906 
f -1798/-1942/-1792 -899/-1009/-905 -898/-1008/-904 -1797/-1941/-1791 
f -4630/-4802/-4601 -4631/-4803/-4602 -935/-1048/-942 -897/-1007/-903 
f -3854/-4026/-3834 -1362/-1492/-1361 -4752/-4924/-4723 -3853/-4025/-3833 
f -1392/-1522/-1390 -3765/-3935/-3746 -3766/-3936/-3747 -3261/-3429/-3246 
f -1297/-1427/-1299 -896/-1006/-902 -895/-1005/-901 -1296/-1426/-1298 
f -2334/-2493/-2327 -2331/-2490/-2324 -894/-1004/-900 -893/-1003/-899 
f -892/-1002/-898 -891/-1001/-897 -1349/-1479/-1349 -1022/-1139/-1030 
f -1555/-1689/-1552 -1156/-1278/-1160 -1157/-1279/-1161 -890/-1000/-896 
f -940/-1053/-947 -3041/-3206/-3026 -3042/-3207/-3027 -1673/-1815/-1669 
f -4679/-4851/-4650 -4676/-4848/-4647 -4278/-4450/-4251 -4279/-4451/-4252 
f -1549/-1682/-1546 -3789/-3961/-3770 -1412/-1542/-1410 -1551/-1685/-1548 
f -4272/-4444/-4245 -889/-999/-895 -5152/-5324/-5120 -4271/-4443/-4244 
f -2963/-3128/-2948 -2227/-2383/-2220 -888/-998/-894 -4684/-4856/-4655 
f -1890/-2035/-1883 -1823/-1967/-1817 -1824/-1968/-1818 -1889/-2034/-1882 
f -2503/-2662/-2489 -4956/-5128/-4926 -4957/-5129/-4927 -2502/-2661/-4553 
f -1474/-1606/-1471 -1518/-1651/-1515 -887/-997/-893 -3925/-4097/-3903 
f -886/-996/-892 -4762/-4934/-4733 -3502/-3671/-3486 -885/-995/-891 
f -884/-994/-890 -4885/-5057/-4856 -883/-993/-889 -3521/-992/-3505 
f -3566/-3735/-3550 -3567/-3736/-3551 -4573/-4745/-4544 -882/-991/-888 
f -881/-990/-887 -1224/-1348/-1225 -1323/-1453/-1325 -1324/-1454/-1326 
f -1087/-1207/-1094 -880/-989/-886 -2397/-2556/-2388 -2398/-2557/-2389 
f -879/-988/-885 -2604/-2765/-2591 -4121/-4293/-4096 -5285/-5457/-5253 
f -878/-987/-884 -877/-986/-883 -3041/-3206/-3026 -940/-1053/-947 
f -1825/-1969/-1819 -1822/-1966/-1816 -4014/-4186/-3990 -4277/-4449/-4250 
f -1705/-1849/-1702 -876/-985/-882 -1792/-1936/-1786 -2536/-2695/-2522 
f -3476/-3644/-3460 -875/-984/-881 -874/-983/-880 -3475/-3643/-3459 
f -1119/-1240/-1126 -873/-982/-879 -872/-981/-1126 -1118/-1239/-1125 
f -871/-980/-878 -870/-979/-877 -869/-978/-876 -868/-977/-875 
f -867/-976/-874 -866/-975/-873 -1048/-1168/-1057 -1049/-1169/-1058 
f -865/-974/-872 -2323/-2480/-2315 -3682/-3851/-3664 -2731/-2894/-2719 
f -2518/-2677/-2504 -1750/-1894/-1745 -2227/-2383/-2220 -2228/-2384/-2221 
f -1042/-1161/-1051 -864/-973/-4550 -863/-972/-871 -4800/-4972/-4771 
f -3425/-3593/-3409 -3443/-3611/-3427 -3440/-3608/-3424 -4317/-4489/-4289 
f -3461/-3629/-3445 -3462/-3630/-3446 -862/-971/-870 -1852/-1996/-1846 
f -4693/-4865/-4664 -4694/-4866/-4665 -3408/-3576/-3392 -4411/-4583/-4383 
f -3615/-3784/-3599 -3616/-3785/-3600 -3806/-3978/-3787 -2548/-2709/-2535 
f -1699/-1843/-1696 -1696/-1840/-1693 -2769/-2932/-2757 -2770/-2933/-2758 
f -3396/-3564/-3380 -3397/-3565/-3381 -861/-970/-869 -2528/-2687/-2514 
f -5206/-5378/-5174 -3449/-3617/-3433 -3448/-3616/-3432 -5205/-5377/-5173 
f -860/-969/-868 -859/-968/-867 -858/-967/-866 -1424/-1556/-1423 
f -938/-1051/-945 -1339/-1469/-1339 -1756/-1900/-1751 -857/-966/-865 
f -856/-965/-864 -1365/-1495/-1364 -3982/-4154/-3959 -3983/-4155/-3960 
f -2265/-2422/-2259 -2440/-2599/-2430 -2441/-2600/-2431 -2264/-2421/-2258 
f -5057/-5229/-5025 -5054/-5226/-5022 -1745/-1889/-1740 -855/-964/-863 
f -2014/-2164/-2007 -854/-963/-862 -3138/-3306/-3125 -2013/-2163/-2006 
f -1295/-1425/-1297 -853/-962/-861 -852/-961/-860 -4934/-5106/-4904 
f -1194/-1317/-1195 -851/-960/-859 -850/-959/-858 -1587/-1721/-1580 
f -849/-958/-857 -2807/-2971/-2794 -3079/-2972/-3065 -1172/-957/-1175 
f -848/-956/-856 -1133/-1254/-1139 -4155/-4327/-4130 -4778/-4950/-4749 
f -847/-955/-855 -4345/-4517/-4317 -1013/-1130/-1021 -846/-954/-854 
f -1471/-1603/-1468 -845/-953/-853 -2489/-2648/-2476 -2490/-2649/-2477 
f -1586/-1720/-1579 -1587/-1721/-1580 -850/-959/-858 -844/-952/-852 
f -843/-951/-851 -842/-950/-850 -841/-949/-849 -840/-948/-848 
f -2369/-2528/-2361 -2886/-3051/-2871 -2883/-3048/-2868 -839/-947/-847 
f -1247/-1373/-1249 -4236/-4408/-4209 -1167/-1290/-1170 -1246/-1372/-1248 
f -5011/-5183/-4979 -838/-946/-846 -837/-945/-845 -2021/-2171/-2014 
f -2433/-2592/-2423 -3697/-3866/-3678 -2376/-2535/-2368 -2432/-2591/-2422 
f -887/-997/-893 -1621/-1755/-1613 -3924/-4096/-3902 -3925/-4097/-3903 
f -3809/-3981/-3790 -3621/-3790/-4116 -4123/-4295/-4098 -3808/-3980/-3789 
f -3791/-3963/-3772 -2229/-2385/-2222 -2102/-2257/-2096 -1753/-1897/-1748 
f -836/-944/-844 -3178/-3346/-3164 -3832/-4004/-3813 -3833/-4005/-3814 
f -1418/-1550/-1417 -4297/-4469/-4269 -4298/-4470/-4270 -2167/-2322/-2160 
f -4892/-5064/-4862 -4893/-5065/-4863 -1040/-1159/-1049 -2710/-2873/-2698 
f -835/-943/-843 -2990/-3155/-2975 -2991/-3156/-2976 -834/-942/-842 
f -1093/-1213/-1100 -2879/-3044/-2864 -833/-941/-841 -832/-940/-840 
f -1105/-939/-839 -2837/-3002/-2822 -2219/-2375/-2212 -910/-1020/-916 
f -831/-938/-838 -830/-937/-838 -3711/-3880/-3692 -3712/-3881/-3693 
f -829/-936/-837 -4483/-4655/-4455 -3646/-3815/-3628 -2216/-2372/-2209 
f -4233/-4405/-4206 -1407/-1537/-1405 -4506/-4678/-4478 -4503/-4675/-4475 
f -828/-935/-836 -827/-934/-835 -2081/-2236/-2075 -3935/-4107/-3913 
f -1516/-1649/-1513 -2632/-2793/-2619 -826/-933/-834 -1333/-1463/-1402 
f -4661/-4833/-4632 -2266/-2423/-2260 -825/-932/-833 -824/-931/-832 
f -823/-930/-831 -1151/-1273/-1155 -1152/-1274/-1156 -822/-929/-830 
f -821/-928/-829 -2211/-2367/-2204 -2208/-2364/-2201 -820/-927/-828 
f -819/-926/-827 -3154/-3322/-3141 -3155/-3323/-3142 -818/-925/-826 
f -2110/-2265/-2104 -1536/-1669/-1533 -2833/-2998/-3163 -2834/-2999/-2819 
f -1737/-1881/-1732 -817/-924/-825 -816/-923/-824 -2122/-2277/-2115 
f -3113/-3281/-3100 -815/-922/-823 -3625/-3794/-3608 -3622/-3791/-3605 
f -814/-921/-822 -813/-920/-821 -1926/-2075/-1920 -1927/-2076/-1921 
f -812/-919/-820 -811/-918/-819 -4780/-4952/-4751 -810/-917/-818 
f -1241/-1367/-1244 -3987/-4159/-3964 -3265/-3433/-3250 -1066/-1186/-1074 
f -997/-1112/-1005 -5092/-5264/-5060 -809/-916/-817 -808/-915/-816 
f -807/-914/-815 -806/-913/-814 -1591/-1725/-1584 -1589/-1723/-1582 
f -805/-912/-813 -3669/-3838/-3651 -3670/-3839/-3652 -3233/-3401/-3219 
f -3161/-911/-3147 -3867/-4039/-3847 -3888/-4060/-3868 -3889/-4061/-3869 
f -3670/-3839/-3652 -4165/-4337/-4140 -4166/-4338/-4141 -3232/-3400/-3218 
f -2286/-2443/-2280 -4166/-4338/-4141 -4167/-4339/-4142 -4469/-4641/-4441 
f -804/-910/-5040 -803/-909/-812 -2383/-2542/-2375 -4582/-4754/-4553 
f -1929/-2078/-1923 -802/-908/-811 -1102/-1222/-1109 -3473/-3641/-3457 
f -3727/-3896/-3708 -3995/-4167/-3972 -3996/-4168/-3973 -1554/-1688/-1551 
f -966/-1079/-973 -967/-1080/-974 -1238/-1364/-1241 -1239/-1365/-1242 
f -1068/-1188/-1075 -801/-907/-810 -886/-996/-892 -885/-995/-891 
f -3288/-3456/-3273 -3289/-3457/-3274 -800/-906/-809 -2156/-2311/-2149 
f -5078/-5250/-5046 -4527/-4699/-4499 -1164/-1287/-1167 -1910/-2059/-1905 
f -879/-988/-885 -799/-905/-3063 -2603/-2764/-2590 -2604/-2765/-2591 
f -798/-904/-808 -797/-903/-807 -796/-902/-806 -795/-901/-805 
f -2532/-2691/-2518 -3468/-3636/-3452 -2402/-2561/-2393 -794/-900/-1632 
f -1635/-1769/-1627 -971/-1084/-978 -972/-1085/-979 -1639/-1773/-1631 
f -2401/-2560/-2392 -3469/-3637/-3453 -3552/-3721/-3536 -3553/-3722/-3537 
f -5141/-5313/-5109 -5142/-5314/-5110 -3057/-3222/-3042 -793/-899/-804 
f -4681/-4853/-4652 -4682/-4854/-4653 -792/-898/-803 -4391/-4563/-4363 
f -3062/-3229/-3048 -4230/-4402/-4203 -4981/-5153/-4949 -4982/-5154/-4950 
f -2204/-2360/-2197 -791/-897/-802 -790/-896/-801 -1786/-1930/-1780 
f -789/-895/-3007 -788/-894/-800 -1311/-1441/-1313 -964/-1077/-971 
f -4502/-4674/-4474 -5255/-5427/-5223 -787/-893/-799 -3631/-3800/-3614 
f -2868/-3033/-2853 -5174/-5346/-5142 -5175/-5347/-5143 -786/-892/-798 
f -1067/-1187/-4276 -3695/-3864/-3790 -3696/-3865/-3677 -859/-968/-867 
f -5090/-5262/-5058 -3855/-4027/-3835 -3856/-4028/-3836 -5093/-5265/-5061 
f -1887/-2032/-1880 -913/-891/-920 -4343/-4515/-4315 -1886/-2031/-1879 
f -951/-1064/-958 -952/-1065/-959 -785/-890/-797 -784/-889/-796 
f -986/-1100/-993 -987/-1101/-994 -783/-888/-795 -3805/-3977/-3786 
f -1211/-1335/-1212 -782/-887/-794 -4633/-4805/-4604 -3304/-3472/-3288 
f -4803/-4975/-4774 -4804/-4976/-4775 -1949/-2098/-1943 -781/-886/-793 
f -5292/-5464/-5259 -2742/-2905/-2730 -4308/-4480/-4280 -5291/-5463/-5258 
f -780/-885/-792 -3617/-3786/-3601 -3618/-3787/-3602 -3392/-3560/-3376 
f -2688/-2851/-2676 -880/-989/-886 -1087/-1207/-1094 -1086/-1206/-1093 
f -4762/-4934/-4733 -4763/-4935/-4734 -3503/-3672/-3487 -3502/-3671/-3486 
f -4484/-4656/-4456 -779/-884/-791 -5034/-5206/-5002 -3645/-3814/-3627 
f -778/-883/-790 -1988/-2138/-1982 -5163/-5335/-5131 -5160/-5332/-5128 
f -3721/-3890/-3702 -3722/-3891/-3703 -2200/-2356/-2193 -777/-882/-789 
f -2797/-2960/-2784 -2798/-2961/-2785 -1389/-1519/-1387 -922/-1033/-929 
f -4303/-4475/-4275 -5280/-5452/-5248 -4099/-4271/-4075 -4305/-4477/-4277 
f -2304/-2461/-2297 -2739/-2902/-2727 -776/-881/-788 -775/-880/-787 
f -2372/-2531/-2364 -5259/-5431/-5227 -5256/-5428/-5224 -2371/-2530/-2363 
f -774/-879/-786 -3053/-3218/-3038 -4978/-5150/-4946 -4975/-5147/-4943 
f -3830/-4002/-3811 -1009/-1124/-1017 -4931/-5103/-4901 -773/-878/-785 
f -4129/-4301/-4104 -4961/-5133/-4931 -1730/-1874/-1725 -1029/-1146/-1037 
f -4730/-4902/-4701 -4731/-4903/-4702 -772/-877/-784 -771/-876/-783 
f -1971/-2120/-1965 -770/-875/-782 -1348/-1478/-1348 -769/-874/-781 
f -3889/-873/-3869 -768/-872/-780 -3160/-3328/-3146 -3161/-3329/-3147 
f -3011/-3176/-2996 -2482/-2641/-2469 -3105/-3273/-3092 -3106/-3274/-3093 
f -767/-871/-779 -766/-870/-778 -765/-869/-777 -1249/-1375/-1251 
f -4584/-4756/-4555 -4581/-4753/-4552 -1366/-1496/-1365 -1728/-1872/-1724 
f -1825/-1969/-1819 -1335/-1465/-1335 -764/-868/-776 -1824/-1968/-1818 
f -763/-867/-775 -762/-866/-774 -4623/-4795/-4594 -1969/-2118/-1963 
f -848/-956/-856 -1679/-1821/-1675 -761/-865/-773 -760/-864/-4928 
f -759/-863/-772 -758/-862/-771 -2979/-3144/-2964 -3206/-3374/-3192 
f -2218/-2374/-2211 -3293/-3461/-3278 -4896/-5068/-4866 -3640/-3809/-3622 
f -1731/-1875/-1726 -4409/-4581/-4381 -2547/-2708/-2534 -1734/-1878/-1729 
f -1294/-1424/-1296 -757/-861/-770 -1253/-1381/-1255 -1495/-1628/-1492 
f -756/-860/-769 -773/-878/-785 -4931/-5103/-4901 -4932/-5104/-4902 
f -755/-859/-768 -1879/-2023/-1872 -895/-1005/-901 -896/-1006/-902 
f -3071/-3238/-3057 -3292/-3460/-3277 -3293/-3461/-3278 -2218/-2374/-2211 
f -2634/-2795/-2621 -2631/-2792/-2618 -4570/-4742/-4541 -754/-858/-767 
f -753/-857/-766 -999/-1114/-1007 -3970/-4142/-3947 -752/-856/-765 
f -2913/-3078/-2898 -1320/-1450/-1322 -751/-855/-764 -750/-854/-763 
f -1122/-1243/-1128 -2069/-2222/-2063 -2068/-2221/-2062 -1768/-1912/-1763 
f -1069/-1189/-1076 -4013/-4185/-4868 -4014/-4186/-3990 -1822/-1966/-1816 
f -2586/-2747/-2573 -2587/-2748/-2574 -749/-853/-762 -748/-852/-761 
f -1722/-1866/-1719 -1048/-1168/-1057 -866/-975/-873 -1077/-1197/-1084 
f -747/-851/-760 -1258/-1386/-1260 -3081/-3248/-3067 -995/-1110/-1003 
f -3672/-3841/-3654 -3258/-3426/-3243 -3964/-4136/-3941 -3961/-4133/-3938 
f -2418/-2577/-2408 -746/-850/-759 -2818/-2983/-2804 -2819/-2984/-2805 
f -4244/-4416/-4217 -4881/-5053/-4852 -1653/-1790/-1647 -1652/-1787/-1644 
f -3277/-3445/-3262 -3278/-3446/-3263 -1513/-1646/-1510 -1514/-1647/-1511 
f -745/-849/-758 -744/-848/-757 -743/-847/-756 -1820/-1964/-1814 
f -742/-846/-755 -741/-845/-754 -3235/-3403/-3221 -740/-844/-753 
f -4795/-4967/-4766 -739/-843/-752 -2415/-2574/-2405 -2416/-2575/-2406 
f -3523/-3692/-3507 -1835/-1979/-1829 -738/-842/-751 -737/-841/-750 
f -736/-840/-749 -2857/-3022/-2842 -1486/-1618/-1483 -902/-1012/-908 
f -4567/-4739/-4538 -5248/-5420/-5216 -5249/-5421/-5217 -3423/-3591/-3407 
f -1237/-1363/-1240 -735/-839/-748 -734/-838/-747 -1240/-1366/-1243 
f -733/-837/-746 -732/-836/-745 -3840/-4012/-3821 -3841/-4013/-3822 
f -1058/-1178/-1066 -1059/-1179/-1067 -731/-835/-744 -730/-834/-743 
f -729/-833/-742 -728/-832/-741 -1468/-1600/-1465 -727/-831/-740 
f -726/-830/-739 -748/-852/-761 -749/-853/-762 -725/-829/-738 
f -724/-828/-737 -1452/-1584/-1449 -2070/-2224/-2064 -2071/-2225/-2065 
f -1012/-1127/-1020 -839/-947/-847 -2723/-2886/-2711 -2724/-2887/-2712 
f -4104/-4276/-4080 -2312/-2469/-2305 -3330/-3498/-3314 -4107/-4279/-4083 
f -1647/-1782/-1639 -1648/-1783/-1640 -1326/-1456/-1328 -723/-827/-736 
f -2028/-2179/-2021 -2025/-2176/-2018 -1475/-1607/-1472 -1447/-1579/-3063 
f -730/-834/-743 -731/-835/-744 -2822/-2987/-2808 -1112/-1232/-1119 
f -3167/-3335/-3153 -906/-1016/-912 -3018/-3183/-3003 -3019/-3184/-3004 
f -3493/-3662/-3477 -3490/-3659/-3474 -722/-826/-735 -721/-825/-734 
f -720/-824/-733 -719/-823/-732 -718/-822/-731 -717/-821/-730 
f -2857/-3022/-2842 -736/-840/-749 -1470/-1602/-1467 -4716/-4888/-4687 
f -804/-910/-5040 -2384/-2543/-2376 -4077/-4249/-4053 -803/-909/-812 
f -716/-820/-729 -802/-908/-811 -1929/-2078/-1923 -1926/-2075/-1920 
f -715/-819/-728 -714/-818/-727 -4214/-4386/-4188 -713/-817/-726 
f -712/-816/-725 -4045/-4217/-4021 -3207/-3375/-3193 -1394/-1524/-1392 
f -923/-1034/-930 -711/-815/-724 -811/-918/-819 -1433/-1565/-1432 
f -833/-941/-841 -1182/-1305/-1185 -2865/-3030/-2850 -832/-940/-840 
f -1269/-1398/-1271 -4190/-4362/-4165 -4156/-4328/-4131 -4155/-4327/-4130 
f -1496/-1629/-1493 -1813/-1957/-1807 -1008/-1123/-1016 -3831/-4003/-3812 
f -710/-814/-723 -709/-813/-722 -2549/-2710/-2536 -1138/-1259/-1143 
f -708/-812/-721 -1922/-2071/-1916 -2950/-3115/-2935 -1109/-1229/-1116 
f -3441/-3609/-3425 -4272/-4444/-4245 -4273/-4445/-4246 -3440/-3608/-3424 
f -2661/-2822/-2648 -2662/-2823/-2649 -1723/-1867/-1720 -1724/-1868/-1721 
f -2864/-3029/-2849 -1180/-1303/-1183 -707/-811/-720 -706/-810/-719 
f -4623/-4795/-4594 -4624/-4796/-4595 -3993/-4165/-3970 -1969/-2118/-1963 
f -856/-965/-864 -3983/-4155/-3960 -705/-809/-718 -1129/-1250/-1135 
f -1573/-1707/-1567 -704/-808/-717 -703/-807/-716 -702/-806/-715 
f -4097/-4269/-4073 -2817/-2982/-2803 -4044/-4216/-4020 -3966/-4138/-3943 
f -3684/-3853/-3666 -3682/-3851/-3664 -2323/-2480/-2315 -2714/-2877/-2702 
f -5096/-5268/-5064 -5097/-5269/-5065 -701/-805/-714 -700/-804/-713 
f -699/-803/-712 -5156/-5328/-5124 -1571/-1705/-1565 -698/-802/-711 
f -1478/-1610/-1475 -1442/-1574/-1441 -697/-801/-710 -1477/-1609/-1474 
f -5227/-5399/-5195 -696/-800/-709 -960/-1073/-967 -5226/-5398/-5194 
f -1409/-1539/-1407 -695/-799/-708 -3543/-3712/-3527 -3544/-3713/-3528 
f -694/-798/-707 -693/-797/-706 -1528/-1661/-1525 -2120/-2275/-2113 
f -3420/-3588/-3404 -692/-796/-705 -1381/-1511/-1379 -3419/-3587/-3403 
f -1397/-1527/-1395 -4127/-4299/-4102 -4128/-4300/-4103 -4815/-4987/-4786 
f -691/-795/-704 -690/-794/-703 -1405/-1535/-1403 -1406/-1536/-1404 
f -3041/-3206/-3026 -877/-986/-883 -2495/-2654/-2482 -3040/-3205/-3025 
f -2376/-2535/-2368 -3697/-3866/-3678 -3698/-3867/-3679 -689/-793/-702 
f -688/-792/-701 -687/-791/-700 -4927/-5099/-4897 -686/-790/-699 
f -1055/-1175/-1064 -685/-789/-698 -684/-788/-697 -2112/-2267/-2105 
f -683/-787/-696 -682/-786/-695 -681/-785/-694 -680/-784/-693 
f -1430/-1562/-1429 -4614/-4786/-4585 -4615/-4787/-4586 -679/-783/-692 
f -1080/-782/-691 -678/-781/-690 -677/-780/-689 -978/-1092/-985 
f -676/-779/-688 -675/-778/-687 -674/-777/-686 -2826/-2991/-2812 
f -673/-776/-685 -3284/-3452/-3269 -3285/-3453/-3270 -3962/-4134/-3939 
f -1446/-1578/-1444 -3448/-3616/-3432 -5305/-5477/-5272 -2832/-2997/-2818 
f -1291/-1421/-1293 -1292/-1422/-1294 -672/-775/-684 -671/-774/-683 
f -2665/-2826/-2652 -4984/-5156/-4952 -4985/-5157/-4953 -2664/-2825/-2651 
f -4327/-4499/-4299 -4328/-4500/-4300 -1912/-2061/-1907 -670/-773/-682 
f -1301/-1431/-1303 -928/-1039/-935 -669/-772/-681 -1300/-1430/-1302 
f -5294/-5466/-5261 -5291/-5463/-5258 -4306/-4478/-4278 -2968/-3133/-2953 
f -668/-771/-680 -3906/-4078/-3932 -3907/-4079/-3886 -667/-770/-679 
f -3117/-3285/-3104 -666/-769/-678 -5032/-5204/-5000 -3160/-3328/-3146 
f -3126/-3294/-3113 -2812/-2977/-2799 -665/-768/-677 -664/-767/-676 
f -3565/-3734/-3549 -849/-958/-857 -4472/-4644/-4444 -2052/-2203/-2045 
f -1929/-2078/-1923 -3473/-3641/-3457 -3474/-3642/-3458 -1928/-2077/-1922 
f -1652/-1787/-1644 -4895/-1788/-1645 -3294/-766/-675 -663/-765/-674 
f -662/-764/-673 -661/-763/-2804 -2647/-2808/-2634 -2531/-2690/-2517 
f -3579/-3748/-3563 -1864/-2008/-1858 -1862/-2006/-1856 -1948/-2097/-1942 
f -660/-762/-672 -702/-806/-715 -703/-807/-716 -2846/-761/-2831 
f -3524/-3693/-3508 -3525/-3694/-3509 -989/-760/-997 -659/-759/-671 
f -781/-886/-793 -658/-758/-670 -657/-757/-669 -4803/-4975/-4774 
f -4990/-5162/-4958 -2896/-3061/-2881 -2540/-2699/-2526 -3366/-3534/-3350 
f -1228/-1353/-1230 -3338/-3506/-3322 -3339/-3507/-3323 -2590/-2751/-2577 
f -1481/-1613/-1478 -790/-896/-801 -791/-897/-802 -3050/-3215/-3035 
f -4678/-4850/-4649 -868/-756/-875 -4819/-4991/-4790 -4677/-4849/-4648 
f -4674/-4846/-4645 -4642/-4814/-4613 -2067/-2218/-2060 -4673/-4845/-4644 
f -985/-1099/-992 -656/-755/-668 -1602/-1736/-1595 -988/-1102/-995 
f -2201/-2357/-2194 -1159/-1281/-1163 -954/-1067/-961 -955/-1068/-962 
f -655/-754/-667 -3197/-3365/-3183 -3198/-3366/-3184 -654/-753/-666 
f -2290/-2447/-2284 -2948/-3113/-2933 -2949/-3114/-2934 -2289/-2446/-2283 
f -4836/-5008/-4807 -2856/-3021/-2841 -2853/-3018/-2838 -4835/-5007/-4806 
f -653/-752/-665 -1569/-1703/-1563 -4275/-4447/-4248 -4276/-4448/-4249 
f -691/-795/-704 -652/-751/-664 -651/-750/-663 -650/-749/-662 
f -4091/-4263/-4067 -4092/-4264/-4068 -2164/-2319/-2157 -2165/-2320/-2158 
f -1527/-1660/-1524 -649/-748/-661 -2550/-2711/-2537 -2562/-2723/-2549 
f -648/-747/-660 -3123/-3291/-3110 -3536/-3705/-3520 -3533/-3702/-3517 
f -2939/-3104/-2924 -2936/-3101/-2921 -4025/-4197/-4001 -4026/-4198/-4002 
f -1267/-1396/-1269 -2993/-3158/-2978 -2990/-3155/-2975 -1861/-2005/-1855 
f -1080/-782/-691 -978/-1092/-985 -3761/-3931/-3742 -1901/-746/-1895 
f -2410/-2569/-2400 -4185/-4357/-4160 -4186/-4358/-4161 -647/-745/-659 
f -3071/-3238/-3057 -3171/-3339/-3157 -3172/-3340/-3158 -3070/-3237/-3056 
f -3860/-4032/-3840 -646/-744/-658 -2513/-2672/-2499 -2514/-2673/-2500 
f -2195/-2351/-2188 -645/-743/-657 -644/-742/-656 -2194/-2350/-2187 
f -1110/-1230/-1117 -3471/-3639/-3455 -708/-812/-721 -1109/-1229/-1116 
f -3653/-3822/-3635 -1137/-1258/-1142 -643/-741/-655 -2817/-2982/-2803 
f -3829/-4001/-3810 -3830/-4002/-3811 -773/-878/-785 -642/-740/-3810 
f -3511/-3680/-3495 -3508/-3677/-3492 -1113/-1233/-1120 -1114/-1234/-1121 
f -1808/-1952/-1802 -3318/-3486/-3302 -3485/-3654/-3469 -3486/-3655/-3470 
f -5313/-5485/-5280 -5324/-5496/-5291 -5325/-5497/-5292 -4945/-5117/-4915 
f -1606/-1740/-2242 -2247/-2404/-2241 -2248/-2405/-2242 -641/-739/-654 
f -2253/-2410/-2247 -2254/-2411/-2248 -1147/-1269/-1152 -1148/-1270/-1522 
f -4852/-5024/-4823 -1161/-1283/-1165 -640/-738/-653 -1501/-1634/-1498 
f -1395/-1525/-1393 -1531/-1664/-1528 -3848/-4020/-3828 -2461/-2620/-3828 
f -1232/-1357/-1234 -1671/-1811/-1667 -4834/-5006/-4805 -3174/-3342/-3160 
f -2086/-2241/-2080 -4351/-4523/-4323 -639/-737/-652 -2089/-2244/-2083 
f -2783/-2946/-2771 -2784/-2947/-2772 -638/-736/-651 -3398/-3566/-3382 
f -4864/-5036/-4835 -2512/-2671/-2498 -2513/-2672/-2499 -4863/-5035/-4834 
f -637/-735/-650 -636/-734/-3537 -635/-733/-649 -634/-732/-648 
f -4506/-4678/-4478 -633/-731/-647 -648/-747/-660 -4505/-4677/-4477 
f -632/-730/-646 -2385/-2544/-2377 -2386/-2545/-2804 -631/-729/-645 
f -2256/-2413/-2250 -2253/-2410/-2247 -630/-728/-644 -4538/-4710/-4510 
f -629/-727/-643 -3616/-3785/-3600 -3613/-3782/-3597 -4163/-4335/-4138 
f -3378/-3546/-3362 -628/-726/-642 -627/-725/-641 -3381/-3549/-3365 
f -5083/-5255/-5051 -626/-724/-640 -799/-905/-3063 -5082/-5254/-5050 
f -625/-723/-639 -624/-722/-638 -899/-1009/-905 -1798/-1942/-1792 
f -4839/-5011/-4810 -4294/-4466/-4266 -4679/-721/-4650 -4279/-720/-637 
f -2357/-2516/-2349 -2358/-2517/-2350 -623/-719/-636 -1132/-1253/-1138 
f -1465/-1597/-1462 -2572/-2733/-2559 -2573/-2734/-2560 -1464/-1596/-1461 
f -632/-730/-646 -622/-718/-635 -621/-717/-634 -4867/-5039/-4838 
f -5263/-5435/-5231 -5039/-5211/-5007 -5040/-5212/-5008 -5262/-5434/-5230 
f -1293/-1423/-1295 -620/-716/-633 -619/-715/-632 -1292/-1422/-1294 
f -668/-771/-680 -3955/-4127/-3932 -4264/-4436/-4237 -4265/-4437/-4238 
f -2132/-2287/-2125 -4488/-4660/-4460 -4489/-4661/-4461 -1472/-1604/-1469 
f -618/-714/-631 -640/-738/-653 -1161/-1283/-1165 -1162/-1284/-3969 
f -617/-713/-630 -1485/-1617/-1482 -1482/-1614/-1479 -616/-712/-629 
f -615/-711/-628 -3188/-3356/-3174 -3189/-3357/-3175 -710/-814/-723 
f -3359/-3527/-3343 -5322/-5494/-5289 -5323/-5495/-5290 -3358/-3526/-3342 
f -1526/-1659/-1523 -1525/-1658/-1522 -614/-710/-627 -613/-709/-626 
f -3733/-3902/-3714 -2053/-2204/-2046 -2054/-2205/-2047 -3562/-3731/-3546 
f -4291/-4463/-4263 -1826/-1970/-1820 -903/-1013/-909 -4268/-4440/-4241 
f -1698/-1842/-1695 -3456/-3624/-3440 -612/-708/-625 -1662/-1801/-1657 
f -611/-707/-624 -4269/-4441/-4242 -610/-706/-623 -609/-705/-622 
f -608/-704/-621 -607/-703/-620 -606/-702/-619 -605/-701/-618 
f -604/-700/-617 -603/-699/-616 -602/-698/-615 -2196/-2352/-2189 
f -1616/-1750/-1608 -1617/-1751/-1609 -601/-697/-614 -759/-863/-772 
f -831/-938/-838 -1862/-2006/-1856 -1863/-2007/-1857 -830/-937/-838 
f -865/-974/-872 -4759/-4931/-4730 -4760/-4932/-4731 -746/-850/-759 
f -600/-696/-613 -3504/-3673/-3488 -3505/-3674/-3489 -599/-695/-612 
f -4221/-4393/-4195 -3967/-4139/-3944 -3267/-3435/-3252 -4220/-4392/-4194 
f -598/-694/-611 -977/-1091/-984 -978/-1092/-985 -677/-780/-689 
f -3664/-3833/-3646 -1298/-1428/-1300 -3642/-3811/-3624 -3643/-3812/-3625 
f -597/-693/-610 -4265/-4437/-4238 -4266/-4438/-4239 -652/-751/-664 
f -4998/-5170/-4966 -4999/-5171/-4967 -596/-692/-609 -2063/-2214/-2056 
f -2741/-2904/-2729 -1784/-1928/-1778 -1785/-1929/-1779 -2740/-2903/-2728 
f -1959/-2108/-1953 -1744/-1888/-1739 -4833/-1264/-4804 -1958/-2107/-1952 
f -595/-691/-608 -594/-690/-607 -593/-689/-606 -592/-688/-4454 
f -4997/-5169/-4965 -1317/-1447/-1319 -591/-687/-605 -590/-686/-604 
f -1257/-1385/-1259 -3249/-3417/-3235 -589/-685/-603 -3678/-3847/-3660 
f -588/-684/-602 -786/-892/-798 -5175/-5347/-5143 -2438/-2597/-2428 
f -1963/-2112/-1957 -3252/-3420/-3238 -838/-946/-846 -2977/-3142/-2962 
f -2381/-2540/-2373 -1961/-2110/-1955 -3985/-4157/-3962 -3982/-4154/-3959 
f -2672/-2833/-2659 -2673/-2834/-2660 -587/-683/-601 -717/-682/-730 
f -586/-681/-600 -585/-680/-599 -2816/-2981/-2802 -4088/-4260/-4064 
f -584/-679/-598 -583/-678/-597 -582/-677/-596 -4438/-676/-595 
f -742/-846/-755 -581/-675/-594 -4884/-5056/-4855 -741/-845/-754 
f -2399/-2558/-2390 -580/-674/-593 -579/-673/-592 -2398/-2557/-2389 
f -3305/-3473/-3289 -4630/-4802/-4601 -897/-1007/-903 -891/-672/-897 
f -578/-671/-591 -1098/-1218/-1105 -2153/-2308/-2146 -2154/-2309/-2147 
f -1521/-1654/-1518 -577/-670/-590 -1907/-2054/-1901 -1523/-1656/-1520 
f -1900/-2047/-1894 -576/-669/-589 -1479/-1611/-1476 -1899/-2046/-1893 
f -4549/-4721/-4520 -4546/-4718/-4517 -1329/-1459/-1331 -1001/-1116/-1009 
f -2924/-3089/-2909 -4130/-4302/-4105 -5064/-5236/-5032 -2923/-3088/-2908 
f -2605/-2766/-2592 -1367/-1497/-1366 -4184/-4356/-4159 -4144/-4316/-4119 
f -2148/-2303/-2141 -930/-1041/-937 -4886/-5058/-4857 -4883/-5055/-4854 
f -4373/-4545/-4345 -4529/-4701/-4501 -4530/-4702/-4502 -3662/-3831/-3644 
f -575/-668/-588 -574/-667/-587 -611/-707/-624 -609/-705/-622 
f -2546/-2707/-2533 -573/-666/-586 -3880/-4052/-3860 -1654/-1791/-1648 
f -3030/-3195/-3015 -3878/-4050/-3858 -572/-665/-585 -3904/-4076/-3884 
f -4425/-4597/-4397 -3934/-4106/-3912 -3035/-3200/-3020 -2224/-2380/-2217 
f -2007/-2157/-2000 -4764/-4936/-4735 -4765/-4937/-4736 -3776/-3948/-3757 
f -3064/-3231/-3050 -3065/-3232/-3051 -961/-1074/-968 -909/-1019/-915 
f -5236/-5408/-5204 -5161/-5333/-5129 -3422/-3590/-3406 -5239/-5411/-5207 
f -1783/-1927/-1777 -1726/-1870/-2358 -2343/-2502/-2335 -1782/-1926/-3299 
f -2061/-2212/-2054 -2816/-2981/-2802 -585/-680/-599 -571/-664/-584 
f -741/-845/-754 -884/-994/-890 -3238/-3406/-3224 -3235/-3403/-3221 
f -837/-945/-845 -838/-946/-846 -3252/-3420/-3238 -3253/-3421/-3239 
f -3660/-3829/-3642 -570/-663/-583 -578/-671/-591 -3659/-3828/-3641 
f -569/-662/-582 -1206/-1329/-1207 -568/-661/-581 -567/-660/-580 
f -4011/-4183/-3988 -566/-659/-579 -4891/-5063/-4861 -5266/-5438/-5234 
f -682/-786/-695 -1637/-1771/-1629 -4052/-4224/-4028 -4053/-4225/-4029 
f -2437/-2596/-2427 -2438/-2597/-2428 -5175/-5347/-5143 -5172/-5344/-5140 
f -2091/-2246/-2085 -565/-658/-578 -5057/-5229/-5025 -855/-964/-863 
f -4589/-4761/-4560 -4829/-5001/-4800 -4733/-4905/-4704 -3097/-3265/-3084 
f -1889/-2034/-1882 -1824/-1968/-1818 -764/-868/-776 -564/-657/-577 
f -2613/-2774/-2600 -1437/-1569/-1436 -563/-656/-576 -1259/-1387/-1261 
f -2565/-2726/-2552 -562/-655/-575 -841/-949/-849 -842/-950/-850 
f -561/-654/-574 -1280/-1409/-1282 -2626/-2787/-2613 -2627/-2788/-2614 
f -1000/-1115/-1008 -1001/-1116/-1009 -2161/-2316/-2154 -560/-653/-573 
f -1000/-1115/-1008 -3973/-4145/-3950 -3970/-4142/-3947 -999/-1114/-1007 
f -4346/-4518/-4318 -4347/-4519/-4319 -559/-652/-572 -558/-651/-571 
f -3007/-3172/-2992 -3004/-3169/-2989 -3972/-4144/-3949 -3973/-4145/-3950 
f -2996/-3161/-2981 -2777/-2940/-2765 -2778/-2941/-2766 -2176/-2331/-2169 
f -5203/-5375/-5171 -4722/-4894/-4693 -4723/-4895/-4694 -5202/-5374/-5170 
f -1614/-1748/-1606 -1353/-1483/-1352 -1506/-1639/-1503 -557/-650/-570 
f -5257/-5429/-5225 -5258/-5430/-5226 -1650/-1785/-1642 -2133/-2288/-2126 
f -4863/-5035/-4834 -556/-649/-569 -555/-648/-568 -4862/-5034/-4833 
f -1020/-1137/-1028 -1019/-1136/-1027 -2715/-2878/-2703 -2712/-2875/-2700 
f -3531/-3700/-3515 -2154/-2309/-2147 -2155/-2310/-2148 -3530/-3699/-3514 
f -554/-647/-567 -553/-646/-566 -3922/-4094/-3900 -2212/-2368/-2205 
f -4243/-4415/-4216 -3563/-3732/-3547 -731/-835/-744 -1059/-1179/-1067 
f -1804/-1948/-1798 -605/-701/-618 -606/-702/-619 -1632/-1766/-1624 
f -4154/-4326/-4129 -4152/-4324/-4127 -2395/-2554/-2386 -5007/-5179/-4975 
f -1400/-1530/-1398 -1401/-1531/-1399 -552/-645/-565 -551/-644/-564 
f -550/-643/-5061 -1564/-1698/-1561 -867/-976/-874 -675/-778/-687 
f -549/-642/-563 -1201/-1324/-1202 -2333/-2492/-2326 -548/-641/-562 
f -547/-640/-561 -5264/-5436/-5232 -2655/-2816/-2642 -1628/-1762/-1620 
f -4573/-4745/-4544 -4574/-4746/-4545 -3816/-3988/-3797 -882/-991/-888 
f -546/-639/-560 -4058/-4230/-4034 -545/-638/-559 -544/-637/-558 
f -847/-955/-855 -3823/-3995/-3804 -4348/-4520/-4320 -4345/-4517/-4317 
f -2388/-2547/-2379 -3836/-4008/-3817 -1597/-1731/-1590 -543/-636/-557 
f -542/-635/-556 -2211/-2367/-2204 -821/-928/-829 -541/-634/-555 
f -4600/-4772/-4571 -4601/-4773/-4572 -3638/-3807/-3620 -3008/-3173/-2993 
f -1840/-1984/-1834 -3291/-633/-3276 -540/-632/-554 -1839/-1983/-1833 
f -4772/-4944/-4743 -4773/-4945/-4744 -3215/-3383/-3201 -539/-631/-553 
f -538/-630/-552 -2541/-2700/-2527 -2328/-2485/-2320 -2326/-2483/-2318 
f -3561/-3730/-3545 -1300/-1430/-1302 -669/-772/-681 -537/-629/-551 
f -2763/-2926/-2751 -2764/-2927/-2752 -536/-628/-550 -535/-627/-549 
f -4460/-4632/-4432 -2032/-2183/-2025 -2033/-2184/-2026 -2984/-3149/-2969 
f -2436/-2595/-2426 -2437/-2596/-2427 -2283/-2440/-2277 -2284/-2441/-2278 
f -1921/-2070/-1915 -2820/-2985/-2806 -2821/-2986/-2807 -1920/-2069/-3534 
f -2858/-3023/-2843 -5058/-5230/-5026 -843/-951/-851 -840/-948/-848 
f -917/-1028/-924 -2929/-3094/-2914 -2930/-3095/-2915 -616/-712/-629 
f -3352/-3520/-3336 -3353/-3521/-3337 -3295/-3463/-3280 -534/-626/-548 
f -5123/-5295/-5091 -5149/-5321/-5117 -4297/-4469/-4269 -1934/-2083/-1928 
f -1408/-1538/-1406 -695/-799/-708 -1409/-1539/-1407 -533/-625/-547 
f -1323/-1453/-1325 -1224/-1348/-1225 -1225/-1349/-1226 -2018/-2168/-2011 
f -3353/-3521/-3337 -4224/-4396/-4197 -3298/-3466/-3283 -3295/-3463/-3280 
f -2484/-2643/-2471 -532/-624/-546 -1735/-1879/-1730 -2483/-2642/-2470 
f -2184/-2340/-2177 -2406/-2565/-2396 -2407/-2566/-2397 -531/-623/-545 
f -530/-622/-544 -1964/-2113/-1958 -1965/-2114/-1959 -1139/-1260/-1144 
f -529/-621/-543 -2231/-2388/-2225 -641/-739/-654 -2248/-2405/-2242 
f -4093/-4265/-4069 -2113/-2268/-2106 -1096/-1216/-1103 -4468/-4640/-4440 
f -3546/-3715/-3530 -3547/-3716/-3531 -766/-870/-778 -1906/-2053/-1900 
f -1969/-2118/-1963 -4377/-4549/-4349 -4378/-4550/-4350 -763/-867/-775 
f -2620/-2781/-2607 -3591/-3760/-3575 -3998/-4170/-3975 -2975/-3140/-2960 
f -904/-1014/-910 -3632/-3801/-3615 -3633/-3802/-3616 -528/-620/-542 
f -810/-917/-818 -4780/-4952/-4751 -4781/-4953/-4752 -4743/-4915/-4714 
f -1510/-1643/-1507 -1511/-1644/-1508 -2707/-2870/-2695 -527/-619/-541 
f -2210/-2366/-2203 -526/-618/-540 -599/-695/-612 -3223/-3391/-3209 
f -685/-789/-698 -5097/-5269/-5065 -5094/-5266/-5062 -684/-788/-697 
f -3238/-3406/-3224 -884/-994/-890 -3521/-992/-3505 -3522/-1835/-1688 
f -525/-617/-539 -4435/-4607/-4407 -2998/-3163/-2983 -2999/-3164/-2984 
f -3050/-3215/-3035 -791/-897/-802 -4978/-5150/-4946 -3053/-3218/-3038 
f -634/-732/-648 -4703/-4875/-4674 -4704/-4876/-4675 -637/-735/-650 
f -1900/-2047/-1894 -524/-616/-538 -888/-998/-894 -576/-669/-589 
f -2489/-2648/-2476 -523/-615/-537 -522/-614/-536 -2488/-2647/-2475 
f -521/-613/-535 -4289/-4461/-4261 -4331/-4503/-4303 -976/-1090/-983 
f -1541/-1674/-1538 -1018/-1135/-1026 -2430/-2589/-2420 -4855/-5027/-4826 
f -1751/-1895/-1746 -1752/-1896/-1747 -1987/-2137/-1981 -1574/-1708/-1568 
f -520/-612/-534 -2149/-2304/-2142 -2150/-2305/-2143 -519/-611/-533 
f -4548/-4720/-4519 -4549/-4721/-4520 -999/-1114/-1007 -753/-857/-766 
f -2124/-2279/-2117 -646/-744/-658 -3860/-4032/-3840 -3857/-4029/-3837 
f -699/-610/-532 -3596/-3765/-3580 -2071/-2225/-2065 -4580/-2226/-4551 
f -1490/-1622/-1487 -1584/-1718/-1577 -518/-609/-531 -1309/-1439/-1311 
f -2783/-2946/-2771 -3398/-3566/-3382 -3399/-3567/-3383 -2329/-2486/-2321 
f -1348/-1478/-1348 -1526/-1659/-1523 -613/-709/-626 -769/-874/-781 
f -4671/-4843/-4642 -4668/-4840/-4639 -2659/-2820/-2646 -517/-608/-530 
f -891/-1001/-897 -897/-607/-903 -4635/-4807/-4606 -1349/-1479/-1349 
f -1909/-2058/-1904 -1910/-2059/-1905 -516/-606/-529 -806/-605/-814 
f -515/-604/-528 -1688/-1830/-1684 -1685/-1827/-1681 -692/-796/-705 
f -1164/-1287/-1167 -1163/-1286/-1166 -516/-606/-529 -1910/-2059/-1905 
f -2749/-2912/-2737 -3234/-3402/-3220 -3232/-3400/-3218 -2643/-2804/-2630 
f -3636/-3805/-3618 -514/-603/-527 -513/-602/-526 -3243/-3411/-3229 
f -512/-601/-525 -1467/-1599/-1464 -817/-924/-825 -1737/-1881/-1732 
f -835/-943/-843 -846/-954/-854 -1013/-1130/-1021 -1860/-2004/-1854 
f -2499/-2658/-2486 -1085/-1205/-1092 -511/-600/-524 -2498/-2657/-2485 
f -3046/-3211/-3031 -1913/-2062/-1908 -1757/-1901/-1752 -3049/-3214/-3034 
f -1150/-1272/-1154 -3802/-3974/-3783 -3803/-3975/-3784 -2430/-2589/-2420 
f -2055/-2206/-2048 -2510/-2669/-2496 -510/-599/-523 -2058/-2209/-2051 
f -509/-598/-522 -1262/-1390/-1264 -1522/-1655/-1519 -1523/-1656/-1520 
f -508/-597/-521 -3193/-3361/-3179 -3859/-4031/-3839 -507/-596/-520 
f -2419/-2578/-2409 -506/-595/-519 -2712/-2875/-2700 -2713/-2876/-2701 
f -2703/-2866/-2691 -3681/-3850/-3663 -505/-594/-518 -3240/-3408/-3226 
f -504/-593/-517 -2186/-2342/-2179 -3657/-3826/-3639 -503/-592/-516 
f -4154/-4326/-4129 -5007/-5179/-4975 -5008/-5180/-4976 -2635/-2796/-2622 
f -5257/-5429/-5225 -2456/-2615/-2445 -2455/-2614/-2444 -5256/-5428/-5224 
f -572/-665/-585 -3878/-4050/-3858 -4226/-4398/-4199 -4227/-4399/-4200 
f -2012/-2162/-2005 -2011/-2161/-2004 -1183/-1306/-1186 -1091/-1211/-1098 
f -1710/-1854/-1707 -1471/-1603/-1468 -2490/-2649/-2477 -1709/-1853/-1706 
f -502/-591/-515 -2213/-2369/-2206 -501/-590/-514 -500/-589/-513 
f -4018/-4190/-3994 -4204/-4376/-4179 -1323/-1453/-1325 -2018/-2168/-2011 
f -4753/-4925/-4724 -1955/-2104/-1949 -4241/-4413/-4214 -3450/-3618/-3434 
f -2793/-2956/-2780 -2794/-2957/-2781 -1145/-1267/-1150 -1913/-2062/-1908 
f -2308/-2465/-2301 -580/-674/-593 -499/-588/-512 -498/-587/-512 
f -5075/-5247/-5043 -661/-763/-2804 -4890/-5062/-4860 -5074/-5246/-5042 
f -772/-877/-784 -4731/-4903/-4702 -1677/-1819/-1673 -497/-586/-511 
f -632/-730/-646 -4867/-5039/-4838 -4868/-5040/-4839 -2385/-2544/-2377 
f -1740/-1884/-1735 -3686/-3855/-3668 -3687/-3856/-3669 -1742/-1886/-1737 
f -4771/-4943/-4742 -3191/-3359/-3177 -932/-1044/-939 -933/-1045/-940 
f -496/-585/-510 -3647/-3816/-3629 -3648/-3817/-3630 -2552/-2713/-2539 
f -4228/-4400/-4201 -1324/-1454/-1326 -4205/-4377/-4180 -1223/-1347/-1224 
f -3403/-3571/-3387 -2738/-2901/-2726 -4454/-4626/-4426 -4098/-4270/-4074 
f -4192/-4364/-4167 -2326/-2483/-2318 -4466/-4638/-4438 -5051/-5223/-5019 
f -2642/-2803/-2629 -2287/-2444/-2281 -2157/-584/-509 -2158/-583/-508 
f -495/-582/-507 -2192/-2348/-2185 -2193/-2349/-2186 -1683/-1825/-1679 
f -4343/-4515/-4315 -3311/-3479/-3295 -1372/-1502/-1371 -4342/-4514/-4314 
f -1912/-2061/-1907 -4328/-4500/-4300 -4738/-4910/-4709 -2793/-2956/-2780 
f -1690/-1832/-1686 -761/-865/-773 -1679/-1821/-1675 -1680/-1822/-1676 
f -1686/-1828/-1682 -1687/-1829/-1683 -3395/-3563/-3379 -3396/-3564/-3380 
f -2528/-2687/-2514 -2529/-2688/-2515 -1686/-1828/-1682 -3396/-3564/-3380 
f -593/-689/-606 -969/-1082/-976 -3110/-3278/-3097 -4480/-4652/-4452 
f -2795/-2958/-2782 -2796/-2959/-2783 -1904/-2051/-1898 -1295/-1425/-1297 
f -5292/-5464/-5259 -5293/-5465/-5260 -1973/-2123/-1967 -1974/-2124/-1968 
f -1566/-1700/-3182 -1567/-1701/-4858 -631/-729/-645 -2386/-2545/-2804 
f -494/-581/-506 -493/-580/-505 -753/-857/-766 -752/-856/-765 
f -4707/-4879/-4678 -492/-579/-504 -526/-618/-540 -542/-635/-556 
f -2485/-2644/-2472 -1388/-1518/-1386 -2582/-2743/-2569 -2583/-2744/-2570 
f -2683/-2846/-2671 -2680/-2843/-2668 -2009/-2159/-2002 -3498/-3667/-3482 
f -491/-578/-503 -4908/-5080/-4878 -4909/-5081/-4879 -4142/-4314/-4117 
f -490/-577/-502 -2348/-2507/-2340 -2349/-2508/-2341 -1469/-1601/-1466 
f -2465/-2624/-2452 -3361/-3529/-3345 -4874/-5046/-4845 -4875/-5047/-4846 
f -4518/-4690/-4490 -4870/-5042/-4841 -4871/-5043/-4842 -3580/-3749/-3564 
f -2178/-2333/-2171 -909/-1019/-915 -489/-576/-501 -488/-575/-500 
f -2204/-2360/-2197 -4977/-5149/-4945 -4978/-5150/-4946 -791/-897/-802 
f -1892/-2037/-1885 -1765/-1909/-1760 -1766/-1910/-1761 -487/-574/-499 
f -1314/-1444/-1316 -486/-573/-498 -485/-572/-497 -484/-571/-496 
f -1668/-1808/-1664 -483/-570/-495 -3931/-4103/-3909 -3932/-4104/-3910 
f -1171/-1294/-1174 -3608/-3777/-3592 -3466/-3634/-3450 -1572/-1706/-1566 
f -2488/-2647/-2475 -522/-614/-536 -482/-569/-494 -1188/-1311/-1189 
f -4749/-4921/-4720 -3893/-4065/-3873 -2123/-2278/-2116 -4748/-4920/-4719 
f -481/-568/-493 -480/-567/-492 -3510/-3679/-3494 -3511/-3680/-3495 
f -1021/-1138/-1029 -3824/-3996/-3805 -3821/-3993/-3802 -1885/-2029/-1878 
f -648/-747/-660 -633/-731/-647 -3122/-3290/-3109 -3123/-3291/-3110 
f -1987/-2137/-1981 -1752/-1896/-1747 -954/-1067/-961 -1986/-2136/-1980 
f -521/-613/-535 -479/-566/-491 -478/-565/-490 -4289/-4461/-4261 
f -835/-943/-843 -834/-942/-842 -477/-564/-489 -846/-954/-854 
f -3291/-3459/-3276 -3292/-3460/-3277 -3069/-3236/-3055 -540/-563/-554 
f -4735/-4907/-4706 -822/-929/-830 -1144/-1266/-1149 -2794/-2957/-2781 
f -1174/-1297/-1177 -670/-773/-682 -3047/-3212/-3032 -1977/-2127/-1971 
f -476/-562/-488 -475/-561/-487 -1248/-1374/-1250 -474/-560/-486 
f -3803/-3975/-3784 -3804/-3976/-3785 -950/-1063/-957 -4854/-5026/-4825 
f -473/-559/-485 -2370/-2529/-2362 -1384/-1514/-1382 -3006/-3171/-2991 
f -2049/-2200/-2042 -2050/-2201/-2043 -472/-558/-484 -4928/-5100/-4898 
f -3043/-3208/-3028 -562/-655/-575 -2565/-2726/-2552 -2566/-2727/-2553 
f -1539/-1672/-1536 -1706/-1850/-1703 -1707/-1851/-1704 -1429/-1561/-1428 
f -5229/-5401/-5197 -2390/-2549/-2381 -2787/-2950/-2775 -5228/-5400/-5196 
f -471/-557/-483 -548/-641/-562 -470/-556/-482 -1764/-1908/-1759 
f -3358/-3526/-3342 -551/-644/-564 -552/-645/-565 -3357/-3525/-3341 
f -1770/-1914/-1765 -3221/-3389/-3207 -3222/-3390/-3208 -2475/-2634/-2462 
f -3799/-3971/-3780 -3800/-3972/-3781 -1347/-1477/-1347 -931/-1042/-938 
f -1892/-2037/-1885 -3673/-3842/-3655 -469/-555/-481 -1765/-1909/-1760 
f -1105/-939/-839 -2669/-554/-2656 -2836/-3001/-2821 -2837/-3002/-2822 
f -468/-553/-480 -3387/-3555/-3371 -3388/-3556/-3372 -4487/-4659/-4459 
f -3684/-3853/-3666 -467/-552/-479 -4788/-4960/-4759 -4789/-4961/-4760 
f -3142/-3310/-3129 -2346/-2505/-2338 -2347/-2506/-2339 -3141/-3309/-3128 
f -2533/-2692/-2519 -1917/-2066/-1912 -3571/-3740/-3555 -3467/-3635/-3451 
f -1071/-1191/-1078 -3643/-3812/-3625 -3644/-3813/-3626 -953/-1066/-960 
f -4784/-4956/-4755 -4785/-4957/-4756 -5052/-5224/-5020 -3000/-3165/-2985 
f -3819/-3991/-3800 -1805/-1949/-1799 -1802/-1946/-1796 -3818/-3990/-3799 
f -466/-551/-478 -2460/-2619/-2729 -3825/-3997/-3806 -465/-550/-477 
f -4985/-5157/-4953 -5198/-5370/-5166 -5199/-5371/-5167 -2692/-2855/-2680 
f -464/-549/-476 -3613/-3782/-3597 -3614/-3783/-3598 -3277/-3445/-3262 
f -839/-947/-847 -2883/-3048/-2868 -3269/-3437/-3254 -2723/-2886/-2711 
f -1112/-1232/-1119 -4652/-4824/-4623 -4653/-4825/-4624 -2556/-2717/-2543 
f -4368/-4540/-4340 -4365/-4537/-4337 -3915/-4087/-3893 -1379/-1509/-1377 
f -2557/-2718/-2544 -2558/-2719/-2545 -463/-548/-475 -462/-547/-3906 
f -1236/-546/-1239 -3091/-3258/-3077 -3092/-3259/-3078 -461/-545/-474 
f -1100/-1220/-1107 -993/-1108/-1001 -460/-544/-473 -459/-543/-472 
f -2843/-3008/-2828 -2844/-3009/-2829 -2301/-2458/-2294 -1762/-1906/-1757 
f -3752/-3921/-3733 -3218/-3386/-3204 -3219/-3387/-3205 -3009/-3174/-2994 
f -468/-553/-480 -4487/-4659/-4459 -4488/-4660/-4460 -1090/-1210/-1097 
f -516/-542/-529 -1163/-541/-1166 -458/-540/-471 -457/-539/-470 
f -1908/-2055/-1902 -456/-538/-469 -455/-537/-468 -509/-598/-522 
f -2336/-2495/-2328 -2818/-2983/-2804 -746/-850/-759 -4760/-4932/-4731 
f -2572/-2733/-2559 -2379/-2538/-2371 -2114/-2269/-2107 -2571/-2732/-2558 
f -2028/-2179/-2021 -1448/-1580/-1445 -454/-536/-467 -2027/-2178/-2020 
f -3147/-3315/-3134 -3270/-3438/-3255 -3271/-3439/-3256 -2469/-2628/-2456 
f -543/-636/-557 -1597/-1731/-1590 -2427/-2586/-2417 -2428/-2587/-2418 
f -1492/-1624/-1489 -561/-654/-574 -2627/-2788/-2614 -3205/-3373/-3191 
f -565/-658/-578 -3037/-3202/-3022 -453/-535/-466 -942/-1055/-949 
f -3005/-3170/-2990 -2237/-2394/-2231 -452/-534/-465 -3004/-3169/-2989 
f -451/-533/-464 -450/-532/-463 -449/-531/-462 -448/-530/-461 
f -589/-685/-603 -3249/-3417/-3235 -3250/-3418/-3236 -1050/-1170/-1059 
f -610/-706/-623 -447/-529/-460 -4798/-4970/-4769 -446/-528/-459 
f -3981/-4153/-3958 -3953/-4125/-3930 -4335/-4507/-4307 -3785/-3957/-3766 
f -3755/-3924/-3736 -1178/-1301/-1181 -2942/-3107/-2927 -3754/-3923/-3735 
f -2584/-2745/-2571 -445/-527/-458 -1054/-1174/-1063 -1500/-1633/-1497 
f -1326/-1456/-1328 -2581/-2742/-2568 -2580/-2741/-2567 -723/-827/-736 
f -4838/-5010/-4809 -4839/-5011/-4810 -4279/-720/-637 -4280/-526/-4253 
f -2236/-2393/-2230 -1063/-1183/-1071 -1505/-1638/-1502 -444/-525/-457 
f -2612/-2773/-2599 -2611/-2772/-2598 -1107/-1227/-1114 -2633/-2794/-2620 
f -2987/-3152/-2972 -443/-524/-456 -442/-523/-455 -1078/-1198/-1085 
f -441/-522/-454 -440/-521/-453 -439/-520/-452 -5116/-5288/-5084 
f -1229/-1086/-1231 -4475/-4647/-4447 -4476/-4648/-4448 -972/-1085/-979 
f -1037/-1156/-1046 -2384/-2543/-2376 -804/-910/-5040 -438/-519/-451 
f -2327/-2484/-2319 -1938/-2087/-1932 -4465/-4637/-4437 -4466/-4638/-4438 
f -1711/-1855/-1708 -3169/-3337/-3155 -2905/-3070/-2890 -1710/-1854/-1707 
f -854/-963/-862 -1156/-1278/-1160 -1555/-1689/-1552 -1556/-1690/-1553 
f -662/-764/-673 -3164/-3332/-3150 -1115/-1236/-1122 -661/-763/-2804 
f -3159/-3327/-3145 -5214/-5386/-5182 -5215/-5387/-5183 -1243/-1369/-1245 
f -2492/-2651/-2479 -1242/-1368/-4969 -437/-518/-450 -2107/-2262/-2101 
f -436/-517/-449 -4138/-4310/-4113 -4139/-4311/-4114 -3183/-3351/-3169 
f -3245/-3413/-3231 -435/-516/-448 -434/-515/-447 -433/-514/-446 
f -1434/-1566/-1433 -2481/-2640/-2468 -1970/-2119/-1964 -924/-1035/-931 
f -3227/-3395/-3213 -1304/-1434/-1306 -1600/-1734/-1593 -3230/-3398/-3216 
f -4606/-4778/-4577 -432/-513/-445 -431/-512/-444 -3787/-3959/-3768 
f -846/-954/-854 -477/-564/-489 -2137/-2292/-2130 -847/-955/-855 
f -1076/-1196/-1083 -430/-511/-443 -433/-514/-446 -1721/-1865/-1718 
f -2744/-2907/-2732 -1665/-1805/-1661 -2855/-1802/-1658 -2856/-2220/-2061 
f -2671/-2832/-2658 -2330/-2489/-2323 -4986/-2487/-4954 -2670/-2831/-2657 
f -2919/-3084/-2904 -3873/-4045/-3853 -3874/-4046/-3854 -2918/-3083/-2903 
f -1408/-1538/-1406 -533/-625/-547 -429/-510/-442 -1498/-1631/-1495 
f -2002/-2152/-1995 -3832/-4004/-3813 -3178/-3346/-3164 -3179/-3347/-3165 
f -428/-509/-441 -427/-508/-440 -426/-507/-439 -4022/-4194/-3998 
f -4220/-4392/-4194 -3265/-3433/-3250 -3987/-4159/-3964 -4219/-4391/-4193 
f -4163/-4335/-4138 -4164/-4336/-4139 -3978/-4150/-3955 -629/-727/-643 
f -918/-1029/-925 -919/-1030/-926 -425/-506/-438 -424/-505/-437 
f -4757/-4929/-4728 -5026/-5198/-4994 -1089/-1209/-1096 -423/-504/-436 
f -1831/-1975/-1825 -1093/-1213/-1100 -832/-940/-840 -1337/-1467/-1337 
f -1111/-1231/-1118 -422/-503/-435 -829/-936/-837 -2216/-2372/-2209 
f -2074/-2229/-2068 -1455/-1587/-1452 -5104/-5276/-5072 -5105/-5277/-5073 
f -639/-737/-652 -3031/-3196/-3016 -1208/-1331/-1209 -1209/-1332/-1210 
f -1184/-1307/-2541 -4825/-4997/-4796 -2666/-2827/-2653 -2667/-2828/-2654 
f -982/-1096/-989 -421/-502/-434 -748/-852/-761 -726/-830/-739 
f -4574/-4746/-4545 -4575/-4747/-4546 -1231/-1356/-1233 -2733/-2896/-2721 
f -1788/-1334/-1782 -1208/-1331/-1209 -420/-501/-433 -1787/-500/-1781 
f -1101/-1221/-1108 -419/-499/-432 -577/-670/-590 -1521/-1654/-1518 
f -426/-507/-439 -427/-508/-440 -1715/-1859/-1712 -1712/-1856/-1709 
f -3072/-3239/-3058 -2504/-2663/-2490 -2505/-2664/-2491 -3074/-3241/-3060 
f -418/-498/-431 -417/-497/-430 -416/-496/-429 -415/-495/-428 
f -3714/-3883/-3695 -991/-1106/-999 -2847/-3012/-2832 -3713/-3882/-3694 
f -414/-494/-427 -5127/-5299/-5095 -5126/-5298/-5094 -709/-813/-722 
f -413/-493/-426 -412/-492/-425 -411/-491/-424 -1057/-1177/-1065 
f -3563/-3732/-3547 -3960/-4132/-3937 -2822/-2987/-2808 -731/-835/-744 
f -410/-490/-423 -4758/-4930/-4729 -2116/-2271/-2109 -409/-489/-422 
f -408/-488/-421 -1545/-1678/-1542 -2753/-2916/-2741 -407/-487/-420 
f -1852/-1996/-1846 -1849/-1993/-1843 -1131/-1252/-1137 -3461/-3629/-3445 
f -2159/-2314/-2152 -4595/-4767/-4566 -4593/-4765/-4564 -2373/-2532/-2365 
f -1972/-2121/-1966 -2282/-2439/-2276 -2608/-2769/-2595 -1242/-1368/-4969 
f -4921/-5093/-4891 -4922/-5094/-4892 -406/-486/-419 -3943/-4115/-3921 
f -497/-586/-511 -1066/-1186/-1074 -3265/-3433/-3250 -3266/-3434/-3251 
f -3764/-3934/-3745 -2414/-2573/-2404 -405/-485/-418 -3763/-3933/-3744 
f -3067/-3234/-3053 -5263/-5435/-5231 -5260/-5432/-5228 -4199/-4371/-4174 
f -1494/-484/-417 -2792/-2955/-2779 -4407/-4579/-4379 -4408/-4580/-4380 
f -3033/-3198/-3018 -3184/-3352/-3170 -1387/-1517/-1385 -3032/-3197/-3017 
f -630/-728/-644 -2253/-2410/-2247 -1148/-1270/-1522 -404/-483/-1432 
f -3393/-3561/-3377 -3718/-3887/-3699 -4672/-4844/-4643 -4673/-4845/-4644 
f -1693/-1837/-1690 -1064/-1184/-1072 -1935/-2084/-1929 -1692/-1836/-1689 
f -403/-482/-416 -402/-481/-415 -401/-480/-414 -3286/-3454/-3271 
f -400/-479/-413 -798/-904/-808 -795/-901/-805 -1359/-1489/-1358 
f -1419/-1551/-1418 -399/-478/-2123 -743/-847/-756 -1421/-1553/-1420 
f -833/-941/-841 -2879/-3044/-2864 -2880/-3045/-2865 -3322/-3490/-3306 
f -3515/-3684/-3499 -3516/-3685/-3500 -1876/-2020/-1869 -398/-477/-412 
f -4837/-5009/-4808 -4138/-4310/-4113 -436/-517/-449 -4353/-4525/-4325 
f -3051/-3216/-3036 -3052/-3217/-3037 -2189/-2345/-2182 -416/-496/-429 
f -1616/-1750/-1608 -759/-863/-772 -3206/-3374/-3192 -3203/-3371/-3189 
f -2983/-3148/-2968 -397/-476/-411 -396/-475/-410 -4060/-4232/-4036 
f -1463/-1595/-1460 -2064/-2215/-2057 -1027/-1144/-1035 -395/-474/-409 
f -2699/-2862/-2687 -968/-1081/-975 -2223/-2379/-2216 -2698/-2861/-2686 
f -3875/-4047/-3855 -1848/-1992/-1842 -394/-473/-408 -1773/-1917/-1768 
f -4184/-4356/-4159 -1367/-1497/-1366 -393/-472/-407 -4183/-4355/-4158 
f -392/-471/-406 -391/-470/-405 -784/-889/-796 -785/-890/-797 
f -1883/-2027/-1876 -2677/-2840/-2665 -390/-469/-404 -1882/-2026/-1875 
f -3683/-3852/-3665 -2730/-2893/-2718 -2731/-2894/-2719 -3682/-3851/-3664 
f -834/-942/-842 -1026/-1143/-1034 -2065/-2216/-2058 -477/-564/-489 
f -1042/-1161/-1051 -4800/-4972/-4771 -4801/-4973/-4772 -2059/-2210/-2052 
f -494/-581/-506 -2270/-2427/-2264 -2271/-2428/-2265 -2095/-2250/-2089 
f -2711/-2874/-2699 -2655/-2816/-2642 -5264/-5436/-5232 -5265/-5437/-5233 
f -3082/-3249/-3068 -3492/-3661/-3476 -3464/-3632/-3448 -1980/-2130/-1974 
f -1717/-1861/-1714 -389/-468/-403 -2965/-3130/-2950 -4639/-4811/-4610 
f -1440/-1572/-1439 -3969/-4141/-3946 -2170/-2325/-2163 -1439/-1571/-1438 
f -388/-467/-402 -387/-466/-401 -386/-465/-400 -385/-464/-399 
f -4535/-4707/-4507 -4940/-5112/-4910 -384/-463/-398 -383/-462/-397 
f -5169/-5341/-5137 -5170/-5342/-5138 -1880/-2024/-1873 -3557/-3726/-3541 
f -3668/-3837/-3650 -3667/-3836/-3649 -3711/-3880/-3692 -830/-937/-838 
f -4730/-4902/-4701 -2921/-3086/-2906 -4262/-4434/-4235 -4729/-4901/-4700 
f -2922/-3087/-2907 -2203/-2359/-2196 -4106/-4278/-4082 -4107/-4279/-4083 
f -729/-833/-742 -727/-831/-740 -2847/-461/-2832 -991/-460/-396 
f -382/-459/-395 -2705/-2868/-2693 -3478/-3647/-3462 -3479/-3648/-3463 
f -765/-869/-777 -766/-870/-778 -3547/-3716/-3531 -474/-560/-486 
f -3529/-3698/-3513 -3530/-3699/-3514 -4676/-4848/-4647 -4677/-4849/-4648 
f -1075/-1195/-1082 -1072/-1192/-1079 -1006/-1121/-1014 -3001/-3166/-2986 
f -1125/-1246/-1131 -1122/-1243/-1128 -1768/-1912/-1763 -1769/-1913/-1764 
f -885/-995/-891 -3502/-3671/-3486 -4017/-4189/-3993 -3695/-3864/-3790 
f -1009/-1124/-1017 -1344/-1474/-1344 -4930/-5102/-4900 -4931/-5103/-4901 
f -4585/-4757/-4556 -4586/-4758/-4557 -381/-458/-4556 -380/-457/-394 
f -1002/-1117/-1010 -1953/-2102/-1947 -5185/-5357/-5153 -5186/-5358/-5154 
f -5140/-5312/-5108 -5141/-5313/-5109 -4979/-5151/-4947 -4658/-4830/-4629 
f -520/-612/-534 -3818/-3990/-3799 -1802/-1946/-1796 -2149/-2304/-2142 
f -379/-456/-393 -1919/-2068/-1914 -655/-754/-667 -2709/-2872/-2697 
f -2450/-2609/-2439 -3814/-3986/-3795 -4846/-5018/-4817 -4847/-5019/-4818 
f -2423/-2582/-2413 -1918/-2067/-1913 -1818/-1962/-1812 -1819/-1963/-1813 
f -2887/-3052/-2872 -378/-455/-392 -750/-854/-763 -625/-723/-639 
f -868/-756/-875 -869/-454/-876 -4818/-4990/-4789 -4819/-4991/-4790 
f -975/-1089/-982 -377/-453/-391 -512/-601/-525 -376/-452/-390 
f -1932/-2081/-1926 -4332/-4504/-4304 -4329/-4501/-4301 -4296/-4468/-4268 
f -375/-451/-389 -826/-933/-834 -1107/-1227/-1114 -1108/-1228/-1115 
f -2328/-2485/-2320 -4315/-4487/-4287 -3750/-3919/-3731 -2327/-2484/-2319 
f -4111/-4283/-4087 -5287/-5459/-5255 -1309/-1439/-1311 -518/-609/-531 
f -2978/-3143/-2963 -2976/-3141/-2961 -2294/-2451/-4178 -2291/-2448/-2285 
f -3326/-3494/-3310 -3327/-3495/-3311 -2654/-2815/-2641 -5312/-5484/-5279 
f -1592/-1726/-1585 -2303/-2460/-2296 -374/-450/-388 -3061/-3228/-3047 
f -2126/-2281/-2119 -429/-510/-442 -2537/-2696/-2523 -2538/-2697/-2524 
f -1997/-2147/-1990 -4526/-4698/-4498 -1160/-1282/-1164 -2202/-2358/-2195 
f -3745/-3914/-3726 -1357/-1487/-1356 -2454/-2613/-2443 -3744/-3913/-3725 
f -3746/-3915/-3727 -3747/-3916/-3728 -373/-449/-387 -2529/-2688/-2515 
f -372/-448/-386 -1646/-1781/-1638 -3582/-3751/-3566 -3946/-4118/-3924 
f -1411/-1541/-1409 -1220/-1344/-1221 -1512/-1645/-1509 -1410/-1540/-1408 
f -4283/-4455/-4256 -4281/-4453/-4254 -2681/-2844/-2669 -2054/-2205/-2047 
f -4852/-5024/-4823 -1501/-1634/-1498 -1502/-1635/-1499 -4851/-5023/-4822 
f -1895/-2040/-1888 -3447/-3615/-3431 -5036/-5208/-5004 -4434/-4606/-4406 
f -3800/-3972/-3781 -1933/-2082/-1927 -1346/-1476/-1346 -1347/-1477/-1347 
f -1538/-1671/-1535 -2591/-2752/-2578 -2592/-2753/-2579 -2147/-2302/-2140 
f -2557/-2718/-2544 -4665/-4837/-4636 -4666/-4838/-4637 -3988/-4160/-3965 
f -1703/-1847/-1700 -890/-1000/-896 -1157/-1279/-1161 -1704/-1848/-1701 
f -4820/-4992/-4791 -3529/-3698/-3513 -4677/-4849/-4648 -4819/-4991/-4790 
f -371/-447/-385 -4616/-4788/-4587 -4617/-4789/-4588 -3586/-3755/-3570 
f -1694/-1838/-1691 -1695/-1839/-1692 -1088/-1208/-1095 -1580/-1714/-1573 
f -535/-627/-549 -536/-628/-550 -2145/-2300/-2138 -1265/-1393/-1267 
f -422/-503/-435 -1260/-1388/-1262 -370/-446/-384 -829/-936/-837 
f -1772/-1916/-1767 -423/-504/-436 -1089/-1209/-1096 -1771/-1915/-1766 
f -369/-445/-383 -4192/-4364/-4167 -4785/-4957/-4756 -4786/-4958/-4757 
f -487/-574/-499 -3899/-4071/-3879 -368/-444/-382 -367/-443/-381 
f -3524/-3693/-3508 -659/-759/-671 -366/-442/-380 -1834/-1978/-1828 
f -1856/-2000/-1850 -3446/-3614/-3430 -1894/-2039/-1887 -1857/-2001/-1851 
f -4671/-4843/-4642 -517/-608/-530 -638/-736/-651 -1754/-1898/-1749 
f -4361/-4533/-4333 -4359/-4531/-4331 -501/-590/-514 -2213/-2369/-2206 
f -2863/-3028/-2848 -365/-441/-379 -1213/-1337/-1214 -4065/-4237/-4041 
f -364/-440/-378 -363/-439/-377 -1881/-2025/-1874 -362/-438/-376 
f -361/-437/-375 -569/-436/-582 -360/-435/-374 -2719/-2882/-2707 
f -2177/-2332/-2170 -411/-491/-424 -3633/-3802/-3616 -3630/-3799/-3613 
f -4194/-4366/-4169 -1889/-2034/-1882 -564/-657/-577 -359/-434/-838 
f -4932/-433/-373 -4929/-2223/-4899 -2070/-2224/-2064 -358/-432/-372 
f -865/-974/-872 -2731/-2894/-2719 -2732/-2895/-2720 -4759/-4931/-4730 
f -4653/-4825/-4624 -4650/-4822/-4621 -2852/-3017/-2837 -4603/-4775/-4574 
f -3429/-3597/-3413 -3426/-3594/-3410 -2308/-2465/-2301 -498/-587/-512 
f -4911/-5083/-4881 -4912/-5084/-4882 -4555/-4727/-4526 -4556/-4728/-4527 
f -5010/-5182/-4978 -2019/-2169/-2012 -949/-1062/-956 -2889/-3054/-2874 
f -366/-431/-380 -659/-430/-371 -644/-742/-656 -645/-743/-657 
f -3457/-3625/-3441 -357/-429/-370 -612/-708/-625 -3456/-3624/-3440 
f -927/-428/-934 -4902/-3944/-4872 -3771/-3941/-3752 -356/-427/-369 
f -488/-575/-500 -4734/-4906/-4705 -4830/-5002/-4801 -2178/-2333/-2171 
f -355/-426/-368 -604/-700/-617 -354/-425/-367 -353/-424/-366 
f -774/-879/-786 -2191/-2347/-2184 -3052/-3217/-3037 -3053/-3218/-3038 
f -3524/-3693/-3508 -1834/-1978/-1828 -1835/-1979/-1829 -3523/-3692/-3507 
f -4288/-4460/-4260 -495/-582/-507 -1683/-1825/-1679 -870/-979/-877 
f -374/-450/-388 -775/-880/-787 -4229/-4401/-4202 -4230/-4402/-4203 
f -3755/-3924/-3736 -3756/-3925/-3737 -851/-960/-859 -1194/-1317/-1195 
f -352/-423/-365 -1491/-1623/-1488 -3692/-3861/-3674 -3693/-3862/-3675 
f -4350/-4522/-4322 -3903/-4075/-3883 -1951/-2100/-1945 -2941/-3106/-2926 
f -5069/-3224/-5037 -3057/-3222/-3042 -5142/-5314/-5110 -5068/-422/-364 
f -3144/-3312/-3131 -2352/-2056/-1903 -3890/-4062/-3870 -3887/-4059/-3867 
f -1095/-1215/-1102 -1601/-1735/-1594 -1602/-1736/-1595 -656/-755/-668 
f -840/-948/-848 -841/-949/-849 -1604/-1738/-1597 -1605/-1739/-1598 
f -1496/-1629/-1493 -1497/-1630/-1494 -1812/-1956/-1806 -1813/-1957/-1807 
f -5272/-5444/-5240 -5273/-5445/-5241 -3795/-3967/-3776 -3796/-3968/-3777 
f -1348/-1478/-1348 -770/-875/-782 -890/-1000/-896 -1703/-1847/-1700 
f -1445/-1577/-1443 -3578/-3747/-3562 -1775/-1919/-1770 -1444/-1576/-2080 
f -351/-421/-363 -350/-420/-362 -3826/-3998/-3807 -349/-419/-361 
f -4031/-4203/-4007 -4174/-4346/-4149 -4175/-4347/-4150 -2351/-2510/-2343 
f -4004/-4176/-3981 -4005/-4177/-3982 -943/-1056/-950 -1203/-1326/-1204 
f -348/-418/-360 -347/-417/-359 -346/-416/-358 -2925/-3090/-2910 
f -831/-938/-838 -3712/-3881/-3693 -4178/-4350/-4153 -4179/-4351/-4154 
f -4918/-5090/-4888 -2639/-2800/-2626 -1613/-1747/-1605 -2121/-2276/-2114 
f -2083/-2238/-2077 -1402/-1532/-1400 -3813/-3985/-3794 -3810/-3982/-3791 
f -3489/-3658/-3473 -4031/-415/-357 -2351/-2057/-2343 -3488/-3657/-3472 
f -345/-414/-356 -344/-413/-355 -343/-412/-354 -342/-411/-353 
f -1196/-1319/-1197 -341/-410/-352 -4843/-5015/-4814 -3583/-3752/-3567 
f -340/-409/-351 -706/-810/-719 -707/-811/-720 -339/-408/-350 
f -3951/-4123/-3928 -4594/-4766/-4565 -4595/-4767/-4566 -2160/-2315/-2153 
f -338/-407/-349 -2808/-2973/-2795 -337/-406/-348 -336/-405/-347 
f -1036/-1155/-1045 -619/-715/-632 -2911/-3076/-2896 -1035/-1154/-1044 
f -335/-404/-346 -1748/-1892/-1743 -959/-1072/-966 -960/-1073/-967 
f -1096/-1216/-1103 -2113/-2268/-2106 -334/-403/-345 -2782/-2945/-2770 
f -2760/-2923/-2748 -2940/-3105/-2925 -2941/-3106/-2926 -2759/-2922/-2747 
f -4358/-1834/-4330 -4355/-402/-4327 -2024/-2175/-2017 -3237/-3405/-3223 
f -3576/-3745/-3560 -1810/-1954/-1804 -2243/-2400/-2237 -3575/-3744/-3559 
f -987/-1101/-994 -988/-1102/-995 -333/-401/-344 -332/-400/-343 
f -2143/-2298/-2136 -2140/-2295/-2133 -531/-623/-545 -1877/-2021/-1870 
f -4597/-4769/-4568 -1439/-1571/-1438 -5106/-5278/-5074 -4380/-4552/-4352 
f -1596/-1730/-1589 -4941/-5113/-4911 -1806/-1950/-1800 -1303/-1433/-1305 
f -331/-399/-342 -862/-971/-870 -3462/-3630/-3446 -1230/-1355/-1232 
f -2081/-2236/-2075 -3908/-4080/-3887 -4233/-4405/-4206 -4231/-4403/-4204 
f -3310/-3478/-3294 -3311/-3479/-3295 -4343/-4515/-4315 -913/-891/-920 
f -379/-456/-393 -1818/-1962/-1812 -1918/-2067/-1913 -1919/-2068/-1914 
f -330/-398/-341 -329/-397/-340 -2660/-2821/-2647 -2661/-2822/-2648 
f -3548/-3717/-3532 -4171/-4343/-4146 -328/-396/-339 -476/-562/-488 
f -2099/-2254/-2093 -3466/-3634/-3450 -4255/-4427/-4228 -4256/-4428/-4229 
f -3879/-4051/-3859 -3539/-3708/-3523 -1548/-1681/-1545 -3882/-4054/-3862 
f -1754/-1898/-1749 -638/-736/-651 -2784/-2947/-2772 -1789/-1933/-1783 
f -1669/-1809/-1665 -3027/-3192/-3012 -3028/-3193/-3013 -1668/-1808/-1664 
f -3137/-3305/-3124 -1556/-1690/-1553 -3996/-4168/-3973 -3997/-4169/-3974 
f -1283/-1412/-1285 -889/-999/-895 -4272/-4444/-4245 -3441/-3609/-3425 
f -709/-813/-722 -710/-814/-723 -3189/-3357/-3175 -414/-494/-427 
f -3562/-3731/-3546 -2054/-2205/-2047 -2681/-2844/-2669 -2682/-2845/-2670 
f -3480/-3649/-3464 -3481/-3650/-3465 -1200/-1323/-1201 -327/-395/-338 
f -744/-848/-757 -745/-849/-758 -484/-571/-496 -485/-572/-497 
f -5094/-5266/-5062 -4247/-4419/-4220 -4248/-4420/-4221 -684/-788/-697 
f -1191/-1314/-1192 -1192/-1315/-1193 -1016/-1133/-1024 -2144/-2299/-2137 
f -938/-1051/-945 -939/-1052/-946 -326/-394/-337 -1339/-1469/-1339 
f -2866/-3031/-2851 -325/-393/-336 -5173/-5345/-5141 -5174/-5346/-5142 
f -2412/-2571/-2402 -3084/-3251/-3070 -4462/-4634/-4434 -4463/-4635/-4435 
f -2224/-2380/-2217 -3945/-4117/-3923 -3175/-3343/-3161 -324/-392/-335 
f -3591/-3760/-3575 -2555/-2716/-2542 -2243/-2400/-2237 -3592/-3761/-3576 
f -3415/-3583/-3399 -4385/-4557/-4357 -1655/-1792/-1649 -3881/-4053/-3861 
f -2283/-2440/-2277 -2607/-2768/-2594 -2608/-2769/-2595 -2282/-2439/-2276 
f -674/-777/-686 -675/-778/-687 -867/-976/-874 -1049/-1169/-1058 
f -323/-391/-334 -322/-390/-333 -321/-389/-332 -1212/-1336/-1213 
f -320/-388/-331 -319/-387/-330 -318/-386/-329 -317/-385/-3996 
f -627/-725/-641 -1797/-1941/-1791 -898/-1008/-904 -3381/-3549/-3365 
f -612/-708/-625 -1069/-1189/-1076 -1070/-1190/-1077 -1662/-1801/-1657 
f -316/-384/-328 -315/-383/-327 -1053/-1173/-1062 -314/-382/-326 
f -1525/-1658/-1522 -4336/-4508/-4308 -4333/-4505/-4305 -614/-710/-627 
f -3478/-3647/-3462 -2705/-2868/-2693 -2706/-2869/-2694 -2217/-2373/-2210 
f -313/-381/-325 -1141/-1262/-1146 -1142/-1263/-1147 -312/-380/-324 
f -1507/-1640/-1504 -2704/-2867/-2692 -2705/-2868/-2693 -382/-459/-395 
f -311/-379/-323 -1855/-1999/-1849 -1856/-2000/-1850 -310/-378/-322 
f -418/-498/-431 -415/-495/-428 -2982/-3147/-2967 -758/-862/-771 
f -1065/-1185/-1073 -4003/-4175/-3980 -4004/-4176/-3981 -549/-642/-563 
f -309/-377/-321 -3821/-3993/-3802 -3822/-3994/-3803 -2135/-2290/-2128 
f -657/-757/-669 -4186/-4358/-4161 -4187/-4359/-4162 -626/-724/-640 
f -3301/-3469/-3286 -3321/-3489/-3305 -4724/-4896/-4695 -4721/-4893/-4692 
f -2090/-2245/-2084 -1956/-2105/-1950 -1957/-2106/-1951 -1593/-376/-1586 
f -1477/-1609/-1474 -697/-801/-710 -4590/-4762/-4561 -4591/-4763/-4562 
f -427/-508/-440 -738/-842/-751 -308/-375/-320 -1715/-1859/-1712 
f -2453/-2612/-2442 -2106/-2261/-2100 -777/-882/-789 -2452/-2611/-2441 
f -889/-999/-895 -3828/-4000/-3809 -5155/-5327/-5123 -5152/-5324/-5120 
f -307/-374/-319 -389/-468/-403 -1717/-1861/-1714 -4520/-4692/-4492 
f -4049/-4221/-4025 -3894/-4066/-3874 -3290/-3458/-3275 -4048/-4220/-4024 
f -3133/-3301/-3120 -1438/-1570/-1437 -4668/-4840/-4639 -4669/-4841/-4640 
f -2290/-2447/-2284 -2288/-2445/-2282 -306/-373/-318 -4790/-4962/-4761 
f -305/-372/-4103 -1425/-1557/-1424 -304/-371/-317 -303/-370/-316 
f -789/-895/-3007 -964/-1077/-971 -963/-1076/-970 -302/-369/-315 
f -1285/-1414/-1287 -2734/-2897/-2722 -2507/-2666/-2493 -2504/-2663/-2490 
f -3708/-3877/-3689 -3705/-3874/-3686 -4173/-4345/-4148 -4032/-4204/-4008 
f -778/-883/-790 -1578/-1712/-1571 -3782/-3954/-3763 -3783/-3955/-3764 
f -2266/-2423/-2260 -3480/-3649/-3464 -327/-395/-338 -825/-932/-833 
f -301/-368/-314 -300/-367/-3307 -299/-366/-313 -298/-365/-312 
f -4169/-4341/-4144 -505/-594/-518 -3681/-3850/-3663 -4172/-4344/-4147 
f -1136/-1257/-1141 -1133/-1254/-1139 -848/-956/-856 -760/-864/-4928 
f -297/-364/-311 -1454/-1586/-1451 -1443/-1575/-1442 -1198/-1321/-1199 
f -415/-495/-428 -296/-363/-310 -2981/-3146/-2966 -2982/-3147/-2967 
f -1532/-1665/-1529 -5307/-5479/-5274 -5308/-5480/-5275 -1296/-1426/-1298 
f -483/-570/-495 -3212/-3380/-3198 -3209/-3377/-3195 -295/-362/-309 
f -4937/-5109/-4907 -4938/-5110/-4908 -2606/-2767/-2593 -1420/-1552/-1419 
f -3154/-3322/-3141 -1893/-2038/-1886 -1605/-1739/-1598 -3157/-3325/-3144 
f -2449/-2608/-2438 -442/-523/-455 -828/-935/-836 -294/-361/-308 
f -513/-602/-526 -514/-603/-527 -2646/-2807/-2633 -5076/-5248/-5044 
f -1204/-1327/-1205 -1205/-1328/-1206 -3762/-3932/-3743 -3763/-3933/-3744 
f -3493/-3662/-3477 -721/-825/-734 -2030/-2181/-2023 -3465/-3633/-3449 
f -1184/-1307/-2541 -4972/-5144/-4940 -4828/-5000/-4799 -4825/-4997/-4796 
f -293/-360/-307 -1122/-1243/-1128 -1123/-1244/-1129 -2872/-3037/-2857 
f -4971/-5143/-4939 -4972/-5144/-4940 -1184/-1307/-2541 -2281/-2438/-2275 
f -4324/-4496/-4296 -4390/-4562/-4362 -4391/-4563/-4363 -792/-898/-803 
f -379/-456/-393 -2709/-2872/-2697 -2710/-2873/-2698 -1040/-1159/-1049 
f -1329/-1459/-1331 -2160/-2315/-2153 -2161/-2316/-2154 -1001/-1116/-1009 
f -3844/-4016/-3824 -4213/-4385/-4187 -2361/-2520/-2353 -2362/-2521/-2354 
f -2123/-2278/-2116 -2122/-2277/-2115 -816/-923/-824 -4748/-4920/-4719 
f -4427/-4599/-4399 -3125/-3293/-3112 -294/-361/-308 -4426/-4598/-4398 
f -1334/-1464/-1334 -4274/-4446/-4247 -4275/-4447/-4248 -1106/-1226/-1113 
f -292/-359/-306 -291/-358/-305 -2037/-2188/-2030 -2035/-2186/-2028 
f -1345/-1475/-1345 -4189/-4361/-4164 -1268/-1397/-1270 -290/-357/-1526 
f -1805/-1949/-1799 -719/-823/-732 -605/-701/-618 -1804/-1948/-1798 
f -3022/-3187/-3007 -1630/-1764/-1622 -2365/-2524/-2357 -3021/-3186/-3006 
f -2082/-2237/-2076 -289/-356/-304 -2944/-3109/-2929 -1581/-1715/-1574 
f -1976/-2126/-1970 -1977/-2127/-1971 -3047/-3212/-3032 -3048/-3213/-3033 
f -485/-572/-497 -486/-573/-498 -5271/-5443/-5239 -383/-462/-397 
f -5240/-5412/-5208 -1538/-1671/-1535 -2147/-2302/-2140 -288/-355/-303 
f -5079/-5251/-5047 -3385/-3553/-3369 -1829/-1973/-1823 -4528/-4700/-4500 
f -287/-354/-302 -985/-1099/-992 -986/-1100/-993 -286/-353/-301 
f -2902/-3067/-2887 -3786/-3958/-3767 -4508/-4680/-4480 -285/-352/-300 
f -1274/-1403/-1276 -1316/-1446/-1318 -1315/-1445/-1317 -1273/-1402/-1275 
f -2020/-2170/-2013 -4085/-4257/-4061 -5321/-5493/-5288 -4911/-5083/-4881 
f -4620/-4792/-4591 -1092/-1212/-1099 -1890/-2035/-1883 -4619/-4791/-4590 
f -886/-996/-892 -801/-907/-810 -284/-351/-299 -934/-1047/-941 
f -3393/-3561/-3377 -3391/-3559/-3375 -3717/-3886/-3698 -3718/-3887/-3699 
f -1504/-1637/-1501 -1505/-1638/-1502 -1063/-1183/-1071 -1064/-1184/-1072 
f -1506/-1639/-1503 -1353/-1483/-1352 -444/-525/-457 -1505/-1638/-1502 
f -2570/-2731/-2557 -1277/-1406/-1279 -343/-412/-354 -2573/-2734/-2560 
f -4933/-5105/-4903 -4934/-5106/-4904 -852/-961/-860 -2409/-2568/-2399 
f -1200/-1323/-1201 -3444/-3612/-3428 -3445/-3613/-3429 -327/-395/-338 
f -3395/-3563/-3379 -2100/-2255/-2094 -4016/-4188/-3992 -3394/-3562/-3378 
f -1386/-1516/-1384 -283/-350/-298 -4375/-4547/-4347 -1723/-1867/-1720 
f -4675/-4847/-4646 -1806/-1950/-1800 -4941/-5113/-4911 -4942/-5114/-4912 
f -3354/-3522/-3338 -3351/-3519/-3335 -1950/-2099/-1944 -1215/-1339/-1216 
f -2867/-3032/-2852 -2062/-2213/-2055 -1563/-1697/-1560 -2866/-3031/-2851 
f -1076/-1196/-1083 -1275/-1404/-1277 -292/-359/-306 -430/-511/-443 
f -1170/-1293/-1173 -4645/-4817/-4616 -4642/-4814/-4613 -4674/-4846/-4645 
f -282/-349/-297 -2470/-2629/-2457 -2471/-2630/-2458 -2360/-2519/-2352 
f -870/-979/-877 -1683/-1825/-1679 -1684/-1826/-1680 -869/-978/-876 
f -1370/-1500/-1369 -1371/-1501/-1370 -554/-647/-567 -956/-1069/-963 
f -1046/-1166/-1055 -2850/-3015/-2835 -2848/-3013/-2833 -281/-348/-296 
f -3704/-3873/-3685 -3243/-3411/-3229 -513/-602/-526 -3703/-3872/-3684 
f -1921/-2070/-1915 -2420/-2579/-2410 -280/-347/-295 -2820/-2985/-2806 
f -1849/-1993/-1843 -490/-577/-502 -728/-832/-741 -1131/-1252/-1137 
f -1666/-1806/-1662 -398/-477/-412 -279/-346/-294 -1667/-1807/-1663 
f -3437/-3605/-3421 -3435/-3603/-3419 -1400/-1530/-1398 -1915/-2064/-1910 
f -1121/-1242/-4836 -3634/-3803/-4599 -1153/-1275/-1157 -1120/-1241/-1127 
f -460/-544/-473 -993/-1108/-1001 -2496/-2655/-2483 -371/-447/-385 
f -3870/-4042/-3850 -3871/-4043/-3851 -2507/-2666/-2493 -2734/-2897/-2722 
f -1623/-1757/-1615 -4878/-5050/-4849 -4879/-5051/-4850 -1624/-1758/-1616 
f -3147/-3315/-3134 -1642/-1777/-1634 -278/-345/-293 -3149/-3317/-3136 
f -277/-344/-292 -2079/-2234/-2073 -2080/-2235/-2074 -276/-343/-291 
f -4257/-4429/-4230 -5297/-5469/-5264 -275/-342/-290 -274/-341/-289 
f -1632/-1766/-1624 -1633/-1767/-1625 -1803/-1947/-1797 -1804/-1948/-1798 
f -421/-502/-434 -273/-340/-288 -2586/-2747/-2573 -748/-852/-761 
f -272/-339/-287 -2305/-2462/-2298 -2306/-2463/-2299 -714/-818/-727 
f -3217/-3385/-3203 -5153/-5325/-5121 -4479/-4651/-4451 -3216/-3384/-3202 
f -5038/-5210/-5006 -1914/-2063/-1909 -1270/-1399/-1272 -271/-338/-286 
f -2276/-2433/-2270 -4320/-4492/-4292 -3139/-3307/-3126 -2275/-2432/-2269 
f -2721/-2884/-2709 -270/-337/-285 -269/-336/-284 -4082/-4254/-4058 
f -4194/-4366/-4169 -359/-434/-838 -1863/-2007/-1857 -4193/-4365/-4168 
f -2588/-2749/-2575 -964/-1077/-971 -1311/-1441/-1313 -1312/-1442/-1314 
f -268/-335/-283 -2199/-2355/-2192 -945/-1058/-952 -946/-1059/-953 
f -267/-334/-282 -3192/-3360/-3178 -4768/-4940/-4739 -395/-474/-409 
f -1718/-1862/-1715 -5242/-5414/-5210 -4882/-5054/-4853 -4245/-4417/-4218 
f -3714/-3883/-3695 -3711/-3880/-3692 -3667/-3836/-3649 -1266/-1395/-1268 
f -3143/-3311/-3130 -4563/-4735/-4534 -4564/-4736/-4535 -4075/-4247/-4051 
f -3527/-3696/-3511 -3528/-3697/-3512 -2072/-2227/-2066 -2073/-2228/-2067 
f -266/-333/-281 -1691/-1833/-1687 -4772/-4944/-4743 -539/-631/-553 
f -562/-655/-575 -3606/-3775/-3590 -1604/-1738/-1597 -841/-949/-849 
f -1057/-1177/-1065 -411/-491/-424 -2177/-2332/-2170 -2175/-2330/-2168 
f -4257/-4429/-4230 -4254/-4426/-4227 -5296/-5468/-5263 -5297/-5469/-5264 
f -1529/-1662/-1526 -265/-332/-280 -4920/-5092/-4890 -4917/-5089/-4887 
f -1218/-1342/-1219 -2359/-2518/-2351 -2356/-2515/-2348 -1355/-1485/-1354 
f -598/-694/-611 -1999/-2149/-1992 -2413/-2572/-2403 -977/-1091/-984 
f -264/-331/-279 -1896/-2042/-1889 -1781/-1925/-1776 -1779/-1923/-1774 
f -1770/-1914/-1765 -263/-330/-278 -262/-329/-277 -1769/-1913/-1764 
f -1108/-1228/-1115 -2039/-2190/-2032 -1427/-1559/-1426 -261/-328/-276 
f -260/-327/-275 -259/-326/-274 -258/-325/-273 -2973/-3138/-2958 
f -2986/-3151/-2971 -257/-324/-272 -1185/-1308/-1187 -2985/-3150/-2970 
f -256/-323/-271 -1252/-1378/-1254 -2084/-2239/-2078 -255/-322/-270 
f -5042/-5214/-5010 -5043/-5215/-5011 -892/-321/-269 -254/-320/-268 
f -4163/-4335/-4138 -3613/-3782/-3597 -464/-549/-476 -4162/-4334/-4137 
f -5243/-5415/-5211 -581/-675/-594 -742/-846/-755 -4881/-5053/-4852 
f -325/-393/-336 -2866/-3031/-2851 -1563/-1697/-1560 -1560/-1694/-1557 
f -2937/-3102/-2922 -2280/-2437/-2274 -375/-451/-389 -1404/-1534/-1402 
f -253/-319/-267 -3078/-3245/-3064 -2450/-318/-2439 -252/-317/-266 
f -1453/-1585/-1450 -1454/-1586/-1451 -297/-364/-311 -251/-316/-265 
f -2185/-2341/-2178 -1759/-1903/-1754 -737/-841/-750 -428/-509/-441 
f -673/-776/-685 -2850/-3015/-2835 -1046/-1166/-1055 -1047/-1167/-1056 
f -2201/-2357/-2194 -2202/-2358/-2195 -1160/-1282/-1164 -1159/-1281/-1163 
f -250/-315/-3149 -1833/-1977/-1827 -4371/-4543/-4343 -4369/-4541/-4341 
f -3956/-4128/-3933 -1392/-1522/-1390 -3261/-3429/-3246 -3262/-3430/-3247 
f -5290/-5462/-5257 -3936/-4108/-3914 -4540/-4712/-4512 -5289/-5461/-5256 
f -3569/-3738/-3553 -3721/-3890/-3702 -777/-882/-789 -2106/-2261/-2100 
f -1455/-1587/-1452 -2825/-2990/-2811 -249/-314/-264 -1342/-1472/-1342 
f -1549/-1682/-1546 -248/-313/-263 -3788/-3960/-3769 -3789/-3961/-3770 
f -4215/-4387/-4189 -4201/-4373/-4176 -713/-817/-726 -4214/-4386/-4188 
f -1047/-1167/-1056 -4148/-4320/-4123 -5235/-5407/-5203 -5232/-5404/-5200 
f -4536/-4708/-4508 -2841/-3006/-2826 -2839/-3004/-2824 -4939/-5111/-4909 
f -1507/-1640/-1504 -382/-459/-395 -247/-312/-262 -2221/-2377/-2214 
f -2004/-2154/-1997 -1704/-1848/-1701 -1586/-1720/-1579 -844/-952/-852 
f -5171/-5343/-5139 -5168/-5340/-5136 -3111/-3279/-3098 -3112/-3280/-3099 
f -879/-988/-885 -5285/-5457/-5253 -5286/-5458/-5254 -5281/-5453/-5249 
f -1086/-1206/-1093 -2251/-2408/-2245 -1812/-1956/-1806 -2125/-2280/-2118 
f -1320/-1450/-1322 -1321/-1451/-1323 -2755/-2918/-2743 -751/-855/-764 
f -3732/-3901/-3713 -5222/-5394/-5190 -5223/-5395/-5191 -4534/-4706/-4506 
f -4935/-5107/-4905 -689/-793/-702 -3698/-3867/-3679 -2795/-2958/-2782 
f -279/-346/-294 -246/-311/-261 -389/-468/-403 -307/-374/-319 
f -5191/-5363/-5159 -5188/-5360/-5156 -2940/-3105/-2925 -3434/-3602/-3418 
f -3023/-3188/-3008 -3044/-3209/-3029 -959/-1072/-966 -1332/-1462/-1333 
f -3085/-3252/-3071 -3895/-4067/-3875 -1015/-1132/-1023 -245/-310/-260 
f -878/-987/-884 -940/-1053/-947 -941/-1054/-948 -1520/-1653/-1517 
f -3593/-3762/-3577 -4104/-4276/-4080 -4105/-4277/-4081 -2321/-2478/-2313 
f -2259/-2416/-2253 -3073/-3240/-3059 -244/-309/-259 -2258/-2415/-2252 
f -4816/-4988/-4787 -2421/-2580/-2411 -2422/-2581/-2412 -243/-308/-258 
f -676/-779/-688 -553/-646/-566 -550/-643/-5061 -675/-778/-687 
f -2057/-2208/-2050 -242/-307/-257 -241/-306/-256 -2056/-2207/-2049 
f -240/-305/-255 -4787/-4959/-4758 -544/-637/-558 -545/-638/-559 
f -2510/-2669/-2496 -2055/-2206/-2048 -239/-304/-254 -2509/-2668/-2495 
f -558/-651/-571 -798/-904/-808 -400/-479/-413 -238/-303/-253 
f -4992/-5164/-4960 -4993/-5165/-4961 -437/-518/-450 -2609/-2770/-2596 
f -3301/-3469/-3286 -314/-382/-326 -3320/-3488/-3304 -3321/-3489/-3305 
f -1075/-1195/-1082 -1975/-2125/-1969 -3087/-3254/-3073 -2000/-2150/-1993 
f -473/-559/-485 -560/-653/-573 -2161/-2316/-2154 -2159/-2314/-2152 
f -4916/-5088/-4886 -2250/-2407/-2244 -579/-673/-592 -4915/-5087/-4885 
f -1759/-1903/-1754 -3526/-3695/-3510 -3523/-3692/-3507 -737/-841/-750 
f -1105/-939/-839 -910/-1020/-916 -237/-302/-252 -1104/-301/-251 
f -4782/-4954/-4753 -941/-1054/-948 -4745/-4917/-4716 -4781/-4953/-4752 
f -3507/-3676/-3491 -5130/-5302/-5098 -5131/-5303/-5099 -3506/-3675/-3490 
f -4591/-4763/-4562 -1898/-2045/-1892 -1899/-2046/-1893 -1477/-1609/-1474 
f -2826/-2991/-2812 -2824/-2989/-2810 -3921/-4093/-3899 -676/-779/-688 
f -4842/-5014/-4813 -236/-300/-250 -1024/-1141/-1032 -4841/-5013/-4812 
f -3661/-3830/-3643 -3658/-3827/-3640 -432/-513/-445 -235/-299/-249 
f -234/-298/-248 -407/-487/-420 -2946/-3111/-2931 -2947/-3112/-2932 
f -375/-451/-389 -1108/-1228/-1115 -261/-328/-276 -1404/-1534/-1402 
f -688/-792/-701 -5251/-5423/-5219 -4494/-4666/-4466 -4495/-4667/-4467 
f -1891/-2036/-1884 -367/-443/-381 -233/-297/-247 -232/-296/-246 
f -2493/-2652/-2480 -2494/-2653/-2481 -4140/-4312/-4115 -4141/-4313/-4116 
f -5017/-5189/-4985 -231/-295/-245 -230/-294/-244 -1062/-1182/-1070 
f -3943/-4115/-3921 -3944/-4116/-3922 -2582/-2743/-2569 -4921/-5093/-4891 
f -507/-596/-520 -3859/-4031/-3839 -3860/-4032/-3840 -2514/-2673/-2500 
f -2749/-2912/-2737 -2750/-2913/-2738 -1036/-1155/-1045 -3234/-3402/-3220 
f -1553/-1687/-1550 -2589/-2750/-2576 -3339/-3507/-3323 -3340/-3508/-3324 
f -5140/-5312/-5108 -4658/-4830/-4629 -4659/-4831/-4630 -4235/-4407/-4208 
f -926/-1037/-933 -3475/-3643/-3459 -874/-983/-880 -229/-293/-243 
f -655/-754/-667 -1919/-2068/-1914 -1920/-2069/-3534 -3197/-3365/-3183 
f -1336/-1466/-1336 -4439/-4611/-4411 -764/-868/-776 -1335/-1465/-1335 
f -1240/-1366/-1243 -734/-838/-747 -394/-473/-408 -242/-307/-257 
f -303/-370/-316 -228/-292/-242 -1747/-1891/-1742 -305/-372/-4103 
f -1839/-291/-1833 -1755/-1899/-1750 -5047/-5219/-5015 -1838/-290/-1832 
f -5023/-5195/-4991 -1025/-1142/-1033 -1264/-1392/-1266 -5022/-5194/-4990 
f -227/-289/-241 -1659/-1798/-1654 -1476/-1608/-1473 -4395/-4567/-4367 
f -226/-288/-240 -1734/-1878/-1729 -2547/-2708/-2534 -1649/-1784/-1641 
f -2748/-2911/-2736 -1799/-287/-239 -4989/-2488/-2322 -2747/-2910/-2735 
f -1484/-1616/-1481 -1485/-1617/-1482 -3688/-3857/-3670 -1461/-1593/-1458 
f -2651/-2812/-2638 -1570/-1704/-1564 -3916/-4088/-3894 -3868/-4040/-3848 
f -2734/-2897/-2722 -1285/-1414/-1287 -5020/-5192/-4988 -2735/-2898/-2723 
f -315/-383/-327 -1094/-1214/-1101 -1052/-1172/-1061 -1053/-1173/-1062 
f -5335/-5507/-5302 -3315/-3483/-3299 -1037/-1156/-1046 -4952/-5124/-4922 
f -989/-760/-997 -3525/-3694/-3509 -2141/-2296/-2134 -2142/-2297/-2135 
f -3275/-3443/-3260 -3276/-3444/-3261 -3170/-3338/-3156 -3171/-3339/-3157 
f -3514/-3683/-3498 -1369/-1499/-1368 -4041/-4213/-4017 -4042/-4214/-4018 
f -1385/-1515/-1383 -225/-286/-238 -587/-683/-601 -1386/-1516/-1384 
f -5311/-5483/-5278 -2653/-2814/-2640 -1915/-2064/-1910 -224/-285/-237 
f -514/-603/-527 -223/-284/-236 -2649/-2810/-2636 -2646/-2807/-2633 
f -222/-283/-235 -582/-677/-596 -3680/-3849/-3662 -3681/-3850/-3663 
f -2505/-2664/-2491 -2737/-2900/-2725 -3980/-4152/-3957 -3074/-3241/-3060 
f -4458/-4630/-4430 -221/-282/-234 -2803/-2966/-2790 -511/-600/-524 
f -460/-544/-473 -371/-447/-385 -3586/-3755/-3570 -459/-543/-472 
f -4278/-4450/-4251 -2155/-2310/-2148 -4340/-4512/-4312 -4337/-4509/-4309 
f -4324/-4496/-4296 -220/-281/-233 -3583/-3752/-3567 -4323/-4495/-4295 
f -4028/-1776/-4004 -4656/-4828/-4627 -3476/-3644/-3460 -4027/-3645/-4003 
f -316/-384/-328 -314/-382/-326 -3301/-3469/-3286 -3300/-3468/-3285 
f -3799/-3971/-3780 -931/-1042/-938 -4263/-4435/-4236 -3413/-3581/-3397 
f -2645/-2806/-2632 -1002/-1117/-1010 -5186/-5358/-5154 -2644/-2805/-2631 
f -2092/-2247/-2086 -2090/-2245/-2084 -1593/-376/-1586 -2599/-280/-2586 
f -5030/-279/-4998 -2388/-278/-2379 -388/-467/-402 -385/-464/-399 
f -4739/-4911/-4710 -2981/-3146/-2966 -296/-363/-310 -4742/-4914/-4713 
f -1508/-1641/-1505 -219/-277/-232 -2704/-2867/-2692 -1507/-1640/-1504 
f -218/-276/-231 -2676/-2839/-2664 -4562/-4734/-4533 -4563/-4735/-4534 
f -1269/-1398/-1271 -4155/-4327/-4130 -1133/-1254/-1139 -1134/-1255/-1141 
f -4998/-5170/-4966 -2867/-3032/-2852 -2868/-3033/-2853 -5001/-5173/-4969 
f -1034/-1153/-1043 -217/-275/-230 -3909/-4081/-3888 -3950/-4122/-3927 
f -1127/-1248/-1133 -4610/-4782/-4581 -4611/-4783/-4582 -1126/-1247/-1132 
f -4661/-4833/-4632 -824/-931/-832 -216/-274/-229 -4660/-4832/-4631 
f -360/-435/-374 -569/-436/-582 -567/-273/-580 -215/-272/-228 
f -2126/-2281/-2119 -1497/-1630/-1494 -1498/-1631/-1495 -429/-510/-442 
f -4726/-4898/-4697 -4694/-4866/-4665 -4691/-4863/-4662 -4725/-4897/-4696 
f -2180/-2335/-2173 -2181/-2336/-2174 -226/-288/-240 -1649/-1784/-1641 
f -3971/-4143/-3948 -3972/-4144/-3949 -214/-271/-227 -213/-270/-226 
f -337/-406/-348 -2411/-2570/-2401 -2410/-2569/-2400 -647/-745/-659 
f -3930/-4102/-3908 -3927/-4099/-3905 -1660/-1799/-1655 -1657/-1796/-1652 
f -1170/-1293/-1173 -4674/-4846/-4645 -4675/-4847/-4646 -4942/-5114/-4912 
f -1033/-1150/-1041 -1032/-1149/-1040 -2015/-2165/-2008 -2016/-2166/-2009 
f -4234/-4406/-4207 -4235/-4407/-4208 -3629/-3798/-3612 -215/-272/-228 
f -212/-269/-225 -1832/-1976/-1826 -628/-726/-642 -3378/-3546/-3362 
f -2523/-2682/-2509 -1255/-1383/-1257 -3574/-3743/-3558 -2522/-2681/-2508 
f -1090/-1210/-1097 -4488/-4660/-4460 -2132/-2287/-2125 -4364/-4536/-4336 
f -970/-1083/-977 -971/-1084/-978 -606/-702/-619 -607/-703/-620 
f -3108/-3276/-3095 -947/-1060/-954 -948/-1061/-955 -4200/-4372/-4175 
f -211/-268/-224 -3863/-4035/-3843 -5301/-5473/-5268 -5302/-5474/-5269 
f -2726/-2889/-2714 -5000/-5172/-4968 -5001/-5173/-4969 -2725/-2888/-2713 
f -2809/-2974/-2796 -815/-922/-823 -3113/-3281/-3100 -2411/-2570/-2401 
f -2984/-3149/-2969 -2033/-2184/-2026 -210/-267/-223 -209/-266/-222 
f -369/-445/-383 -4786/-4958/-4757 -208/-265/-221 -937/-1050/-944 
f -3807/-3979/-3788 -4182/-4354/-4157 -1056/-1176/-2917 -207/-264/-220 
f -3386/-3554/-3370 -206/-263/-219 -4068/-4240/-4044 -4069/-4241/-4045 
f -1195/-1318/-1196 -1588/-1722/-1581 -925/-1036/-932 -1177/-1300/-1180 
f -1442/-1574/-1441 -3693/-3862/-3675 -3694/-3863/-3676 -697/-801/-710 
f -4239/-4411/-4212 -4236/-4408/-4209 -1247/-1373/-1249 -284/-351/-299 
f -3642/-3811/-3624 -1298/-1428/-1300 -5308/-5480/-5275 -5309/-5481/-5276 
f -2313/-2470/-2306 -2314/-2471/-2307 -1281/-1410/-1283 -1790/-1934/-1784 
f -3299/-3467/-3284 -3772/-3942/-3753 -205/-262/-218 -1847/-1991/-1841 
f -2929/-3094/-2914 -917/-1028/-924 -918/-1029/-925 -3851/-4023/-3831 
f -3145/-3313/-3132 -2721/-2884/-2709 -4082/-4254/-4058 -4083/-4255/-4059 
f -1012/-1127/-1020 -2724/-2887/-2712 -1517/-1650/-1514 -1516/-1649/-1513 
f -528/-620/-542 -412/-492/-425 -204/-261/-217 -893/-1003/-899 
f -3107/-3275/-3094 -3104/-3272/-3091 -812/-919/-820 -203/-260/-216 
f -2596/-2757/-2583 -1623/-1757/-1615 -5316/-5488/-5283 -1241/-1367/-1244 
f -202/-259/-215 -2172/-2327/-2165 -2173/-2328/-2166 -2041/-2192/-2034 
f -595/-691/-608 -201/-258/-214 -5231/-5403/-5199 -594/-690/-607 
f -598/-694/-611 -677/-780/-689 -200/-257/-213 -199/-256/-212 
f -656/-755/-668 -985/-1099/-992 -287/-354/-302 -198/-255/-211 
f -3635/-3804/-3617 -3634/-3803/-4599 -1121/-1242/-4836 -1610/-1744/-1602 
f -1770/-1914/-1765 -2475/-2634/-2462 -2476/-2635/-2463 -263/-330/-278 
f -5329/-5501/-5296 -2551/-2712/-2538 -1592/-1726/-1585 -3061/-3228/-3047 
f -197/-254/-724 -2506/-2665/-2492 -2507/-2666/-2493 -3871/-4043/-3851 
f -196/-253/-210 -983/-1097/-990 -2360/-2519/-2352 -5146/-5318/-5114 
f -906/-1016/-912 -3167/-3335/-3153 -3168/-3336/-3154 -2105/-2260/-2099 
f -328/-396/-339 -4171/-4343/-4146 -4172/-4344/-4147 -3679/-3848/-3661 
f -328/-396/-339 -3679/-3848/-3661 -475/-561/-487 -476/-562/-488 
f -1602/-1736/-1595 -2169/-2324/-2162 -333/-401/-344 -988/-1102/-995 
f -195/-252/-209 -304/-371/-317 -282/-349/-297 -984/-1098/-991 
f -1846/-1990/-1840 -194/-251/-208 -3375/-3543/-3359 -1664/-1804/-1660 
f -2988/-3153/-2973 -2985/-3150/-2970 -3954/-4126/-3931 -3955/-4127/-3932 
f -1232/-1357/-1234 -4870/-5042/-4841 -4518/-4690/-4490 -4515/-4687/-4487 
f -3835/-4007/-3816 -5193/-5365/-5161 -5194/-5366/-5162 -1594/-1728/-1587 
f -2338/-2497/-2330 -2134/-2289/-2127 -1817/-1961/-1811 -5275/-5447/-5243 
f -5129/-5301/-5097 -3140/-3308/-3127 -3141/-3309/-3128 -193/-250/-207 
f -1439/-1571/-1438 -2170/-2325/-2163 -5109/-5281/-5077 -5106/-5278/-5074 
f -3403/-3571/-3387 -4098/-4270/-4074 -5283/-5455/-5251 -5284/-5456/-5252 
f -635/-733/-649 -636/-734/-3537 -192/-249/-206 -191/-248/-205 
f -787/-893/-799 -190/-247/-204 -3630/-3799/-3613 -3631/-3800/-3614 
f -2659/-2820/-2646 -4643/-4815/-4614 -4644/-4816/-4615 -517/-608/-530 
f -3719/-3888/-3700 -3720/-3889/-3701 -4119/-4291/-4094 -4120/-4292/-4095 
f -3087/-3254/-3073 -1975/-2125/-1969 -4432/-4604/-4404 -3086/-3253/-3072 
f -733/-837/-746 -2519/-2678/-2505 -3069/-3236/-3055 -3070/-3237/-3056 
f -4824/-4996/-4795 -4821/-4993/-4792 -189/-246/-1707 -1937/-2086/-1931 
f -4078/-4250/-4054 -188/-245/-203 -803/-909/-812 -4077/-4249/-4053 
f -3452/-3620/-3436 -669/-772/-681 -928/-1039/-935 -3455/-3623/-3439 
f -2244/-2401/-2238 -2555/-2716/-2542 -2621/-2782/-2608 -914/-1025/-921 
f -187/-244/-202 -2056/-2207/-2049 -241/-306/-256 -186/-243/-201 
f -2925/-3090/-2910 -2926/-3091/-2911 -680/-784/-693 -348/-418/-360 
f -2849/-3014/-2834 -3256/-3424/-3242 -1922/-2071/-1916 -1399/-1529/-1397 
f -2715/-2878/-2703 -1019/-1136/-1027 -185/-242/-200 -467/-552/-479 
f -4607/-4779/-4578 -235/-299/-249 -432/-513/-445 -4606/-4778/-4577 
f -340/-409/-351 -323/-391/-334 -365/-441/-379 -706/-810/-719 
f -3507/-3676/-3491 -184/-241/-199 -1441/-1573/-1440 -5130/-5302/-5098 
f -183/-240/-198 -3121/-3289/-3108 -3122/-3290/-3109 -690/-794/-703 
f -1325/-1455/-1327 -182/-239/-197 -4812/-4984/-4783 -4809/-4981/-4780 
f -2748/-2911/-2736 -2642/-2803/-2629 -2158/-583/-508 -1799/-287/-239 
f -1173/-1296/-1176 -1172/-1295/-1175 -3079/-3246/-3065 -3080/-3247/-3066 
f -2509/-2668/-2495 -239/-304/-254 -2902/-3067/-2887 -285/-352/-300 
f -3632/-3801/-3615 -2046/-2197/-2039 -4502/-4674/-4474 -3631/-3800/-3614 
f -396/-475/-410 -1651/-1786/-1643 -4030/-4202/-4006 -181/-238/-196 
f -314/-382/-326 -1053/-1173/-1062 -4326/-4498/-4298 -3320/-3488/-3304 
f -1200/-1323/-1201 -3481/-3650/-3465 -2215/-2371/-2208 -1199/-1322/-1200 
f -4013/-4185/-4868 -1069/-1189/-1076 -612/-708/-625 -357/-429/-370 
f -2525/-2684/-2511 -914/-1025/-921 -915/-1026/-922 -2455/-2614/-2444 
f -4239/-4411/-4212 -284/-351/-299 -801/-907/-810 -2353/-2512/-2345 
f -4059/-4231/-4035 -4060/-4232/-4036 -396/-475/-410 -181/-238/-196 
f -300/-367/-3307 -301/-368/-314 -2479/-2638/-2466 -5060/-5232/-5028 
f -1985/-2135/-1979 -1986/-2136/-1980 -1244/-1370/-1246 -1245/-1371/-1247 
f -526/-618/-540 -2210/-2366/-2203 -2211/-2367/-2204 -542/-635/-556 
f -2765/-2928/-2753 -3119/-3287/-3106 -768/-872/-780 -1289/-1419/-1291 
f -2815/-2980/-4711 -2814/-2979/-2801 -4216/-4388/-4190 -2293/-2450/-2287 
f -959/-1072/-966 -1748/-1892/-1743 -4419/-4591/-4391 -1332/-1462/-1333 
f -1341/-1471/-1341 -2114/-2269/-2107 -2115/-2270/-2108 -1354/-1484/-1353 
f -3337/-3505/-3321 -1658/-1797/-1653 -908/-1018/-914 -907/-1017/-913 
f -711/-815/-724 -614/-710/-627 -4333/-4505/-4305 -4783/-4955/-4754 
f -4362/-4534/-4334 -4363/-4535/-4335 -2240/-2397/-2234 -3896/-4068/-3876 
f -2821/-2986/-2807 -2818/-2983/-2804 -2336/-2495/-2328 -3196/-3364/-3182 
f -3683/-3852/-3665 -306/-373/-318 -451/-533/-464 -2730/-2893/-2718 
f -1769/-1913/-1764 -262/-329/-277 -180/-237/-195 -1125/-1246/-1131 
f -495/-582/-507 -478/-565/-490 -958/-1071/-965 -2192/-2348/-2185 
f -755/-859/-768 -896/-1006/-902 -179/-236/-194 -248/-313/-263 
f -2675/-2836/-2662 -2672/-235/-2659 -2029/-2180/-2022 -2030/-2181/-2023 
f -702/-806/-715 -2235/-2392/-2229 -1572/-1706/-1566 -1573/-1707/-1567 
f -210/-267/-223 -3701/-3870/-3682 -3702/-3871/-3683 -209/-266/-222 
f -2632/-2793/-2619 -2633/-2794/-2620 -1107/-1227/-1114 -826/-933/-834 
f -3573/-3742/-3557 -4691/-4863/-4662 -4692/-4864/-4663 -3576/-3745/-3560 
f -1180/-1303/-1183 -2864/-3029/-2849 -2865/-3030/-2850 -1182/-1305/-1185 
f -3312/-3480/-3296 -313/-381/-325 -3273/-3441/-3258 -1375/-1505/-1374 
f -4820/-4992/-4791 -431/-512/-444 -3532/-3701/-3516 -3529/-3698/-3513 
f -244/-309/-259 -4162/-4334/-4137 -464/-549/-476 -178/-234/-193 
f -177/-233/-192 -1965/-2114/-1959 -3098/-3266/-3085 -3099/-3267/-3086 
f -2238/-2395/-2232 -2239/-2396/-2233 -2619/-2780/-2606 -1947/-2096/-1941 
f -2878/-3043/-2863 -1612/-1746/-1604 -176/-232/-191 -4689/-4861/-4660 
f -1228/-1353/-1230 -175/-231/-190 -2617/-2778/-2604 -3338/-3506/-3322 
f -1783/-1927/-1777 -4951/-5123/-4921 -438/-519/-451 -4583/-4755/-4554 
f -174/-230/-189 -3891/-4063/-3871 -3892/-4064/-3872 -220/-281/-233 
f -2191/-2347/-2184 -774/-879/-786 -1363/-1493/-1362 -1364/-1494/-1363 
f -635/-733/-649 -260/-327/-275 -4542/-4714/-4923 -634/-732/-648 
f -5076/-5248/-5044 -2646/-2807/-2633 -2647/-2808/-2634 -5075/-5247/-5043 
f -2328/-2485/-2320 -2541/-2700/-2527 -4318/-4490/-4290 -4315/-4487/-4287 
f -255/-322/-270 -1581/-1715/-1574 -1582/-1716/-1575 -4035/-4207/-4011 
f -2630/-2791/-2617 -3283/-3451/-3268 -3280/-3448/-3265 -2909/-3074/-2894 
f -2826/-2991/-2812 -674/-777/-686 -3250/-3418/-3236 -3251/-3419/-3237 
f -4472/-4644/-4444 -849/-958/-857 -1172/-957/-1175 -4471/-4643/-4443 
f -1945/-2094/-1939 -2341/-2500/-2333 -716/-820/-729 -173/-229/-188 
f -3034/-3199/-3019 -4504/-4676/-4476 -2830/-2995/-2816 -372/-448/-386 
f -2304/-2461/-2297 -775/-880/-787 -374/-450/-388 -2303/-2460/-2296 
f -3354/-3522/-3338 -1215/-1339/-1216 -572/-665/-585 -4227/-4399/-4200 
f -1663/-228/-187 -2813/-2978/-2800 -2854/-3019/-2839 -2855/-3020/-2840 
f -2315/-2472/-2697 -172/-227/-186 -1282/-1411/-1284 -2314/-2471/-2307 
f -4544/-4716/-4515 -4541/-4713/-4513 -2971/-3136/-2956 -2841/-3006/-2826 
f -1222/-1346/-1223 -4412/-4584/-4384 -1011/-1126/-1019 -1221/-1345/-1222 
f -4535/-4707/-4507 -383/-462/-397 -5271/-5443/-5239 -5268/-5440/-5236 
f -3997/-4169/-3974 -3592/-3761/-3576 -3136/-3304/-3123 -3137/-3305/-3124 
f -2698/-2861/-2686 -2221/-2377/-2214 -247/-312/-262 -2697/-2860/-2685 
f -1343/-1473/-1343 -2278/-2435/-2272 -184/-241/-199 -171/-226/-185 
f -3933/-4105/-3911 -3931/-4103/-3909 -2722/-2885/-2710 -3146/-3314/-3133 
f -867/-976/-874 -1564/-1698/-1561 -4950/-5122/-4920 -866/-975/-873 
f -4015/-4187/-3991 -2101/-2256/-2095 -653/-752/-665 -4276/-4448/-4249 
f -4628/-4800/-4599 -1982/-2132/-1976 -2679/-2842/-2667 -4627/-4799/-4598 
f -2026/-2177/-2019 -2027/-2178/-2020 -3458/-3626/-3442 -3459/-3627/-3443 
f -3610/-3779/-3594 -2400/-2559/-2391 -2401/-2560/-2392 -3553/-3722/-3537 
f -2207/-2363/-2200 -3239/-3407/-3225 -505/-594/-518 -4169/-4341/-4144 
f -1625/-1759/-1617 -170/-225/-184 -5171/-5343/-5139 -3112/-3280/-3099 
f -3399/-3567/-3383 -1169/-1292/-1172 -2444/-2603/-5161 -2329/-2486/-2321 
f -292/-359/-306 -1275/-1404/-1277 -1276/-1405/-1278 -291/-358/-305 
f -776/-881/-788 -2739/-2902/-2727 -4293/-4465/-4265 -1227/-1351/-1228 
f -742/-846/-755 -740/-844/-753 -1653/-1790/-1647 -4881/-5053/-4852 
f -4991/-5163/-4959 -2895/-3060/-2880 -2896/-3061/-2881 -4990/-5162/-4958 
f -589/-685/-603 -1050/-1170/-1059 -3202/-3370/-3188 -3199/-3367/-3185 
f -1940/-2089/-1934 -1941/-2090/-1935 -4559/-4731/-4530 -3602/-3771/-3586 
f -169/-224/-183 -842/-950/-850 -843/-951/-851 -168/-223/-182 
f -390/-469/-404 -167/-222/-181 -166/-221/-180 -1882/-2026/-1875 
f -513/-602/-526 -5076/-5248/-5044 -5077/-5249/-5045 -3703/-3872/-3684 
f -2564/-2725/-2551 -169/-224/-183 -3386/-3554/-3370 -3384/-3552/-3368 
f -2199/-2355/-2192 -268/-335/-283 -3861/-4033/-3841 -3308/-3476/-3292 
f -2568/-2729/-2555 -2339/-2498/-2331 -1390/-1520/-1388 -2567/-2728/-2554 
f -2516/-2675/-2502 -3060/-3227/-3046 -5118/-5290/-5086 -4310/-4482/-4282 
f -2439/-2598/-2429 -4963/-5135/-4933 -4964/-5136/-5244 -165/-220/-179 
f -1061/-1181/-1069 -1058/-1178/-1066 -3510/-3679/-3494 -480/-567/-492 
f -4484/-4656/-4456 -4485/-4657/-4457 -4362/-4534/-4334 -779/-884/-791 
f -2366/-2525/-2358 -872/-981/-1126 -4447/-4619/-4419 -2451/-2610/-2440 
f -3430/-3598/-3414 -2735/-2898/-2723 -3302/-3470/-3287 -3303/-3471/-4951 
f -1201/-1324/-1202 -1202/-1325/-1203 -2332/-2491/-2325 -2333/-2492/-2326 
f -1573/-1707/-1567 -2099/-2254/-2093 -2097/-2252/-2091 -704/-808/-717 
f -1600/-1734/-1593 -1304/-1434/-1306 -1758/-1902/-1753 -1599/-1733/-1592 
f -4592/-4764/-4563 -4589/-4761/-4560 -3097/-3265/-3084 -3098/-3266/-3085 
f -3276/-3444/-3261 -3273/-3441/-3258 -313/-381/-325 -312/-380/-324 
f -2294/-2451/-4178 -1978/-2128/-1972 -2815/-2980/-4711 -2293/-2450/-2287 
f -648/-747/-660 -3533/-3702/-3517 -2829/-2994/-2815 -4505/-4677/-4477 
f -2511/-2670/-2497 -2508/-2667/-2494 -850/-959/-858 -851/-960/-859 
f -2762/-2925/-2750 -2763/-2926/-2751 -164/-219/-178 -403/-482/-416 
f -4561/-1046/-4532 -4562/-218/-177 -3342/-3510/-3326 -933/-1045/-940 
f -343/-412/-354 -344/-413/-355 -1464/-1596/-1461 -2573/-2734/-2560 
f -962/-1075/-969 -1416/-1548/-1415 -1262/-1390/-1264 -163/-217/-176 
f -3127/-3295/-3114 -263/-330/-278 -2476/-2635/-2463 -3130/-3298/-3117 
f -684/-788/-697 -4248/-4420/-4221 -2396/-2555/-2387 -2112/-2267/-2105 
f -5065/-5237/-5033 -2901/-3066/-2886 -2923/-3088/-2908 -5064/-5236/-5032 
f -4861/-5033/-4832 -1189/-1312/-1190 -1264/-1392/-1266 -1025/-1142/-1033 
f -4165/-4337/-4140 -3671/-3840/-3653 -974/-1088/-981 -4168/-4340/-4143 
f -3826/-3998/-3807 -3827/-3999/-3808 -162/-216/-175 -349/-419/-361 
f -557/-650/-570 -4596/-4768/-4567 -3938/-4110/-3916 -1186/-1309/-1188 
f -161/-215/-174 -2992/-3157/-2977 -2993/-3158/-2978 -3102/-3270/-3089 
f -3255/-3423/-3241 -1960/-2109/-1954 -2382/-2541/-2374 -188/-245/-203 
f -3217/-3385/-3203 -3218/-3386/-3204 -4270/-4442/-4243 -4271/-4443/-4244 
f -817/-924/-825 -1467/-1599/-1464 -1464/-1596/-1461 -344/-413/-355 
f -5231/-5403/-5199 -201/-258/-214 -160/-214/-173 -5230/-5402/-5198 
f -3296/-3464/-3281 -3297/-3465/-3282 -3027/-3192/-3012 -1669/-1809/-1665 
f -234/-298/-248 -2947/-3112/-2932 -2003/-2153/-1996 -4686/-4858/-4657 
f -3096/-3264/-3083 -3577/-3746/-3561 -159/-213/-172 -218/-276/-231 
f -2408/-2567/-2398 -1532/-1665/-1529 -158/-212/-171 -2407/-2566/-2397 
f -3095/-3263/-3082 -4389/-4561/-4361 -4422/-4594/-4394 -4641/-4813/-4612 
f -4841/-5013/-4812 -1024/-1141/-1032 -1025/-1142/-1033 -5023/-5195/-4991 
f -757/-861/-770 -3039/-3204/-3024 -1979/-2129/-1973 -1253/-1381/-1255 
f -961/-1074/-968 -962/-1075/-969 -489/-576/-501 -909/-1019/-915 
f -5004/-5176/-4972 -2877/-3042/-2862 -4690/-4862/-4661 -2044/-2195/-2037 
f -507/-596/-520 -355/-426/-368 -353/-424/-366 -508/-597/-521 
f -1550/-1683/-1547 -755/-859/-768 -248/-313/-263 -1549/-1682/-1546 
f -353/-424/-366 -354/-425/-367 -1278/-1407/-1280 -1279/-1408/-1281 
f -4750/-4922/-4721 -3242/-3410/-3228 -1288/-1417/-1290 -1287/-1416/-1289 
f -5147/-5319/-5115 -5144/-5316/-5112 -1010/-1125/-1018 -3690/-3859/-3672 
f -4452/-4624/-4424 -197/-254/-724 -2665/-2826/-2652 -2666/-2827/-2653 
f -4726/-4898/-4697 -3407/-3575/-3391 -3408/-3576/-3392 -4694/-4866/-4665 
f -617/-713/-630 -3687/-3856/-3669 -3688/-3857/-3670 -1485/-1617/-1482 
f -1308/-1438/-1310 -2258/-2415/-2252 -244/-309/-259 -178/-234/-193 
f -965/-1078/-972 -3173/-3341/-3159 -4835/-5007/-4806 -2853/-3018/-2838 
f -5234/-5406/-5202 -5127/-5299/-5095 -2544/-2705/-2531 -2545/-2706/-2532 
f -616/-712/-629 -1482/-1614/-1479 -920/-1031/-927 -917/-1028/-924 
f -1654/-1791/-1648 -1649/-1784/-1641 -2547/-2708/-2534 -2546/-2707/-2533 
f -1214/-1338/-1215 -5044/-5216/-5012 -5045/-5217/-5013 -4064/-4236/-4040 
f -2897/-3062/-2882 -862/-971/-870 -331/-399/-342 -2900/-3065/-2885 
f -1435/-1567/-1434 -4450/-4622/-4422 -563/-656/-576 -1437/-1569/-1436 
f -2020/-2170/-2013 -4911/-5083/-4881 -4556/-4728/-4527 -2269/-2426/-2263 
f -157/-211/-170 -156/-210/-169 -358/-432/-372 -1450/-1582/-1447 
f -994/-1109/-1002 -995/-1110/-1003 -3081/-3248/-3067 -253/-319/-267 
f -2732/-2895/-2720 -2729/-2892/-2717 -320/-388/-331 -2116/-2271/-2109 
f -3282/-3450/-3267 -155/-209/-168 -2535/-2694/-2521 -1791/-1935/-1785 
f -3076/-3243/-3062 -3077/-3244/-3063 -1591/-1725/-1584 -457/-539/-470 
f -2037/-2188/-2030 -291/-358/-305 -650/-749/-662 -651/-750/-663 
f -296/-363/-310 -2189/-2345/-2182 -2190/-2346/-2183 -4742/-4914/-4713 
f -2704/-2867/-2692 -219/-277/-232 -527/-619/-541 -2707/-2870/-2695 
f -4888/-5060/-4859 -4889/-5061/-4860 -1127/-1248/-1133 -1128/-1249/-1134 
f -3683/-3852/-3665 -4789/-4961/-4760 -4790/-4962/-4761 -306/-373/-318 
f -503/-208/-516 -154/-207/-167 -153/-206/-166 -504/-205/-517 
f -1524/-1657/-1521 -280/-347/-295 -2420/-2579/-2410 -2421/-2580/-2411 
f -1807/-1951/-1801 -3715/-3884/-3696 -4629/-4801/-4600 -152/-204/-165 
f -477/-564/-489 -2065/-2216/-2058 -2136/-2291/-2129 -2137/-2292/-2130 
f -5300/-5472/-5267 -5301/-5473/-5268 -3959/-4131/-3936 -3564/-3733/-3548 
f -4577/-4749/-4548 -4578/-4750/-4549 -368/-444/-382 -151/-203/-164 
f -2184/-2340/-2177 -531/-623/-545 -2140/-2295/-2133 -1760/-1904/-1755 
f -331/-399/-342 -150/-202/-163 -3225/-3393/-3211 -2900/-3065/-2885 
f -3777/-2030/-3758 -1886/-2031/-1879 -4344/-4516/-4316 -3780/-1165/-3761 
f -3189/-3357/-3175 -3190/-3358/-3176 -149/-201/-162 -414/-494/-427 
f -1147/-1269/-1152 -2254/-2411/-2248 -4755/-4927/-4726 -4756/-4928/-4727 
f -1374/-1504/-1373 -1375/-1505/-1374 -3273/-3441/-3258 -3274/-3442/-3259 
f -4647/-4819/-4618 -1175/-1298/-1178 -148/-200/-161 -3604/-3773/-3588 
f -283/-350/-298 -147/-199/-160 -4378/-4550/-4350 -4375/-4547/-4347 
f -2415/-2574/-2405 -739/-843/-752 -146/-198/-159 -145/-197/-158 
f -2997/-3162/-2982 -1751/-1895/-1746 -1519/-1652/-1516 -1535/-1668/-1532 
f -2131/-2286/-2124 -2128/-2283/-2121 -5253/-5425/-5221 -5254/-5426/-5222 
f -3015/-3180/-3000 -2043/-2194/-2036 -4115/-4287/-4090 -1735/-1879/-1730 
f -2348/-2507/-2340 -1850/-1994/-1844 -1422/-1554/-1421 -2347/-2506/-2339 
f -717/-821/-730 -718/-822/-731 -2029/-2180/-2022 -2672/-235/-2659 
f -312/-380/-324 -2904/-3069/-2889 -3170/-3338/-3156 -3276/-3444/-3261 
f -2309/-2466/-2302 -3371/-3539/-3355 -2129/-2284/-2122 -2130/-2285/-2123 
f -1393/-1523/-1391 -3954/-4126/-3931 -2985/-3150/-2970 -1185/-1308/-1187 
f -2369/-2528/-2361 -839/-947/-847 -1012/-1127/-1020 -2368/-2527/-2360 
f -5079/-5251/-5047 -5080/-5252/-5048 -3384/-3552/-3368 -3385/-3553/-3369 
f -3348/-3516/-3332 -3349/-3517/-3333 -2474/-2633/-2461 -3741/-3910/-3722 
f -4445/-4617/-4417 -1739/-1883/-1734 -1740/-1884/-1735 -1742/-1886/-1737 
f -4925/-5097/-4895 -4926/-5098/-4896 -3099/-3267/-3086 -3100/-3268/-3087 
f -2933/-3098/-2918 -1317/-1447/-1319 -4997/-5169/-4965 -4994/-5166/-4962 
f -144/-196/-157 -703/-195/-156 -704/-194/-717 -143/-193/-155 
f -4607/-4779/-4578 -4608/-4780/-4579 -3666/-3835/-3648 -235/-299/-249 
f -1557/-1691/-1554 -1700/-1844/-1697 -2324/-2481/-2316 -1676/-1818/-1672 
f -4133/-4305/-4108 -4134/-4306/-4109 -2890/-3055/-2875 -3056/-3221/-3041 
f -5319/-5491/-5286 -465/-550/-477 -350/-420/-362 -5318/-5490/-5285 
f -2930/-3095/-2915 -1741/-1885/-1736 -617/-713/-630 -616/-712/-629 
f -2471/-2630/-2458 -3271/-3439/-3256 -5337/-5509/-5304 -5145/-5317/-5113 
f -4563/-4735/-4534 -3143/-3311/-3130 -3096/-3264/-3083 -218/-276/-231 
f -1236/-546/-1239 -461/-545/-474 -5217/-5389/-5185 -5218/-5390/-5186 
f -3498/-3667/-3482 -2009/-2159/-2002 -2575/-2736/-2562 -3501/-3670/-3485 
f -3957/-4129/-3934 -3958/-4130/-3935 -3861/-4033/-3841 -268/-335/-283 
f -4413/-4585/-4385 -2318/-2475/-2310 -1011/-1126/-1019 -4412/-4584/-4384 
f -4478/-3261/-3080 -4475/-1352/-1229 -2590/-2751/-2577 -3093/-3260/-3079 
f -2930/-3095/-2915 -2931/-3096/-2916 -4444/-4616/-4416 -1741/-1885/-1736 
f -1481/-1613/-1478 -3050/-3215/-3035 -3051/-3216/-3036 -1480/-1612/-1477 
f -1989/-2139/-1983 -1988/-2138/-1982 -1088/-1208/-1095 -1695/-1839/-1692 
f -1344/-1474/-1344 -1007/-1122/-1015 -4913/-5085/-4883 -5158/-5330/-5126 
f -861/-970/-869 -3397/-3565/-3381 -3457/-3625/-3441 -3458/-3626/-3442 
f -3594/-3763/-3578 -4859/-5031/-4830 -4860/-5032/-4831 -4806/-4978/-4777 
f -1163/-541/-1166 -1787/-500/-1781 -420/-501/-433 -458/-540/-471 
f -1714/-1858/-1711 -1715/-1859/-1712 -308/-375/-320 -4632/-4804/-4603 
f -3193/-3361/-3179 -508/-597/-521 -142/-192/-154 -2521/-2680/-2507 
f -1263/-1391/-1265 -2245/-2402/-2239 -1459/-1591/-1456 -141/-191/-153 
f -183/-240/-198 -650/-749/-662 -291/-358/-305 -1276/-1405/-1278 
f -617/-713/-630 -1741/-1885/-1736 -1742/-1886/-1737 -3687/-3856/-3669 
f -1355/-1485/-1354 -2356/-2515/-2348 -3014/-3179/-2999 -1865/-2009/-1859 
f -1432/-1564/-1431 -4251/-4423/-4224 -1853/-1997/-1847 -1431/-1563/-1430 
f -2241/-2398/-2235 -2242/-2399/-2236 -1051/-1171/-1060 -1499/-1632/-1496 
f -275/-190/-290 -807/-914/-815 -1589/-1723/-1582 -1331/-1461/-1332 
f -140/-189/-152 -139/-188/-151 -3971/-4143/-3948 -213/-270/-226 
f -3480/-3649/-3464 -2266/-2423/-2260 -2267/-2424/-2261 -3479/-3648/-3463 
f -1155/-1277/-1159 -547/-640/-561 -1628/-1762/-1620 -1629/-1763/-1621 
f -138/-187/-150 -784/-889/-796 -391/-470/-405 -1117/-1238/-1124 
f -1313/-1443/-1315 -1314/-1444/-1316 -484/-571/-496 -137/-186/-149 
f -1661/-1800/-1656 -1662/-1801/-1657 -1070/-1190/-1077 -1092/-1212/-1099 
f -136/-185/-148 -2435/-2594/-2425 -146/-198/-159 -739/-843/-752 
f -4794/-4966/-4765 -4792/-4964/-4763 -1373/-1503/-1372 -1374/-1504/-1373 
f -3069/-3236/-3055 -2519/-2678/-2505 -2517/-2676/-2503 -540/-563/-554 
f -1887/-184/-1880 -523/-615/-537 -2489/-2648/-2476 -845/-953/-853 
f -2805/-2968/-2792 -135/-183/-147 -2085/-2240/-2079 -2804/-2967/-2791 
f -527/-619/-541 -219/-277/-232 -392/-471/-406 -134/-182/-146 
f -1949/-2098/-1943 -4180/-4352/-4155 -133/-181/-145 -781/-886/-793 
f -2657/-2818/-2644 -780/-885/-792 -3392/-3560/-3376 -2067/-2218/-2060 
f -2641/-2802/-2628 -2638/-2799/-2625 -1102/-1222/-1109 -802/-908/-811 
f -4842/-5014/-4813 -602/-698/-615 -603/-699/-616 -236/-300/-250 
f -422/-503/-435 -1509/-1642/-1506 -1261/-1389/-1263 -1260/-1388/-1262 
f -1021/-1138/-1029 -1028/-1145/-1036 -797/-903/-807 -559/-652/-572 
f -2602/-2763/-2589 -1906/-2053/-1900 -766/-870/-778 -767/-871/-779 
f -4555/-4727/-4526 -4912/-5084/-4882 -351/-421/-363 -3977/-4149/-3954 
f -3103/-3271/-3090 -1842/-1986/-1836 -2700/-2863/-2688 -4663/-4835/-4634 
f -1083/-1203/-1090 -132/-180/-144 -566/-659/-579 -4011/-4183/-3988 
f -2370/-2529/-2362 -2371/-2530/-2363 -915/-1026/-922 -1384/-1514/-1382 
f -2828/-2993/-2814 -3534/-3703/-3518 -4812/-4984/-4783 -182/-239/-197 
f -1613/-1747/-1605 -1612/-1746/-1604 -2878/-3043/-2863 -2875/-3040/-2860 
f -2989/-3154/-2974 -1775/-1919/-1770 -5085/-5257/-5053 -5282/-5454/-5250 
f -4802/-4974/-4773 -4799/-4971/-4770 -2297/-2454/-2290 -4087/-4259/-4063 
f -1780/-1924/-1775 -529/-621/-543 -2615/-2776/-2602 -2477/-2636/-2464 
f -2060/-2211/-2053 -981/-1095/-988 -1041/-1160/-1050 -2059/-2210/-2052 
f -1524/-1657/-1521 -4813/-4985/-4784 -131/-179/-143 -506/-595/-519 
f -1644/-1779/-1636 -130/-178/-142 -3652/-3821/-3634 -1991/-2141/-1984 
f -855/-964/-863 -1745/-1889/-1740 -1959/-2108/-1953 -1956/-2105/-1950 
f -531/-623/-545 -2407/-2566/-2397 -158/-212/-171 -1877/-2021/-1870 
f -2657/-2818/-2644 -2658/-2819/-2645 -2500/-2659/-2487 -780/-885/-792 
f -1807/-1951/-1801 -4672/-4844/-4643 -3718/-3887/-3699 -3715/-3884/-3696 
f -3974/-4146/-3951 -4554/-4726/-4525 -4555/-4727/-4526 -3977/-4149/-3954 
f -404/-483/-1432 -1148/-1270/-1522 -1238/-1364/-1241 -967/-1080/-974 
f -3391/-3559/-3375 -5015/-5187/-4983 -2103/-2258/-2097 -3717/-3886/-3698 
f -1157/-1279/-1161 -1585/-1719/-1578 -1586/-1720/-1579 -1704/-1848/-1701 
f -4649/-4821/-4620 -4646/-4818/-4617 -4594/-4766/-4565 -4195/-4367/-4170 
f -4704/-4876/-4675 -1973/-2123/-1967 -3612/-3781/-3596 -637/-735/-650 
f -3979/-4151/-3956 -3980/-4152/-3957 -2737/-2900/-2725 -2738/-2901/-2726 
f -2801/-2964/-2788 -1994/-2144/-1987 -2468/-2627/-2455 -2800/-2963/-2787 
f -1214/-1338/-1215 -1211/-1335/-1212 -3304/-3472/-3288 -5044/-5216/-5012 
f -1236/-1362/-1239 -1234/-1359/-1236 -4124/-4296/-4099 -3091/-2386/-2223 
f -1189/-1312/-1190 -1190/-1313/-1191 -1114/-1234/-1121 -4522/-4694/-4494 
f -3388/-3556/-3372 -2168/-2323/-2161 -4490/-4662/-4462 -4487/-4659/-4459 
f -129/-177/-141 -1622/-1756/-1614 -3766/-3936/-3747 -5310/-5482/-5277 
f -1551/-176/-140 -1682/-1824/-1678 -1868/-2012/-1862 -1869/-2013/-1863 
f -2772/-2935/-2760 -2773/-2936/-2761 -1360/-1490/-1359 -4612/-4784/-4583 
f -370/-446/-384 -4486/-4658/-4458 -4483/-4655/-4455 -829/-936/-837 
f -2562/-2723/-2549 -2563/-2724/-2550 -1530/-1663/-1527 -1527/-1660/-1524 
f -3173/-3341/-3159 -3174/-3342/-3160 -4834/-5006/-4805 -4835/-5007/-4806 
f -2443/-2602/-2433 -2444/-2603/-5161 -1169/-1292/-1172 -4943/-5115/-4913 
f -4113/-4285/-4089 -3933/-4105/-3911 -2310/-2467/-2303 -4112/-4284/-4088 
f -4290/-4462/-4262 -4269/-4441/-4242 -611/-707/-624 -1226/-1350/-1227 
f -2579/-2740/-2566 -5299/-5471/-5266 -5300/-5472/-5267 -1954/-2103/-1948 
f -128/-175/-139 -1428/-1560/-1427 -1234/-1359/-1236 -1235/-1360/-1237 
f -3802/-3974/-3783 -286/-353/-301 -986/-1100/-993 -3805/-3977/-3786 
f -1813/-1957/-1807 -2252/-2409/-2246 -1007/-1122/-1015 -1008/-1123/-1016 
f -202/-259/-215 -1984/-2134/-1978 -1985/-2135/-1979 -2172/-2327/-2165 
f -3370/-3538/-3354 -2226/-2382/-2219 -2129/-2284/-2122 -3371/-3539/-3355 
f -4117/-4289/-4092 -4118/-4290/-4093 -3332/-3500/-3316 -3333/-3501/-3317 
f -5187/-5359/-5155 -5184/-5356/-5152 -127/-174/-138 -126/-173/-137 
f -4940/-5112/-4910 -4535/-4707/-4507 -4536/-4708/-4508 -4939/-5111/-4909 
f -1221/-1345/-1222 -2013/-2163/-2006 -3138/-3306/-3125 -3135/-3303/-3122 
f -4975/-5147/-4943 -4600/-4772/-4571 -1363/-1493/-1362 -774/-879/-786 
f -3118/-3286/-3105 -125/-172/-136 -666/-769/-678 -3117/-3285/-3104 
f -1904/-2051/-1898 -2796/-2959/-2783 -1943/-2092/-1937 -3541/-3710/-3525 
f -1502/-1635/-1499 -124/-171/-135 -2182/-2338/-2175 -4851/-5023/-4822 
f -2917/-3082/-2902 -2636/-2797/-2623 -2637/-2798/-2624 -1318/-1448/-1320 
f -1849/-1993/-1843 -1850/-1994/-1844 -2348/-2507/-2340 -490/-577/-502 
f -4840/-5012/-4811 -4296/-4468/-4268 -4294/-4466/-4266 -4839/-5011/-4810 
f -2754/-2917/-2742 -4496/-4668/-4468 -2945/-3110/-2930 -2946/-3111/-2931 
f -2440/-2599/-2430 -1361/-1491/-1360 -4966/-5138/-4935 -4963/-5135/-4933 
f -3767/-3937/-3748 -3768/-3938/-3749 -2225/-2381/-2218 -3370/-3538/-3354 
f -124/-171/-135 -5200/-5372/-5168 -5201/-5373/-5169 -2182/-2338/-2175 
f -1548/-1681/-1545 -1547/-1680/-1544 -723/-827/-736 -2580/-2741/-2567 
f -4523/-4695/-4495 -3663/-3832/-3645 -1160/-1282/-1164 -4526/-4698/-4498 
f -3846/-4018/-3826 -3414/-3582/-3398 -1620/-1754/-1612 -1794/-1938/-1788 
f -127/-174/-138 -2042/-2193/-2035 -2043/-2194/-2036 -126/-173/-137 
f -2425/-2584/-2415 -2769/-2932/-2757 -1696/-1840/-1693 -2424/-2583/-2414 
f -3941/-4113/-3919 -4719/-4891/-4690 -4720/-4892/-4691 -3911/-4083/-3889 
f -1436/-1568/-1435 -2249/-2406/-2243 -2247/-2404/-2241 -1607/-1741/-1599 
f -3156/-3324/-3143 -1431/-1563/-1430 -1853/-1997/-1847 -4322/-4494/-4294 
f -775/-880/-787 -776/-881/-788 -881/-990/-887 -4229/-4401/-4202 
f -3346/-3514/-3330 -3343/-3511/-3327 -123/-170/-134 -1233/-1358/-1235 
f -4536/-4708/-4508 -4537/-4709/-4509 -4544/-4716/-4515 -2841/-3006/-2826 
f -1733/-1877/-1728 -1734/-1878/-1729 -226/-288/-240 -876/-985/-882 
f -212/-269/-225 -3378/-3546/-3362 -3379/-3547/-3363 -2766/-2929/-2754 
f -5327/-5499/-5294 -5328/-5500/-5295 -793/-899/-804 -3057/-3222/-3042 
f -2047/-2198/-2040 -4687/-4859/-4658 -122/-169/-133 -4501/-4673/-4473 
f -4071/-4243/-4047 -2543/-2704/-2530 -2544/-2705/-2531 -149/-201/-162 
f -5114/-5286/-5082 -5115/-5287/-5083 -3029/-3194/-3014 -1537/-1670/-1534 
f -1473/-1605/-1470 -1925/-2074/-1919 -1051/-1171/-1060 -1472/-1604/-1469 
f -1966/-2115/-1960 -4208/-4380/-5205 -4209/-4381/-4183 -3159/-3327/-3145 
f -3619/-3788/-3603 -231/-295/-245 -5017/-5189/-4985 -5014/-5186/-4982 
f -121/-168/-132 -5096/-5268/-5064 -700/-804/-713 -3038/-3203/-3023 
f -3850/-4022/-3830 -3851/-4023/-3831 -918/-1029/-925 -424/-505/-437 
f -3383/-3551/-3367 -120/-167/-131 -936/-1049/-943 -3019/-3184/-3004 
f -2870/-3035/-2855 -2871/-3036/-2856 -696/-800/-709 -5227/-5399/-5195 
f -4411/-4583/-4383 -4412/-4584/-4384 -1222/-1346/-1223 -4693/-4865/-4664 
f -5169/-5341/-5137 -3557/-3726/-3541 -3558/-3727/-3542 -2776/-2939/-2764 
f -2416/-2575/-2406 -446/-528/-459 -4798/-4970/-4769 -4795/-4967/-4766 
f -1313/-1443/-1315 -137/-186/-149 -4894/-5066/-4864 -119/-166/-130 
f -2429/-2588/-2419 -2426/-2585/-2416 -154/-207/-167 -503/-208/-516 
f -4431/-4603/-4403 -118/-165/-129 -267/-334/-282 -4430/-4602/-4402 
f -3689/-3858/-3671 -4699/-4871/-4670 -4700/-4872/-4671 -273/-340/-288 
f -586/-681/-600 -4088/-4260/-4064 -4968/-5140/-4937 -4969/-5141/-4938 
f -5222/-5394/-5190 -3732/-3901/-3713 -3561/-3730/-3545 -537/-629/-551 
f -898/-1008/-904 -899/-1009/-905 -125/-172/-136 -3118/-3286/-3105 
f -5296/-5468/-5263 -2566/-2727/-2553 -4545/-4717/-4516 -5295/-5467/-5262 
f -1615/-1749/-1607 -1616/-1750/-1608 -3203/-3371/-3189 -1340/-1470/-1340 
f -3810/-3982/-3791 -3811/-3983/-3792 -117/-164/-128 -289/-356/-304 
f -3675/-3844/-3657 -1893/-2038/-1886 -3154/-3322/-3141 -819/-926/-827 
f -573/-666/-586 -2546/-2707/-2533 -4410/-4582/-4382 -2685/-2848/-2673 
f -465/-550/-477 -3825/-3997/-3806 -3826/-3998/-3807 -350/-420/-362 
f -1945/-2094/-1939 -173/-229/-188 -1029/-1146/-1037 -1730/-1874/-1725 
f -1119/-1240/-1126 -1120/-1241/-1127 -116/-163/-127 -4367/-4539/-4339 
f -2511/-2670/-2497 -115/-162/-126 -510/-599/-523 -2510/-2669/-2496 
f -1101/-1221/-1108 -1521/-1654/-1518 -4553/-4725/-4524 -4550/-4722/-4521 
f -1884/-2028/-1877 -114/-161/-4597 -4626/-4798/-4597 -1883/-2027/-1876 
f -3025/-3190/-3010 -1797/-1941/-1791 -627/-725/-641 -3211/-3379/-3197 
f -1017/-1134/-1025 -681/-785/-694 -2957/-3122/-2942 -2958/-3123/-2943 
f -2231/-2388/-2225 -529/-621/-543 -1780/-1924/-1775 -2230/-2387/-2224 
f -193/-250/-207 -113/-160/-125 -5128/-5300/-5096 -5129/-5301/-5097 
f -415/-495/-428 -416/-496/-429 -2189/-2345/-2182 -296/-363/-310 
f -701/-805/-714 -5097/-5269/-5065 -685/-789/-698 -393/-472/-407 
f -4092/-4264/-4068 -5205/-5377/-5173 -3448/-3616/-3432 -1446/-1578/-1444 
f -3501/-3670/-3485 -2272/-2429/-2266 -5120/-5292/-5088 -3500/-3669/-3484 
f -563/-656/-576 -4450/-4622/-4422 -4451/-4623/-4423 -1173/-1296/-1176 
f -4924/-5096/-4894 -1388/-1518/-1386 -5200/-5372/-5168 -124/-171/-135 
f -757/-861/-770 -121/-168/-132 -3038/-3203/-3023 -3039/-3204/-3024 
f -4901/-5073/-4871 -926/-1037/-933 -229/-293/-243 -1681/-1823/-1677 
f -3809/-3981/-3790 -629/-727/-643 -3978/-4150/-3955 -3621/-3790/-4116 
f -1519/-1652/-1516 -112/-159/-124 -887/-997/-893 -1518/-1651/-1515 
f -3286/-3454/-3271 -3287/-3455/-3272 -2762/-2925/-2750 -403/-482/-416 
f -4252/-4424/-4225 -2349/-2508/-2341 -2346/-2505/-2338 -1854/-1998/-1848 
f -3789/-3961/-3770 -4817/-4989/-4788 -4818/-4990/-4789 -1412/-1542/-1410 
f -883/-158/-889 -111/-157/-123 -3520/-3689/-3504 -3521/-3690/-3505 
f -525/-617/-539 -2999/-3164/-2984 -5053/-5225/-5021 -1859/-2003/-1853 
f -2162/-2317/-2155 -2163/-2318/-2156 -3512/-3681/-3496 -110/-156/-122 
f -2765/-2928/-2753 -1289/-1419/-1291 -2350/-2509/-2342 -2767/-2930/-2755 
f -4985/-5157/-4953 -2692/-2855/-2680 -2693/-2856/-2681 -2664/-2825/-2651 
f -4249/-4421/-4222 -4246/-4418/-4219 -5241/-5413/-5209 -499/-588/-512 
f -4501/-4673/-4473 -122/-169/-133 -2131/-2286/-2124 -5254/-5426/-5222 
f -1226/-1350/-1227 -1227/-1351/-1228 -4293/-4465/-4265 -4290/-4462/-4262 
f -5314/-5486/-5281 -2312/-2469/-2305 -4104/-4276/-4080 -3593/-3762/-3577 
f -2338/-2497/-2330 -2337/-2496/-2329 -2523/-2682/-2509 -2524/-2683/-2510 
f -1614/-1748/-1606 -557/-650/-570 -1186/-1309/-1188 -1617/-1751/-1609 
f -3753/-3922/-3734 -4270/-4442/-4243 -3218/-3386/-3204 -3752/-3921/-3733 
f -5230/-5402/-5198 -160/-214/-173 -305/-372/-4103 -1747/-1891/-1742 
f -4372/-4544/-4344 -2393/-2552/-2384 -258/-325/-273 -4374/-4546/-4346 
f -1495/-1628/-1492 -1253/-1381/-1255 -2791/-1379/-2778 -2792/-1627/-2779 
f -5030/-279/-4998 -385/-464/-399 -3866/-4038/-3846 -5033/-155/-5001 
f -2474/-2633/-2461 -2472/-2631/-2459 -109/-154/-121 -1534/-1667/-1531 
f -2785/-2948/-2773 -3409/-3577/-3393 -3360/-3528/-3344 -1396/-1526/-1394 
f -2317/-2474/-2309 -4285/-4457/-4257 -4286/-4458/-4258 -1356/-1486/-1355 
f -3897/-4069/-3877 -779/-884/-791 -4362/-4534/-4334 -3896/-4068/-3876 
f -2038/-2189/-2031 -1474/-1606/-1471 -3925/-4097/-3903 -3926/-4098/-3904 
f -5262/-5434/-5230 -2908/-3073/-2893 -2567/-2728/-2554 -5261/-5433/-5229 
f -996/-1111/-1004 -4904/-5076/-4874 -5279/-5451/-5247 -463/-548/-475 
f -5277/-5449/-5245 -5278/-5450/-5246 -5021/-5193/-4989 -5018/-5190/-4986 
f -2399/-2558/-2390 -4249/-4421/-4222 -499/-588/-512 -580/-674/-593 
f -1308/-1438/-1310 -178/-234/-193 -1514/-1647/-1511 -1515/-1648/-1512 
f -3585/-3754/-3569 -4617/-4789/-4588 -4614/-4786/-4585 -1707/-1851/-1704 
f -1207/-1330/-1208 -4922/-5094/-4892 -4923/-5095/-4893 -1503/-1636/-1500 
f -3892/-4064/-3872 -1196/-1319/-1197 -3583/-3752/-3567 -220/-281/-233 
f -3012/-3177/-2997 -5177/-5349/-5145 -2482/-2641/-2469 -3011/-3176/-2996 
f -3697/-3866/-3678 -2433/-2592/-2423 -108/-153/-120 -3700/-3869/-3681 
f -3231/-3399/-3217 -1791/-1935/-1785 -1792/-1936/-1786 -2181/-2336/-2174 
f -3903/-4075/-3883 -3904/-4076/-3884 -572/-665/-585 -1215/-1339/-1216 
f -2564/-2725/-2551 -3384/-3552/-3368 -5080/-5252/-5048 -4545/-4717/-4516 
f -2007/-2157/-2000 -3776/-3948/-3757 -3773/-3945/-3754 -2008/-2158/-2001 
f -2038/-2189/-2031 -3926/-4098/-3904 -2624/-2785/-2611 -3406/-3574/-3390 
f -3157/-3325/-3144 -1603/-1737/-1596 -1431/-1563/-1430 -3156/-3324/-3143 
f -1967/-2116/-1961 -4108/-4280/-4084 -5136/-5308/-5104 -5137/-5309/-5105 
f -3696/-3865/-3677 -2017/-2167/-2010 -858/-967/-866 -859/-968/-867 
f -369/-445/-383 -538/-630/-552 -2326/-2483/-2318 -4192/-4364/-4167 
f -4755/-4927/-4726 -107/-152/-119 -1996/-2146/-1989 -4754/-4926/-4725 
f -106/-151/-118 -4701/-4873/-4672 -4702/-4874/-4673 -1784/-1928/-1778 
f -3278/-3446/-3263 -2537/-2696/-2523 -105/-150/-823 -1513/-1646/-1510 
f -1807/-1951/-1801 -152/-204/-165 -1303/-1433/-1305 -1806/-1950/-1800 
f -827/-934/-835 -443/-524/-456 -667/-770/-679 -3907/-4079/-3886 
f -212/-269/-225 -2766/-2929/-2754 -3162/-3330/-3148 -3163/-3331/-3149 
f -5134/-5306/-5102 -309/-377/-321 -4575/-4747/-4546 -5133/-5305/-5101 
f -1183/-1306/-1186 -3179/-3347/-3165 -3180/-3348/-3166 -1091/-1211/-1098 
f -445/-527/-458 -4461/-4633/-4433 -4462/-4634/-4434 -245/-310/-260 
f -104/-149/-117 -3833/-4005/-3814 -3834/-4006/-3815 -103/-148/-116 
f -2383/-2542/-2375 -803/-909/-812 -188/-245/-203 -2382/-2541/-2374 
f -5053/-5225/-5021 -5050/-5222/-5018 -1858/-2002/-1852 -1859/-2003/-1853 
f -1076/-1196/-1083 -1077/-1197/-1084 -4947/-5119/-4917 -1275/-1404/-1277 
f -1274/-1403/-1276 -4084/-4256/-4060 -3101/-3269/-3088 -167/-222/-181 
f -598/-694/-611 -199/-256/-212 -1074/-1194/-1081 -1999/-2149/-1992 
f -3588/-3757/-3572 -3589/-3758/-3573 -1765/-1909/-1760 -469/-555/-481 
f -2890/-3055/-2875 -2391/-2550/-2382 -3088/-3255/-3074 -3056/-3221/-3041 
f -483/-570/-495 -1668/-1808/-1664 -3028/-3193/-3013 -3212/-3380/-3198 
f -1534/-1667/-1531 -109/-154/-121 -4714/-4886/-4685 -4711/-4883/-4682 
f -4319/-4491/-4291 -3155/-3323/-3142 -3156/-3324/-3143 -4322/-4494/-4294 
f -4954/-5126/-4924 -1782/-1926/-3299 -1640/-1774/-1632 -1641/-1775/-1633 
f -3344/-3512/-3328 -5086/-5258/-5054 -1252/-1378/-1254 -3343/-3511/-3327 
f -5116/-5288/-5084 -439/-520/-452 -1038/-1157/-1047 -5115/-5287/-5083 
f -3325/-3493/-3309 -102/-147/-115 -2358/-2517/-2350 -2359/-2518/-2351 
f -3798/-3970/-3779 -3847/-4019/-3827 -3848/-4020/-3828 -1531/-1664/-1528 
f -3969/-4141/-3946 -4221/-4393/-4195 -4218/-4390/-4192 -2170/-2325/-2163 
f -5231/-5403/-5199 -5228/-5400/-5196 -2788/-2951/-2776 -594/-690/-607 
f -1517/-1650/-1514 -4569/-4741/-4540 -4570/-4742/-4541 -2631/-2792/-2618 
f -2428/-2041/-2418 -1896/-2042/-1889 -264/-331/-279 -543/-146/-557 
f -288/-355/-303 -4883/-5055/-4854 -4884/-5056/-4855 -581/-675/-594 
f -1277/-1406/-1279 -2570/-2731/-2557 -2626/-2787/-2613 -1280/-1409/-1282 
f -4820/-4992/-4791 -4817/-4989/-4788 -3787/-3959/-3768 -431/-512/-444 
f -3425/-3593/-3409 -5303/-5475/-5270 -5304/-5476/-5271 -3443/-3611/-3427 
f -1539/-1672/-1536 -1429/-1561/-1428 -3520/-3689/-3504 -111/-157/-123 
f -3827/-3999/-3808 -3828/-4000/-3809 -889/-999/-895 -1283/-1412/-1285 
f -183/-240/-198 -690/-794/-703 -691/-795/-704 -650/-749/-662 
f -101/-145/-114 -400/-479/-413 -1359/-1489/-1358 -2891/-3056/-2876 
f -3198/-3366/-3184 -1881/-2025/-1874 -363/-439/-377 -654/-753/-666 
f -552/-645/-565 -979/-1093/-986 -980/-1094/-987 -3357/-3525/-3341 
f -2781/-2944/-2769 -2782/-2945/-2770 -334/-403/-345 -376/-452/-390 
f -4698/-4870/-4669 -4695/-4867/-4666 -381/-458/-4556 -4586/-4758/-4557 
f -3990/-4162/-3967 -860/-969/-868 -1424/-1556/-1423 -4102/-4274/-4078 
f -1937/-2086/-1931 -1858/-2002/-1852 -5050/-5222/-5018 -4465/-4637/-4437 
f -4309/-4481/-4281 -5119/-5291/-5087 -1426/-1558/-1425 -2183/-2339/-2176 
f -100/-144/-113 -4449/-4621/-4421 -4450/-4622/-4422 -1435/-1567/-1434 
f -1404/-1534/-1402 -261/-328/-276 -128/-175/-139 -1403/-1533/-1401 
f -4295/-4467/-4267 -4329/-4501/-4301 -4330/-4502/-4302 -871/-980/-878 
f -4418/-4590/-4390 -1749/-1893/-1744 -99/-143/-112 -3770/-3940/-3751 
f -4040/-3928/-4016 -4037/-142/-4013 -98/-141/-111 -3758/-3927/-3739 
f -1985/-2135/-1979 -1245/-1371/-1247 -2171/-2326/-2164 -2172/-2327/-2165 
f -1657/-1796/-1652 -1658/-1797/-1653 -3337/-3505/-3321 -3334/-3502/-3318 
f -4782/-4954/-4753 -4334/-4506/-4306 -1520/-1653/-1517 -941/-1054/-948 
f -5300/-5472/-5267 -3564/-3733/-3548 -4240/-4412/-4213 -1954/-2103/-1948 
f -2002/-2152/-1995 -5193/-5365/-5161 -3835/-4007/-3816 -3832/-4004/-3813 
f -4147/-140/-4122 -5326/-5498/-5293 -5327/-5499/-5294 -4150/-3223/-3043 
f -3729/-3898/-3710 -5178/-5350/-5146 -5179/-5351/-5147 -3728/-3897/-3709 
f -1968/-2117/-1962 -330/-398/-341 -4376/-4548/-4348 -4377/-4549/-4349 
f -2087/-2242/-2081 -976/-1090/-983 -4331/-4503/-4303 -4332/-4504/-4304 
f -1981/-2131/-1975 -2094/-2249/-2088 -2095/-2250/-2089 -2271/-2428/-2265 
f -1968/-2117/-1962 -3010/-3175/-2995 -329/-397/-340 -330/-398/-341 
f -3494/-3663/-3478 -3015/-3180/-3000 -1735/-1879/-1730 -532/-624/-546 
f -3813/-3985/-3794 -1402/-1532/-1400 -3150/-3318/-3137 -3151/-3319/-3138 
f -3797/-3969/-3778 -2745/-2908/-2733 -1005/-1120/-1013 -3796/-3968/-3777 
f -1743/-1887/-1738 -1356/-1486/-1355 -1233/-1358/-1235 -123/-170/-134 
f -1298/-1428/-1300 -3664/-3833/-3646 -3665/-3834/-3647 -1297/-1427/-1299 
f -240/-305/-255 -545/-638/-559 -97/-139/-110 -380/-457/-394 
f -1897/-2044/-1891 -1898/-2045/-1892 -1964/-2113/-1958 -530/-622/-544 
f -1192/-1315/-1193 -4072/-4244/-4048 -347/-417/-359 -1016/-1133/-1024 
f -221/-282/-234 -1456/-1588/-1453 -96/-138/-109 -95/-137/-108 
f -4130/-4302/-4105 -4416/-4588/-4388 -2888/-3053/-2873 -4131/-4303/-4106 
f -584/-679/-598 -1104/-301/-251 -237/-302/-252 -583/-678/-597 
f -2319/-2476/-2311 -672/-775/-684 -1036/-1155/-1045 -2750/-2913/-2738 
f -4080/-4252/-4056 -1880/-2024/-1873 -5170/-5342/-5138 -4079/-4251/-4055 
f -94/-136/-107 -1800/-1944/-1794 -1801/-1945/-1795 -1510/-1643/-1507 
f -1099/-1219/-1106 -1100/-1220/-1107 -459/-543/-472 -2534/-2693/-2520 
f -1181/-1304/-1184 -339/-408/-350 -707/-811/-720 -1180/-1303/-1183 
f -449/-531/-462 -450/-532/-463 -4576/-4748/-4547 -93/-135/-106 
f -2616/-2777/-2603 -2613/-2774/-2600 -1259/-1387/-1261 -1258/-1386/-1260 
f -5274/-5446/-5242 -5275/-5447/-5243 -1817/-1961/-1811 -1814/-1958/-1808 
f -515/-604/-528 -2274/-2431/-2268 -2910/-3075/-2895 -620/-716/-633 
f -5127/-5299/-5095 -414/-494/-427 -149/-201/-162 -2544/-2705/-2531 
f -4143/-4315/-4118 -2299/-2456/-2292 -491/-578/-503 -4142/-4314/-4117 
f -1937/-2086/-1931 -189/-246/-1707 -1857/-2001/-1851 -1858/-2002/-1852 
f -1815/-1959/-1809 -3483/-3652/-3467 -1065/-1185/-1073 -471/-557/-483 
f -608/-704/-621 -605/-701/-618 -719/-823/-732 -720/-824/-733 
f -5003/-5175/-4971 -5004/-5176/-4972 -2044/-2195/-2037 -2045/-2196/-2038 
f -2387/-2546/-2378 -1754/-1898/-1749 -1789/-1933/-1783 -990/-1105/-998 
f -3347/-3515/-3331 -2006/-2156/-1999 -3924/-4096/-3902 -1621/-1755/-1613 
f -4114/-4286/-5152 -1670/-1810/-1666 -3932/-4104/-3910 -4113/-4285/-4089 
f -2344/-2503/-2336 -2740/-2903/-2728 -1785/-1929/-1779 -1640/-1774/-1632 
f -1709/-1853/-1706 -2490/-2649/-2477 -2491/-2650/-2478 -1491/-1623/-1488 
f -1647/-1782/-1639 -723/-827/-736 -1547/-1680/-1544 -3581/-3750/-3565 
f -3344/-3512/-3328 -3345/-3513/-3329 -2461/-2620/-3828 -2462/-2621/-2449 
f -92/-134/-105 -1670/-1810/-1666 -4114/-4286/-5152 -2042/-2193/-2035 
f -3481/-3650/-3465 -3478/-3647/-3462 -2217/-2373/-2210 -2215/-2371/-2208 
f -5103/-5275/-5071 -171/-226/-185 -3504/-3673/-3488 -600/-696/-613 
f -1907/-2054/-1901 -577/-670/-590 -2630/-2791/-2617 -5041/-5213/-5009 
f -3505/-3674/-3489 -3222/-3390/-3208 -3223/-3391/-3209 -599/-695/-612 
f -1182/-1305/-1185 -833/-941/-841 -3322/-3490/-3306 -3323/-3491/-3307 
f -574/-667/-587 -575/-668/-588 -858/-967/-866 -2017/-2167/-2010 
f -4037/-4209/-4013 -4038/-4210/-4014 -3595/-3764/-3579 -698/-133/-104 
f -361/-132/-375 -1903/-131/-103 -3762/-3932/-3743 -1205/-1328/-1206 
f -1992/-2142/-1985 -1990/-2140/-2372 -1453/-1585/-1450 -251/-316/-265 
f -4063/-4235/-4039 -4064/-4236/-4040 -5045/-5217/-5013 -1543/-1676/-1540 
f -4120/-4292/-4095 -4117/-4289/-4092 -1305/-1435/-1307 -3709/-3878/-3690 
f -5115/-5287/-5083 -1038/-1157/-1047 -3877/-4049/-3857 -3029/-3194/-3014 
f -121/-168/-132 -757/-861/-770 -1294/-1424/-1296 -2593/-2754/-2580 
f -2091/-2246/-2085 -855/-964/-863 -1956/-2105/-1950 -2090/-2245/-2084 
f -4074/-4246/-4050 -4071/-4243/-4047 -149/-201/-162 -3190/-3358/-3176 
f -636/-734/-3537 -637/-735/-650 -3612/-3781/-3596 -3609/-3778/-3593 
f -3763/-3933/-3744 -405/-485/-418 -406/-486/-419 -1204/-1327/-1205 
f -1764/-1908/-1759 -1814/-1958/-1808 -1815/-1959/-1809 -471/-557/-483 
f -3133/-3301/-3120 -4956/-5128/-4926 -2503/-2662/-2489 -1438/-1570/-1437 
f -2035/-2186/-2028 -2768/-2931/-2756 -3247/-3415/-3233 -3244/-3412/-3230 
f -187/-244/-202 -239/-304/-254 -2055/-2206/-2048 -2056/-2207/-2049 
f -91/-130/-102 -298/-365/-312 -434/-515/-447 -435/-516/-448 
f -778/-883/-790 -5160/-5332/-5128 -1577/-1711/-1570 -1578/-1712/-1571 
f -90/-129/-101 -4793/-4965/-4764 -4897/-5069/-4867 -4898/-5070/-4868 
f -2949/-3114/-2934 -232/-296/-246 -233/-297/-247 -2289/-2446/-2283 
f -272/-339/-287 -89/-128/-100 -4029/-4201/-4005 -88/-127/-99 
f -2017/-2167/-2010 -2018/-2168/-2011 -1225/-1349/-1226 -574/-667/-587 
f -529/-621/-543 -2248/-2405/-2242 -2614/-2775/-2601 -2615/-2776/-2602 
f -3795/-3967/-3776 -5273/-5445/-5241 -413/-493/-426 -1057/-1177/-1065 
f -228/-292/-242 -87/-126/-98 -2389/-2548/-2380 -1747/-1891/-1742 
f -2618/-2779/-2605 -86/-125/-97 -4743/-4915/-4714 -4744/-4916/-4715 
f -195/-252/-209 -984/-1098/-991 -981/-1095/-988 -2060/-2211/-2053 
f -1514/-1647/-1511 -178/-234/-193 -464/-549/-476 -3277/-3445/-3262 
f -3965/-4137/-3942 -1203/-1326/-1204 -943/-1056/-950 -4096/-4268/-4072 
f -1825/-1969/-1819 -4277/-4449/-4250 -4274/-4446/-4247 -1335/-1465/-1335 
f -2212/-2368/-2205 -3922/-4094/-3900 -3919/-4091/-3897 -2214/-2370/-2207 
f -4441/-4613/-4413 -1176/-1299/-1179 -4648/-4820/-4619 -4440/-4612/-4412 
f -4445/-4617/-4417 -4446/-4618/-4418 -1379/-1509/-1377 -1739/-1883/-1734 
f -233/-297/-247 -367/-443/-381 -368/-444/-382 -4578/-4750/-4549 
f -1838/-290/-1832 -5047/-5219/-5015 -5048/-5220/-5016 -3759/-124/-96 
f -649/-748/-661 -1527/-1660/-1524 -1528/-1661/-1525 -693/-797/-706 
f -2690/-2853/-2678 -3279/-3447/-3264 -3614/-3783/-3598 -3615/-3784/-3599 
f -4395/-4567/-4367 -4396/-4568/-4368 -2694/-2857/-2682 -227/-289/-241 
f -1351/-1481/-4940 -1560/-1694/-1557 -1561/-1695/-1558 -2554/-2715/-2541 
f -3455/-3623/-3439 -5099/-5271/-5067 -4492/-4664/-4464 -3454/-3622/-3438 
f -1656/-1795/-1651 -143/-193/-155 -704/-194/-717 -2097/-1794/-1650 
f -341/-410/-352 -1196/-1319/-1197 -4749/-4921/-4720 -4746/-4918/-4717 
f -3168/-3336/-3154 -3470/-3638/-3454 -3572/-3741/-3556 -2105/-2260/-2099 
f -2315/-2472/-2697 -4366/-4538/-4338 -4367/-4539/-4339 -116/-163/-127 
f -3013/-3178/-2998 -3246/-3414/-3232 -3247/-3415/-3233 -4393/-4565/-4365 
f -1310/-1440/-1312 -1489/-1621/-1486 -1490/-1622/-1487 -1309/-1439/-1311 
f -1132/-1253/-1138 -435/-516/-448 -3245/-3413/-3231 -3246/-3414/-3232 
f -2906/-3071/-2891 -1166/-1289/-1169 -845/-953/-853 -1471/-1603/-1468 
f -209/-266/-222 -397/-476/-411 -2983/-3148/-2968 -2984/-3149/-2969 
f -2478/-2637/-2465 -387/-466/-401 -1779/-1923/-1774 -2477/-2636/-2464 
f -3786/-3958/-3767 -4805/-4977/-4776 -3981/-4153/-3958 -3785/-3957/-3766 
f -2821/-2986/-2807 -3196/-3364/-3182 -3197/-3365/-3183 -1920/-2069/-3534 
f -2418/-2577/-2408 -2323/-2480/-2315 -865/-974/-872 -746/-850/-759 
f -3460/-3628/-3444 -1130/-1251/-1136 -992/-123/-95 -2702/-2865/-2690 
f -2208/-2364/-2201 -3307/-3475/-3291 -3862/-4034/-3842 -820/-927/-828 
f -1524/-1657/-1521 -506/-595/-519 -2419/-2578/-2409 -280/-347/-295 
f -655/-754/-667 -654/-753/-666 -2708/-2871/-2696 -2709/-2872/-2697 
f -4627/-4799/-4598 -2677/-2840/-2665 -1883/-2027/-1876 -4626/-4798/-4597 
f -973/-1087/-980 -266/-333/-281 -539/-631/-553 -85/-122/-94 
f -3736/-3905/-3717 -622/-718/-635 -632/-730/-646 -631/-729/-645 
f -554/-647/-567 -502/-591/-515 -84/-121/-93 -956/-1069/-963 
f -2752/-2915/-2740 -83/-120/-92 -687/-791/-700 -2751/-2914/-2739 
f -3449/-3617/-3433 -3442/-3610/-3426 -3443/-3611/-3427 -5304/-5476/-5271 
f -240/-305/-255 -208/-265/-221 -4786/-4958/-4757 -4787/-4959/-4758 
f -974/-1088/-981 -975/-1089/-982 -376/-452/-390 -334/-403/-345 
f -4012/-4184/-3989 -5267/-5439/-5235 -5073/-5245/-5041 -5070/-5242/-5038 
f -523/-615/-537 -1888/-119/-1881 -3778/-3950/-3759 -82/-118/-91 
f -4910/-5082/-4880 -921/-1032/-928 -2284/-2441/-2278 -2285/-2442/-2279 
f -4783/-4955/-4754 -4333/-4505/-4305 -4334/-4506/-4306 -4782/-4954/-4753 
f -2707/-2870/-2695 -1511/-1644/-1508 -1111/-1231/-1118 -2706/-2869/-2694 
f -3637/-3806/-3619 -223/-284/-236 -514/-603/-527 -3636/-3805/-3618 
f -2048/-2199/-2041 -2049/-2200/-2042 -1369/-1499/-1368 -3514/-3683/-3498 
f -1989/-2139/-1983 -1031/-1148/-1039 -4312/-4484/-4284 -4313/-4485/-4285 
f -604/-700/-617 -2196/-2352/-2189 -2197/-2353/-2190 -354/-425/-367 
f -4751/-4923/-4722 -3639/-3808/-3621 -3242/-3410/-3228 -4750/-4922/-4721 
f -1653/-1790/-1647 -740/-844/-753 -90/-117/-101 -4898/-1789/-1646 
f -1239/-1365/-1242 -1240/-1366/-1243 -242/-307/-257 -2057/-2208/-2050 
f -81/-116/-90 -80/-115/-89 -5164/-5336/-5132 -79/-114/-88 
f -1101/-1221/-1108 -1099/-1219/-1106 -155/-209/-168 -419/-499/-432 
f -449/-531/-462 -93/-135/-106 -78/-113/-87 -77/-112/-86 
f -391/-470/-405 -392/-471/-406 -219/-277/-232 -1508/-1641/-1505 
f -596/-692/-609 -4999/-5171/-4967 -3843/-4015/-3823 -3844/-4016/-3824 
f -2553/-2714/-2540 -3182/-3350/-3168 -194/-251/-208 -1846/-1990/-1840 
f -504/-205/-517 -153/-206/-166 -205/-262/-218 -76/-111/-85 
f -4766/-4938/-4737 -2457/-2616/-2446 -1540/-1673/-1537 -4967/-5139/-4936 
f -1321/-1451/-1323 -1322/-1452/-1324 -75/-110/-84 -1598/-1732/-1591 
f -4317/-4489/-4289 -3440/-3608/-3424 -4273/-4445/-4246 -4316/-4488/-4288 
f -4761/-4933/-4732 -74/-109/-83 -3737/-3906/-3718 -2335/-2494/-3718 
f -2525/-2684/-2511 -2522/-2681/-2508 -2244/-2401/-2238 -914/-1025/-921 
f -2852/-3017/-2837 -4650/-4822/-4621 -5224/-5396/-5192 -5225/-5397/-5193 
f -4447/-4619/-4419 -872/-981/-1126 -873/-982/-879 -4446/-4618/-4418 
f -373/-449/-387 -1685/-1827/-1681 -1686/-1828/-1682 -2529/-2688/-2515 
f -2959/-3124/-2944 -4404/-4576/-4376 -4405/-4577/-4377 -3152/-3320/-3139 
f -4424/-4596/-4396 -324/-392/-335 -965/-1078/-972 -2022/-2172/-2015 
f -2361/-2520/-2353 -4213/-4385/-4187 -4210/-4382/-4184 -2104/-2259/-2098 
f -269/-336/-284 -73/-108/-82 -4081/-4253/-4057 -4082/-4254/-4058 
f -3931/-4103/-3909 -483/-570/-495 -295/-362/-309 -2722/-2885/-2710 
f -2449/-2608/-2438 -2446/-2605/-2435 -1078/-1198/-1085 -442/-523/-455 
f -4683/-4855/-4654 -72/-107/-81 -234/-298/-248 -4686/-4858/-4657 
f -4035/-4207/-4011 -4036/-4208/-4012 -256/-323/-271 -255/-322/-270 
f -1327/-1457/-1329 -2340/-2499/-2332 -2881/-3046/-2866 -2581/-2742/-2568 
f -2992/-3157/-2977 -4428/-4600/-4400 -4429/-4601/-4401 -2991/-3156/-2976 
f -4710/-4882/-4681 -4707/-4879/-4678 -542/-635/-556 -541/-634/-555 
f -2574/-2735/-2561 -4146/-4318/-4121 -4151/-4323/-4126 -2577/-2738/-2564 
f -3650/-3819/-3632 -4474/-2702/-2528 -4448/-4620/-4420 -3649/-3818/-3631 
f -2404/-2563/-2394 -1381/-1511/-1379 -373/-449/-387 -3747/-3916/-3728 
f -344/-413/-355 -345/-414/-356 -816/-923/-824 -817/-924/-825 
f -4368/-4540/-4340 -1379/-1509/-1377 -4446/-4618/-4418 -873/-982/-879 
f -4156/-4328/-4131 -1004/-1119/-1012 -2645/-2806/-2632 -4777/-4949/-4748 
f -1940/-2089/-1934 -4500/-4672/-4472 -1315/-1445/-1317 -1939/-2088/-1933 
f -117/-164/-128 -518/-609/-531 -1584/-1718/-1577 -2943/-3108/-2928 
f -4299/-4471/-4271 -1243/-1369/-1245 -1619/-1753/-1611 -4302/-4474/-4274 
f -716/-820/-729 -2341/-2500/-2333 -2641/-2802/-2628 -802/-908/-811 
f -3605/-3774/-3589 -3606/-3775/-3590 -562/-655/-575 -3043/-3208/-3028 
f -4217/-4389/-4191 -2292/-2449/-2286 -2293/-2450/-2287 -4216/-4388/-4190 
f -436/-517/-449 -3183/-3351/-3169 -3184/-3352/-3170 -3033/-3198/-3018 
f -836/-944/-844 -2892/-3057/-2877 -4134/-4306/-4109 -4135/-4307/-4110 
f -2935/-3100/-2920 -4907/-5079/-4877 -2916/-3081/-2901 -2934/-3099/-2919 
f -596/-692/-609 -3844/-4016/-3824 -2362/-2521/-2354 -71/-106/-80 
f -5292/-5464/-5259 -1974/-2124/-1968 -1931/-2080/-1925 -2742/-2905/-2730 
f -2409/-2568/-2399 -852/-961/-860 -1533/-1666/-1530 -2408/-2567/-2398 
f -4202/-4374/-4177 -2072/-2227/-2066 -3528/-3697/-3512 -4201/-4373/-4176 
f -4065/-4237/-4041 -1213/-1337/-1214 -1214/-1338/-1215 -4064/-4236/-4040 
f -1517/-1650/-1514 -2724/-2887/-2712 -3002/-3167/-2987 -4569/-4741/-4540 
f -2557/-2718/-2544 -462/-547/-3906 -2354/-2513/-2346 -4665/-4837/-4636 
f -639/-737/-652 -1209/-1332/-1210 -1023/-1140/-1031 -2089/-2244/-2083 
f -1058/-1178/-1066 -730/-834/-743 -3509/-3678/-3493 -3510/-3679/-3494 
f -1612/-1746/-1604 -2640/-2801/-2627 -2342/-2501/-2334 -176/-232/-191 
f -2967/-3132/-2952 -4776/-4948/-4747 -2644/-2805/-2631 -2903/-3068/-2888 
f -4894/-5066/-4864 -137/-186/-149 -1039/-1158/-1048 -4893/-5065/-4863 
f -1901/-746/-1895 -3761/-3931/-3742 -3762/-3932/-3743 -1903/-131/-103 
f -589/-685/-603 -3199/-3367/-3185 -3677/-3846/-3659 -3678/-3847/-3660 
f -1187/-1310/-3917 -3939/-4111/-3917 -1480/-1612/-1477 -417/-497/-430 
f -5239/-5411/-5207 -1552/-1686/-1549 -2279/-2436/-2273 -5238/-5410/-5206 
f -715/-819/-728 -713/-817/-726 -4062/-4234/-4038 -4059/-4231/-4035 
f -2076/-2231/-2070 -1256/-1384/-1258 -818/-925/-826 -2075/-2230/-2069 
f -70/-105/-79 -1575/-1709/-3764 -1576/-1710/-1569 -1097/-1217/-1104 
f -4458/-4630/-4430 -511/-600/-524 -1085/-1205/-1092 -4457/-4629/-4429 
f -1750/-1894/-1745 -2758/-2921/-2746 -1479/-1611/-1476 -576/-669/-589 
f -1476/-1608/-1473 -2771/-2934/-2759 -4398/-4570/-4370 -4395/-4567/-4367 
f -4621/-4793/-4592 -1444/-1576/-2080 -2720/-2883/-2708 -2953/-3118/-2938 
f -3729/-3898/-3710 -1970/-2119/-1964 -2481/-2640/-2468 -5178/-5350/-5146 
f -4130/-4302/-4105 -2924/-3089/-2909 -4415/-4587/-4387 -4416/-4588/-4388 
f -1941/-2090/-1935 -1827/-1971/-1821 -4558/-4730/-4529 -4559/-4731/-4530 
f -1383/-1513/-1381 -1384/-1514/-1382 -915/-1026/-922 -2622/-2783/-2609 
f -814/-921/-822 -1927/-2076/-1921 -1020/-1137/-1028 -131/-179/-143 
f -144/-196/-157 -2845/-3010/-2830 -2846/-3011/-2831 -703/-195/-156 
f -4787/-4959/-4758 -4784/-4956/-4755 -1006/-1121/-1014 -544/-637/-558 
f -2210/-2366/-2203 -3223/-3391/-3209 -3220/-3388/-3206 -2209/-2365/-2202 
f -1041/-1160/-1050 -981/-1095/-988 -982/-1096/-989 -726/-830/-739 
f -2427/-2586/-2417 -75/-110/-84 -440/-521/-453 -2426/-2585/-2416 
f -512/-601/-525 -1737/-1881/-1732 -2781/-2944/-2769 -376/-452/-390 
f -90/-129/-101 -3236/-104/-3222 -3187/-3355/-3173 -4793/-4965/-4764 
f -1110/-1230/-1117 -4788/-4960/-4759 -467/-552/-479 -185/-242/-200 
f -2138/-2293/-2131 -683/-787/-696 -680/-784/-693 -2926/-3091/-2911 
f -1330/-1460/-2737 -1331/-1461/-1332 -1589/-1723/-1582 -1590/-1724/-1583 
f -4376/-4548/-4348 -330/-398/-341 -2661/-2822/-2648 -1724/-1868/-1721 
f -980/-1094/-987 -3241/-3409/-3227 -3239/-3407/-3225 -2207/-2363/-2200 
f -3191/-3359/-3177 -3192/-3360/-3178 -69/-103/-78 -3131/-3299/-3118 
f -3489/-1285/-3473 -4076/-1043/-4052 -932/-1044/-939 -3132/-3300/-3119 
f -834/-942/-842 -2991/-3156/-2976 -4429/-4601/-4401 -1026/-1143/-1034 
f -2081/-2236/-2075 -827/-934/-835 -3907/-4079/-3886 -3908/-4080/-3887 
f -4460/-4632/-4432 -4710/-4882/-4681 -541/-634/-555 -2032/-2183/-2025 
f -3887/-4059/-3867 -3888/-4060/-3868 -3577/-3746/-3561 -3096/-3264/-3083 
f -3820/-3992/-3801 -3817/-3989/-3798 -3464/-3632/-3448 -3465/-3633/-3449 
f -2674/-2835/-2661 -147/-199/-160 -283/-350/-298 -2673/-2834/-2660 
f -657/-757/-669 -626/-724/-640 -5083/-5255/-5051 -4803/-4975/-4774 
f -1536/-1669/-1533 -1537/-1670/-1534 -2093/-2248/-2087 -3176/-3344/-3162 
f -1792/-1936/-1786 -876/-985/-882 -226/-288/-240 -2181/-2336/-2174 
f -193/-250/-207 -1422/-1554/-1421 -1809/-1953/-1803 -113/-160/-125 
f -5185/-5357/-5153 -3351/-3519/-3335 -3352/-3520/-3336 -5184/-5356/-5152 
f -1426/-1558/-1425 -5119/-5291/-5087 -5120/-5292/-5088 -2272/-2429/-2266 
f -3360/-3528/-3344 -5125/-5297/-5093 -1395/-1525/-1393 -1396/-1526/-1394 
f -4640/-4812/-4611 -1716/-1860/-1713 -1717/-1861/-1714 -4639/-4811/-4610 
f -1782/-1926/-3299 -2343/-2502/-2335 -2344/-2503/-2336 -1640/-1774/-1632 
f -5236/-5408/-5204 -1577/-1711/-1570 -5160/-5332/-5128 -5161/-5333/-5129 
f -2623/-2784/-2610 -3923/-4095/-3901 -4876/-5048/-4847 -4873/-5045/-4844 
f -3209/-3377/-3195 -250/-315/-3149 -270/-337/-285 -295/-362/-309 
f -81/-116/-90 -138/-187/-150 -68/-102/-77 -80/-115/-89 
f -1052/-1172/-1061 -1094/-1214/-1101 -1095/-1215/-1102 -67/-101/-76 
f -66/-100/-4280 -1651/-1786/-1643 -396/-475/-410 -397/-476/-411 
f -5319/-5491/-5286 -3111/-3279/-3098 -466/-551/-478 -465/-550/-477 
f -953/-1066/-960 -257/-324/-272 -570/-663/-583 -3660/-3829/-3642 
f -1761/-1905/-1756 -5182/-5354/-5150 -100/-144/-113 -1458/-1590/-1455 
f -2139/-2294/-2132 -1633/-1767/-1625 -1634/-1768/-1626 -2138/-2293/-2131 
f -898/-1008/-904 -3118/-3286/-3105 -3380/-3548/-3364 -3381/-3549/-3365 
f -100/-144/-113 -5182/-5354/-5150 -5183/-5355/-5151 -4449/-4621/-4421 
f -2859/-3024/-2844 -1984/-2134/-1978 -202/-259/-215 -2861/-3026/-2846 
f -3581/-3750/-3565 -1547/-1680/-1544 -1946/-2095/-1940 -3580/-3749/-3564 
f -1218/-1342/-1219 -108/-153/-120 -65/-99/-75 -3324/-3492/-3308 
f -64/-98/-74 -302/-369/-315 -106/-151/-118 -1930/-2079/-1924 
f -63/-97/-73 -409/-489/-422 -317/-385/-3996 -4021/-4193/-3997 
f -1635/-1769/-1627 -1632/-1766/-1624 -606/-702/-619 -971/-1084/-978 
f -2554/-2715/-2541 -2895/-3060/-2880 -4991/-5163/-4959 -1351/-1481/-4940 
f -1302/-1432/-1304 -62/-96/-72 -1271/-1400/-1273 -1595/-1729/-1588 
f -1338/-1468/-1338 -277/-344/-292 -276/-343/-291 -1830/-1974/-1824 
f -263/-330/-278 -3127/-3295/-3114 -99/-143/-112 -262/-329/-277 
f -3654/-3823/-3636 -3655/-3824/-3637 -1781/-1925/-1776 -1896/-2042/-1889 
f -4809/-4981/-4780 -922/-1033/-929 -1327/-1457/-1329 -1325/-1455/-1327 
f -2498/-2657/-2485 -2803/-2966/-2790 -2804/-2967/-2791 -2497/-2656/-2484 
f -318/-386/-329 -4020/-4192/-3996 -4021/-4193/-3997 -317/-385/-3996 
f -570/-663/-583 -1079/-1199/-1086 -1098/-1218/-1105 -578/-671/-591 
f -61/-95/-71 -60/-94/-70 -771/-876/-783 -772/-877/-784 
f -711/-815/-724 -4783/-4955/-4754 -4780/-4952/-4751 -811/-918/-819 
f -59/-93/-69 -1251/-1377/-1253 -1248/-1374/-1250 -475/-561/-487 
f -223/-284/-236 -1459/-1591/-1456 -1460/-1592/-1457 -2649/-2810/-2636 
f -1020/-1137/-1028 -2712/-2875/-2700 -506/-595/-519 -131/-179/-143 
f -5091/-5263/-5059 -4740/-4912/-4711 -4741/-4913/-4712 -5090/-5262/-5058 
f -1995/-2145/-1988 -1993/-2143/-1986 -903/-1013/-909 -1826/-1970/-1820 
f -1219/-1343/-1220 -2190/-2346/-2183 -2191/-2347/-2184 -1364/-1494/-1363 
f -179/-236/-194 -896/-1006/-902 -1297/-1427/-1299 -3665/-3834/-3647 
f -4920/-5092/-4890 -58/-92/-68 -1103/-1223/-1110 -4919/-5091/-4889 
f -455/-537/-468 -110/-156/-122 -57/-91/-67 -163/-217/-176 
f -620/-716/-633 -2910/-3075/-2895 -2911/-3076/-2896 -619/-715/-632 
f -3258/-3426/-3243 -232/-296/-246 -2949/-3114/-2934 -3257/-3425/-3635 
f -1486/-1618/-1483 -3543/-3712/-3527 -695/-799/-708 -901/-1011/-907 
f -682/-786/-695 -4053/-4225/-4029 -2957/-3122/-2942 -681/-785/-694 
f -2255/-2412/-2249 -107/-152/-119 -4755/-4927/-4726 -2254/-2411/-2248 
f -196/-253/-210 -3689/-3858/-3671 -273/-340/-288 -421/-502/-434 
f -852/-961/-860 -853/-962/-861 -129/-177/-141 -1533/-1666/-1530 
f -1462/-1594/-1459 -3685/-3854/-3667 -1091/-1211/-1098 -3180/-3348/-3166 
f -4994/-5166/-4962 -4995/-5167/-4963 -2415/-2574/-2405 -145/-197/-158 
f -1428/-1560/-1427 -4126/-4298/-4101 -4124/-4296/-4099 -1234/-1359/-1236 
f -3866/-4038/-3846 -385/-464/-399 -386/-465/-400 -3865/-4037/-3845 
f -1719/-1863/-1716 -3428/-3596/-3412 -3429/-3597/-3413 -1718/-1862/-1715 
f -646/-744/-658 -2124/-2279/-2117 -997/-1112/-1005 -556/-649/-569 
f -2751/-2914/-2739 -687/-791/-700 -688/-792/-701 -4495/-4667/-4467 
f -1398/-1528/-1396 -265/-332/-280 -281/-348/-296 -2848/-3013/-2833 
f -364/-440/-378 -912/-1022/-918 -1626/-1760/-1618 -1627/-1761/-1619 
f -4996/-5168/-4964 -4101/-4273/-4077 -2417/-2576/-2407 -4995/-5167/-4963 
f -554/-647/-567 -2212/-2368/-2205 -2213/-2369/-2206 -502/-591/-515 
f -3651/-3820/-3633 -1138/-1259/-1143 -1137/-1258/-1142 -3653/-3822/-3635 
f -3560/-3729/-3544 -3148/-3316/-3135 -3149/-3317/-3136 -3559/-3728/-3543 
f -741/-845/-754 -4884/-5056/-4855 -4885/-5057/-4856 -884/-994/-890 
f -199/-256/-212 -200/-257/-213 -156/-210/-169 -157/-211/-170 
f -673/-776/-685 -3962/-4134/-3939 -3963/-4135/-3940 -2850/-3015/-2835 
f -1713/-1857/-1710 -1714/-1858/-1711 -782/-887/-794 -321/-389/-332 
f -336/-405/-347 -337/-406/-348 -647/-745/-659 -658/-758/-670 
f -3853/-4025/-3833 -4752/-4924/-4723 -4753/-4925/-4724 -3450/-3618/-3434 
f -1043/-1162/-1052 -725/-829/-738 -1083/-1203/-1090 -1082/-1202/-1089 
f -756/-90/-66 -4932/-433/-373 -358/-432/-372 -156/-210/-169 
f -5029/-5201/-4997 -4754/-4926/-4725 -1996/-2146/-1989 -3748/-3917/-3729 
f -2532/-2691/-2518 -794/-900/-1632 -662/-764/-673 -2531/-2690/-2517 
f -401/-480/-414 -469/-555/-481 -3673/-3842/-3655 -3674/-3843/-3656 
f -446/-528/-459 -2416/-2575/-2406 -2417/-2576/-2407 -56/-89/-65 
f -2514/-2673/-2500 -2515/-2674/-2501 -355/-426/-368 -507/-596/-520 
f -3095/-3263/-3082 -4641/-4813/-4612 -4638/-4810/-4609 -3094/-3262/-3081 
f -397/-476/-411 -209/-266/-222 -3702/-3871/-3683 -66/-100/-4280 
f -2065/-2216/-2058 -1026/-1143/-1034 -1027/-1144/-1035 -2064/-2215/-2057 
f -2076/-2231/-2070 -249/-314/-264 -3248/-3416/-3234 -1256/-1384/-1258 
f -361/-132/-375 -1205/-1328/-1206 -1206/-1329/-1207 -569/-662/-582 
f -1030/-1147/-1038 -1029/-1146/-1037 -173/-229/-188 -813/-920/-821 
f -110/-156/-122 -3512/-3681/-3496 -3513/-3682/-3497 -57/-91/-67 
f -4464/-4636/-4436 -405/-485/-418 -2414/-2573/-2404 -4463/-4635/-4435 
f -1617/-1751/-1609 -1186/-1309/-1188 -1187/-1310/-3917 -601/-697/-614 
f -3042/-3207/-3027 -1084/-1204/-1091 -1672/-1814/-1668 -1673/-1815/-1669 
f -4336/-4508/-4308 -4507/-4679/-4479 -3785/-3957/-3766 -4335/-4507/-4307 
f -55/-88/-64 -651/-750/-663 -652/-751/-664 -4266/-4438/-4239 
f -618/-714/-631 -567/-660/-580 -568/-661/-581 -640/-738/-653 
f -5103/-5275/-5071 -5104/-5276/-5072 -1343/-1473/-1343 -171/-226/-185 
f -2374/-2533/-2366 -2375/-2534/-2367 -1712/-1856/-1709 -1713/-1857/-1710 
f -820/-927/-828 -3862/-4034/-3842 -3863/-4035/-3843 -211/-268/-224 
f -5037/-5209/-5005 -5034/-5206/-5002 -779/-884/-791 -3897/-4069/-3877 
f -3652/-3821/-3634 -130/-178/-142 -615/-711/-628 -3651/-3820/-3633 
f -3305/-3473/-3289 -891/-672/-897 -892/-321/-269 -5043/-5215/-5011 
f -141/-191/-153 -3637/-3806/-3619 -3638/-3807/-3620 -4601/-4773/-4572 
f -784/-889/-796 -138/-187/-150 -81/-116/-90 -951/-1064/-958 
f -3985/-4157/-3962 -1961/-2110/-1955 -1962/-2111/-1956 -54/-87/-63 
f -2933/-3098/-2918 -4994/-5166/-4962 -145/-197/-158 -2932/-3097/-2917 
f -3235/-3403/-3221 -3236/-3404/-3222 -90/-117/-101 -740/-844/-753 
f -3669/-3838/-3651 -266/-333/-281 -973/-1087/-980 -3671/-3840/-3653 
f -3083/-3250/-3069 -2270/-2427/-2264 -139/-188/-151 -140/-189/-152 
f -369/-445/-383 -937/-1050/-944 -4565/-4737/-4536 -538/-630/-552 
f -4125/-4297/-4100 -1638/-1772/-1630 -4476/-4648/-4448 -4477/-4649/-4449 
f -64/-98/-74 -1911/-2060/-1906 -4222/-4394/-4419 -4223/-4395/-4196 
f -4108/-4280/-4084 -1967/-2116/-1961 -3503/-3672/-3487 -4763/-4935/-4734 
f -5059/-5231/-5027 -168/-223/-182 -843/-951/-851 -5058/-5230/-5026 
f -3497/-3666/-3481 -3494/-3663/-3478 -532/-624/-546 -230/-294/-244 
f -496/-585/-510 -2552/-2713/-2539 -5326/-5498/-5293 -4147/-140/-4122 
f -5095/-5267/-5063 -5096/-5268/-5064 -121/-168/-132 -2593/-2754/-2580 
f -4217/-4389/-4191 -4214/-4386/-4188 -714/-818/-727 -2306/-2463/-2299 
f -2486/-2645/-2473 -1474/-1606/-1471 -2038/-2189/-2031 -3017/-3182/-3002 
f -4312/-4484/-4284 -1031/-1148/-1039 -1936/-2085/-1930 -998/-1113/-1006 
f -3031/-3196/-3016 -3032/-3197/-3017 -420/-501/-433 -1208/-1331/-1209 
f -2668/-2829/-2655 -1106/-1226/-1113 -4275/-4447/-4248 -1569/-1703/-1563 
f -2917/-3082/-2902 -1318/-1448/-1320 -2934/-3099/-2919 -2916/-3081/-2901 
f -2683/-2846/-2671 -3498/-3667/-3482 -3499/-3668/-3483 -1301/-1431/-1303 
f -1660/-1799/-1655 -3927/-4099/-3905 -1447/-1579/-3063 -1475/-1607/-1472 
f -2802/-2965/-2789 -3778/-3950/-3759 -3779/-3951/-3760 -2805/-2968/-2792 
f -3587/-3756/-3571 -1003/-1118/-1011 -1004/-1119/-1012 -4191/-4363/-4166 
f -1914/-2063/-1909 -3974/-4146/-3951 -3975/-4147/-3952 -1270/-1399/-1272 
f -249/-314/-264 -2076/-2231/-2070 -2277/-2434/-2271 -1342/-1472/-1342 
f -4632/-4804/-4603 -308/-375/-320 -1836/-1980/-1830 -4631/-4803/-4602 
f -157/-211/-170 -1450/-1582/-1447 -1451/-1583/-1448 -1073/-1193/-1080 
f -2061/-2212/-2054 -4801/-4973/-4772 -4802/-4974/-4773 -2816/-2981/-2802 
f -401/-480/-414 -3674/-3843/-3656 -3285/-3453/-3270 -3286/-3454/-3271 
f -2637/-2798/-2624 -5008/-5180/-4976 -5009/-5181/-4977 -591/-687/-605 
f -5182/-5354/-5150 -1761/-1905/-1756 -2302/-2459/-2295 -5181/-5353/-5149 
f -134/-182/-146 -392/-471/-406 -785/-890/-797 -53/-86/-62 
f -52/-85/-61 -1167/-1290/-1170 -4236/-4408/-4209 -4237/-4409/-4210 
f -5195/-5367/-5163 -4941/-5113/-4911 -1596/-1730/-1589 -5194/-5366/-5162 
f -532/-624/-546 -2484/-2643/-2471 -1062/-1182/-1070 -230/-294/-244 
f -2939/-3104/-2924 -51/-84/-60 -3400/-3568/-3384 -2938/-3103/-2923 
f -128/-175/-139 -261/-328/-276 -1427/-1559/-1426 -1428/-1560/-1427 
f -4339/-4511/-4311 -664/-767/-676 -665/-768/-677 -4338/-4510/-4310 
f -4570/-4742/-4541 -4571/-4743/-4542 -164/-219/-178 -754/-858/-767 
f -2884/-3049/-2869 -3177/-3345/-3163 -5190/-5362/-5158 -3268/-3436/-3253 
f -2721/-2884/-2709 -2722/-2885/-2710 -295/-362/-309 -270/-337/-285 
f -900/-1010/-906 -1871/-2015/-1865 -1460/-1592/-1457 -2246/-2403/-2240 
f -661/-763/-2804 -1115/-1236/-1122 -4889/-5061/-4860 -4890/-5062/-4860 
f -50/-83/-59 -4634/-82/-4605 -935/-1048/-942 -1837/-1981/-1831 
f -3356/-3524/-3340 -3357/-3525/-3341 -980/-1094/-987 -2207/-2363/-2200 
f -4058/-4230/-4034 -546/-639/-560 -1451/-1583/-1448 -4057/-4229/-4033 
f -2193/-2349/-2186 -2194/-2350/-2187 -1868/-2012/-1862 -1682/-1824/-1678 
f -49/-81/-58 -1126/-1247/-1132 -4611/-4783/-4582 -48/-80/-57 
f -735/-839/-748 -1237/-1363/-1240 -1147/-1269/-1152 -4756/-4928/-4727 
f -50/-79/-59 -366/-431/-380 -645/-743/-657 -47/-78/-56 
f -808/-915/-816 -809/-916/-817 -1061/-1181/-1069 -480/-567/-492 
f -172/-227/-186 -1626/-1760/-1618 -912/-1022/-918 -1282/-1411/-1284 
f -4973/-5145/-4941 -4305/-4477/-4277 -4828/-5000/-4799 -4972/-5144/-4940 
f -958/-1071/-965 -478/-565/-490 -479/-566/-491 -957/-1070/-964 
f -724/-828/-737 -2071/-2225/-2065 -3596/-3765/-3580 -5062/-5234/-5030 
f -2154/-2309/-2147 -3531/-3700/-3515 -3659/-3828/-3641 -578/-671/-591 
f -240/-305/-255 -380/-457/-394 -381/-458/-4556 -208/-265/-221 
f -2426/-2585/-2416 -440/-521/-453 -441/-522/-454 -154/-207/-167 
f -289/-356/-304 -2082/-2237/-2076 -2083/-2238/-2077 -3810/-3982/-3791 
f -533/-625/-547 -105/-150/-823 -2537/-2696/-2523 -429/-510/-442 
f -1274/-1403/-1276 -167/-222/-181 -390/-469/-404 -1316/-1446/-1318 
f -1699/-1843/-1696 -3459/-3627/-3443 -3456/-3624/-3440 -1698/-1842/-1695 
f -2148/-2303/-2141 -2146/-2301/-2139 -1493/-1625/-1490 -930/-1041/-937 
f -3164/-3332/-3150 -4613/-4785/-4584 -4610/-4782/-4581 -1115/-1236/-1122 
f -3389/-3557/-3373 -1800/-1944/-1794 -333/-401/-344 -2169/-2324/-2162 
f -950/-1063/-957 -951/-1064/-958 -81/-116/-90 -79/-114/-88 
f -495/-582/-507 -4288/-4460/-4260 -4289/-4461/-4261 -478/-565/-490 
f -1481/-1613/-1478 -4379/-4551/-4351 -5107/-5279/-5075 -790/-896/-801 
f -1638/-1772/-1630 -4125/-4297/-4100 -4052/-4224/-4028 -1637/-1771/-1629 
f -1389/-1519/-1387 -1390/-1520/-1388 -2339/-2498/-2331 -2340/-2499/-2332 
f -1145/-1267/-1150 -1143/-1265/-1148 -46/-77/-55 -45/-76/-54 
f -120/-167/-131 -191/-248/-205 -192/-249/-206 -936/-1049/-943 
f -998/-1113/-1006 -4383/-4555/-4355 -4311/-4483/-4283 -4312/-4484/-4284 
f -5173/-5345/-5141 -325/-393/-336 -1352/-1482/-1351 -2610/-2771/-2597 
f -1557/-1691/-1554 -2255/-2412/-2249 -2256/-2413/-2250 -1700/-1844/-1697 
f -5217/-5389/-5185 -2894/-3059/-2879 -4655/-4827/-4626 -5216/-5388/-5184 
f -3337/-3505/-3321 -907/-1017/-913 -44/-75/-53 -3336/-3504/-3320 
f -686/-790/-699 -472/-558/-484 -3952/-4124/-3929 -5250/-5422/-5218 
f -339/-408/-350 -1181/-1304/-1184 -65/-99/-75 -2434/-2593/-2424 
f -4571/-4743/-4542 -4572/-4744/-4543 -3588/-3757/-3572 -402/-481/-415 
f -4314/-4486/-4286 -2273/-2430/-2267 -3421/-3589/-3405 -5162/-5334/-5130 
f -935/-74/-942 -4634/-4806/-4605 -4635/-4807/-4606 -897/-607/-903 
f -4464/-4636/-4436 -3943/-4115/-3921 -406/-486/-419 -405/-485/-418 
f -3402/-3570/-3386 -2835/-3000/-2820 -2885/-3050/-2870 -2886/-3051/-2871 
f -4261/-4433/-4234 -1499/-1632/-1496 -1051/-1171/-1060 -1925/-2074/-1919 
f -4176/-4348/-4151 -3162/-3330/-3148 -2766/-2929/-2754 -2767/-2930/-2755 
f -679/-783/-692 -135/-183/-147 -4356/-4528/-4328 -4357/-4529/-4329 
f -2678/-2841/-2666 -1316/-1446/-1318 -390/-469/-404 -2677/-2840/-2665 
f -582/-677/-596 -222/-283/-235 -4437/-73/-52 -4438/-676/-595 
f -455/-537/-468 -163/-217/-176 -1262/-1390/-1264 -509/-598/-522 
f -1869/-1684/-1863 -1870/-72/-51 -1878/-2022/-1871 -1550/-1683/-1547 
f -1975/-2125/-1969 -1075/-1195/-1082 -3001/-3166/-2986 -2998/-3163/-2983 
f -858/-967/-866 -575/-668/-588 -1423/-1555/-1422 -1424/-1556/-1423 
f -1981/-2131/-1975 -1980/-2130/-1974 -519/-611/-533 -2150/-2305/-2143 
f -4500/-4672/-4472 -4497/-4669/-4469 -1273/-1402/-1275 -1315/-1445/-1317 
f -4939/-5111/-4909 -2839/-3004/-2824 -5209/-5381/-5177 -4938/-5110/-4908 
f -2513/-2672/-2499 -646/-744/-658 -556/-649/-569 -4863/-5035/-4834 
f -72/-107/-81 -43/-71/-50 -42/-70/-49 -408/-488/-421 
f -1337/-1467/-1337 -832/-940/-840 -2865/-3030/-2850 -2862/-3027/-2847 
f -1490/-1622/-1487 -1487/-1619/-1484 -3757/-3926/-3738 -1584/-1718/-1577 
f -1923/-2072/-1917 -1564/-1698/-1561 -550/-643/-5061 -1371/-1501/-1370 
f -41/-69/-48 -902/-1012/-908 -1776/-1920/-1771 -1777/-1921/-1772 
f -5217/-5389/-5185 -461/-545/-474 -2893/-3058/-2878 -2894/-3059/-2879 
f -3066/-3233/-3052 -482/-569/-494 -96/-138/-109 -1456/-1588/-1453 
f -2331/-2490/-2324 -5002/-5174/-4970 -5003/-5175/-4971 -894/-1004/-900 
f -4539/-4711/-4511 -1700/-1844/-1697 -2256/-2413/-2250 -4538/-4710/-4510 
f -1066/-1186/-1074 -497/-586/-511 -1677/-1819/-1673 -2595/-2756/-2582 
f -64/-98/-74 -4223/-4395/-4196 -789/-895/-3007 -302/-369/-315 
f -302/-369/-315 -963/-1076/-970 -4701/-4873/-4672 -106/-151/-118 
f -3965/-4137/-3942 -3966/-4138/-3943 -712/-816/-725 -1202/-1325/-1203 
f -3290/-3458/-3275 -3894/-4066/-3874 -3891/-4063/-3871 -3289/-3457/-3274 
f -3804/-3976/-3785 -3805/-3977/-3786 -783/-888/-795 -952/-1065/-959 
f -440/-521/-453 -75/-110/-84 -1322/-1452/-1324 -439/-520/-452 
f -83/-120/-92 -4926/-5098/-4896 -4927/-5099/-4897 -687/-791/-700 
f -2617/-2778/-2604 -175/-231/-190 -40/-68/-47 -39/-67/-46 
f -850/-959/-858 -2508/-2667/-2494 -38/-66/-45 -844/-952/-852 
f -576/-669/-589 -888/-998/-894 -2227/-2383/-2220 -1750/-1894/-1745 
f -1210/-1333/-1211 -254/-65/-268 -1023/-1140/-1031 -1209/-1332/-1210 
f -2527/-2686/-2513 -2528/-2687/-2514 -861/-970/-869 -454/-536/-467 
f -3794/-3966/-3775 -2175/-2330/-2168 -2778/-2941/-2766 -2779/-2942/-2767 
f -1574/-1708/-1568 -112/-159/-124 -1519/-1652/-1516 -1751/-1895/-1746 
f -2939/-3104/-2924 -4026/-4198/-4002 -37/-64/-44 -51/-84/-60 
f -4099/-4271/-4075 -5280/-5452/-5248 -5286/-5458/-5254 -5283/-5455/-5251 
f -1362/-1492/-1361 -1363/-1493/-1362 -4600/-4772/-4571 -3008/-3173/-2993 
f -5325/-5497/-5292 -5322/-5494/-5289 -3546/-3715/-3530 -1906/-2053/-1900 
f -2240/-2397/-2234 -2241/-2398/-2235 -1054/-1174/-1063 -1015/-1132/-1023 
f -3913/-4085/-3891 -3730/-3899/-3711 -2445/-2604/-2434 -3363/-3531/-3347 
f -2107/-2262/-2101 -3367/-3535/-3351 -3368/-3536/-3352 -3040/-3205/-3025 
f -886/-996/-892 -934/-1047/-941 -4765/-4937/-4736 -4762/-4934/-4733 
f -1336/-1466/-1336 -584/-63/-598 -4438/-4610/-4410 -4439/-4611/-4411 
f -1294/-1424/-1296 -1495/-1628/-1492 -1493/-1625/-1490 -2146/-2301/-2139 
f -3756/-3925/-3737 -115/-162/-126 -2511/-2670/-2497 -851/-960/-859 
f -423/-504/-436 -735/-839/-748 -4756/-4928/-4727 -4757/-4929/-4728 
f -2177/-2332/-2170 -3630/-3799/-3613 -190/-247/-204 -2176/-2331/-2169 
f -3255/-3423/-3241 -3252/-3420/-3238 -1963/-2112/-1957 -1960/-2109/-1954 
f -2100/-2255/-2094 -1290/-1420/-1292 -1291/-1421/-1293 -2101/-2256/-2095 
f -1783/-1927/-1777 -4583/-4755/-4554 -4584/-4756/-4555 -1726/-1870/-2358 
f -4514/-4686/-4486 -1496/-1629/-1493 -3831/-4003/-3812 -4513/-4685/-4485 
f -3840/-4012/-3821 -732/-836/-745 -1711/-1855/-1708 -1708/-1852/-1705 
f -698/-802/-711 -1571/-1705/-1565 -98/-141/-111 -4037/-142/-4013 
f -954/-1067/-961 -1159/-1281/-1163 -1244/-1370/-1246 -1986/-2136/-1980 
f -2912/-3077/-2897 -2273/-2430/-2267 -4314/-4486/-4286 -4311/-4483/-4283 
f -4508/-4680/-4480 -4509/-4681/-4481 -38/-66/-45 -285/-352/-300 
f -340/-409/-351 -339/-408/-350 -2434/-2593/-2424 -2431/-2590/-2421 
f -2652/-2813/-2639 -2650/-2811/-2637 -130/-178/-142 -1644/-1779/-1636 
f -2198/-2354/-2191 -293/-360/-307 -2872/-3037/-2857 -2869/-3034/-2854 
f -2135/-2290/-2128 -1231/-1356/-1233 -4575/-4747/-4546 -309/-377/-321 
f -4577/-4749/-4548 -290/-357/-1526 -93/-135/-106 -4576/-4748/-4547 
f -5218/-1361/-1238 -5219/-62/-5187 -905/-1015/-911 -1235/-1360/-1237 
f -844/-952/-852 -38/-66/-45 -4509/-4681/-4481 -2004/-2154/-1997 
f -3546/-3715/-3530 -5322/-5494/-5289 -3359/-3527/-3343 -3549/-3718/-3533 
f -3755/-3924/-3736 -1194/-1317/-1195 -1195/-1318/-1196 -1178/-1301/-1181 
f -4611/-4783/-4582 -4612/-4784/-4583 -1360/-1490/-1359 -48/-80/-57 
f -3527/-3696/-3511 -4709/-4881/-4680 -4459/-4631/-4431 -4061/-4233/-4037 
f -5171/-5343/-5139 -170/-225/-184 -4079/-4251/-4055 -5170/-5342/-5138 
f -4068/-4240/-4044 -3725/-3894/-3706 -3726/-3895/-3707 -4067/-4239/-4043 
f -2675/-2836/-2662 -2030/-2181/-2023 -721/-825/-734 -2674/-2835/-2661 
f -1398/-1528/-1396 -1399/-1529/-1397 -36/-61/-43 -58/-92/-68 
f -1087/-1207/-1094 -2398/-2557/-2389 -579/-673/-592 -2250/-2407/-2244 
f -3570/-3739/-3554 -3571/-3740/-3555 -1917/-2066/-1912 -3377/-3545/-3361 
f -410/-490/-423 -621/-717/-634 -622/-718/-635 -74/-109/-83 
f -607/-60/-42 -608/-59/-41 -35/-58/-40 -40/-68/-47 
f -3085/-3252/-3071 -245/-310/-260 -4462/-4634/-4434 -3084/-3251/-3070 
f -660/-762/-672 -2234/-2391/-2228 -2235/-2392/-2229 -702/-806/-715 
f -3532/-3701/-3516 -431/-512/-444 -432/-513/-445 -3658/-3827/-3640 
f -603/-699/-616 -604/-700/-617 -355/-426/-368 -2515/-2674/-2501 
f -2257/-2414/-2251 -592/-688/-4454 -4481/-4653/-4453 -3949/-4121/-3926 
f -1223/-1347/-1224 -4980/-5152/-4948 -4981/-5153/-4949 -4228/-4400/-4201 
f -4894/-5066/-4864 -4891/-5063/-4861 -566/-659/-579 -119/-166/-130 
f -34/-57/-39 -1330/-1460/-2737 -1590/-1724/-1583 -33/-56/-38 
f -2997/-3162/-2982 -1535/-1668/-1532 -2777/-2940/-2765 -2996/-3161/-2981 
f -3843/-4015/-3823 -32/-55/-37 -2801/-2964/-2788 -4212/-4384/-4186 
f -3518/-3687/-3502 -3023/-3188/-3008 -1332/-1462/-1333 -3436/-3604/-3420 
f -5013/-5185/-4981 -4360/-4532/-4332 -2976/-3141/-2961 -5012/-5184/-4980 
f -537/-629/-551 -1193/-1316/-1194 -5221/-5393/-5189 -5222/-5394/-5190 
f -949/-1062/-956 -2019/-2169/-2012 -2020/-2170/-2013 -2269/-2426/-2263 
f -5206/-5378/-5174 -5207/-5379/-5175 -162/-216/-175 -1284/-1413/-1286 
f -360/-435/-374 -215/-272/-228 -3629/-3798/-3612 -3626/-3795/-3609 
f -5285/-5457/-5253 -4121/-4293/-4096 -4122/-4294/-4097 -5284/-5456/-5252 
f -4568/-4740/-4539 -4019/-4191/-3995 -4958/-5130/-4928 -4955/-5127/-4925 
f -664/-767/-676 -4339/-4511/-4311 -2447/-2606/-2436 -2448/-2607/-2437 
f -1532/-1665/-1529 -1296/-1426/-1298 -895/-1005/-901 -158/-212/-171 
f -4815/-4987/-4786 -4816/-4988/-4787 -243/-308/-258 -1397/-1527/-1395 
f -3736/-3905/-3717 -3737/-3906/-3718 -74/-109/-83 -622/-718/-635 
f -1448/-1580/-1445 -165/-220/-179 -2527/-2686/-2513 -454/-536/-467 
f -31/-54/-36 -929/-53/-936 -30/-52/-35 -29/-51/-34 
f -4721/-4893/-4692 -4722/-4894/-4693 -4259/-4431/-4232 -4260/-4432/-4233 
f -5123/-5295/-5091 -1934/-2083/-1928 -3801/-3973/-3782 -5122/-5294/-5090 
f -4381/-4553/-4353 -4382/-4554/-4354 -1691/-1833/-1687 -805/-912/-813 
f -969/-1082/-976 -593/-689/-606 -594/-690/-607 -2788/-2951/-2776 
f -4078/-4250/-4054 -3254/-3422/-3240 -3255/-3423/-3241 -188/-245/-203 
f -1810/-1954/-1804 -3576/-3745/-3560 -4692/-4864/-4663 -1811/-1955/-1805 
f -1044/-50/-1053 -4355/-4527/-4327 -4356/-4528/-4328 -28/-49/-33 
f -2828/-2993/-2814 -2829/-2994/-2815 -3533/-3702/-3517 -3534/-3703/-3518 
f -1355/-1485/-1354 -3700/-3869/-3681 -108/-153/-120 -1218/-1342/-1219 
f -630/-728/-644 -5288/-5460/-5256 -5289/-5461/-5256 -4538/-4710/-4510 
f -3434/-3602/-3418 -2940/-3105/-2925 -2760/-2923/-2748 -3433/-3601/-3417 
f -2494/-2653/-2481 -2495/-2654/-2482 -877/-986/-883 -4858/-5030/-4829 
f -2609/-2770/-2596 -2610/-2771/-2597 -1352/-1482/-1351 -4992/-5164/-4960 
f -184/-241/-199 -2278/-2435/-2272 -2275/-2432/-2269 -1441/-1573/-1440 
f -1708/-1852/-1705 -1709/-1853/-1706 -1491/-1623/-1488 -352/-423/-365 
f -501/-590/-514 -4359/-4531/-4331 -2889/-3054/-2874 -947/-1060/-954 
f -4579/-4751/-4550 -2289/-2446/-2283 -233/-297/-247 -4578/-4750/-4549 
f -5054/-5226/-5022 -3622/-3791/-3605 -3623/-3792/-3606 -1745/-1889/-1740 
f -5068/-422/-364 -5142/-5314/-5110 -5143/-5315/-5111 -1162/-48/-3969 
f -597/-693/-610 -1406/-1536/-1404 -3905/-4077/-3885 -3906/-4078/-3932 
f -1483/-1615/-1480 -857/-966/-865 -45/-76/-54 -46/-77/-55 
f -4452/-4624/-4424 -2666/-2827/-2653 -4825/-4997/-4796 -4826/-4998/-4797 
f -55/-88/-64 -2040/-2191/-2033 -5110/-5282/-5078 -2036/-2187/-2029 
f -1611/-1745/-1603 -1609/-1743/-1601 -2366/-2525/-2358 -2365/-2524/-2357 
f -938/-1051/-945 -857/-966/-865 -1483/-1615/-1480 -1484/-1616/-1481 
f -117/-164/-128 -2943/-3108/-2928 -2944/-3109/-2929 -289/-356/-304 
f -4700/-4872/-4671 -2585/-2746/-2572 -2586/-2747/-2573 -273/-340/-288 
f -837/-945/-845 -4086/-4258/-4062 -4085/-4257/-4061 -2021/-2171/-2014 
f -579/-673/-592 -580/-674/-593 -2308/-2465/-2301 -4915/-5087/-4885 
f -83/-120/-92 -177/-233/-192 -3099/-3267/-3086 -4926/-5098/-4896 
f -456/-538/-469 -271/-338/-286 -2165/-2320/-2158 -2162/-2317/-2155 
f -323/-391/-334 -1212/-1336/-1213 -1213/-1337/-1214 -365/-441/-379 
f -1382/-1512/-1380 -3496/-3665/-3480 -3497/-3666/-3481 -1217/-1341/-1218 
f -630/-728/-644 -404/-483/-1432 -1310/-1440/-1312 -5288/-5460/-5256 
f -3840/-4012/-3821 -1708/-1852/-1705 -352/-423/-365 -3839/-4011/-3820 
f -3764/-3934/-3745 -977/-1091/-984 -2413/-2572/-2403 -2414/-2573/-2404 
f -3544/-3713/-3528 -3545/-3714/-3529 -2008/-2158/-2001 -1411/-1541/-1409 
f -596/-692/-609 -71/-106/-80 -27/-47/-32 -2063/-2214/-2056 
f -5315/-5487/-5282 -2311/-2468/-2304 -2312/-2469/-2305 -5314/-5486/-5281 
f -207/-264/-220 -26/-46/-31 -2689/-2852/-2677 -2548/-2709/-2535 
f -5335/-5507/-5302 -4952/-5124/-4922 -4953/-5125/-4923 -5334/-5506/-5301 
f -164/-219/-178 -2763/-2926/-2751 -535/-627/-549 -754/-858/-767 
f -1394/-1524/-1392 -3207/-3375/-3193 -5005/-5177/-4973 -5002/-5174/-4970 
f -4990/-5162/-4958 -3366/-3534/-3350 -3367/-3535/-3351 -4993/-5165/-4961 
f -1075/-1195/-1082 -2000/-2150/-1993 -1999/-2149/-1992 -1074/-1194/-1081 
f -398/-477/-412 -1666/-1806/-1662 -3024/-3189/-3009 -3515/-3684/-3499 
f -919/-1030/-926 -1143/-1265/-1148 -1144/-1266/-1149 -425/-506/-438 
f -4924/-5096/-4894 -4921/-5093/-4891 -2582/-2743/-2569 -1388/-1518/-1386 
f -927/-428/-934 -356/-427/-369 -37/-64/-44 -3477/-45/-30 
f -1449/-1581/-1446 -2439/-2598/-2429 -165/-220/-179 -1448/-1580/-1445 
f -1958/-1812/-1952 -4833/-5005/-4804 -4834/-5006/-4805 -1671/-1811/-1667 
f -1302/-1432/-1304 -1303/-1433/-1305 -152/-204/-165 -114/-161/-4597 
f -3005/-3170/-2990 -1383/-1513/-1381 -2239/-2396/-2233 -2237/-2394/-2231 
f -555/-648/-568 -556/-649/-569 -997/-1112/-1005 -808/-915/-816 
f -3774/-3946/-3755 -1246/-1372/-1248 -1306/-1436/-1308 -1307/-1437/-1309 
f -2786/-2949/-2774 -1233/-1358/-1235 -1356/-1486/-1355 -4286/-4458/-4258 
f -141/-191/-153 -1459/-1591/-1456 -223/-284/-236 -3637/-3806/-3619 
f -417/-497/-430 -1480/-1612/-1477 -3051/-3216/-3036 -416/-496/-429 
f -745/-849/-758 -1820/-1964/-1814 -1821/-1965/-1815 -1039/-1158/-1048 
f -4482/-4654/-4454 -4479/-4651/-4451 -5153/-5325/-5121 -5154/-5326/-5122 
f -2599/-2760/-2586 -1593/-1727/-1586 -1873/-2017/-1867 -2598/-2759/-2585 
f -3968/-4140/-3945 -3969/-4141/-3946 -1440/-1572/-1439 -1579/-1713/-1572 
f -4185/-4357/-4160 -2410/-2569/-2400 -5055/-5227/-5023 -5056/-5228/-5024 
f -4879/-5051/-4850 -3709/-3878/-3690 -1305/-1435/-1307 -1624/-1758/-1616 
f -1732/-1876/-1727 -29/-51/-34 -30/-52/-35 -1731/-1875/-1726 
f -4215/-4387/-4189 -4216/-4388/-4190 -2814/-2979/-2801 -4203/-4375/-4178 
f -1557/-1691/-1554 -1558/-1692/-1555 -107/-152/-119 -2255/-2412/-2249 
f -282/-349/-297 -304/-371/-317 -1425/-1557/-1424 -2470/-2629/-2457 
f -426/-507/-439 -25/-44/-29 -4936/-5108/-4906 -4022/-4194/-3998 
f -1130/-1251/-1136 -729/-833/-742 -991/-460/-396 -992/-123/-95 
f -3865/-4037/-3845 -386/-465/-400 -747/-851/-760 -995/-1110/-1003 
f -5258/-5430/-5226 -5259/-5431/-5227 -148/-200/-161 -1175/-1298/-1178 
f -2092/-2247/-2086 -2599/-280/-2586 -2600/-1380/-2587 -1979/-2129/-1973 
f -2625/-2786/-2612 -2571/-2732/-2558 -2114/-2269/-2107 -1341/-1471/-1341 
f -3007/-3172/-2992 -560/-653/-573 -473/-559/-485 -3006/-3171/-2991 
f -1728/-1872/-1724 -48/-80/-57 -1360/-1490/-1359 -1727/-1871/-1723 
f -2198/-2354/-2191 -3309/-3477/-3293 -2069/-2222/-2063 -293/-360/-307 
f -4455/-4627/-4427 -4456/-4628/-4428 -961/-1074/-968 -3065/-3232/-3051 
f -3738/-3907/-3719 -3195/-3363/-3181 -2335/-2494/-3718 -3737/-3906/-3718 
f -705/-809/-718 -3983/-4155/-3960 -3984/-4156/-3961 -2305/-2462/-2298 
f -752/-856/-765 -139/-188/-151 -2270/-2427/-2264 -494/-581/-506 
f -95/-137/-108 -2802/-2965/-2789 -2803/-2966/-2790 -221/-282/-234 
f -4769/-4941/-4740 -2695/-2858/-2683 -2696/-2859/-2684 -1463/-1595/-1460 
f -3985/-4157/-3962 -54/-87/-63 -2307/-2464/-2300 -3984/-4156/-3961 
f -4043/-4215/-4019 -693/-797/-706 -694/-798/-707 -4046/-4218/-4022 
f -2656/-2817/-2643 -2708/-2871/-2696 -654/-753/-666 -363/-439/-377 
f -24/-43/-28 -1373/-1503/-1372 -3186/-3354/-3172 -1045/-1164/-1054 
f -1651/-1786/-1643 -66/-100/-4280 -5077/-5249/-5045 -5074/-5246/-5042 
f -2825/-2990/-2811 -3251/-3419/-3237 -3248/-3416/-3234 -249/-314/-264 
f -1766/-1910/-1761 -3263/-3431/-3248 -2355/-2514/-2347 -3902/-4074/-3882 
f -5150/-5322/-5118 -2459/-2618/-2448 -2458/-2617/-2447 -4298/-4470/-4270 
f -880/-989/-886 -26/-46/-31 -2111/-2266/-4715 -2397/-2556/-2388 
f -2445/-2604/-2434 -2442/-2601/-2432 -2011/-2161/-2004 -3363/-3531/-3347 
f -689/-793/-702 -4935/-5107/-4905 -4936/-5108/-4906 -25/-44/-29 
f -4924/-5096/-4894 -124/-171/-135 -1502/-1635/-1499 -4923/-5095/-4893 
f -1530/-1663/-1527 -2563/-2724/-2550 -1046/-1166/-1055 -281/-348/-296 
f -1393/-1523/-1391 -3641/-3810/-3623 -3765/-3935/-3746 -1392/-1522/-1390 
f -3170/-3338/-3156 -2904/-3069/-2889 -2905/-3070/-2890 -3169/-3337/-3155 
f -3044/-3209/-3029 -3023/-3188/-3008 -3024/-3189/-3009 -3045/-3210/-3030 
f -1726/-1870/-2358 -1727/-1871/-1723 -2345/-2504/-2337 -2343/-2502/-2335 
f -4409/-4581/-4381 -1731/-1875/-1726 -30/-52/-35 -4408/-4580/-4380 
f -1011/-1126/-1019 -2016/-2166/-2009 -2013/-2163/-2006 -1221/-1345/-1222 
f -1566/-1700/-3182 -2386/-2545/-2804 -2387/-2546/-2378 -990/-1105/-998 
f -2093/-2248/-2087 -1537/-1670/-1534 -3029/-3194/-3014 -3030/-3195/-3015 
f -1380/-1510/-1378 -2452/-2611/-2441 -777/-882/-789 -2200/-2356/-2193 
f -3226/-3394/-3212 -4909/-5081/-4879 -4910/-5082/-4880 -2285/-2442/-2279 
f -3743/-3912/-3724 -1380/-1510/-1378 -4714/-4886/-4685 -109/-154/-121 
f -3348/-3516/-3332 -3741/-3910/-3722 -3739/-3908/-3720 -1767/-1911/-1762 
f -2959/-3124/-2944 -2960/-3125/-2945 -1299/-1429/-1301 -1414/-1546/-1413 
f -5124/-5296/-5092 -5125/-5297/-5093 -3360/-3528/-3344 -3361/-3529/-3345 
f -1905/-2052/-1899 -853/-962/-861 -1295/-1425/-1297 -1904/-2051/-1898 
f -117/-164/-128 -3811/-3983/-3792 -4111/-4283/-4087 -518/-609/-531 
f -2026/-2177/-2019 -2770/-2933/-2758 -2771/-2934/-2759 -2025/-2176/-2018 
f -1056/-1176/-2917 -1055/-1175/-1064 -2112/-2267/-2105 -2111/-2266/-4715 
f -1034/-1153/-1043 -1328/-1458/-1330 -1570/-1704/-1564 -2651/-2812/-2638 
f -1099/-1219/-1106 -2534/-2693/-2520 -2535/-2694/-2521 -155/-209/-168 
f -920/-1031/-927 -1482/-1614/-1479 -1483/-1615/-1480 -46/-77/-55 
f -4689/-4861/-4660 -176/-232/-191 -1378/-1508/-1376 -4688/-4860/-4659 
f -1014/-1131/-1022 -4346/-4518/-4318 -558/-651/-571 -238/-303/-253 
f -430/-511/-443 -3244/-3412/-3230 -3245/-3413/-3231 -433/-514/-446 
f -1902/-2049/-1896 -2716/-2879/-2704 -2717/-2880/-2705 -41/-69/-48 
f -4557/-4729/-4528 -3067/-3234/-3053 -4199/-4371/-4174 -2268/-2425/-2262 
f -3313/-42/-27 -3310/-1023/-919 -1165/-1288/-1168 -1141/-1262/-1146 
f -796/-902/-806 -3999/-4171/-3976 -4000/-4172/-3977 -795/-901/-805 
f -2084/-2239/-2078 -2082/-2237/-2076 -1581/-1715/-1574 -255/-322/-270 
f -489/-576/-501 -57/-91/-67 -3513/-3682/-3497 -488/-575/-500 
f -3412/-3580/-3396 -3942/-4114/-3920 -1559/-1693/-1556 -44/-75/-53 
f -2185/-2341/-2178 -428/-509/-441 -4022/-4194/-3998 -4023/-4195/-3999 
f -4211/-4383/-4185 -23/-41/-26 -2232/-2389/-2226 -4210/-4382/-4184 
f -3647/-40/-3629 -496/-39/-510 -1736/-1880/-1731 -3418/-3586/-3402 
f -2034/-2185/-2027 -3158/-3326/-5182 -2279/-2436/-2273 -2405/-2564/-2395 
f -3568/-3737/-3552 -3734/-3903/-3715 -5132/-5304/-5100 -3567/-3736/-3551 
f -22/-38/-25 -2121/-2276/-2114 -1613/-1747/-1605 -2875/-3040/-2860 
f -607/-60/-42 -40/-68/-47 -175/-231/-190 -970/-37/-977 
f -1419/-1551/-1418 -1420/-1552/-1419 -1397/-1527/-1395 -243/-308/-258 
f -1154/-1276/-1158 -1629/-1763/-1621 -1626/-1760/-1618 -172/-227/-186 
f -1034/-1153/-1043 -2651/-2812/-2638 -2652/-2813/-2639 -217/-275/-230 
f -410/-490/-423 -409/-489/-422 -63/-97/-73 -621/-717/-634 
f -3106/-3274/-3093 -3107/-3275/-3094 -2660/-2821/-2647 -329/-397/-340 
f -2443/-2602/-2433 -5192/-5364/-5160 -2001/-2151/-1994 -2442/-2601/-2432 
f -5277/-5449/-5245 -5018/-5190/-4986 -52/-85/-61 -4237/-4409/-4210 
f -4960/-5132/-4930 -5211/-5383/-5179 -3767/-3937/-3748 -4959/-5131/-4929 
f -3417/-3585/-3401 -2680/-2843/-2668 -2681/-2844/-2669 -4281/-4453/-4254 
f -3884/-4056/-3864 -51/-84/-60 -37/-64/-44 -356/-427/-369 
f -2606/-2767/-2593 -4938/-5110/-4908 -5209/-5381/-5177 -5210/-5382/-5178 
f -4807/-4979/-4778 -4808/-4980/-4779 -187/-244/-202 -186/-243/-201 
f -1748/-1892/-1743 -335/-404/-346 -180/-237/-195 -1749/-1893/-1744 
f -394/-473/-408 -734/-838/-747 -1772/-1916/-1767 -1773/-1917/-1768 
f -3668/-3837/-3650 -830/-937/-838 -1863/-2007/-1857 -359/-434/-838 
f -3740/-3909/-3721 -1534/-1667/-1531 -4711/-4883/-4682 -2459/-2618/-2448 
f -2316/-2473/-2308 -4033/-4205/-4009 -1033/-1150/-1041 -2318/-2475/-2310 
f -449/-531/-462 -77/-112/-86 -319/-387/-330 -448/-530/-461 
f -3549/-3718/-3533 -4170/-4342/-4145 -4171/-4343/-4146 -3548/-3717/-3532 
f -459/-543/-472 -3586/-3755/-3570 -3584/-3753/-3568 -2534/-2693/-2520 
f -2238/-2395/-2232 -5176/-5348/-5144 -4158/-4330/-4133 -4159/-4331/-4134 
f -2478/-2637/-2465 -2616/-2777/-2603 -1258/-1386/-1260 -747/-851/-760 
f -104/-149/-117 -103/-148/-116 -21/-36/-24 -101/-145/-114 
f -1746/-1890/-1741 -2598/-2759/-2585 -1873/-2017/-1867 -4516/-4688/-4488 
f -490/-577/-502 -1469/-1601/-1466 -1468/-1600/-1465 -728/-832/-741 
f -5240/-5412/-5208 -288/-355/-303 -581/-675/-594 -5243/-5415/-5211 
f -4161/-4333/-4136 -3074/-3241/-3060 -3980/-4152/-3957 -4164/-4336/-4139 
f -1466/-1598/-1463 -377/-453/-391 -85/-122/-94 -1197/-1320/-1198 
f -267/-334/-282 -118/-165/-129 -69/-103/-78 -3192/-3360/-3178 
f -524/-616/-538 -43/-71/-50 -72/-107/-81 -4683/-4855/-4654 
f -348/-418/-360 -680/-784/-693 -681/-785/-694 -1017/-1134/-1025 
f -1882/-2026/-1875 -166/-221/-180 -5340/-5512/-5307 -5341/-5513/-5308 
f -3129/-3297/-3116 -3130/-3298/-3117 -5128/-5300/-5096 -113/-160/-125 
f -2431/-2590/-2421 -2432/-2591/-2422 -2374/-2533/-2366 -322/-390/-333 
f -739/-843/-752 -4795/-4967/-4766 -4796/-4968/-4767 -136/-185/-148 
f -787/-893/-799 -20/-35/-23 -2995/-3160/-2980 -190/-247/-204 
f -2499/-2658/-2486 -2496/-2655/-2483 -993/-1108/-1001 -4551/-4723/-4522 
f -1000/-1115/-1008 -560/-653/-573 -3007/-3172/-2992 -3973/-4145/-3950 
f -1590/-1724/-1583 -3077/-3244/-3063 -3075/-3242/-3061 -33/-56/-38 
f -1201/-1324/-1202 -549/-642/-563 -4004/-4176/-3981 -1203/-1326/-1204 
f -509/-598/-522 -1523/-1656/-1520 -1907/-2054/-1901 -1908/-2055/-1902 
f -2423/-2582/-2413 -2420/-2579/-2410 -1921/-2070/-1915 -1918/-2067/-1913 
f -3807/-3979/-3788 -3808/-3980/-3789 -4181/-4353/-4156 -4182/-4354/-4157 
f -4754/-4926/-4725 -5029/-5201/-4997 -5026/-5198/-4994 -4757/-4929/-4728 
f -155/-209/-168 -3282/-3450/-3267 -3283/-3451/-3268 -419/-499/-432 
f -4905/-5077/-4875 -3302/-3470/-3287 -5021/-5193/-4989 -5278/-5450/-5246 
f -541/-634/-555 -821/-928/-829 -2031/-2182/-2024 -2032/-2183/-2025 
f -492/-579/-504 -600/-696/-613 -599/-695/-612 -526/-618/-540 
f -3536/-3705/-3520 -3123/-3291/-3110 -3120/-3288/-3107 -1924/-2073/-1918 
f -3394/-3562/-3378 -357/-429/-370 -3457/-3625/-3441 -3397/-3565/-3381 
f -4250/-4422/-4223 -1171/-1294/-1174 -1572/-1706/-1566 -2235/-2392/-2229 
f -1391/-1521/-1389 -5261/-5433/-5229 -2567/-2728/-2554 -1390/-1520/-1388 
f -3427/-3595/-3411 -5157/-5329/-5125 -4914/-5086/-4884 -3426/-3594/-3410 
f -3043/-3208/-3028 -2566/-2727/-2553 -5296/-5468/-5263 -4254/-4426/-4227 
f -2139/-2294/-2132 -2152/-2307/-2145 -1803/-1947/-1797 -1633/-1767/-1625 
f -357/-429/-370 -3394/-3562/-3378 -4016/-4188/-3992 -4013/-4185/-4868 
f -2902/-3067/-2887 -239/-304/-254 -187/-244/-202 -4808/-4980/-4779 
f -1697/-1841/-1694 -2951/-3116/-2936 -2424/-2583/-2414 -1696/-1840/-1693 
f -3090/-3257/-3076 -3453/-3621/-3437 -3454/-3622/-3438 -3229/-3397/-3215 
f -539/-631/-553 -3215/-3383/-3201 -1197/-1320/-1198 -85/-122/-94 
f -19/-34/-22 -18/-33/-21 -17/-32/-20 -16/-31/-19 
f -1501/-1634/-1498 -640/-738/-653 -568/-661/-581 -1503/-1636/-1500 
f -196/-253/-210 -5146/-5318/-5114 -5147/-5319/-5115 -3689/-3858/-3671 
f -1931/-2080/-1925 -1974/-2124/-1968 -4705/-4877/-4676 -1911/-2060/-1906 
f -1719/-1863/-1716 -3758/-3927/-3739 -98/-141/-111 -3428/-3596/-3412 
f -4425/-4597/-4397 -2224/-2380/-2217 -324/-392/-335 -4424/-4596/-4396 
f -2311/-2468/-2304 -1305/-1435/-1307 -4117/-4289/-4092 -3333/-3501/-3317 
f -4414/-4586/-4386 -3405/-3573/-3389 -4284/-4456/-4619 -4285/-4457/-4257 
f -1670/-1810/-1666 -92/-134/-105 -3296/-3464/-3281 -1669/-1809/-1665 
f -1436/-1568/-1435 -1607/-1741/-1599 -1457/-1589/-1454 -1458/-1590/-1455 
f -1647/-1782/-1639 -3581/-3750/-3565 -3582/-3751/-3566 -1646/-1781/-1638 
f -4301/-4473/-4273 -4302/-4474/-4274 -1620/-1754/-1612 -3414/-3582/-3398 
f -3885/-4057/-3865 -3400/-3568/-3384 -51/-84/-60 -3884/-4056/-3864 
f -3117/-3285/-3104 -3160/-3328/-3146 -768/-872/-780 -3119/-3287/-3106 
f -4147/-4319/-4122 -4146/-4318/-4121 -1736/-1880/-1731 -496/-39/-510 
f -2676/-2839/-2664 -252/-317/-266 -4847/-30/-4818 -4848/-2838/-2663 
f -15/-29/-18 -35/-58/-40 -225/-286/-238 -1385/-1515/-1383 
f -1892/-2037/-1885 -487/-574/-499 -367/-443/-381 -1891/-2036/-1884 
f -4437/-73/-52 -222/-283/-235 -2703/-2866/-2691 -2701/-2864/-2689 
f -4812/-4984/-4783 -3534/-3703/-3518 -3535/-3704/-3519 -4811/-4983/-4782 
f -2205/-2361/-2198 -4877/-5049/-4848 -4878/-5050/-4849 -2597/-2758/-2584 
f -1450/-1582/-1447 -358/-432/-372 -2070/-2224/-2064 -1452/-1584/-1449 
f -1764/-1908/-1759 -470/-556/-482 -204/-261/-217 -1763/-1907/-1758 
f -4055/-4227/-4031 -4131/-4303/-4106 -2888/-3053/-2873 -97/-139/-110 
f -3474/-3642/-3458 -3471/-3639/-3455 -1110/-1230/-1117 -185/-242/-200 
f -5092/-5264/-5060 -5093/-5265/-5061 -14/-28/-17 -809/-916/-817 
f -4606/-4778/-4577 -3787/-3959/-3768 -3788/-3960/-3769 -4609/-4781/-4580 
f -4069/-4241/-4045 -4070/-4242/-4046 -1829/-1973/-1823 -3385/-3553/-3369 
f -2057/-2208/-2050 -2058/-2209/-2051 -966/-1079/-973 -1239/-1365/-1242 
f -2725/-2888/-2713 -786/-892/-798 -588/-684/-602 -2728/-2891/-2716 
f -1038/-1157/-1047 -439/-520/-452 -1322/-1452/-1324 -1319/-1449/-1321 
f -3606/-3775/-3590 -3607/-3776/-3591 -1603/-1737/-1596 -1604/-1738/-1597 
f -1008/-1123/-1016 -1009/-1124/-1017 -3830/-4002/-3811 -3831/-4003/-3812 
f -21/-36/-24 -238/-303/-253 -400/-479/-413 -101/-145/-114 
f -624/-722/-638 -751/-855/-764 -2755/-2918/-2743 -2756/-2919/-2744 
f -944/-1057/-951 -945/-1058/-952 -2869/-3034/-2854 -2870/-3035/-2855 
f -5233/-5405/-5201 -2761/-2924/-2749 -2762/-2925/-2750 -3287/-3455/-3272 
f -1199/-1322/-1200 -2215/-2371/-2208 -3646/-3815/-3628 -3645/-3814/-3627 
f -23/-41/-26 -4211/-4383/-4185 -2800/-2963/-2787 -2466/-2625/-2453 
f -2381/-2540/-2373 -3982/-4154/-3959 -1365/-1495/-1364 -2380/-2539/-2372 
f -2533/-2692/-2519 -3467/-3635/-3451 -3468/-3636/-3452 -2532/-2691/-2518 
f -58/-92/-68 -36/-61/-43 -3472/-3640/-3456 -1103/-1223/-1110 
f -4024/-4196/-4000 -4428/-4600/-4400 -2992/-3157/-2977 -161/-215/-174 
f -2979/-3144/-2964 -2980/-3145/-2965 -2521/-2680/-2507 -1492/-1624/-1489 
f -727/-831/-740 -660/-762/-672 -2846/-761/-2831 -2847/-461/-2832 
f -78/-113/-87 -1134/-1255/-1141 -1135/-1256/-1140 -77/-112/-86 
f -674/-777/-686 -1049/-1169/-1058 -1050/-1170/-1059 -3250/-3418/-3236 
f -2668/-2829/-2655 -2669/-2830/-2656 -1105/-1225/-1112 -1106/-1226/-1113 
f -5009/-5181/-4977 -2127/-2282/-2120 -590/-686/-604 -591/-687/-605 
f -923/-1034/-930 -924/-1035/-931 -769/-874/-781 -613/-709/-626 
f -2232/-2389/-2226 -23/-41/-26 -641/-739/-654 -2231/-2388/-2225 
f -346/-416/-358 -1358/-1488/-1357 -493/-580/-505 -2096/-2251/-2090 
f -179/-236/-194 -4609/-4781/-4580 -3788/-3960/-3769 -248/-313/-263 
f -27/-47/-32 -13/-27/-16 -2062/-2213/-2055 -2063/-2214/-2056 
f -786/-892/-798 -2725/-2888/-2713 -5001/-5173/-4969 -2868/-3033/-2853 
f -2809/-2974/-2796 -1330/-1460/-2737 -34/-57/-39 -815/-922/-823 
f -1721/-1865/-1718 -433/-514/-446 -434/-515/-447 -1720/-1864/-1717 
f -2688/-2851/-2676 -2689/-2852/-2677 -26/-46/-31 -880/-989/-886 
f -4537/-4709/-4509 -5268/-5440/-5236 -5269/-5441/-5237 -3355/-3523/-3339 
f -818/-925/-826 -3155/-3323/-3142 -4319/-4491/-4291 -2075/-2230/-2069 
f -767/-871/-779 -1249/-1375/-1251 -1250/-1376/-1252 -911/-1021/-917 
f -3214/-3382/-3200 -2974/-3139/-2959 -1063/-1183/-1071 -2236/-2393/-2230 
f -351/-421/-363 -349/-419/-361 -3976/-4148/-3953 -3977/-4149/-3954 
f -2516/-2675/-2502 -1808/-1952/-1802 -3486/-3655/-3470 -3060/-3227/-3046 
f -1254/-1382/-1256 -441/-522/-454 -5116/-5288/-5084 -5117/-5289/-5085 
f -2501/-2660/-2488 -2502/-2661/-4553 -1689/-1831/-1685 -1216/-1340/-1217 
f -375/-451/-389 -2280/-2437/-2274 -1333/-1463/-1402 -826/-933/-834 
f -2383/-2542/-2375 -2380/-2539/-2372 -4581/-4753/-4552 -4582/-4754/-4553 
f -4187/-4359/-4162 -2603/-2764/-2590 -799/-905/-3063 -626/-724/-640 
f -1796/-1940/-1790 -1793/-1937/-1787 -3153/-3321/-3140 -3150/-3318/-3137 
f -5025/-5197/-4993 -5022/-5194/-4990 -1716/-1860/-1713 -4640/-4812/-4611 
f -2578/-2739/-2565 -3701/-3870/-3682 -210/-267/-223 -2915/-3080/-2900 
f -1102/-1222/-1109 -1103/-1223/-1110 -3472/-3640/-3456 -3473/-3641/-3457 
f -2670/-2337/-2657 -3554/-3723/-3538 -2836/-3001/-2821 -2669/-554/-2656 
f -828/-935/-836 -442/-523/-455 -443/-524/-456 -827/-934/-835 
f -2031/-2182/-2024 -821/-928/-829 -820/-927/-828 -211/-268/-224 
f -525/-617/-539 -1895/-2040/-1888 -4434/-4606/-4406 -4435/-4607/-4407 
f -4458/-4630/-4430 -4455/-4627/-4427 -1456/-1588/-1453 -221/-282/-234 
f -393/-472/-407 -685/-789/-698 -1055/-1175/-1064 -4183/-4355/-4158 
f -99/-143/-112 -1749/-1893/-1744 -180/-237/-195 -262/-329/-277 
f -12/-26/-15 -1579/-1713/-1572 -1440/-1572/-1439 -4598/-4770/-4569 
f -4276/-4448/-4249 -4277/-4449/-4250 -4014/-4186/-3990 -4015/-4187/-3991 
f -1061/-1181/-1069 -809/-916/-817 -14/-28/-17 -1060/-1180/-1068 
f -974/-1088/-981 -334/-403/-345 -2113/-2268/-2106 -4168/-4340/-4143 
f -5256/-5428/-5224 -2455/-2614/-2444 -915/-1026/-922 -2371/-2530/-2363 
f -670/-773/-682 -1174/-1297/-1177 -3319/-3487/-3303 -4327/-4499/-4299 
f -1154/-1276/-1158 -172/-227/-186 -2315/-2472/-2697 -116/-163/-127 
f -1139/-1260/-1144 -1965/-2114/-1959 -177/-233/-192 -1544/-1677/-1541 
f -1152/-1274/-1156 -1149/-1271/-1153 -424/-505/-437 -425/-506/-438 
f -840/-948/-848 -1605/-1739/-1598 -1893/-2038/-1886 -2858/-3023/-2843 
f -25/-44/-29 -2375/-2534/-2367 -2376/-2535/-2368 -689/-793/-702 
f -712/-816/-725 -3966/-4138/-3943 -4044/-4216/-4020 -4045/-4217/-4021 
f -3953/-4125/-3930 -4857/-5029/-4828 -878/-987/-884 -1520/-1653/-1517 
f -3909/-4081/-3888 -217/-275/-230 -1645/-1780/-1637 -11/-25/-14 
f -212/-269/-225 -3163/-3331/-3149 -1998/-2148/-1991 -1832/-1976/-1826 
f -836/-944/-844 -3833/-4005/-3814 -104/-149/-117 -2892/-3057/-2877 
f -3780/-3952/-3761 -1044/-50/-1053 -28/-49/-33 -3779/-3951/-3760 
f -1433/-1565/-1432 -811/-918/-819 -812/-919/-820 -3104/-3272/-3091 
f -724/-828/-737 -5062/-5234/-5030 -5063/-5235/-5031 -4056/-4228/-4032 
f -735/-839/-748 -423/-504/-436 -1772/-1916/-1767 -734/-838/-747 
f -1558/-1692/-1555 -3940/-4112/-3918 -1996/-2146/-1989 -107/-152/-119 
f -500/-589/-513 -3108/-3276/-3095 -3109/-3277/-3096 -2799/-2962/-2786 
f -3920/-4092/-3898 -1866/-2010/-1860 -4203/-4375/-4178 -2814/-2979/-2801 
f -813/-920/-821 -173/-229/-188 -716/-820/-729 -1926/-2075/-1920 
f -1506/-1639/-1503 -4599/-4771/-4570 -4596/-4768/-4567 -557/-650/-570 
f -3083/-3250/-3069 -140/-189/-152 -10/-24/-13 -3491/-3660/-3475 
f -2727/-2890/-2715 -2728/-2891/-2716 -4796/-4968/-4767 -4797/-4969/-4768 
f -1646/-1781/-1638 -372/-448/-386 -2830/-2995/-2816 -2827/-2992/-2813 
f -413/-493/-426 -1763/-1907/-1758 -204/-261/-217 -412/-492/-425 
f -214/-271/-227 -452/-534/-465 -4160/-4332/-4135 -4625/-4797/-4596 
f -17/-32/-20 -1271/-1400/-1273 -62/-96/-72 -5338/-5510/-5305 
f -4847/-30/-4818 -252/-317/-266 -2450/-318/-2439 
f -253/-319/-267 -3081/-3248/-3067 -3078/-3245/-3064 
f -1952/-2101/-1946 -1953/-2102/-1947 -1002/-1117/-1010 -1003/-1118/-1011 
f -3694/-3863/-3676 -4832/-5004/-4803 -4590/-4762/-4561 -697/-801/-710 
f -625/-723/-639 -750/-854/-763 -751/-855/-764 -624/-722/-638 
f -4853/-5025/-4824 -4854/-5026/-4825 -950/-1063/-957 -79/-114/-88 
f -946/-1059/-953 -4651/-4823/-4622 -4652/-4824/-4623 -2823/-2988/-2809 
f -267/-334/-282 -395/-474/-409 -1027/-1144/-1035 -4430/-4602/-4402 
f -318/-386/-329 -319/-387/-330 -77/-112/-86 -1135/-1256/-1140 
f -2037/-2188/-2030 -651/-750/-663 -55/-88/-64 -2036/-2187/-2029 
f -4667/-4839/-4638 -1067/-1187/-4276 -859/-968/-867 -860/-969/-868 
f -23/-41/-26 -2466/-2625/-2453 -1606/-1740/-2242 -641/-739/-654 
f -2501/-2660/-2488 -3617/-3786/-3601 -780/-885/-792 -2500/-2659/-2487 
f -3290/-3458/-3275 -4008/-4180/-3985 -4009/-4181/-3986 -4048/-4220/-4024 
f -1364/-1494/-1363 -3854/-4026/-3834 -3855/-4027/-3835 -1219/-1343/-1220 
f -4158/-4330/-4133 -5176/-5348/-5144 -5177/-5349/-5145 -3012/-3177/-2997 
f -3467/-3635/-3451 -3571/-3740/-3555 -3572/-3741/-3556 -3470/-3638/-3454 
f -2913/-3078/-2898 -3876/-4048/-3856 -1319/-1449/-1321 -1320/-1450/-1322 
f -3034/-3199/-3019 -4232/-4404/-4205 -4503/-4675/-4475 -4504/-4676/-4476 
f -904/-1014/-910 -894/-1004/-900 -5003/-5175/-4971 -2045/-2196/-2038 
f -3838/-4010/-3819 -5031/-5203/-4999 -5032/-5204/-5000 -666/-769/-678 
f -3886/-4058/-3866 -2835/-3000/-2820 -3402/-3570/-3386 -3885/-4057/-3865 
f -700/-804/-713 -453/-535/-466 -3037/-3202/-3022 -3038/-3203/-3023 
f -1207/-1330/-1208 -1204/-1327/-1205 -406/-486/-419 -4922/-5094/-4892 
f -4145/-4317/-4120 -4121/-4293/-4096 -2604/-2765/-2591 -4144/-4316/-4119 
f -1350/-1480/-1350 -4636/-4808/-4607 -521/-613/-535 -976/-1090/-983 
f -1707/-1851/-1704 -4614/-4786/-4585 -1430/-1562/-1429 -1429/-1561/-1428 
f -2313/-2470/-2306 -3404/-3572/-3388 -4365/-4537/-4337 -4366/-4538/-4338 
f -2964/-3129/-2949 -3329/-3497/-3313 -2102/-2257/-2096 -2229/-2385/-2222 
f -3429/-3597/-3413 -498/-587/-512 -5242/-5414/-5210 -1718/-1862/-1715 
f -663/-765/-674 -1840/-1984/-1834 -1841/-1985/-1835 -3992/-4164/-3969 
f -565/-658/-578 -942/-1055/-949 -5056/-5228/-5024 -5057/-5229/-5025 
f -203/-260/-216 -9/-23/-12 -15/-29/-18 -2663/-2824/-2650 
f -2449/-2608/-2438 -294/-361/-308 -3125/-3293/-3112 -2448/-2607/-2437 
f -150/-202/-163 -979/-1093/-986 -552/-645/-565 -1401/-1531/-1399 
f -963/-1076/-970 -2585/-2746/-2572 -4700/-4872/-4671 -4701/-4873/-4672 
f -3260/-3428/-3245 -3540/-3709/-3524 -5113/-5285/-5081 -3259/-3427/-3244 
f -4712/-4884/-4683 -3373/-3541/-3357 -2166/-2321/-2159 -2458/-2617/-2447 
f -2594/-2755/-2581 -1678/-1820/-1674 -1346/-1476/-1346 -2206/-2362/-2199 
f -519/-611/-533 -1980/-2130/-1974 -3464/-3632/-3448 -3817/-3989/-3798 
f -4132/-4304/-4107 -916/-1027/-923 -3181/-3349/-3167 -4135/-4307/-4110 
f -2674/-2835/-2661 -721/-825/-734 -722/-826/-735 -147/-199/-160 
f -4753/-4925/-4724 -4750/-4922/-4721 -1287/-1416/-1289 -1955/-2104/-1949 
f -1410/-1540/-1408 -105/-150/-823 -533/-625/-547 -1409/-1539/-1407 
f -4436/-4608/-4408 -3668/-3837/-3650 -359/-434/-838 -564/-657/-577 
f -520/-612/-534 -519/-611/-533 -3817/-3989/-3798 -3818/-3990/-3799 
f -310/-378/-322 -1856/-2000/-1850 -1857/-2001/-1851 -189/-246/-1707 
f -4497/-4669/-4469 -3145/-3313/-3132 -4083/-4255/-4059 -1273/-1402/-1275 
f -2400/-2559/-2391 -2969/-3134/-2954 -2970/-3135/-2955 -2403/-2562/-5122 
f -2807/-2971/-2794 -3566/-3735/-3550 -882/-991/-888 -2806/-2970/-2793 
f -171/-226/-185 -184/-241/-199 -3507/-3676/-3491 -3504/-3673/-3488 
f -2660/-2821/-2647 -3107/-3275/-3094 -203/-260/-216 -2663/-2824/-2650 
f -2652/-2813/-2639 -1644/-1779/-1636 -1645/-1780/-1637 -217/-275/-230 
f -2825/-2990/-2811 -1583/-1717/-1576 -1866/-2010/-1860 -2824/-2989/-2810 
f -3757/-3926/-3738 -1487/-1619/-1484 -115/-162/-126 -3756/-3925/-3737 
f -822/-929/-830 -4735/-4907/-4706 -4736/-4908/-4707 -823/-930/-831 
f -709/-813/-722 -5126/-5298/-5094 -4149/-4321/-4124 -2549/-2710/-2536 
f -555/-648/-568 -808/-915/-816 -480/-567/-492 -481/-568/-493 
f -55/-88/-64 -4266/-4438/-4239 -4267/-4439/-4240 -2040/-2191/-2033 
f -3999/-4171/-3976 -796/-902/-806 -5220/-5392/-5188 -5221/-5393/-5189 
f -4732/-4904/-4703 -1678/-1820/-1674 -1677/-1819/-1673 -4731/-4903/-4702 
f -4103/-4275/-4079 -3989/-4161/-3966 -3990/-4162/-3967 -4102/-4274/-4078 
f -762/-866/-774 -763/-867/-775 -722/-826/-735 -3490/-3659/-3474 
f -4958/-5130/-4928 -761/-865/-773 -1690/-1832/-1686 -4957/-5129/-4927 
f -4948/-5120/-4918 -3121/-3289/-3108 -183/-240/-198 -1276/-1405/-1278 
f -4078/-4250/-4054 -4079/-4251/-4055 -170/-225/-184 -3254/-3422/-3240 
f -206/-263/-219 -168/-223/-182 -5059/-5231/-5027 -2480/-2639/-2467 
f -745/-849/-758 -1039/-1158/-1048 -137/-186/-149 -484/-571/-496 
f -3228/-3396/-3214 -2831/-2996/-2817 -1976/-2126/-1970 -3227/-3395/-3213 
f -3782/-3954/-3763 -1578/-1712/-1571 -1575/-1709/-3764 -60/-94/-70 
f -3386/-3554/-3370 -169/-224/-183 -168/-223/-182 -206/-263/-219 
f -2891/-3056/-2876 -2892/-3057/-2877 -104/-149/-117 -101/-145/-114 
f -270/-337/-285 -250/-315/-3149 -4369/-4541/-4341 -269/-336/-284 
f -4028/-4200/-4004 -4025/-4197/-4001 -905/-1015/-911 -5219/-62/-5187 
f -4734/-4906/-4705 -488/-575/-500 -3513/-3682/-3497 -4042/-4214/-4018 
f -2244/-2401/-2238 -2522/-2681/-2508 -3574/-3743/-3558 -3575/-3744/-3559 
f -1089/-1209/-1096 -5026/-5198/-4994 -5027/-5199/-4995 -4153/-4325/-4128 
f -815/-922/-823 -34/-57/-39 -2874/-3039/-2859 -3625/-3794/-3608 
f -737/-841/-750 -738/-842/-751 -427/-508/-440 -428/-509/-441 
f -228/-292/-242 -303/-370/-316 -571/-664/-584 -585/-680/-599 
f -804/-910/-5040 -4582/-4754/-4553 -4583/-4755/-4554 -438/-519/-451 
f -2148/-2303/-2141 -4883/-5055/-4854 -288/-355/-303 -2147/-2302/-2140 
f -3172/-3340/-3158 -3169/-3337/-3155 -1711/-1855/-1708 -732/-836/-745 
f -2973/-3138/-2958 -4541/-4713/-4513 -4542/-4714/-4923 -260/-327/-275 
f -1660/-1799/-1655 -1475/-1607/-1472 -1476/-1608/-1473 -1659/-1798/-1654 
f -2392/-2551/-2383 -2629/-2790/-2616 -2972/-3137/-2957 -2393/-2552/-2384 
f -303/-370/-316 -304/-371/-317 -195/-252/-209 -571/-664/-584 
f -2402/-2561/-2393 -2403/-2562/-5122 -3166/-3334/-3152 -794/-900/-1632 
f -3886/-4058/-3866 -2109/-2264/-2103 -2834/-2999/-2819 -2835/-3000/-2820 
f -1018/-1135/-1026 -1149/-1271/-1153 -1150/-1272/-1154 -2430/-2589/-2420 
f -349/-419/-361 -162/-216/-175 -5207/-5379/-5175 -3976/-4148/-3953 
f -3883/-4055/-3863 -3884/-4056/-3864 -356/-427/-369 -3771/-3941/-3752 
f -5169/-5341/-5137 -2776/-2939/-2764 -2774/-2937/-2762 -5168/-5340/-5136 
f -3374/-22/-3358 -3438/-21/-3422 -665/-768/-677 -2812/-2977/-2799 
f -3819/-3991/-3800 -718/-822/-731 -719/-823/-732 -1805/-1949/-1799 
f -1327/-1457/-1329 -922/-1033/-929 -1389/-1519/-1387 -2340/-2499/-2332 
f -2179/-2334/-2172 -4831/-5003/-4802 -3691/-3860/-3673 -1874/-2018/-1868 
f -1321/-1451/-1323 -1598/-1732/-1591 -3837/-4009/-3818 -2755/-2918/-2743 
f -1932/-2081/-1926 -4354/-4526/-4326 -4351/-4523/-4323 -2086/-2241/-2080 
f -2626/-2787/-2613 -2570/-2731/-2557 -2571/-2732/-2558 -2625/-2786/-2612 
f -3812/-3984/-3793 -4110/-4282/-4086 -4111/-4283/-4087 -3811/-3983/-3792 
f -1725/-1869/-1722 -4374/-4546/-4346 -258/-325/-273 -259/-326/-274 
f -920/-1031/-927 -46/-77/-55 -1143/-1265/-1148 -919/-1030/-926 
f -534/-626/-548 -3295/-3463/-3280 -3296/-3464/-3281 -92/-134/-105 
f -4267/-4439/-4240 -3262/-3430/-3247 -3259/-3427/-3244 -2040/-2191/-2033 
f -2075/-2230/-2069 -4319/-4491/-4291 -4320/-4492/-4292 -2276/-2433/-2270 
f -2129/-2284/-2122 -2226/-2382/-2219 -1997/-2147/-1990 -2128/-2283/-2121 
f -4198/-4370/-4173 -1391/-1521/-1389 -2798/-2961/-2785 -3109/-3277/-3096 
f -1944/-2093/-1938 -1378/-1508/-1376 -176/-232/-191 -2342/-2501/-2334 
f -692/-796/-705 -1685/-1827/-1681 -373/-449/-387 -1381/-1511/-1379 
f -3869/-4041/-3849 -3917/-4089/-3895 -4074/-4246/-4050 -3190/-3358/-3176 
f -3328/-3496/-3312 -246/-311/-261 -1876/-2020/-1869 -3327/-3495/-3311 
f -1257/-1385/-1259 -3678/-3847/-3660 -3675/-3844/-3657 -819/-926/-827 
f -3067/-3234/-3053 -3068/-3235/-3054 -5039/-5211/-5007 -5263/-5435/-5231 
f -144/-196/-157 -4177/-4349/-4152 -4178/-4350/-4153 -2845/-3010/-2830 
f -603/-699/-616 -2515/-2674/-2501 -2512/-2671/-2498 -236/-300/-250 
f -1123/-1244/-1129 -1124/-1245/-1130 -696/-800/-709 -2871/-3036/-2856 
f -3070/-3237/-3056 -3172/-3340/-3158 -732/-836/-745 -733/-837/-746 
f -1453/-1585/-1450 -1990/-2140/-2372 -943/-1056/-950 -4005/-4177/-3982 
f -5073/-5245/-5041 -5267/-5439/-5235 -5264/-5436/-5232 -547/-640/-561 
f -694/-798/-707 -2120/-2275/-2113 -2121/-2276/-2114 -22/-38/-25 
f -863/-972/-871 -2296/-2453/-2289 -4799/-4971/-4770 -4800/-4972/-4771 
f -399/-478/-2123 -1419/-1551/-1418 -243/-308/-258 -2422/-2581/-2412 
f -4061/-4233/-4037 -4459/-4631/-4431 -2983/-3148/-2968 -4060/-4232/-4036 
f -715/-819/-728 -4059/-4231/-4035 -181/-238/-196 -89/-128/-100 
f -4579/-4751/-4550 -4576/-4748/-4547 -450/-532/-463 -2288/-2445/-2282 
f -498/-587/-512 -499/-588/-512 -5241/-5413/-5209 -5242/-5414/-5210 
f -1014/-1131/-1022 -238/-303/-253 -21/-36/-24 -19/-34/-22 
f -3957/-4129/-3934 -268/-335/-283 -946/-1059/-953 -2823/-2988/-2809 
f -20/-35/-23 -5252/-5424/-5220 -2201/-2357/-2194 -955/-1068/-962 
f -1138/-1259/-1143 -3651/-3820/-3633 -615/-711/-628 -710/-814/-723 
f -204/-261/-217 -470/-556/-482 -2334/-2493/-2327 -893/-1003/-899 
f -252/-317/-266 -159/-213/-172 -994/-1109/-1002 -253/-319/-267 
f -1278/-1407/-1280 -342/-411/-353 -343/-412/-354 -1277/-1406/-1279 
f -1313/-1443/-1315 -119/-166/-130 -8/-20/-11 -1312/-1442/-1314 
f -694/-798/-707 -22/-38/-25 -3208/-3376/-3194 -4046/-4218/-4022 
f -2336/-2495/-2328 -4760/-4932/-4731 -4761/-4933/-4732 -2335/-2494/-3718 
f -1674/-1816/-1670 -1146/-1268/-1151 -2726/-2889/-2714 -2727/-2890/-2715 
f -4131/-4303/-4106 -4055/-4227/-4031 -4056/-4228/-4032 -5063/-5235/-5031 
f -1408/-1538/-1406 -4511/-4683/-4483 -901/-1011/-907 -695/-799/-708 
f -60/-94/-70 -1575/-1709/-3764 -70/-105/-79 -771/-876/-783 
f -1345/-1475/-1345 -151/-203/-164 -3900/-4072/-3880 -4401/-4573/-4373 
f -2756/-2919/-2744 -3838/-4010/-3819 -666/-769/-678 -125/-172/-136 
f -2174/-2329/-2167 -4531/-4703/-4503 -3382/-3550/-3366 -1357/-1487/-1356 
f -4903/-3943/-4873 -76/-111/-85 -205/-262/-218 -3772/-3942/-3753 
f -2313/-2470/-2306 -1790/-1934/-1784 -3364/-3532/-3348 -3404/-3572/-3388 
f -1542/-1675/-1539 -5042/-5214/-5010 -254/-320/-268 -1210/-1235/-1211 
f -2174/-2329/-2167 -1357/-1487/-1356 -3745/-3914/-3726 -2173/-2328/-2166 
f -52/-85/-61 -2260/-2417/-2254 -2261/-2418/-2255 -1167/-1290/-1170 
f -2261/-2418/-2255 -2258/-2415/-2252 -1308/-1438/-1310 -1306/-1436/-1308 
f -4156/-4328/-4131 -4190/-4362/-4165 -4191/-4363/-4166 -1004/-1119/-1012 
f -4807/-4979/-4778 -186/-243/-201 -2300/-2457/-2293 -2298/-2455/-2291 
f -360/-435/-374 -3626/-3795/-3609 -2718/-2881/-2706 -2719/-2882/-2707 
f -4684/-4856/-4655 -888/-998/-894 -524/-616/-538 -4683/-4855/-4654 
f -1254/-1382/-1256 -1847/-1991/-1841 -205/-262/-218 -153/-206/-166 
f -436/-517/-449 -3033/-3198/-3018 -4352/-4524/-4324 -4353/-4525/-4325 
f -87/-126/-98 -5166/-5338/-5134 -5167/-5339/-5135 -2389/-2548/-2380 
f -2119/-2274/-2112 -4403/-4575/-4375 -2262/-2419/-2256 -2263/-2420/-2257 
f -5167/-5339/-5135 -5164/-5336/-5132 -80/-115/-89 -2390/-2549/-2381 
f -1778/-1922/-1773 -7/-19/-10 -1081/-1201/-1088 -1777/-1921/-1772 
f -2103/-2258/-2097 -4558/-4730/-4529 -1827/-1971/-1821 -1983/-2133/-1977 
f -299/-366/-313 -300/-367/-3307 -6/-18/-9 -3200/-3368/-3186 
f -4707/-4879/-4678 -4708/-4880/-4679 -5102/-5274/-5070 -492/-579/-504 
f -893/-1003/-899 -894/-1004/-900 -904/-1014/-910 -528/-620/-542 
f -583/-678/-597 -59/-93/-69 -3680/-3849/-3662 -582/-677/-596 
f -4565/-4737/-4536 -4566/-4738/-4537 -2541/-2700/-2527 -538/-630/-552 
f -1399/-1529/-1397 -1922/-2071/-1916 -708/-812/-721 -36/-61/-43 
f -401/-480/-414 -402/-481/-415 -3588/-3757/-3572 -469/-555/-481 
f -3517/-3686/-3501 -2653/-2814/-2640 -2654/-2815/-2641 -3516/-3685/-3500 
f -4741/-4913/-4712 -1219/-1343/-1220 -3855/-4027/-3835 -5090/-5262/-5058 
f -2852/-3017/-2837 -2851/-3016/-2836 -4602/-4774/-4573 -4603/-4775/-4574 
f -1645/-1780/-1637 -1992/-2142/-1985 -251/-316/-265 -11/-25/-14 
f -4997/-5169/-4965 -590/-686/-604 -4103/-4275/-4079 -4996/-5168/-4964 
f -1639/-1773/-1631 -972/-1085/-979 -4476/-4648/-4448 -1638/-1772/-1630 
f -4736/-4908/-4707 -198/-255/-211 -287/-354/-302 -823/-930/-831 
f -4298/-4470/-4270 -2458/-2617/-2447 -2166/-2321/-2159 -2167/-2322/-2160 
f -4348/-4520/-4320 -3823/-3995/-3804 -3824/-3996/-3805 -4347/-4519/-4319 
f -2320/-2477/-2312 -671/-774/-683 -672/-775/-684 -2319/-2476/-2311 
f -1925/-2074/-1919 -1473/-1605/-1470 -316/-384/-328 -3300/-3468/-3285 
f -1868/-2012/-1862 -2194/-2350/-2187 -644/-742/-656 -1867/-2011/-1861 
f -1301/-1431/-1303 -3499/-3668/-3483 -5098/-5270/-5066 -928/-1039/-935 
f -1251/-1377/-1253 -59/-93/-69 -583/-678/-597 -237/-302/-252 
f -1582/-1716/-1575 -2942/-3107/-2927 -1178/-1301/-1181 -1179/-1302/-1182 
f -154/-207/-167 -441/-522/-454 -1254/-1382/-1256 -153/-206/-166 
f -3656/-3825/-3638 -2187/-2343/-2180 -2104/-2259/-2098 -2233/-2390/-2227 
f -4944/-5116/-4914 -1753/-1897/-1748 -2102/-2257/-2096 -4946/-5118/-4916 
f -5060/-5232/-5028 -5061/-5233/-5029 -6/-18/-9 -300/-367/-3307 
f -407/-487/-420 -2753/-2916/-2741 -2754/-2917/-2742 -2946/-3111/-2931 
f -3062/-3229/-3048 -4982/-5154/-4950 -793/-899/-804 -5328/-5500/-5295 
f -5168/-5340/-5136 -2774/-2937/-2762 -466/-551/-478 -3111/-3279/-3098 
f -3008/-3173/-2993 -4751/-4923/-4722 -4752/-4924/-4723 -1362/-1492/-1361 
f -216/-274/-229 -824/-931/-832 -311/-379/-323 -310/-378/-322 
f -1821/-1965/-1815 -1818/-1962/-1812 -379/-456/-393 -1040/-1159/-1049 
f -1983/-2133/-1977 -1827/-1971/-1821 -1828/-1972/-1822 -1982/-2132/-1976 
f -395/-474/-409 -4768/-4940/-4739 -4769/-4941/-4740 -1463/-1595/-1460 
f -434/-515/-447 -298/-365/-312 -299/-366/-313 -1720/-1864/-1717 
f -3702/-3871/-3683 -3703/-3872/-3684 -5077/-5249/-5045 -66/-100/-4280 
f -234/-298/-248 -72/-107/-81 -408/-488/-421 -407/-487/-420 
f -4436/-4608/-4408 -564/-657/-577 -764/-868/-776 -4439/-4611/-4411 
f -883/-158/-889 -31/-54/-36 -29/-51/-34 -111/-157/-123 
f -3089/-3256/-3075 -3055/-3220/-3040 -3056/-3221/-3041 -3088/-3255/-3074 
f -793/-899/-804 -4982/-5154/-4950 -4979/-5151/-4947 -5141/-5313/-5109 
f -4103/-4275/-4079 -590/-686/-604 -2127/-2282/-2120 -3989/-4161/-3966 
f -5247/-5419/-5215 -3706/-3875/-3687 -3707/-3876/-3688 -5246/-5418/-5214 
f -286/-353/-301 -3802/-3974/-3783 -1150/-1272/-1154 -1151/-1273/-1155 
f -1366/-1496/-1365 -1365/-1495/-1364 -856/-965/-864 -49/-81/-58 
f -4010/-4182/-3987 -4467/-4639/-4439 -2736/-2899/-2724 -4009/-4181/-3986 
f -250/-315/-3149 -3209/-3377/-3195 -3210/-3378/-3196 -1833/-1977/-1827 
f -1398/-1528/-1396 -58/-92/-68 -4920/-5092/-4890 -265/-332/-280 
f -3547/-3716/-3531 -3548/-3717/-3532 -476/-562/-488 -474/-560/-486 
f -213/-270/-226 -4622/-4794/-4593 -10/-24/-13 -140/-189/-152 
f -4609/-4781/-4580 -179/-236/-194 -3665/-3834/-3647 -4608/-4780/-4579 
f -1561/-1695/-1558 -4654/-4826/-4625 -4655/-4827/-4626 -2554/-2715/-2541 
f -3710/-3879/-3691 -3372/-3540/-3356 -3722/-3891/-3703 -3719/-3888/-3700 
f -798/-904/-808 -558/-651/-571 -559/-652/-572 -797/-903/-807 
f -2697/-2860/-2685 -247/-312/-262 -2267/-2424/-2261 -4662/-4834/-4633 
f -4810/-4982/-4781 -4811/-4983/-4782 -956/-1069/-963 -84/-121/-93 
f -88/-127/-99 -4029/-4201/-4005 -4888/-5060/-4859 -1128/-1249/-1134 
f -3128/-3296/-3115 -3770/-3940/-3751 -99/-143/-112 -3127/-3295/-3114 
f -1470/-1602/-1467 -2718/-2881/-2706 -3626/-3795/-3609 -3627/-3796/-3610 
f -3753/-3922/-3734 -4316/-4488/-4288 -4273/-4445/-4246 -4270/-4442/-4243 
f -5323/-5495/-5290 -224/-285/-237 -551/-644/-564 -3358/-3526/-3342 
f -241/-306/-256 -242/-307/-257 -394/-473/-408 -1848/-1992/-1842 
f -2662/-2823/-2649 -2663/-2824/-2650 -15/-29/-18 -1385/-1515/-1383 
f -3699/-3868/-3680 -1865/-2009/-1859 -1943/-2092/-1937 -2796/-2959/-2783 
f -4055/-4227/-4031 -97/-139/-110 -545/-638/-559 -4058/-4230/-4034 
f -2176/-2331/-2169 -190/-247/-204 -2995/-3160/-2980 -2996/-3161/-2981 
f -5/-17/-8 -642/-740/-3810 -773/-878/-785 -756/-860/-769 
f -342/-411/-353 -2197/-2353/-2190 -4747/-4919/-4718 -345/-414/-356 
f -1777/-1921/-1772 -1081/-1201/-1088 -1902/-2049/-1896 -41/-69/-48 
f -4432/-4604/-4404 -4433/-4605/-4405 -3898/-4070/-3878 -3086/-3253/-3072 
f -1354/-1484/-1353 -2115/-2270/-2108 -444/-525/-457 -1353/-1483/-1352 
f -1828/-1972/-1822 -1942/-2091/-1936 -2679/-2842/-2667 -1982/-2132/-1976 
f -4304/-4476/-4276 -2952/-3117/-2937 -2953/-3118/-2938 -2720/-2883/-2708 
f -501/-590/-514 -947/-1060/-954 -3108/-3276/-3095 -500/-589/-513 
f -678/-16/-690 -7/-19/-10 -642/-740/-3810 -5/-17/-8 
f -643/-741/-655 -649/-748/-661 -693/-797/-706 -4043/-4215/-4019 
f -3619/-3788/-3603 -1216/-1340/-1217 -1217/-1341/-1218 -231/-295/-245 
f -4073/-4245/-4049 -346/-416/-358 -347/-417/-359 -4072/-4244/-4048 
f -2995/-3160/-2980 -20/-35/-23 -955/-1068/-962 -2994/-3159/-2979 
f -3313/-3481/-3297 -1141/-1262/-1146 -313/-381/-325 -3312/-3480/-3296 
f -5172/-5344/-5140 -2607/-2768/-2594 -2283/-2440/-2277 -2437/-2596/-2427 
f -2378/-2537/-2370 -2379/-2538/-2371 -2572/-2733/-2559 -1465/-1597/-1462 
f -540/-563/-554 -2517/-2676/-2503 -1755/-1899/-1750 -1839/-291/-1833 
f -787/-893/-799 -5255/-5427/-5223 -5252/-5424/-5220 -20/-35/-23 
f -210/-267/-223 -2033/-2184/-2026 -2914/-3079/-2899 -2915/-3080/-2900 
f -108/-153/-120 -2433/-2592/-2423 -2434/-2593/-2424 -65/-99/-75 
f -3202/-3370/-3188 -1048/-1168/-1057 -1722/-1866/-1719 -3201/-3369/-3187 
f -408/-488/-421 -42/-70/-49 -1140/-1261/-1145 -1545/-1678/-1542 
f -555/-648/-568 -481/-568/-493 -1190/-1313/-1191 -4862/-5034/-4833 
f -3629/-3798/-3612 -4235/-4407/-4208 -4659/-4831/-4630 -3628/-3797/-3611 
f -3161/-911/-3147 -5033/-155/-5001 -3866/-4038/-3846 -3867/-4039/-3847 
f -1088/-1208/-1095 -1988/-2138/-1982 -778/-883/-790 -3783/-3955/-3764 
f -426/-507/-439 -1712/-1856/-1709 -2375/-2534/-2367 -25/-44/-29 
f -691/-795/-704 -1406/-1536/-1404 -597/-693/-610 -652/-751/-664 
f -3439/-15/-3423 -4280/-4452/-4253 -4337/-4509/-4309 -4338/-4510/-4310 
f -3856/-4028/-3836 -3451/-3619/-3435 -14/-28/-17 -5093/-5265/-5061 
f -3439/-15/-3423 -4338/-4510/-4310 -665/-768/-677 -3438/-21/-3422 
f -969/-1082/-976 -2788/-2951/-2776 -2789/-2952/-2776 -968/-1081/-975 
f -3760/-3930/-3741 -3991/-4163/-3968 -3992/-4164/-3969 -1841/-1985/-1835 
f -3808/-3980/-3789 -4123/-4295/-4098 -4145/-4317/-4120 -4181/-4353/-4156 
f -1229/-1354/-1231 -970/-37/-977 -175/-231/-190 -1228/-1353/-1230 
f -4822/-4994/-4793 -4823/-4995/-4794 -3009/-3174/-2994 -3103/-3271/-3090 
f -4062/-4234/-4038 -713/-817/-726 -4201/-4373/-4176 -3528/-3697/-3512 
f -1302/-1432/-1304 -114/-161/-4597 -1884/-2028/-1877 -62/-96/-72 
f -2152/-2307/-2145 -2139/-2294/-2132 -2927/-3092/-2912 -2151/-2306/-2144 
f -688/-792/-701 -686/-790/-699 -5250/-5422/-5218 -5251/-5423/-5219 
f -2220/-2376/-2213 -2601/-2762/-2588 -911/-1021/-917 -2219/-2375/-2212 
f -3900/-4072/-3880 -3901/-4073/-3881 -4400/-4572/-4372 -4401/-4573/-4373 
f -2096/-2251/-2090 -493/-580/-505 -494/-581/-506 -2095/-2250/-2089 
f -1256/-1384/-1258 -1257/-1385/-1259 -819/-926/-827 -818/-925/-826 
f -1421/-1553/-1420 -384/-463/-398 -4940/-5112/-4910 -4937/-5109/-4907 
f -4638/-4810/-4609 -2964/-3129/-2949 -2229/-2385/-2222 -3094/-3262/-3081 
f -3743/-3912/-3724 -109/-154/-121 -2472/-2631/-2459 -3742/-3911/-3723 
f -1766/-1910/-1761 -3902/-4074/-3882 -3899/-4071/-3879 -487/-574/-499 
f -1530/-1663/-1527 -281/-348/-296 -265/-332/-280 -1529/-1662/-1526 
f -1740/-1884/-1735 -3362/-3530/-3346 -2012/-2162/-2005 -3686/-3855/-3668 
f -2014/-2164/-2007 -1158/-1280/-1162 -1156/-1278/-1160 -854/-963/-862 
f -4950/-5122/-4920 -4947/-5119/-4917 -1077/-1197/-1084 -866/-975/-873 
f -837/-945/-845 -3253/-3421/-3239 -1625/-1759/-1617 -4086/-4258/-4062 
f -789/-895/-3007 -4223/-4395/-4196 -5270/-5442/-5238 -788/-894/-800 
f -3375/-3543/-3359 -194/-251/-208 -4139/-4311/-4114 -4136/-4308/-4111 
f -3978/-4150/-3955 -3979/-4151/-3956 -3620/-3789/-3604 -3621/-3790/-4116 
f -4637/-4809/-4608 -479/-566/-491 -521/-613/-535 -4636/-4808/-4607 
f -2880/-3045/-2865 -102/-147/-115 -3325/-3493/-3309 -3322/-3490/-3306 
f -1373/-1503/-1372 -4792/-4964/-4763 -3186/-3354/-3172 
f -752/-856/-765 -3970/-4142/-3947 -3971/-4143/-3948 -139/-188/-151 
f -3342/-3510/-3326 -4770/-4942/-4741 -4771/-4943/-4742 -933/-1045/-940 
f -4341/-4513/-4313 -3780/-1165/-3761 -4344/-4516/-4316 
f -1888/-2033/-1881 -523/-14/-537 -1887/-2032/-1880 
f -1932/-2081/-1926 -4296/-4468/-4268 -4840/-5012/-4811 -4354/-4526/-4326 
f -4343/-4515/-4315 -4344/-4516/-4316 -1886/-2031/-1879 
f -2700/-2863/-2688 -2697/-2860/-2685 -4662/-4834/-4633 -4663/-4835/-4634 
f -1070/-1190/-1077 -1823/-1967/-1817 -1890/-2035/-1883 -1092/-1212/-1099 
f -523/-615/-537 -82/-118/-91 -522/-614/-536 
f -1888/-119/-1881 -3777/-3949/-3758 -3778/-3950/-3759 
f -3047/-3212/-3032 -670/-773/-682 -1912/-2061/-1907 -3046/-3211/-3031 
f -368/-444/-382 -3899/-4071/-3879 -3900/-4072/-3880 -151/-203/-164 
f -4089/-4261/-4065 -315/-383/-327 -316/-384/-328 -1473/-1605/-1470 
f -3616/-3785/-3600 -629/-727/-643 -3809/-3981/-3790 -3806/-3978/-3787 
f -3375/-3543/-3359 -3374/-3542/-3358 -1663/-1803/-1659 -1664/-1804/-1660 
f -33/-56/-38 -1844/-1988/-1838 -2874/-3039/-2859 -34/-57/-39 
f -320/-388/-331 -317/-385/-3996 -409/-489/-422 -2116/-2271/-2109 
f -3909/-4081/-3888 -11/-25/-14 -1198/-1321/-1199 -4197/-4369/-4172 
f -5335/-5507/-5302 -5336/-5508/-5303 -3314/-3482/-3298 -3315/-3483/-3299 
f -2543/-2704/-2530 -4071/-4243/-4047 -4072/-4244/-4048 -1192/-1315/-1193 
f -2545/-2706/-2532 -2761/-2924/-2749 -5233/-5405/-5201 -5234/-5406/-5202 
f -76/-13/-85 -4903/-5075/-4873 -4900/-5072/-4870 -2188/-2344/-2181 
f -1168/-1291/-1171 -1457/-1589/-1454 -1607/-1741/-1599 -1608/-1742/-1600 
f -466/-551/-478 -2774/-2937/-2762 -2775/-2938/-2763 -2460/-2619/-2729 
f -4601/-4773/-4572 -4976/-5148/-4944 -1263/-1391/-1265 -141/-191/-153 
f -2300/-2457/-2293 -186/-243/-201 -241/-306/-256 -1848/-1992/-1842 
f -2833/-2998/-3163 -1536/-1669/-1533 -3176/-3344/-3162 -3177/-3345/-3163 
f -3004/-3169/-2989 -452/-534/-465 -214/-271/-227 -3972/-4144/-3949 
f -4287/-4459/-4259 -2623/-2784/-2610 -4873/-5045/-4844 -3410/-3578/-3394 
f -3604/-3773/-3588 -2372/-2531/-2364 -2373/-2532/-2365 -4593/-4765/-4564 
f -3312/-3480/-3296 -1375/-1505/-1374 -1372/-1502/-1371 -3311/-3479/-3295 
f -4044/-4216/-4020 -2817/-2982/-2803 -643/-741/-655 -4043/-4215/-4019 
f -4066/-4238/-4042 -2862/-3027/-2847 -2863/-3028/-2848 -4065/-4237/-4041 
f -1445/-1577/-1443 -1864/-2008/-1858 -3579/-3748/-3563 -3578/-3747/-3562 
f -4143/-4315/-4118 -3594/-3763/-3578 -2298/-2455/-2291 -2299/-2456/-2292 
f -5298/-5470/-5265 -5295/-5467/-5262 -5081/-5253/-5049 -1909/-2058/-1904 
f -4095/-4267/-4071 -1991/-2141/-1984 -3652/-3821/-3634 -4094/-4266/-4070 
f -602/-698/-615 -341/-410/-352 -4746/-4918/-4717 -2196/-2352/-2189 
f -1207/-1330/-1208 -1503/-1636/-1500 -568/-661/-581 -1206/-1329/-1207 
f -16/-31/-19 -1013/-1130/-1021 -1014/-1131/-1022 -19/-34/-22 
f -949/-1062/-956 -2269/-2426/-2263 -2268/-2425/-2262 -948/-1061/-955 
f -770/-875/-782 -1554/-1688/-1551 -1555/-1689/-1552 -890/-1000/-896 
f -730/-834/-743 -1112/-1232/-1119 -2556/-2717/-2543 -3509/-3678/-3493 
f -2569/-2730/-2556 -3280/-3448/-3265 -3281/-3449/-3266 -4387/-4559/-4359 
f -5213/-5385/-5181 -2034/-2185/-2027 -4966/-5138/-4935 -1361/-1491/-1360 
f -2685/-2848/-2673 -2686/-2849/-2674 -3538/-3707/-3522 -573/-666/-586 
f -3807/-3979/-3788 -207/-264/-220 -2548/-2709/-2535 -3806/-3978/-3787 
f -2377/-2536/-2369 -2236/-2393/-2230 -444/-525/-457 -2115/-2270/-2108 
f -4703/-4875/-4674 -634/-732/-648 -4542/-4714/-4923 -4543/-4715/-4514 
f -608/-59/-41 -720/-12/-733 -225/-286/-238 -35/-58/-40 
f -3918/-4090/-3896 -1358/-1488/-1357 -346/-416/-358 -4073/-4245/-4049 
f -2052/-2203/-2045 -2053/-2204/-2046 -3568/-3737/-3552 -3565/-3734/-3549 
f -2726/-2889/-2714 -1146/-1268/-1151 -32/-55/-37 -5000/-5172/-4968 
f -2764/-2927/-2752 -2542/-2703/-2529 -1191/-1314/-1192 -536/-628/-550 
f -271/-338/-286 -1270/-1399/-1272 -4091/-4263/-4067 -2165/-2320/-2158 
f -63/-97/-73 -4866/-5038/-4837 -4867/-5039/-4838 -621/-717/-634 
f -113/-160/-125 -1809/-1953/-1803 -2898/-3063/-2883 -3129/-3297/-3116 
f -1790/-1934/-1784 -1281/-1410/-1283 -990/-1105/-998 -1789/-1933/-1783 
f -4116/-4288/-4091 -2577/-2738/-2564 -4151/-4323/-4126 -5066/-5238/-5034 
f -2039/-2190/-2032 -4054/-4226/-4030 -4051/-4223/-4027 -1427/-1559/-1426 
f -4306/-4478/-4278 -4307/-4479/-4279 -2345/-2504/-2337 -2773/-2936/-2761 
f -84/-121/-93 -502/-591/-515 -500/-589/-513 -2799/-2962/-2786 
f -1559/-1693/-1556 -3942/-4114/-3920 -3940/-4112/-3918 -1558/-1692/-1555 
f -3781/-3953/-3762 -61/-95/-71 -3266/-3434/-3251 -3267/-3435/-3252 
f -1341/-1471/-1341 -1354/-1484/-1353 -1615/-1749/-1607 -1340/-1470/-1340 
f -1690/-1832/-1686 -1680/-1822/-1676 -1382/-1512/-1380 -1689/-1831/-1685 
f -2403/-2562/-5122 -2970/-3135/-2955 -3165/-3333/-3151 -3166/-3334/-3152 
f -4139/-4311/-4114 -194/-251/-208 -3182/-3350/-3168 -3183/-3351/-3169 
f -4295/-4467/-4267 -871/-980/-878 -868/-977/-875 -4678/-11/-7 
f -4810/-4982/-4781 -84/-121/-93 -2799/-2962/-2786 -2797/-2960/-2784 
f -1183/-1306/-1186 -2011/-2161/-2004 -2442/-2601/-2432 -2001/-2151/-1994 
f -4452/-4624/-4424 -4453/-4625/-4425 -2506/-2665/-2492 -197/-254/-724 
f -4133/-4305/-4108 -3054/-3219/-3039 -326/-394/-337 -4132/-4304/-4107 
f -2237/-2394/-2231 -4159/-4331/-4134 -4160/-4332/-4135 -452/-534/-465 
f -597/-693/-610 -3906/-4078/-3932 -668/-771/-680 -4265/-4437/-4238 
f -485/-572/-497 -383/-462/-397 -384/-463/-398 -744/-848/-757 
f -63/-97/-73 -4021/-4193/-3997 -4568/-4740/-4539 -4866/-5038/-4837 
f -3999/-4171/-3976 -5221/-5393/-5189 -1193/-1316/-1194 -4002/-4174/-3979 
f -618/-10/-6 -1162/-48/-3969 -5143/-5315/-5111 -4234/-4406/-4207 
f -4859/-5031/-4830 -4140/-4312/-4115 -2494/-2653/-2481 -4858/-5030/-4829 
f -2789/-2952/-2776 -1116/-1237/-1123 -2223/-2379/-2216 -968/-1081/-975 
f -4323/-4495/-4295 -4844/-5016/-4815 -5024/-5196/-4992 -4423/-4595/-4395 
f -1877/-2021/-1870 -158/-212/-171 -895/-1005/-901 -1879/-2023/-1872 
f -4007/-4179/-3984 -4008/-4180/-3985 -3288/-3456/-3273 -2157/-2312/-2150 
f -5038/-5210/-5006 -271/-338/-286 -456/-538/-469 -1908/-2055/-1902 
f -127/-174/-138 -5184/-5356/-5152 -3352/-3520/-3336 -534/-626/-548 
f -475/-561/-487 -3679/-3848/-3661 -3680/-3849/-3662 -59/-93/-69 
f -3839/-4011/-3820 -352/-423/-365 -3693/-3862/-3675 -1442/-1574/-1441 
f -146/-198/-159 -2435/-2594/-2425 -2436/-2595/-2426 -4/-9/-5 
f -353/-424/-366 -1279/-1408/-1281 -142/-192/-154 -508/-597/-521 
f -3148/-3316/-3135 -3560/-3729/-3544 -3317/-3485/-3301 -3314/-3482/-3298 
f -2214/-2370/-2207 -3919/-4091/-3897 -2815/-2980/-4711 -1978/-2128/-1972 
f -418/-498/-431 -758/-862/-771 -759/-863/-772 -601/-697/-614 
f -2805/-2968/-2792 -28/-49/-33 -4356/-4528/-4328 -135/-183/-147 
f -4791/-4963/-4762 -2948/-3113/-2933 -2290/-2447/-2284 -4790/-4962/-4761 
f -810/-917/-818 -4743/-4915/-4714 -86/-125/-97 -9/-23/-12 
f -1187/-1310/-3917 -417/-497/-430 -418/-498/-431 -601/-697/-614 
f -4381/-4553/-4353 -805/-912/-813 -3233/-3401/-3219 -1035/-1154/-1044 
f -53/-86/-62 -332/-400/-343 -94/-136/-107 -134/-182/-146 
f -371/-447/-385 -2496/-2655/-2483 -2497/-2656/-2484 -4616/-4788/-4587 
f -678/-781/-690 -5/-8/-8 -200/-257/-213 -677/-780/-689 
f -618/-10/-6 -4234/-4406/-4207 -215/-272/-228 -567/-273/-580 
f -4400/-4572/-4372 -3433/-3601/-3417 -2760/-2923/-2748 -4399/-4571/-4371 
f -2051/-2202/-2044 -2048/-2199/-2041 -2163/-2318/-2156 -2164/-2319/-2157 
f -1971/-2120/-1965 -769/-874/-781 -924/-1035/-931 -1970/-2119/-1964 
f -246/-311/-261 -3328/-3496/-3312 -2965/-3130/-2950 -389/-468/-403 
f -4225/-4397/-4198 -2913/-3078/-2898 -750/-854/-763 -378/-455/-392 
f -1272/-1401/-1274 -1271/-1400/-1273 -17/-32/-20 -18/-33/-21 
f -333/-401/-344 -1800/-1944/-1794 -94/-136/-107 -332/-400/-343 
f -4615/-4787/-4586 -2085/-2240/-2079 -135/-183/-147 -679/-783/-692 
f -1876/-2020/-1869 -246/-311/-261 -279/-346/-294 -398/-477/-412 
f -2559/-2720/-2546 -3988/-4160/-3965 -3989/-4161/-3966 -2127/-2282/-2120 
f -878/-987/-884 -4857/-5029/-4828 -4858/-5030/-4829 -877/-986/-883 
f -5318/-5490/-5285 -350/-420/-362 -351/-421/-363 -4912/-5084/-4882 
f -89/-128/-100 -181/-238/-196 -4030/-4202/-4006 -4029/-4201/-4005 
f -1124/-1245/-1130 -1125/-1246/-1131 -180/-237/-195 -335/-404/-346 
f -4233/-4405/-4206 -3908/-4080/-3887 -3905/-4077/-3885 -1407/-1537/-1405 
f -4815/-4987/-4786 -4128/-4300/-4103 -1030/-1147/-1038 -4814/-4986/-4785 
f -5340/-5512/-5307 -166/-221/-180 -1267/-1396/-1269 -1861/-2005/-1855 
f -167/-222/-181 -3101/-3269/-3088 -1267/-1396/-1269 -166/-221/-180 
f -2988/-3153/-2973 -667/-770/-679 -443/-524/-456 -2987/-3152/-2972 
f -4590/-4762/-4561 -4832/-5004/-4803 -4829/-5001/-4800 -4589/-4761/-4560 
f -3427/-3595/-3411 -3428/-3596/-3412 -98/-141/-111 -1571/-1705/-1565 
f -491/-578/-503 -2299/-2456/-2292 -3872/-4044/-3852 -3873/-4045/-3853 
f -6/-18/-9 -5061/-5233/-5029 -3676/-3845/-3658 -3677/-3846/-3659 
f -8/-20/-11 -132/-180/-144 -749/-853/-762 -2587/-2748/-2574 
f -4246/-4418/-4219 -4247/-4419/-4220 -2591/-2752/-2578 -1538/-1671/-1535 
f -1504/-1637/-1501 -1064/-1184/-1072 -1693/-1837/-1690 -12/-26/-15 
f -4761/-4933/-4732 -4758/-4930/-4729 -410/-490/-423 -74/-109/-83 
f -1870/-72/-51 -2142/-2297/-2135 -2143/-2298/-2136 -1878/-2022/-1871 
f -1948/-2097/-1942 -1862/-2006/-1856 -831/-938/-838 -4179/-4351/-4154 
f -2091/-2246/-2085 -3036/-3201/-3021 -3037/-3202/-3022 -565/-658/-578 
f -1494/-484/-417 -4408/-4580/-4380 -30/-52/-35 -929/-53/-936 
f -1781/-1925/-1776 -3655/-3824/-3637 -2230/-2387/-2224 -1780/-1924/-1775 
f -338/-407/-349 -3/-7/-4 -143/-193/-155 -1656/-1795/-1651 
f -944/-1057/-951 -5224/-5396/-5192 -4650/-4822/-4621 -4651/-4823/-4622 
f -1971/-2120/-1965 -3727/-3896/-3708 -1554/-1688/-1551 -770/-875/-782 
f -2337/-2496/-2329 -5272/-5444/-5240 -3796/-3968/-3777 -1005/-1120/-1013 
f -1411/-1541/-1409 -2008/-2158/-2001 -3773/-3945/-3754 -1220/-1344/-1221 
f -1119/-1240/-1126 -4367/-4539/-4339 -4368/-4540/-4340 -873/-982/-879 
f -2027/-2178/-2020 -454/-536/-467 -861/-970/-869 -3458/-3626/-3442 
f -4588/-4760/-4559 -4417/-4589/-4389 -2945/-3110/-2930 -4587/-4759/-4558 
f -3232/-3400/-3218 -4166/-4338/-4141 -2286/-2443/-2280 -2643/-2804/-2630 
f -468/-553/-480 -1090/-1210/-1097 -4486/-4658/-4458 -370/-446/-384 
f -2381/-2540/-2373 -2382/-2541/-2374 -1960/-2109/-1954 -1961/-2110/-1955 
f -4842/-5014/-4813 -4843/-5015/-4814 -341/-410/-352 -602/-698/-615 
f -1060/-1180/-1068 -4242/-4414/-4215 -4243/-4415/-4216 -1059/-1179/-1067 
f -3210/-3378/-3196 -3211/-3379/-3197 -627/-725/-641 -628/-726/-642 
f -5035/-5207/-5003 -1199/-1322/-1200 -3645/-3814/-3627 -5034/-5206/-5002 
f -788/-894/-800 -5270/-5442/-5238 -5271/-5443/-5239 -486/-573/-498 
f -1367/-1497/-1366 -1368/-1498/-1367 -701/-805/-714 -393/-472/-407 
f -4629/-4801/-4600 -3715/-3884/-3696 -3716/-3885/-3697 -4628/-4800/-4599 
f -4428/-4600/-4400 -4024/-4196/-4000 -5245/-5417/-5213 -4431/-4603/-4403 
f -47/-78/-56 -645/-743/-657 -2195/-2351/-2188 -957/-1070/-964 
f -2/-6/-3 -1760/-1904/-1755 -2140/-2295/-2133 -2141/-2296/-2134 
f -2419/-2578/-2409 -2819/-2984/-2805 -2820/-2985/-2806 -280/-347/-295 
f -1036/-1155/-1045 -672/-775/-684 -1292/-1422/-1294 -619/-715/-632 
f -5339/-5511/-5306 -1860/-2004/-1854 -1013/-1130/-1021 -16/-31/-19 
f -3308/-3476/-3292 -3861/-4033/-3841 -3862/-4034/-3842 -3307/-3475/-3291 
f -5074/-5246/-5042 -4890/-5062/-4860 -4887/-5059/-4858 
f -546/-639/-560 -544/-637/-558 -1006/-1121/-1014 -1072/-1192/-1079 
f -1778/-1922/-1773 -3829/-4001/-3810 -642/-740/-3810 -7/-19/-10 
f -3647/-40/-3629 -3418/-3586/-3402 -4282/-4454/-4255 -3650/-2122/-3632 
f -3474/-3642/-3458 -185/-242/-200 -1019/-1136/-1027 -1928/-2077/-1922 
f -2209/-2365/-2202 -3306/-3474/-3290 -3307/-3475/-3291 -2208/-2364/-2201 
f -5075/-5247/-5043 -2647/-2808/-2634 -661/-763/-2804 
f -973/-1087/-980 -85/-122/-94 -377/-453/-391 -975/-1089/-982 
f -708/-812/-721 -3471/-3639/-3455 -3472/-3640/-3456 -36/-61/-43 
f -805/-912/-813 -1691/-1833/-1687 -266/-333/-281 -3669/-3838/-3651 
f -4827/-4999/-4798 -4098/-4270/-4074 -4454/-4626/-4426 -4826/-4998/-4797 
f -3000/-3165/-2985 -5052/-5224/-5020 -5053/-5225/-5021 -2999/-3164/-2984 
f -1953/-2102/-1947 -1950/-2099/-1944 -3351/-3519/-3335 -5185/-5357/-5153 
f -33/-56/-38 -3075/-3242/-3061 -2553/-2714/-2540 -1844/-1988/-1838 
f -609/-705/-622 -56/-89/-65 -1423/-1555/-1422 -575/-668/-588 
f -2717/-2880/-2705 -2718/-2881/-2706 -1470/-1602/-1467 -736/-840/-749 
f -3532/-3701/-3516 -3658/-3827/-3640 -3659/-3828/-3641 -3531/-3700/-3515 
f -3563/-3732/-3547 -3564/-3733/-3548 -3959/-4131/-3936 -3960/-4132/-3937 
f -1056/-1176/-2917 -2111/-2266/-4715 -26/-46/-31 -207/-264/-220 
f -17/-32/-20 -5338/-5510/-5305 -5339/-5511/-5306 -16/-31/-19 
f -4081/-4253/-4057 -73/-108/-82 -161/-215/-174 -3102/-3270/-3089 
f -3166/-3334/-3152 -3164/-3332/-3150 -662/-764/-673 -794/-900/-1632 
f -1136/-1257/-1141 -760/-864/-4928 -4019/-4191/-3995 -4020/-4192/-3996 
f -4053/-4225/-4029 -4054/-4226/-4030 -2956/-3121/-2941 -2957/-3122/-2942 
f -722/-826/-735 -763/-867/-775 -4378/-4550/-4350 -147/-199/-160 
f -1116/-1237/-1123 -2789/-2952/-2776 -2787/-2950/-2775 -68/-102/-77 
f -1130/-1251/-1136 -1131/-1252/-1137 -728/-832/-741 -729/-833/-742 
f -399/-478/-2123 -2422/-2581/-2412 -2423/-2582/-2413 -1819/-1963/-1813 
f -1035/-1154/-1044 -2911/-3076/-2896 -4384/-4556/-4356 -4381/-4553/-4353 
f -1933/-2082/-1927 -1418/-1550/-1417 -2206/-2362/-2199 -1346/-1476/-1346 
f -2637/-2798/-2624 -591/-687/-605 -1317/-1447/-1319 -1318/-1448/-1320 
f -2970/-3135/-2955 -2968/-3133/-2953 -2772/-2935/-2760 -3165/-3333/-3151 
f -3556/-3725/-3540 -4987/-5159/-4955 -4988/-5160/-4956 -4681/-4853/-4652 
f -3948/-4120/-4497 -2776/-2939/-2764 -3558/-3727/-3542 -3949/-4121/-3926 
f -1072/-1192/-1079 -1073/-1193/-1080 -1451/-1583/-1448 -546/-639/-560 
f -548/-641/-562 -2333/-2492/-2326 -2334/-2493/-2327 -470/-556/-482 
f -3208/-3376/-3194 -22/-38/-25 -2875/-3040/-2860 -2876/-3041/-2861 
f -4481/-4653/-4453 -592/-688/-4454 -593/-689/-606 -4480/-4652/-4452 
f -2523/-2682/-2509 -2337/-2496/-2329 -1005/-1120/-1013 -1255/-1383/-1257 
f -1415/-1547/-1414 -1413/-1545/-1412 -2265/-2422/-2259 -2262/-2419/-2256 
f -4714/-4886/-4685 -1380/-1510/-1378 -2200/-2356/-2193 -4713/-4885/-4684 
f -3416/-3584/-3400 -3882/-4054/-3862 -1548/-1681/-1545 -2580/-2741/-2567 
f -331/-399/-342 -1230/-1355/-1232 -979/-1093/-986 -150/-202/-163 
f -1887/-184/-1880 -845/-953/-853 -1166/-1289/-1169 -913/-1024/-920 
f -720/-12/-733 -717/-682/-730 -587/-683/-601 -225/-286/-238 
f -323/-391/-334 -340/-409/-351 -2431/-2590/-2421 -322/-390/-333 
f -2810/-2975/-2797 -274/-5/-289 -275/-190/-290 -1331/-1461/-1332 
f -4886/-5058/-4857 -31/-4/-2 -883/-993/-889 -4885/-5057/-4856 
f -201/-258/-214 -1642/-1777/-1634 -1643/-1778/-1635 -160/-214/-173 
f -4322/-4494/-4294 -1853/-1997/-1847 -1854/-1998/-1848 -4321/-4493/-4293 
f -5293/-5465/-5260 -3611/-3780/-3595 -3612/-3781/-3596 -1973/-2123/-1967 
f -4434/-4606/-4406 -5036/-5208/-5004 -5037/-5209/-5005 -4433/-4605/-4405 
f -1121/-1242/-4836 -1118/-1239/-1125 -1609/-1743/-1601 -1610/-1744/-1602 
f -1111/-1231/-1118 -1511/-1644/-1508 -1509/-1642/-1506 -422/-503/-435 
f -765/-869/-777 -474/-560/-486 -1248/-1374/-1250 -1249/-1375/-1251 
f -2810/-2975/-2797 -2811/-2976/-2798 -2098/-1793/-2092 -274/-5/-289 
f -198/-255/-211 -67/-101/-76 -1095/-1215/-1102 -656/-755/-668 
f -3778/-3950/-3759 -95/-137/-108 -96/-138/-109 -82/-118/-91 
f -4268/-4440/-4241 -447/-529/-460 -610/-706/-623 -4269/-4441/-4242 
f -2880/-3045/-2865 -3723/-3892/-3704 -1701/-1845/-1698 -102/-147/-115 
f -2624/-2785/-2611 -4284/-4456/-4619 -3405/-3573/-3389 -3406/-3574/-3390 
f -2252/-2409/-2246 -4916/-5088/-4886 -4913/-5085/-4883 -1007/-1122/-1015 
f -256/-323/-271 -123/-170/-134 -3343/-3511/-3327 -1252/-1378/-1254 
f -1462/-1594/-1459 -916/-1027/-923 -939/-1052/-946 -1461/-1593/-1458 
f -3412/-3580/-3396 -44/-75/-53 -907/-1017/-913 -3411/-3579/-3395 
f -625/-723/-639 -1798/-1942/-1792 -3026/-3191/-3011 -2887/-3052/-2872 
f -148/-200/-161 -5259/-5431/-5227 -2372/-2531/-2364 -3604/-3773/-3588 
f -2921/-3086/-2906 -4730/-4902/-4701 -771/-876/-783 -70/-105/-79 
f -435/-516/-448 -1132/-1253/-1138 -623/-719/-636 -91/-130/-102 
f -983/-1097/-990 -984/-1098/-991 -282/-349/-297 -2360/-2519/-2352 
f -2954/-3119/-2939 -4620/-4792/-4591 -4621/-4793/-4592 -2953/-3118/-2938 
f -3618/-3787/-3602 -5014/-5186/-4982 -5015/-5187/-4983 -3391/-3559/-3375 
f -3018/-3183/-3003 -906/-1016/-912 -2453/-2612/-2442 -2454/-2613/-2443 
f -1387/-1517/-1385 -458/-540/-471 -420/-501/-433 -3032/-3197/-3017 
f -1563/-1697/-1560 -2062/-2213/-2055 -13/-27/-16 -1562/-1696/-1559 
f -15/-29/-18 -9/-23/-12 -86/-125/-97 -39/-67/-46 
f -814/-921/-822 -131/-179/-143 -4813/-4985/-4784 -4814/-4986/-4785 
f -3126/-3294/-3113 -664/-767/-676 -2448/-2607/-2437 -3125/-3293/-3112 
f -245/-310/-260 -1015/-1132/-1023 -1054/-1174/-1063 -445/-527/-458 
f -635/-733/-649 -191/-248/-205 -259/-326/-274 -260/-327/-275 
f -4520/-4692/-4492 -4521/-4693/-4493 -1/-3/-1 -307/-374/-319 
f -2047/-2198/-2040 -4501/-4673/-4473 -4502/-4674/-4474 -2046/-2197/-2039 
f -3225/-3393/-3211 -150/-202/-163 -1401/-1531/-1399 -3224/-3392/-3210 
f -451/-533/-464 -306/-373/-318 -2288/-2445/-2282 -450/-532/-463 
f -321/-389/-332 -322/-390/-333 -2374/-2533/-2366 -1713/-1857/-1710 
f -825/-932/-833 -1855/-1999/-1849 -311/-379/-323 -824/-931/-832 
f -419/-499/-432 -3283/-3451/-3268 -2630/-2791/-2617 -577/-670/-590 
f -5206/-5378/-5174 -1284/-1413/-1286 -3442/-3610/-3426 -3449/-3617/-3433 
f -921/-1032/-928 -4/-9/-5 -2436/-2595/-2426 -2284/-2441/-2278 
f -1117/-1238/-1124 -1116/-1237/-1123 -68/-102/-77 -138/-187/-150 
f -2222/-2378/-2215 -1117/-1238/-1124 -391/-470/-405 -1508/-1641/-1505 
f -1158/-1280/-1162 -925/-1036/-932 -1588/-1722/-1581 -1585/-1719/-1578 
f -3918/-4090/-3896 -4073/-4245/-4049 -4074/-4246/-4050 -3917/-4089/-3895 
f -1225/-1349/-1226 -1226/-1350/-1227 -611/-707/-624 -574/-667/-587 
f -996/-1111/-1004 -463/-548/-475 -2558/-2719/-2545 -2394/-2553/-2385 
f -1376/-1506/-1375 -2130/-2285/-2123 -2131/-2286/-2124 -122/-169/-133 
f -202/-259/-215 -2041/-2192/-2034 -2473/-2632/-2460 -2861/-3026/-2846 
f -4629/-4801/-4600 -4626/-4798/-4597 -114/-161/-4597 -152/-204/-165 
f -1938/-2087/-1932 -3751/-3920/-3732 -4823/-4995/-4794 -4824/-4996/-4795 
f -3092/-3259/-3078 -2539/-2698/-2525 -2893/-3058/-2878 -461/-545/-474 
f -2688/-2851/-2676 -1086/-1206/-1093 -2125/-2280/-2118 -2687/-2850/-2675 
f -2332/-2491/-2325 -1202/-1325/-1203 -712/-816/-725 -1394/-1524/-1392 
f -2230/-2387/-2224 -3655/-3824/-3637 -3656/-3825/-3638 -2233/-2390/-2227 
f -800/-906/-809 -174/-230/-189 -792/-898/-803 -4682/-4854/-4653 
f -561/-654/-574 -142/-192/-154 -1279/-1408/-1281 -1280/-1409/-1282 
f -5017/-5189/-4985 -1062/-1182/-1070 -4560/-4732/-4531 -5016/-5188/-4984 
f -863/-972/-871 -5071/-5243/-5039 -3635/-3804/-3617 -2296/-2453/-2289 
f -2476/-2635/-2463 -5131/-5303/-5099 -5128/-5300/-5096 -3130/-3298/-3117 
f -5311/-5483/-5278 -224/-285/-237 -5323/-5495/-5290 -5324/-5496/-5291 
f -5298/-5470/-5265 -1909/-2058/-1904 -806/-605/-814 -807/-2/-815 
f -332/-400/-343 -53/-86/-62 -783/-888/-795 -987/-1101/-994 
f -3/-7/-4 -4177/-4349/-4152 -144/-196/-157 -143/-193/-155 
f -4622/-4794/-4593 -213/-270/-226 -214/-271/-227 -4625/-4797/-4596 
f -4624/-4796/-4595 -4625/-4797/-4596 -4160/-4332/-4135 -4157/-4329/-4132 
f -3842/-4014/-4757 -1478/-1610/-1475 -1479/-1611/-1476 -2758/-2921/-2746 
f -1151/-1273/-1155 -823/-930/-831 -287/-354/-302 -286/-353/-301 
f -2499/-2658/-2486 -4551/-4723/-4522 -4552/-4724/-4523 -1085/-1205/-1092 
f -1512/-1645/-1509 -1513/-1646/-1510 -105/-150/-823 -1410/-1540/-1408 
f -1311/-1441/-1313 -788/-894/-800 -486/-573/-498 -1314/-1444/-1316 
f -1068/-1188/-1075 -4664/-4836/-4635 -2353/-2512/-2345 -801/-907/-810 
f -1445/-1577/-1443 -4618/-4790/-4589 -4193/-4365/-4168 -1864/-2008/-1858 
f -3760/-3930/-3741 -1841/-1985/-1835 -1838/-1982/-1832 -3759/-3929/-3740 
f -510/-599/-523 -1488/-1620/-1485 -966/-1079/-973 -2058/-2209/-2051 
f -473/-559/-485 -2159/-2314/-2152 -2373/-2532/-2365 -2370/-2529/-2362 
f -1663/-228/-187 -3374/-22/-3358 -2812/-2977/-2799 -2813/-2978/-2800 
f -1998/-2148/-1991 -5247/-5419/-5215 -5244/-5416/-5212 -4371/-4543/-4343 
f -5019/-5191/-4987 -1286/-1415/-1288 -2259/-2416/-2253 -2260/-2417/-2254 
f -902/-1012/-908 -41/-69/-48 -2717/-2880/-2705 -736/-840/-749 
f -2135/-2290/-2128 -2136/-2291/-2129 -2066/-2217/-2059 -1231/-1356/-1233 
f -989/-1104/-997 -1867/-2011/-1861 -644/-742/-656 -659/-430/-371 
f -744/-848/-757 -384/-463/-398 -1421/-1553/-1420 -743/-847/-756 
f -1489/-1621/-1486 -1310/-1440/-1312 -404/-483/-1432 -967/-1080/-974 
f -2587/-2748/-2574 -2588/-2749/-2575 -1312/-1442/-1314 -8/-20/-11 
f -1829/-1973/-1823 -1830/-1974/-1824 -276/-343/-291 -4528/-4700/-4500 
f -3071/-3238/-3057 -2218/-2374/-2211 -3275/-3443/-3260 -3171/-3339/-3157 
f -1504/-1637/-1501 -12/-26/-15 -4598/-4770/-4569 -4599/-4771/-4570 
f -3672/-3841/-3654 -1891/-2036/-1884 -232/-296/-246 -3258/-3426/-3243 
f -3138/-3306/-3125 -854/-963/-862 -1556/-1690/-1553 -3137/-3305/-3124 
f -3034/-3199/-3019 -372/-448/-386 -3946/-4118/-3924 -3947/-4119/-3925 
f -948/-1061/-955 -2268/-2425/-2262 -4199/-4371/-4174 -4200/-4372/-4175 
f -320/-388/-331 -2729/-2892/-2717 -448/-530/-461 -319/-387/-330 
f -5298/-5470/-5265 -807/-2/-815 -275/-342/-290 -5297/-5469/-5264 
f -4347/-4519/-4319 -3824/-3996/-3805 -1021/-1138/-1029 -559/-652/-572 
f -3422/-3590/-3406 -3419/-3587/-3403 -1552/-1686/-1549 -5239/-5411/-5207 
f -2584/-2745/-2571 -3944/-4116/-3922 -4461/-4633/-4433 -445/-527/-458 
f -1191/-1314/-1192 -2144/-2299/-2137 -2145/-2300/-2138 -536/-628/-550 
f -2656/-2817/-2643 -1627/-1761/-1619 -1628/-1762/-1620 -2655/-2816/-2642 
f -561/-654/-574 -1492/-1624/-1489 -2521/-2680/-2507 -142/-192/-154 
f -5148/-5320/-5116 -5149/-5321/-5117 -5123/-5295/-5091 -5124/-5296/-5092 
f -1786/-1930/-1780 -790/-896/-801 -5107/-5279/-5075 -5108/-5280/-5076 
f -5165/-5337/-5133 -4853/-5025/-4824 -79/-114/-88 -5164/-5336/-5132 
f -3820/-3992/-3801 -2029/-2180/-2022 -718/-822/-731 -3819/-3991/-3800 
f -516/-542/-529 -457/-539/-470 -1591/-1725/-1584 -806/-913/-814 
f -960/-1073/-967 -696/-800/-709 -1124/-1245/-1130 -335/-404/-346 
f -2478/-2637/-2465 -747/-851/-760 -386/-465/-400 -387/-466/-401 
f -1245/-1371/-1247 -3662/-3831/-3644 -4530/-4702/-4502 -2171/-2326/-2164 
f -2126/-2281/-2119 -2125/-2280/-2118 -1812/-1956/-1806 -1497/-1630/-1494 
f -4250/-4422/-4223 -4251/-4423/-4224 -1432/-1564/-1431 -1171/-1294/-1174 
f -3317/-3485/-3301 -3560/-3729/-3544 -3557/-3726/-3541 -1880/-2024/-1873 
f -5274/-5446/-5242 -1763/-1907/-1758 -413/-493/-426 -5273/-5445/-5241 
f -1845/-1989/-1839 -1846/-1990/-1840 -1664/-1804/-1660 -1665/-1805/-1661 
f -4928/-5100/-4898 -472/-558/-484 -686/-790/-699 -4927/-5099/-4897 
f -1635/-1769/-1627 -1639/-1773/-1631 -1636/-1770/-1628 -1634/-1768/-1626 
f -119/-166/-130 -566/-659/-579 -132/-180/-144 -8/-20/-11 
f -1042/-1161/-1051 -1043/-1162/-1052 -1082/-1202/-1089 -864/-973/-4550 
f -856/-965/-864 -1129/-1250/-1135 -1126/-1247/-1132 -49/-81/-58 
f -2618/-2779/-2605 -4744/-4916/-4715 -1672/-1814/-1668 -3341/-3509/-3325 
f -47/-78/-56 -957/-1070/-964 -479/-566/-491 -4637/-4809/-4608 
f -3827/-3999/-3808 -1283/-1412/-1285 -1284/-1413/-1286 -162/-216/-175 
f -1376/-1506/-1375 -1377/-1507/-4513 -2309/-2466/-2302 -2130/-2285/-2123 
f -1260/-1388/-1262 -3387/-3555/-3371 -468/-553/-480 -370/-446/-384 
f -2429/-2043/-1890 -503/-592/-516 -3657/-3826/-3639 -3654/-3823/-3636 
f -2026/-2177/-2019 -3459/-3627/-3443 -1699/-1843/-1696 -2770/-2933/-2758 
f -1955/-2104/-1949 -1287/-1416/-1289 -2579/-2740/-2566 -1954/-2103/-1948 
f -1560/-1694/-1557 -1351/-1481/-4940 -1352/-1482/-1351 -325/-393/-336 
f -1562/-1696/-1559 -13/-27/-16 -874/-983/-880 -875/-984/-881 
f -1625/-1759/-1617 -3253/-3421/-3239 -3254/-3422/-3240 -170/-225/-184 
f -2435/-2594/-2425 -136/-185/-148 -588/-684/-602 -2438/-2597/-2428 
f -1568/-1702/-1562 -362/-438/-376 -3735/-3904/-3716 -1567/-1701/-4858 
f -2519/-2678/-2505 -733/-837/-746 -3841/-4013/-3822 -2757/-2920/-2745 
f -112/-159/-124 -1574/-1708/-1568 -2859/-3024/-2844 -2860/-3025/-2845 
f -2932/-3097/-2917 -145/-197/-158 -146/-198/-159 -4/-9/-5 
f -1164/-1287/-1167 -4527/-4699/-4499 -2080/-2235/-2074 -2077/-2232/-2071 
f -1154/-1276/-1158 -116/-163/-127 -1120/-1241/-1127 -1153/-1275/-1157 
f -653/-752/-665 -671/-774/-683 -2320/-2477/-2312 -1569/-1703/-1563 
f -3991/-4163/-3968 -3760/-3930/-3741 -3758/-3927/-3739 -1719/-1863/-1716 
f -3525/-3694/-3509 -3526/-3695/-3510 -2/-6/-3 -2141/-2296/-2134 
f -4892/-5064/-4862 -5265/-5437/-5233 -5266/-5438/-5234 -4891/-5063/-4861 
f -3565/-3734/-3549 -3566/-3735/-3550 -2807/-2971/-2794 -849/-958/-857 
f -272/-339/-287 -714/-818/-727 -715/-819/-728 -89/-128/-100 
f -78/-113/-87 -1268/-1397/-1270 -1269/-1398/-1271 -1134/-1255/-1141 
f -1338/-1468/-1338 -4066/-4238/-4042 -4063/-4235/-4039 -277/-344/-292 
f -1681/-1823/-1677 -229/-293/-243 -27/-47/-32 -71/-106/-80 
f -2612/-2773/-2599 -2633/-2794/-2620 -2634/-2795/-2621 -1265/-1393/-1267 
f -1834/-1978/-1828 -366/-442/-380 -50/-83/-59 -1837/-1981/-1831 
f -727/-831/-740 -1468/-1600/-1465 -2234/-2391/-2228 -660/-762/-672 
f -292/-359/-306 -2035/-2186/-2028 -3244/-3412/-3230 -430/-511/-443 
f -4511/-4683/-4483 -4512/-4684/-4484 -1776/-1920/-1771 -901/-1011/-907 
f -813/-920/-821 -814/-921/-822 -4814/-4986/-4785 -1030/-1147/-1038 
f -3868/-4040/-3848 -3869/-4041/-3849 -3188/-3356/-3174 -2650/-2811/-2637 
f -5232/-5404/-5200 -3284/-3452/-3269 -673/-776/-685 -1047/-1167/-1056 
f -4605/-4777/-4576 -1/-3/-1 -4521/-4693/-4493 -1113/-1233/-1120 
f -857/-966/-865 -1756/-1900/-1751 -1757/-1901/-1752 -45/-76/-54 
f -182/-239/-197 -1325/-1455/-1327 -1326/-1456/-1328 -1648/-1783/-1640 
f -4470/-4642/-4442 -4007/-1151/-3984 -2157/-584/-509 -2287/-2444/-2281 
f -797/-903/-807 -1028/-1145/-1036 -5220/-5392/-5188 -796/-902/-806 
f -1010/-1125/-1018 -5144/-5316/-5112 -5334/-5506/-5301 -4953/-5125/-4923 
f -4138/-4310/-4113 -4837/-5009/-4808 -4838/-5010/-4809 -4137/-4309/-4112 
f -4838/-5010/-4809 -4280/-526/-4253 -3439/-3607/-3423 -4137/-4309/-4112 
f -5236/-5408/-5204 -5237/-5409/-5205 -1576/-1710/-1569 -1577/-1711/-1570 
f -2901/-3066/-2886 -4038/-4210/-4014 -4039/-4211/-4015 -3058/-3225/-3044 
f -1757/-1901/-1752 -1913/-2062/-1908 -1145/-1267/-1150 -45/-76/-54 
f -1981/-2131/-1975 -2150/-2305/-2143 -2151/-2306/-2144 -2094/-2249/-2088 
f -2694/-2857/-2682 -4396/-4568/-4368 -2526/-2685/-2512 -2693/-2856/-2681 
f -67/-101/-76 -198/-255/-211 -4736/-4908/-4707 -4737/-4909/-4708 
f -39/-67/-46 -86/-125/-97 -2618/-2779/-2605 -2617/-2778/-2604 
f -3298/-3466/-3283 -4224/-4396/-4197 -4225/-4397/-4198 -378/-455/-392 
f -782/-887/-794 -1211/-1335/-1212 -1212/-1336/-1213 -321/-389/-332 
f -4068/-4240/-4044 -206/-263/-219 -2480/-2639/-2467 -3725/-3894/-3706 
f -3361/-3529/-3345 -2465/-2624/-2452 -5148/-5320/-5116 -5124/-5296/-5092 
f -2133/-2288/-2126 -1816/-1960/-1810 -1817/-1961/-1811 -2134/-2289/-2127 
f -78/-113/-87 -93/-135/-106 -290/-357/-1526 -1268/-1397/-1270 
f -1934/-2083/-1928 -4297/-4469/-4269 -1418/-1550/-1417 -1933/-2082/-1927 
f -553/-646/-566 -676/-779/-688 -3921/-4093/-3899 -3922/-4094/-3900 
f -4506/-4678/-4478 -1407/-1537/-1405 -1405/-1535/-1403 -633/-731/-647 
f -3181/-3349/-3167 -3178/-3346/-3164 -836/-944/-844 -4135/-4307/-4110 
f -1561/-1695/-1558 -1562/-1696/-1559 -875/-984/-881 -4654/-4826/-4625 
f -4176/-4348/-4151 -4173/-4345/-4148 -3705/-3874/-3686 -3162/-3330/-3148 
f -944/-1057/-951 -2870/-3035/-2855 -5227/-5399/-5195 -5224/-5396/-5192 
f -2665/-2826/-2652 -197/-254/-724 -3871/-4043/-3851 -4984/-5156/-4952 
f -5005/-5177/-4973 -3207/-3375/-3193 -3208/-3376/-3194 -2876/-3041/-2861 
f -699/-610/-532 -698/-133/-104 -3595/-3764/-3579 -3596/-3765/-3580 
f -1084/-1204/-1091 -3365/-3533/-3349 -1553/-1687/-1550 -3340/-3508/-3324 
f -4706/-4878/-4677 -4703/-4875/-4674 -4543/-4715/-4514 -3355/-3523/-3339 
f -61/-95/-71 -772/-877/-784 -497/-586/-511 -3266/-3434/-3251 
f -337/-406/-348 -2808/-2973/-2795 -2809/-2974/-2796 -2411/-2570/-2401 
f -2354/-2513/-2346 -462/-547/-3906 -5276/-5448/-5244 -4238/-4410/-4211 
f -927/-1038/-934 -3477/-3646/-3461 -3475/-3643/-3459 -926/-1037/-933 
f -56/-89/-65 -609/-705/-622 -610/-706/-623 -446/-528/-459 
f -1338/-1468/-1338 -1337/-1467/-1337 -2862/-3027/-2847 -4066/-4238/-4042 
f -2928/-3093/-2913 -2925/-3090/-2910 -346/-416/-358 -2096/-2251/-2090 
f -329/-397/-340 -3010/-3175/-2995 -3011/-3176/-2996 -3106/-3274/-3093 
f -3420/-3588/-3404 -2274/-2431/-2268 -515/-604/-528 -692/-796/-705 
f -5011/-5183/-4979 -5012/-5184/-4980 -2977/-3142/-2962 -838/-946/-846 
f -453/-535/-466 -1368/-1498/-1367 -4188/-4360/-4163 -942/-1055/-949 
f -1247/-1373/-1249 -3775/-3947/-3756 -934/-1047/-941 -284/-351/-299 
f -15/-29/-18 -39/-67/-46 -40/-68/-47 -35/-58/-40 
f -3793/-3965/-3774 -2836/-3001/-2821 -3554/-3723/-3538 -3555/-3724/-3539 
f -3048/-3213/-3033 -3049/-3214/-3034 -1758/-1902/-1753 -1304/-1434/-1306 
f -1350/-1480/-1350 -2088/-2243/-2082 -1022/-1139/-1030 -1349/-1479/-1349 
f -4698/-4870/-4669 -4493/-4665/-4465 -4494/-4666/-4466 -4697/-4869/-4668 
f -4027/-4199/-4003 -3477/-45/-30 -37/-64/-44 -4026/-4198/-4002 
f -377/-453/-391 -1466/-1598/-1463 -1467/-1599/-1464 -512/-601/-525 
f -1840/-1984/-1834 -663/-765/-674 -3294/-766/-675 -3291/-633/-3276 
f -5281/-5453/-5249 -5282/-5454/-5250 -5085/-5257/-5053 -5082/-5254/-5050 
f -1659/-1798/-1654 -227/-289/-241 -908/-1018/-914 -1658/-1797/-1653 
f -4034/-4206/-4010 -1179/-1302/-1182 -1177/-1300/-1180 -1032/-1149/-1040 
f -70/-105/-79 -1097/-1217/-1104 -2920/-3085/-2905 -2921/-3086/-2906 
f -3398/-3566/-3382 -638/-736/-651 -517/-608/-530 -4644/-4816/-4615 
f -863/-972/-871 -864/-973/-4550 -5070/-5242/-5038 -5071/-5243/-5039 
f -2860/-3025/-2845 -1621/-1755/-1613 -887/-997/-893 -112/-159/-124 
f -1288/-1417/-1290 -3704/-3873/-3685 -3701/-3870/-3682 -2578/-2739/-2565 
f -1144/-1266/-1149 -822/-929/-830 -1152/-1274/-1156 -425/-506/-438 
f -2744/-2907/-2732 -2873/-3038/-2858 -1845/-1989/-1839 -1665/-1805/-1661 
f -1732/-1876/-1727 -1539/-1672/-1536 -111/-157/-123 -29/-51/-34 
f -18/-33/-21 -19/-34/-22 -21/-36/-24 -103/-148/-116 
f -3482/-3651/-3466 -3483/-3652/-3467 -1815/-1959/-1809 -1816/-1960/-1810 
f -1168/-1291/-1171 -2843/-3008/-2828 -1762/-1906/-1757 -1457/-1589/-1454 
f -3298/-3466/-3283 -378/-455/-392 -2887/-3052/-2872 -3297/-3465/-3282 
f -2833/-2998/-3163 -3177/-3345/-3163 -2884/-3049/-2869 -2885/-3050/-2870 
f -4687/-4859/-4658 -4688/-4860/-4659 -1376/-1506/-1375 -122/-169/-133 
f -1878/-2022/-1871 -1879/-2023/-1872 -755/-859/-768 -1550/-1683/-1547 
f -1197/-1320/-1198 -3215/-3383/-3201 -3213/-3381/-3199 -2378/-2537/-2370 
f -643/-741/-655 -1137/-1258/-1142 -2550/-2711/-2537 -649/-748/-661 
f -812/-919/-820 -810/-917/-818 -9/-23/-12 -203/-260/-216 
f -451/-533/-464 -448/-530/-461 -2729/-2892/-2717 -2730/-2893/-2718 
f -2703/-2866/-2691 -222/-283/-235 -3681/-3850/-3663 
f -11/-25/-14 -251/-316/-265 -297/-364/-311 -1198/-1321/-1199 
f -348/-418/-360 -1017/-1134/-1025 -1016/-1133/-1024 -347/-417/-359 
f -14/-28/-17 -3451/-3619/-3435 -4242/-4414/-4215 -1060/-1180/-1068 
f -177/-233/-192 -83/-120/-92 -2752/-2915/-2740 -1544/-1677/-1541 
f -4528/-4700/-4500 -276/-343/-291 -2080/-2235/-2074 -4527/-4699/-4499 
f -1861/-2005/-1855 -2990/-3155/-2975 -835/-943/-843 -1860/-2004/-1854 
f -3131/-3299/-3118 -3132/-3300/-3119 -932/-1044/-939 -3191/-3359/-3177 
f -505/-594/-518 -3239/-3407/-3225 -3240/-3408/-3226 
f -382/-459/-395 -3479/-3648/-3463 -2267/-2424/-2261 -247/-312/-262 
f -164/-219/-178 -4571/-4743/-4542 -402/-481/-415 -403/-482/-416 
f -3894/-4066/-3874 -4049/-4221/-4025 -2123/-2278/-2116 -3893/-4065/-3873 
f -1940/-2089/-1934 -3602/-3771/-3586 -4499/-4671/-4471 -4500/-4672/-4472 
f -1898/-2045/-1892 -4591/-4763/-4562 -4592/-4764/-4563 -1964/-2113/-1958 
f -2508/-2667/-2494 -2509/-2668/-2495 -285/-352/-300 -38/-66/-45 
f -283/-350/-298 -1386/-1516/-1384 -587/-683/-601 -2673/-2834/-2660 
f -224/-285/-237 -1915/-2064/-1910 -1400/-1530/-1398 -551/-644/-564 
f -2479/-2638/-2466 -2480/-2639/-2467 -5059/-5231/-5027 -5060/-5232/-5028 
f -3736/-3905/-3717 -631/-729/-645 -1567/-1701/-4858 -3735/-3904/-3716 
f -848/-956/-856 -4778/-4950/-4749 -4779/-4951/-4750 -1679/-1821/-1675 
f -174/-230/-189 -220/-281/-233 -4324/-4496/-4296 -792/-898/-803 
f -3365/-3533/-3349 -1084/-1204/-1091 -3042/-3207/-3027 -3368/-3536/-3352 
f -455/-537/-468 -456/-538/-469 -2162/-2317/-2155 -110/-156/-122 
f -4660/-4832/-4631 -216/-274/-229 -4821/-4993/-4792 -4822/-4994/-4793 
f -1487/-1619/-1484 -1488/-1620/-1485 -510/-599/-523 -115/-162/-126 
f -5/-8/-8 -756/-90/-66 -156/-210/-169 -200/-257/-213 
f -3210/-3378/-3196 -628/-726/-642 -1832/-1976/-1826 -1833/-1977/-1827 
f -3508/-3677/-3492 -4604/-4776/-4575 -4605/-4777/-4576 -1113/-1233/-1120 
f -5103/-5275/-5071 -600/-696/-613 -492/-579/-504 -5102/-5274/-5070 
f -3738/-3907/-3719 -3735/-3904/-3716 -362/-438/-376 -1881/-2025/-1874 
f -1383/-1513/-1381 -2622/-2783/-2609 -2619/-2780/-2606 -2239/-2396/-2233 
f -1387/-1517/-1385 -3076/-3243/-3062 -457/-539/-470 -458/-540/-471 
f -3880/-4052/-3860 -573/-666/-586 -3538/-3707/-3522 -3879/-4051/-3859 
f -876/-985/-882 -1705/-1849/-1702 -1706/-1850/-1703 -1733/-1877/-1728 
f -3875/-4047/-3855 -1773/-1917/-1768 -1774/-1918/-1769 -3874/-4046/-3854 
f -1336/-1466/-1336 -1334/-1464/-1334 -1104/-1224/-1111 -584/-63/-598 
f -3359/-3527/-3343 -3356/-3524/-3340 -4170/-4342/-4145 -3549/-3718/-3533 
f -2297/-2454/-2290 -1631/-1765/-1623 -4767/-4939/-4738 -4087/-4259/-4063 
f -3204/-3372/-3190 -2628/-2789/-2615 -1340/-1470/-1340 -3203/-3371/-3189 
f -705/-809/-718 -2305/-2462/-2298 -272/-339/-287 -88/-127/-99 
f -2864/-3029/-2849 -706/-810/-719 -365/-441/-379 -2863/-3028/-2848 
f -2715/-2878/-2703 -467/-552/-479 -3684/-3853/-3666 -2714/-2877/-2702 
f -2701/-1394/-2689 -2702/-1/-2690 -992/-1107/-1000 -1266/-1395/-1268 
f -2871/-3036/-2856 -2872/-3037/-2857 -1123/-1244/-1129 
f -2069/-2222/-2063 -1122/-1243/-1128 -293/-360/-307 
f -3536/-3705/-3520 -1924/-2073/-1918 -1370/-1500/-1369 -3535/-3704/-3519 
f -2904/-3069/-2889 -312/-380/-324 -1142/-1263/-1147 -2907/-3072/-2892 
f -2978/-3143/-2963 -2291/-2448/-2285 -54/-87/-63 -1962/-2111/-1956 
f -1931/-2080/-1925 -1911/-2060/-1906 -64/-98/-74 -1930/-2079/-1924 
f -910/-1020/-916 -1250/-1376/-1252 -1251/-1377/-1253 -237/-302/-252 
f -94/-136/-107 -1510/-1643/-1507 -527/-619/-541 -134/-182/-146 
f -5269/-5441/-5237 -4222/-4394/-4419 -4706/-4878/-4677 -3355/-3523/-3339 
f -1611/-1745/-1603 -2365/-2524/-2357 -1630/-1764/-1622 -1631/-1765/-1623 
f -700/-804/-713 -701/-805/-714 -1368/-1498/-1367 -453/-535/-466 
f -522/-614/-536 -82/-118/-91 -96/-138/-109 -482/-569/-494 
f -683/-787/-696 -1636/-1770/-1628 -1637/-1771/-1629 -682/-786/-695 
f -2806/-2970/-2793 -882/-991/-888 -3816/-3988/-3797 -3814/-3986/-3795 
f -1140/-1261/-1145 -42/-70/-49 -530/-622/-544 -1139/-1260/-1144 
f -1598/-1732/-1591 -75/-110/-84 -2427/-2586/-2417 -1597/-1731/-1590 
f -1068/-1188/-1075 -885/-995/-891 -3695/-3864/-3790 -1067/-1187/-4276 
f -277/-344/-292 -4063/-4235/-4039 -1543/-1676/-1540 -2079/-2234/-2073 
f -2972/-3137/-2957 -2973/-3138/-2958 -258/-325/-273 -2393/-2552/-2384 
f -3336/-3504/-3320 -44/-75/-53 -1559/-1693/-1556 -1676/-1818/-1672 
f -3766/-3936/-3747 -1622/-1756/-1614 -3260/-3428/-3245 -3261/-3429/-3246 
f -2564/-2725/-2551 -2565/-2726/-2552 -842/-950/-850 -169/-224/-183 
f -525/-617/-539 -1859/-2003/-1853 -1894/-2039/-1887 -1895/-2040/-1888 
f -1693/-1837/-1690 -1694/-1838/-1691 -1579/-1713/-1572 -12/-26/-15 
f -3062/-3229/-3048 -3061/-3228/-3047 -374/-450/-388 -4230/-4402/-4203 
f -327/-395/-338 -3445/-3613/-3429 -1855/-1999/-1849 -825/-932/-833 
f -3864/-4036/-3844 -994/-1109/-1002 -159/-213/-172 -3577/-3746/-3561 
f -4040/-4212/-4016 -3759/-124/-96 -5048/-5220/-5016 -4039/-4211/-4015 
f -3657/-3826/-3639 -2186/-2342/-2179 -2187/-2343/-2180 -3656/-3825/-3638 
f -1743/-1887/-1738 -123/-170/-134 -256/-323/-271 -4036/-4208/-4012 
f -1714/-1858/-1711 -4632/-4804/-4603 -4633/-4805/-4604 -782/-887/-794 
f -2198/-2354/-2191 -2869/-3034/-2854 -945/-1058/-952 -2199/-2355/-2192 
f -4067/-4239/-4043 -1093/-1213/-1100 -1831/-1975/-1825 -4070/-4242/-4046 
f -705/-809/-718 -88/-127/-99 -1128/-1249/-1134 -1129/-1250/-1135 
f -211/-268/-224 -5302/-5474/-5269 -2914/-3079/-2899 -2031/-2182/-2024 
f -4453/-4625/-4425 -2737/-2900/-2725 -2505/-2664/-2491 -2506/-2665/-2492 
f -4712/-4884/-4683 -4713/-4885/-4684 -3372/-3540/-3356 -3373/-3541/-3357 
f -3497/-3666/-3481 -230/-294/-244 -231/-295/-245 -1217/-1341/-1218 
f -2608/-2769/-2595 -2609/-2770/-2596 -437/-518/-450 -1242/-1368/-4969 
f -3089/-3256/-3075 -3230/-3398/-3216 -1600/-1734/-1593 -3055/-3220/-3040 
f -2388/-278/-2379 -543/-146/-557 -264/-331/-279 -388/-467/-402 
f -916/-1027/-923 -4132/-4304/-4107 -326/-394/-337 -939/-1052/-946 
f -1031/-1148/-1039 -1989/-2139/-1983 -1695/-1839/-1692 -1692/-1836/-1689 
f -2624/-2785/-2611 -3926/-4098/-3904 -3923/-4095/-3901 -2623/-2784/-2610 
f -3610/-3779/-3594 -3553/-3722/-3537 -3550/-3719/-3534 -3609/-3778/-3593 
f -2935/-3100/-2920 -2932/-3097/-2917 -4/-9/-5 -921/-1032/-928 
f -3609/-3778/-3593 -3550/-3719/-3534 -192/-249/-206 -636/-734/-3537 
f -69/-103/-78 -118/-165/-129 -5246/-5418/-5214 -3707/-3876/-3688 
f -3463/-3631/-3447 -3460/-3628/-3444 -2702/-2865/-2690 -3240/-3408/-3226 
f -133/-181/-145 -3/-7/-4 -338/-407/-349 -336/-405/-347 
f -4161/-4333/-4136 -4162/-4334/-4137 -244/-309/-259 -3073/-3240/-3059 
f -4886/-5058/-4857 -930/-1041/-937 -929/-1040/-936 -31/-4/-2 
f -127/-174/-138 -534/-626/-548 -92/-134/-105 -2042/-2193/-2035 
f -2443/-2602/-2433 -4943/-5115/-4913 -5195/-5367/-5163 -5192/-5364/-5160 
f -4928/-5100/-4898 -4925/-5097/-4895 -1369/-1499/-1368 -2049/-2200/-2042 
f -537/-629/-551 -669/-772/-681 -3452/-3620/-3436 -1193/-1316/-1194 
f -3329/-3497/-3313 -2964/-3129/-2949 -2965/-3130/-2950 -3328/-3496/-3312 
f -3015/-3180/-3000 -3016/-3181/-3001 -126/-173/-137 -2043/-2194/-2036 
f -73/-108/-82 -269/-336/-284 -4369/-4541/-4341 -4370/-4542/-4342 
f -586/-681/-600 -4969/-5141/-4938 -5166/-5338/-5134 -87/-126/-98 
f -2325/-2482/-2317 -4539/-4711/-4511 -4540/-4712/-4512 -2023/-2173/-2016 
f -133/-181/-145 -4180/-4352/-4155 -4177/-4349/-4152 -3/-7/-4 
f -10/-24/-13 -4622/-4794/-4593 -4623/-4795/-4594 -762/-866/-774 
f -1900/-2047/-1894 -1897/-2044/-1891 -43/-71/-50 -524/-616/-538 
f -911/-1021/-917 -2601/-2762/-2588 -2602/-2763/-2589 -767/-871/-779 
f -5191/-5363/-5159 -3597/-3766/-3581 -3268/-3436/-3253 -5190/-5362/-5158 
f -5279/-5451/-5247 -5276/-5448/-5244 -462/-547/-3906 -463/-548/-475 
f -3376/-3544/-3360 -1916/-2065/-1911 -1871/-2015/-1865 -900/-1010/-906 
f -228/-292/-242 -585/-680/-599 -586/-681/-600 -87/-126/-98 
f -2/-6/-3 -3526/-3695/-3510 -1759/-1903/-1754 -1760/-1904/-1755 
f -4569/-4741/-4540 -3002/-3167/-2987 -3590/-3759/-3574 -4572/-4744/-4543 
f -4657/-4829/-4628 -4980/-5152/-4948 -1223/-1347/-1224 -1546/-1679/-1543 
f -658/-758/-670 -781/-886/-793 -133/-181/-145 -336/-405/-347 
f -783/-888/-795 -53/-86/-62 -785/-890/-797 -952/-1065/-959 
f -4548/-4720/-4519 -753/-857/-766 -493/-580/-505 -1358/-1488/-1357 
f -4089/-4261/-4065 -4090/-4262/-4066 -1094/-1214/-1101 -315/-383/-327 
f -5082/-5254/-5050 -799/-905/-3063 -879/-988/-885 -5281/-5453/-5249 
f -4308/-4480/-4280 -2740/-2903/-2728 -2344/-2503/-2336 -4307/-4479/-4279 
f -2265/-2422/-2259 -1413/-1545/-1412 -1361/-1491/-1360 -2440/-2599/-2430 
f -4852/-5024/-4823 -4849/-5021/-4820 -5067/-5239/-5035 -1161/-1283/-1165 
f -5073/-5245/-5041 -547/-640/-561 -1155/-1277/-1159 -5072/-5244/-5040 
f -1285/-1414/-1287 -1286/-1415/-1288 -5019/-5191/-4987 -5020/-5192/-4988 
f -1580/-1714/-1573 -3784/-3956/-3765 -3967/-4139/-3944 -3968/-4140/-3945 
f -1774/-1918/-1769 -1771/-1915/-1766 -2561/-2722/-2548 -2560/-2721/-2547 
f -874/-983/-880 -13/-27/-16 -27/-47/-32 -229/-293/-243 
f -3066/-3233/-3052 -3063/-3230/-3049 -1188/-1311/-1189 -482/-569/-494 
f -3124/-3292/-3111 -2022/-2172/-2015 -2854/-3019/-2839 -2813/-2978/-2800 
f -160/-214/-173 -1643/-1778/-1635 -1425/-1557/-1424 -305/-372/-4103 
f -515/-604/-528 -620/-716/-633 -1293/-1423/-1295 -1688/-1830/-1684 
f -982/-1096/-989 -983/-1097/-990 -196/-253/-210 -421/-502/-434 
f -4791/-4963/-4762 -1109/-1229/-1116 -2950/-3115/-2935 -2948/-3113/-2933 
f -5104/-5276/-5072 -1455/-1587/-1452 -1342/-1472/-1342 -1343/-1473/-1343 
f -4577/-4749/-4548 -151/-203/-164 -1345/-1475/-1345 -290/-357/-1526 
f -4585/-4757/-4556 -380/-457/-394 -97/-139/-110 -2888/-3053/-2873 
f -2395/-2554/-2386 -5330/-5502/-5297 -996/-1111/-1004 -2394/-2553/-2385 
f -163/-217/-176 -57/-91/-67 -489/-576/-501 -962/-1075/-969 
f -73/-108/-82 -4370/-4542/-4342 -4024/-4196/-4000 -161/-215/-174 
f -5095/-5267/-5063 -2591/-2752/-2578 -4247/-4419/-4220 -5094/-5266/-5062 
f -1725/-1869/-1722 -120/-167/-131 -3383/-3551/-3367 -4532/-4704/-4504 
f -3490/-3659/-3474 -3491/-3660/-3475 -10/-24/-13 -762/-866/-774 
f -3990/-4162/-3967 -4666/-4838/-4637 -4667/-4839/-4638 -860/-969/-868 
f -2828/-2993/-2814 -182/-239/-197 -1648/-1783/-1640 -2827/-2992/-2813 
f -481/-568/-493 -3511/-3680/-3495 -1114/-1234/-1121 -1190/-1313/-1191 
f -189/-246/-1707 -4821/-4993/-4792 -216/-274/-229 -310/-378/-322 
f -2782/-2945/-2770 -4047/-4219/-4023 -2736/-2899/-2724 -1096/-1216/-1103 
f -923/-1034/-930 -613/-709/-626 -614/-710/-627 -711/-815/-724 
f -199/-256/-212 -157/-211/-170 -1073/-1193/-1080 -1074/-1194/-1081 
f -1041/-1160/-1050 -726/-830/-739 -725/-829/-738 -1043/-1162/-1052 
f -1079/-1199/-1086 -570/-663/-583 -257/-324/-272 -2986/-3151/-2971 
f -1650/-1785/-1642 -5258/-5430/-5226 -1175/-1298/-1178 -1176/-1299/-1179 
f -3216/-3384/-3202 -3110/-3278/-3097 -1842/-1986/-1836 -3219/-3387/-3205 
f -2390/-2549/-2381 -80/-115/-89 -68/-102/-77 -2787/-2950/-2775 
f -5118/-5290/-5086 -3060/-3227/-3046 -3059/-3226/-3045 -5121/-5293/-5089 
f -447/-529/-460 -4268/-4440/-4241 -903/-1013/-909 -1675/-1817/-1671 
f -1272/-1401/-1274 -18/-33/-21 -103/-148/-116 -3834/-4006/-3815 
f -2307/-2464/-2300 -54/-87/-63 -2291/-2448/-2285 -2292/-2449/-2286 
f -3708/-3877/-3689 -3131/-3299/-3118 -69/-103/-78 -3707/-3876/-3688 
f -1366/-1496/-1365 -49/-81/-58 -48/-80/-57 -1728/-1872/-1724 
f -3199/-3367/-3185 -3200/-3368/-3186 -6/-18/-9 -3677/-3846/-3659 
f -102/-147/-115 -1701/-1845/-1698 -623/-719/-636 -2358/-2517/-2350 
f -3891/-4063/-3871 -174/-230/-189 -800/-906/-809 -3289/-3457/-3274 
f -1675/-1817/-1671 -4797/-4969/-4768 -4798/-4970/-4769 -447/-529/-460 
f -4796/-4968/-4767 -2728/-2891/-2716 -588/-684/-602 -136/-185/-148 
f -2497/-2656/-2484 -2804/-2967/-2791 -2085/-2240/-2079 
f -28/-49/-33 -2805/-2968/-2792 -3779/-3951/-3760 
f -2802/-2965/-2789 -95/-137/-108 -3778/-3950/-3759 
f -2803/-2966/-2790 -2498/-2657/-2485 -511/-600/-524 
f -2137/-2292/-2130 -3822/-3994/-3803 -3823/-3995/-3804 -847/-955/-855 
f -633/-731/-647 -1405/-1535/-1403 -690/-794/-703 -3122/-3290/-3109 
f -595/-691/-608 -278/-345/-293 -1642/-1777/-1634 -201/-258/-214 
f -3587/-3756/-3571 -2759/-2922/-2747 -1952/-2101/-1946 -1003/-1118/-1011 
f -1037/-1156/-1046 -438/-519/-451 -4951/-5123/-4921 -4952/-5124/-4922 
f -937/-1050/-944 -208/-265/-221 -381/-458/-4556 -4695/-4867/-4666 
f -925/-1036/-932 -1158/-1280/-1162 -2014/-2164/-2007 -2015/-2165/-2008 
f -724/-828/-737 -4056/-4228/-4032 -4057/-4229/-4033 -1452/-1584/-1449 
f -3201/-3369/-3187 -1720/-1864/-1717 -299/-366/-313 -3200/-3368/-3186 
f -4361/-4533/-4333 -2214/-2370/-2207 -1978/-2128/-1972 -4360/-4532/-4332 
f -699/-803/-712 -4580/-4752/-4551 -5159/-5331/-5127 -5156/-5328/-5124 
f -657/-757/-669 -658/-758/-670 -647/-745/-659 -4186/-4358/-4161 
f -4002/-4174/-3979 -3453/-3621/-3437 -3090/-3257/-3076 -4001/-4173/-3978 
f -1753/-1897/-1748 -4944/-5116/-4914 -2601/-2762/-2588 -2220/-2376/-2213 
f -2138/-2293/-2131 -1634/-1768/-1626 -1636/-1770/-1628 -683/-787/-696 
f -2650/-2811/-2637 -3188/-3356/-3174 -615/-711/-628 -130/-178/-142 
f -1083/-1203/-1090 -725/-829/-738 -749/-853/-762 -132/-180/-144 
f -2656/-2817/-2643 -363/-439/-377 -364/-440/-378 -1627/-1761/-1619 
f -4807/-4979/-4778 -2298/-2455/-2291 -3594/-3763/-3578 -4806/-4978/-4777 
f -4605/-4777/-4576 -4602/-4774/-4573 -1667/-1807/-1663 -1/-3/-1 
f -4198/-4370/-4173 -5260/-5432/-5228 -5261/-5433/-5229 -1391/-1521/-1389 
f -623/-719/-636 -1701/-1845/-1698 -1702/-1846/-1699 -91/-130/-102 
f -412/-492/-425 -528/-620/-542 -3633/-3802/-3616 -411/-491/-424 
f -4219/-4391/-4193 -3986/-4158/-3963 -2322/-2479/-2314 -4218/-4390/-4192 
f -892/-1002/-898 -1022/-1139/-1030 -1023/-1140/-1031 -254/-65/-268 
f -2878/-3043/-2863 -4689/-4861/-4660 -4690/-4862/-4661 -2877/-3042/-2862 
f -361/-437/-375 -2719/-2882/-2707 -2716/-2879/-2704 -1903/-2050/-1897 
f -236/-300/-250 -2512/-2671/-2498 -4864/-5036/-4835 -1024/-1141/-1032 
f -678/-16/-690 -1080/-1200/-1087 -1081/-1201/-1088 -7/-19/-10 
f -1290/-1420/-1292 -2100/-2255/-2094 -3395/-3563/-3379 -1687/-1829/-1683 
f -399/-478/-2123 -1819/-1963/-1813 -1820/-1964/-1814 -743/-847/-756 
f -4295/-4467/-4267 -4678/-11/-7 -4679/-721/-4650 -4294/-4466/-4266 
f -50/-79/-59 -47/-78/-56 -4637/-4809/-4608 -4634/-4806/-4605 
f -5301/-5473/-5268 -3863/-4035/-3843 -3958/-4130/-3935 -3959/-4131/-3936 
f -758/-862/-771 -2982/-3147/-2967 -2979/-3144/-2964 
f -4012/-4184/-3989 -5070/-5242/-5038 -864/-973/-4550 -1082/-1202/-1089 
f -338/-407/-349 -1656/-1795/-1651 -2811/-2976/-2798 -2808/-2973/-2795 
f -2366/-2525/-2358 -1609/-1743/-1601 -1118/-1239/-1125 -872/-981/-1126 
f -2307/-2464/-2300 -2292/-2449/-2286 -4217/-4389/-4191 -2306/-2463/-2299 
f -1/-3/-1 -1667/-1807/-1663 -279/-346/-294 -307/-374/-319 
f -4732/-4904/-4703 -4729/-4901/-4700 -931/-1042/-938 -1347/-1477/-1347 
f -5158/-5330/-5126 -4913/-5085/-4883 -4914/-5086/-4884 -5157/-5329/-5125 
f -3850/-4022/-3830 -424/-505/-437 -1149/-1271/-1153 -1018/-1135/-1026 
f -364/-440/-378 -362/-438/-376 -1568/-1702/-1562 -912/-1022/-918 
f -2739/-2902/-2727 -2304/-2461/-2297 -2301/-2458/-2294 -2844/-3009/-2829 
f -5000/-5172/-4968 -32/-55/-37 -3843/-4015/-3823 -4999/-5171/-4967 
f -1684/-1544/-1680 -1412/-1542/-1410 -4818/-4990/-4789 -869/-454/-876 
f -2694/-2857/-2682 -2691/-2854/-2679 -908/-1018/-914 -227/-289/-241 
f -5209/-5381/-5177 -2839/-3004/-2824 -2840/-3005/-2825 -5208/-5380/-5176 
f -2903/-3068/-2888 -5187/-5359/-5155 -126/-173/-137 -3016/-3181/-3001 
f -624/-722/-638 -2756/-2919/-2744 -125/-172/-136 -899/-1009/-905 
f -3080/-3247/-3066 -1259/-1387/-1261 -563/-656/-576 -1173/-1296/-1176 
f -3408/-3576/-3392 -3405/-3573/-3389 -4414/-4586/-4386 -4411/-4583/-4383 
f -4330/-4502/-4302 -4288/-4460/-4260 -870/-979/-877 -871/-980/-878 
f -3476/-3644/-3460 -4656/-4828/-4627 -4654/-4826/-4625 -875/-984/-881 
f -326/-394/-337 -3054/-3219/-3039 -1599/-1733/-1592 -1339/-1469/-1339 
f -3116/-3284/-3103 -2003/-2153/-1996 -4415/-4587/-4387 -2924/-3089/-2909 
f -754/-858/-767 -535/-627/-549 -1265/-1393/-1267 -2634/-2795/-2621 
f -1622/-1756/-1614 -129/-177/-141 -853/-962/-861 -1905/-2052/-1899 
f -1884/-2028/-1877 -5341/-5513/-5308 -5338/-5510/-5305 -62/-96/-72 
f -60/-94/-70 -61/-95/-71 -3781/-3953/-3762 -3782/-3954/-3763 
f -437/-518/-450 -4993/-5165/-4961 -3367/-3535/-3351 -2107/-2262/-2101 
f -52/-85/-61 -5018/-5190/-4986 -5019/-5191/-4987 -2260/-2417/-2254 
f -4490/-4662/-4462 -2168/-2323/-2161 -1601/-1735/-1594 -4090/-4262/-4066 
f -2257/-2414/-2251 -278/-345/-293 -595/-691/-608 -592/-688/-4454 
f -1994/-2144/-1987 -2801/-2964/-2788 -32/-55/-37 -1146/-1268/-1151 
f -3694/-3863/-3676 -3691/-3860/-3673 -4831/-5003/-4802 -4832/-5004/-4803 
f -5245/-5417/-5213 -5246/-5418/-5214 -118/-165/-129 -4431/-4603/-4403 
f -738/-842/-751 -1835/-1979/-1829 -1836/-1980/-1830 -308/-375/-320 
f -663/-765/-674 -3992/-4164/-3969 -4244/-4416/-4217 -1652/-1787/-1644 
f -1454/-1586/-1451 -4006/-4178/-3983 -4443/-4615/-4415 -1443/-1575/-1442 
f -3149/-3317/-3136 -278/-345/-293 -2257/-2414/-2251 -3559/-3728/-3543 
f -2156/-2311/-2149 -800/-906/-809 -4682/-4854/-4653 -4680/-4852/-4651 
f -318/-386/-329 -1135/-1256/-1140 -1136/-1257/-1141 -4020/-4192/-3996 
f -264/-331/-279 -1779/-1923/-1774 -387/-466/-401 -388/-467/-402 
f -2391/-2550/-2382 -1359/-1489/-1358 -795/-901/-805 -4000/-4172/-3977 
f -218/-276/-231 -159/-213/-172 -252/-317/-266 -2676/-2839/-2664 
f -4740/-4912/-4711 -3857/-4029/-3837 -3858/-4030/-3838 
f -1220/-1344/-1221 -1307/-1437/-1309 -1515/-1648/-1512 -1512/-1645/-1509 
f -548/-641/-562 -471/-557/-483 -1065/-1185/-1073 -549/-642/-563 
f -1189/-1312/-1190 -4522/-4694/-4494 -4519/-4691/-4491 -1264/-1392/-1266 
f -4257/-4429/-4230 -274/-341/-289 -2098/-2253/-2092 -4256/-4428/-4229 
f -3454/-3622/-3438 -4492/-4664/-4464 -3228/-3396/-3214 -3229/-3397/-3215 
f -1423/-1555/-1422 -56/-89/-65 -2417/-2576/-2407 -4101/-4273/-4077 
f -298/-365/-312 -91/-130/-102 -1702/-1846/-1699 -301/-368/-314 
f -4964/-5136/-5244 -3746/-3915/-3727 -2527/-2686/-2513 -165/-220/-179 
f -1224/-1348/-1225 -881/-990/-887 -776/-881/-788 -1227/-1351/-1228 
f -2759/-2922/-2747 -2941/-3106/-2926 -1951/-2100/-1945 -1952/-2101/-1946 
f -4283/-4455/-4256 -2052/-2203/-2045 -4472/-4644/-4444 -4473/-4645/-4445 
f -2060/-2211/-2053 -2061/-2212/-2054 -571/-664/-584 -195/-252/-209 
f -3485/-3654/-3469 -3318/-3486/-3302 -3319/-3487/-3303 -1174/-1297/-1177 
f -3323/-3491/-3307 -3324/-3492/-3308 -65/-99/-75 -1181/-1304/-1184 
f -4737/-4909/-4708 -4325/-4497/-4297 -1052/-1172/-1061 -67/-101/-76 
f -2197/-2353/-2190 -342/-411/-353 -1278/-1407/-1280 -354/-425/-367 
f -2986/-3151/-2971 -2987/-3152/-2972 -1078/-1198/-1085 -1079/-1199/-1086 
f -1288/-1417/-1290 -3242/-3410/-3228 -3243/-3411/-3229 -3704/-3873/-3685 
f -668/-771/-680 -667/-770/-679 -2988/-3153/-2973 -3955/-4127/-3932 
f -4958/-5130/-4928 -4019/-4191/-3995 -760/-864/-4928 -761/-865/-773 
f -2989/-3154/-2974 -2720/-2883/-2708 -1444/-1576/-2080 -1775/-1919/-1770 
f -1293/-1423/-1295 -1290/-1420/-1292 -1687/-1829/-1683 -1688/-1830/-1684 
f -3141/-3309/-3128 -2347/-2506/-2339 -1422/-1554/-1421 -193/-250/-207 
f -3889/-873/-3869 -3890/-1418/-3870 -1289/-1419/-1291 -768/-872/-780 
f -3331/-3499/-3315 -3332/-3500/-3316 -900/-1010/-906 -2246/-2403/-2240 
f -4869/-5041/-4840 -4870/-5042/-4841 -1232/-1357/-1234 -3174/-3342/-3160 
f -5089/-5261/-5057 -2462/-2621/-2449 -3845/-4017/-3825 -1795/-1939/-1789 
f -2183/-2339/-2176 -1426/-1558/-1425 -2520/-2679/-2506 -4850/-5022/-4821 
f -2613/-2774/-2600 -2614/-2775/-2601 -2249/-2406/-2243 -1437/-1569/-1436 
f -4410/-4582/-4382 -4407/-4579/-4379 -2790/-2953/-2777 -2685/-2848/-2673 
f -2754/-2917/-2742 -2751/-2914/-2739 -4495/-4667/-4467 -4496/-4668/-4468 
f -2832/-2997/-2818 -3952/-4124/-3929 -472/-558/-484 -2050/-2201/-2043 
f -4321/-4493/-4293 -1854/-1998/-1848 -2346/-2505/-2338 -3142/-3310/-3129 
f -1875/-2019/-3747 -1188/-1311/-1189 -3063/-3230/-3049 -1874/-2018/-1868 
f -76/-13/-85 -2188/-2344/-2181 -2186/-2342/-2179 -504/-593/-517 
f -3063/-3230/-3049 -3064/-3231/-3050 -2179/-2334/-2172 -1874/-2018/-1868 
f -257/-324/-272 -953/-1066/-960 -3644/-3813/-3626 -1185/-1308/-1187 
f -1851/-1995/-1845 -1852/-1996/-1846 -862/-971/-870 -2897/-3062/-2882 
f -639/-737/-652 -4351/-4523/-4323 -4352/-4524/-4324 -3031/-3196/-3016 
f -2243/-2400/-2237 -1810/-1954/-1804 -3136/-3304/-3123 -3592/-3761/-3576 
f -1449/-1581/-1446 -1447/-1579/-3063 -3927/-4099/-3905 -3928/-4100/-3906 
f -1702/-1846/-1699 -3724/-3893/-3705 -2479/-2638/-2466 -301/-368/-314 
f -129/-177/-141 -5310/-5482/-5277 -5307/-5479/-5274 -1533/-1666/-1530 
f -1071/-1191/-1078 -3661/-3830/-3643 -235/-299/-249 -3666/-3835/-3648 
f -2960/-3125/-2945 -1618/-1752/-1610 -1619/-1753/-1611 -1299/-1429/-1301 
f -1436/-1568/-1435 -1458/-1590/-1455 -100/-144/-113 -1435/-1567/-1434 
f -1430/-1562/-1429 -679/-783/-692 -4357/-4529/-4329 -3519/-3688/-3503 
f -491/-578/-503 -3873/-4045/-3853 -2919/-3084/-2904 -4908/-5080/-4878 
f -4421/-4593/-4393 -3224/-3392/-3210 -3435/-3603/-3419 -4420/-4592/-4392 
f -128/-175/-139 -1235/-1360/-1237 -905/-1015/-911 -1403/-1533/-1401 
f -5098/-5270/-5066 -3499/-3668/-3483 -3500/-3669/-3484 -5101/-5273/-5069 
f -1324/-1454/-1326 -4228/-4400/-4201 -4229/-4401/-4202 -881/-990/-887 
f -965/-1078/-972 -324/-392/-335 -3175/-3343/-3161 -3173/-3341/-3159 
f -4967/-5139/-4936 -1540/-1673/-1537 -4856/-5028/-4827 -4970/-5142/-5042 
f -4775/-4947/-4746 -998/-1113/-1006 -1936/-2085/-1930 -4774/-4946/-4745 
f -1930/-2079/-1924 -106/-151/-118 -1784/-1928/-1778 -2741/-2904/-2729 
f -2682/-2845/-2670 -1300/-1430/-1302 -3561/-3730/-3545 -3562/-3731/-3546 
f -1681/-1823/-1677 -71/-106/-80 -2362/-2521/-2354 -2363/-2522/-2355 
f -828/-935/-836 -3935/-4107/-3913 -4426/-4598/-4398 -294/-361/-308 
f -3469/-3637/-3453 -3470/-3638/-3454 -3168/-3336/-3154 -3552/-3721/-3536 
f -2584/-2745/-2571 -1500/-1633/-1497 -4258/-4430/-4231 -2583/-2744/-2570 
f -2164/-2319/-2157 -4092/-4264/-4068 -1446/-1578/-1444 -2051/-2202/-2044 
f -43/-71/-50 -1897/-2044/-1891 -530/-622/-544 -42/-70/-49 
f -1796/-1940/-1790 -3150/-3318/-3137 -1402/-1532/-1400 -5088/-5260/-5056 
f -2922/-3087/-2907 -2245/-2402/-2239 -1263/-1391/-1265 -2203/-2359/-2196 
f -4747/-4919/-4718 -4748/-4920/-4719 -816/-923/-824 -345/-414/-356 
f -2735/-2898/-2723 -5020/-5192/-4988 -5021/-5193/-4989 -3302/-3470/-3287 
f -3432/-3600/-3416 -3433/-3601/-3417 -4400/-4572/-4372 -3901/-4073/-3881 
f -1725/-1869/-1722 -259/-326/-274 -191/-248/-205 -120/-167/-131 
f -1845/-1989/-1839 -2873/-3038/-2858 -2874/-3039/-2859 -1844/-1988/-1838 
f -4341/-4513/-4313 -24/-43/-28 -1045/-1164/-1054 
f -24/-43/-28 -1372/-1502/-1371 -1373/-1503/-1372 
f -24/-43/-28 -4341/-4513/-4313 -4342/-4514/-4314 -1372/-1502/-1371 
f -554/-647/-567 -1371/-1501/-1370 -550/-643/-5061 -553/-646/-566 
f -4397/-4569/-4369 -2281/-2438/-2275 -2526/-2685/-2512 -4396/-4568/-4368 
f -3821/-3993/-3802 -309/-377/-321 -5134/-5306/-5102 -1885/-2029/-1878 
f -3550/-3719/-3534 -3551/-3720/-3535 -936/-1049/-943 -192/-249/-206 
f -653/-752/-665 -2101/-2256/-2095 -1291/-1421/-1293 -671/-774/-683 
# 5328 polygons - 22 triangles

