#File written by RizomUV 2022.0.11.g5424fda. Compilation :Nov 24 2021,04:16:21
mtllib 圆圈广告:mtl
#begin vertices
v -82.5784 5399.723 1666.735
v -87.3952 5157.959 1383.528
v -90.5574 4999.238 -318.0135
v -80.3403 5512.052 1314.667
v -91.1943 4967.271 1873.571
v -94.6873 4791.953 1369.274
v -99.6212 4544.317 1633.422
v -101.6141 4444.284 1273.083
v -107.4131 4153.226 1475.109
v -107.7921 4134.206 1103.826
v -116.2499 3709.692 1368.798
v -113.0399 3870.809 871.5811
v -119.7866 3532.183 928.4098
v -117.1682 3663.606 586.7432
v -123.9286 3324.289 564.2284
v -119.9954 3521.701 259.2739
v -126.4166 3199.413 155.5168
v -121.3369 3454.367 -100.6069
v -127.0494 3167.652 -281.0918
v -121.0485 3468.845 -472.5095
v -125.7422 3233.258 -713.9084
v -119.1536 3563.952 -826.0642
v -122.6287 3389.529 -1111.671
v -115.8277 3730.884 -1141.506
v -118.513 3596.108 -1431.328
v -112.5707 3894.36 -1348.047
v -117.1176 3666.141 -1715.687
v -110.0066 4023.054 -1469.06
v -111.3359 3956.336 -1770.052
v -105.6804 4240.193 -1620.411
v -104.753 4286.739 -1955.321
v -99.2578 4562.555 -1765.054
v -97.3005 4660.795 -2080.557
v -93.4666 4853.227 -1828.994
v -91.3963 4957.137 -2265.514
v -89.8032 5037.096 -1843.331
v -87.1131 5172.117 -2119.759
v -84.912 5282.594 -1819.695
v -79.6966 5544.361 -2049.447
v -77.9839 5630.323 -1723.471
v -71.9035 5935.509 -1891.111
v -71.8047 5940.465 -1554.196
v -65.1087 6276.55 -1652.091
v -66.5587 6203.773 -1322.029
v -59.5309 6556.512 -1344.447
v -62.4299 6411.002 -1037.131
v -55.3885 6764.417 -980.2383
v -59.6026 6552.906 -709.6614
v -52.9007 6889.293 -571.5266
v -58.2612 6620.24 -349.7806
v -52.2678 6921.054 -134.9181
v -58.5495 6605.762 22.122
v -53.575 6855.447 297.8986
v -60.4445 6510.656 375.6767
v -56.6885 6699.177 695.6613
v -63.7704 6343.724 691.1185
v -61.3823 6463.587 1042.598
v -68.3279 6114.974 959.0376
v -67.4197 6160.557 1327.538
v -73.9176 5834.414 1170.024
v -74.5642 5801.966 1539.311
v -257.7661 5461.463 1952.298
v -262.629 5217.385 1985.31
v -262.1984 5217.384 1985.387
v -257.3353 5461.469 1952.373
v -266.3446 5030.893 1999.852
v -265.9141 5030.885 1999.929
v -243.7055 5030.443 1999.929
v -239.9897 5216.941 1985.387
v -235.1267 5461.027 1952.373
v -267.4925 4967.677 2820.002
v -267.6095 4967.404 2820.157
v -267.179 4967.395 2820.361
v -267.1717 4967.766 2820.161
v -268.8434 4905.475 2819.613
v -268.4129 4905.466 2819.819
v -246.2043 4905.023 2819.819
v -244.9704 4966.953 2820.361
v -244.963 4967.323 2820.161
v -277.3226 4479.89 2815.083
v -281.9023 4250.029 2810.693
v -281.4718 4250.02 2810.937
v -276.8922 4479.882 2815.308
v -286.2288 4032.874 2804.921
v -285.7983 4032.866 2805.189
v -263.5897 4032.423 2805.189
v -259.2632 4249.578 2810.937
v -254.6835 4479.44 2815.308
v -290.2665 3830.213 2797.867
v -289.8361 3830.204 2798.164
v -293.1885 3683.554 2792.092
v -292.758 3683.545 2792.414
v -270.5493 3683.103 2792.414
v -267.6274 3829.762 2798.164
v -294.2263 3634.056 1468.86
v -294.181 3633.738 1468.286
v -293.7514 3633.685 1468.346
v -293.7466 3633.926 1468.941
v -294.9858 3593.342 1423.895
v -294.5563 3593.287 1423.953
v -272.3477 3592.844 1423.953
v -271.5428 3633.242 1468.346
v -271.538 3633.484 1468.941
v -300.3845 3322.376 1106.769
v -302.975 3192.355 905.7908
v -302.5458 3192.286 905.8315
v -299.9552 3322.311 1106.816
v -305.1263 3084.379 690.3051
v -304.6971 3084.308 690.3386
v -282.4885 3083.865 690.3386
v -280.3371 3191.844 905.8315
v -277.7465 3321.869 1106.816
v -306.8056 3000.097 462.1206
v -306.3764 3000.021 462.1466
v -307.9816 2941.071 222.958
v -307.5525 2940.995 222.9761
v -285.3438 2940.552 222.9761
v -284.1678 2999.579 462.1466
v -308.6231 2908.87 -25.4621
v -308.194 2908.792 -25.4523
v -308.7126 2904.379 -277.9542
v -308.2835 2904.301 -277.9528
v -286.0748 2903.858 -277.9528
v -285.9854 2908.349 -25.4523
v -308.2323 2928.485 -529.3326
v -307.8032 2928.407 -529.3395
v -307.2079 2979.901 -774.4963
v -306.7787 2979.825 -774.5115
v -284.5701 2979.383 -774.5115
v -285.5945 2927.965 -529.3395
v -305.6651 3057.34 -1008.345
v -305.2359 3057.267 -1008.368
v -303.6375 3159.107 -1229.284
v -303.2083 3159.037 -1229.314
v -280.9996 3158.595 -1229.314
v -283.0272 3056.824 -1008.368
v -301.1589 3283.507 -1435.72
v -300.7296 3283.441 -1435.757
v -298.6767 3408.096 -1606.548
v -298.2472 3408.037 -1606.593
v -276.0365 3407.697 -1606.689
v -278.5209 3282.999 -1435.757
v -294.6902 3602.581 -3129.732
v -294.7956 3602.897 -3130.003
v -294.3648 3602.905 -3130.334
v -294.3733 3602.476 -3129.985
v -294.3783 3623.841 -3130.927
v -293.9475 3623.847 -3131.253
v -271.7246 3624.12 -3131.284
v -272.1398 3603.282 -3130.37
v -272.1483 3602.855 -3130.021
v -290.8973 3798.555 -3137.79
v -287.4116 3973.508 -3142.985
v -286.9811 3973.5 -3143.249
v -290.4667 3798.548 -3138.081
v -283.1848 4185.659 -3148.143
v -282.7543 4185.65 -3148.381
v -260.5457 4185.208 -3148.381
v -264.7724 3973.057 -3143.249
v -268.2561 3798.207 -3138.085
v -278.7096 4410.273 -3152.172
v -278.2791 4410.265 -3152.39
v -274.4592 4623.607 -3154.918
v -274.0287 4623.599 -3155.122
v -251.8195 4623.185 -3155.122
v -256.0705 4409.822 -3152.39
v -267.7377 4963.564 -2379.746
v -267.6796 4963.886 -2379.618
v -267.2491 4963.881 -2379.686
v -267.2536 4963.655 -2379.87
v -267.2395 4985.977 -2381.34
v -266.809 4985.972 -2381.408
v -244.5962 4985.733 -2381.424
v -245.0358 4963.671 -2379.704
v -245.0403 4963.446 -2379.889
v -263.3952 5178.925 -2381.895
v -259.2728 5385.834 -2354.56
v -258.8421 5385.839 -2354.627
v -262.9647 5178.923 -2381.963
v -254.4683 5626.977 -2302.608
v -254.0374 5626.989 -2302.674
v -231.8288 5626.546 -2302.674
v -236.6334 5385.396 -2354.627
v -240.7554 5178.51 -2381.966
v -249.8863 5856.954 -2224.192
v -249.4552 5856.974 -2224.255
v -245.558 6074.199 -2121.032
v -245.1268 6074.226 -2121.092
v -222.9182 6073.783 -2121.092
v -227.2466 5856.531 -2224.255
v -241.5146 6277.148 -1994.85
v -241.0833 6277.181 -1994.905
v -237.7872 6464.232 -1847.366
v -237.3557 6464.273 -1847.416
v -215.1471 6463.83 -1847.416
v -218.8745 6276.738 -1994.905
v -234.407 6633.889 -1680.3
v -233.9755 6633.935 -1680.345
v -231.4053 6784.551 -1495.374
v -230.9735 6784.602 -1495.412
v -208.7649 6784.159 -1495.413
v -211.7669 6633.493 -1680.345
v -228.8131 6914.653 -1294.307
v -228.3814 6914.708 -1294.339
v -226.6619 7022.627 -1078.821
v -226.2301 7022.686 -1078.846
v -204.0215 7022.243 -1078.846
v -206.1727 6914.265 -1294.339
v -224.9827 7106.912 -850.6366
v -224.5508 7106.973 -850.6542
v -223.8067 7165.936 -611.4739
v -223.3748 7166 -611.4836
v -201.1662 7165.557 -611.4836
v -202.3422 7106.53 -850.6542
v -223.1652 7198.139 -363.0539
v -222.7333 7198.203 -363.0553
v -223.0758 7202.629 -110.5619
v -222.6439 7202.694 -110.5549
v -200.4351 7202.252 -110.5549
v -200.5245 7197.76 -363.0553
v -223.556 7178.524 140.8165
v -223.1241 7178.587 140.8318
v -224.5803 7127.107 385.9803
v -224.1483 7127.169 386.0038
v -201.9397 7126.727 386.0038
v -200.9154 7178.145 140.8318
v -226.123 7049.668 619.8285
v -225.6912 7049.727 619.8597
v -228.1506 6947.901 840.7673
v -227.7188 6947.957 840.806
v -205.5102 6947.515 840.8059
v -203.4825 7049.285 619.8597
v -230.6292 6823.501 1047.204
v -230.1975 6823.553 1047.249
v -233.5248 6678.162 1237.543
v -233.0932 6678.209 1237.595
v -210.8846 6677.767 1237.595
v -207.9888 6823.11 1047.249
v -236.8039 6513.58 1410.192
v -236.3724 6513.622 1410.25
v -240.4327 6331.45 1563.558
v -240.0013 6331.485 1563.62
v -217.7927 6331.043 1563.62
v -214.1637 6513.179 1410.25
v -244.3773 6133.466 1696.046
v -243.946 6133.494 1696.113
v -248.604 5921.322 1806.062
v -248.1729 5921.344 1806.133
v -225.9643 5920.902 1806.133
v -221.7374 6133.052 1696.113
v -253.079 5696.715 1892.014
v -252.648 5696.73 1892.088
v -230.4394 5696.287 1892.088
v -81.5583 5457.939 1952.226
v -86.4211 5213.87 1985.237
v -86.282 5213.834 1984.787
v -81.4203 5457.852 1951.783
v -90.1365 5027.384 1999.778
v -89.9966 5027.387 1999.326
v -89.9975 5027.341 1994.239
v -86.2914 5213.361 1979.315
v -81.441 5456.813 1946.394
v -91.3412 4964.391 2004.856
v -91.2615 4963.896 2004.816
v -91.2612 4963.914 2004.159
v -91.2513 4964.409 2004.207
v -92.4953 4901.971 1995.1
v -92.4947 4902.001 1994.443
v -92.486 4902.442 1989.375
v -91.2574 4964.105 2000.328
v -91.2477 4964.591 1999.526
v -100.974 4476.416 1914.227
v -105.5534 4246.571 1835.852
v -105.5501 4246.736 1835.189
v -100.9717 4476.535 1913.567
v -109.8796 4029.431 1732.789
v -109.8754 4029.642 1732.123
v -109.8246 4032.192 1727.276
v -105.5099 4248.753 1830.093
v -100.9426 4477.989 1908.275
v -113.917 3826.784 1606.847
v -113.912 3827.036 1606.178
v -116.8388 3680.135 1503.743
v -116.8332 3680.418 1503.07
v -116.7714 3683.521 1499.074
v -113.8517 3830.062 1601.62
v -117.9157 3630.577 1468.825
v -117.9719 3630.28 1468.231
v -117.8263 3630.571 1467.888
v -117.8195 3630.91 1468.222
v -118.7768 3589.885 1423.842
v -118.631 3590.184 1423.508
v -118.5621 3593.637 1419.821
v -117.7764 3633.075 1465.016
v -117.7593 3633.931 1464.683
v -124.1752 3318.929 1106.727
v -126.7657 3188.912 905.7561
v -126.6182 3189.294 905.5291
v -124.0284 3319.283 1106.458
v -128.9168 3080.941 690.278
v -128.769 3081.345 690.0953
v -128.6705 3086.288 687.8749
v -126.5252 3193.966 902.7676
v -123.9416 3323.639 1103.202
v -130.596 2996.661 462.1015
v -130.4478 2997.082 461.9662
v -131.772 2937.638 222.9474
v -131.6236 2938.071 222.8613
v -131.5179 2943.374 221.8139
v -130.3451 3002.237 460.3183
v -132.4136 2905.437 -25.4639
v -132.265 2905.877 -25.4987
v -132.5031 2900.946 -277.947
v -132.3545 2901.387 -277.9297
v -132.247 2906.782 -277.7197
v -132.1577 2911.261 -25.9225
v -132.0228 2925.051 -529.3165
v -131.8743 2925.487 -529.2474
v -130.9984 2976.466 -774.4717
v -130.8501 2976.891 -774.3519
v -130.7464 2982.096 -772.8953
v -131.768 2930.822 -528.4062
v -129.4556 3053.902 -1008.312
v -129.3076 3054.311 -1008.144
v -127.4281 3155.665 -1229.243
v -127.2805 3156.053 -1229.029
v -127.1858 3160.809 -1226.431
v -129.2078 3059.322 -1006.1
v -124.9497 3280.061 -1435.671
v -124.8026 3280.424 -1435.415
v -122.4514 3405.449 -1607.249
v -122.3055 3405.757 -1606.931
v -122.23 3409.548 -1603.066
v -124.7141 3284.867 -1432.299
v -118.4175 3605.384 -1813.435
v -118.3175 3605.917 -1813.987
v -118.3161 3605.984 -1813.093
v -118.3262 3605.476 -1812.616
v -117.9165 3626.041 -1832.905
v -117.9147 3626.133 -1832.04
v -117.8954 3627.101 -1826.047
v -118.3056 3606.512 -1808.402
v -118.3124 3606.173 -1806.94
v -114.5318 3795.929 -1974.724
v -111.0623 3970.069 -2084.766
v -111.0579 3970.292 -2084.101
v -114.5272 3796.159 -1974.027
v -106.8358 4182.205 -2194.751
v -106.8322 4182.384 -2194.091
v -106.7888 4184.562 -2189.069
v -111.0038 3973.003 -2079.356
v -114.4718 3798.941 -1969.213
v -102.3609 4406.804 -2280.679
v -102.3583 4406.937 -2280.022
v -98.1062 4620.355 -2339.254
v -98.1043 4620.446 -2338.6
v -98.0819 4621.574 -2333.219
v -102.3261 4408.552 -2274.784
v -91.3905 4961.911 -2379.838
v -91.4344 4962.237 -2379.68
v -91.2937 4962.278 -2379.231
v -91.3004 4961.944 -2379.205
v -90.999 4984.093 -2381.384
v -90.8585 4984.126 -2380.934
v -90.8521 4984.446 -2375.876
v -91.2874 4962.601 -2375.436
v -91.2919 4962.372 -2374.576
v -87.1826 5175.644 -2381.831
v -83.065 5382.314 -2354.479
v -82.9266 5382.242 -2354.033
v -87.0433 5175.618 -2381.38
v -78.2607 5623.447 -2302.529
v -78.1233 5623.327 -2302.094
v -78.152 5621.887 -2296.801
v -82.9432 5381.408 -2348.61
v -87.049 5175.328 -2375.89
v -73.6788 5853.416 -2224.116
v -73.5424 5853.248 -2223.697
v -69.3507 6070.654 -2120.96
v -69.2151 6070.441 -2120.562
v -69.2662 6067.878 -2115.725
v -73.5826 5851.23 -2218.601
v -65.3075 6273.595 -1994.782
v -65.1727 6273.34 -1994.41
v -61.5802 6460.674 -1847.303
v -61.4463 6460.38 -1846.962
v -61.5168 6456.839 -1842.812
v -65.2339 6270.269 -1989.89
v -58.2003 6630.325 -1680.243
v -58.067 6629.996 -1679.937
v -55.1987 6780.981 -1495.323
v -55.066 6780.621 -1495.055
v -55.1525 6776.275 -1491.789
v -58.146 6626.028 -1676.206
v -52.6065 6911.078 -1294.264
v -52.4744 6910.691 -1294.037
v -50.4552 7019.05 -1078.785
v -50.3235 7018.64 -1078.603
v -50.422 7013.697 -1076.382
v -52.5675 6906.019 -1291.275
v -48.7759 7103.329 -850.6091
v -48.6447 7102.902 -850.4736
v -47.6 7162.352 -611.455
v -47.4689 7161.914 -611.3689
v -47.5747 7156.61 -610.3215
v -48.7473 7097.747 -848.8259
v -46.9584 7194.552 -363.0438
v -46.8275 7194.107 -363.0089
v -46.869 7199.043 -110.5607
v -46.738 7198.597 -110.5779
v -46.8455 7193.202 -110.788
v -46.9347 7188.723 -362.5851
v -47.3493 7174.939 140.8089
v -47.2182 7174.497 140.7397
v -48.3736 7123.524 385.964
v -48.2424 7123.094 385.8443
v -48.3462 7117.888 384.3876
v -47.3245 7169.162 139.8985
v -49.9164 7046.088 619.804
v -49.7849 7045.673 619.636
v -51.9438 6944.325 840.735
v -51.812 6943.932 840.5215
v -51.9067 6939.175 837.923
v -49.8847 7040.662 617.5922
v -54.4223 6819.929 1047.164
v -54.2899 6819.561 1046.908
v -57.3179 6674.596 1237.496
v -57.1848 6674.258 1237.201
v -57.2659 6670.178 1233.607
v -54.3783 6815.117 1043.791
v -60.5969 6510.02 1410.139
v -60.4631 6509.716 1409.809
v -64.2255 6327.895 1563.5
v -64.091 6327.629 1563.137
v -64.1549 6324.421 1558.724
v -60.5361 6506.05 1405.781
v -68.17 6129.918 1695.983
v -68.0346 6129.692 1695.593
v -72.3964 5917.782 1805.996
v -72.2603 5917.601 1805.583
v -72.3036 5915.422 1800.561
v -68.0887 6126.981 1690.847
v -76.8713 5693.183 1891.944
v -76.7343 5693.047 1891.514
v -76.7664 5691.433 1886.277
v -267.6513 4967.9 2004.904
v -267.753 4967.408 2004.891
v -267.753 4967.407 2005.579
v -267.6021 4967.774 2005.638
v -268.9868 4905.48 1995.174
v -268.9869 4905.477 1995.87
v -268.9869 4905.477 2099.173
v -267.753 4967.407 2107.733
v -267.6021 4967.774 2107.785
v -277.4658 4479.91 1914.298
v -282.0453 4250.057 1835.92
v -282.0458 4250.032 1836.722
v -277.4662 4479.894 1915.048
v -286.3717 4032.909 1732.853
v -286.3723 4032.877 1733.726
v -286.3723 4032.877 1868.061
v -282.0458 4250.032 1958.865
v -277.4662 4479.894 2027.919
v -290.4092 3830.255 1606.907
v -290.41 3830.216 1607.864
v -293.3311 3683.601 1503.799
v -293.332 3683.557 1504.826
v -293.332 3683.557 1666.258
v -290.41 3830.216 1757.099
v -293.745 3634.007 1470.021
v -294.1735 3634.113 1470.09
v -271.5363 3633.564 1470.021
v -271.5363 3633.564 1635.574
v -293.745 3634.007 1635.574
v -294.1735 3634.113 1635.634
v -117.8179 3630.991 1469.191
v -117.8199 3630.894 1470.296
v -117.9655 3630.602 1470.09
v -116.8407 3680.041 1504.826
v -116.8407 3680.041 1666.259
v -117.8199 3630.894 1635.816
v -117.9655 3630.602 1635.635
v -105.5545 4246.516 1836.723
v -109.881 4029.361 1733.726
v -100.9748 4476.377 1915.048
v -100.9748 4476.377 2027.919
v -105.5545 4246.516 1958.866
v -109.881 4029.361 1868.062
v -96.1771 4717.18 1966.107
v -96.1775 4717.157 1966.895
v -92.4955 4901.96 1995.87
v -92.4955 4901.96 2099.173
v -96.1775 4717.157 2073.628
v -91.8084 4964.52 2005.035
v -91.8109 4964.395 2005.657
v -91.3941 4964.264 2005.638
v -114.0058 4964.962 2005.035
v -114.0083 4964.837 2005.657
v -114.0084 4964.838 2107.802
v -91.8109 4964.395 2107.802
v -91.3941 4964.264 2107.784
v -92.0746 4923.088 -2357.05
v -91.2801 4962.964 -2365.211
v -91.2687 4963.54 -2361.888
v -92.1083 4921.393 -2370.96
v -91.3008 4961.923 -2375.383
v -91.5532 4961.73 -3156.671
v -91.4494 4961.483 -3156.822
v -91.8687 4961.488 -3157.016
v -91.8622 4961.819 -3156.823
v -92.2615 4920.724 -3156.672
v -92.6808 4920.728 -3156.867
v -114.8824 4920.967 -3156.867
v -114.0709 4961.697 -3157.015
v -114.0643 4962.028 -3156.822
v -118.7164 3585.894 -1768.229
v -118.29 3607.299 -1795.217
v -118.2742 3608.089 -1791.386
v -118.7853 3582.438 -1784.05
v -118.3226 3605.658 -1807.599
v -118.4759 3604.983 -1812.764
v -118.8959 3604.954 -1812.934
v -118.8902 3605.24 -1813.545
v -118.9519 3581.094 -1790.301
v -119.3721 3581.055 -1790.461
v -141.5839 3580.78 -1789.786
v -141.1097 3604.576 -1812.162
v -141.1041 3604.86 -1812.772
v -291.04 3798.597 -1974.037
v -287.5544 3973.545 -2084.837
v -287.5551 3973.511 -2085.72
v -291.0408 3798.557 -1974.999
v -283.3277 4185.689 -2194.827
v -283.3282 4185.661 -2195.632
v -283.3282 4185.661 -2315.106
v -287.5551 3973.511 -2218.334
v -291.0408 3798.557 -2120.849
v -278.8527 4410.296 -2280.757
v -278.8531 4410.276 -2281.501
v -274.6024 4623.622 -2339.316
v -274.6027 4623.609 -2340.019
v -274.6027 4623.609 -2442.232
v -278.8531 4410.276 -2390.71
v -271.05 4801.922 -2367.192
v -271.0502 4801.915 -2367.876
v -268.6453 4922.621 -2376.602
v -268.6454 4922.619 -2377.278
v -268.6454 4922.619 -2475.037
v -271.0502 4801.915 -2466.759
v -267.255 4963.58 -2380.47
v -267.6878 4963.475 -2380.461
v -245.0417 4963.371 -2380.488
v -245.0418 4963.371 -2477.864
v -267.2551 4963.581 -2477.848
v -267.6878 4963.475 -2477.84
v -91.3093 4961.497 -2379.824
v -91.3096 4961.482 -2380.579
v -91.4427 4961.815 -2380.605
v -92.1214 4920.738 -2376.647
v -92.1217 4920.722 -2377.404
v -92.1218 4920.723 -2475.149
v -91.3096 4961.482 -2477.944
v -91.4427 4961.815 -2477.967
v -102.3618 4406.76 -2281.501
v -98.1068 4620.325 -2340.037
v -106.837 4182.145 -2195.632
v -106.8369 4182.145 -2315.106
v -102.3618 4406.76 -2390.71
v -98.1068 4620.325 -2442.249
v -111.0638 3969.995 -2085.721
v -114.5333 3795.852 -1975.762
v -114.5333 3795.852 -2121.521
v -111.0638 3969.995 -2218.334
v -116.7356 3685.316 -1888.627
v -116.7367 3685.26 -1889.75
v -117.9171 3626.011 -1834.093
v -117.9171 3626.011 -1996.787
v -116.7367 3685.26 -2045.791
v -118.8883 3605.335 -1814.661
v -118.466 3605.48 -1814.804
v -141.1022 3604.955 -1813.888
v -141.1022 3604.955 -1978.998
v -118.8883 3605.335 -1979.678
v -118.466 3605.48 -1979.805
v -294.8574 3602.387 -1807.385
v -294.9383 3602.941 -1807.995
v -294.9392 3602.894 -1809.075
v -294.8041 3602.468 -1808.677
v -294.521 3623.885 -1827.684
v -294.5219 3623.84 -1828.75
v -294.5219 3623.839 -1992.083
v -294.9392 3602.894 -1974.76
v -294.8041 3602.468 -1974.409
v -259.5103 5381.125 1640.567
v -257.7214 5470.909 1294.463
v -269.9287 4858.203 -291.9925
v -264.6614 5122.577 1362.262
v -251.6095 5777.675 1514.902
v -251.3979 5788.297 1152.052
v -244.5638 6131.308 1306.055
v -245.8942 6064.528 944.3206
v -238.6097 6430.148 1025.054
v -241.407 6289.749 680.5349
v -233.9807 6662.483 682.9138
v -238.1324 6454.106 369.9596
v -230.9104 6816.596 290.6506
v -236.2669 6547.746 21.8593
v -229.6213 6881.298 -136.1891
v -235.9829 6562 -344.3057
v -230.2455 6849.974 -566.7683
v -237.3037 6495.705 -698.6344
v -232.699 6726.823 -969.8293
v -240.0873 6355.99 -1021.052
v -236.7839 6521.79 -1329.003
v -244.1524 6151.958 -1301.555
v -242.2847 6245.698 -1632.395
v -249.3175 5892.712 -1530.14
v -248.9855 5909.371 -1868.112
v -255.4012 5587.355 -1696.803
v -256.6709 5523.632 -2024.261
v -262.2224 5244.99 -1791.543
v -263.9968 5155.933 -2093.557
v -267.0611 5002.135 -1814.725
v -267.4721 4981.507 -2098.675
v -268.3318 4938.357 -1809.752
v -268.0442 4952.792 -2096.436
v -268.3425 4937.819 -1809.71
v -269.0903 4900.289 -2092.342
v -270.6768 4820.656 -1800.574
v -274.0449 4651.606 -2054.89
v -276.347 4536.06 -1737.745
v -281.3813 4283.384 -1931.434
v -282.6705 4218.671 -1595.334
v -287.834 3959.511 -1750.571
v -286.84 4009.401 -1450.566
v -290.9319 3804.025 -1627.483
v -288.0364 3949.352 -1394.102
v -291.4747 3776.783 -1601.867
v -288.05 3948.668 -1393.459
v -292.0732 3746.743 -1573.62
v -289.3759 3882.123 -1330.887
v -294.9151 3604.102 -1416.379
v -292.6613 3717.219 -1123.817
v -299.0099 3398.575 -1099.446
v -295.9359 3552.862 -813.2417
v -302.0804 3244.462 -707.1826
v -297.8016 3459.223 -465.1412
v -303.3695 3179.76 -280.3429
v -298.0856 3444.969 -98.9762
v -302.7455 3211.084 150.2364
v -296.7648 3511.264 255.3525
v -300.2918 3334.235 553.2974
v -293.9811 3650.979 577.7698
v -296.2089 3539.164 912.3562
v -289.9207 3854.777 858.0154
v -291.9729 3751.772 1171.007
v -287.5904 3971.734 986.5377
v -290.9298 3804.124 1228.486
v -287.5801 3972.252 986.995
v -289.6619 3867.765 1273.282
v -284.7452 4114.542 1087.058
v -284.0027 4151.814 1451.669
v -278.6671 4419.613 1253.522
v -276.323 4537.267 1607.704
v -271.853 4761.62 1348.205
v -269.5674 4876.344 1679.144
v -268.2808 4940.916 1376.343
v -267.969 4956.566 1691.696
v -268.2664 4941.637 1376.371
v -266.3561 5037.521 1685.42
v -267.5897 4968.397 2004.725
v -267.7332 4968.403 2004.494
v -267.7431 4967.906 2004.504
v -266.4882 5030.893 1999.622
v -266.4908 5030.757 1988.659
v -267.73 4968.562 1993.508
v -267.7398 4968.067 1993.518
v -253.2239 5696.648 1891.794
v -257.9105 5461.42 1952.072
v -248.7493 5921.234 1805.851
v -248.8358 5916.892 1795.804
v -253.2892 5693.367 1881.342
v -257.9537 5459.25 1941.334
v -244.523 6133.356 1695.845
v -240.5788 6331.32 1563.37
v -240.7039 6325.041 1554.469
v -244.6295 6128.012 1686.318
v -236.9504 6513.432 1410.02
v -233.6717 6677.998 1237.388
v -233.8293 6670.081 1230.027
v -237.0927 6506.293 1401.843
v -230.7762 6823.322 1047.067
v -228.2979 6947.71 840.652
v -228.481 6938.519 835.1648
v -230.9476 6814.718 1040.605
v -226.2706 7049.467 619.735
v -224.7281 7126.899 385.9101
v -224.928 7116.861 382.5711
v -226.4633 7039.795 615.2915
v -223.7038 7178.31 140.7706
v -223.2236 7202.414 -110.5828
v -223.4308 7192.02 -111.5762
v -223.9086 7168.029 138.5898
v -223.313 7197.923 -363.0497
v -223.9544 7165.724 -611.4451
v -224.1581 7155.503 -610.0723
v -223.5197 7187.549 -362.8504
v -225.1303 7106.705 -850.5839
v -226.8094 7022.43 -1078.746
v -226.9995 7012.885 -1075.165
v -225.3285 7096.762 -848.0813
v -228.9605 6914.465 -1294.21
v -231.5522 6784.377 -1495.257
v -231.7199 6775.957 -1489.709
v -229.1404 6905.432 -1289.612
v -234.5536 6633.73 -1680.165
v -237.9336 6464.09 -1847.214
v -238.0711 6457.183 -1840.003
v -234.7072 6626.022 -1673.743
v -241.6606 6277.023 -1994.683
v -245.7036 6074.096 -2120.853
v -245.8046 6069.032 -2112.35
v -241.7805 6271.001 -1986.776
v -250.0315 5856.872 -2224.003
v -254.6131 5626.917 -2302.411
v -254.6719 5623.966 -2293.05
v -250.1119 5852.833 -2215.012
v -259.417 5385.799 -2354.358
v -263.539 5178.91 -2381.69
v -263.5557 5178.075 -2371.954
v -259.4532 5383.986 -2344.751
v -265.931 5051.648 -2386.46
v -266.0746 5051.645 -2386.255
v -267.383 4985.98 -2381.135
v -267.3814 4986.057 -2371.402
v -266.0793 5051.411 -2376.498
v -267.8379 4963.148 -2379.762
v -267.8378 4963.151 -2379.355
v -267.8297 4963.556 -2379.386
v -268.6451 4922.629 -2376.195
v -268.6376 4923.005 -2366.485
v -267.8341 4963.335 -2369.63
v -267.8261 4963.738 -2369.662
v -278.8515 4410.355 -2280.336
v -274.6017 4623.66 -2338.904
v -283.3261 4185.77 -2194.393
v -283.2493 4189.627 -2185.541
v -278.7958 4413.15 -2271.079
v -274.5661 4625.448 -2329.37
v -287.5523 3973.648 -2084.387
v -291.0376 3798.716 -1973.57
v -290.9243 3804.402 -1965.763
v -287.4555 3978.506 -2076.056
v -293.2919 3685.574 -1885.676
v -293.2892 3685.705 -1885.196
v -294.5182 3624.023 -1827.196
v -294.3885 3630.533 -1820.079
v -293.1653 3691.923 -1877.805
v -294.8134 3602.003 -1806.772
v -294.9542 3602.14 -1806.619
v -294.9459 3602.559 -1807.014
v -295.2732 3578.925 -1785.072
v -295.414 3579.065 -1784.922
v -295.28 3585.788 -1778.006
v -294.8225 3608.754 -1799.6
v -294.8141 3609.171 -1799.992
v -301.299 3283.681 -1435.609
v -298.817 3408.257 -1606.42
v -303.7773 3159.293 -1229.193
v -303.6039 3167.999 -1224.902
v -301.1373 3291.799 -1430.343
v -298.667 3415.787 -1600.347
v -305.8047 3057.536 -1008.276
v -307.3474 2980.105 -774.4513
v -307.1571 2989.657 -772.3085
v -305.6217 3066.723 -1005.029
v -308.3717 2928.694 -529.3119
v -308.8519 2904.59 -277.9585
v -308.6544 2914.499 -278.1612
v -308.1765 2938.489 -528.3271
v -308.7625 2909.081 -25.4915
v -308.121 2941.279 222.904
v -307.927 2951.015 220.3351
v -308.5655 2918.969 -26.8869
v -306.9451 3000.299 462.0428
v -305.266 3084.573 690.2045
v -305.0855 3093.632 685.428
v -306.7567 3009.756 458.3442
v -303.115 3192.538 905.6688
v -300.5247 3322.546 1106.627
v -300.3666 3330.481 1099.883
v -302.9446 3201.087 899.8744
v -297.3876 3472.796 1291.43
v -297.528 3472.951 1291.27
v -295.1265 3593.485 1423.722
v -294.994 3600.14 1415.48
v -297.3841 3480.175 1283.653
v -294.3102 3634.455 1469.246
v -294.3076 3634.591 1468.737
v -294.315 3634.217 1468.443
v -293.3285 3683.732 1503.295
v -293.2044 3689.96 1494.677
v -294.1788 3641.052 1460.283
v -294.1862 3640.679 1459.989
v -282.0438 4250.132 1835.461
v -286.3698 4033.006 1732.381
v -277.4648 4479.963 1913.85
v -277.4156 4482.43 1903.293
v -281.9731 4253.685 1825.274
v -286.2786 4037.584 1722.681
v -272.6687 4720.683 1966.18
v -272.6682 4720.711 1965.739
v -268.9867 4905.49 1994.738
v -268.9775 4905.946 1983.799
v -272.6417 4722.041 1954.937
v -94.4765 4802.531 -2345.966
v -98.0194 4624.711 -2318.256
v -94.5223 4800.232 -2361.091
v -94.6802 4799.326 -3156.229
v -95.0996 4799.332 -3156.426
v -98.2466 4620.327 -3154.919
v -98.6658 4620.335 -3155.123
v -120.8639 4620.748 -3155.123
v -117.2993 4799.658 -3156.425
v -267.838 4963.146 -2380.435
v -267.838 4963.146 -2477.817
v -94.54 4799.346 -2367.183
v -94.5405 4799.324 -2367.947
v -94.5405 4799.324 -2466.822
v -271.0497 4801.942 -2366.784
v -271.0309 4802.888 -2357.118
v -91.8009 4964.893 2004.803
v -113.9984 4965.335 2004.803
v -91.3816 4964.891 2004.651
v -90.5558 5027.392 1999.929
v -112.7532 5027.833 1999.929
v -123.7313 4476.83 2815.309
v -101.5339 4476.388 2815.309
v -96.7366 4717.168 2818.202
v -118.9341 4717.61 2818.202
v -101.1146 4476.38 2815.084
v -96.3173 4717.16 2817.989
v -92.6353 4901.963 2819.613
v -93.0546 4901.972 2819.819
v -115.252 4902.414 2819.819
v -132.6375 4029.814 2805.189
v -110.44 4029.372 2805.189
v -106.1136 4246.526 2810.937
v -128.311 4246.969 2810.937
v -110.0208 4029.363 2804.921
v -105.6943 4246.519 2810.693
v -140.5822 3631.053 2790.145
v -118.3848 3630.611 2790.146
v -118.3789 3630.904 2790.487
v -140.5764 3631.347 2790.487
v -118.0727 3630.681 2789.892
v -117.9597 3630.896 2790.157
v -116.9805 3680.044 2792.092
v -117.3997 3680.052 2792.414
v -139.5972 3680.494 2792.414
v -146.7943 3319.26 1106.816
v -124.5969 3318.818 1106.816
v -121.5999 3469.244 1291.484
v -143.7973 3469.686 1291.484
v -121.1784 3469.344 1291.381
v -119.198 3589.793 1423.953
v -141.3955 3590.235 1423.953
v -151.5363 3081.256 690.3387
v -129.3388 3080.814 690.3387
v -127.1875 3188.793 905.8318
v -149.3849 3189.235 905.8318
v -154.3917 2937.943 222.9761
v -132.1942 2937.501 222.9761
v -131.0181 2996.528 462.1467
v -153.2156 2996.97 462.1467
v -155.1228 2901.249 -277.9528
v -132.9253 2900.807 -277.9528
v -132.8358 2905.298 -25.4523
v -155.0333 2905.74 -25.4523
v -153.618 2976.773 -774.5115
v -131.4205 2976.331 -774.5115
v -132.445 2924.914 -529.3396
v -154.6424 2925.356 -529.3396
v -150.0474 3155.986 -1229.314
v -127.85 3155.544 -1229.314
v -129.8776 3053.773 -1008.368
v -152.0751 3054.215 -1008.368
v -145.0723 3405.692 -1607.257
v -122.8728 3405.352 -1607.354
v -125.3714 3279.948 -1435.757
v -147.5688 3280.39 -1435.757
v -137.2919 3796.201 -3138.112
v -115.0924 3795.861 -3138.116
v -117.296 3685.261 -3134.1
v -139.5015 3685.295 -3134.082
v -114.6731 3795.854 -3137.825
v -116.8765 3685.26 -3133.789
v -118.057 3626.009 -3131.177
v -118.4765 3626.004 -3131.501
v -140.6882 3625.731 -3131.469
v -129.5935 4182.599 -3148.381
v -107.396 4182.156 -3148.381
v -111.6228 3970.006 -3143.25
v -133.8203 3970.448 -3143.249
v -106.9767 4182.148 -3148.143
v -111.2035 3969.998 -3142.985
v -102.9209 4406.771 -3152.39
v -125.1183 4407.213 -3152.39
v -102.5015 4406.763 -3152.172
v -109.7998 5176.072 -2381.979
v -87.6017 5175.659 -2381.981
v -90.1239 5049.068 -2386.6
v -112.3237 5049.394 -2386.591
v -89.7045 5049.066 -2386.45
v -91.4185 4984.086 -2381.533
v -113.62 4984.324 -2381.518
v -100.8767 5623.938 -2302.674
v -78.6793 5623.496 -2302.674
v -83.4839 5382.345 -2354.628
v -105.6813 5382.788 -2354.628
v -91.966 6071.175 -2121.092
v -69.7686 6070.732 -2121.092
v -74.097 5853.48 -2224.255
v -96.2945 5853.922 -2224.255
v -84.195 6461.222 -1847.416
v -61.9976 6460.779 -1847.416
v -65.725 6273.688 -1994.906
v -87.9225 6274.13 -1994.906
v -77.813 6781.551 -1495.413
v -55.6155 6781.109 -1495.413
v -58.6173 6630.441 -1680.345
v -80.8147 6630.884 -1680.345
v -73.0692 7019.635 -1078.846
v -50.8717 7019.193 -1078.846
v -53.0233 6911.214 -1294.34
v -75.2205 6911.656 -1294.339
v -70.2137 7162.948 -611.4837
v -48.0164 7162.506 -611.4837
v -49.1924 7103.479 -850.6543
v -71.3899 7103.92 -850.6542
v -69.4827 7199.642 -110.5549
v -47.2853 7199.2 -110.5549
v -47.3748 7194.708 -363.0554
v -69.5723 7195.151 -363.0554
v -70.9875 7124.117 386.0039
v -48.79 7123.675 386.0039
v -47.7656 7175.093 140.8319
v -69.9631 7175.535 140.8319
v -74.5581 6944.906 840.8062
v -52.3605 6944.463 840.8063
v -50.3329 7046.233 619.86
v -72.5305 7046.676 619.86
v -79.9325 6675.158 1237.595
v -57.735 6674.716 1237.595
v -54.8392 6820.06 1047.249
v -77.0367 6820.502 1047.249
v -86.8405 6328.434 1563.621
v -64.643 6327.992 1563.621
v -61.0142 6510.128 1410.25
v -83.2116 6510.571 1410.25
v -95.012 5918.292 1806.133
v -72.8146 5917.85 1806.133
v -68.5878 6130.001 1696.113
v -90.7852 6130.443 1696.113
v -104.1745 5458.417 1952.373
v -81.977 5457.975 1952.373
v -77.2898 5693.235 1892.088
v -99.4872 5693.678 1892.088
v -140.5858 3630.875 1468.942
v -118.3883 3630.432 1468.941
v -118.3867 3630.513 1470.021
v -140.5842 3630.955 1470.021
v -118.3867 3630.513 1635.574
v -140.5842 3630.955 1635.574
v -179.4801 4966.267 2005.035
v -179.4826 4966.142 2005.657
v -244.958 4967.571 2005.035
v -244.9606 4967.447 2005.657
v -244.9605 4967.447 2107.802
v -179.4826 4966.142 2107.802
v -180.3686 4921.67 -3156.865
v -179.5588 4962.314 -3157.012
v -245.8585 4922.374 -3156.863
v -245.0505 4962.932 -3157.01
v -245.0439 4963.261 -3156.817
v -179.5522 4962.645 -3156.819
v -210.5526 3406.694 -1606.973
v -208.4893 3510.25 -1722.24
v -142.991 3510.153 -1723.376
v -273.9913 3510.346 -1721.104
v -272.6204 3579.158 -1785.808
v -207.1003 3579.969 -1787.797
v -114.0605 4962.213 -2379.995
v -91.8585 4962.004 -2380.013
v -91.86 4961.93 -2380.613
v -114.0621 4962.139 -2380.595
v -91.86 4961.93 -2477.974
v -114.062 4962.138 -2477.958
v -206.6266 3603.74 -1810.493
v -206.6248 3603.834 -1811.609
v -272.153 3602.62 -1808.213
v -272.1511 3602.713 -1809.33
v -272.1511 3602.713 -1974.985
v -206.6248 3603.834 -1976.992
v -186.3398 4621.967 -3155.122
v -182.7804 4800.619 -3156.424
v -248.2652 4801.581 -3156.423
v -283.3283 4185.662 -3027.981
v -283.3283 4185.662 -3147.427
v -287.5551 3973.511 -3142.191
v -287.5551 3973.511 -3009.608
v -291.0408 3798.557 -3136.916
v -291.0408 3798.557 -2991.1
v -274.6027 4623.609 -3052.116
v -274.6027 4623.609 -3154.306
v -278.8531 4410.276 -3151.518
v -278.8531 4410.276 -3042.334
v -268.6454 4922.619 -3058.344
v -268.6454 4922.619 -3156.081
v -271.0502 4801.915 -3155.633
v -271.0502 4801.915 -3056.773
v -268.5019 4922.618 -3156.667
v -270.9067 4801.913 -3156.225
v -114.0621 4962.138 -3058.899
v -114.0621 4962.139 -3156.24
v -179.55 4962.755 -3156.237
v -179.55 4962.755 -3058.89
v -245.0417 4963.371 -3156.234
v -245.0418 4963.371 -3058.881
v -92.1217 4920.722 -3058.365
v -92.1217 4920.722 -3156.087
v -91.3096 4961.482 -3156.238
v -91.3096 4961.482 -3058.896
v -91.4427 4961.815 -3156.24
v -91.4427 4961.815 -3058.901
v -106.8369 4182.145 -3027.981
v -106.837 4182.145 -3147.427
v -102.3618 4406.76 -3151.518
v -102.3618 4406.76 -3042.334
v -98.1068 4620.325 -3154.307
v -98.1068 4620.325 -3052.119
v -114.5333 3795.852 -2991.227
v -114.5333 3795.852 -3136.952
v -111.0637 3969.995 -3142.191
v -111.0637 3969.995 -3009.608
v -118.466 3605.48 -2964.322
v -118.466 3605.48 -3129.284
v -118.3179 3605.894 -3129.302
v -118.3179 3605.894 -2964.387
v -118.5727 3605.585 -3130.02
v -118.4578 3605.892 -3130.29
v -117.9171 3626.011 -3130.203
v -117.9171 3626.011 -2967.546
v -141.1022 3604.955 -2964.169
v -141.1022 3604.955 -3129.24
v -118.8883 3605.335 -3129.277
v -118.8883 3605.335 -2964.298
v -141.0994 3605.094 -3130.235
v -118.8856 3605.473 -3130.271
v -293.2927 3685.53 -3132.709
v -293.2927 3685.53 -2976.34
v -293.1492 3685.53 -3133.646
v -294.5219 3623.84 -3129.948
v -294.5219 3623.839 -2966.653
v -267.6878 4963.475 -3058.876
v -267.6878 4963.475 -3156.233
v -267.838 4963.146 -3156.232
v -267.838 4963.146 -3058.872
v -267.5779 4963.388 -3156.665
v -267.6944 4963.145 -3156.815
v -94.5404 4799.324 -3155.637
v -94.5405 4799.324 -3056.785
v -91.86 4961.93 -3156.24
v -91.86 4961.93 -3058.902
v -294.8041 3602.468 -2963.297
v -294.8041 3602.468 -3128.992
v -294.3762 3602.332 -3128.986
v -294.3762 3602.332 -2963.277
v -272.1511 3602.713 -3129.023
v -272.1511 3602.713 -2963.407
v -91.2378 4965.091 1986.691
v -91.2338 4965.29 1990.069
v -91.2393 4965.014 2000.363
v -90.0005 5027.191 1980.186
v -100.862 4482.04 1893.56
v -96.1079 4720.65 1944.964
v -96.1579 4718.145 1960.03
v -92.4612 4903.685 1975.376
v -109.6833 4039.284 1713.797
v -105.3981 4254.362 1815.922
v -117.5943 3642.215 1454.978
v -117.6328 3640.28 1457.734
v -117.7634 3633.728 1465.593
v -116.6009 3692.076 1488.022
v -123.7002 3335.756 1094.15
v -120.7299 3484.84 1277.134
v -120.9522 3473.678 1287.385
v -118.3718 3603.194 1409.652
v -128.3966 3100.035 681.6995
v -126.2663 3206.959 895.0879
v -131.224 2958.121 218.9012
v -130.0595 3016.572 455.7361
v -131.948 2921.786 -277.1353
v -131.8594 2926.233 -27.1009
v -130.4579 2996.573 -768.8445
v -131.4723 2945.657 -526.067
v -126.9222 3174.034 -1219.205
v -128.9301 3073.258 -1000.417
v -122.0199 3420.092 -1592.319
v -124.4678 3297.224 -1423.632
v -114.3177 3806.673 -1955.823
v -116.5849 3692.877 -1866.539
v -116.6932 3687.442 -1882.214
v -117.8425 3629.759 -1809.476
v -106.6681 4190.621 -2175.105
v -110.8536 3980.543 -2066.159
v -102.2366 4413.042 -2260.22
v -87.0652 5174.52 -2360.623
v -89.5568 5049.466 -2365.221
v -89.5623 5049.182 -2380.503
v -90.8349 4985.314 -2361.902
v -78.2318 5617.883 -2282.082
v -82.9895 5379.088 -2333.529
v -69.4082 6060.753 -2102.274
v -73.6944 5845.622 -2204.429
v -61.713 6446.99 -1831.271
v -65.4041 6261.726 -1977.32
v -55.3931 6764.19 -1482.705
v -58.3656 6614.995 -1665.831
v -50.6959 6999.95 -1070.207
v -52.8263 6893.026 -1283.596
v -47.8685 7141.863 -607.4089
v -49.033 7083.413 -844.2435
v -47.1445 7178.199 -111.3723
v -47.2332 7173.751 -361.4067
v -48.6346 7103.412 380.3368
v -47.6201 7154.327 137.5593
v -52.1703 6925.95 830.6973
v -50.1625 7026.727 611.9088
v -57.4921 6658.836 1223.611
v -54.6247 6802.761 1035.124
v -64.3327 6315.499 1546.453
v -60.7393 6495.857 1394.58
v -72.4244 5909.363 1786.597
v -68.2388 6119.441 1677.651
v -81.4986 5453.919 1931.409
v -76.8559 5686.942 1871.712
v -92.1204 4920.785 -2375.995
v -91.3084 4961.539 -2379.173
v -120.2208 3510.389 -1723.205
v -120.1707 3512.903 -1718.094
v -120.3646 3510.188 -1723.627
v -118.81 3581.196 -1789.785
v -94.5387 4799.408 -2366.531
v -265.5005 5051.644 -2386.529
v -243.2896 5051.317 -2386.538
v -89.5644 5049.076 -2385.999
v -267.823 4963.891 -2379.413
v -267.8195 4964.072 -2369.688
v -91.854 4962.227 -2379.829
v -114.0562 4962.436 -2379.811
v -91.2703 4963.457 -2365.249
v -283.3283 4185.662 -2671.548
v -287.5551 3973.511 -2613.976
v -291.0408 3798.557 -2555.98
v -274.6027 4623.609 -2747.178
v -278.8531 4410.276 -2716.526
v -268.6454 4922.619 -2766.695
v -271.0502 4801.915 -2761.769
v -114.0621 4962.139 -2768.432
v -179.55 4962.755 -2768.404
v -179.55 4962.755 -2477.911
v -245.0417 4963.371 -2768.376
v -92.1217 4920.722 -2766.761
v -91.3096 4961.482 -2768.424
v -91.4427 4961.815 -2768.437
v -106.837 4182.145 -2671.548
v -102.3618 4406.76 -2716.527
v -98.1068 4620.325 -2747.188
v -114.5333 3795.852 -2556.38
v -111.0637 3969.995 -2613.976
v -118.466 3605.48 -2472.07
v -118.3179 3605.894 -2472.275
v -118.3179 3605.894 -1980.15
v -117.9171 3626.011 -2482.173
v -141.1022 3604.955 -2471.59
v -118.8883 3605.335 -2471.995
v -293.2927 3685.53 -2509.729
v -293.2927 3685.53 -2043.106
v -294.5219 3623.84 -2479.374
v -267.6878 4963.475 -2768.362
v -267.838 4963.146 -2768.348
v -94.5404 4799.324 -2761.807
v -91.86 4961.93 -2768.442
v -294.8041 3602.468 -2468.86
v -294.3762 3602.332 -2468.797
v -294.3762 3602.332 -1974.304
v -272.1511 3602.713 -2469.202
v -272.5254 4720.671 2817.989
v -272.0949 4720.662 2818.202
v -249.8863 4720.22 2818.202
v -96.1757 4717.249 1965.448
v -272.6689 4720.674 1966.895
v -272.6689 4720.674 2073.628
v -91.2616 4963.891 2005.579
v -91.2616 4963.891 2107.733
v -267.7529 4967.412 2004.455
v -267.7496 4967.576 1993.47
v -91.4014 4963.894 2820.157
v -91.8207 4963.902 2820.361
v -91.5047 4964.17 2820.002
v -91.8134 4964.271 2820.161
v -114.0108 4964.714 2820.161
v -114.0182 4964.344 2820.361
v -91.247 4964.63 1990.043
v -268.9869 4905.477 2407.434
v -267.753 4967.407 2412.564
v -268.9869 4905.477 2715.694
v -267.753 4967.407 2717.394
v -267.6021 4967.774 2717.404
v -267.6021 4967.774 2412.595
v -286.3723 4032.877 2268.923
v -282.0458 4250.032 2323.344
v -286.3723 4032.877 2669.784
v -282.0458 4250.032 2687.822
v -277.4662 4479.894 2701.539
v -277.4662 4479.894 2364.729
v -294.1735 3634.113 2129.624
v -294.3112 3634.41 2129.733
v -294.3112 3634.41 1635.816
v -294.1735 3634.113 2623.614
v -294.3112 3634.41 2623.65
v -293.332 3683.557 2629.697
v -293.332 3683.557 2147.978
v -140.5842 3630.955 2129.588
v -206.0584 3632.26 2129.588
v -206.0584 3632.26 1635.574
v -140.5842 3630.955 2623.602
v -206.0584 3632.26 2623.602
v -271.5363 3633.564 2623.602
v -271.5363 3633.564 2129.588
v -109.881 4029.361 2268.923
v -113.9187 3826.7 2202.421
v -113.9187 3826.7 1757.1
v -109.881 4029.361 2669.784
v -113.9187 3826.7 2647.742
v -116.8407 3680.041 2629.697
v -116.8407 3680.041 2147.978
v -100.9748 4476.377 2364.729
v -105.5545 4246.516 2323.344
v -100.9748 4476.377 2701.54
v -105.5545 4246.516 2687.822
v -92.4955 4901.96 2407.433
v -96.1775 4717.157 2392.124
v -92.4955 4901.96 2715.694
v -96.1776 4717.157 2710.62
v -114.0083 4964.837 2412.605
v -91.8109 4964.395 2412.605
v -114.0084 4964.838 2717.408
v -91.8109 4964.395 2717.408
v -91.3941 4964.264 2717.405
v -91.3941 4964.264 2412.595
v -117.9655 3630.602 2129.624
v -118.3867 3630.513 2129.588
v -117.9655 3630.602 2623.614
v -118.3867 3630.513 2623.602
v -267.1692 4967.89 2412.605
v -267.1693 4967.89 2107.802
v -267.1692 4967.889 2717.408
v -244.9605 4967.446 2717.408
v -244.9606 4967.447 2412.605
v -272.6689 4720.674 2392.124
v -272.6689 4720.674 2710.619
v -91.2616 4963.891 2412.564
v -91.2616 4963.891 2717.394
v -268.9869 4905.477 2818.996
v -267.753 4967.407 2819.547
v -267.6021 4967.774 2819.55
v -286.3723 4032.877 2804.118
v -282.0458 4250.032 2809.964
v -277.4662 4479.894 2814.409
v -294.1735 3634.113 2789.156
v -294.3112 3634.41 2789.168
v -294.0604 3634.187 2789.892
v -294.1677 3634.407 2790.157
v -293.332 3683.557 2791.127
v -140.5842 3630.955 2789.152
v -206.0584 3632.26 2789.152
v -206.0564 3632.357 2790.146
v -271.5344 3633.662 2790.145
v -271.5363 3633.564 2789.152
v -109.881 4029.361 2804.118
v -113.9187 3826.7 2796.975
v -114.0585 3826.702 2797.867
v -116.8407 3680.041 2791.127
v -100.9748 4476.377 2814.409
v -105.5545 4246.516 2809.964
v -92.4955 4901.96 2818.996
v -96.1776 4717.157 2817.352
v -114.0083 4964.837 2819.551
v -91.8109 4964.395 2819.551
v -91.3941 4964.264 2819.55
v -117.9655 3630.602 2789.156
v -118.3867 3630.513 2789.152
v -267.1692 4967.89 2819.551
v -244.9606 4967.447 2819.551
v -272.6689 4720.674 2817.351
v -91.2617 4963.891 2819.547
v -179.4726 4966.64 2004.803
v -244.9506 4967.945 2004.803
v -178.2275 5029.139 1999.929
v -180.7263 4903.719 2819.819
v -179.4924 4965.648 2820.361
v -179.485 4966.019 2820.161
v -198.1117 4031.119 2805.189
v -193.7852 4248.273 2810.937
v -189.2055 4478.135 2815.308
v -206.0506 3632.651 2790.487
v -271.5285 3633.956 2790.487
v -205.0714 3681.798 2792.414
v -212.2686 3320.564 1106.816
v -209.2715 3470.99 1291.483
v -274.7495 3472.294 1291.483
v -206.8697 3591.54 1423.953
v -217.0105 3082.561 690.3387
v -214.8592 3190.539 905.8317
v -219.8659 2939.248 222.9761
v -218.6898 2998.275 462.1466
v -220.5969 2902.553 -277.9528
v -220.5075 2907.045 -25.4523
v -219.0922 2978.078 -774.5115
v -220.1166 2926.66 -529.3396
v -215.5216 3157.29 -1229.314
v -217.5493 3055.519 -1008.368
v -213.043 3281.694 -1435.757
v -202.7721 3797.204 -3138.098
v -204.9998 3685.395 -3134.029
v -270.5017 3685.495 -3133.976
v -206.2046 3624.925 -3131.377
v -195.0677 4183.903 -3148.381
v -199.2945 3971.753 -3143.25
v -190.5925 4408.518 -3152.39
v -179.1063 4985.029 -2381.471
v -179.5441 4963.054 -2379.758
v -179.5485 4962.829 -2379.942
v -166.3509 5625.242 -2302.674
v -171.1555 5384.092 -2354.627
v -175.2757 5177.291 -2381.972
v -157.4402 6072.479 -2121.092
v -161.7687 5855.227 -2224.255
v -149.6692 6462.526 -1847.416
v -153.3967 6275.435 -1994.905
v -143.2871 6782.855 -1495.413
v -146.2889 6632.188 -1680.345
v -138.5434 7020.94 -1078.846
v -140.6948 6912.96 -1294.339
v -135.6881 7164.253 -611.4836
v -136.8642 7105.226 -850.6542
v -134.9571 7200.947 -110.5549
v -135.0466 7196.456 -363.0553
v -136.4617 7125.422 386.0039
v -135.4374 7176.84 140.8319
v -140.0322 6946.209 840.8062
v -138.0046 7047.98 619.8599
v -145.4067 6676.462 1237.595
v -142.5109 6821.806 1047.249
v -152.3147 6329.738 1563.621
v -148.6859 6511.874 1410.25
v -160.4863 5919.597 1806.133
v -156.2595 6131.748 1696.113
v -169.6487 5459.722 1952.373
v -164.9614 5694.982 1892.088
v -206.06 3632.179 1468.941
v -206.0584 3632.26 1470.021
v -179.55 4962.755 -2380.541
v -267.1667 4968.014 2005.035
v -267.1692 4967.89 2005.657
v -268.0713 4922.613 -3156.862
v -267.2638 4963.141 -3157.009
v -267.2573 4963.471 -3156.816
v -296.2082 3510.379 -1720.719
v -296.6378 3510.429 -1720.665
v -294.8433 3578.883 -1785.134
v -294.378 3602.24 -1807.44
v -294.3762 3602.332 -1808.557
v -270.4762 4801.907 -3156.422
v -267.2551 4963.581 -3156.233
v -267.2551 4963.581 -3058.878
v -206.622 3603.975 -3130.128
v -206.6248 3603.834 -3129.132
v -206.6248 3603.834 -2963.788
v -177.8047 5050.355 -2386.564
v -267.2551 4963.581 -2768.367
v -206.6248 3603.834 -2470.396
v -184.4083 4718.915 2818.202
v -293.745 3634.007 2623.602
v -293.745 3634.007 2129.588
v -179.4826 4966.142 2717.408
v -179.4826 4966.142 2412.605
v -293.743 3634.104 2790.146
v -293.745 3634.007 2789.152
v -179.4826 4966.142 2819.551
v -267.1593 4968.387 2004.803
v -91.2415 4964.905 2004.197
v -262.7729 5217.366 1985.081
v -262.7932 5216.35 1974.187
v -86.8401 5213.89 1985.387
v -109.0375 5214.332 1985.387
v -86.3178 5212.035 1964.1
v -174.5117 5215.636 1985.387
v -266.4988 5030.357 1956.388
v -267.7206 4969.032 1961.169
v -267.7303 4968.544 1961.179
v -249.0905 5904.11 1766.227
v -253.4817 5683.709 1850.57
v -258.081 5452.863 1909.724
v -241.0722 6306.556 1528.264
v -244.943 6112.28 1658.271
v -234.2937 6646.774 1208.355
v -237.5114 6485.275 1377.771
v -229.0201 6911.461 819.0112
v -231.4522 6789.391 1021.581
v -225.5167 7087.311 372.7418
v -227.0306 7011.322 602.2103
v -224.0404 7161.419 -114.5006
v -224.5116 7137.765 132.1697
v -224.7577 7125.414 -606.0311
v -224.1281 7157.012 -362.2637
v -227.5594 6984.789 -1064.625
v -225.9117 7067.494 -840.7145
v -232.2139 6751.172 -1473.376
v -229.6703 6878.836 -1276.075
v -238.4763 6436.852 -1818.776
v -235.1594 6603.331 -1654.839
v -246.1016 6054.123 -2087.317
v -242.1339 6253.27 -1963.498
v -254.845 5615.277 -2265.492
v -250.3488 5840.946 -2188.544
v -263.6046 5175.617 -2343.294
v -259.5594 5378.65 -2316.471
v -267.377 4986.281 -2342.749
v -266.093 5050.723 -2347.774
v -268.6156 4924.11 -2337.901
v -267.8233 4963.878 -2341.002
v -267.8154 4964.275 -2341.033
v -283.0231 4200.98 -2159.486
v -278.6319 4421.381 -2243.828
v -274.4612 4630.711 -2301.305
v -290.5909 3821.138 -1942.778
v -287.1705 3992.81 -2051.53
v -294.4264 3628.635 -1779.324
v -294.4161 3629.147 -1779.805
v -294.8038 3609.69 -1800.48
v -294.0067 3649.699 -1799.13
v -298.2253 3437.953 -1582.468
v -296.2247 3538.368 -1694.446
v -296.638 3517.624 -1713.911
v -294.8857 3605.579 -1757.645
v -303.0933 3193.628 -1212.27
v -300.6611 3315.698 -1414.84
v -306.5968 3017.778 -766.0004
v -305.0829 3093.767 -995.469
v -308.0733 2943.671 -278.7579
v -307.602 2967.325 -525.4282
v -307.356 2979.676 212.7728
v -307.9855 2948.078 -30.9947
v -304.5542 3120.3 671.3668
v -306.202 3037.596 447.456
v -299.9012 3353.839 1080.031
v -302.4432 3226.253 882.8167
v -293.8072 3659.703 1435.105
v -293.8138 3659.37 1434.777
v -294.193 3640.342 1459.657
v -294.6036 3619.731 1391.217
v -286.01 4051.062 1694.126
v -289.972 3852.203 1570.509
v -290.2966 3835.907 1597.313
v -292.8391 3708.296 1469.308
v -277.271 4489.691 1872.214
v -281.7647 4264.143 1795.286
v -268.9508 4907.291 1951.595
v -272.5637 4725.955 1923.137
v -270.9753 4805.672 -2328.665
v -267.8089 4964.604 -2341.059
v -267.74 4968.059 1961.131
v -262.8528 5213.356 1942.118
v -296.9581 3472.737 1291.483
v -121.0321 3469.667 1291.075
v -294.3217 3633.877 1468.108
v -118.3931 3630.191 1468.346
v -140.5906 3630.633 1468.346
v -117.6423 3639.805 1457.314
v -206.0648 3631.938 1468.346
v -296.9604 3501.442 1261.233
v -293.7372 3634.398 2790.487
v -117.8121 3631.284 1468.517
v -294.3112 3634.41 1470.296
v -113.9187 3826.7 1607.865
v -290.4069 3830.371 1606.418
v -114.4778 3826.71 2798.164
v -136.6752 3827.153 2798.164
v -113.6843 3838.466 1588.937
v -290.41 3830.216 2647.742
v -290.41 3830.216 2202.421
v -117.8199 3630.894 2623.65
v -117.8199 3630.894 2129.733
v -290.41 3830.216 2796.975
v -117.8199 3630.894 2789.168
v -202.1495 3828.457 2798.164
v -293.7999 3660.07 1435.394
v -292.7185 3685.529 -3133.958
v -116.7323 3685.482 -1887.846
v -118.3179 3605.894 -1815.196
v -293.2927 3685.53 -1886.7
v -294.9355 3603.08 -1807.504
v -118.8774 3605.885 -3130.618
v -141.0912 3605.508 -3130.582
v -116.7367 3685.26 -3132.855
v -116.7367 3685.26 -2976.85
v -294.9392 3602.895 -3129.011
v -294.9392 3602.894 -2963.364
v -118.2776 3607.92 -1795.801
v -116.7367 3685.26 -2511.327
v -294.9392 3602.895 -2469.068
v -206.6136 3604.395 -3130.476
v -292.8006 3710.232 -1856.05
v -120.0312 3519.904 -1703.891
v -120.7854 3510.121 -1723.761
v -296.7784 3510.578 -1720.523
v -272.1585 3602.343 -1807.609
v -206.6323 3603.459 -1809.885
v -118.3347 3605.052 -1812.217
v -294.3835 3601.964 -1806.836
v -294.4345 3628.224 -1778.938
#end vertices

#begin 1741 textures vertices 
vt 0.3148699 0.5575068 0
vt 0.283718 0.5274121 0
vt 0.246427 0.3321603 0
vt 0.3239573 0.5154942 0
vt 0.267087 0.5863001 0
vt 0.2411762 0.5298347 0
vt 0.2154283 0.5631684 0
vt 0.1998431 0.5225526 0
vt 0.1683788 0.5491771 0
vt 0.1620519 0.5063975 0
vt 0.1158238 0.541785 0
vt 0.1289741 0.4824258 0
vt 0.09039397 0.4927615 0
vt 0.1018211 0.4517429 0
vt 0.06227861 0.452899 0
vt 0.08175453 0.4154041 0
vt 0.04328605 0.4069695 0
vt 0.06996114 0.374487 0
vt 0.03475689 0.3567768 0
vt 0.06750687 0.3312699 0
vt 0.03754857 0.3059391 0
vt 0.07459011 0.2892787 0
vt 0.05121685 0.2581547 0
vt 0.09041159 0.2508982 0
vt 0.07158097 0.2188359 0
vt 0.1070416 0.2251621 0
vt 0.07650931 0.1851219 0
vt 0.1205973 0.2097182 0
vt 0.1095266 0.1756048 0
vt 0.1440694 0.1897881 0
vt 0.1457462 0.1504928 0
vt 0.1798026 0.1694637 0
vt 0.1876807 0.1318364 0
vt 0.2127582 0.1588314 0
vt 0.219958 0.1071241 0
vt 0.2338938 0.1551339 0
vt 0.2464666 0.1216273 0
vt 0.2625868 0.1551495 0
vt 0.2903588 0.1256499 0
vt 0.303923 0.162437 0
vt 0.3374053 0.1396452 0
vt 0.3417151 0.1785952 0
vt 0.3795493 0.1635326 0
vt 0.374781 0.2025514 0
vt 0.4153784 0.1960416 0
vt 0.4019379 0.2332335 0
vt 0.4434947 0.2358962 0
vt 0.4220034 0.2695681 0
vt 0.4624888 0.2818246 0
vt 0.4337947 0.3104823 0
vt 0.4710144 0.3320152 0
vt 0.4362473 0.3536966 0
vt 0.4682222 0.3828487 0
vt 0.4291609 0.3956827 0
vt 0.4545468 0.4306317 0
vt 0.413335 0.4340553 0
vt 0.4311199 0.4734135 0
vt 0.3898235 0.4676145 0
vt 0.3991992 0.5097686 0
vt 0.35968 0.4951602 0
vt 0.3600272 0.5382753 0
vt 0.9516799 0.066411 0
vt 0.9598815 0.06698324 0
vt 0.9598806 0.06699779 0
vt 0.9516789 0.06642555 0
vt 0.9661014 0.06742618 0
vt 0.9661007 0.06744076 0
vt 0.9660576 0.06817966 0
vt 0.9598299 0.06773695 0
vt 0.9516285 0.0671648 0
vt 0.724165 0.2215767 0
vt 0.4087258 0.07547044 0
vt 0.4087275 0.07548622 0
vt 0.4087135 0.07548634 0
vt 0.4107792 0.07532546 0
vt 0.4107804 0.07534134 0
vt 0.4108344 0.07607971 0
vt 0.4087732 0.0762281 0
vt 0.4087592 0.07622892 0
vt 0.4249429 0.07429761 0
vt 0.4325934 0.07374293 0
vt 0.4325945 0.07375939 0
vt 0.424944 0.07431378 0
vt 0.4398226 0.07321814 0
vt 0.4398235 0.07323503 0
vt 0.4398769 0.07397411 0
vt 0.432648 0.07449843 0
vt 0.4249975 0.07505282 0
vt 0.4465757 0.07272277 0
vt 0.4465766 0.0727402 0
vt 0.4514731 0.07236606 0
vt 0.4514733 0.072384 0
vt 0.4515051 0.07312702 0
vt 0.4466269 0.07347978 0
vt 0.5715552 0.3805696 0
vt 0.4970981 0.06921223 0
vt 0.4970982 0.06922682 0
vt 0.4970766 0.06922833 0
vt 0.4990928 0.06907305 0
vt 0.4990934 0.06908761 0
vt 0.4991442 0.06982678 0
vt 0.4971501 0.06996672 0
vt 0.4971288 0.06996828 0
vt 0.5129795 0.06805986 0
vt 0.5209532 0.0675034 0
vt 0.520954 0.06751793 0
vt 0.5129803 0.0680744 0
vt 0.5289842 0.06696567 0
vt 0.5289849 0.06698021 0
vt 0.5290334 0.0677196 0
vt 0.5210046 0.06825718 0
vt 0.5130327 0.06881348 0
vt 0.5370908 0.06644622 0
vt 0.5370916 0.06646076 0
vt 0.5453018 0.06594408 0
vt 0.5453024 0.06595861 0
vt 0.5453466 0.06669828 0
vt 0.5371379 0.06720029 0
vt 0.5536526 0.06545812 0
vt 0.5536533 0.06547266 0
vt 0.5620727 0.06499304 0
vt 0.5620733 0.06500757 0
vt 0.5621131 0.06574748 0
vt 0.5536952 0.06621245 0
vt 0.5704941 0.06455312 0
vt 0.5704947 0.06456765 0
vt 0.5788491 0.06414166 0
vt 0.5788497 0.06415619 0
vt 0.578885 0.06489633 0
vt 0.5705322 0.06530768 0
vt 0.5870668 0.06376182 0
vt 0.5870674 0.06377635 0
vt 0.5951828 0.06341115 0
vt 0.5951833 0.06342568 0
vt 0.5952142 0.06416601 0
vt 0.5871005 0.06451659 0
vt 0.6032247 0.06308719 0
vt 0.6032253 0.06310172 0
vt 0.6102805 0.06282196 0
vt 0.6102812 0.06283649 0
vt 0.6103132 0.06357671 0
vt 0.6032542 0.06384214 0
vt 0.577108 0.9162623 0
vt 0.6636929 0.06032708 0
vt 0.6636981 0.06034455 0
vt 0.6636806 0.0603446 0
vt 0.6643898 0.06029898 0
vt 0.6643919 0.06031694 0
vt 0.6644393 0.06105923 0
vt 0.6637408 0.0610788 0
vt 0.6637222 0.06107908 0
vt 0.6702479 0.060259 0
vt 0.6760919 0.0602322 0
vt 0.6760922 0.06024905 0
vt 0.6702484 0.06027633 0
vt 0.6831728 0.06019583 0
vt 0.6831731 0.06021224 0
vt 0.683177 0.06095322 0
vt 0.6760964 0.06099012 0
vt 0.6702579 0.06101775 0
vt 0.6906682 0.06015633 0
vt 0.6906684 0.06017243 0
vt 0.697787 0.06011789 0
vt 0.6977872 0.06013378 0
vt 0.6977917 0.06087489 0
vt 0.6906723 0.0609134 0
vt 0.7334437 0.8258675 0
vt 0.7350527 0.059732 0
vt 0.7350517 0.0597465 0
vt 0.7350417 0.05974652 0
vt 0.7357942 0.05973655 0
vt 0.7357942 0.05975109 0
vt 0.7357969 0.06049123 0
vt 0.7350595 0.06049036 0
vt 0.7350499 0.06049041 0
vt 0.7422383 0.05969275 0
vt 0.7492073 0.05966195 0
vt 0.7492073 0.05967649 0
vt 0.7422384 0.05970729 0
vt 0.7574457 0.05964912 0
vt 0.7574458 0.05966367 0
vt 0.7574457 0.06040463 0
vt 0.7492092 0.06041743 0
vt 0.7422422 0.06044798 0
vt 0.7655616 0.0596617 0
vt 0.7655617 0.05967625 0
vt 0.7735945 0.05969921 0
vt 0.7735945 0.05971375 0
vt 0.7735899 0.06045471 0
vt 0.7655593 0.06041722 0
vt 0.7815763 0.05976086 0
vt 0.7815762 0.05977541 0
vt 0.7895325 0.05984616 0
vt 0.7895324 0.05986071 0
vt 0.7895233 0.06060163 0
vt 0.7815694 0.06051636 0
vt 0.797484 0.05995476 0
vt 0.7974839 0.05996932 0
vt 0.8054491 0.06008654 0
vt 0.8054489 0.0601011 0
vt 0.8054356 0.06084196 0
vt 0.7974727 0.0607102 0
vt 0.8134455 0.06024183 0
vt 0.8134453 0.06025638 0
vt 0.8214925 0.06042122 0
vt 0.8214923 0.06043578 0
vt 0.8214747 0.06117654 0
vt 0.8134298 0.0609972 0
vt 0.8296131 0.06062537 0
vt 0.8296129 0.06063993 0
vt 0.837836 0.06085576 0
vt 0.8378357 0.06087032 0
vt 0.8378139 0.06161097 0
vt 0.8295932 0.06138064 0
vt 0.8461968 0.06111407 0
vt 0.8461964 0.06112863 0
vt 0.8546245 0.06139853 0
vt 0.8546242 0.06141309 0
vt 0.8545981 0.06215362 0
vt 0.8461725 0.06186922 0
vt 0.8630513 0.06170703 0
vt 0.8630509 0.06172159 0
vt 0.8714095 0.06203653 0
vt 0.871409 0.06205111 0
vt 0.8713788 0.06279146 0
vt 0.8630228 0.06246204 0
vt 0.879628 0.06238363 0
vt 0.8796275 0.06239819 0
vt 0.8877426 0.0627488 0
vt 0.8877421 0.06276337 0
vt 0.8877078 0.06350355 0
vt 0.8795952 0.06313847 0
vt 0.8957821 0.06313253 0
vt 0.8957815 0.0631471 0
vt 0.9037693 0.06353547 0
vt 0.9037687 0.06355004 0
vt 0.9037303 0.06429002 0
vt 0.8957451 0.06388718 0
vt 0.9117238 0.06395815 0
vt 0.9117231 0.06397272 0
vt 0.919663 0.06440147 0
vt 0.9196623 0.06441603 0
vt 0.9196199 0.0651558 0
vt 0.9116827 0.0647126 0
vt 0.9276054 0.06486655 0
vt 0.9276046 0.06488112 0
vt 0.9355717 0.065355 0
vt 0.9355709 0.06536956 0
vt 0.9355244 0.06610908 0
vt 0.9275603 0.06562076 0
vt 0.9435874 0.06586888 0
vt 0.9435864 0.06588344 0
vt 0.943538 0.06662282 0
vt 0.3248014 0.58991 0
vt 0.2969029 0.596463 0
vt 0.2968935 0.5964089 0
vt 0.324786 0.5898573 0
vt 0.2754637 0.6002438 0
vt 0.2754587 0.600189 0
vt 0.2753954 0.5996007 0
vt 0.296777 0.5957808 0
vt 0.3246051 0.5892452 0
vt 0.9678011 0.07345955 0
vt 0.2681599 0.6015465 0
vt 0.2681548 0.60147 0
vt 0.2682131 0.6014698 0
vt 0.2608742 0.6011018 0
vt 0.2608704 0.6010253 0
vt 0.2608656 0.6004336 0
vt 0.2681345 0.6010235 0
vt 0.268182 0.600925 0
vt 0.2106779 0.5964345 0
vt 0.1831877 0.589906 0
vt 0.1831995 0.5898275 0
vt 0.2106844 0.5963568 0
vt 0.1568957 0.5803801 0
vt 0.1569127 0.5803007 0
vt 0.1571544 0.5797113 0
vt 0.1833767 0.5892152 0
vt 0.2107944 0.595728 0
vt 0.132029 0.5680461 0
vt 0.1320508 0.5679657 0
vt 0.113899 0.5577364 0
vt 0.1139243 0.5576554 0
vt 0.1142391 0.5571583 0
vt 0.1323506 0.5674045 0
vt 0.1077682 0.5542464 0
vt 0.1077257 0.5541819 0
vt 0.1077576 0.5541372 0
vt 0.1078007 0.5541724 0
vt 0.1025552 0.5494856 0
vt 0.1025881 0.5494418 0
vt 0.1029476 0.548977 0
vt 0.1080159 0.553777 0
vt 0.1081115 0.553729 0
vt 0.06767177 0.5157663 0
vt 0.05038765 0.4939395 0
vt 0.05043166 0.4939075 0
vt 0.06771199 0.5157297 0
vt 0.03549552 0.4701921 0
vt 0.03554274 0.4701652 0
vt 0.03609057 0.4698534 0
vt 0.0509422 0.4935361 0
vt 0.06818063 0.5153046 0
vt 0.02320593 0.4447124 0
vt 0.0232558 0.444691 0
vt 0.01371904 0.4176827 0
vt 0.01377097 0.4176672 0
vt 0.01437347 0.4174871 0
vt 0.0238345 0.4444431 0
vt 0.007230451 0.3892829 0
vt 0.007283806 0.3892735 0
vt 0.00390625 0.3601042 0
vt 0.003960298 0.3601011 0
vt 0.00458744 0.3600655 0
vt 0.007902581 0.3891647 0
vt 0.00390625 0.3307361 0
vt 0.003960272 0.3307393 0
vt 0.007136936 0.3017846 0
vt 0.007190273 0.3017942 0
vt 0.007809287 0.3019049 0
vt 0.004587422 0.3307774 0
vt 0.01350148 0.2738551 0
vt 0.01355345 0.2738706 0
vt 0.02282614 0.2471484 0
vt 0.02287611 0.2471698 0
vt 0.0234558 0.2474175 0
vt 0.01415652 0.2740514 0
vt 0.03493134 0.2218641 0
vt 0.03497872 0.2218908 0
vt 0.0475351 0.2006027 0
vt 0.04757681 0.2006374 0
vt 0.04805914 0.2010422 0
vt 0.03552813 0.2222019 0
vt 0.06837837 0.174473 0
vt 0.06843519 0.1744033 0
vt 0.06845275 0.1745062 0
vt 0.06839889 0.1745674 0
vt 0.07055841 0.1719886 0
vt 0.07057859 0.1720878 0
vt 0.07075685 0.1727714 0
vt 0.06856597 0.1750443 0
vt 0.06854303 0.1752177 0
vt 0.08867511 0.1536834 0
vt 0.1076304 0.1390144 0
vt 0.1076636 0.139089 0
vt 0.08870944 0.1537615 0
vt 0.1309849 0.1239296 0
vt 0.1310129 0.1240041 0
vt 0.1313208 0.1245614 0
vt 0.1080301 0.1396085 0
vt 0.08908484 0.1542882 0
vt 0.1560468 0.1114893 0
vt 0.1560695 0.1115639 0
vt 0.1801317 0.1023356 0
vt 0.1801495 0.1024103 0
vt 0.1803398 0.1030207 0
vt 0.1563145 0.1121523 0
vt 0.2192473 0.09382349 0
vt 0.219287 0.09383694 0
vt 0.2192968 0.09389097 0
vt 0.219258 0.09389733 0
vt 0.2218031 0.09340382 0
vt 0.2218124 0.09345793 0
vt 0.2219036 0.0940403 0
vt 0.2193752 0.09432733 0
vt 0.219358 0.09442948 0
vt 0.2439796 0.09124568 0
vt 0.2682182 0.09212638 0
vt 0.268215 0.09218121 0
vt 0.243982 0.09130064 0
vt 0.296717 0.09547158 0
vt 0.2967077 0.09552568 0
vt 0.2965994 0.09615444 0
vt 0.2681782 0.09281835 0
vt 0.2440087 0.09193949 0
vt 0.3242138 0.1020011 0
vt 0.3241986 0.1020538 0
vt 0.35051 0.1115345 0
vt 0.3504891 0.1115852 0
vt 0.3502459 0.1121736 0
vt 0.3240214 0.1026661 0
vt 0.3754096 0.1238902 0
vt 0.3753833 0.1239382 0
vt 0.3987079 0.1388878 0
vt 0.3986766 0.1389325 0
vt 0.3983125 0.1394523 0
vt 0.3750777 0.1244956 0
vt 0.4202051 0.1563456 0
vt 0.4201691 0.1563866 0
vt 0.4397008 0.1760816 0
vt 0.4396605 0.1761184 0
vt 0.4391934 0.1765447 0
vt 0.419751 0.1568625 0
vt 0.4569964 0.1979133 0
vt 0.4569525 0.1979453 0
vt 0.4718898 0.2216598 0
vt 0.4718425 0.2216866 0
vt 0.4712947 0.2219986 0
vt 0.456442 0.1983169 0
vt 0.4841802 0.2471393 0
vt 0.4841303 0.2471606 0
vt 0.4936682 0.2741696 0
vt 0.4936162 0.2741851 0
vt 0.4930137 0.2743653 0
vt 0.4835516 0.2474086 0
vt 0.5001549 0.3025689 0
vt 0.5001016 0.3025783 0
vt 0.503478 0.3317474 0
vt 0.503424 0.3317505 0
vt 0.5027968 0.3317861 0
vt 0.4994828 0.3026871 0
vt 0.5034776 0.3611147 0
vt 0.5034235 0.3611114 0
vt 0.5002461 0.390066 0
vt 0.5001928 0.3900565 0
vt 0.4995738 0.3899457 0
vt 0.5027963 0.3610733 0
vt 0.4938779 0.4179966 0
vt 0.4938259 0.417981 0
vt 0.4845489 0.4447033 0
vt 0.484499 0.444682 0
vt 0.4839193 0.444434 0
vt 0.4932228 0.4178001 0
vt 0.4724377 0.4699831 0
vt 0.4723904 0.4699563 0
vt 0.4577236 0.4936323 0
vt 0.4576794 0.4936004 0
vt 0.457167 0.4932297 0
vt 0.4718411 0.4696449 0
vt 0.4405863 0.5154479 0
vt 0.4405459 0.5154113 0
vt 0.4212026 0.5352263 0
vt 0.4211663 0.5351855 0
vt 0.4207457 0.5347103 0
vt 0.4400766 0.5149857 0
vt 0.3997504 0.5527651 0
vt 0.3997188 0.5527204 0
vt 0.3764107 0.5678604 0
vt 0.3763843 0.5678124 0
vt 0.376076 0.5672553 0
vt 0.399352 0.5522012 0
vt 0.3513642 0.5803095 0
vt 0.351343 0.5802589 0
vt 0.3510976 0.5796707 0
vt 0.9682061 0.06755067 0
vt 0.7256165 0.3164859 0
vt 0.7256246 0.3164032 0
vt 0.7256707 0.3163966 0
vt 0.7184282 0.3177226 0
vt 0.7184284 0.3176415 0
vt 0.7182538 0.3055961 0
vt 0.7254389 0.3044618 0
vt 0.725485 0.3044548 0
vt 0.6691651 0.3279059 0
vt 0.6426491 0.3374019 0
vt 0.6426443 0.3373087 0
vt 0.6691618 0.3278187 0
vt 0.6176405 0.349718 0
vt 0.6176331 0.3496173 0
vt 0.6173609 0.3339812 0
vt 0.6424084 0.3231022 0
vt 0.6689556 0.3146889 0
vt 0.594224 0.3644639 0
vt 0.5942172 0.3643539 0
vt 0.5772835 0.3765105 0
vt 0.5772776 0.376392 0
vt 0.5770585 0.3577612 0
vt 0.5939719 0.347084 0
vt 0.4970402 0.06923139 0
vt 0.4970367 0.06921688 0
vt 0.4970928 0.06997091 0
vt 0.491589 0.07036018 0
vt 0.4915371 0.06962106 0
vt 0.4915341 0.06960651 0
vt 0.1078214 0.5542841 0
vt 0.1078228 0.5544133 0
vt 0.1077828 0.554393 0
vt 0.1139002 0.557863 0
vt 0.1156948 0.5765529 0
vt 0.1096659 0.5735742 0
vt 0.1096262 0.5735568 0
vt 0.1831909 0.5900075 0
vt 0.1568979 0.5804893 0
vt 0.2106825 0.59653 0
vt 0.2119297 0.6095979 0
vt 0.1845425 0.6041482 0
vt 0.1583864 0.5960416 0
vt 0.2391429 0.5997805 0
vt 0.239149 0.5998719 0
vt 0.2608814 0.601191 0
vt 0.2620108 0.6131563 0
vt 0.2403243 0.61223 0
vt 0.9678037 0.07344223 0
vt 0.9678257 0.07344264 0
vt 0.967825 0.07345718 0
vt 0.967853 0.0726999 0
vt 0.967874 0.07270132 0
vt 0.9712716 0.07292015 0
vt 0.9712242 0.07365888 0
vt 0.9712228 0.0736734 0
vt 0.2150008 0.09690018 0
vt 0.2195294 0.09550898 0
vt 0.2196325 0.09588786 0
vt 0.2146502 0.09530864 0
vt 0.2192972 0.09434075 0
vt 0.2106076 0.003918728 0
vt 0.7092072 0.0659262 0
vt 0.7092047 0.06591099 0
vt 0.7092168 0.06591074 0
vt 0.707857 0.06595429 0
vt 0.7078564 0.06593887 0
vt 0.7078354 0.06519814 0
vt 0.7091911 0.06517431 0
vt 0.7092041 0.06517434 0
vt 0.06663024 0.1799328 0
vt 0.06880508 0.1765642 0
vt 0.06893959 0.1769992 0
vt 0.06605032 0.1781417 0
vt 0.06847594 0.1751471 0
vt 0.6200786 0.06837608 0
vt 0.620082 0.06836117 0
vt 0.620105 0.06836025 0
vt 0.6189821 0.06840419 0
vt 0.6189843 0.06838927 0
vt 0.6189336 0.06765007 0
vt 0.6200221 0.06762066 0
vt 0.6200445 0.06761985 0
vt 0.5970649 0.781096 0
vt 0.6176625 0.7936018 0
vt 0.6176604 0.7937047 0
vt 0.5970623 0.7812082 0
vt 0.6425739 0.8059221 0
vt 0.6425724 0.8060158 0
vt 0.6428316 0.8199197 0
vt 0.6179494 0.8091456 0
vt 0.5973809 0.7982068 0
vt 0.6688644 0.8154255 0
vt 0.6688637 0.8155121 0
vt 0.6937667 0.8217835 0
vt 0.6937667 0.8218653 0
vt 0.6940091 0.8337624 0
vt 0.6691032 0.8282171 0
vt 0.7145796 0.8247299 0
vt 0.7145802 0.8248089 0
vt 0.7286587 0.8255841 0
vt 0.7286597 0.8256622 0
vt 0.7288683 0.8369813 0
vt 0.7148067 0.8362626 0
vt 0.735021 0.0597476 0
vt 0.7350204 0.05973276 0
vt 0.7350299 0.06049069 0
vt 0.7317911 0.06055144 0
vt 0.7317797 0.05981042 0
vt 0.7317797 0.05979556 0
vt 0.2191986 0.09383045 0
vt 0.219188 0.09374308 0
vt 0.2192292 0.09373592 0
vt 0.2145111 0.09465763 0
vt 0.2145008 0.09457015 0
vt 0.2134062 0.08325552 0
vt 0.2180943 0.08247424 0
vt 0.2181355 0.08246757 0
vt 0.1560325 0.1113945 0
vt 0.1801195 0.1022453 0
vt 0.1309682 0.1238284 0
vt 0.1296457 0.1099951 0
vt 0.1548225 0.09875099 0
vt 0.178985 0.0904124 0
vt 0.1076113 0.1389047 0
vt 0.08865478 0.1535641 0
vt 0.08704596 0.1366838 0
vt 0.1061452 0.1235488 0
vt 0.0768111 0.1648784 0
vt 0.07679229 0.164749 0
vt 0.07054177 0.1718513 0
vt 0.06875226 0.1529995 0
vt 0.07507361 0.1466732 0
vt 0.620143 0.06835783 0
vt 0.6201489 0.06837244 0
vt 0.6200817 0.06761815 0
vt 0.6255835 0.06734058 0
vt 0.6256438 0.06807958 0
vt 0.6256488 0.06809424 0
vt 0.5738582 0.762103 0
vt 0.5739247 0.7621731 0
vt 0.5739219 0.7623 0
vt 0.573869 0.7622547 0
vt 0.5764054 0.7644228 0
vt 0.5764025 0.7645474 0
vt 0.5767626 0.7836263 0
vt 0.5742867 0.7816598 0
vt 0.5742339 0.7816201 0
vt 0.7741266 0.3579002 0
vt 0.785249 0.3978719 0
vt 0.7171902 0.58352 0
vt 0.7446519 0.3907411 0
vt 0.8204361 0.371584 0
vt 0.8224097 0.4137434 0
vt 0.8619454 0.3949706 0
vt 0.8550012 0.437209 0
vt 0.8974328 0.4269518 0
vt 0.8817815 0.467375 0
vt 0.9251752 0.4662329 0
vt 0.9015892 0.5031524 0
vt 0.9440453 0.511593 0
vt 0.913223 0.5434868 0
vt 0.9523973 0.5611955 0
vt 0.9156136 0.5861104 0
vt 0.9496585 0.6114453 0
vt 0.9085759 0.6275143 0
vt 0.9359968 0.6586565 0
vt 0.8928818 0.6653221 0
vt 0.9128018 0.7008662 0
vt 0.8696292 0.6983449 0
vt 0.881102 0.7366761 0
vt 0.839825 0.7253681 0
vt 0.8423906 0.7646395 0
vt 0.8046247 0.7453306 0
vt 0.7977719 0.7834774 0
vt 0.764958 0.7569464 0
vt 0.7551779 0.7922548 0
vt 0.7368473 0.7607176 0
vt 0.7349507 0.793426 0
vt 0.729403 0.7602993 0
vt 0.7315616 0.7931979 0
vt 0.7293595 0.7603354 0
vt 0.7255017 0.7929119 0
vt 0.715677 0.7594172 0
vt 0.6965061 0.7888239 0
vt 0.6824638 0.7520901 0
vt 0.6534162 0.7751109 0
vt 0.6452271 0.7361836 0
vt 0.6153519 0.7547385 0
vt 0.6205868 0.7197854 0
vt 0.5970004 0.7407643 0
vt 0.6134807 0.7133561 0
vt 0.5937813 0.7378411 0
vt 0.6134136 0.713283 0
vt 0.5902288 0.7346183 0
vt 0.6055353 0.7061379 0
vt 0.5732987 0.7166165 0
vt 0.5859494 0.6823295 0
vt 0.5487875 0.680109 0
vt 0.5662061 0.6464909 0
vt 0.5300278 0.634714 0
vt 0.5546544 0.6061329 0
vt 0.521782 0.5850933 0
vt 0.5523632 0.563525 0
vt 0.5246424 0.5348994 0
vt 0.5594631 0.5221715 0
vt 0.5383805 0.4877748 0
vt 0.5752168 0.484444 0
vt 0.5615818 0.4456749 0
vt 0.5982782 0.4513372 0
vt 0.5857097 0.414987 0
vt 0.6116569 0.4361753 0
vt 0.5917004 0.4083116 0
vt 0.6116263 0.4361222 0
vt 0.5989639 0.4028764 0
vt 0.628077 0.4242802 0
vt 0.6319606 0.3822482 0
vt 0.6634288 0.4047382 0
vt 0.6764183 0.3633353 0
vt 0.7029887 0.39292 0
vt 0.715684 0.3541041 0
vt 0.7237004 0.3880093 0
vt 0.7248236 0.3523044 0
vt 0.7237668 0.3880516 0
vt 0.7341822 0.3531343 0
vt 0.7257275 0.3165207 0
vt 0.7257244 0.3165519 0
vt 0.7256675 0.3165411 0
vt 0.7329487 0.3170843 0
vt 0.7329454 0.3183592 0
vt 0.7257377 0.3178411 0
vt 0.7256815 0.3178335 0
vt 0.8101548 0.3279673 0
vt 0.7827598 0.3215629 0
vt 0.8364126 0.3374122 0
vt 0.8359362 0.3385932 0
vt 0.8098027 0.3291923 0
vt 0.7825358 0.3228175 0
vt 0.8612735 0.3496346 0
vt 0.8845966 0.3645303 0
vt 0.8838911 0.3655834 0
vt 0.860679 0.350758 0
vt 0.9061724 0.3819186 0
vt 0.9257667 0.4016278 0
vt 0.9248651 0.4025051 0
vt 0.9053643 0.3828893 0
vt 0.9430892 0.4234432 0
vt 0.9580374 0.4472037 0
vt 0.9569817 0.4478648 0
vt 0.9421047 0.4242169 0
vt 0.9704024 0.4727177 0
vt 0.9799656 0.4998093 0
vt 0.9788055 0.5002209 0
vt 0.9692878 0.4732578 0
vt 0.9864356 0.5282789 0
vt 0.9897516 0.5575402 0
vt 0.9885444 0.557678 0
vt 0.9852443 0.5285555 0
vt 0.9897515 0.5869876 0
vt 0.9865127 0.6160226 0
vt 0.9853207 0.615883 0
vt 0.9885442 0.5869858 0
vt 0.9800473 0.6440235 0
vt 0.9706303 0.6707882 0
vt 0.9695134 0.6703889 0
vt 0.9788858 0.6437512 0
vt 0.958445 0.6960993 0
vt 0.9436603 0.7197655 0
vt 0.9426718 0.7191338 0
vt 0.9573861 0.6955799 0
vt 0.926382 0.7415743 0
vt 0.9068817 0.7613154 0
vt 0.9060677 0.7604865 0
vt 0.9254754 0.7408391 0
vt 0.8853463 0.7787731 0
vt 0.8619656 0.7937818 0
vt 0.8613656 0.7927992 0
vt 0.8846348 0.7778615 0
vt 0.8368375 0.8061388 0
vt 0.8102451 0.8156102 0
vt 0.8098899 0.814525 0
vt 0.8363566 0.8050979 0
vt 0.7823442 0.8220012 0
vt 0.7584083 0.8255766 0
vt 0.7582954 0.8244454 0
vt 0.7821202 0.8208862 0
vt 0.7436488 0.8264346 0
vt 0.7436476 0.8264055 0
vt 0.7360382 0.8259564 0
vt 0.7360083 0.8248249 0
vt 0.7435963 0.8252717 0
vt 0.7333929 0.8258712 0
vt 0.7333913 0.8258238 0
vt 0.7334393 0.8258248 0
vt 0.7286591 0.825537 0
vt 0.7286782 0.8244129 0
vt 0.7333802 0.8246937 0
vt 0.7334266 0.8246914 0
vt 0.6688703 0.8153764 0
vt 0.6937703 0.8217354 0
vt 0.6425825 0.8058714 0
vt 0.6430122 0.8048329 0
vt 0.6691754 0.8142937 0
vt 0.6939556 0.8206213 0
vt 0.6176734 0.7935491 0
vt 0.5970778 0.7810413 0
vt 0.5977229 0.7801183 0
vt 0.6182208 0.7925681 0
vt 0.5837137 0.7710466 0
vt 0.5837278 0.7709902 0
vt 0.5764202 0.7643654 0
vt 0.577162 0.7635183 0
vt 0.5844356 0.7701124 0
vt 0.5738095 0.7620336 0
vt 0.5738284 0.7620117 0
vt 0.5738779 0.7620579 0
vt 0.5710807 0.7595436 0
vt 0.5710999 0.7595219 0
vt 0.571868 0.7587035 0
vt 0.5745835 0.7611774 0
vt 0.5746329 0.7612223 0
vt 0.5360628 0.7194769 0
vt 0.5508803 0.7391086 0
vt 0.5211775 0.6956804 0
vt 0.5221815 0.6951632 0
vt 0.536996 0.718847 0
vt 0.5517433 0.738386 0
vt 0.5088744 0.6701412 0
vt 0.4993799 0.6430292 0
vt 0.5004872 0.6427619 0
vt 0.5099367 0.6697451 0
vt 0.492973 0.6145402 0
vt 0.4897284 0.5852778 0
vt 0.4908817 0.585285 0
vt 0.4941109 0.6144083 0
vt 0.4898062 0.5558508 0
vt 0.4931177 0.5268543 0
vt 0.4942543 0.5271393 0
vt 0.490959 0.5559979 0
vt 0.4996441 0.4988998 0
vt 0.509106 0.4722129 0
vt 0.5101663 0.4727571 0
vt 0.5007495 0.4993175 0
vt 0.5213214 0.4470004 0
vt 0.5360356 0.4233804 0
vt 0.5369691 0.4241535 0
vt 0.5223241 0.4476633 0
vt 0.553107 0.4015297 0
vt 0.5531288 0.4015513 0
vt 0.5668875 0.3858629 0
vt 0.5676768 0.3868086 0
vt 0.5539822 0.4024258 0
vt 0.5716032 0.3805301 0
vt 0.5716175 0.3805892 0
vt 0.571572 0.3806202 0
vt 0.5772991 0.3765686 0
vt 0.5780338 0.3775539 0
vt 0.5723781 0.3815533 0
vt 0.5723332 0.3815852 0
vt 0.642659 0.3374549 0
vt 0.6176546 0.349772 0
vt 0.669172 0.3279579 0
vt 0.6694778 0.3291819 0
vt 0.6430918 0.3386339 0
vt 0.6182119 0.3508984 0
vt 0.6969961 0.3214399 0
vt 0.6969947 0.3214919 0
vt 0.7184283 0.3177736 0
vt 0.7184952 0.3190456 0
vt 0.6971722 0.3227453 0
vt 0.2011593 0.0995296 0
vt 0.1808691 0.104718 0
vt 0.2007247 0.09780456 0
vt 0.7038019 0.06597574 0
vt 0.7038017 0.06596028 0
vt 0.6978257 0.06600224 0
vt 0.6978257 0.06598668 0
vt 0.6978206 0.06524596 0
vt 0.7037911 0.06521919 0
vt 0.7333952 0.8259495 0
vt 0.7335899 0.8372241 0
vt 0.2005542 0.09710932 0
vt 0.2005433 0.09702114 0
vt 0.1994419 0.08557527 0
vt 0.7145813 0.8246826 0
vt 0.7146689 0.8235619 0
vt 0.9677884 0.07344102 0
vt 0.9678385 0.0726989 0
vt 0.9677853 0.07345563 0
vt 0.9656845 0.07327135 0
vt 0.9657464 0.0725339 0
vt 0.4253132 0.07941051 0
vt 0.4253668 0.08014918 0
vt 0.4173537 0.08073007 0
vt 0.4173003 0.07999135 0
vt 0.425368 0.080165 0
vt 0.4173549 0.08074571 0
vt 0.4112042 0.08119126 0
vt 0.4112031 0.08117573 0
vt 0.4111508 0.08043662 0
vt 0.4401926 0.07833369 0
vt 0.4402463 0.0790725 0
vt 0.4330172 0.07959497 0
vt 0.4329637 0.0788563 0
vt 0.4402478 0.07908902 0
vt 0.4330185 0.0796111 0
vt 0.4534755 0.07734582 0
vt 0.4535185 0.07807884 0
vt 0.4535045 0.0780791 0
vt 0.4534603 0.07734642 0
vt 0.122409 0.7071734 0
vt 0.4535101 0.07809606 0
vt 0.4519076 0.07824608 0
vt 0.4519053 0.0782286 0
vt 0.4518313 0.07749017 0
vt 0.5133422 0.0731712 0
vt 0.5133949 0.07390989 0
vt 0.5054765 0.07448206 0
vt 0.5054214 0.07374365 0
vt 0.5054778 0.07449685 0
vt 0.4995229 0.07491996 0
vt 0.4994639 0.07418201 0
vt 0.529319 0.07207939 0
vt 0.5293674 0.07281841 0
vt 0.521353 0.07335498 0
vt 0.5213025 0.07261611 0
vt 0.5456068 0.07105963 0
vt 0.5456509 0.07179892 0
vt 0.5374572 0.07230003 0
vt 0.5374109 0.07156088 0
vt 0.5623475 0.07011029 0
vt 0.5623872 0.07084983 0
vt 0.5539846 0.071314 0
vt 0.5539427 0.07057458 0
vt 0.5790934 0.06926047 0
vt 0.5791287 0.07000023 0
vt 0.5707912 0.07041086 0
vt 0.5707537 0.06967121 0
vt 0.5953964 0.06853122 0
vt 0.5954272 0.06927117 0
vt 0.5873288 0.06962119 0
vt 0.5872957 0.06888133 0
vt 0.6104991 0.06793995 0
vt 0.6105305 0.06867972 0
vt 0.6034535 0.06894791 0
vt 0.6034246 0.06820787 0
vt 0.6703045 0.06539517 0
vt 0.6703095 0.06613633 0
vt 0.6666097 0.06616003 0
vt 0.6666031 0.06541815 0
vt 0.6703092 0.06615335 0
vt 0.6666094 0.06617746 0
vt 0.6646232 0.06617973 0
vt 0.6646242 0.06616207 0
vt 0.6646178 0.06541756 0
vt 0.6832002 0.06532246 0
vt 0.6832042 0.06606306 0
vt 0.6761238 0.06610159 0
vt 0.6761202 0.06536089 0
vt 0.6832041 0.06607916 0
vt 0.6761237 0.06611813 0
vt 0.6906994 0.06602331 0
vt 0.6906955 0.06528271 0
vt 0.6906993 0.06603908 0
vt 0.7422701 0.06481236 0
vt 0.7422761 0.06555261 0
vt 0.7380632 0.0655787 0
vt 0.738046 0.06483913 0
vt 0.7380636 0.06559355 0
vt 0.7358993 0.06560904 0
vt 0.735869 0.06487105 0
vt 0.7574456 0.06477359 0
vt 0.7574458 0.06551418 0
vt 0.7492238 0.0655267 0
vt 0.7492216 0.06478613 0
vt 0.7735628 0.06482375 0
vt 0.7735582 0.06556433 0
vt 0.7655434 0.06552688 0
vt 0.7655457 0.06478629 0
vt 0.7894701 0.06497043 0
vt 0.7894611 0.06571097 0
vt 0.7815222 0.06562586 0
vt 0.7815291 0.06488529 0
vt 0.8053571 0.06521037 0
vt 0.8053438 0.06595086 0
vt 0.7973955 0.06581935 0
vt 0.7974067 0.06507883 0
vt 0.8213711 0.06554444 0
vt 0.8213535 0.06628484 0
vt 0.8133233 0.06610581 0
vt 0.8133387 0.06536537 0
vt 0.8376852 0.06597819 0
vt 0.8376634 0.06671847 0
vt 0.8294574 0.06648858 0
vt 0.8294771 0.06574824 0
vt 0.8544444 0.06652003 0
vt 0.8544184 0.06726017 0
vt 0.8460074 0.06697631 0
vt 0.8460313 0.06623609 0
vt 0.8712005 0.06715693 0
vt 0.8711704 0.06789692 0
vt 0.8628287 0.0675681 0
vt 0.8628568 0.06682803 0
vt 0.8875054 0.06786798 0
vt 0.8874711 0.06860779 0
vt 0.8793725 0.06824334 0
vt 0.8794048 0.06750343 0
vt 0.9035043 0.0686533 0
vt 0.9034661 0.06939292 0
vt 0.8954946 0.06899076 0
vt 0.8955309 0.06825105 0
vt 0.9193705 0.0695178 0
vt 0.9193282 0.0702572 0
vt 0.9114047 0.06981476 0
vt 0.911445 0.06907525 0
vt 0.935251 0.07046965 0
vt 0.9352047 0.0712088 0
vt 0.9272546 0.07072135 0
vt 0.9272989 0.06998207 0
vt 0.9513311 0.07152234 0
vt 0.9512805 0.0722611 0
vt 0.943204 0.07172152 0
vt 0.9432524 0.0709825 0
vt 0.4974422 0.07433671 0
vt 0.4974941 0.07507705 0
vt 0.4974573 0.07507873 0
vt 0.4974062 0.07433922 0
vt 0.4919397 0.0754568 0
vt 0.4918898 0.07471794 0
vt 0.9680052 0.07050508 0
vt 0.9680262 0.07050656 0
vt 0.9681537 0.06831024 0
vt 0.9681747 0.06831168 0
vt 0.9715792 0.06856517 0
vt 0.971421 0.07074194 0
vt 0.7077978 0.06301312 0
vt 0.7091579 0.06300984 0
vt 0.7077792 0.06082863 0
vt 0.7091333 0.06084297 0
vt 0.7091461 0.06084283 0
vt 0.7091707 0.0630098 0
vt 0.6104068 0.06575828 0
vt 0.6155749 0.06557627 0
vt 0.615701 0.06775466 0
vt 0.6154418 0.06339766 0
vt 0.6185913 0.06329007 0
vt 0.6187671 0.06547037 0
vt 0.735128 0.06488752 0
vt 0.7351421 0.06563434 0
vt 0.7351212 0.06563322 0
vt 0.7351079 0.06488799 0
vt 0.7318513 0.06566028 0
vt 0.7318462 0.06491987 0
vt 0.6198631 0.06543498 0
vt 0.6199003 0.0654333 0
vt 0.6196751 0.06325004 0
vt 0.6197124 0.06324831 0
vt 0.6252333 0.06298041 0
vt 0.6254075 0.06516044 0
vt 0.6978055 0.06306063 0
vt 0.7037632 0.06303062 0
vt 0.7037448 0.06084164 0
vt 0.6445801 0.9028799 0
vt 0.6449092 0.9167742 0
vt 0.6202613 0.9167069 0
vt 0.619891 0.9012828 0
vt 0.5999215 0.9165605 0
vt 0.599513 0.8995946 0
vt 0.6955106 0.9046401 0
vt 0.6957809 0.9165238 0
vt 0.6709974 0.9167028 0
vt 0.6707029 0.9040038 0
vt 0.730285 0.9046494 0
vt 0.7305415 0.9160132 0
vt 0.7165069 0.9162571 0
vt 0.7162461 0.9047608 0
vt 0.7305436 0.9160833 0
vt 0.7165086 0.9163279 0
vt 0.7124642 0.06515407 0
vt 0.709224 0.06517421 0
vt 0.7091907 0.0630096 0
vt 0.712444 0.06296775 0
vt 0.7091659 0.0608425 0
vt 0.7124149 0.06078286 0
vt 0.2069307 0.01574521 0
vt 0.205852 0.004427129 0
vt 0.2105784 0.003975773 0
vt 0.2116431 0.0152298 0
vt 0.2106198 0.003970894 0
vt 0.2116845 0.0152252 0
vt 0.1217572 0.02745363 0
vt 0.1204373 0.01362341 0
vt 0.1463946 0.0106625 0
vt 0.1476027 0.02330441 0
vt 0.1710879 0.007970353 0
vt 0.1722188 0.01980212 0
vt 0.07743677 0.03597587 0
vt 0.07582752 0.01910234 0
vt 0.09593383 0.01657416 0
vt 0.09739746 0.03192556 0
vt 0.05568628 0.04119009 0
vt 0.05386116 0.02210041 0
vt 0.05391195 0.02209375 0
vt 0.05573652 0.04117769 0
vt 0.05386231 0.02201238 0
vt 0.05389875 0.02197855 0
vt 0.05623056 0.02175931 0
vt 0.05803136 0.04059062 0
vt 0.6584075 0.06570595 0
vt 0.6638913 0.06541441 0
vt 0.6639314 0.06614982 0
vt 0.6584513 0.06644591 0
vt 0.6639248 0.06541291 0
vt 0.6639627 0.06614454 0
vt 0.5867701 0.9163836 0
vt 0.5863345 0.8981865 0
vt 0.586773 0.9164938 0
vt 0.579586 0.9162333 0
vt 0.5791354 0.897231 0
vt 0.7350439 0.9046149 0
vt 0.7352919 0.9159062 0
vt 0.7352499 0.9159063 0
vt 0.7350019 0.9046152 0
vt 0.7352861 0.9159597 0
vt 0.7352534 0.915976 0
vt 0.1917983 0.00582903 0
vt 0.1928913 0.01727424 0
vt 0.7092354 0.06591177 0
vt 0.7124678 0.06589511 0
vt 0.6581252 0.06058373 0
vt 0.6636488 0.06032811 0
vt 0.6636486 0.0603431 0
vt 0.6581252 0.06059872 0
vt 0.6636882 0.06108043 0
vt 0.6581634 0.0613394 0
vt 0.2680966 0.5994317 0
vt 0.2681574 0.599821 0
vt 0.2682404 0.6010173 0
vt 0.2752183 0.5979759 0
vt 0.2111009 0.5939796 0
vt 0.2393118 0.5972941 0
vt 0.2391877 0.5990661 0
vt 0.2608548 0.5987989 0
vt 0.1578264 0.5780723 0
vt 0.1838695 0.5875125 0
vt 0.1089635 0.5525133 0
vt 0.1087699 0.5528539 0
vt 0.1080981 0.5538367 0
vt 0.1151066 0.5557836 0
vt 0.06948404 0.5141228 0
vt 0.0887714 0.5336574 0
vt 0.0875914 0.5349671 0
vt 0.1039428 0.5476946 0
vt 0.03761413 0.468986 0
vt 0.05236192 0.4925031 0
vt 0.01604891 0.4169862 0
vt 0.02544375 0.4437536 0
vt 0.006331348 0.3599664 0
vt 0.009623309 0.388862 0
vt 0.00953075 0.3022128 0
vt 0.006331354 0.3308833 0
vt 0.02506788 0.2481064 0
vt 0.01583353 0.2745541 0
vt 0.04940065 0.2021677 0
vt 0.03705587 0.223067 0
vt 0.09012833 0.1557533 0
vt 0.0779303 0.1673533 0
vt 0.07712802 0.1655978 0
vt 0.07124826 0.1746613 0
vt 0.1321771 0.1261112 0
vt 0.1090492 0.1410531 0
vt 0.1569959 0.1137885 0
vt 0.2440828 0.09371601 0
vt 0.2295486 0.09456362 0
vt 0.2293497 0.09279711 0
vt 0.2221544 0.09564925 0
vt 0.2962983 0.09790285 0
vt 0.2680758 0.09459015 0
vt 0.3495697 0.1138099 0
vt 0.3235287 0.104369 0
vt 0.3972999 0.1408977 0
vt 0.3742277 0.1260457 0
vt 0.4378947 0.1777304 0
vt 0.4185883 0.158186 0
vt 0.4697712 0.2228661 0
vt 0.4550226 0.1993501 0
vt 0.4913383 0.2748662 0
vt 0.4819425 0.2480982 0
vt 0.501053 0.3318851 0
vt 0.4977621 0.3029898 0
vt 0.4978524 0.3896375 0
vt 0.5010525 0.3609673 0
vt 0.4823076 0.4437445 0
vt 0.491546 0.417297 0
vt 0.4557424 0.4921985 0
vt 0.4703139 0.4687789 0
vt 0.419576 0.5333888 0
vt 0.4387716 0.5138024 0
vt 0.3752186 0.5657062 0
vt 0.3983319 0.5507573 0
vt 0.3241019 0.5875428 0
vt 0.3504149 0.5780347 0
vt 0.2145238 0.09473253 0
vt 0.219211 0.09390547 0
vt 0.05839265 0.1860007 0
vt 0.05874145 0.1865637 0
vt 0.0583622 0.1859526 0
vt 0.06584121 0.1774925 0
vt 0.2005687 0.09718415 0
vt 0.7379895 0.05973935 0
vt 0.7379934 0.06047974 0
vt 0.2292778 0.09216189 0
vt 0.733479 0.8258243 0
vt 0.7334649 0.8246885 0
vt 0.7351522 0.06563429 0
vt 0.7351376 0.06488733 0
vt 0.219586 0.09549921 0
vt 0.6436617 0.8614042 0
vt 0.6188682 0.8552237 0
vt 0.5983894 0.8489178 0
vt 0.6947347 0.8691957 0
vt 0.6698685 0.8661111 0
vt 0.7295539 0.8707961 0
vt 0.715503 0.8704964 0
vt 0.7221543 0.06503866 0
vt 0.7221302 0.06285405 0
vt 0.7318213 0.06273621 0
vt 0.7221048 0.0606688 0
vt 0.2101635 0.04949855 0
vt 0.214865 0.04885101 0
vt 0.2149064 0.04884544 0
vt 0.1257005 0.06872415 0
vt 0.151211 0.06102842 0
vt 0.1755993 0.05510839 0
vt 0.0822418 0.08632713 0
vt 0.101771 0.0777359 0
vt 0.06112366 0.09818671 0
vt 0.06117236 0.09815811 0
vt 0.06660598 0.1551471 0
vt 0.06339273 0.09679057 0
vt 0.6419952 0.06652218 0
vt 0.6420455 0.06726175 0
vt 0.585134 0.8438289 0
vt 0.5840558 0.7894214 0
vt 0.5778852 0.8404587 0
vt 0.7343144 0.8708959 0
vt 0.7342724 0.8708951 0
vt 0.1961623 0.05142512 0
vt 0.7221626 0.06577918 0
vt 0.6416487 0.06140422 0
vt 0.6416473 0.06141928 0
vt 0.6251746 0.06224095 0
vt 0.6416979 0.06215915 0
vt 0.4169295 0.07487848 0
vt 0.4169306 0.07489446 0
vt 0.4169842 0.07563352 0
vt 0.2391437 0.5997034 0
vt 0.696999 0.3213558 0
vt 0.6968209 0.3089342 0
vt 0.2681674 0.601635 0
vt 0.2692777 0.6134731 0
vt 0.7256108 0.3165383 0
vt 0.7256259 0.3178326 0
vt 0.409151 0.08133985 0
vt 0.4091504 0.08132432 0
vt 0.2771557 0.6959048 0
vt 0.4091365 0.08132619 0
vt 0.4090738 0.08058928 0
vt 0.4090878 0.08058808 0
vt 0.2680806 0.5998254 0
vt 0.7177014 0.2696951 0
vt 0.7248955 0.2689647 0
vt 0.7171235 0.2338302 0
vt 0.7243221 0.2335045 0
vt 0.7243683 0.2335025 0
vt 0.7249416 0.2689603 0
vt 0.6166067 0.2873908 0
vt 0.6417262 0.2807123 0
vt 0.6158727 0.2407748 0
vt 0.6410532 0.2383123 0
vt 0.6677092 0.236306 0
vt 0.6683371 0.2754971 0
vt 0.5704852 0.3041459 0
vt 0.5705231 0.3041328 0
vt 0.5713893 0.3613362 0
vt 0.5695937 0.2467748 0
vt 0.5696317 0.2467701 0
vt 0.5753391 0.2459909 0
vt 0.5762082 0.301942 0
vt 0.4754496 0.07585114 0
vt 0.4752996 0.07367172 0
vt 0.4917407 0.07253915 0
vt 0.4590067 0.07698511 0
vt 0.4588629 0.07480262 0
vt 0.4587094 0.07262152 0
vt 0.4751495 0.0714919 0
vt 0.1628235 0.6424531 0
vt 0.1386189 0.6370001 0
vt 0.1336859 0.5854422 0
vt 0.1672595 0.6888677 0
vt 0.1435484 0.68856 0
vt 0.1263662 0.6880933 0
vt 0.1210326 0.6323238 0
vt 0.2156469 0.6485962 0
vt 0.188572 0.6463484 0
vt 0.2193696 0.6875967 0
vt 0.1926033 0.6885516 0
vt 0.2654017 0.6488478 0
vt 0.243831 0.6491084 0
vt 0.2687989 0.6845299 0
vt 0.2473472 0.6859861 0
vt 0.9814135 0.07363364 0
vt 0.9813617 0.07437242 0
vt 0.9915559 0.07434845 0
vt 0.991504 0.07508708 0
vt 0.9915028 0.07510162 0
vt 0.9813603 0.07438694 0
vt 0.4755003 0.07660439 0
vt 0.4755006 0.07658997 0
vt 0.4590541 0.07773882 0
vt 0.4590536 0.07772446 0
vt 0.9817726 0.06853751 0
vt 0.9716357 0.06782657 0
vt 0.9919147 0.06925132 0
vt 0.9918625 0.06999051 0
vt 0.9817205 0.06927654 0
vt 0.696249 0.2718536 0
vt 0.6956517 0.2347894 0
vt 0.2726305 0.648763 0
vt 0.2759922 0.6840491 0
vt 0.7169192 0.2218099 0
vt 0.7241282 0.221634 0
vt 0.7241744 0.221632 0
vt 0.615634 0.2251496 0
vt 0.6408294 0.2241042 0
vt 0.6674952 0.2231757 0
vt 0.5693068 0.2275467 0
vt 0.5693449 0.2275452 0
vt 0.5693113 0.227459 0
vt 0.5693411 0.227429 0
vt 0.5750557 0.2272149 0
vt 0.453509 0.07734417 0
vt 0.4533492 0.07518864 0
vt 0.4533156 0.07519101 0
vt 0.4531655 0.07303301 0
vt 0.4531988 0.07302991 0
vt 0.1687455 0.7044216 0
vt 0.1451972 0.7058395 0
vt 0.1452071 0.7059441 0
vt 0.1281451 0.7067881 0
vt 0.2206195 0.7006653 0
vt 0.1939554 0.7026938 0
vt 0.2699473 0.6964934 0
vt 0.2485319 0.6983448 0
vt 0.9949544 0.07458873 0
vt 0.9948993 0.07532783 0
vt 0.9948984 0.07534238 0
vt 0.4535498 0.07809487 0
vt 0.4535498 0.07808049 0
vt 0.9953111 0.06948977 0
vt 0.995262 0.07022892 0
vt 0.6954455 0.2223737 0
vt 0.2771131 0.6958521 0
vt 0.9679907 0.07050405 0
vt 0.9681391 0.06830925 0
vt 0.9659091 0.07035741 0
vt 0.4109922 0.0782584 0
vt 0.4089301 0.07840738 0
vt 0.4089161 0.07840839 0
vt 0.4400343 0.07615377 0
vt 0.4328058 0.07667744 0
vt 0.4251553 0.07723173 0
vt 0.4533004 0.07519205 0
vt 0.4531506 0.07303457 0
vt 0.4516558 0.07530967 0
vt 0.5131872 0.07099245 0
vt 0.5052614 0.07156593 0
vt 0.505104 0.0693877 0
vt 0.4993004 0.0720047 0
vt 0.5291762 0.06989956 0
vt 0.5211536 0.07043672 0
vt 0.5454767 0.06887902 0
vt 0.5372744 0.06938065 0
vt 0.5622303 0.06792895 0
vt 0.5538189 0.06839357 0
vt 0.5789892 0.06707846 0
vt 0.570643 0.06748951 0
vt 0.5953054 0.06634868 0
vt 0.5871981 0.06669902 0
vt 0.6033394 0.06602504 0
vt 0.6702849 0.06320608 0
vt 0.6665581 0.06322645 0
vt 0.6664898 0.06103436 0
vt 0.66454 0.06323991 0
vt 0.6831887 0.06313788 0
vt 0.6761088 0.06317543 0
vt 0.6906838 0.06309814 0
vt 0.7358252 0.06268041 0
vt 0.7350923 0.06268639 0
vt 0.7350826 0.06268649 0
vt 0.7574456 0.06258918 0
vt 0.7492151 0.06260189 0
vt 0.7422542 0.06263049 0
vt 0.7735763 0.06263929 0
vt 0.7655525 0.06260182 0
vt 0.7894967 0.06278609 0
vt 0.7815492 0.06270088 0
vt 0.8053963 0.06302622 0
vt 0.7974397 0.06289458 0
vt 0.8214229 0.06336056 0
vt 0.8133842 0.06318134 0
vt 0.8377495 0.06379464 0
vt 0.8295351 0.0635645 0
vt 0.8545212 0.06433688 0
vt 0.8461019 0.06405271 0
vt 0.8712896 0.06497426 0
vt 0.8629397 0.06464509 0
vt 0.8876065 0.06568583 0
vt 0.8795 0.06532101 0
vt 0.9036173 0.06647172 0
vt 0.895638 0.06606918 0
vt 0.9194951 0.06733686 0
vt 0.9115638 0.06689398 0
vt 0.9353877 0.06828943 0
vt 0.9274295 0.06780147 0
vt 0.9514801 0.06934374 0
vt 0.9433951 0.06880272 0
vt 0.4972838 0.072152 0
vt 0.4972479 0.0721546 0
vt 0.7350626 0.06268684 0
vt 0.9682058 0.06756787 0
vt 0.9682274 0.06757034 0
vt 0.7077813 0.06008739 0
vt 0.7091275 0.06010601 0
vt 0.7091396 0.06010612 0
vt 0.6153951 0.06265821 0
vt 0.6153943 0.06264369 0
vt 0.6185273 0.06255132 0
vt 0.6196111 0.06250914 0
vt 0.6196489 0.06250812 0
vt 0.7037409 0.06010012 0
vt 0.7091583 0.06010467 0
vt 0.7124007 0.06004158 0
vt 0.6638325 0.06324783 0
vt 0.6637988 0.06324926 0
vt 0.6582821 0.06352221 0
vt 0.7380124 0.0626597 0
vt 0.722096 0.05992788 0
vt 0.6418465 0.06434082 0
vt 0.4171424 0.07781253 0
vt 0.4586539 0.07188241 0
vt 0.4750986 0.07075268 0
vt 0.9917093 0.07216949 0
vt 0.9815666 0.07145526 0
vt 0.4531044 0.0723008 0
vt 0.4531355 0.07229476 0
vt 0.9951089 0.07240927 0
vt 0.9681907 0.06756722 0
vt 0.268271 0.6014627 0
vt 0.7544877 0.3183376 0
vt 0.7543933 0.3196067 0
vt 0.9594709 0.07283007 0
vt 0.9595246 0.07209172 0
vt 0.2964516 0.5940345 0
vt 0.9596795 0.06991471 0
vt 0.7329382 0.3221127 0
vt 0.725808 0.3216483 0
vt 0.7257518 0.3216566 0
vt 0.8345331 0.3420699 0
vt 0.8087654 0.3327979 0
vt 0.781875 0.32651 0
vt 0.8818134 0.368683 0
vt 0.858928 0.3540647 0
vt 0.9222115 0.4050878 0
vt 0.9029845 0.3857465 0
vt 0.9538732 0.4498107 0
vt 0.939206 0.4264945 0
vt 0.9753907 0.5014328 0
vt 0.9660063 0.4748473 0
vt 0.9849901 0.5580837 0
vt 0.9817368 0.5293696 0
vt 0.9818125 0.6154725 0
vt 0.9849901 0.5869803 0
vt 0.9662253 0.6692135 0
vt 0.9754662 0.6429494 0
vt 0.9397621 0.7172744 0
vt 0.9542686 0.6940508 0
vt 0.9036714 0.7580468 0
vt 0.9228061 0.7386749 0
vt 0.859599 0.7899067 0
vt 0.8825397 0.775178 0
vt 0.8088433 0.8113312 0
vt 0.83494 0.8020344 0
vt 0.7579617 0.8211163 0
vt 0.7814578 0.8176035 0
vt 0.7359498 0.8214992 0
vt 0.743451 0.8219409 0
vt 0.7287308 0.8211037 0
vt 0.7333621 0.8213541 0
vt 0.7334085 0.8213609 0
vt 0.6442776 0.8017761 0
vt 0.6700741 0.8111066 0
vt 0.6945034 0.8173413 0
vt 0.5996221 0.7774019 0
vt 0.6198328 0.7896806 0
vt 0.5768536 0.7587601 0
vt 0.5769138 0.7588154 0
vt 0.5746943 0.7612782 0
vt 0.5793485 0.761027 0
vt 0.5542837 0.7362595 0
vt 0.5661863 0.7490793 0
vt 0.563813 0.7513854 0
vt 0.5741295 0.7562907 0
vt 0.5251373 0.693641 0
vt 0.5397436 0.7169928 0
vt 0.5037465 0.6419749 0
vt 0.5130643 0.6685794 0
vt 0.4942772 0.585306 0
vt 0.497461 0.6140199 0
vt 0.4975998 0.527978 0
vt 0.4943529 0.5564308 0
vt 0.513288 0.4743584 0
vt 0.5040041 0.5005468 0
vt 0.5397176 0.4264296 0
vt 0.525277 0.4496143 0
vt 0.5745809 0.3844213 0
vt 0.5745229 0.3844395 0
vt 0.5722924 0.3816215 0
vt 0.5699921 0.3896 0
vt 0.619848 0.3542207 0
vt 0.5968434 0.3686435 0
vt 0.5948996 0.3655654 0
vt 0.5802088 0.3804416 0
vt 0.670378 0.3327836 0
vt 0.6443653 0.3421045 0
vt 0.7186874 0.3227927 0
vt 0.6976866 0.3264389 0
vt 0.7149263 0.8202635 0
vt 0.7334216 0.8213303 0
vt 0.725725 0.3216165 0
vt 0.7541151 0.3233416 0
vt 0.5050508 0.06864877 0
vt 0.08716747 0.5354384 0
vt 0.5715302 0.3806552 0
vt 0.4975159 0.07507558 0
vt 0.4974636 0.07433521 0
vt 0.1087102 0.5528105 0
vt 0.4973052 0.07215046 0
vt 0.5564933 0.4050003 0
vt 0.4530904 0.07230255 0
vt 0.1078475 0.5542027 0
vt 0.5715997 0.3804084 0
vt 0.1320305 0.5681648 0
vt 0.5942391 0.3645198 0
vt 0.4469991 0.07858792 0
vt 0.4469414 0.07784873 0
vt 0.1331831 0.5658429 0
vt 0.5923617 0.2436587 0
vt 0.5931691 0.2954127 0
vt 0.1206076 0.6879407 0
vt 0.1151391 0.6307572 0
vt 0.5921018 0.2263018 0
vt 0.1224327 0.7070843 0
vt 0.4467787 0.07566467 0
vt 0.5746316 0.3844047 0
vt 0.6664624 0.06029261 0
vt 0.07683897 0.1649671 0
vt 0.06841944 0.174263 0
vt 0.583711 0.7711664 0
vt 0.5739396 0.762115 0
vt 0.6639796 0.06614404 0
vt 0.6639429 0.06541244 0
vt 0.0630648 0.0207958 0
vt 0.06478943 0.03886025 0
vt 0.5771472 0.916175 0
vt 0.5766904 0.8969076 0
vt 0.06887051 0.1764895 0
vt 0.06993241 0.09276251 0
vt 0.5754237 0.839315 0
vt 0.6638509 0.06324747 0
vt 0.58652 0.767529 0
vt 0.05971254 0.1881279 0
vt 0.6157425 0.06849393 0
vt 0.5630067 0.752169 0
vt 0.619653 0.06325086 0
vt 0.6198408 0.06543577 0
vt 0.06835392 0.1746186 0
vt 0.6195887 0.06251006 0
vt 0.5768052 0.7587156 0
vt 0.9716363 0.06781164 0
vt 0.9953123 0.06947487 0
vt 0.9919157 0.06923641 0
vt 0.9682287 0.06755548 0
vt 0.9817733 0.06852258 0
vt 0.640828 0.2240177 0
vt 0.5921002 0.2261967 0
vt 0.5750536 0.2271015 0
vt 0.7241286 0.221561 0
vt 0.4530934 0.07228466 0
vt 0.6156325 0.2250548 0
vt 0.4087146 0.07547358 0
vt 0.7169181 0.2217362 0
vt 0.6954442 0.2222977 0
vt 0.6674938 0.2230955 0
vt 0.5715619 0.3804311 0
vt 0.4531335 0.07228016 0
vt 0.453108 0.07228764 0
vt 0.4586524 0.07186775 0
vt 0.4750964 0.07073807 0
vt 0.5713516 0.3613577 0
vt 0.6185261 0.06253681 0
vt 0.5360118 0.4233613 0
vt 0.5715109 0.3806309 0
vt 0.5668671 0.3858397 0
vt 0.50505 0.06863422 0
vt 0.4970768 0.0692114 0
vt 0.6195869 0.06249559 0
vt 0.5508582 0.7391273 0
vt 0.5088472 0.6701516 0
vt 0.5629863 0.7521895 0
vt 0.5360388 0.7194932 0
vt 0.5211518 0.6956938 0
vt 0.4993516 0.6430363 0
vt 0.492944 0.6145438 0
vt 0.4896989 0.5852779 0
vt 0.4897768 0.5558474 0
vt 0.4930887 0.5268474 0
vt 0.499616 0.4988896 0
vt 0.509079 0.4721995 0
vt 0.5212959 0.446984 0
vt 0.6196524 0.06249297 0
vt 0.6251774 0.06222582 0
vt 0.6196099 0.06249239 0
vt 0.5766383 0.8969011 0
vt 0.5753711 0.8392919 0
vt 0.5770951 0.9161744 0
vt 0.6636756 0.06033239 0
vt 0.5999241 0.9166635 0
vt 0.5771489 0.9162915 0
vt 0.7091296 0.06009043 0
vt 0.6664614 0.06027488 0
vt 0.5795888 0.9163483 0
vt 0.6202636 0.9168008 0
vt 0.6449112 0.9168591 0
vt 0.6709991 0.9167806 0
vt 0.7077816 0.06007162 0
vt 0.7037408 0.06008432 0
vt 0.6957826 0.916597 0
vt 0.7091572 0.06008986 0
vt 0.7336319 0.8372261 0
vt 0.709141 0.06009458 0
vt 0.722096 0.05991302 0
vt 0.7334373 0.8259516 0
vt 0.7124004 0.06002673 0
vt 0.7256749 0.3164952 0
vt 0.8364244 0.3373829 0
vt 0.8853643 0.7787965 0
vt 0.7544901 0.3183061 0
vt 0.8612883 0.3496068 0
vt 0.9681903 0.06755261 0
vt 0.7329491 0.3170527 0
vt 0.8619808 0.7938071 0
vt 0.8101635 0.327937 0
vt 0.7827653 0.3215318 0
vt 0.7823499 0.8220298 0
vt 0.8846143 0.3645043 0
vt 0.9061927 0.3818946 0
vt 0.7360388 0.8259855 0
vt 0.9257893 0.4016061 0
vt 0.9431139 0.4234241 0
vt 0.958064 0.4471875 0
vt 0.9704304 0.4727045 0
vt 0.9799948 0.4997993 0
vt 0.9864656 0.5282722 0
vt 0.9897819 0.557537 0
vt 0.9897819 0.5869879 0
vt 0.9865427 0.6160263 0
vt 0.9800767 0.6440307 0
vt 0.9706585 0.6707986 0
vt 0.9584717 0.6961127 0
vt 0.9436854 0.7197818 0
vt 0.9264049 0.7415932 0
vt 0.9069022 0.7613367 0
vt 0.8368496 0.8061655 0
vt 0.810254 0.8156381 0
vt 0.7584112 0.8256056 0
vt 0.7379893 0.05972481 0
vt 0.7334809 0.8258534 0
vt 0.7350425 0.05972913 0
vt 0.9352037 0.07122363 0
vt 0.9512794 0.07227592 0
vt 0.9114038 0.06982958 0
vt 0.749224 0.06554156 0
vt 0.9193273 0.07027202 0
vt 0.9272536 0.07073617 0
vt 0.7735582 0.06557918 0
vt 0.943203 0.07173634 0
vt 0.9594697 0.07284488 0
vt 0.9656828 0.07328613 0
vt 0.268275 0.6015177 0
vt 0.8954938 0.06900559 0
vt 0.7359002 0.06562387 0
vt 0.9034652 0.06940773 0
vt 0.8053436 0.06596569 0
vt 0.7351548 0.06564895 0
vt 0.8793718 0.06825815 0
vt 0.8874704 0.06862261 0
vt 0.8711697 0.06791174 0
vt 0.8628281 0.06758292 0
vt 0.8544179 0.06727499 0
vt 0.846007 0.06699113 0
vt 0.837663 0.0667333 0
vt 0.8294571 0.06650341 0
vt 0.8213533 0.06629967 0
vt 0.8133231 0.06612065 0
vt 0.7973954 0.06583419 0
vt 0.789461 0.06572582 0
vt 0.7815222 0.0656407 0
vt 0.7655434 0.06554174 0
vt 0.7574458 0.06552905 0
vt 0.7422764 0.06556746 0
vt 0.2292711 0.09210733 0
vt 0.7351209 0.06564764 0
vt 0.7221629 0.06579361 0
vt 0.7318516 0.06567472 0
vt 0.7092347 0.06592618 0
vt 0.7351447 0.06565108 0
vt 0.7124679 0.06590955 0
vt 0.1204292 0.01353902 0
vt 0.7092185 0.06592194 0
vt 0.2105734 0.00390625 0
vt 0.1463871 0.01058511 0
vt 0.1710809 0.007897698 0
vt 0.2058456 0.004357437 0
vt 0.1917916 0.005758602 0
vt 0.09592493 0.01648079 0
vt 0.07581763 0.01899998 0
vt 0.6639753 0.06616126 0
vt 0.05621875 0.02164547 0
vt 0.06305397 0.02068648 0
vt 0.6639334 0.06616459 0
vt 0.06837277 0.1743131 0
vt 0.6639586 0.06615734 0
vt 0.06655882 0.1551919 0
vt 0.6584529 0.06646074 0
vt 0.6420488 0.0672765 0
vt 0.06833728 0.1745547 0
vt 0.6201038 0.06837727 0
vt 0.06582133 0.1774324 0
vt 0.4975183 0.07509027 0
vt 0.6105306 0.06869456 0
vt 0.4995246 0.07493471 0
vt 0.6157415 0.0685088 0
vt 0.603454 0.06896275 0
vt 0.5954277 0.069286 0
vt 0.5873294 0.06963602 0
vt 0.5791294 0.07001505 0
vt 0.570792 0.07042567 0
vt 0.562388 0.07086464 0
vt 0.5539855 0.0713288 0
vt 0.5456519 0.07181373 0
vt 0.5374582 0.07231484 0
vt 0.5293685 0.07283321 0
vt 0.5213541 0.07336978 0
vt 0.513396 0.07392469 0
vt 0.08713136 0.5354793 0
vt 0.4974557 0.07509323 0
vt 0.4974974 0.07509355 0
vt 0.1151002 0.6307482 0
vt 0.4919387 0.07547127 0
vt 0.1205695 0.6879401 0
vt 0.1223949 0.7070869 0
vt 0.4470007 0.07860498 0
vt 0.4535239 0.07809112 0
vt 0.2206271 0.700745 0
vt 0.1224417 0.7072 0
vt 0.2485392 0.6984203 0
vt 0.1687544 0.704516 0
vt 0.1281555 0.706901 0
vt 0.1939636 0.7027798 0
vt 0.2699545 0.6965666 0
vt 0.2771215 0.6959245 0
vt 0.9949143 0.07534045 0
vt 0.2771591 0.6958488 0
vt 0.2760382 0.684046 0
vt 0.2682139 0.6016377 0
vt 0.2682184 0.6015459 0
vt 0.2693241 0.6134747 0
vt 0.2726767 0.6487622 0
vt 0.4091394 0.08133848 0
vt 0.99492 0.07532967 0
vt 0.9953319 0.06949089 0
vt 0.9953277 0.06947913 0
vt 0.9949751 0.07459028 0
vt 0.9952827 0.0702303 0
vt 0.9951296 0.07241073 0
#end 1741 textures vertices 

#begin 745 normals 
vn 0.9998 -0.0199 0
vn 0.9998 -0.0199 -0
vn -0.5468 0.1684 0.8201
vn -0.5512 0.0978 0.8286
vn -0.0845 0.1055 0.9908
vn -0.0829 0.1895 0.9784
vn -0.555 0.0746 0.8285
vn -0.0852 0.0779 0.9933
vn 0.0015 0.0765 0.9971
vn 0.0021 0.1042 0.9946
vn 0.0038 0.1885 0.9821
vn -0.5817 0.6919 0.4277
vn -0.7313 0.2836 0.6203
vn -0.2001 0.2304 0.9523
vn -0.2163 0.7723 0.5973
vn -0.7765 0.01 0.6301
vn -0.2181 -0.0041 0.9759
vn -0.0002 -0.0086 1
vn 0.0047 0.238 0.9713
vn 0.016 0.8004 0.5993
vn -0.7929 0.0064 0.6094
vn -0.8074 0.0028 0.59
vn -0.2511 -0.0166 0.9678
vn -0.2352 -0.0101 0.9719
vn -0.8245 -0.0007 0.5658
vn -0.2714 -0.0235 0.9622
vn -0.0006 -0.0301 0.9995
vn -0.0004 -0.0224 0.9997
vn -0.0003 -0.0153 0.9999
vn -0.8427 -0.0029 0.5384
vn -0.2942 -0.0288 0.9553
vn -0.856 -0.003 0.5169
vn -0.3121 -0.0304 0.9495
vn -0.0008 -0.0385 0.9993
vn -0.0007 -0.0363 0.9993
vn -0.7504 -0.6344 0.1856
vn -0.5552 -0.6858 0.4706
vn -0.0974 -0.8399 0.534
vn -0.1575 -0.9618 0.224
vn -0.5594 -0.6034 0.5683
vn -0.0984 -0.7297 0.6766
vn -0.0146 -0.734 0.679
vn -0.0168 -0.8424 0.5386
vn -0.0194 -0.9727 0.2311
vn -0.5527 -0.6661 0.5009
vn -0.5519 -0.7181 0.4239
vn -0.0997 -0.8598 0.5008
vn -0.0991 -0.7994 0.5926
vn -0.5509 -0.7618 0.3409
vn -0.1 -0.9101 0.4021
vn -0.0182 -0.9149 0.4033
vn -0.0172 -0.8645 0.5024
vn -0.016 -0.8039 0.5945
vn -0.5498 -0.7963 0.2522
vn -0.1004 -0.9496 0.2971
vn -0.5482 -0.8211 0.159
vn -0.1002 -0.9773 0.1869
vn -0.0196 -0.9821 0.1873
vn -0.019 -0.9544 0.2979
vn -0.5467 -0.8349 0.0635
vn -0.1 -0.9922 0.0744
vn -0.5448 -0.8379 -0.0332
vn -0.0994 -0.9943 -0.0392
vn -0.0199 -0.999 -0.0395
vn -0.0199 -0.997 0.0745
vn -0.543 -0.8297 -0.1298
vn -0.0987 -0.9834 -0.1524
vn -0.541 -0.8105 -0.2246
vn -0.0979 -0.9598 -0.2632
vn -0.0192 -0.9643 -0.2642
vn -0.0197 -0.988 -0.153
vn -0.539 -0.7805 -0.3169
vn -0.0966 -0.9237 -0.3709
vn -0.537 -0.7405 -0.404
vn -0.0954 -0.8762 -0.4724
vn -0.0175 -0.8804 -0.4739
vn -0.0185 -0.928 -0.3721
vn -0.5363 -0.6963 -0.477
vn -0.0941 -0.8247 -0.5577
vn -0.5337 -0.6489 -0.5424
vn -0.092 -0.7683 -0.6335
vn -0.0145 -0.7719 -0.6355
vn -0.0165 -0.8286 -0.5595
vn -0.671 -0.6812 -0.2928
vn -0.8046 -0.3033 -0.5105
vn -0.2879 -0.3198 -0.9027
vn -0.2833 -0.8155 -0.5047
vn -0.8581 -0.0052 -0.5134
vn -0.3151 -0.0347 -0.9484
vn -0.0009 -0.0431 -0.9991
vn 0.0045 -0.3528 -0.9357
vn 0.014 -0.8686 -0.4954
vn -0.8391 -0.0011 -0.544
vn -0.8226 0.0013 -0.5686
vn -0.2688 -0.0201 -0.963
vn -0.2896 -0.0253 -0.9568
vn -0.8036 0.0036 -0.5952
vn -0.2467 -0.0151 -0.969
vn -0.0004 -0.0207 -0.9998
vn -0.0005 -0.0264 -0.9997
vn -0.0007 -0.0324 -0.9995
vn -0.7871 0.0063 -0.6168
vn -0.2291 -0.0101 -0.9733
vn -0.7744 0.0091 -0.6327
vn -0.2162 -0.0053 -0.9763
vn -0.0002 -0.0099 -1
vn -0.0003 -0.0151 -0.9999
vn -0.7994 0.4766 -0.3657
vn -0.5262 0.1848 -0.83
vn -0.0724 0.3019 -0.9506
vn -0.1402 0.872 -0.469
vn -0.5261 -0.0546 -0.8487
vn -0.0788 -0.0747 -0.9941
vn -0.0015 -0.0765 -0.9971
vn 0.002 0.2965 -0.955
vn 0.0078 0.873 -0.4877
vn -0.5205 0.0805 -0.8501
vn -0.5198 0.1539 -0.8403
vn -0.0741 0.1693 -0.9828
vn -0.0759 0.0835 -0.9936
vn -0.517 0.2351 -0.8231
vn -0.0724 0.264 -0.9618
vn 0.0052 0.2631 -0.9648
vn 0.0034 0.1682 -0.9857
vn 0.0014 0.0822 -0.9966
vn -0.5168 0.327 -0.7912
vn -0.0707 0.3717 -0.9257
vn -0.5164 0.4135 -0.7498
vn -0.0691 0.4734 -0.8781
vn 0.0094 0.4732 -0.8809
vn 0.0074 0.3712 -0.9285
vn -0.5166 0.4938 -0.6995
vn -0.0678 0.568 -0.8202
vn -0.5164 0.5673 -0.6415
vn -0.0663 0.6548 -0.7529
vn 0.013 0.6552 -0.7554
vn 0.0113 0.5681 -0.8229
vn -0.5177 0.6331 -0.5755
vn -0.066 0.7333 -0.6767
vn -0.5177 0.6918 -0.5034
vn -0.0641 0.803 -0.5925
vn 0.016 0.8039 -0.5946
vn 0.0146 0.734 -0.679
vn -0.5183 0.7422 -0.4248
vn -0.0641 0.8633 -0.5006
vn -0.5192 0.7839 -0.3405
vn -0.0641 0.9135 -0.4018
vn 0.0182 0.9149 -0.4033
vn 0.0172 0.8644 -0.5024
vn -0.5206 0.8161 -0.251
vn -0.063 0.9529 -0.2967
vn -0.5218 0.8384 -0.1575
vn -0.0635 0.9804 -0.1865
vn 0.0196 0.9821 -0.1873
vn 0.019 0.9544 -0.2979
vn -0.5235 0.8497 -0.0624
vn -0.0636 0.9952 -0.074
vn -0.5249 0.8505 0.0335
vn -0.064 0.9972 0.0396
vn 0.0199 0.999 0.0395
vn 0.0199 0.997 -0.0745
vn -0.5265 0.8404 0.1287
vn -0.0645 0.9862 0.1526
vn -0.5277 0.8199 0.2219
vn -0.0657 0.9625 0.2634
vn 0.0192 0.9643 0.2642
vn 0.0197 0.988 0.153
vn -0.5301 0.7884 0.312
vn -0.0669 0.9263 0.3709
vn -0.5328 0.7475 0.3967
vn -0.0687 0.8788 0.4722
vn 0.0175 0.8804 0.4739
vn 0.0185 0.928 0.3721
vn -0.5345 0.6986 0.4756
vn -0.0693 0.8211 0.5666
vn -0.5361 0.6421 0.5481
vn -0.0708 0.7539 0.6531
vn 0.015 0.7551 0.6555
vn 0.0164 0.8225 0.5686
vn -0.5384 0.578 0.6132
vn -0.0729 0.6781 0.7314
vn -0.5402 0.5075 0.6713
vn -0.0746 0.5941 0.8009
vn 0.0118 0.5947 0.8039
vn 0.0135 0.6789 0.7341
vn -0.542 0.4307 0.7216
vn -0.0768 0.5027 0.8611
vn -0.5437 0.3482 0.7637
vn -0.0789 0.4042 0.9113
vn 0.008 0.404 0.9147
vn 0.01 0.5028 0.8643
vn -0.5453 0.2605 0.7967
vn -0.0809 0.2994 0.9507
vn 0.006 0.2988 0.9543
vn 0.7134 0.1184 0.6907
vn 0.7163 0.0586 0.6953
vn 0.9881 -0.0035 0.1538
vn 0.9879 0.01 0.1545
vn 0.7199 0.0388 0.6929
vn 0.9884 -0.0081 0.1515
vn 0.8652 0.3832 0.3233
vn 0.9976 0.0692 0.0016
vn 0.9971 -0.0226 0.072
vn 0.7814 -0.6096 0.1332
vn 0.7118 -0.5987 0.3672
vn 0.9857 -0.13 0.1075
vn 0.9965 -0.0655 0.0518
vn 0.7089 -0.5243 0.4718
vn 0.986 -0.1312 0.1031
vn 0.7 -0.5792 0.4178
vn 0.6992 -0.6217 0.3531
vn 0.9847 -0.1554 0.0789
vn 0.9849 -0.1459 0.0933
vn 0.6984 -0.6571 0.2834
vn 0.9845 -0.1634 0.0634
vn 0.6978 -0.6851 0.2094
vn 0.9844 -0.1697 0.0468
vn 0.6971 -0.7047 0.1317
vn 0.9843 -0.1741 0.0294
vn 0.697 -0.7151 0.0524
vn 0.9842 -0.1765 0.0117
vn 0.6968 -0.7167 -0.0278
vn 0.9842 -0.1769 -0.0062
vn 0.6971 -0.7089 -0.1076
vn 0.9843 -0.1751 -0.0241
vn 0.6974 -0.6922 -0.1858
vn 0.9843 -0.1714 -0.0416
vn 0.698 -0.6666 -0.2616
vn 0.9845 -0.1656 -0.0585
vn 0.6987 -0.6331 -0.3332
vn 0.9846 -0.1581 -0.0745
vn 0.701 -0.5953 -0.3927
vn 0.985 -0.1491 -0.0874
vn 0.699 -0.5572 -0.4482
vn 0.9848 -0.1421 -0.1004
vn 0.7757 -0.6023 -0.1886
vn 0.9948 -0.1014 0.0027
vn 0.9966 -0.0659 -0.0498
vn 0.8386 0.44 -0.321
vn 0.7292 0.1768 -0.661
vn 0.988 -0.0313 -0.1516
vn 0.9972 -0.0253 -0.0709
vn 0.7178 -0.0675 -0.693
vn 0.9879 -0.0313 -0.1516
vn 0.9998 -0.0198 -0
vn 0.7135 0.0438 -0.6993
vn 0.7157 0.1037 -0.6906
vn 0.9881 0.0066 -0.1534
vn 0.9878 -0.0066 -0.1557
vn 0.7148 0.1707 -0.6782
vn 0.9882 0.0217 -0.1518
vn 0.7164 0.2467 -0.6527
vn 0.9885 0.0387 -0.1459
vn 0.7177 0.3185 -0.6193
vn 0.9889 0.0546 -0.1384
vn 0.7193 0.385 -0.5783
vn 0.9892 0.0695 -0.1292
vn 0.7205 0.4463 -0.5308
vn 0.9895 0.0832 -0.1186
vn 0.7215 0.5017 -0.4772
vn 0.9897 0.0956 -0.1066
vn 0.7225 0.5509 -0.4179
vn 0.9899 0.1065 -0.0933
vn 0.7235 0.5932 -0.3531
vn 0.9901 0.1161 -0.0789
vn 0.7239 0.629 -0.2835
vn 0.9903 0.124 -0.0633
vn 0.7243 0.6569 -0.2094
vn 0.9904 0.1303 -0.0468
vn 0.7248 0.6763 -0.1317
vn 0.9904 0.1348 -0.0294
vn 0.7249 0.6869 -0.0524
vn 0.9905 0.1371 -0.0117
vn 0.7248 0.6884 0.0278
vn 0.9905 0.1376 0.0062
vn 0.7246 0.6807 0.1076
vn 0.9904 0.1358 0.0241
vn 0.7243 0.664 0.1858
vn 0.9904 0.1321 0.0416
vn 0.7238 0.6384 0.2617
vn 0.9903 0.1262 0.0585
vn 0.7233 0.6048 0.3332
vn 0.9901 0.1187 0.0745
vn 0.7227 0.5639 0.3997
vn 0.99 0.1096 0.0894
vn 0.7215 0.5167 0.4609
vn 0.9898 0.0989 0.103
vn 0.7207 0.463 0.516
vn 0.9895 0.087 0.1154
vn 0.7194 0.4039 0.5651
vn 0.9892 0.0738 0.1263
vn 0.7182 0.3393 0.6076
vn 0.9889 0.0594 0.1359
vn 0.7168 0.2698 0.643
vn 0.9886 0.0438 0.1438
vn 0.7153 0.1959 0.6708
vn 0.9883 0.0273 0.1501
vn -0.8226 0.4295 0.3726
vn -0.9938 0.1114 0.0004
vn -0.9791 0.2034 0.0001
vn -0.6692 0.7381 0.0862
vn -0.9998 0.0199 0
vn -0.9998 0.0199 -0
vn -0.9791 0.2034 0
vn -0.6597 0.7515 -0
vn -0.1284 -0.9909 0.0395
vn -0.6241 -0.7805 0.0365
vn -0.0199 -0.9991 0.0377
vn -0.0199 -0.9998 -0
vn -0.1313 -0.9913 -0
vn -0.6364 -0.7713 -0
vn 0.9926 -0.1196 -0.02
vn 0.9703 -0.2417 -0.0066
vn 0.601 -0.7989 0.0238
vn 0.9709 -0.2395 -0
vn 0.6115 -0.7912 -0
vn 0.2228 0.8094 0.5433
vn 0.1649 0.9813 0.0988
vn 0.7039 0.7056 0.0817
vn 0.0163 0.819 0.5735
vn 0.0198 0.9948 0.1004
vn 0.0199 0.9998 -0
vn 0.1623 0.9867 -0
vn 0.6946 0.7194 -0
vn 0.9998 -0.02 0
vn -0.0197 -0.9979 -0.062
vn 0.5807 0.6984 -0.4184
vn 0.7338 0.2736 -0.6218
vn 0.2026 0.2396 -0.9495
vn 0.2307 0.7785 -0.5838
vn 0.771 -0.0177 -0.6366
vn 0.2126 -0.0077 -0.9771
vn -0.0001 -0.0036 -1
vn 0.0024 0.2558 -0.9667
vn 0.0076 0.8137 -0.5812
vn 0.0436 0.829 -0.5575
vn 0.6758 -0.5984 -0.4304
vn 0.1363 -0.8098 -0.5707
vn 0.1757 -0.9527 -0.248
vn 0.7095 -0.4862 -0.5102
vn 0.1555 -0.6726 -0.7235
vn -0.0135 -0.6789 -0.7341
vn -0.0065 -0.8058 -0.5922
vn 0.0075 -0.9651 -0.2616
vn -0.1159 0.9913 -0.0629
vn -0.6404 0.7647 -0.0709
vn 0.0093 0.9979 -0.0633
vn 0.0094 1 0
vn -0.115 0.9934 0
vn -0.6372 0.7707 -0
vn 0.9964 0.085 -0.0044
vn 0.984 0.1782 -0.0019
vn 0.67 0.739 -0.0701
vn 0.9837 0.1796 -0
vn 0.6661 0.7458 -0
vn 0.1645 -0.9853 -0.0464
vn 0.6862 -0.7262 -0.042
vn 0.0156 -0.999 -0.043
vn 0.0171 -0.9999 -0
vn 0.1725 -0.985 0
vn 0.7023 -0.7119 -0
vn -0.7675 -0.607 -0.2061
vn -0.9982 -0.0595 0.0085
vn -0.9897 -0.1434 0.0019
vn -0.6909 -0.7217 -0.0427
vn -0.9897 -0.1428 -0
vn -0.7072 -0.707 -0
vn -0.0201 -0.9987 -0.0476
vn -0.0195 -0.9984 -0.0525
vn 0.0201 0.7653 -0.6433
vn -0.9998 0.0198 0.0001
vn 0.0149 0.7774 0.6288
vn -0.9998 0.0184 0.0001
vn 0.0204 0.9988 -0.0452
vn -0.9998 0.02 -0
vn -0.5486 0.2165 0.8075
vn -0.9587 0.0329 0.2824
vn -0.9928 0.0151 0.1184
vn -0.9598 0.0404 0.2777
vn -0.9998 0.0198 -0
vn -0.956 0.1049 0.2741
vn -0.9565 0.0731 0.2824
vn -0.9554 0.1351 0.2627
vn -0.9548 0.1635 0.2481
vn -0.9543 0.1899 0.2307
vn -0.9537 0.2144 0.2109
vn -0.953 0.2368 0.1887
vn -0.9526 0.2565 0.1638
vn -0.9517 0.2746 0.1372
vn -0.951 0.2897 0.1081
vn -0.9503 0.3018 0.077
vn -0.9501 0.3089 0.0444
vn -0.9495 0.3135 0.0111
vn -0.9491 0.3141 -0.0226
vn -0.9486 0.3115 -0.0563
vn -0.9484 0.304 -0.0895
vn -0.9478 0.2946 -0.1221
vn -0.9477 0.2802 -0.1525
vn -0.9479 0.2624 -0.1808
vn -0.9476 0.2426 -0.2076
vn -0.9475 0.2197 -0.2322
vn -0.9476 0.1937 -0.2539
vn -0.9477 0.1651 -0.2731
vn -0.948 0.1339 -0.2888
vn -0.9481 0.1007 -0.3015
vn -0.9495 0.071 -0.3056
vn -0.9496 0.0444 -0.3102
vn -0.5206 -0.0071 -0.8538
vn -0.9495 0.012 -0.3136
vn -0.9526 -0.0044 -0.3043
vn -0.9918 0.1275 -0.0006
vn -0.9919 0.01 -0.1268
vn -0.9998 0.0198 0
vn -0.539 -0.6565 -0.5278
vn -0.9564 -0.1879 -0.2237
vn -0.9945 -0.0597 -0.0859
vn -0.5368 -0.5672 -0.6246
vn -0.9564 -0.1878 -0.2236
vn -0.9554 -0.2386 -0.1741
vn -0.9545 -0.2224 -0.1987
vn -0.9554 -0.2555 -0.1482
vn -0.956 -0.2695 -0.1161
vn -0.9565 -0.2797 -0.0823
vn -0.9572 -0.2856 -0.0477
vn -0.9577 -0.2876 -0.0127
vn -0.9582 -0.2853 0.0221
vn -0.9586 -0.2793 0.0562
vn -0.9589 -0.2693 0.0893
vn -0.9592 -0.2557 0.1205
vn -0.9594 -0.2392 0.1494
vn -0.9595 -0.22 0.176
vn -0.5561 -0.6205 0.553
vn -0.9608 -0.2003 0.1916
vn -0.9622 -0.1909 0.1943
vn -0.9958 -0.0906 -0.012
vn -0.9949 -0.0554 0.0845
vn -0.9998 0.0199 0.0001
vn 0.7731 -0.0188 -0.6341
vn 0.2149 -0.0095 -0.9766
vn 0.7793 -0.0217 -0.6263
vn 0.2211 -0.014 -0.9752
vn -0.0001 -0.0054 -1
vn -0.9749 0.2225 -0.0001
vn -0.9749 0.2226 0
vn 0.1693 0.3096 0.9357
vn 0.0061 0.3082 0.9513
vn 0.7254 0.1832 0.6635
vn 0.1702 0.072 0.9828
vn 0.2399 -0.0196 0.9706
vn 0.2291 -0.0145 0.9733
vn -0.0002 -0.0102 0.9999
vn 0.7974 -0.0251 0.6029
vn 0.7873 -0.022 0.6161
vn 0.7812 -0.021 0.624
vn 0.2225 -0.0128 0.9748
vn 0.2753 -0.0344 0.9607
vn 0.2559 -0.0267 0.9663
vn 0.8282 -0.0334 0.5595
vn 0.8118 -0.0293 0.5832
vn -0.0183 -0.9173 0.3977
vn 0.2366 -0.8768 0.4186
vn 0.2776 -0.3984 0.8742
vn -0.0086 -0.4308 0.9024
vn 0.5563 -0.7982 0.2313
vn 0.7765 -0.3981 0.4884
vn 0.8594 -0.0369 0.5099
vn 0.3166 -0.0429 0.9476
vn 0.152 -0.7959 0.5861
vn 0.1535 -0.7449 0.6493
vn -0.015 -0.7523 0.6586
vn 0.7046 -0.54 0.4603
vn 0.1544 -0.7268 0.6693
vn 0.1499 -0.9052 0.3976
vn 0.1509 -0.8555 0.4953
vn 0.1484 -0.9715 0.1846
vn 0.1491 -0.9442 0.2937
vn 0.1481 -0.9882 -0.039
vn 0.1482 -0.9862 0.0734
vn 0.1488 -0.954 -0.2604
vn 0.1483 -0.9774 -0.1508
vn 0.1505 -0.8713 -0.4672
vn 0.1495 -0.9182 -0.3668
vn -0.0145 -0.7713 -0.6363
vn 0.1519 -0.7633 -0.6279
vn 0.1517 -0.82 -0.552
vn -0.0165 -0.8284 -0.5598
vn 0.2937 -0.0368 -0.9552
vn 0.309 -0.0436 -0.9501
vn -0.0009 -0.0394 -0.9992
vn 0.8425 -0.0343 -0.5375
vn 0.8538 -0.0376 -0.5193
vn 0.8608 -0.0392 -0.5074
vn 0.3186 -0.0472 -0.9467
vn 0.2517 -0.025 -0.9675
vn 0.2736 -0.0308 -0.9613
vn 0.8082 -0.0283 -0.5883
vn 0.8268 -0.0314 -0.5616
vn 0.2337 -0.0193 -0.9721
vn 0.7917 -0.025 -0.6104
vn 0.0014 0.0825 -0.9966
vn 0.1693 0.0779 -0.9825
vn 0.1671 -0.0234 -0.9857
vn -0.0007 -0.0204 -0.9998
vn 0.7107 -0.0284 -0.7029
vn 0.1673 -0.0787 -0.9828
vn 0.1732 0.256 -0.951
vn 0.1714 0.1625 -0.9717
vn 0.0034 0.1683 -0.9857
vn 0.1769 0.4631 -0.8685
vn 0.1752 0.3626 -0.9153
vn 0.0131 0.6552 -0.7553
vn 0.1806 0.6426 -0.7446
vn 0.179 0.5567 -0.8112
vn 0.1834 0.7892 -0.5861
vn 0.1821 0.7202 -0.6694
vn 0.1855 0.8986 -0.3976
vn 0.1849 0.8488 -0.4953
vn 0.1872 0.9648 -0.1846
vn 0.1864 0.9376 -0.2937
vn 0.1874 0.9815 0.039
vn 0.1872 0.9796 -0.0734
vn 0.1865 0.9473 0.2605
vn 0.1869 0.9707 0.1508
vn 0.1849 0.8646 0.4672
vn 0.1857 0.9116 0.3669
vn 0.1822 0.7411 0.6462
vn 0.1839 0.8074 0.5605
vn 0.1793 0.5829 0.7925
vn 0.1811 0.666 0.7237
vn 0.1758 0.3949 0.9018
vn 0.1776 0.4924 0.8521
vn 0.0038 0.1884 0.9821
vn 0.1712 0.1825 0.9682
vn 0.1738 0.2912 0.9407
vn -0.0194 -0.9728 0.231
vn 0.1617 -0.9621 0.2198
vn 0.0918 -0.995 0.0395
vn -0.0199 -0.9991 0.0378
vn 0.0944 -0.9955 0
vn 0.0163 0.8191 0.5735
vn 0.0198 0.9948 0.1002
vn 0.0198 0.9948 0.1
vn 0.0199 0.9998 0
vn 0.0024 0.2563 -0.9666
vn 0.0024 0.257 -0.9664
vn 0.0077 0.8147 -0.5798
vn 0.0076 0.8142 -0.5806
vn -0.0145 -0.7716 -0.6359
vn -0.0131 -0.7093 -0.7048
vn -0.0131 -0.709 -0.7051
vn -0.0131 -0.7095 -0.7046
vn 0.0078 0.8741 -0.4856
vn 0.173 0.8739 -0.4542
vn 0.139 0.9883 -0.0622
vn 0.0093 0.998 -0.0623
vn 0.1384 0.9904 -0
vn 0.0094 1 -0
vn 0.0076 -0.9657 -0.2594
vn 0.0156 -0.999 -0.0425
vn 0.0077 -0.9663 -0.2574
vn 0.0157 -0.999 -0.0419
vn -0.9948 0.0177 -0.1006
vn -0.9957 0.0174 -0.0908
vn -0.9964 0.0171 -0.0828
vn -0.993 0.0186 -0.1169
vn -0.9938 0.0181 -0.1097
vn -0.9924 0.0193 -0.1218
vn -0.9925 0.0191 -0.1206
vn -0.766 0.013 -0.6427
vn -0.7681 0.0118 -0.6402
vn 0.0094 0.9954 -0.0951
vn 0.0094 0.9954 -0.0949
vn 0.0094 0.9955 -0.0947
vn 0.9927 -0.0202 -0.1188
vn 0.9777 0.1753 -0.1156
vn 0.6638 0.7328 -0.1495
vn 0.6661 0.7458 0
vn 0.9949 -0.0219 -0.0981
vn 0.994 -0.0215 -0.107
vn 0.9933 -0.0209 -0.114
vn 0.9965 -0.0225 -0.0807
vn 0.9958 -0.0222 -0.0885
vn 0.7023 -0.7119 0
vn 0.6976 -0.7097 -0.0982
vn 0.9809 -0.1815 -0.0694
vn 0.9836 -0.1806 -0
vn 0.6684 -0.6901 -0.2774
vn 0.8034 -0.3259 -0.4983
vn 0.9971 -0.0231 -0.0723
vn 0.0171 -0.9999 0
vn 0.017 -0.9974 -0.07
vn 0.1704 -0.983 -0.0678
vn 0.0141 -0.8724 -0.4885
vn 0.297 -0.8193 -0.4904
vn -0.9969 0.0167 -0.0774
vn -0.8508 -0.004 -0.5254
vn -0.9971 0.0166 -0.074
vn -0.636 0.757 -0.1496
vn -0.9689 0.2177 -0.118
vn -0.9749 0.2226 -0
vn -0.5509 0.722 -0.4187
vn -0.72 0.3027 -0.6245
vn 0.9928 -0.0204 -0.1177
vn 0.1367 0.9862 -0.0938
vn -0.7073 -0.7069 0
vn -0.7019 -0.7047 -0.104
vn -0.1429 -0.9872 -0.0708
vn -0.1445 -0.9895 -0
vn 0.0169 -0.9973 -0.0719
vn 0.9998 -0.02 -0.0001
vn 0.9998 -0.02 -0
vn 0.9849 -0.1329 -0.1107
vn 0.7007 -0.5128 -0.496
vn 0.9861 -0.1229 -0.1116
vn -0.0781 -0.0189 -0.9968
vn -0.0007 -0.0206 -0.9998
vn 0.9873 -0.0228 -0.1572
vn -0.9527 -0.0044 -0.3039
vn 0.1624 0.3081 -0.9374
vn 0.002 0.2978 -0.9546
vn 0.9838 0.1795 -0
vn 0.666 0.746 -0
vn 0.7024 -0.7118 0
vn 0.9836 -0.1804 0
vn 0.1381 0.9904 -0
vn -0.7073 -0.7069 -0
vn -0.1444 -0.9895 -0
vn -0.7826 0.0092 0.6225
vn -0.2244 -0.0055 0.9745
vn 0.9872 0.1594 0.0008
vn 0.9871 0.16 -0
vn 0.7468 0.2519 0.6155
vn 0.2137 0.222 0.9513
vn 0.618 0.6624 0.4235
vn 0.2517 0.762 0.5966
vn 0.016 0.8005 0.5991
vn 0.0047 0.2378 0.9713
vn -0.9791 0.2034 -0
vn -0.9791 0.2035 -0
vn -0.6594 0.7518 -0
vn -0.6595 0.7517 0
vn -0.6364 -0.7713 0
vn -0.9786 -0.2059 -0
vn -0.9786 -0.2058 0
vn -0.9786 -0.2058 -0
vn -0.0199 -0.9998 0
vn 0.6117 -0.7911 0
vn 0.0947 -0.9955 -0
vn 0.6115 -0.7912 0
vn 0.0945 -0.9955 -0
vn -0.1194 0.9929 0
vn -0.1196 0.9928 -0
vn -0.1194 0.9929 -0
vn -0.9931 0.0188 0.1158
vn -0.9734 0.1988 0.1137
vn -0.6557 0.7396 0.152
vn -0.9958 0.0171 0.09
vn -0.995 0.0176 0.0987
vn -0.9941 0.0181 0.1065
vn -0.638 -0.7653 0.0854
vn -0.9761 -0.2056 0.0704
vn -0.5785 -0.7814 0.2338
vn -0.7872 -0.3697 0.4936
vn -0.997 0.0169 0.075
vn -0.0199 -0.9986 0.0498
vn -0.0199 -0.9986 0.0499
vn -0.0183 -0.9172 0.398
vn -0.0183 -0.9174 0.3975
vn 0.9959 -0.0225 0.0877
vn 0.9966 -0.0228 0.079
vn 0.8463 -0.0363 0.5314
vn 0.9971 -0.0227 0.073
vn 0.9944 -0.0214 0.1038
vn 0.9951 -0.022 0.0962
vn 0.9934 -0.0208 0.1128
vn 0.9938 -0.0209 0.1095
vn 0.0198 0.9947 0.1013
vn 0.1601 0.9821 0.0995
vn 0.6896 0.7084 0.1504
vn 0.6131 -0.7855 0.0843
vn 0.094 -0.9944 0.0493
vn -0.1177 0.988 0.0995
vn 0.0198 0.9946 0.1017
vn -0.9935 0.0186 0.1123
vn 0.9815 0.1559 0.111
vn 0.0061 0.3081 0.9513
vn 0.0061 0.308 0.9514
vn 0.0047 0.2377 0.9713
vn 0.0159 0.8005 0.5992
vn -0.0086 -0.4306 0.9025
vn -0.0086 -0.4311 0.9023
vn -0.0165 -0.8285 -0.5597
vn -0.0009 -0.0395 -0.9992
vn 0.002 0.297 -0.9549
vn 0.0078 0.8734 -0.4869
vn 0.0014 0.0824 -0.9966
vn -0.0199 -0.9991 0.0379
vn 0.0093 0.998 -0.0629
vn -0.1642 0.8149 0.5558
vn -0.1221 0.9876 0.0987
vn -0.2079 0.0006 -0.9781
vn -0.193 0.2484 -0.9492
vn -0.208 0.7866 -0.5813
vn -0.0904 -0.706 -0.7024
vn -0.5327 -0.5957 -0.6012
vn -0.0907 -0.6754 -0.7319
vn -0.1544 -0.9546 -0.2548
vn -0.1393 -0.9892 -0.0455
vn -0.2102 -0.0011 -0.9777
vn -0.1136 0.9891 -0.0932
vn -0.115 0.9934 -0
vn 0.0141 -0.8705 -0.492
vn 0.017 -0.9973 -0.071
vn -0.0007 -0.0205 -0.9998
vn -0.2662 -0.8682 0.4188
vn -0.1306 -0.9902 0.0493
vn -0.0773 0.3128 0.9467
vn 0.988 -0.012 0.1541
vn -0.9583 0.0486 0.2815
vn 0.1702 0.0993 0.9804
vn -0.0985 -0.7479 0.6564
vn 0.9855 -0.1359 0.1017
vn -0.961 -0.1886 0.2021
vn 0.1494 -0.8371 0.5263
vn -0.0168 -0.8425 0.5384
vn -0.288 -0.3879 0.8756
vn -0.9784 -0.2069 -0.0032
vn 0.2987 -0.0406 0.9535
vn 0.9709 -0.2396 -0
vn -0.9966 0.0169 0.0811
vn 0.9685 -0.2394 0.0687
vn -0.3054 -0.0315 -0.9517
vn 0.9835 -0.1807 0.0008
vn 0.2948 -0.3325 -0.8958
vn 0.0046 -0.3585 -0.9335
vn 0.9969 -0.0229 -0.0756
vn -0.9869 -0.1445 -0.0717
vn -0.9897 -0.1429 -0
vn -0.9897 -0.1428 0
vn 0.0046 -0.3557 -0.9346
vn 0.153 -0.7013 -0.6963
vn -0.9543 -0.2023 -0.2198
vn -0.0064 -0.8077 -0.5896
vn -0.0065 -0.8068 -0.5908
vn -0.083 -0.8058 -0.5864
#end 745 normals 

#begin 1532 faces
o Circle001
usemtl wire_088088225
g Circle001
f 1/1/1 2/2/1 3/3/1 4/4/1 
f 2/2/1 5/5/1 6/6/2 3/3/1 
f 7/7/1 8/8/1 3/3/1 6/6/2 
f 8/8/1 9/9/1 10/10/2 3/3/1 
f 11/11/2 12/12/2 3/3/1 10/10/2 
f 12/12/2 13/13/2 14/14/1 3/3/1 
f 15/15/1 16/16/1 3/3/1 14/14/1 
f 16/16/1 17/17/1 18/18/1 3/3/1 
f 19/19/1 20/20/1 3/3/1 18/18/1 
f 20/20/1 21/21/2 22/22/2 3/3/1 
f 23/23/2 24/24/2 3/3/1 22/22/2 
f 24/24/2 25/25/2 26/26/1 3/3/1 
f 27/27/1 28/28/1 3/3/1 26/26/1 
f 28/28/1 29/29/2 30/30/2 3/3/1 
f 31/31/2 32/32/2 3/3/1 30/30/2 
f 32/32/2 33/33/1 34/34/2 3/3/1 
f 35/35/1 36/36/2 3/3/1 34/34/2 
f 36/36/2 37/37/1 38/38/2 3/3/1 
f 39/39/2 40/40/2 3/3/1 38/38/2 
f 40/40/2 41/41/2 42/42/1 3/3/1 
f 43/43/2 44/44/1 3/3/1 42/42/1 
f 44/44/1 45/45/2 46/46/2 3/3/1 
f 47/47/1 48/48/1 3/3/1 46/46/2 
f 48/48/1 49/49/1 50/50/2 3/3/1 
f 51/51/2 52/52/1 3/3/1 50/50/2 
f 52/52/1 53/53/1 54/54/1 3/3/1 
f 55/55/1 56/56/2 3/3/1 54/54/1 
f 56/56/2 57/57/2 58/58/1 3/3/1 
f 59/59/2 60/60/2 3/3/1 58/58/1 
f 60/60/2 61/61/2 4/4/1 3/3/1 
f 62/62/3 63/63/4 64/64/5 65/65/6 
f 63/63/4 66/66/7 67/67/8 64/64/5 
f 68/68/9 69/69/10 64/64/5 67/67/8 
f 69/69/10 70/70/11 65/65/6 64/64/5 
f 71/1546/12 72/72/13 73/73/14 74/74/15 
f 72/72/13 75/75/16 76/76/17 73/73/14 
f 77/77/18 78/78/19 73/73/14 76/76/17 
f 78/78/19 79/79/20 74/74/15 73/73/14 
f 80/80/21 81/81/22 82/82/23 83/83/24 
f 81/81/22 84/84/25 85/85/26 82/82/23 
f 86/86/27 87/87/28 82/82/23 85/85/26 
f 87/87/28 88/88/29 83/83/24 82/82/23 
f 84/84/25 89/89/30 90/90/31 85/85/26 
f 89/89/30 91/91/32 92/92/33 90/90/31 
f 93/93/34 94/94/35 90/90/31 92/92/33 
f 94/94/35 86/86/27 85/85/26 90/90/31 
f 95/1561/36 96/96/37 97/97/38 98/98/39 
f 96/96/37 99/99/40 100/100/41 97/97/38 
f 101/101/42 102/102/43 97/97/38 100/100/41 
f 102/102/43 103/103/44 98/98/39 97/97/38 
f 104/104/45 105/105/46 106/106/47 107/107/48 
f 105/105/46 108/108/49 109/109/50 106/106/47 
f 110/110/51 111/111/52 106/106/47 109/109/50 
f 111/111/52 112/112/53 107/107/48 106/106/47 
f 108/108/49 113/113/54 114/114/55 109/109/50 
f 113/113/54 115/115/56 116/116/57 114/114/55 
f 117/117/58 118/118/59 114/114/55 116/116/57 
f 118/118/59 110/110/51 109/109/50 114/114/55 
f 115/115/56 119/119/60 120/120/61 116/116/57 
f 119/119/60 121/121/62 122/122/63 120/120/61 
f 123/123/64 124/124/65 120/120/61 122/122/63 
f 124/124/65 117/117/58 116/116/57 120/120/61 
f 121/121/62 125/125/66 126/126/67 122/122/63 
f 125/125/66 127/127/68 128/128/69 126/126/67 
f 129/129/70 130/130/71 126/126/67 128/128/69 
f 130/130/71 123/123/64 122/122/63 126/126/67 
f 127/127/68 131/131/72 132/132/73 128/128/69 
f 131/131/72 133/133/74 134/134/75 132/132/73 
f 135/135/76 136/136/77 132/132/73 134/134/75 
f 136/136/77 129/129/70 128/128/69 132/132/73 
f 133/133/74 137/137/78 138/138/79 134/134/75 
f 137/137/78 139/139/80 140/140/81 138/138/79 
f 141/141/82 142/142/83 138/138/79 140/140/81 
f 142/142/83 135/135/76 134/134/75 138/138/79 
f 143/1582/84 144/144/85 145/145/86 146/146/87 
f 144/144/85 147/147/88 148/148/89 145/145/86 
f 149/149/90 150/150/91 145/145/86 148/148/89 
f 150/150/91 151/151/92 146/146/87 145/145/86 
f 152/152/93 153/153/94 154/154/95 155/155/96 
f 153/153/94 156/156/97 157/157/98 154/154/95 
f 158/158/99 159/159/100 154/154/95 157/157/98 
f 159/159/100 160/160/101 155/155/96 154/154/95 
f 156/156/97 161/161/102 162/162/103 157/157/98 
f 161/161/102 163/163/104 164/164/105 162/162/103 
f 165/165/106 166/166/107 162/162/103 164/164/105 
f 166/166/107 158/158/99 157/157/98 162/162/103 
f 167/1634/108 168/168/109 169/169/110 170/170/111 
f 168/168/109 171/171/112 172/172/113 169/169/110 
f 173/173/114 174/174/115 169/169/110 172/172/113 
f 174/174/115 175/175/116 170/170/111 169/169/110 
f 176/176/117 177/177/118 178/178/119 179/179/120 
f 177/177/118 180/180/121 181/181/122 178/178/119 
f 182/182/123 183/183/124 178/178/119 181/181/122 
f 183/183/124 184/184/125 179/179/120 178/178/119 
f 180/180/121 185/185/126 186/186/127 181/181/122 
f 185/185/126 187/187/128 188/188/129 186/186/127 
f 189/189/130 190/190/131 186/186/127 188/188/129 
f 190/190/131 182/182/123 181/181/122 186/186/127 
f 187/187/128 191/191/132 192/192/133 188/188/129 
f 191/191/132 193/193/134 194/194/135 192/192/133 
f 195/195/136 196/196/137 192/192/133 194/194/135 
f 196/196/137 189/189/130 188/188/129 192/192/133 
f 193/193/134 197/197/138 198/198/139 194/194/135 
f 197/197/138 199/199/140 200/200/141 198/198/139 
f 201/201/142 202/202/143 198/198/139 200/200/141 
f 202/202/143 195/195/136 194/194/135 198/198/139 
f 199/199/140 203/203/144 204/204/145 200/200/141 
f 203/203/144 205/205/146 206/206/147 204/204/145 
f 207/207/148 208/208/149 204/204/145 206/206/147 
f 208/208/149 201/201/142 200/200/141 204/204/145 
f 205/205/146 209/209/150 210/210/151 206/206/147 
f 209/209/150 211/211/152 212/212/153 210/210/151 
f 213/213/154 214/214/155 210/210/151 212/212/153 
f 214/214/155 207/207/148 206/206/147 210/210/151 
f 211/211/152 215/215/156 216/216/157 212/212/153 
f 215/215/156 217/217/158 218/218/159 216/216/157 
f 219/219/160 220/220/161 216/216/157 218/218/159 
f 220/220/161 213/213/154 212/212/153 216/216/157 
f 217/217/158 221/221/162 222/222/163 218/218/159 
f 221/221/162 223/223/164 224/224/165 222/222/163 
f 225/225/166 226/226/167 222/222/163 224/224/165 
f 226/226/167 219/219/160 218/218/159 222/222/163 
f 223/223/164 227/227/168 228/228/169 224/224/165 
f 227/227/168 229/229/170 230/230/171 228/228/169 
f 231/231/172 232/232/173 228/228/169 230/230/171 
f 232/232/173 225/225/166 224/224/165 228/228/169 
f 229/229/170 233/233/174 234/234/175 230/230/171 
f 233/233/174 235/235/176 236/236/177 234/234/175 
f 237/237/178 238/238/179 234/234/175 236/236/177 
f 238/238/179 231/231/172 230/230/171 234/234/175 
f 235/235/176 239/239/180 240/240/181 236/236/177 
f 239/239/180 241/241/182 242/242/183 240/240/181 
f 243/243/184 244/244/185 240/240/181 242/242/183 
f 244/244/185 237/237/178 236/236/177 240/240/181 
f 241/241/182 245/245/186 246/246/187 242/242/183 
f 245/245/186 247/247/188 248/248/189 246/246/187 
f 249/249/190 250/250/191 246/246/187 248/248/189 
f 250/250/191 243/243/184 242/242/183 246/246/187 
f 247/247/188 251/251/192 252/252/193 248/248/189 
f 251/251/192 62/62/3 65/65/6 252/252/193 
f 70/70/11 253/253/194 252/252/193 65/65/6 
f 253/253/194 249/249/190 248/248/189 252/252/193 
f 254/254/195 255/255/196 256/256/197 257/257/198 
f 255/255/196 258/258/199 259/259/200 256/256/197 
f 260/260/1 261/261/1 256/256/197 259/259/200 
f 261/261/1 262/262/1 257/257/198 256/256/197 
f 263/1732/201 264/264/202 265/265/1 266/266/203 
f 264/264/202 267/267/2 268/268/2 265/265/1 
f 269/269/2 270/270/2 265/265/1 268/268/2 
f 270/270/2 271/271/2 266/266/203 265/265/1 
f 272/272/2 273/273/1 274/274/1 275/275/2 
f 273/273/1 276/276/1 277/277/1 274/274/1 
f 278/278/1 279/279/1 274/274/1 277/277/1 
f 279/279/1 280/280/1 275/275/2 274/274/1 
f 276/276/1 281/281/1 282/282/2 277/277/1 
f 281/281/1 283/283/1 284/284/2 282/282/2 
f 285/285/2 286/286/2 282/282/2 284/284/2 
f 286/286/2 278/278/1 277/277/1 282/282/2 
f 287/287/204 288/288/205 289/289/206 290/290/207 
f 288/288/205 291/291/208 292/292/209 289/289/206 
f 293/293/1 294/294/2 289/289/206 292/292/209 
f 294/294/2 295/295/2 290/290/207 289/289/206 
f 296/296/210 297/297/211 298/298/212 299/299/213 
f 297/297/211 300/300/214 301/301/215 298/298/212 
f 302/302/1 303/303/2 298/298/212 301/301/215 
f 303/303/2 304/304/2 299/299/213 298/298/212 
f 300/300/214 305/305/216 306/306/217 301/301/215 
f 305/305/216 307/307/218 308/308/219 306/306/217 
f 309/309/1 310/310/1 306/306/217 308/308/219 
f 310/310/1 302/302/1 301/301/215 306/306/217 
f 307/307/218 311/311/220 312/312/221 308/308/219 
f 311/311/220 313/313/222 314/314/223 312/312/221 
f 315/315/2 316/316/1 312/312/221 314/314/223 
f 316/316/1 309/309/1 308/308/219 312/312/221 
f 313/313/222 317/317/224 318/318/225 314/314/223 
f 317/317/224 319/319/226 320/320/227 318/318/225 
f 321/321/2 322/322/2 318/318/225 320/320/227 
f 322/322/2 315/315/2 314/314/223 318/318/225 
f 319/319/226 323/323/228 324/324/229 320/320/227 
f 323/323/228 325/325/230 326/326/231 324/324/229 
f 327/327/2 328/328/2 324/324/229 326/326/231 
f 328/328/2 321/321/2 320/320/227 324/324/229 
f 325/325/230 329/329/232 330/330/233 326/326/231 
f 329/329/232 331/331/234 332/332/235 330/330/233 
f 333/333/2 334/334/2 330/330/233 332/332/235 
f 334/334/2 327/327/2 326/326/231 330/330/233 
f 335/335/236 336/336/237 337/337/1 338/338/238 
f 336/336/237 339/339/2 340/340/2 337/337/1 
f 341/341/1 342/342/1 337/337/1 340/340/2 
f 342/342/1 343/343/1 338/338/238 337/337/1 
f 344/344/1 345/345/2 346/346/1 347/347/1 
f 345/345/2 348/348/1 349/349/1 346/346/1 
f 350/350/2 351/351/2 346/346/1 349/349/1 
f 351/351/2 352/352/1 347/347/1 346/346/1 
f 348/348/1 353/353/1 354/354/1 349/349/1 
f 353/353/1 355/355/2 356/356/2 354/354/1 
f 357/357/1 358/358/1 354/354/1 356/356/2 
f 358/358/1 350/350/2 349/349/1 354/354/1 
f 359/359/239 360/360/240 361/361/241 362/362/242 
f 360/360/240 363/363/243 364/364/244 361/361/241 
f 365/365/1 366/366/1 361/361/241 364/364/244 
f 366/366/1 367/367/245 362/362/242 361/361/241 
f 368/368/246 369/369/247 370/370/248 371/371/249 
f 369/369/247 372/372/250 373/373/251 370/370/248 
f 374/374/2 375/375/1 370/370/248 373/373/251 
f 375/375/1 376/376/2 371/371/249 370/370/248 
f 372/372/250 377/377/252 378/378/253 373/373/251 
f 377/377/252 379/379/254 380/380/255 378/378/253 
f 381/381/2 382/382/1 378/378/253 380/380/255 
f 382/382/1 374/374/2 373/373/251 378/378/253 
f 379/379/254 383/383/256 384/384/257 380/380/255 
f 383/383/256 385/385/258 386/386/259 384/384/257 
f 387/387/2 388/388/2 384/384/257 386/386/259 
f 388/388/2 381/381/2 380/380/255 384/384/257 
f 385/385/258 389/389/260 390/390/261 386/386/259 
f 389/389/260 391/391/262 392/392/263 390/390/261 
f 393/393/2 394/394/2 390/390/261 392/392/263 
f 394/394/2 387/387/2 386/386/259 390/390/261 
f 391/391/262 395/395/264 396/396/265 392/392/263 
f 395/395/264 397/397/266 398/398/267 396/396/265 
f 399/399/1 400/400/1 396/396/265 398/398/267 
f 400/400/1 393/393/2 392/392/263 396/396/265 
f 397/397/266 401/401/268 402/402/269 398/398/267 
f 401/401/268 403/403/270 404/404/271 402/402/269 
f 405/405/1 406/406/1 402/402/269 404/404/271 
f 406/406/1 399/399/1 398/398/267 402/402/269 
f 403/403/270 407/407/272 408/408/273 404/404/271 
f 407/407/272 409/409/274 410/410/275 408/408/273 
f 411/411/1 412/412/2 408/408/273 410/410/275 
f 412/412/2 405/405/1 404/404/271 408/408/273 
f 409/409/274 413/413/276 414/414/277 410/410/275 
f 413/413/276 415/415/278 416/416/279 414/414/277 
f 417/417/1 418/418/1 414/414/277 416/416/279 
f 418/418/1 411/411/1 410/410/275 414/414/277 
f 415/415/278 419/419/280 420/420/281 416/416/279 
f 419/419/280 421/421/282 422/422/283 420/420/281 
f 423/423/1 424/424/1 420/420/281 422/422/283 
f 424/424/1 417/417/1 416/416/279 420/420/281 
f 421/421/282 425/425/284 426/426/285 422/422/283 
f 425/425/284 427/427/286 428/428/287 426/426/285 
f 429/429/1 430/430/2 426/426/285 428/428/287 
f 430/430/2 423/423/1 422/422/283 426/426/285 
f 427/427/286 431/431/288 432/432/289 428/428/287 
f 431/431/288 433/433/290 434/434/291 432/432/289 
f 435/435/2 436/436/1 432/432/289 434/434/291 
f 436/436/1 429/429/1 428/428/287 432/432/289 
f 433/433/290 437/437/292 438/438/293 434/434/291 
f 437/437/292 439/439/294 440/440/295 438/438/293 
f 441/441/1 442/442/2 438/438/293 440/440/295 
f 442/442/2 435/435/2 434/434/291 438/438/293 
f 439/439/294 443/443/296 444/444/297 440/440/295 
f 443/443/296 254/254/195 257/257/198 444/444/297 
f 262/262/1 445/445/1 444/444/297 257/257/198 
f 445/445/1 441/441/1 440/440/295 444/444/297 
f 446/1600/298 447/447/299 448/448/300 449/449/301 
f 447/447/299 450/450/302 451/451/303 448/448/300 
f 452/452/303 453/453/304 448/448/300 451/451/303 
f 453/453/304 454/454/305 449/449/301 448/448/300 
f 455/455/302 456/456/302 457/457/302 458/458/303 
f 456/456/302 459/459/302 460/460/302 457/457/302 
f 461/461/302 462/462/303 457/457/302 460/460/302 
f 462/462/303 463/463/303 458/458/303 457/457/302 
f 459/459/302 464/464/302 465/465/302 460/460/302 
f 464/464/302 466/466/302 467/467/302 465/465/302 
f 468/468/303 469/469/303 465/465/302 467/467/302 
f 469/469/303 461/461/302 460/460/302 465/465/302 
f 95/1561/36 98/98/39 470/470/306 471/471/307 
f 98/98/39 103/103/44 472/472/308 470/470/306 
f 473/473/309 474/474/310 470/470/306 472/472/308 
f 474/474/310 475/475/311 471/471/307 470/470/306 
f 287/287/204 476/476/312 477/477/313 478/478/314 
f 476/476/312 283/283/1 479/479/1 477/477/313 
f 480/480/1 481/481/315 477/477/313 479/479/1 
f 481/481/315 482/482/316 478/478/314 477/477/313 
f 276/276/1 273/273/1 483/483/1 484/484/2 
f 273/273/1 272/272/2 485/485/1 483/483/1 
f 486/486/1 487/487/2 483/483/1 485/485/1 
f 487/487/2 488/488/1 484/484/2 483/483/1 
f 272/272/2 489/489/2 490/490/2 485/485/1 
f 489/489/2 267/267/2 491/491/1 490/490/2 
f 492/492/2 493/493/2 490/490/2 491/491/1 
f 493/493/2 486/486/1 485/485/1 490/490/2 
f 263/263/201 494/494/317 495/495/318 496/496/319 
f 494/494/317 497/497/320 498/498/321 495/495/318 
f 499/499/322 500/500/323 495/495/318 498/498/321 
f 500/500/323 501/501/324 496/496/319 495/495/318 
f 35/35/1 502/502/1 503/503/325 504/504/326 
f 502/502/1 505/505/1 506/506/245 503/503/325 
f 367/367/245 504/504/326 503/503/325 506/506/245 
f 507/1675/327 508/508/328 509/509/329 510/510/330 
f 508/508/328 511/511/331 512/512/332 509/509/329 
f 513/513/333 514/514/334 509/509/329 512/512/332 
f 514/514/334 515/515/335 510/510/330 509/509/329 
f 27/27/1 516/516/1 517/517/1 518/518/336 
f 516/516/1 519/519/1 520/520/1 517/517/1 
f 343/343/1 518/518/336 517/517/1 520/520/1 
f 335/1693/236 521/521/337 522/522/338 523/523/339 
f 521/521/337 524/524/340 525/525/341 522/522/338 
f 526/526/342 527/527/343 522/522/338 525/525/341 
f 527/527/343 528/528/344 523/523/339 522/522/338 
f 529/529/303 530/530/303 531/531/303 532/532/303 
f 530/530/303 533/533/302 534/534/303 531/531/303 
f 535/535/302 536/536/302 531/531/303 534/534/303 
f 536/536/302 537/537/302 532/532/303 531/531/303 
f 533/533/302 538/538/303 539/539/303 534/534/303 
f 538/538/303 540/540/303 541/541/302 539/539/303 
f 542/542/303 543/543/302 539/539/303 541/541/302 
f 543/543/302 535/535/302 534/534/303 539/539/303 
f 540/540/303 544/544/303 545/545/303 541/541/302 
f 544/544/303 546/546/303 547/547/302 545/545/303 
f 548/548/302 549/549/303 545/545/303 547/547/302 
f 549/549/303 542/542/303 541/541/302 545/545/303 
f 167/1634/108 170/170/111 550/550/345 551/551/346 
f 170/170/111 175/175/116 552/552/347 550/550/345 
f 553/553/348 554/554/349 550/550/345 552/552/347 
f 554/554/349 555/555/350 551/551/346 550/550/345 
f 359/359/239 556/556/351 557/557/352 558/558/353 
f 556/556/351 559/559/2 560/560/1 557/557/352 
f 561/561/2 562/562/354 557/557/352 560/560/1 
f 562/562/354 563/563/355 558/558/353 557/557/352 
f 355/355/2 353/353/1 564/564/2 565/565/1 
f 353/353/1 348/348/1 566/566/2 564/564/2 
f 567/567/1 568/568/2 564/564/2 566/566/2 
f 568/568/2 569/569/1 565/565/1 564/564/2 
f 348/348/1 345/345/2 570/570/2 566/566/2 
f 345/345/2 344/344/1 571/571/2 570/570/2 
f 572/572/1 573/573/1 570/570/2 571/571/2 
f 573/573/1 567/567/1 566/566/2 570/570/2 
f 344/344/1 574/574/1 575/575/1 571/571/2 
f 574/574/1 339/339/2 576/576/1 575/575/1 
f 577/577/1 578/578/2 575/575/1 576/576/1 
f 578/578/2 572/572/1 571/571/2 575/575/1 
f 335/1693/236 523/523/339 579/579/356 580/580/357 
f 523/523/339 528/528/344 581/581/358 579/579/356 
f 582/582/359 583/583/360 579/579/356 581/581/358 
f 583/583/360 584/584/361 580/580/357 579/579/356 
f 585/585/362 586/586/363 587/587/364 588/588/365 
f 586/586/363 589/589/302 590/590/303 587/587/364 
f 591/591/303 592/592/366 587/587/364 590/590/303 
f 592/592/366 593/593/367 588/588/365 587/587/364 
f 594/594/303 595/595/303 596/596/303 597/597/303 
f 595/595/303 598/598/303 599/599/303 596/596/303 
f 600/600/303 601/601/303 596/596/303 599/599/303 
f 601/601/303 602/602/303 603/603/303 596/596/303 
f 604/604/303 605/605/302 596/596/303 603/603/303 
f 605/605/302 606/606/302 607/607/302 596/596/303 
f 608/608/303 609/609/302 596/596/303 607/607/302 
f 609/609/302 610/610/303 611/611/303 596/596/303 
f 612/612/303 613/613/303 596/596/303 611/611/303 
f 613/613/303 614/614/302 615/615/303 596/596/303 
f 616/616/302 617/617/303 596/596/303 615/615/303 
f 617/617/303 618/618/303 619/619/302 596/596/303 
f 620/620/302 621/621/302 596/596/303 619/619/302 
f 621/621/302 622/622/303 623/623/302 596/596/303 
f 624/624/303 625/625/303 596/596/303 623/623/302 
f 625/625/303 626/626/368 627/627/369 596/596/303 
f 628/628/303 629/629/302 596/596/303 627/627/369 
f 629/629/302 630/630/302 631/631/302 596/596/303 
f 632/632/302 633/633/302 596/596/303 631/631/302 
f 633/633/302 634/634/303 635/635/303 596/596/303 
f 636/636/303 637/637/303 596/596/303 635/635/303 
f 637/637/303 638/638/370 639/639/371 596/596/303 
f 640/640/302 641/641/302 596/596/303 639/639/371 
f 641/641/302 642/642/302 643/643/303 596/596/303 
f 644/644/303 645/645/302 596/596/303 643/643/303 
f 645/645/302 646/646/302 647/647/303 596/596/303 
f 648/648/303 649/649/303 596/596/303 647/647/303 
f 649/649/303 650/650/303 651/651/302 596/596/303 
f 652/652/302 653/653/302 596/596/303 651/651/302 
f 653/653/302 654/654/302 655/655/302 596/596/303 
f 656/656/302 657/657/302 596/596/303 655/655/302 
f 657/657/302 658/658/372 659/659/302 596/596/303 
f 660/660/303 661/661/303 596/596/303 659/659/302 
f 661/661/303 662/662/303 663/663/303 596/596/303 
f 664/664/303 665/665/303 596/596/303 663/663/303 
f 665/665/303 666/666/302 667/667/373 596/596/303 
f 668/668/374 669/669/375 596/596/303 667/667/373 
f 669/669/375 670/670/303 597/597/303 596/596/303 
f 446/1600/298 671/671/376 672/672/377 673/673/378 
f 671/671/376 66/1606/7 674/674/379 672/672/377 
f 675/675/303 676/676/380 672/672/377 674/674/379 
f 676/676/380 677/677/303 673/673/378 672/672/377 
f 62/1609/3 251/1608/192 678/678/381 679/679/382 
f 251/1608/192 247/1601/188 680/680/383 678/678/381 
f 681/681/303 682/682/303 678/678/381 680/680/383 
f 682/682/303 683/683/302 679/679/382 678/678/381 
f 247/1601/188 245/1604/186 684/684/384 680/680/383 
f 245/1604/186 241/1611/182 685/685/385 684/684/384 
f 686/686/302 687/687/302 684/684/384 685/685/385 
f 687/687/302 681/681/303 680/680/383 684/684/384 
f 241/1611/182 239/1612/180 688/688/386 685/685/385 
f 239/1612/180 235/1614/176 689/689/387 688/688/386 
f 690/690/303 691/691/302 688/688/386 689/689/387 
f 691/691/302 686/686/302 685/685/385 688/688/386 
f 235/1614/176 233/1615/174 692/692/388 689/689/387 
f 233/1615/174 229/1616/170 693/693/389 692/692/388 
f 694/694/302 695/695/303 692/692/388 693/693/389 
f 695/695/303 690/690/303 689/689/387 692/692/388 
f 229/1616/170 227/1617/168 696/696/390 693/693/389 
f 227/1617/168 223/1618/164 697/697/391 696/696/390 
f 698/698/303 699/699/303 696/696/390 697/697/391 
f 699/699/303 694/694/302 693/693/389 696/696/390 
f 223/1618/164 221/1619/162 700/700/392 697/697/391 
f 221/1619/162 217/1620/158 701/701/393 700/700/392 
f 702/702/302 703/703/302 700/700/392 701/701/393 
f 703/703/302 698/698/303 697/697/391 700/700/392 
f 217/1620/158 215/1621/156 704/704/394 701/701/393 
f 215/1621/156 211/1622/152 705/705/395 704/704/394 
f 706/706/303 707/707/303 704/704/394 705/705/395 
f 707/707/303 702/702/302 701/701/393 704/704/394 
f 211/1622/152 209/1623/150 708/708/396 705/705/395 
f 209/1623/150 205/1624/146 709/709/397 708/708/396 
f 710/710/302 711/711/303 708/708/396 709/709/397 
f 711/711/303 706/706/303 705/705/395 708/708/396 
f 205/1624/146 203/1625/144 712/712/398 709/709/397 
f 203/1625/144 199/1626/140 713/713/399 712/712/398 
f 714/714/303 715/715/302 712/712/398 713/713/399 
f 715/715/302 710/710/302 709/709/397 712/712/398 
f 199/1626/140 197/1627/138 716/716/400 713/713/399 
f 197/1627/138 193/1628/134 717/717/401 716/716/400 
f 718/718/302 719/719/303 716/716/400 717/717/401 
f 719/719/303 714/714/303 713/713/399 716/716/400 
f 193/1628/134 191/1602/132 720/720/402 717/717/401 
f 191/1602/132 187/1607/128 721/721/403 720/720/402 
f 722/722/303 723/723/302 720/720/402 721/721/403 
f 723/723/302 718/718/302 717/717/401 720/720/402 
f 187/1607/128 185/1629/126 724/724/404 721/721/403 
f 185/1629/126 180/1630/121 725/725/405 724/724/404 
f 726/726/303 727/727/302 724/724/404 725/725/405 
f 727/727/302 722/722/303 721/721/403 724/724/404 
f 180/1630/121 177/1610/118 728/728/406 725/725/405 
f 177/1610/118 176/1631/117 729/729/407 728/728/406 
f 730/730/303 731/731/303 728/728/406 729/729/407 
f 731/731/303 726/726/303 725/725/405 728/728/406 
f 176/1631/117 732/732/408 733/733/409 729/729/407 
f 732/732/408 171/1613/112 734/734/410 733/733/409 
f 735/735/303 736/736/303 733/733/409 734/734/410 
f 736/736/303 730/730/303 729/729/407 733/733/409 
f 167/167/108 737/737/411 738/738/303 739/739/412 
f 737/737/411 546/546/303 740/740/303 738/738/303 
f 741/741/302 742/742/302 738/738/303 740/740/303 
f 742/742/302 743/743/413 739/739/412 738/738/303 
f 540/540/303 538/538/303 744/744/302 745/745/303 
f 538/538/303 533/533/302 746/746/302 744/744/302 
f 747/747/303 748/748/303 744/744/302 746/746/302 
f 748/748/303 749/749/303 745/745/303 744/744/302 
f 533/533/302 530/530/303 750/750/302 746/746/302 
f 530/530/303 529/529/303 751/751/302 750/750/302 
f 752/752/303 753/753/303 750/750/302 751/751/302 
f 753/753/303 747/747/303 746/746/302 750/750/302 
f 529/529/303 754/754/302 755/755/302 751/751/302 
f 754/754/302 589/589/302 756/756/302 755/755/302 
f 757/757/303 758/758/303 755/755/302 756/756/302 
f 758/758/303 752/752/303 751/751/302 755/755/302 
f 585/585/362 759/759/414 760/760/415 761/761/416 
f 759/759/414 762/762/417 763/763/418 760/760/415 
f 764/764/302 765/765/303 760/760/415 763/763/418 
f 765/765/303 766/766/303 761/761/416 760/760/415 
f 139/1563/80 137/1566/78 767/767/419 768/768/420 
f 137/1566/78 133/1567/74 769/769/421 767/767/419 
f 770/770/303 771/771/302 767/767/419 769/769/421 
f 771/771/302 772/772/303 768/768/420 767/767/419 
f 133/1567/74 131/1564/72 773/773/422 769/769/421 
f 131/1564/72 127/1568/68 774/774/423 773/773/422 
f 775/775/303 776/776/302 773/773/422 774/774/423 
f 776/776/302 770/770/303 769/769/421 773/773/422 
f 127/1568/68 125/1569/66 777/777/424 774/774/423 
f 125/1569/66 121/1570/62 778/778/425 777/777/424 
f 779/779/303 780/780/302 777/777/424 778/778/425 
f 780/780/302 775/775/303 774/774/423 777/777/424 
f 121/1570/62 119/1571/60 781/781/426 778/778/425 
f 119/1571/60 115/1572/56 782/782/427 781/781/426 
f 783/783/303 784/784/303 781/781/426 782/782/427 
f 784/784/303 779/779/303 778/778/425 781/781/426 
f 115/1572/56 113/1573/54 785/785/428 782/782/427 
f 113/1573/54 108/1574/49 786/786/429 785/785/428 
f 787/787/303 788/788/302 785/785/428 786/786/429 
f 788/788/302 783/783/303 782/782/427 785/785/428 
f 108/1574/49 105/1575/46 789/789/430 786/786/429 
f 105/1575/46 104/1557/45 790/790/431 789/789/430 
f 791/791/303 792/792/303 789/789/430 790/790/431 
f 792/792/303 787/787/303 786/786/429 789/789/430 
f 104/1557/45 793/793/432 794/794/433 790/790/431 
f 793/793/432 99/1559/40 795/795/434 794/794/433 
f 796/796/303 797/797/302 794/794/433 795/795/434 
f 797/797/302 791/791/303 790/790/431 794/794/433 
f 95/95/36 798/798/435 799/799/302 800/800/436 
f 798/798/435 466/466/302 801/801/302 799/799/302 
f 802/802/302 803/803/303 799/799/302 801/801/302 
f 803/803/303 804/804/302 800/800/436 799/799/302 
f 459/459/302 456/456/302 805/805/303 806/806/302 
f 456/456/302 455/455/302 807/807/437 805/805/303 
f 808/808/303 809/809/302 805/805/303 807/807/437 
f 809/809/302 810/810/302 806/806/302 805/805/303 
f 455/455/302 811/811/303 812/812/303 807/807/437 
f 811/811/303 450/450/302 813/813/302 812/812/303 
f 814/814/303 815/815/302 812/812/303 813/813/302 
f 815/815/302 808/808/303 807/807/437 812/812/303 
f 35/35/1 34/34/2 816/816/1 502/502/1 
f 34/34/2 33/33/1 817/817/1 816/816/1 
f 357/357/1 818/818/1 816/816/1 817/817/1 
f 818/818/1 505/505/1 502/502/1 816/816/1 
f 511/511/331 819/819/438 820/820/439 512/512/332 
f 819/819/438 821/821/440 822/822/441 820/820/439 
f 823/823/106 824/824/442 820/820/439 822/822/441 
f 824/824/442 513/513/333 512/512/332 820/820/439 
f 546/546/303 737/737/411 825/825/443 547/547/302 
f 737/737/411 167/167/108 551/1598/346 825/825/443 
f 555/1595/350 826/826/444 825/825/443 551/1598/346 
f 826/826/444 548/548/302 547/547/302 825/825/443 
f 559/559/2 827/827/2 828/828/1 560/560/1 
f 827/827/2 355/355/2 565/565/1 828/828/1 
f 569/569/1 829/829/1 828/828/1 565/565/1 
f 829/829/1 561/561/2 560/560/1 828/828/1 
f 546/546/303 544/544/303 830/830/303 740/740/303 
f 544/544/303 540/540/303 745/745/303 830/830/303 
f 749/749/303 831/831/303 830/830/303 745/745/303 
f 831/831/303 741/741/302 740/740/303 830/830/303 
f 497/497/320 494/494/317 832/832/445 833/833/446 
f 494/494/317 263/263/201 834/834/447 832/832/445 
f 258/1644/199 835/835/448 832/832/445 834/834/447 
f 835/835/448 836/836/9 833/833/446 832/832/445 
f 837/837/29 838/838/449 839/839/450 840/840/451 
f 838/838/449 841/841/452 842/842/453 839/839/450 
f 843/843/454 844/844/455 839/839/450 842/842/453 
f 844/844/455 845/845/18 840/840/451 839/839/450 
f 846/846/27 847/847/456 848/848/457 849/849/28 
f 847/847/456 850/850/458 851/851/459 848/848/457 
f 841/841/452 838/838/449 848/848/457 851/851/459 
f 838/838/449 837/837/29 849/849/28 848/848/457 
f 852/852/460 853/853/461 854/854/462 855/855/463 
f 853/853/461 856/1719/464 857/857/465 854/854/462 
f 858/858/466 859/859/467 854/854/462 857/857/465 
f 859/859/467 860/860/34 855/855/463 854/854/462 
f 861/861/53 862/862/468 863/863/469 864/864/470 
f 862/862/468 296/1710/210 865/865/471 863/863/469 
f 291/1697/208 866/866/472 863/863/469 865/865/471 
f 866/866/472 867/867/42 864/864/470 863/863/469 
f 868/868/51 869/869/473 870/870/474 871/871/52 
f 869/869/473 300/1708/214 297/1709/211 870/870/474 
f 296/1710/210 862/862/468 870/870/474 297/1709/211 
f 862/862/468 861/861/53 871/871/52 870/870/474 
f 872/872/58 873/873/475 874/874/476 875/875/59 
f 873/873/475 307/1706/218 305/1707/216 874/874/476 
f 300/1708/214 869/869/473 874/874/476 305/1707/216 
f 869/869/473 868/868/51 875/875/59 874/874/476 
f 876/876/64 877/877/477 878/878/478 879/879/65 
f 877/877/477 313/1704/222 311/1705/220 878/878/478 
f 307/1706/218 873/873/475 878/878/478 311/1705/220 
f 873/873/475 872/872/58 879/879/65 878/878/478 
f 880/880/70 881/881/479 882/882/480 883/883/71 
f 881/881/479 319/1702/226 317/1703/224 882/882/480 
f 313/1704/222 877/877/477 882/882/480 317/1703/224 
f 877/877/477 876/876/64 883/883/71 882/882/480 
f 884/884/76 885/885/481 886/886/482 887/887/77 
f 885/885/481 325/1700/230 323/1701/228 886/886/482 
f 319/1702/226 881/881/479 886/886/482 323/1701/228 
f 881/881/479 880/880/70 887/887/77 886/886/482 
f 888/888/483 889/889/484 890/890/485 891/891/486 
f 889/889/484 331/1696/234 329/1699/232 890/890/485 
f 325/1700/230 885/885/481 890/890/485 329/1699/232 
f 885/885/481 884/884/76 891/891/486 890/890/485 
f 892/892/101 893/893/487 894/894/488 895/895/489 
f 893/893/487 896/896/490 897/897/491 894/894/488 
f 898/898/492 899/899/493 894/894/488 897/897/491 
f 899/899/493 900/900/90 895/895/489 894/894/488 
f 901/901/99 902/902/494 903/903/495 904/904/100 
f 902/902/494 905/905/496 906/906/497 903/903/495 
f 896/896/490 893/893/487 903/903/495 906/906/497 
f 893/893/487 892/892/101 904/904/100 903/903/495 
f 823/823/106 822/822/441 907/907/498 908/908/107 
f 822/822/441 821/821/440 909/909/499 907/907/498 
f 905/905/496 902/902/494 907/907/498 909/909/499 
f 902/902/494 901/901/99 908/908/107 907/907/498 
f 910/910/500 911/911/501 912/912/502 913/913/503 
f 911/911/501 368/1666/246 914/914/504 912/912/502 
f 363/1647/243 915/915/505 912/912/502 914/914/504 
f 915/915/505 916/916/114 913/913/503 912/912/502 
f 917/917/123 918/918/506 919/919/507 920/920/508 
f 918/918/506 372/1665/250 369/1638/247 919/919/507 
f 368/1666/246 911/911/501 919/919/507 369/1638/247 
f 911/911/501 910/910/500 920/920/508 919/919/507 
f 921/921/130 922/922/509 923/923/510 924/924/131 
f 922/922/509 379/1641/254 377/1664/252 923/923/510 
f 372/1665/250 918/918/506 923/923/510 377/1664/252 
f 918/918/506 917/917/123 924/924/131 923/923/510 
f 925/925/511 926/926/512 927/927/513 928/928/137 
f 926/926/512 385/1662/258 383/1663/256 927/927/513 
f 379/1641/254 922/922/509 927/927/513 383/1663/256 
f 922/922/509 921/921/130 928/928/137 927/927/513 
f 929/929/142 930/930/514 931/931/515 932/932/143 
f 930/930/514 391/1649/262 389/1661/260 931/931/515 
f 385/1662/258 926/926/512 931/931/515 389/1661/260 
f 926/926/512 925/925/511 932/932/143 931/931/515 
f 933/933/148 934/934/516 935/935/517 936/936/149 
f 934/934/516 397/1659/266 395/1660/264 935/935/517 
f 391/1649/262 930/930/514 935/935/517 395/1660/264 
f 930/930/514 929/929/142 936/936/149 935/935/517 
f 937/937/154 938/938/518 939/939/519 940/940/155 
f 938/938/518 403/1657/270 401/1658/268 939/939/519 
f 397/1659/266 934/934/516 939/939/519 401/1658/268 
f 934/934/516 933/933/148 940/940/155 939/939/519 
f 941/941/160 942/942/520 943/943/521 944/944/161 
f 942/942/520 409/1655/274 407/1656/272 943/943/521 
f 403/1657/270 938/938/518 943/943/521 407/1656/272 
f 938/938/518 937/937/154 944/944/161 943/943/521 
f 945/945/166 946/946/522 947/947/523 948/948/167 
f 946/946/522 415/1653/278 413/1654/276 947/947/523 
f 409/1655/274 942/942/520 947/947/523 413/1654/276 
f 942/942/520 941/941/160 948/948/167 947/947/523 
f 949/949/172 950/950/524 951/951/525 952/952/173 
f 950/950/524 421/1652/282 419/1651/280 951/951/525 
f 415/1653/278 946/946/522 951/951/525 419/1651/280 
f 946/946/522 945/945/166 952/952/173 951/951/525 
f 953/953/178 954/954/526 955/955/527 956/956/179 
f 954/954/526 427/1648/286 425/1646/284 955/955/527 
f 421/1652/282 950/950/524 955/955/527 425/1646/284 
f 950/950/524 949/949/172 956/956/179 955/955/527 
f 957/957/184 958/958/528 959/959/529 960/960/185 
f 958/958/528 433/1639/290 431/1637/288 959/959/529 
f 427/1648/286 954/954/526 959/959/529 431/1637/288 
f 954/954/526 953/953/178 960/960/185 959/959/529 
f 961/961/190 962/962/530 963/963/531 964/964/191 
f 962/962/530 439/1635/294 437/1640/292 963/963/531 
f 433/1639/290 958/958/528 963/963/531 437/1640/292 
f 958/958/528 957/957/184 964/964/191 963/963/531 
f 965/965/532 966/966/533 967/967/534 968/968/194 
f 966/966/533 254/1636/195 443/1642/296 967/967/534 
f 439/1635/294 962/962/530 967/967/534 443/1642/296 
f 962/962/530 961/961/190 968/968/194 967/967/534 
f 969/969/535 970/970/536 971/971/537 972/972/538 
f 970/970/536 287/1713/204 478/1712/314 971/971/537 
f 482/1715/316 973/973/539 971/971/537 478/1712/314 
f 973/973/539 974/974/309 972/972/538 971/971/537 
f 497/497/320 975/975/540 976/976/541 498/498/321 
f 975/975/540 977/977/540 978/978/542 976/976/541 
f 979/979/543 980/980/322 976/976/541 978/978/542 
f 980/980/322 499/499/322 498/498/321 976/976/541 
f 513/513/333 981/981/333 982/982/544 514/514/334 
f 981/981/333 983/983/333 984/984/545 982/982/544 
f 985/985/546 986/986/547 982/982/544 984/984/545 
f 986/986/547 515/515/335 514/514/334 982/982/544 
f 888/888/483 987/987/548 988/988/549 989/989/550 
f 987/987/548 141/141/82 990/990/551 988/988/549 
f 991/991/342 992/992/342 988/988/549 990/990/551 
f 992/992/342 526/526/342 989/989/550 988/988/549 
f 993/993/552 994/994/553 995/995/554 996/996/555 
f 994/994/553 359/1672/239 558/1668/353 995/995/554 
f 563/1670/355 997/997/556 995/995/554 558/1668/353 
f 997/997/556 998/998/557 996/996/555 995/995/554 
f 528/528/344 999/999/558 1000/1000/559 581/581/358 
f 999/999/558 1001/1001/560 1002/1002/561 1000/1000/559 
f 1003/1003/359 1004/1004/359 1000/1000/559 1002/1002/561 
f 1004/1004/359 582/582/359 581/581/358 1000/1000/559 
f 823/823/106 1005/1005/106 1006/1006/442 824/824/442 
f 1005/1005/106 165/165/106 1007/1007/442 1006/1006/442 
f 983/983/333 981/981/333 1006/1006/442 1007/1007/442 
f 981/981/333 513/513/333 824/824/442 1006/1006/442 
f 1008/1008/303 1009/1009/562 1010/1010/563 1011/1011/303 
f 1009/1009/562 156/1589/97 153/1588/94 1010/1010/563 
f 152/1583/93 1012/1012/564 1010/1010/563 153/1588/94 
f 1012/1012/564 1013/1013/303 1011/1011/303 1010/1010/563 
f 1014/1014/302 1015/1015/565 1016/1016/566 1017/1017/302 
f 1015/1015/565 163/1593/104 161/1590/102 1016/1016/566 
f 156/1589/97 1009/1009/562 1016/1016/566 161/1590/102 
f 1009/1009/562 1008/1008/303 1017/1017/302 1016/1016/566 
f 1018/1018/302 1019/1019/567 1020/1020/568 1021/1021/303 
f 1019/1019/567 1022/1022/569 1023/1023/570 1020/1020/568 
f 163/1593/104 1015/1015/565 1020/1020/568 1023/1023/570 
f 1015/1015/565 1014/1014/302 1021/1021/303 1020/1020/568 
f 1024/1024/348 1025/1025/571 1026/1026/572 1027/1027/557 
f 1025/1025/571 515/515/335 986/986/547 1026/1026/572 
f 985/985/546 1028/1028/573 1026/1026/572 986/986/547 
f 1028/1028/573 1029/1029/557 1027/1027/557 1026/1026/572 
f 1030/1030/1 1031/1031/574 1032/1032/575 1033/1033/354 
f 1031/1031/574 511/1679/331 508/1676/328 1032/1032/575 
f 507/507/327 1034/1034/576 1032/1032/575 508/1676/328 
f 1034/1034/576 1035/1035/577 1033/1033/354 1032/1032/575 
f 1036/1036/1 1037/1037/578 1038/1038/579 1039/1039/2 
f 1037/1037/578 905/1674/496 909/1677/499 1038/1038/579 
f 821/1678/440 1040/1040/580 1038/1038/579 909/1677/499 
f 1040/1040/580 1041/1041/2 1039/1039/2 1038/1038/579 
f 1042/1042/2 1043/1043/581 1044/1044/582 1045/1045/2 
f 1043/1043/581 896/1682/490 906/1681/497 1044/1044/582 
f 905/1674/496 1037/1037/578 1044/1044/582 906/1681/497 
f 1037/1037/578 1036/1036/1 1045/1045/2 1044/1044/582 
f 1046/1046/583 1047/1047/584 1048/1048/585 1049/1049/586 
f 1047/1047/584 1050/1050/587 1051/1051/588 1048/1048/585 
f 898/1684/492 1052/1052/589 1048/1048/585 1051/1051/588 
f 1052/1052/589 1053/1053/2 1049/1049/586 1048/1048/585 
f 1054/1054/590 1055/1055/591 1056/1056/592 1057/1057/360 
f 1055/1055/591 1058/1058/593 1059/1059/594 1056/1056/592 
f 1050/1688/587 1047/1686/584 1056/1056/592 1059/1059/594 
f 1047/1686/584 1046/1690/583 1057/1057/360 1056/1056/592 
f 1013/1013/303 1012/1012/564 1060/1060/595 1061/1061/303 
f 1012/1012/564 152/1583/93 1062/1062/596 1060/1060/595 
f 147/1587/88 1063/1063/597 1060/1060/595 1062/1062/596 
f 1063/1063/597 1064/1064/302 1061/1061/303 1060/1060/595 
f 1065/1065/350 1066/1066/598 1067/1067/599 1068/1068/600 
f 1066/1066/598 1069/1069/601 1070/1070/602 1067/1067/599 
f 1022/1022/569 1019/1019/567 1067/1067/599 1070/1070/602 
f 1019/1019/567 1018/1018/302 1068/1068/600 1067/1067/599 
f 1041/1041/2 1040/1040/580 1071/1071/603 1072/1072/1 
f 1040/1040/580 821/1678/440 819/1680/438 1071/1071/603 
f 511/1679/331 1031/1031/574 1071/1071/603 819/1680/438 
f 1031/1031/574 1030/1030/1 1072/1072/1 1071/1071/603 
f 1035/1673/577 1034/1671/576 1073/1073/604 1074/1074/556 
f 1034/1671/576 507/1675/327 510/510/330 1073/1073/604 
f 515/515/335 1025/1025/571 1073/1073/604 510/510/330 
f 1025/1025/571 1024/1024/348 1074/1074/556 1073/1073/604 
f 1075/1075/605 1076/1076/606 1077/1077/607 1078/1078/608 
f 1076/1076/606 143/1582/84 146/146/87 1077/1077/607 
f 151/151/92 1079/1079/609 1077/1077/607 146/146/87 
f 1079/1079/609 1080/1080/359 1078/1078/608 1077/1077/607 
f 271/271/2 1081/1081/2 1082/1082/2 1083/1083/1 
f 1081/1081/2 5/5/1 1084/1084/2 1082/1082/2 
f 260/260/1 1083/1083/1 1082/1082/2 1084/1084/2 
f 280/280/1 1085/1085/2 1086/1086/1 1087/1087/1 
f 1085/1085/2 7/7/1 6/6/2 1086/1086/1 
f 5/5/1 1088/1088/1 1086/1086/1 6/6/2 
f 1088/1088/1 269/269/2 1087/1087/1 1086/1086/1 
f 278/278/1 1089/1089/1 1090/1090/1 279/279/1 
f 1089/1089/1 9/9/1 8/8/1 1090/1090/1 
f 7/7/1 1085/1085/2 1090/1090/1 8/8/1 
f 1085/1085/2 280/280/1 279/279/1 1090/1090/1 
f 295/295/2 1091/1091/610 1092/1092/611 1093/1093/1 
f 1091/1091/610 11/11/2 1094/1094/1 1092/1092/611 
f 285/285/2 1093/1093/1 1092/1092/611 1094/1094/1 
f 304/304/2 1095/1095/2 1096/1096/2 1097/1097/2 
f 1095/1095/2 13/13/2 12/12/2 1096/1096/2 
f 11/11/2 1098/1098/2 1096/1096/2 12/12/2 
f 1098/1098/2 293/293/1 1097/1097/2 1096/1096/2 
f 302/302/1 1099/1099/2 1100/1100/2 303/303/2 
f 1099/1099/2 15/15/1 14/14/1 1100/1100/2 
f 13/13/2 1095/1095/2 1100/1100/2 14/14/1 
f 1095/1095/2 304/304/2 303/303/2 1100/1100/2 
f 309/309/1 1101/1101/1 1102/1102/1 310/310/1 
f 1101/1101/1 17/17/1 16/16/1 1102/1102/1 
f 15/15/1 1099/1099/2 1102/1102/1 16/16/1 
f 1099/1099/2 302/302/1 310/310/1 1102/1102/1 
f 315/315/2 1103/1103/2 1104/1104/1 316/316/1 
f 1103/1103/2 19/19/1 18/18/1 1104/1104/1 
f 17/17/1 1101/1101/1 1104/1104/1 18/18/1 
f 1101/1101/1 309/309/1 316/316/1 1104/1104/1 
f 321/321/2 1105/1105/2 1106/1106/2 322/322/2 
f 1105/1105/2 21/21/2 20/20/1 1106/1106/2 
f 19/19/1 1103/1103/2 1106/1106/2 20/20/1 
f 1103/1103/2 315/315/2 322/322/2 1106/1106/2 
f 327/327/2 1107/1107/2 1108/1108/2 328/328/2 
f 1107/1107/2 23/23/2 22/22/2 1108/1108/2 
f 21/21/2 1105/1105/2 1108/1108/2 22/22/2 
f 1105/1105/2 321/321/2 328/328/2 1108/1108/2 
f 333/333/2 1109/1109/2 1110/1110/2 334/334/2 
f 1109/1109/2 25/25/2 24/24/2 1110/1110/2 
f 23/23/2 1107/1107/2 1110/1110/2 24/24/2 
f 1107/1107/2 327/327/2 334/334/2 1110/1110/2 
f 352/352/1 1111/1111/1 1112/1112/1 1113/1113/1 
f 1111/1111/1 29/29/2 28/28/1 1112/1112/1 
f 27/27/1 1114/1114/1 1112/1112/1 28/28/1 
f 1114/1114/1 341/341/1 1113/1113/1 1112/1112/1 
f 350/350/2 1115/1115/2 1116/1116/1 351/351/2 
f 1115/1115/2 31/31/2 30/30/2 1116/1116/1 
f 29/29/2 1111/1111/1 1116/1116/1 30/30/2 
f 1111/1111/1 352/352/1 351/351/2 1116/1116/1 
f 357/357/1 817/817/1 1117/1117/2 358/358/1 
f 817/817/1 33/33/1 32/32/2 1117/1117/2 
f 31/31/2 1115/1115/2 1117/1117/2 32/32/2 
f 1115/1115/2 350/350/2 358/358/1 1117/1117/2 
f 376/376/2 1118/1118/1 1119/1119/1 1120/1120/1 
f 1118/1118/1 37/37/1 36/36/2 1119/1119/1 
f 35/35/1 1121/1121/1 1119/1119/1 36/36/2 
f 1121/1121/1 365/365/1 1120/1120/1 1119/1119/1 
f 374/374/2 1122/1122/1 1123/1123/2 375/375/1 
f 1122/1122/1 39/39/2 38/38/2 1123/1123/2 
f 37/37/1 1118/1118/1 1123/1123/2 38/38/2 
f 1118/1118/1 376/376/2 375/375/1 1123/1123/2 
f 381/381/2 1124/1124/1 1125/1125/1 382/382/1 
f 1124/1124/1 41/41/2 40/40/2 1125/1125/1 
f 39/39/2 1122/1122/1 1125/1125/1 40/40/2 
f 1122/1122/1 374/374/2 382/382/1 1125/1125/1 
f 387/387/2 1126/1126/2 1127/1127/2 388/388/2 
f 1126/1126/2 43/43/2 42/42/1 1127/1127/2 
f 41/41/2 1124/1124/1 1127/1127/2 42/42/1 
f 1124/1124/1 381/381/2 388/388/2 1127/1127/2 
f 393/393/2 1128/1128/2 1129/1129/2 394/394/2 
f 1128/1128/2 45/45/2 44/44/1 1129/1129/2 
f 43/43/2 1126/1126/2 1129/1129/2 44/44/1 
f 1126/1126/2 387/387/2 394/394/2 1129/1129/2 
f 399/399/1 1130/1130/1 1131/1131/2 400/400/1 
f 1130/1130/1 47/47/1 46/46/2 1131/1131/2 
f 45/45/2 1128/1128/2 1131/1131/2 46/46/2 
f 1128/1128/2 393/393/2 400/400/1 1131/1131/2 
f 405/405/1 1132/1132/2 1133/1133/1 406/406/1 
f 1132/1132/2 49/49/1 48/48/1 1133/1133/1 
f 47/47/1 1130/1130/1 1133/1133/1 48/48/1 
f 1130/1130/1 399/399/1 406/406/1 1133/1133/1 
f 411/411/1 1134/1134/2 1135/1135/1 412/412/2 
f 1134/1134/2 51/51/2 50/50/2 1135/1135/1 
f 49/49/1 1132/1132/2 1135/1135/1 50/50/2 
f 1132/1132/2 405/405/1 412/412/2 1135/1135/1 
f 417/417/1 1136/1136/1 1137/1137/2 418/418/1 
f 1136/1136/1 53/53/1 52/52/1 1137/1137/2 
f 51/51/2 1134/1134/2 1137/1137/2 52/52/1 
f 1134/1134/2 411/411/1 418/418/1 1137/1137/2 
f 423/423/1 1138/1138/2 1139/1139/2 424/424/1 
f 1138/1138/2 55/55/1 54/54/1 1139/1139/2 
f 53/53/1 1136/1136/1 1139/1139/2 54/54/1 
f 1136/1136/1 417/417/1 424/424/1 1139/1139/2 
f 429/429/1 1140/1140/2 1141/1141/2 430/430/2 
f 1140/1140/2 57/57/2 56/56/2 1141/1141/2 
f 55/55/1 1138/1138/2 1141/1141/2 56/56/2 
f 1138/1138/2 423/423/1 430/430/2 1141/1141/2 
f 435/435/2 1142/1142/2 1143/1143/2 436/436/1 
f 1142/1142/2 59/59/2 58/58/1 1143/1143/2 
f 57/57/2 1140/1140/2 1143/1143/2 58/58/1 
f 1140/1140/2 429/429/1 436/436/1 1143/1143/2 
f 441/441/1 1144/1144/2 1145/1145/1 442/442/2 
f 1144/1144/2 61/61/2 60/60/2 1145/1145/1 
f 59/59/2 1142/1142/2 1145/1145/1 60/60/2 
f 1142/1142/2 435/435/2 442/442/2 1145/1145/1 
f 262/262/1 1146/1146/1 1147/1147/2 445/445/1 
f 1146/1146/1 1/1/1 4/4/1 1147/1147/2 
f 61/61/2 1144/1144/2 1147/1147/2 4/4/1 
f 1144/1144/2 441/441/1 445/445/1 1147/1147/2 
f 505/505/1 1148/1148/2 1149/1149/2 506/506/245 
f 1148/1148/2 559/559/2 556/556/351 1149/1149/2 
f 359/359/239 362/362/242 1149/1149/2 556/556/351 
f 362/362/242 367/367/245 506/506/245 1149/1149/2 
f 333/333/2 332/332/235 1150/1150/612 1151/1151/1 
f 332/332/235 331/331/234 1152/1152/613 1150/1150/612 
f 524/1694/340 1153/1153/614 1150/1150/612 1152/1152/613 
f 1153/1153/614 519/519/1 1151/1151/1 1150/1150/612 
f 357/357/1 356/356/2 1154/1154/2 818/818/1 
f 356/356/2 355/355/2 827/827/2 1154/1154/2 
f 559/559/2 1148/1148/2 1154/1154/2 827/827/2 
f 1148/1148/2 505/505/1 818/818/1 1154/1154/2 
f 171/171/112 732/1632/408 1155/1155/615 172/172/113 
f 732/1632/408 176/176/117 179/179/120 1155/1155/615 
f 184/184/125 1156/1156/616 1155/1155/615 179/179/120 
f 1156/1156/616 173/173/114 172/172/113 1155/1155/615 
f 363/363/243 914/1667/504 1157/1157/617 364/364/244 
f 914/1667/504 368/368/246 371/371/249 1157/1157/617 
f 376/376/2 1120/1120/1 1157/1157/617 371/371/249 
f 1120/1120/1 365/365/1 364/364/244 1157/1157/617 
f 171/1613/112 168/1633/109 1158/1158/618 734/734/410 
f 168/1633/109 167/167/108 739/739/412 1158/1158/618 
f 743/743/413 1159/1159/303 1158/1158/618 739/739/412 
f 1159/1159/303 735/735/303 734/734/410 1158/1158/618 
f 363/1647/243 360/1650/240 1160/1160/619 915/915/505 
f 360/1650/240 359/1672/239 994/994/553 1160/1160/619 
f 993/993/552 1161/1161/620 1160/1160/619 994/994/553 
f 1161/1161/620 916/916/114 915/915/505 1160/1160/619 
f 35/35/1 504/504/326 1162/1162/325 1121/1121/1 
f 504/504/326 367/367/245 366/366/1 1162/1162/325 
f 365/365/1 1121/1121/1 1162/1162/325 366/366/1 
f 535/535/302 1163/1163/302 1164/1164/302 536/536/302 
f 1163/1163/302 1008/1008/303 1011/1011/303 1164/1164/302 
f 1013/1013/303 1165/1165/302 1164/1164/302 1011/1011/303 
f 1165/1165/302 537/537/302 536/536/302 1164/1164/302 
f 542/542/303 1166/1166/303 1167/1167/303 543/543/302 
f 1166/1166/303 1014/1014/302 1017/1017/302 1167/1167/303 
f 1008/1008/303 1163/1163/302 1167/1167/303 1017/1017/302 
f 1163/1163/302 535/535/302 543/543/302 1167/1167/303 
f 548/548/302 1168/1168/302 1169/1169/303 549/549/303 
f 1168/1168/302 1018/1018/302 1021/1021/303 1169/1169/303 
f 1014/1014/302 1166/1166/303 1169/1169/303 1021/1021/303 
f 1166/1166/303 542/542/303 549/549/303 1169/1169/303 
f 998/998/557 1170/1170/557 1171/1171/557 1172/1172/557 
f 1170/1170/557 1024/1024/348 1027/1027/557 1171/1171/557 
f 1029/1029/557 1173/1173/348 1171/1171/557 1027/1027/557 
f 1173/1173/348 553/553/348 1172/1172/557 1171/1171/557 
f 561/561/2 1174/1174/1 1175/1175/621 562/562/354 
f 1174/1174/1 1030/1030/1 1033/1033/354 1175/1175/621 
f 1035/1035/577 1176/1176/622 1175/1175/621 1033/1033/354 
f 1176/1176/622 563/563/355 562/562/354 1175/1175/621 
f 567/567/1 1177/1177/1 1178/1178/2 568/568/2 
f 1177/1177/1 1036/1036/1 1039/1039/2 1178/1178/2 
f 1041/1041/2 1179/1179/1 1178/1178/2 1039/1039/2 
f 1179/1179/1 569/569/1 568/568/2 1178/1178/2 
f 572/572/1 1180/1180/1 1181/1181/1 573/573/1 
f 1180/1180/1 1042/1042/2 1045/1045/2 1181/1181/1 
f 1036/1036/1 1177/1177/1 1181/1181/1 1045/1045/2 
f 1177/1177/1 567/567/1 573/573/1 1181/1181/1 
f 584/1689/361 1182/1182/623 1183/1183/624 1184/1184/586 
f 1182/1182/623 1046/1046/583 1049/1049/586 1183/1183/624 
f 1053/1053/2 1185/1185/1 1183/1183/624 1049/1049/586 
f 1185/1185/1 577/577/1 1184/1184/586 1183/1183/624 
f 582/582/359 1186/1186/359 1187/1187/360 583/583/360 
f 1186/1186/359 1054/1054/590 1057/1057/360 1187/1187/360 
f 1046/1690/583 1182/1691/623 1187/1187/360 1057/1057/360 
f 1182/1691/623 584/584/361 583/583/360 1187/1187/360 
f 537/537/302 1165/1165/302 1188/1188/303 1189/1189/303 
f 1165/1165/302 1013/1013/303 1061/1061/303 1188/1188/303 
f 1064/1064/302 1190/1190/303 1188/1188/303 1061/1061/303 
f 1190/1190/303 591/591/303 1189/1189/303 1188/1188/303 
f 555/1595/350 1191/1191/350 1192/1192/444 826/826/444 
f 1191/1191/350 1065/1065/350 1068/1068/600 1192/1192/444 
f 1018/1018/302 1168/1168/302 1192/1192/444 1068/1068/600 
f 1168/1168/302 548/548/302 826/826/444 1192/1192/444 
f 569/569/1 1179/1179/1 1193/1193/2 829/829/1 
f 1179/1179/1 1041/1041/2 1072/1072/1 1193/1193/2 
f 1030/1030/1 1174/1174/1 1193/1193/2 1072/1072/1 
f 1174/1174/1 561/561/2 829/829/1 1193/1193/2 
f 563/1670/355 1176/1669/622 1194/1194/625 997/997/556 
f 1176/1669/622 1035/1673/577 1074/1074/556 1194/1194/625 
f 1024/1024/348 1170/1170/557 1194/1194/625 1074/1074/556 
f 1170/1170/557 998/998/557 997/997/556 1194/1194/625 
f 593/1577/367 1195/1195/626 1196/1196/608 1197/1197/627 
f 1195/1195/626 1075/1075/605 1078/1078/608 1196/1196/608 
f 1080/1080/359 1198/1198/359 1196/1196/608 1078/1078/608 
f 1198/1198/359 1003/1003/359 1197/1197/627 1196/1196/608 
f 75/75/16 1199/1199/628 1200/1200/629 76/76/17 
f 1199/1199/628 80/80/21 83/83/24 1200/1200/629 
f 88/88/29 1201/1201/451 1200/1200/629 83/83/24 
f 1201/1201/451 77/77/18 76/76/17 1200/1200/629 
f 267/267/2 489/489/2 1202/1202/2 268/268/2 
f 489/489/2 272/272/2 275/275/2 1202/1202/2 
f 280/280/1 1087/1087/1 1202/1202/2 275/275/2 
f 1087/1087/1 269/269/2 268/268/2 1202/1202/2 
f 450/450/302 811/811/303 1203/1203/303 451/451/303 
f 811/811/303 455/455/302 458/458/303 1203/1203/303 
f 463/463/303 1204/1204/302 1203/1203/303 458/458/303 
f 1204/1204/302 452/452/303 451/451/303 1203/1203/303 
f 267/267/2 264/264/202 1205/1205/630 491/491/1 
f 264/264/202 263/1732/201 496/1731/319 1205/1205/630 
f 501/1733/324 1206/1206/631 1205/1205/630 496/1731/319 
f 1206/1206/631 492/492/2 491/491/1 1205/1205/630 
f 450/450/302 447/447/299 1207/1207/302 813/813/302 
f 447/447/299 446/1600/298 673/673/378 1207/1207/302 
f 677/677/303 1208/1208/375 1207/1207/302 673/673/378 
f 1208/1208/375 814/814/303 813/813/302 1207/1207/302 
f 843/843/454 1209/1209/632 1210/1210/633 844/844/455 
f 1209/1209/632 1211/1735/634 1212/1212/635 1210/1210/633 
f 1213/1213/636 1214/1214/637 1210/1210/633 1212/1212/635 
f 1214/1214/637 845/845/18 844/844/455 1210/1210/633 
f 5/5/1 1081/1081/2 1215/1215/611 1088/1088/1 
f 1081/1081/2 271/271/2 270/270/2 1215/1215/611 
f 269/269/2 1088/1088/1 1215/1215/611 270/270/2 
f 452/452/303 1216/1216/302 1217/1217/638 453/453/304 
f 1216/1216/302 1218/1218/303 1219/1219/639 1217/1217/638 
f 1220/1220/640 1221/1221/641 1217/1217/638 1219/1219/639 
f 1221/1221/641 454/454/305 453/453/304 1217/1217/638 
f 461/461/302 1222/1222/302 1223/1223/302 462/462/303 
f 1222/1222/302 1224/1224/303 1225/1225/303 1223/1223/302 
f 1226/1226/303 1227/1227/303 1223/1223/302 1225/1225/303 
f 1227/1227/303 463/463/303 462/462/303 1223/1223/302 
f 475/1555/311 1228/1228/642 1229/1229/643 1230/1230/644 
f 1228/1228/642 1231/1231/642 1232/1232/645 1229/1229/643 
f 1233/1233/303 1234/1234/302 1229/1229/643 1232/1232/645 
f 1234/1234/302 468/468/303 1230/1230/644 1229/1229/643 
f 974/974/309 1235/1235/309 1236/1236/309 1237/1237/309 
f 1235/1235/309 1238/1238/646 1239/1239/309 1236/1236/309 
f 1240/1240/646 1241/1241/309 1236/1236/309 1239/1239/309 
f 1241/1241/309 473/473/309 1237/1237/309 1236/1236/309 
f 488/488/1 1242/1242/1 1243/1243/2 1244/1244/2 
f 1242/1242/1 1245/1245/2 1246/1246/2 1243/1243/2 
f 1247/1247/2 1248/1248/2 1243/1243/2 1246/1246/2 
f 1248/1248/2 480/480/1 1244/1244/2 1243/1243/2 
f 486/486/1 1249/1249/1 1250/1250/2 487/487/2 
f 1249/1249/1 1251/1251/1 1252/1252/2 1250/1250/2 
f 1245/1245/2 1242/1242/1 1250/1250/2 1252/1252/2 
f 1242/1242/1 488/488/1 487/487/2 1250/1250/2 
f 492/492/2 1253/1253/1 1254/1254/1 493/493/2 
f 1253/1253/1 1255/1255/1 1256/1256/1 1254/1254/1 
f 1251/1251/1 1249/1249/1 1254/1254/1 1256/1256/1 
f 1249/1249/1 486/486/1 493/493/2 1254/1254/1 
f 499/499/322 1257/1257/322 1258/1258/323 500/500/323 
f 1257/1257/322 1259/1259/543 1260/1260/323 1258/1258/323 
f 1261/1261/324 1262/1262/324 1258/1258/323 1260/1260/323 
f 1262/1262/324 501/501/324 500/500/323 1258/1258/323 
f 482/1715/316 1263/1263/647 1264/1264/648 973/973/539 
f 1263/1263/647 1265/1265/649 1266/1266/650 1264/1264/648 
f 1238/1238/646 1235/1235/309 1264/1264/648 1266/1266/650 
f 1235/1235/309 974/974/309 973/973/539 1264/1264/648 
f 454/1535/305 1221/1539/641 1267/1267/651 1268/1268/652 
f 1221/1539/641 1220/1537/640 1269/1269/653 1267/1267/651 
f 1270/1270/322 1271/1271/543 1267/1267/651 1269/1269/653 
f 1271/1271/543 979/979/543 1268/1268/652 1267/1267/651 
f 463/463/303 1227/1227/303 1272/1272/302 1204/1204/302 
f 1227/1227/303 1226/1226/303 1273/1273/303 1272/1272/302 
f 1218/1218/303 1216/1216/302 1272/1272/302 1273/1273/303 
f 1216/1216/302 452/452/303 1204/1204/302 1272/1272/302 
f 501/1733/324 1262/1734/324 1274/1274/631 1206/1206/631 
f 1262/1734/324 1261/1730/324 1275/1275/631 1274/1274/631 
f 1255/1255/1 1253/1253/1 1274/1274/631 1275/1275/631 
f 1253/1253/1 492/492/2 1206/1206/631 1274/1274/631 
f 1218/1218/303 1276/1276/654 1277/1277/655 1219/1219/639 
f 1276/1276/654 75/1547/16 72/1543/13 1277/1277/655 
f 71/71/12 1278/1278/656 1277/1277/655 72/1543/13 
f 1278/1278/656 1220/1220/640 1219/1219/639 1277/1277/655 
f 1224/1224/303 1279/1279/657 1280/1280/658 1225/1225/303 
f 1279/1279/657 84/1545/25 81/1540/22 1280/1280/658 
f 80/1549/21 1281/1281/659 1280/1280/658 81/1540/22 
f 1281/1281/659 1226/1226/303 1225/1225/303 1280/1280/658 
f 1231/1231/642 1282/1282/660 1283/1283/661 1232/1232/645 
f 1282/1282/660 1284/1284/662 1285/1285/663 1283/1283/661 
f 91/1542/32 1286/1286/664 1283/1283/661 1285/1285/663 
f 1286/1286/664 1233/1233/303 1232/1232/645 1283/1283/661 
f 1238/1238/646 1287/1287/665 1288/1288/666 1239/1239/309 
f 1287/1287/665 852/852/460 1289/1289/667 1288/1288/666 
f 1290/1290/668 1291/1291/666 1288/1288/666 1289/1289/667 
f 1291/1291/666 1240/1240/646 1239/1239/309 1288/1288/666 
f 1245/1245/2 1292/1292/669 1293/1293/670 1246/1246/2 
f 1292/1292/669 850/1723/458 1294/1294/671 1293/1293/670 
f 858/1724/466 1295/1295/672 1293/1293/670 1294/1294/671 
f 1295/1295/672 1247/1247/2 1246/1246/2 1293/1293/670 
f 1251/1251/1 1296/1296/673 1297/1297/674 1252/1252/2 
f 1296/1296/673 841/1720/452 851/1725/459 1297/1297/674 
f 850/1723/458 1292/1292/669 1297/1297/674 851/1725/459 
f 1292/1292/669 1245/1245/2 1252/1252/2 1297/1297/674 
f 1255/1255/1 1298/1298/675 1299/1299/676 1256/1256/1 
f 1298/1298/675 843/1726/454 842/1722/453 1299/1299/676 
f 841/1720/452 1296/1296/673 1299/1299/676 842/1722/453 
f 1296/1296/673 1251/1251/1 1256/1256/1 1299/1299/676 
f 1259/1259/543 1300/1300/677 1301/1301/678 1260/1260/323 
f 1300/1300/677 1213/1739/636 1212/1736/635 1301/1301/678 
f 1211/1728/634 1302/1302/679 1301/1301/678 1212/1736/635 
f 1302/1302/679 1261/1261/324 1260/1260/323 1301/1301/678 
f 1265/1265/649 1303/1303/680 1304/1304/681 1266/1266/650 
f 1303/1303/680 856/1719/464 853/853/461 1304/1304/681 
f 852/852/460 1287/1287/665 1304/1304/681 853/853/461 
f 1287/1287/665 1238/1238/646 1266/1266/650 1304/1304/681 
f 1220/1537/640 1278/1536/656 1305/1305/682 1269/1269/653 
f 1278/1536/656 71/1738/12 74/1737/15 1305/1305/682 
f 79/1740/20 1306/1306/683 1305/1305/682 74/1737/15 
f 1306/1306/683 1270/1270/322 1269/1269/653 1305/1305/682 
f 1226/1226/303 1281/1281/659 1307/1307/684 1273/1273/303 
f 1281/1281/659 80/1549/21 1199/1548/628 1307/1307/684 
f 75/1547/16 1276/1276/654 1307/1307/684 1199/1548/628 
f 1276/1276/654 1218/1218/303 1273/1273/303 1307/1307/684 
f 1261/1730/324 1302/1729/679 1308/1308/685 1275/1275/631 
f 1302/1729/679 1211/1211/634 1209/1727/632 1308/1308/685 
f 843/1726/454 1298/1298/675 1308/1308/685 1209/1727/632 
f 1298/1298/675 1255/1255/1 1275/1275/631 1308/1308/685 
f 977/977/540 975/975/540 1309/1309/686 1310/1310/687 
f 975/975/540 497/497/320 833/833/446 1309/1309/686 
f 836/836/9 1311/1311/9 1309/1309/686 833/833/446 
f 1311/1311/9 68/68/9 1310/1310/687 1309/1309/686 
f 77/77/18 1312/1312/18 1313/1313/688 78/78/19 
f 1312/1312/18 845/845/18 1214/1214/637 1313/1313/688 
f 1213/1213/636 1314/1314/689 1313/1313/688 1214/1214/637 
f 1314/1314/689 79/79/20 78/78/19 1313/1313/688 
f 86/86/27 1315/1315/27 1316/1316/28 87/87/28 
f 1315/1315/27 846/846/27 849/849/28 1316/1316/28 
f 837/837/29 1317/1317/29 1316/1316/28 849/849/28 
f 1317/1317/29 88/88/29 87/87/28 1316/1316/28 
f 1290/1290/668 1289/1289/667 1318/1318/690 1319/1319/691 
f 1289/1289/667 852/852/460 855/855/463 1318/1318/690 
f 860/860/34 1320/1320/34 1318/1318/690 855/855/463 
f 1320/1320/34 93/93/34 1319/1319/691 1318/1318/690 
f 112/112/53 1321/1321/53 1322/1322/470 1323/1323/470 
f 1321/1321/53 861/861/53 864/864/470 1322/1322/470 
f 867/867/42 1324/1324/42 1322/1322/470 864/864/470 
f 1324/1324/42 101/101/42 1323/1323/470 1322/1322/470 
f 110/110/51 1325/1325/51 1326/1326/52 111/111/52 
f 1325/1325/51 868/868/51 871/871/52 1326/1326/52 
f 861/861/53 1321/1321/53 1326/1326/52 871/871/52 
f 1321/1321/53 112/112/53 111/111/52 1326/1326/52 
f 117/117/58 1327/1327/58 1328/1328/59 118/118/59 
f 1327/1327/58 872/872/58 875/875/59 1328/1328/59 
f 868/868/51 1325/1325/51 1328/1328/59 875/875/59 
f 1325/1325/51 110/110/51 118/118/59 1328/1328/59 
f 123/123/64 1329/1329/64 1330/1330/65 124/124/65 
f 1329/1329/64 876/876/64 879/879/65 1330/1330/65 
f 872/872/58 1327/1327/58 1330/1330/65 879/879/65 
f 1327/1327/58 117/117/58 124/124/65 1330/1330/65 
f 129/129/70 1331/1331/70 1332/1332/71 130/130/71 
f 1331/1331/70 880/880/70 883/883/71 1332/1332/71 
f 876/876/64 1329/1329/64 1332/1332/71 883/883/71 
f 1329/1329/64 123/123/64 130/130/71 1332/1332/71 
f 135/135/76 1333/1333/76 1334/1334/77 136/136/77 
f 1333/1333/76 884/884/76 887/887/77 1334/1334/77 
f 880/880/70 1331/1331/70 1334/1334/77 887/887/77 
f 1331/1331/70 129/129/70 136/136/77 1334/1334/77 
f 141/141/82 987/987/548 1335/1335/692 142/142/83 
f 987/987/548 888/888/483 891/891/486 1335/1335/692 
f 884/884/76 1333/1333/76 1335/1335/692 891/891/486 
f 1333/1333/76 135/135/76 142/142/83 1335/1335/692 
f 160/160/101 1336/1336/101 1337/1337/489 1338/1338/693 
f 1336/1336/101 892/892/101 895/895/489 1337/1337/489 
f 900/900/90 1339/1339/90 1337/1337/489 895/895/489 
f 1339/1339/90 149/149/90 1338/1338/693 1337/1337/489 
f 158/158/99 1340/1340/99 1341/1341/100 159/159/100 
f 1340/1340/99 901/901/99 904/904/100 1341/1341/100 
f 892/892/101 1336/1336/101 1341/1341/100 904/904/100 
f 1336/1336/101 160/160/101 159/159/100 1341/1341/100 
f 165/165/106 1005/1005/106 1342/1342/107 166/166/107 
f 1005/1005/106 823/823/106 908/908/107 1342/1342/107 
f 901/901/99 1340/1340/99 1342/1342/107 908/908/107 
f 1340/1340/99 158/158/99 166/166/107 1342/1342/107 
f 173/173/114 1343/1343/114 1344/1344/694 174/174/115 
f 1343/1343/114 916/916/114 1161/1161/620 1344/1344/694 
f 993/993/552 1345/1345/695 1344/1344/694 1161/1161/620 
f 1345/1345/695 175/175/116 174/174/115 1344/1344/694 
f 182/182/123 1346/1346/123 1347/1347/508 183/183/124 
f 1346/1346/123 917/917/123 920/920/508 1347/1347/508 
f 910/910/500 1348/1348/696 1347/1347/508 920/920/508 
f 1348/1348/696 184/184/125 183/183/124 1347/1347/508 
f 189/189/130 1349/1349/130 1350/1350/131 190/190/131 
f 1349/1349/130 921/921/130 924/924/131 1350/1350/131 
f 917/917/123 1346/1346/123 1350/1350/131 924/924/131 
f 1346/1346/123 182/182/123 190/190/131 1350/1350/131 
f 195/195/136 1351/1351/136 1352/1352/137 196/196/137 
f 1351/1351/136 925/925/511 928/928/137 1352/1352/137 
f 921/921/130 1349/1349/130 1352/1352/137 928/928/137 
f 1349/1349/130 189/189/130 196/196/137 1352/1352/137 
f 201/201/142 1353/1353/142 1354/1354/143 202/202/143 
f 1353/1353/142 929/929/142 932/932/143 1354/1354/143 
f 925/925/511 1351/1351/136 1354/1354/143 932/932/143 
f 1351/1351/136 195/195/136 202/202/143 1354/1354/143 
f 207/207/148 1355/1355/148 1356/1356/149 208/208/149 
f 1355/1355/148 933/933/148 936/936/149 1356/1356/149 
f 929/929/142 1353/1353/142 1356/1356/149 936/936/149 
f 1353/1353/142 201/201/142 208/208/149 1356/1356/149 
f 213/213/154 1357/1357/154 1358/1358/155 214/214/155 
f 1357/1357/154 937/937/154 940/940/155 1358/1358/155 
f 933/933/148 1355/1355/148 1358/1358/155 940/940/155 
f 1355/1355/148 207/207/148 214/214/155 1358/1358/155 
f 219/219/160 1359/1359/160 1360/1360/161 220/220/161 
f 1359/1359/160 941/941/160 944/944/161 1360/1360/161 
f 937/937/154 1357/1357/154 1360/1360/161 944/944/161 
f 1357/1357/154 213/213/154 220/220/161 1360/1360/161 
f 225/225/166 1361/1361/166 1362/1362/167 226/226/167 
f 1361/1361/166 945/945/166 948/948/167 1362/1362/167 
f 941/941/160 1359/1359/160 1362/1362/167 948/948/167 
f 1359/1359/160 219/219/160 226/226/167 1362/1362/167 
f 231/231/172 1363/1363/172 1364/1364/173 232/232/173 
f 1363/1363/172 949/949/172 952/952/173 1364/1364/173 
f 945/945/166 1361/1361/166 1364/1364/173 952/952/173 
f 1361/1361/166 225/225/166 232/232/173 1364/1364/173 
f 237/237/178 1365/1365/178 1366/1366/179 238/238/179 
f 1365/1365/178 953/953/178 956/956/179 1366/1366/179 
f 949/949/172 1363/1363/172 1366/1366/179 956/956/179 
f 1363/1363/172 231/231/172 238/238/179 1366/1366/179 
f 243/243/184 1367/1367/184 1368/1368/185 244/244/185 
f 1367/1367/184 957/957/184 960/960/185 1368/1368/185 
f 953/953/178 1365/1365/178 1368/1368/185 960/960/185 
f 1365/1365/178 237/237/178 244/244/185 1368/1368/185 
f 249/249/190 1369/1369/190 1370/1370/191 250/250/191 
f 1369/1369/190 961/961/190 964/964/191 1370/1370/191 
f 957/957/184 1367/1367/184 1370/1370/191 964/964/191 
f 1367/1367/184 243/243/184 250/250/191 1370/1370/191 
f 70/70/11 1371/1371/532 1372/1372/194 253/253/194 
f 1371/1371/532 965/965/532 968/968/194 1372/1372/194 
f 961/961/190 1369/1369/190 1372/1372/194 968/968/194 
f 1369/1369/190 249/249/190 253/253/194 1372/1372/194 
f 103/103/44 1373/1373/44 1374/1374/697 472/472/308 
f 1373/1373/44 969/969/535 972/972/538 1374/1374/697 
f 974/974/309 1237/1237/309 1374/1374/697 972/972/538 
f 1237/1237/309 473/473/309 472/472/308 1374/1374/697 
f 175/175/116 1345/1345/695 1375/1375/698 552/552/347 
f 1345/1345/695 993/993/552 996/996/555 1375/1375/698 
f 998/998/557 1172/1172/557 1375/1375/698 996/996/555 
f 1172/1172/557 553/553/348 552/552/347 1375/1375/698 
f 977/977/540 1376/1376/699 1377/1377/700 978/978/542 
f 1376/1376/699 446/446/298 449/1538/301 1377/1377/700 
f 454/1535/305 1268/1268/652 1377/1377/700 449/1538/301 
f 1268/1268/652 979/979/543 978/978/542 1377/1377/700 
f 983/983/333 1378/1378/701 1379/1379/702 984/984/545 
f 1378/1378/701 1022/1591/569 1070/1585/602 1379/1379/702 
f 1069/1596/601 1380/1380/703 1379/1379/702 1070/1585/602 
f 1380/1380/703 985/985/546 984/984/545 1379/1379/702 
f 141/141/82 140/140/81 1381/1381/704 990/990/551 
f 140/140/81 139/139/80 1382/1382/705 1381/1381/704 
f 762/1556/417 1383/1383/706 1381/1381/704 1382/1382/705 
f 1383/1383/706 991/991/342 990/990/551 1381/1381/704 
f 1001/1001/560 1384/1384/707 1385/1385/708 1002/1002/561 
f 1384/1384/707 585/1578/362 588/1576/365 1385/1385/708 
f 593/1577/367 1197/1197/627 1385/1385/708 588/1576/365 
f 1197/1197/627 1003/1003/359 1002/1002/561 1385/1385/708 
f 165/165/106 164/164/105 1386/1386/709 1007/1007/442 
f 164/164/105 163/163/104 1023/1592/570 1386/1386/709 
f 1022/1591/569 1378/1378/701 1386/1386/709 1023/1592/570 
f 1378/1378/701 983/983/333 1007/1007/442 1386/1386/709 
f 985/985/546 1380/1380/703 1387/1387/710 1028/1028/573 
f 1380/1380/703 1069/1596/601 1066/1594/598 1387/1387/710 
f 1065/1599/350 1388/1388/711 1387/1387/710 1066/1594/598 
f 1388/1388/711 1029/1029/557 1028/1028/573 1387/1387/710 
f 151/151/92 1389/1389/712 1390/1390/713 1079/1079/609 
f 1389/1389/712 1058/1058/593 1055/1055/591 1390/1390/713 
f 1054/1054/590 1391/1391/359 1390/1390/713 1055/1055/591 
f 1391/1391/359 1080/1080/359 1079/1079/609 1390/1390/713 
f 184/184/125 1348/1348/696 1392/1392/714 1156/1156/616 
f 1348/1348/696 910/910/500 913/913/503 1392/1392/714 
f 916/916/114 1343/1343/114 1392/1392/714 913/913/503 
f 1343/1343/114 173/173/114 1156/1156/616 1392/1392/714 
f 1029/1029/557 1388/1388/711 1393/1393/711 1173/1173/348 
f 1388/1388/711 1065/1599/350 1191/1597/350 1393/1393/711 
f 555/555/350 554/554/349 1393/1393/711 1191/1597/350 
f 554/554/349 553/553/348 1173/1173/348 1393/1393/711 
f 1080/1080/359 1391/1391/359 1394/1394/359 1198/1198/359 
f 1391/1391/359 1054/1054/590 1186/1186/359 1394/1394/359 
f 582/582/359 1004/1004/359 1394/1394/359 1186/1186/359 
f 1004/1004/359 1003/1003/359 1198/1198/359 1394/1394/359 
f 88/88/29 1317/1317/29 1395/1395/451 1201/1201/451 
f 1317/1317/29 837/837/29 840/840/451 1395/1395/451 
f 845/845/18 1312/1312/18 1395/1395/451 840/840/451 
f 1312/1312/18 77/77/18 1201/1201/451 1395/1395/451 
f 1240/1240/646 1396/1396/310 1397/1397/310 1241/1241/309 
f 1396/1396/310 1231/1553/642 1228/1554/642 1397/1397/310 
f 475/475/311 474/474/310 1397/1397/310 1228/1554/642 
f 474/474/310 473/473/309 1241/1241/309 1397/1397/310 
f 1270/1270/322 1398/1398/322 1399/1399/322 1271/1271/543 
f 1398/1398/322 1259/1259/543 1257/1257/322 1399/1399/322 
f 499/499/322 980/980/322 1399/1399/322 1257/1257/322 
f 980/980/322 979/979/543 1271/1271/543 1399/1399/322 
f 1290/1290/668 1400/1400/715 1401/1401/716 1291/1291/666 
f 1400/1400/715 1284/1552/662 1282/1551/660 1401/1401/716 
f 1231/1553/642 1396/1396/310 1401/1401/716 1282/1551/660 
f 1396/1396/310 1240/1240/646 1291/1291/666 1401/1401/716 
f 79/1740/20 1314/1741/689 1402/1402/677 1306/1306/683 
f 1314/1741/689 1213/1739/636 1300/1300/677 1402/1402/677 
f 1259/1259/543 1398/1398/322 1402/1402/677 1300/1300/677 
f 1398/1398/322 1270/1270/322 1306/1306/683 1402/1402/677 
f 66/66/7 671/1605/376 1403/1403/717 67/67/8 
f 671/1605/376 446/446/298 1376/1376/699 1403/1403/717 
f 977/977/540 1310/1310/687 1403/1403/717 1376/1376/699 
f 1310/1310/687 68/68/9 67/67/8 1403/1403/717 
f 258/258/199 834/1645/447 1404/1404/718 259/259/200 
f 834/1645/447 263/1732/201 266/266/203 1404/1404/718 
f 271/271/2 1083/1083/1 1404/1404/718 266/266/203 
f 1083/1083/1 260/260/1 259/259/200 1404/1404/718 
f 66/1606/7 63/1603/4 1405/1405/719 674/674/379 
f 63/1603/4 62/1609/3 679/679/382 1405/1405/719 
f 683/683/302 1406/1406/302 1405/1405/719 679/679/382 
f 1406/1406/302 675/675/303 674/674/379 1405/1405/719 
f 258/1644/199 255/1643/196 1407/1407/720 835/835/448 
f 255/1643/196 254/1636/195 966/966/533 1407/1407/720 
f 965/965/532 1408/1408/10 1407/1407/720 966/966/533 
f 1408/1408/10 836/836/9 835/835/448 1407/1407/720 
f 5/5/1 2/2/1 1409/1409/1 1084/1084/2 
f 2/2/1 1/1/1 1146/1146/1 1409/1409/1 
f 262/262/1 261/261/1 1409/1409/1 1146/1146/1 
f 261/261/1 260/260/1 1084/1084/2 1409/1409/1 
f 836/836/9 1408/1408/10 1410/1410/10 1311/1311/9 
f 1408/1408/10 965/965/532 1371/1371/532 1410/1410/10 
f 70/70/11 69/69/10 1410/1410/10 1371/1371/532 
f 69/69/10 68/68/9 1311/1311/9 1410/1410/10 
f 675/675/303 1411/1411/302 1412/1412/302 676/676/380 
f 1411/1411/302 670/670/303 669/669/375 1412/1412/302 
f 668/668/374 1413/1413/302 1412/1412/302 669/669/375 
f 1413/1413/302 677/677/303 676/676/380 1412/1412/302 
f 681/681/303 1414/1414/302 1415/1415/303 682/682/303 
f 1414/1414/302 598/598/303 595/595/303 1415/1415/303 
f 594/594/303 1416/1416/303 1415/1415/303 595/595/303 
f 1416/1416/303 683/683/302 682/682/303 1415/1415/303 
f 686/686/302 1417/1417/303 1418/1418/303 687/687/302 
f 1417/1417/303 600/600/303 599/599/303 1418/1418/303 
f 598/598/303 1414/1414/302 1418/1418/303 599/599/303 
f 1414/1414/302 681/681/303 687/687/302 1418/1418/303 
f 690/690/303 1419/1419/302 1420/1420/303 691/691/302 
f 1419/1419/302 602/602/303 601/601/303 1420/1420/303 
f 600/600/303 1417/1417/303 1420/1420/303 601/601/303 
f 1417/1417/303 686/686/302 691/691/302 1420/1420/303 
f 694/694/302 1421/1421/303 1422/1422/302 695/695/303 
f 1421/1421/303 604/604/303 603/603/303 1422/1422/302 
f 602/602/303 1419/1419/302 1422/1422/302 603/603/303 
f 1419/1419/302 690/690/303 695/695/303 1422/1422/302 
f 698/698/303 1423/1423/302 1424/1424/303 699/699/303 
f 1423/1423/302 606/606/302 605/605/302 1424/1424/303 
f 604/604/303 1421/1421/303 1424/1424/303 605/605/302 
f 1421/1421/303 694/694/302 699/699/303 1424/1424/303 
f 702/702/302 1425/1425/303 1426/1426/302 703/703/302 
f 1425/1425/303 608/608/303 607/607/302 1426/1426/302 
f 606/606/302 1423/1423/302 1426/1426/302 607/607/302 
f 1423/1423/302 698/698/303 703/703/302 1426/1426/302 
f 706/706/303 1427/1427/303 1428/1428/303 707/707/303 
f 1427/1427/303 610/610/303 609/609/302 1428/1428/303 
f 608/608/303 1425/1425/303 1428/1428/303 609/609/302 
f 1425/1425/303 702/702/302 707/707/303 1428/1428/303 
f 710/710/302 1429/1429/303 1430/1430/303 711/711/303 
f 1429/1429/303 612/612/303 611/611/303 1430/1430/303 
f 610/610/303 1427/1427/303 1430/1430/303 611/611/303 
f 1427/1427/303 706/706/303 711/711/303 1430/1430/303 
f 714/714/303 1431/1431/303 1432/1432/302 715/715/302 
f 1431/1431/303 614/614/302 613/613/303 1432/1432/302 
f 612/612/303 1429/1429/303 1432/1432/302 613/613/303 
f 1429/1429/303 710/710/302 715/715/302 1432/1432/302 
f 718/718/302 1433/1433/303 1434/1434/303 719/719/303 
f 1433/1433/303 616/616/302 615/615/303 1434/1434/303 
f 614/614/302 1431/1431/303 1434/1434/303 615/615/303 
f 1431/1431/303 714/714/303 719/719/303 1434/1434/303 
f 722/722/303 1435/1435/302 1436/1436/302 723/723/302 
f 1435/1435/302 618/618/303 617/617/303 1436/1436/302 
f 616/616/302 1433/1433/303 1436/1436/302 617/617/303 
f 1433/1433/303 718/718/302 723/723/302 1436/1436/302 
f 726/726/303 1437/1437/302 1438/1438/302 727/727/302 
f 1437/1437/302 620/620/302 619/619/302 1438/1438/302 
f 618/618/303 1435/1435/302 1438/1438/302 619/619/302 
f 1435/1435/302 722/722/303 727/727/302 1438/1438/302 
f 730/730/303 1439/1439/302 1440/1440/302 731/731/303 
f 1439/1439/302 622/622/303 621/621/302 1440/1440/302 
f 620/620/302 1437/1437/302 1440/1440/302 621/621/302 
f 1437/1437/302 726/726/303 731/731/303 1440/1440/302 
f 735/735/303 1441/1441/303 1442/1442/302 736/736/303 
f 1441/1441/303 624/624/303 623/623/302 1442/1442/302 
f 622/622/303 1439/1439/302 1442/1442/302 623/623/302 
f 1439/1439/302 730/730/303 736/736/303 1442/1442/302 
f 741/741/302 1443/1443/302 1444/1444/303 742/742/302 
f 1443/1443/302 628/628/303 627/627/369 1444/1444/303 
f 626/626/368 1445/1445/380 1444/1444/303 627/627/369 
f 1445/1445/380 743/743/413 742/742/302 1444/1444/303 
f 747/747/303 1446/1446/303 1447/1447/303 748/748/303 
f 1446/1446/303 632/632/302 631/631/302 1447/1447/303 
f 630/630/302 1448/1448/302 1447/1447/303 631/631/302 
f 1448/1448/302 749/749/303 748/748/303 1447/1447/303 
f 752/752/303 1449/1449/302 1450/1450/302 753/753/303 
f 1449/1449/302 634/634/303 633/633/302 1450/1450/302 
f 632/632/302 1446/1446/303 1450/1450/302 633/633/302 
f 1446/1446/303 747/747/303 753/753/303 1450/1450/302 
f 766/766/303 1451/1451/302 1452/1452/303 1453/1453/302 
f 1451/1451/302 638/638/370 637/637/303 1452/1452/303 
f 636/636/303 1454/1454/303 1452/1452/303 637/637/303 
f 1454/1454/303 757/757/303 1453/1453/302 1452/1452/303 
f 772/772/303 1455/1455/302 1456/1456/302 1457/1457/302 
f 1455/1455/302 642/642/302 641/641/302 1456/1456/302 
f 640/640/302 1458/1458/302 1456/1456/302 641/641/302 
f 1458/1458/302 764/764/302 1457/1457/302 1456/1456/302 
f 770/770/303 1459/1459/302 1460/1460/303 771/771/302 
f 1459/1459/302 644/644/303 643/643/303 1460/1460/303 
f 642/642/302 1455/1455/302 1460/1460/303 643/643/303 
f 1455/1455/302 772/772/303 771/771/302 1460/1460/303 
f 775/775/303 1461/1461/302 1462/1462/302 776/776/302 
f 1461/1461/302 646/646/302 645/645/302 1462/1462/302 
f 644/644/303 1459/1459/302 1462/1462/302 645/645/302 
f 1459/1459/302 770/770/303 776/776/302 1462/1462/302 
f 779/779/303 1463/1463/303 1464/1464/302 780/780/302 
f 1463/1463/303 648/648/303 647/647/303 1464/1464/302 
f 646/646/302 1461/1461/302 1464/1464/302 647/647/303 
f 1461/1461/302 775/775/303 780/780/302 1464/1464/302 
f 783/783/303 1465/1465/302 1466/1466/303 784/784/303 
f 1465/1465/302 650/650/303 649/649/303 1466/1466/303 
f 648/648/303 1463/1463/303 1466/1466/303 649/649/303 
f 1463/1463/303 779/779/303 784/784/303 1466/1466/303 
f 787/787/303 1467/1467/302 1468/1468/302 788/788/302 
f 1467/1467/302 652/652/302 651/651/302 1468/1468/302 
f 650/650/303 1465/1465/302 1468/1468/302 651/651/302 
f 1465/1465/302 783/783/303 788/788/302 1468/1468/302 
f 791/791/303 1469/1469/302 1470/1470/303 792/792/303 
f 1469/1469/302 654/654/302 653/653/302 1470/1470/303 
f 652/652/302 1467/1467/302 1470/1470/303 653/653/302 
f 1467/1467/302 787/787/303 792/792/303 1470/1470/303 
f 804/804/302 1471/1471/303 1472/1472/302 1473/1473/302 
f 1471/1471/303 658/658/372 657/657/302 1472/1472/302 
f 656/656/302 1474/1474/303 1472/1472/302 657/657/302 
f 1474/1474/303 796/796/303 1473/1473/302 1472/1472/302 
f 810/810/302 1475/1475/303 1476/1476/303 1477/1477/303 
f 1475/1475/303 662/662/303 661/661/303 1476/1476/303 
f 660/660/303 1478/1478/303 1476/1476/303 661/661/303 
f 1478/1478/303 802/802/302 1477/1477/303 1476/1476/303 
f 808/808/303 1479/1479/303 1480/1480/303 809/809/302 
f 1479/1479/303 664/664/303 663/663/303 1480/1480/303 
f 662/662/303 1475/1475/303 1480/1480/303 663/663/303 
f 1475/1475/303 810/810/302 809/809/302 1480/1480/303 
f 814/814/303 1481/1481/302 1482/1482/303 815/815/302 
f 1481/1481/302 666/666/302 665/665/303 1482/1482/303 
f 664/664/303 1479/1479/303 1482/1482/303 665/665/303 
f 1479/1479/303 808/808/303 815/815/302 1482/1482/303 
f 749/749/303 1448/1448/302 1483/1483/302 831/831/303 
f 1448/1448/302 630/630/302 629/629/302 1483/1483/302 
f 628/628/303 1443/1443/302 1483/1483/302 629/629/302 
f 1443/1443/302 741/741/302 831/831/303 1483/1483/302 
f 743/743/413 1445/1445/380 1484/1484/303 1159/1159/303 
f 1445/1445/380 626/626/368 625/625/303 1484/1484/303 
f 624/624/303 1441/1441/303 1484/1484/303 625/625/303 
f 1441/1441/303 735/735/303 1159/1159/303 1484/1484/303 
f 677/677/303 1413/1413/302 1485/1485/303 1208/1208/375 
f 1413/1413/302 668/668/374 667/667/373 1485/1485/303 
f 666/666/302 1481/1481/302 1485/1485/303 667/667/373 
f 1481/1481/302 814/814/303 1208/1208/375 1485/1485/303 
f 683/683/302 1416/1416/303 1486/1486/302 1406/1406/302 
f 1416/1416/303 594/594/303 597/597/303 1486/1486/302 
f 670/670/303 1411/1411/302 1486/1486/302 597/597/303 
f 1411/1411/302 675/675/303 1406/1406/302 1486/1486/302 
f 99/99/40 793/1560/432 1487/1487/721 100/100/41 
f 793/1560/432 104/104/45 107/107/48 1487/1487/721 
f 112/112/53 1323/1323/470 1487/1487/721 107/107/48 
f 1323/1323/470 101/101/42 100/100/41 1487/1487/721 
f 291/291/208 865/1711/471 1488/1488/722 292/292/209 
f 865/1711/471 296/296/210 299/299/213 1488/1488/722 
f 304/304/2 1097/1097/2 1488/1488/722 299/299/213 
f 1097/1097/2 293/293/1 292/292/209 1488/1488/722 
f 99/1559/40 96/1558/37 1489/1489/723 795/795/434 
f 96/1558/37 95/95/36 800/800/436 1489/1489/723 
f 804/804/302 1473/1473/302 1489/1489/723 800/800/436 
f 1473/1473/302 796/796/303 795/795/434 1489/1489/723 
f 291/1697/208 288/1695/205 1490/1490/724 866/866/472 
f 288/1695/205 287/1713/204 970/970/536 1490/1490/724 
f 969/969/535 1491/1491/725 1490/1490/724 970/970/536 
f 1491/1491/725 867/867/42 866/866/472 1490/1490/724 
f 11/11/2 1091/1091/610 1492/1492/1 1098/1098/2 
f 1091/1091/610 295/295/2 294/294/2 1492/1492/1 
f 293/293/1 1098/1098/2 1492/1492/1 294/294/2 
f 867/867/42 1491/1491/725 1493/1493/725 1324/1324/42 
f 1491/1491/725 969/969/535 1373/1373/44 1493/1493/725 
f 103/103/44 102/102/43 1493/1493/725 1373/1373/44 
f 102/102/43 101/101/42 1324/1324/42 1493/1493/725 
f 656/656/302 655/655/302 1494/1494/303 1474/1474/303 
f 655/655/302 654/654/302 1469/1469/302 1494/1494/303 
f 791/791/303 797/797/302 1494/1494/303 1469/1469/302 
f 797/797/302 796/796/303 1474/1474/303 1494/1494/303 
f 91/91/32 1285/1544/663 1495/1495/726 92/92/33 
f 1285/1544/663 1284/1552/662 1400/1400/715 1495/1495/726 
f 1290/1290/668 1319/1319/691 1495/1495/726 1400/1400/715 
f 1319/1319/691 93/93/34 92/92/33 1495/1495/726 
f 283/283/1 476/476/312 1496/1496/1 284/284/2 
f 476/476/312 287/287/204 290/290/207 1496/1496/1 
f 295/295/2 1093/1093/1 1496/1496/1 290/290/207 
f 1093/1093/1 285/285/2 284/284/2 1496/1496/1 
f 466/466/302 798/798/435 1497/1497/727 467/467/302 
f 798/798/435 95/95/36 471/1550/307 1497/1497/727 
f 475/1555/311 1230/1230/644 1497/1497/727 471/1550/307 
f 1230/1230/644 468/468/303 467/467/302 1497/1497/727 
f 283/283/1 281/281/1 1498/1498/1 479/479/1 
f 281/281/1 276/276/1 484/484/2 1498/1498/1 
f 488/488/1 1244/1244/2 1498/1498/1 484/484/2 
f 1244/1244/2 480/480/1 479/479/1 1498/1498/1 
f 466/466/302 464/464/302 1499/1499/302 801/801/302 
f 464/464/302 459/459/302 806/806/302 1499/1499/302 
f 810/810/302 1477/1477/303 1499/1499/302 806/806/302 
f 1477/1477/303 802/802/302 801/801/302 1499/1499/302 
f 858/858/466 1294/1718/671 1500/1500/728 859/859/467 
f 1294/1718/671 850/850/458 847/847/456 1500/1500/728 
f 846/846/27 1501/1501/35 1500/1500/728 847/847/456 
f 1501/1501/35 860/860/34 859/859/467 1500/1500/728 
f 11/11/2 10/10/2 1502/1502/1 1094/1094/1 
f 10/10/2 9/9/1 1089/1089/1 1502/1502/1 
f 278/278/1 286/286/2 1502/1502/1 1089/1089/1 
f 286/286/2 285/285/2 1094/1094/1 1502/1502/1 
f 1233/1233/303 1503/1503/303 1504/1504/303 1234/1234/302 
f 1503/1503/303 1224/1224/303 1222/1222/302 1504/1504/303 
f 461/461/302 469/469/303 1504/1504/303 1222/1222/302 
f 469/469/303 468/468/303 1234/1234/302 1504/1504/303 
f 1247/1247/2 1505/1505/315 1506/1506/729 1248/1248/2 
f 1505/1505/315 1265/1716/649 1263/1714/647 1506/1506/729 
f 482/482/316 481/481/315 1506/1506/729 1263/1714/647 
f 481/481/315 480/480/1 1248/1248/2 1506/1506/729 
f 91/1542/32 89/1541/30 1507/1507/730 1286/1286/664 
f 89/1541/30 84/1545/25 1279/1279/657 1507/1507/730 
f 1224/1224/303 1503/1503/303 1507/1507/730 1279/1279/657 
f 1503/1503/303 1233/1233/303 1286/1286/664 1507/1507/730 
f 858/1724/466 857/1721/465 1508/1508/731 1295/1295/672 
f 857/1721/465 856/856/464 1303/1717/680 1508/1508/731 
f 1265/1716/649 1505/1505/315 1508/1508/731 1303/1717/680 
f 1505/1505/315 1247/1247/2 1295/1295/672 1508/1508/731 
f 860/860/34 1501/1501/35 1509/1509/35 1320/1320/34 
f 1501/1501/35 846/846/27 1315/1315/27 1509/1509/35 
f 86/86/27 94/94/35 1509/1509/35 1315/1315/27 
f 94/94/35 93/93/34 1320/1320/34 1509/1509/35 
f 660/660/303 659/659/302 1510/1510/303 1478/1478/303 
f 659/659/302 658/658/372 1471/1471/303 1510/1510/303 
f 804/804/302 803/803/303 1510/1510/303 1471/1471/303 
f 803/803/303 802/802/302 1478/1478/303 1510/1510/303 
f 147/147/88 1062/1586/596 1511/1511/732 148/148/89 
f 1062/1586/596 152/152/93 155/155/96 1511/1511/732 
f 160/160/101 1338/1338/693 1511/1511/732 155/155/96 
f 1338/1338/693 149/149/90 148/148/89 1511/1511/732 
f 339/339/2 574/574/1 1512/1512/1 340/340/2 
f 574/574/1 344/344/1 347/347/1 1512/1512/1 
f 352/352/1 1113/1113/1 1512/1512/1 347/347/1 
f 1113/1113/1 341/341/1 340/340/2 1512/1512/1 
f 339/339/2 336/336/237 1513/1513/733 576/576/1 
f 336/336/237 335/335/236 580/1687/357 1513/1513/733 
f 584/1689/361 1184/1184/586 1513/1513/733 580/1687/357 
f 1184/1184/586 577/577/1 576/576/1 1513/1513/733 
f 589/589/302 754/754/302 1514/1514/303 590/590/303 
f 754/754/302 529/529/303 532/532/303 1514/1514/303 
f 537/537/302 1189/1189/303 1514/1514/303 532/532/303 
f 1189/1189/303 591/591/303 590/590/303 1514/1514/303 
f 589/589/302 586/586/363 1515/1515/303 756/756/302 
f 586/586/363 585/585/362 761/761/416 1515/1515/303 
f 766/766/303 1453/1453/302 1515/1515/303 761/761/416 
f 1453/1453/302 757/757/303 756/756/302 1515/1515/303 
f 898/898/492 1051/1683/588 1516/1516/734 899/899/493 
f 1051/1683/588 1050/1688/587 1059/1059/594 1516/1516/734 
f 1058/1058/593 1517/1517/735 1516/1516/734 1059/1059/594 
f 1517/1517/735 900/900/90 899/899/493 1516/1516/734 
f 898/1684/492 897/1685/491 1518/1518/736 1052/1052/589 
f 897/1685/491 896/1682/490 1043/1043/581 1518/1518/736 
f 1042/1042/2 1519/1519/2 1518/1518/736 1043/1043/581 
f 1519/1519/2 1053/1053/2 1052/1052/589 1518/1518/736 
f 147/1587/88 144/1584/85 1520/1520/737 1063/1063/597 
f 144/1584/85 143/143/84 1076/1581/606 1520/1520/737 
f 1075/1579/605 1521/1521/738 1520/1520/737 1076/1581/606 
f 1521/1521/738 1064/1064/302 1063/1063/597 1520/1520/737 
f 27/27/1 518/518/336 1522/1522/1 1114/1114/1 
f 518/518/336 343/343/1 342/342/1 1522/1522/1 
f 341/341/1 1114/1114/1 1522/1522/1 342/342/1 
f 1053/1053/2 1519/1519/2 1523/1523/2 1185/1185/1 
f 1519/1519/2 1042/1042/2 1180/1180/1 1523/1523/2 
f 572/572/1 578/578/2 1523/1523/2 1180/1180/1 
f 578/578/2 577/577/1 1185/1185/1 1523/1523/2 
f 1064/1064/302 1521/1521/738 1524/1524/739 1190/1190/303 
f 1521/1521/738 1075/1579/605 1195/1580/626 1524/1524/739 
f 593/593/367 592/592/366 1524/1524/739 1195/1580/626 
f 592/592/366 591/591/303 1190/1190/303 1524/1524/739 
f 900/900/90 1517/1517/735 1525/1525/740 1339/1339/90 
f 1517/1517/735 1058/1058/593 1389/1389/712 1525/1525/740 
f 151/151/92 150/150/91 1525/1525/740 1389/1389/712 
f 150/150/91 149/149/90 1339/1339/90 1525/1525/740 
f 636/636/303 635/635/303 1526/1526/303 1454/1454/303 
f 635/635/303 634/634/303 1449/1449/302 1526/1526/303 
f 752/752/303 758/758/303 1526/1526/303 1449/1449/302 
f 758/758/303 757/757/303 1454/1454/303 1526/1526/303 
f 27/27/1 26/26/1 1527/1527/1 516/516/1 
f 26/26/1 25/25/2 1109/1109/2 1527/1527/1 
f 333/333/2 1151/1151/1 1527/1527/1 1109/1109/2 
f 1151/1151/1 519/519/1 516/516/1 1527/1527/1 
f 524/524/340 1152/1698/613 1528/1528/741 525/525/341 
f 1152/1698/613 331/1696/234 889/889/484 1528/1528/741 
f 888/888/483 989/989/550 1528/1528/741 889/889/484 
f 989/989/550 526/526/342 525/525/341 1528/1528/741 
f 762/762/417 1382/1565/705 1529/1529/742 763/763/418 
f 1382/1565/705 139/1563/80 768/768/420 1529/1529/742 
f 772/772/303 1457/1457/302 1529/1529/742 768/768/420 
f 1457/1457/302 764/764/302 763/763/418 1529/1529/742 
f 991/991/342 1530/1530/743 1531/1531/744 992/992/342 
f 1530/1530/743 1001/1001/560 999/999/558 1531/1531/744 
f 528/528/344 527/527/343 1531/1531/744 999/999/558 
f 527/527/343 526/526/342 992/992/342 1531/1531/744 
f 524/1694/340 521/1692/337 1532/1532/614 1153/1153/614 
f 521/1692/337 335/335/236 338/338/238 1532/1532/614 
f 343/343/1 520/520/1 1532/1532/614 338/338/238 
f 520/520/1 519/519/1 1153/1153/614 1532/1532/614 
f 762/1556/417 759/1562/414 1533/1533/745 1383/1383/706 
f 759/1562/414 585/1578/362 1384/1384/707 1533/1533/745 
f 1001/1001/560 1530/1530/743 1533/1533/745 1384/1384/707 
f 1530/1530/743 991/991/342 1383/1383/706 1533/1533/745 
f 640/640/302 639/639/371 1534/1534/302 1458/1458/302 
f 639/639/371 638/638/370 1451/1451/302 1534/1534/302 
f 766/766/303 765/765/303 1534/1534/302 1451/1451/302 
f 765/765/303 764/764/302 1458/1458/302 1534/1534/302 
#end 1532 faces

#ZOMPROPERTIES_04{
#ZOMPROPERTIES_04 table {Mesh table {Islands table {0 table {TopoStable table {Color int -1 } PolyIDs ints { 0 29 817 
#ZOMPROPERTIES_04 816 823 820 1232 1231 1233 1230 715 935 937 720 717 724 721 1427 1426 3 722 2 723 718 1 4 730 729 73
#ZOMPROPERTIES_04 4 733 738 737 742 741 746 745 750 749 754 753 1505 11 12 758 757 762 761 766 765 499 15 16 770 769 7
#ZOMPROPERTIES_04 74 773 778 777 782 781 786 785 790 789 794 793 798 797 802 801 806 805 810 809 814 813 818 812 819 2
#ZOMPROPERTIES_04 44 243 242 239 238 235 234 231 230 227 226 223 222 219 218 215 214 211 210 207 206 203 202 841 840 1
#ZOMPROPERTIES_04 99 198 826 825 834 833 195 320 323 878 899 902 871 874 873 677 676 675 704 703 680 679 684 683 1478 
#ZOMPROPERTIES_04 1477 688 687 686 884 883 1463 1462 186 189 1486 295 294 1507 831 1523 1520 830 1521 829 183 182 179 
#ZOMPROPERTIES_04 178 175 174 171 170 167 166 163 162 1379 1378 159 158 1406 270 273 1435 1434 1443 1442 1441 1004 100
#ZOMPROPERTIES_04 3 1008 1007 1012 1011 1032 1031 1030 983 982 925 924 146 149 148 147 915 918 916 917 150 153 151 152
#ZOMPROPERTIES_04  154 157 155 156 1408 727 726 725 1391 1392 160 161 1390 1407 1428 1405 1413 1416 957 1436 956 1433 
#ZOMPROPERTIES_04 1005 955 960 959 964 963 984 962 985 280 279 923 281 278 276 275 277 274 1415 954 961 958 926 965 10
#ZOMPROPERTIES_04 10 1013 1006 1009 1002 1414 272 271 1220 1221 1218 143 142 251 250 247 246 248 249 253 252 145 144 1
#ZOMPROPERTIES_04 219 714 1033 1444 1381 731 1380 728 165 735 164 732 169 739 168 736 173 743 172 740 177 747 176 744 
#ZOMPROPERTIES_04 181 751 180 748 185 755 184 752 1506 828 1522 293 1485 1487 188 1460 759 1459 756 193 763 192 760 19
#ZOMPROPERTIES_04 7 767 191 324 327 882 875 881 876 678 685 880 1489 1479 1488 1480 885 1491 330 329 1457 187 328 1458
#ZOMPROPERTIES_04  325 331 326 879 1490 1461 1464 886 682 322 190 321 194 689 681 877 702 900 705 901 674 872 319 316 
#ZOMPROPERTIES_04 318 317 513 510 512 511 196 764 500 832 835 501 287 288 853 854 200 201 852 827 824 286 843 771 842 
#ZOMPROPERTIES_04 768 205 775 204 772 209 779 208 776 213 783 212 780 217 787 216 784 221 791 220 788 225 795 224 792 
#ZOMPROPERTIES_04 229 799 228 796 233 803 232 800 237 807 236 804 241 811 240 808 245 815 28 27 26 25 24 23 22 21 20 1
#ZOMPROPERTIES_04 9 18 17 498 14 13 1504 10 9 8 7 6 5 1425 719 936 716 821 822 } } 1 table {TopoStable table {Color in
#ZOMPROPERTIES_04 t -1 } PolyIDs ints { 30 33 1236 1235 1228 1227 1226 520 519 282 285 969 968 1017 1016 1015 1211 121
#ZOMPROPERTIES_04 0 1024 1023 1022 975 974 1156 1155 1215 1214 31 1217 1037 1237 1036 1234 521 1035 634 637 1204 1203 
#ZOMPROPERTIES_04 1212 1014 1202 1213 976 1205 977 967 636 1157 966 635 1154 1216 1034 284 283 518 32 1025 1229 627 62
#ZOMPROPERTIES_04 8 623 624 619 620 615 616 611 612 607 608 603 604 599 600 595 596 591 592 587 588 583 584 579 580 57
#ZOMPROPERTIES_04 5 576 848 851 1091 1184 1183 1096 1095 1100 1099 1104 1103 1108 1107 1112 1111 1116 1115 1120 1119 1
#ZOMPROPERTIES_04 124 1123 1128 1127 1132 1131 1136 1135 1140 1139 1144 1143 1145 1142 141 138 135 134 131 130 127 126
#ZOMPROPERTIES_04  123 122 119 118 115 114 111 110 107 106 103 102 99 98 95 94 91 90 837 836 87 86 312 315 1188 1187 1
#ZOMPROPERTIES_04 176 1175 1160 1159 1172 1171 83 82 79 78 1454 1453 75 74 711 710 908 907 1168 1167 1525 1524 1164 11
#ZOMPROPERTIES_04 63 71 70 67 66 63 62 59 58 55 54 51 50 1375 1374 47 46 266 269 1200 1199 1208 1207 1402 1401 43 42 3
#ZOMPROPERTIES_04 9 38 912 911 35 34 37 1041 1040 933 932 931 524 523 528 527 1422 1421 532 531 1019 1018 971 970 632 
#ZOMPROPERTIES_04 631 1387 1386 536 535 540 539 544 543 548 547 552 551 556 555 560 559 1509 1508 297 296 332 335 890 
#ZOMPROPERTIES_04 889 693 692 1474 1473 564 563 568 567 572 571 503 502 290 289 707 706 904 903 648 647 849 646 850 10
#ZOMPROPERTIES_04 92 1151 1150 1093 89 313 1153 870 1189 869 1186 673 1177 672 1174 640 639 656 655 1086 1089 1082 108
#ZOMPROPERTIES_04 5 1078 1081 1499 76 1498 77 1178 1181 1190 1193 652 651 1517 1526 1516 1527 644 643 1074 1077 1070 1
#ZOMPROPERTIES_04 073 1066 1069 1062 1065 1058 1061 1054 1057 1050 1053 1396 48 1395 49 1146 1149 953 1201 952 1198 10
#ZOMPROPERTIES_04 01 1209 1000 1206 1403 1046 1049 1448 44 1447 45 1042 1045 1194 1197 1038 36 1196 1039 525 1195 522 
#ZOMPROPERTIES_04 914 1044 529 913 1043 526 1423 1446 41 40 1445 1424 1048 533 1047 530 1020 999 1404 998 1021 951 972
#ZOMPROPERTIES_04  950 973 1148 633 1147 630 1388 1394 268 267 1393 1389 1052 537 1051 534 1377 1056 541 1376 1055 538
#ZOMPROPERTIES_04  53 1060 545 52 1059 542 57 1064 549 56 1063 546 61 1068 553 60 1067 550 65 1072 557 64 1071 554 69 
#ZOMPROPERTIES_04 1076 561 68 1075 558 1510 642 73 72 645 1511 1162 1165 1519 298 1518 299 650 333 653 334 887 1192 11
#ZOMPROPERTIES_04 66 1169 1191 888 910 1180 690 909 1179 691 713 712 1497 1475 1496 1476 1080 565 1079 562 1456 1084 5
#ZOMPROPERTIES_04 69 1455 1083 566 81 1088 573 80 1087 570 504 654 85 84 657 505 1170 638 291 1173 641 292 1158 1161 6
#ZOMPROPERTIES_04 71 708 670 709 868 905 867 906 1152 314 649 934 88 1090 839 1185 838 1182 93 1097 92 1094 97 1101 96
#ZOMPROPERTIES_04  1098 101 1105 100 1102 105 1109 104 1106 109 1113 108 1110 113 1117 112 1114 117 1121 116 1118 121 
#ZOMPROPERTIES_04 1125 120 1122 125 1129 124 1126 129 1133 128 1130 133 1137 132 1134 137 1141 136 139 140 1138 629 62
#ZOMPROPERTIES_04 2 625 618 621 614 617 610 613 606 609 602 605 598 601 594 597 590 593 586 589 582 585 578 581 574 57
#ZOMPROPERTIES_04 7 626 } } 2 table {TopoStable table {Color int -1 } PolyIDs ints { 254 257 941 940 989 988 987 1028 
#ZOMPROPERTIES_04 1027 992 991 1438 1437 996 995 994 947 946 1411 1410 486 489 1451 1450 1449 372 371 1343 1342 1345 1
#ZOMPROPERTIES_04 400 484 483 482 479 478 475 474 471 470 467 466 463 462 459 458 1513 1512 455 454 1470 336 339 1494 
#ZOMPROPERTIES_04 1493 1483 1482 1481 696 695 660 659 664 663 668 667 700 699 698 896 895 508 507 438 441 1301 1362 13
#ZOMPROPERTIES_04 65 1294 1297 1290 1293 1286 1289 1282 1285 1278 1281 1274 1277 1270 1273 1266 1269 1262 1265 1258 12
#ZOMPROPERTIES_04 61 1254 1257 1250 1253 1246 1249 1242 1245 1370 1373 1238 1241 1366 1369 1354 1357 1350 1353 1346 13
#ZOMPROPERTIES_04 49 1348 1347 1420 1417 263 264 1432 1429 1440 948 1430 943 944 979 980 939 1029 981 922 919 495 496 
#ZOMPROPERTIES_04 927 930 494 491 258 261 945 260 942 1431 265 259 262 921 978 490 1418 920 493 492 497 255 256 938 10
#ZOMPROPERTIES_04 26 993 990 1439 949 1412 1409 487 488 1419 1352 373 374 1356 1351 375 376 1240 1367 377 340 1244 137
#ZOMPROPERTIES_04 1 341 342 1252 1247 343 344 1260 1255 345 346 1268 1263 347 348 1276 1271 349 350 1284 1279 351 352 
#ZOMPROPERTIES_04 1292 1287 353 354 1364 1295 355 1300 1363 356 1360 1359 1304 1303 1308 1307 1501 359 360 1312 1311 1
#ZOMPROPERTIES_04 529 361 362 1316 1315 1320 1319 1324 1323 1328 1327 1332 1331 1336 1335 1340 1339 1398 369 1338 1399
#ZOMPROPERTIES_04  480 1341 481 368 1334 476 1337 477 1330 472 367 1333 473 366 1326 468 1329 469 1322 464 365 1325 46
#ZOMPROPERTIES_04 5 364 1318 460 1321 461 1314 1514 363 1317 1515 1531 456 1528 1530 457 1310 1471 1313 1472 452 451 1
#ZOMPROPERTIES_04 465 1468 894 1495 893 1492 697 892 857 856 861 860 865 864 897 863 898 310 309 514 517 1361 516 1358
#ZOMPROPERTIES_04  445 1305 444 1302 449 1309 448 1306 1502 453 447 300 303 858 302 855 307 862 306 859 311 305 442 30
#ZOMPROPERTIES_04 8 304 443 301 1467 891 446 1466 450 515 440 1298 439 506 509 866 666 669 662 665 658 661 694 338 337
#ZOMPROPERTIES_04  1469 1503 1500 358 357 1299 1296 1291 1288 1283 1280 1275 1272 1267 1264 1259 1256 1251 1248 1243 1
#ZOMPROPERTIES_04 372 1239 1368 1355 929 928 378 381 379 380 1222 1225 1223 1224 382 385 383 384 386 389 387 388 390 3
#ZOMPROPERTIES_04 93 391 392 394 397 395 396 398 401 399 400 402 405 403 404 406 409 407 408 410 413 411 412 414 417 4
#ZOMPROPERTIES_04 15 416 418 421 419 420 422 425 423 424 426 429 427 428 430 433 431 432 434 437 435 436 844 847 845 8
#ZOMPROPERTIES_04 46 701 1484 485 1382 1383 1385 1397 370 1344 1384 1452 997 986 } } } SymPlane table {Point vector3d 
#ZOMPROPERTIES_04 0 0 0 Normal vector3d 1 0 0 Threshold double 0.01 Enabled bool false EdgeID int -1 SymEdgeID int -1 
#ZOMPROPERTIES_04 UPos double 0.5 LocalMode bool false } RootGroup CSubMeshGroup {Children table {Tile_0_0 CSubMeshGro
#ZOMPROPERTIES_04 up {Children table {} BBoxUV box3d 0 0 0 0 0 0 BBox3D box3d 0 0 0 0 0 0 Area3D double 0 AreaUV doubl
#ZOMPROPERTIES_04 e 0.47423 IsRoot bool false TopoStable table {Selected bool false Box box3d 0 1 0 1 0 1 U int 0 V in
#ZOMPROPERTIES_04 t 0 NU int 0 NV int 0 Tiling vector3d 1 1 1 TileRatioMode string "1:1" Pack table {BoxFrameLocked bo
#ZOMPROPERTIES_04 ol false BoxFrameEdit bool false } } IsTile bool true PolyIDs ints { 30 33 1236 1235 1228 1227 1226 
#ZOMPROPERTIES_04 520 519 282 285 969 968 1017 1016 1015 1211 1210 1024 1023 1022 975 974 1156 1155 1215 1214 31 1217 
#ZOMPROPERTIES_04 1037 1237 1036 1234 521 1035 634 637 1204 1203 1212 1014 1202 1213 976 1205 977 967 636 1157 966 635
#ZOMPROPERTIES_04  1154 1216 1034 284 283 518 32 1025 1229 627 628 623 624 619 620 615 616 611 612 607 608 603 604 599
#ZOMPROPERTIES_04  600 595 596 591 592 587 588 583 584 579 580 575 576 848 851 1091 1184 1183 1096 1095 1100 1099 1104
#ZOMPROPERTIES_04  1103 1108 1107 1112 1111 1116 1115 1120 1119 1124 1123 1128 1127 1132 1131 1136 1135 1140 1139 1144
#ZOMPROPERTIES_04  1143 1145 1142 141 138 135 134 131 130 127 126 123 122 119 118 115 114 111 110 107 106 103 102 99 9
#ZOMPROPERTIES_04 8 95 94 91 90 837 836 87 86 312 315 1188 1187 1176 1175 1160 1159 1172 1171 83 82 79 78 1454 1453 75
#ZOMPROPERTIES_04  74 711 710 908 907 1168 1167 1525 1524 1164 1163 71 70 67 66 63 62 59 58 55 54 51 50 1375 1374 47 4
#ZOMPROPERTIES_04 6 266 269 1200 1199 1208 1207 1402 1401 43 42 39 38 912 911 35 34 37 1041 1040 933 932 931 524 523 5
#ZOMPROPERTIES_04 28 527 1422 1421 532 531 1019 1018 971 970 632 631 1387 1386 536 535 540 539 544 543 548 547 552 551
#ZOMPROPERTIES_04  556 555 560 559 1509 1508 297 296 332 335 890 889 693 692 1474 1473 564 563 568 567 572 571 503 502
#ZOMPROPERTIES_04  290 289 707 706 904 903 648 647 849 646 850 1092 1151 1150 1093 89 313 1153 870 1189 869 1186 673 1
#ZOMPROPERTIES_04 177 672 1174 640 639 656 655 1086 1089 1082 1085 1078 1081 1499 76 1498 77 1178 1181 1190 1193 652 6
#ZOMPROPERTIES_04 51 1517 1526 1516 1527 644 643 1074 1077 1070 1073 1066 1069 1062 1065 1058 1061 1054 1057 1050 1053
#ZOMPROPERTIES_04  1396 48 1395 49 1146 1149 953 1201 952 1198 1001 1209 1000 1206 1403 1046 1049 1448 44 1447 45 1042
#ZOMPROPERTIES_04  1045 1194 1197 1038 36 1196 1039 525 1195 522 914 1044 529 913 1043 526 1423 1446 41 40 1445 1424 1
#ZOMPROPERTIES_04 048 533 1047 530 1020 999 1404 998 1021 951 972 950 973 1148 633 1147 630 1388 1394 268 267 1393 138
#ZOMPROPERTIES_04 9 1052 537 1051 534 1377 1056 541 1376 1055 538 53 1060 545 52 1059 542 57 1064 549 56 1063 546 61 1
#ZOMPROPERTIES_04 068 553 60 1067 550 65 1072 557 64 1071 554 69 1076 561 68 1075 558 1510 642 73 72 645 1511 1162 116
#ZOMPROPERTIES_04 5 1519 298 1518 299 650 333 653 334 887 1192 1166 1169 1191 888 910 1180 690 909 1179 691 713 712 14
#ZOMPROPERTIES_04 97 1475 1496 1476 1080 565 1079 562 1456 1084 569 1455 1083 566 81 1088 573 80 1087 570 504 654 85 8
#ZOMPROPERTIES_04 4 657 505 1170 638 291 1173 641 292 1158 1161 671 708 670 709 868 905 867 906 1152 314 649 934 88 10
#ZOMPROPERTIES_04 90 839 1185 838 1182 93 1097 92 1094 97 1101 96 1098 101 1105 100 1102 105 1109 104 1106 109 1113 10
#ZOMPROPERTIES_04 8 1110 113 1117 112 1114 117 1121 116 1118 121 1125 120 1122 125 1129 124 1126 129 1133 128 1130 133
#ZOMPROPERTIES_04  1137 132 1134 137 1141 136 139 140 1138 629 622 625 618 621 614 617 610 613 606 609 602 605 598 601
#ZOMPROPERTIES_04  594 597 590 593 586 589 582 585 578 581 574 577 626 0 29 817 816 823 820 1232 1231 1233 1230 715 93
#ZOMPROPERTIES_04 5 937 720 717 724 721 1427 1426 3 722 2 723 718 1 4 730 729 734 733 738 737 742 741 746 745 750 749 
#ZOMPROPERTIES_04 754 753 1505 11 12 758 757 762 761 766 765 499 15 16 770 769 774 773 778 777 782 781 786 785 790 789
#ZOMPROPERTIES_04  794 793 798 797 802 801 806 805 810 809 814 813 818 812 819 244 243 242 239 238 235 234 231 230 227
#ZOMPROPERTIES_04  226 223 222 219 218 215 214 211 210 207 206 203 202 841 840 199 198 826 825 834 833 195 320 323 878
#ZOMPROPERTIES_04  899 902 871 874 873 677 676 675 704 703 680 679 684 683 1478 1477 688 687 686 884 883 1463 1462 186
#ZOMPROPERTIES_04  189 1486 295 294 1507 831 1523 1520 830 1521 829 183 182 179 178 175 174 171 170 167 166 163 162 13
#ZOMPROPERTIES_04 79 1378 159 158 1406 270 273 1435 1434 1443 1442 1441 1004 1003 1008 1007 1012 1011 1032 1031 1030 9
#ZOMPROPERTIES_04 83 982 925 924 146 149 148 147 915 918 916 917 150 153 151 152 154 157 155 156 1408 727 726 725 1391
#ZOMPROPERTIES_04  1392 160 161 1390 1407 1428 1405 1413 1416 957 1436 956 1433 1005 955 960 959 964 963 984 962 985 2
#ZOMPROPERTIES_04 80 279 923 281 278 276 275 277 274 1415 954 961 958 926 965 1010 1013 1006 1009 1002 1414 272 271 12
#ZOMPROPERTIES_04 20 1221 1218 143 142 251 250 247 246 248 249 253 252 145 144 1219 714 1033 1444 1381 731 1380 728 16
#ZOMPROPERTIES_04 5 735 164 732 169 739 168 736 173 743 172 740 177 747 176 744 181 751 180 748 185 755 184 752 1506 8
#ZOMPROPERTIES_04 28 1522 293 1485 1487 188 1460 759 1459 756 193 763 192 760 197 767 191 324 327 882 875 881 876 678 
#ZOMPROPERTIES_04 685 880 1489 1479 1488 1480 885 1491 330 329 1457 187 328 1458 325 331 326 879 1490 1461 1464 886 68
#ZOMPROPERTIES_04 2 322 190 321 194 689 681 877 702 900 705 901 674 872 319 316 318 317 513 510 512 511 196 764 500 83
#ZOMPROPERTIES_04 2 835 501 287 288 853 854 200 201 852 827 824 286 843 771 842 768 205 775 204 772 209 779 208 776 21
#ZOMPROPERTIES_04 3 783 212 780 217 787 216 784 221 791 220 788 225 795 224 792 229 799 228 796 233 803 232 800 237 80
#ZOMPROPERTIES_04 7 236 804 241 811 240 808 245 815 28 27 26 25 24 23 22 21 20 19 18 17 498 14 13 1504 10 9 8 7 6 5 14
#ZOMPROPERTIES_04 25 719 936 716 821 822 254 257 941 940 989 988 987 1028 1027 992 991 1438 1437 996 995 994 947 946 1
#ZOMPROPERTIES_04 411 1410 486 489 1451 1450 1449 372 371 1343 1342 1345 1400 484 483 482 479 478 475 474 471 470 467 
#ZOMPROPERTIES_04 466 463 462 459 458 1513 1512 455 454 1470 336 339 1494 1493 1483 1482 1481 696 695 660 659 664 663 
#ZOMPROPERTIES_04 668 667 700 699 698 896 895 508 507 438 441 1301 1362 1365 1294 1297 1290 1293 1286 1289 1282 1285 1
#ZOMPROPERTIES_04 278 1281 1274 1277 1270 1273 1266 1269 1262 1265 1258 1261 1254 1257 1250 1253 1246 1249 1242 1245 1
#ZOMPROPERTIES_04 370 1373 1238 1241 1366 1369 1354 1357 1350 1353 1346 1349 1348 1347 1420 1417 263 264 1432 1429 144
#ZOMPROPERTIES_04 0 948 1430 943 944 979 980 939 1029 981 922 919 495 496 927 930 494 491 258 261 945 260 942 1431 265
#ZOMPROPERTIES_04  259 262 921 978 490 1418 920 493 492 497 255 256 938 1026 993 990 1439 949 1412 1409 487 488 1419 1
#ZOMPROPERTIES_04 352 373 374 1356 1351 375 376 1240 1367 377 340 1244 1371 341 342 1252 1247 343 344 1260 1255 345 34
#ZOMPROPERTIES_04 6 1268 1263 347 348 1276 1271 349 350 1284 1279 351 352 1292 1287 353 354 1364 1295 355 1300 1363 35
#ZOMPROPERTIES_04 6 1360 1359 1304 1303 1308 1307 1501 359 360 1312 1311 1529 361 362 1316 1315 1320 1319 1324 1323 13
#ZOMPROPERTIES_04 28 1327 1332 1331 1336 1335 1340 1339 1398 369 1338 1399 480 1341 481 368 1334 476 1337 477 1330 472
#ZOMPROPERTIES_04  367 1333 473 366 1326 468 1329 469 1322 464 365 1325 465 364 1318 460 1321 461 1314 1514 363 1317 1
#ZOMPROPERTIES_04 515 1531 456 1528 1530 457 1310 1471 1313 1472 452 451 1465 1468 894 1495 893 1492 697 892 857 856 8
#ZOMPROPERTIES_04 61 860 865 864 897 863 898 310 309 514 517 1361 516 1358 445 1305 444 1302 449 1309 448 1306 1502 45
#ZOMPROPERTIES_04 3 447 300 303 858 302 855 307 862 306 859 311 305 442 308 304 443 301 1467 891 446 1466 450 515 440 
#ZOMPROPERTIES_04 1298 439 506 509 866 666 669 662 665 658 661 694 338 337 1469 1503 1500 358 357 1299 1296 1291 1288 
#ZOMPROPERTIES_04 1283 1280 1275 1272 1267 1264 1259 1256 1251 1248 1243 1372 1239 1368 1355 929 928 378 381 379 380 1
#ZOMPROPERTIES_04 222 1225 1223 1224 382 385 383 384 386 389 387 388 390 393 391 392 394 397 395 396 398 401 399 400 4
#ZOMPROPERTIES_04 02 405 403 404 406 409 407 408 410 413 411 412 414 417 415 416 418 421 419 420 422 425 423 424 426 4
#ZOMPROPERTIES_04 29 427 428 430 433 431 432 434 437 435 436 844 847 845 846 701 1484 485 1382 1383 1385 1397 370 1344
#ZOMPROPERTIES_04  1384 1452 997 986 } } } BBoxUV box3d 0 0 0 0 0 0 BBox3D box3d 0 0 0 0 0 0 Area3D double 0 AreaUV do
#ZOMPROPERTIES_04 uble 0 IsRoot bool true TopoStable table {Selected bool false Box box3d 0 1 0 1 0 1 U int 0 V int 0 
#ZOMPROPERTIES_04 NU int 1 NV int 1 Tiling vector3d 1 1 1 TileRatioMode string "1:1" Pack table {Rotate table {Mode in
#ZOMPROPERTIES_04 t 2 Min double 0 Max double 90 Step double 0 } PaddingSize double 0.0078125 MarginSize double 0.0039
#ZOMPROPERTIES_04 0625 Resolution int 256 MapResolution int 2048 Scaling table {TexelDensity double 1024 Mode int 0 } 
#ZOMPROPERTIES_04 LayoutScalingMode int 2 MaxMutations int 1 } } IsTile bool false PolyIDs ints { } } Maps table {Dens
#ZOMPROPERTIES_04 ity table {PrimType string "Polygon" Size int 1 DefaultValue double 1 ScaleType string "Log" MergeMo
#ZOMPROPERTIES_04 de string "Average" MinValue double 0.1 MaxValue double 4 Data doubles { r 1532 1 } } Pin table {Pri
#ZOMPROPERTIES_04 mType string "Vertex" Size int 1 DefaultValue double 0 ScaleType string "Normalized" MergeMode strin
#ZOMPROPERTIES_04 g "最大" MinValue double 0 MaxValue double 1 Data doubles { r 1741 0 } } Protect table {PrimType str
#ZOMPROPERTIES_04 ing "Vertex" Size int 1 DefaultValue double 0 ScaleType string "Normalized" MergeMode string "Averag
#ZOMPROPERTIES_04 e" MinValue double -1 MaxValue double 1 Data doubles { r 1741 0 } } } } }
#ZOMPROPERTIES_04}


#ZOMSCENE_01{
#ZOMSCENE_01 CScene {Settings table {AxisSystem table {UpVector string "y" } Unit string "cm" } }
#ZOMSCENE_01}

#begin 0 fatal error vertex (that RizomUV cannot handle)
#end 0 fatal error vertex (that RizomUV cannot handle)

#begin 0 error vertex
#end 0 error vertex
