# 3ds Max Wavefront OBJ Exporter v0.97b - (c)2007 guruware
# File Created: 19.06.2025 07:51:56

mtllib 3d66.com_JFH5455539505.mtl

#
# object Obj3d66_7767235_4_511
#

#
# object 28368082_aa92_4f4f_9a06_78049c3efe5b
#

v  -5072.2979 -373.1752 -9358.0557
v  -5077.7739 -357.4130 -9361.0576
v  -5135.9219 -357.4108 -9247.3525
v  -5130.2446 -373.1731 -9244.7441
v  -5066.6650 -388.8014 -9354.9688
v  -5124.4053 -388.7994 -9242.0605
v  -5060.8643 -404.2823 -9351.7891
v  -5118.3916 -404.2803 -9239.2979
v  -5054.8848 -419.6081 -9348.5107
v  -5112.1924 -419.6062 -9236.4492
v  -5048.7139 -434.7693 -9345.1279
v  -5105.7949 -434.7675 -9233.5098
v  -5042.3408 -449.7563 -9341.6348
v  -5099.1880 -449.7545 -9230.4736
v  -5035.7534 -464.5596 -9338.0234
v  -5092.3584 -464.5579 -9227.3359
v  -5028.9404 -479.1698 -9334.2891
v  -5085.2954 -479.1682 -9224.0908
v  -5021.8901 -493.5771 -9330.4248
v  -5077.9863 -493.5756 -9220.7324
v  -5014.5908 -507.7721 -9326.4238
v  -5070.4194 -507.7706 -9217.2549
v  -5007.0317 -521.7452 -9322.2803
v  -5062.5825 -521.7438 -9213.6543
v  -4999.2002 -535.4869 -9317.9873
v  -5054.4639 -535.4856 -9209.9238
v  -4991.0859 -548.9877 -9313.5391
v  -5046.0513 -548.9863 -9206.0586
v  -4982.6763 -562.2379 -9308.9297
v  -5037.3330 -562.2366 -9202.0527
v  -4973.9604 -575.2280 -9304.1523
v  -5028.2969 -575.2266 -9197.9004
v  -4964.9263 -587.9484 -9299.2002
v  -5018.9312 -587.9471 -9193.5967
v  -5006.3853 -373.1773 -9467.0010
v  -5011.6328 -357.4151 -9470.3809
v  -5000.9878 -388.8035 -9463.5254
v  -4995.4297 -404.2842 -9459.9453
v  -4989.6992 -419.6099 -9456.2539
v  -4983.7861 -434.7710 -9452.4453
v  -4977.6792 -449.7580 -9448.5127
v  -4971.3672 -464.5613 -9444.4463
v  -4964.8384 -479.1714 -9440.2422
v  -4958.0825 -493.5787 -9435.8906
v  -4951.0884 -507.7736 -9431.3857
v  -4943.8447 -521.7467 -9426.7207
v  -4936.3408 -535.4883 -9421.8867
v  -4928.5649 -548.9890 -9416.8789
v  -4920.5068 -562.2391 -9411.6885
v  -4912.1548 -575.2292 -9406.3086
v  -4903.4980 -587.9496 -9400.7334
v  -4932.8398 -373.1793 -9571.0303
v  -4937.8320 -357.4173 -9574.7715
v  -4927.7046 -388.8054 -9567.1826
v  -4922.4170 -404.2861 -9563.2207
v  -4916.9653 -419.6117 -9559.1357
v  -4911.3398 -434.7728 -9554.9209
v  -4905.5293 -449.7597 -9550.5664
v  -4899.5244 -464.5630 -9546.0674
v  -4893.3135 -479.1730 -9541.4131
v  -4886.8862 -493.5802 -9536.5967
v  -4880.2319 -507.7751 -9531.6113
v  -4873.3408 -521.7482 -9526.4473
v  -4866.2017 -535.4897 -9521.0977
v  -4858.8037 -548.9904 -9515.5547
v  -4851.1377 -562.2405 -9509.8105
v  -4843.1919 -575.2305 -9503.8564
v  -4834.9561 -587.9508 -9497.6855
v  -4852.0327 -373.1814 -9669.6191
v  -4856.7446 -357.4195 -9673.7021
v  -4847.1860 -388.8075 -9665.4189
v  -4842.1948 -404.2881 -9661.0947
v  -4837.0498 -419.6136 -9656.6367
v  -4831.7402 -434.7746 -9652.0352
v  -4826.2563 -449.7614 -9647.2842
v  -4820.5884 -464.5646 -9642.3730
v  -4814.7266 -479.1746 -9637.2930
v  -4808.6602 -493.5818 -9632.0361
v  -4802.3799 -507.7766 -9626.5947
v  -4795.8755 -521.7496 -9620.9580
v  -4789.1372 -535.4911 -9615.1201
v  -4782.1553 -548.9917 -9609.0693
v  -4774.9194 -562.2417 -9602.7998
v  -4767.4199 -575.2317 -9596.3018
v  -4759.6465 -587.9520 -9589.5664
v  -4764.3711 -373.1835 -9762.2676
v  -4768.7793 -357.4216 -9766.6729
v  -4759.8379 -388.8095 -9757.7383
v  -4755.1689 -404.2900 -9753.0723
v  -4750.3560 -419.6155 -9748.2637
v  -4745.3892 -434.7764 -9743.2998
v  -4740.2593 -449.7632 -9738.1748
v  -4734.9570 -464.5663 -9732.8760
v  -4729.4736 -479.1762 -9727.3965
v  -4723.7988 -493.5833 -9721.7266
v  -4717.9238 -507.7781 -9715.8555
v  -4711.8398 -521.7510 -9709.7764
v  -4705.5361 -535.4924 -9703.4775
v  -4699.0054 -548.9930 -9696.9512
v  -4692.2363 -562.2430 -9690.1875
v  -4685.2212 -575.2329 -9683.1777
v  -4677.9497 -587.9532 -9675.9121
v  -4670.2988 -373.1857 -9848.5107
v  -4674.3804 -357.4239 -9853.2148
v  -4666.1011 -388.8116 -9843.6729
v  -4661.7783 -404.2921 -9838.6904
v  -4657.3213 -419.6174 -9833.5547
v  -4652.7227 -434.7783 -9828.2539
v  -4647.9727 -449.7650 -9822.7803
v  -4643.0635 -464.5681 -9817.1221
v  -4637.9858 -479.1779 -9811.2705
v  -4632.7314 -493.5849 -9805.2148
v  -4627.2915 -507.7797 -9798.9453
v  -4621.6577 -521.7525 -9792.4521
v  -4615.8213 -535.4939 -9785.7256
v  -4609.7734 -548.9943 -9778.7559
v  -4603.5063 -562.2443 -9771.5332
v  -4597.0103 -575.2341 -9764.0469
v  -4590.2773 -587.9545 -9756.2871
v  -4570.2900 -373.1877 -9927.9121
v  -4574.0244 -357.4260 -9932.8906
v  -4566.4492 -388.8135 -9922.7900
v  -4562.4937 -404.2939 -9917.5166
v  -4558.4160 -419.6193 -9912.0791
v  -4554.2080 -434.7801 -9906.4688
v  -4549.8623 -449.7667 -9900.6738
v  -4545.3701 -464.5697 -9894.6846
v  -4540.7246 -479.1795 -9888.4902
v  -4535.9165 -493.5865 -9882.0791
v  -4530.9395 -507.7812 -9875.4424
v  -4525.7842 -521.7540 -9868.5693
v  -4520.4443 -535.4954 -9861.4492
v  -4514.9111 -548.9957 -9854.0713
v  -4509.1763 -562.2456 -9846.4248
v  -4503.2329 -575.2355 -9838.5000
v  -4497.0728 -587.9556 -9830.2861
v  -4464.8496 -373.1898 -10000.0703
v  -4468.2183 -357.4282 -10005.2998
v  -4461.3848 -388.8156 -9994.6914
v  -4457.8169 -404.2958 -9989.1514
v  -4454.1387 -419.6211 -9983.4414
v  -4450.3433 -434.7819 -9977.5488
v  -4446.4229 -449.7685 -9971.4619
v  -4442.3711 -464.5714 -9965.1719
v  -4438.1802 -479.1811 -9958.6660
v  -4433.8438 -493.5881 -9951.9326
v  -4429.3540 -507.7827 -9944.9629
v  -4424.7046 -521.7555 -9937.7441
v  -4419.8877 -535.4968 -9930.2656
v  -4414.8960 -548.9972 -9922.5166
v  -4409.7236 -562.2469 -9914.4854
v  -4404.3623 -575.2367 -9906.1621
v  -4398.8057 -587.9568 -9897.5352
v  -4354.5093 -373.1919 -10064.6221
v  -4357.4951 -357.4303 -10070.0752
v  -4351.4385 -388.8176 -10059.0127
v  -4348.2759 -404.2978 -10053.2363
v  -4345.0161 -419.6230 -10047.2813
v  -4341.6519 -434.7837 -10041.1357
v  -4338.1772 -449.7702 -10034.7891
v  -4334.5859 -464.5731 -10028.2285
v  -4330.8716 -479.1827 -10021.4443
v  -4327.0278 -493.5896 -10014.4229
v  -4323.0483 -507.7842 -10007.1543
v  -4318.9272 -521.7570 -9999.6260
v  -4314.6577 -535.4982 -9991.8271
v  -4310.2339 -548.9985 -9983.7461
v  -4305.6494 -562.2482 -9975.3721
v  -4300.8975 -575.2379 -9966.6914
v  -4295.9722 -587.9580 -9957.6953
v  -4239.8262 -373.1941 -10121.2412
v  -4242.4141 -357.4325 -10126.8916
v  -4237.1650 -388.8196 -10115.4297
v  -4234.4238 -404.2998 -10109.4453
v  -4231.5981 -419.6249 -10103.2754
v  -4228.6826 -434.7855 -10096.9082
v  -4225.6709 -449.7720 -10090.3330
v  -4222.5586 -464.5748 -10083.5371
v  -4219.3394 -479.1844 -10076.5078
v  -4216.0078 -493.5912 -10069.2334
v  -4212.5586 -507.7857 -10061.7031
v  -4208.9868 -521.7584 -10053.9033
v  -4205.2866 -535.4996 -10045.8242
v  -4201.4521 -548.9998 -10037.4521
v  -4197.4785 -562.2495 -10028.7754
v  -4193.3604 -575.2392 -10019.7832
v  -4189.0918 -587.9592 -10010.4619
v  -4121.3799 -373.1961 -10169.6416
v  -4123.5562 -357.4346 -10175.4600
v  -4119.1406 -388.8217 -10163.6582
v  -4116.8354 -404.3017 -10157.4951
v  -4114.4585 -419.6268 -10151.1426
v  -4112.0059 -434.7873 -10144.5859
v  -4109.4727 -449.7737 -10137.8154
v  -4106.8545 -464.5765 -10130.8174
v  -4104.1465 -479.1860 -10123.5791
v  -4101.3442 -493.5928 -10116.0889
v  -4098.4434 -507.7872 -10108.3340
v  -4095.4385 -521.7599 -10100.3027
v  -4092.3259 -535.5010 -10091.9834
v  -4089.1008 -549.0012 -10083.3623
v  -4085.7583 -562.2509 -10074.4277
v  -4082.2939 -575.2404 -10065.1680
v  -4078.7034 -587.9604 -10055.5703
v  -3999.7668 -373.1982 -10209.5801
v  -4001.5215 -357.4368 -10215.5371
v  -3997.9622 -388.8236 -10203.4531
v  -3996.1035 -404.3037 -10197.1445
v  -3994.1875 -419.6287 -10190.6396
v  -3992.2104 -434.7891 -10183.9277
v  -3990.1685 -449.7755 -10176.9951
v  -3988.0579 -464.5782 -10169.8301
v  -3985.8748 -479.1877 -10162.4199
v  -3983.6160 -493.5944 -10154.7510
v  -3981.2773 -507.7888 -10146.8115
v  -3978.8552 -521.7614 -10138.5898
v  -3976.3462 -535.5024 -10130.0713
v  -3973.7461 -549.0026 -10121.2451
v  -3971.0518 -562.2522 -10112.0986
v  -3968.2588 -575.2418 -10102.6182
v  -3965.3643 -587.9617 -10092.7910
v  -3875.6018 -373.2003 -10240.8545
v  -3876.9255 -357.4390 -10246.9189
v  -3874.2402 -388.8256 -10234.6162
v  -3872.8379 -404.3056 -10228.1914
v  -3871.3926 -419.6305 -10221.5693
v  -3869.9009 -434.7909 -10214.7344
v  -3868.3601 -449.7773 -10207.6758
v  -3866.7678 -464.5798 -10200.3809
v  -3865.1208 -479.1892 -10192.8350
v  -3863.4167 -493.5960 -10185.0264
v  -3861.6523 -507.7903 -10176.9424
v  -3859.8250 -521.7628 -10168.5703
v  -3857.9319 -535.5038 -10159.8975
v  -3855.9705 -549.0039 -10150.9102
v  -3853.9375 -562.2535 -10141.5967
v  -3851.8308 -575.2430 -10131.9434
v  -3849.6470 -587.9629 -10121.9375
v  -3749.5112 -373.2024 -10263.3066
v  -3750.3975 -357.4412 -10269.4492
v  -3748.5996 -388.8277 -10256.9883
v  -3747.6609 -404.3076 -10250.4814
v  -3746.6931 -419.6324 -10243.7734
v  -3745.6946 -434.7928 -10236.8516
v  -3744.6631 -449.7790 -10229.7021
v  -3743.5972 -464.5815 -10222.3125
v  -3742.4944 -479.1909 -10214.6699
v  -3741.3535 -493.5974 -10206.7617
v  -3740.1724 -507.7917 -10198.5732
v  -3738.9490 -521.7642 -10190.0938
v  -3737.6816 -535.5051 -10181.3096
v  -3736.3684 -549.0052 -10172.2070
v  -3735.0076 -562.2548 -10162.7734
v  -3733.5969 -575.2443 -10152.9961
v  -3732.1350 -587.9641 -10142.8623
v  -3622.1316 -373.2044 -10276.8232
v  -3622.5759 -357.4434 -10283.0137
v  -3621.6748 -388.8297 -10270.4561
v  -3621.2041 -404.3095 -10263.9004
v  -3620.7190 -419.6343 -10257.1406
v  -3620.2185 -434.7945 -10250.1660
v  -3619.7014 -449.7806 -10242.9619
v  -3619.1670 -464.5831 -10235.5166
v  -3618.6143 -479.1924 -10227.8154
v  -3618.0425 -493.5990 -10219.8467
v  -3617.4504 -507.7932 -10211.5957
v  -3616.8372 -521.7656 -10203.0518
v  -3616.2019 -535.5065 -10194.2002
v  -3615.5435 -549.0066 -10185.0283
v  -3614.8613 -562.2561 -10175.5225
v  -3614.1543 -575.2455 -10165.6709
v  -3613.4214 -587.9653 -10155.4600
v  -3494.1060 -373.2065 -10281.3359
v  -3494.1060 -357.4456 -10287.5420
v  -3494.1060 -388.8317 -10274.9531
v  -3494.1060 -404.3114 -10268.3809
v  -3494.1060 -419.6362 -10261.6045
v  -3494.1060 -434.7963 -10254.6113
v  -3494.1060 -449.7824 -10247.3896
v  -3494.1060 -464.5848 -10239.9248
v  -3494.1060 -479.1941 -10232.2051
v  -3494.1060 -493.6006 -10224.2148
v  -3494.1060 -507.7948 -10215.9443
v  -3494.1060 -521.7671 -10207.3789
v  -3494.1060 -535.5079 -10198.5039
v  -3494.1060 -549.0079 -10189.3086
v  -3494.1060 -562.2574 -10179.7793
v  -3494.1060 -575.2468 -10169.9023
v  -3494.1060 -587.9665 -10159.6660
v  -4767.6904 -747.0110 -9191.0850
v  -4783.3853 -739.9037 -9199.6875
v  -4830.7246 -739.9031 -9107.1191
v  -4814.4531 -747.0103 -9099.6436
v  -4714.4990 -747.0115 -9279.0029
v  -4729.5391 -739.9042 -9288.6895
v  -4655.1484 -747.0121 -9362.9531
v  -4669.4570 -739.9048 -9373.6748
v  -4589.9385 -747.0128 -9442.5127
v  -4603.4429 -739.9055 -9454.2148
v  -4519.1968 -747.0134 -9517.2793
v  -4531.8296 -739.9062 -9529.9023
v  -4443.2813 -747.0140 -9586.8760
v  -4454.9785 -739.9069 -9600.3574
v  -4362.5752 -747.0146 -9650.9521
v  -4373.2778 -739.9075 -9665.2227
v  -4277.4858 -747.0153 -9709.1836
v  -4287.1401 -739.9082 -9724.1719
v  -4188.4424 -747.0159 -9761.2754
v  -4196.9990 -739.9089 -9776.9063
v  -4095.8943 -747.0166 -9806.9668
v  -4103.3105 -739.9095 -9823.1602
v  -4000.3091 -747.0173 -9846.0254
v  -4006.5474 -739.9103 -9862.7002
v  -3902.1689 -747.0179 -9878.2559
v  -3907.1978 -739.9109 -9895.3281
v  -3801.9690 -747.0186 -9903.4932
v  -3805.7632 -739.9116 -9920.8770
v  -3700.2153 -747.0192 -9921.6123
v  -3702.7554 -739.9122 -9939.2188
v  -3597.4214 -747.0198 -9932.5195
v  -3598.6946 -739.9129 -9950.2607
v  -3494.1060 -747.0204 -9936.1621
v  -3494.1060 -739.9136 -9953.9473
v  -4798.5776 -732.3740 -9208.0156
v  -4846.4746 -732.3733 -9114.3564
v  -4744.0967 -732.3745 -9298.0654
v  -4683.3066 -732.3752 -9384.0527
v  -4616.5146 -732.3759 -9465.5420
v  -4544.0576 -732.3766 -9542.1211
v  -4466.3013 -732.3773 -9613.4063
v  -4383.6377 -732.3781 -9679.0361
v  -4296.4849 -732.3787 -9738.6797
v  -4205.2817 -732.3794 -9792.0352
v  -4110.4893 -732.3801 -9838.8350
v  -4012.5859 -732.3808 -9878.8408
v  -3912.0654 -732.3815 -9911.8525
v  -3809.4355 -732.3821 -9937.7021
v  -3705.2139 -732.3829 -9956.2607
v  -3599.9270 -732.3835 -9967.4326
v  -3494.1060 -732.3843 -9971.1631
v  -4813.2783 -724.4313 -9216.0732
v  -4861.7148 -724.4305 -9121.3594
v  -4758.1836 -724.4319 -9307.1387
v  -4696.7085 -724.4326 -9394.0947
v  -4629.1641 -724.4333 -9476.5020
v  -4555.8901 -724.4341 -9553.9453
v  -4477.2573 -724.4348 -9626.0332
v  -4393.6621 -724.4355 -9692.4023
v  -4305.5269 -724.4363 -9752.7178
v  -4213.2964 -724.4370 -9806.6748
v  -4117.4355 -724.4376 -9854.0020
v  -4018.4287 -724.4384 -9894.4590
v  -3916.7756 -724.4392 -9927.8428
v  -3812.9890 -724.4399 -9953.9834
v  -3707.5930 -724.4406 -9972.7510
v  -3601.1196 -724.4413 -9984.0488
v  -3494.1060 -724.4421 -9987.8213
v  -4827.4990 -716.0853 -9223.8691
v  -4876.4580 -716.0845 -9128.1328
v  -4771.8105 -716.0859 -9315.9160
v  -4709.6729 -716.0867 -9403.8086
v  -4641.3999 -716.0874 -9487.1045
v  -4567.3364 -716.0882 -9565.3828
v  -4487.8560 -716.0889 -9638.2480
v  -4403.3599 -716.0897 -9705.3330
v  -4314.2744 -716.0905 -9766.2988
v  -4221.0493 -716.0912 -9820.8369
v  -4124.1553 -716.0920 -9868.6738
v  -4024.0811 -716.0928 -9909.5674
v  -3921.3320 -716.0936 -9943.3105
v  -3816.4268 -716.0943 -9969.7334
v  -3709.8945 -716.0950 -9988.7031
v  -3602.2732 -716.0958 -10000.1230
v  -3494.1060 -716.0966 -10003.9365
v  -4841.2520 -707.3455 -9231.4072
v  -4890.7153 -707.3447 -9134.6846
v  -4784.9883 -707.3462 -9324.4033
v  -4722.2100 -707.3469 -9413.2031
v  -4653.2329 -707.3478 -9497.3584
v  -4578.4058 -707.3485 -9576.4434
v  -4498.1055 -707.3493 -9650.0605
v  -4412.7378 -707.3501 -9717.8369
v  -4322.7334 -707.3510 -9779.4316
v  -4228.5469 -707.3516 -9834.5332
v  -4130.6533 -707.3525 -9882.8633
v  -4029.5471 -707.3533 -9924.1777
v  -3925.7383 -707.3541 -9958.2695
v  -3819.7510 -707.3549 -9984.9648
v  -3712.1201 -707.3556 -10004.1299
v  -3603.3889 -707.3564 -10015.6680
v  -3494.1060 -707.3572 -10019.5205
v  -4854.5479 -698.2214 -9238.6953
v  -4904.4995 -698.2206 -9141.0176
v  -4797.7290 -698.2222 -9332.6094
v  -4734.3311 -698.2230 -9422.2852
v  -4664.6733 -698.2238 -9507.2705
v  -4589.1074 -698.2246 -9587.1367
v  -4508.0146 -698.2254 -9661.4805
v  -4421.8042 -698.2263 -9729.9258
v  -4330.9116 -698.2271 -9792.1289
v  -4235.7954 -698.2278 -9847.7734
v  -4136.9360 -698.2288 -9896.5811
v  -4034.8318 -698.2296 -9938.3037
v  -3929.9985 -698.2303 -9972.7314
v  -3822.9651 -698.2312 -9999.6904
v  -3714.2717 -698.2320 -10019.0449
v  -3604.4673 -698.2329 -10030.6963
v  -3494.1060 -698.2337 -10034.5869
v  -4867.3979 -688.7226 -9245.7393
v  -4917.8223 -688.7218 -9147.1396
v  -4810.0430 -688.7234 -9340.5410
v  -4746.0459 -688.7242 -9431.0635
v  -4675.7305 -688.7252 -9516.8516
v  -4599.4507 -688.7260 -9597.4727
v  -4517.5918 -688.7268 -9672.5176
v  -4430.5674 -688.7277 -9741.6104
v  -4338.8164 -688.7286 -9804.4004
v  -4242.8013 -688.7294 -9860.5713
v  -4143.0078 -688.7303 -9909.8389
v  -4039.9395 -688.7311 -9951.9561
v  -3934.1160 -688.7320 -9986.7090
v  -3826.0715 -688.7329 -10013.9229
v  -3716.3516 -688.7338 -10033.4600
v  -3605.5098 -688.7346 -10045.2217
v  -3494.1060 -688.7355 -10049.1494
v  -4879.8154 -678.8586 -9252.5459
v  -4930.6948 -678.8579 -9153.0537
v  -4821.9414 -678.8596 -9348.2041
v  -4757.3657 -678.8605 -9439.5459
v  -4686.4141 -678.8613 -9526.1094
v  -4609.4448 -678.8622 -9607.4590
v  -4526.8457 -678.8632 -9683.1836
v  -4439.0342 -678.8640 -9752.9004
v  -4346.4536 -678.8649 -9816.2578
v  -4249.5708 -678.8658 -9872.9365
v  -4148.8750 -678.8667 -9922.6504
v  -4044.8748 -678.8676 -9965.1475
v  -3938.0942 -678.8685 -10000.2148
v  -3829.0730 -678.8694 -10027.6748
v  -3718.3611 -678.8702 -10047.3887
v  -3606.5171 -678.8712 -10059.2568
v  -3494.1060 -678.8721 -10063.2197
v  -4891.8101 -668.6392 -9259.1211
v  -4943.1299 -668.6384 -9158.7676
v  -4833.4355 -668.6401 -9355.6074
v  -4768.3008 -668.6411 -9447.7393
v  -4696.7354 -668.6420 -9535.0527
v  -4619.0996 -668.6429 -9617.1064
v  -4535.7856 -668.6439 -9693.4863
v  -4447.2139 -668.6448 -9763.8066
v  -4353.8320 -668.6457 -9827.7119
v  -4256.1104 -668.6466 -9884.8818
v  -4154.5430 -668.6475 -9935.0254
v  -4049.6423 -668.6484 -9977.8916
v  -3941.9375 -668.6495 -10013.2617
v  -3831.9727 -668.6504 -10040.9600
v  -3720.3022 -668.6512 -10060.8438
v  -3607.4902 -668.6522 -10072.8145
v  -3494.1060 -668.6531 -10076.8125
v  -4903.3945 -658.0737 -9265.4707
v  -4955.1401 -658.0729 -9164.2861
v  -4844.5361 -658.0746 -9362.7568
v  -4778.8613 -658.0756 -9455.6523
v  -4706.7026 -658.0765 -9543.6895
v  -4628.4238 -658.0775 -9626.4238
v  -4544.4189 -658.0784 -9703.4355
v  -4455.1133 -658.0794 -9774.3389
v  -4360.9575 -658.0804 -9838.7754
v  -4262.4258 -658.0813 -9896.4180
v  -4160.0171 -658.0823 -9946.9775
v  -4054.2466 -658.0833 -9990.1992
v  -3945.6494 -658.0844 -10025.8623
v  -3834.7729 -658.0852 -10053.7900
v  -3722.1770 -658.0862 -10073.8389
v  -3608.4299 -658.0872 -10085.9092
v  -3494.1060 -658.0881 -10089.9395
v  -4914.5796 -647.1716 -9271.6025
v  -4966.7363 -647.1708 -9169.6143
v  -4855.2539 -647.1726 -9369.6602
v  -4789.0586 -647.1736 -9463.2939
v  -4716.3271 -647.1746 -9552.0293
v  -4637.4263 -647.1757 -9635.4189
v  -4552.7554 -647.1766 -9713.0430
v  -4462.7407 -647.1776 -9784.5088
v  -4367.8374 -647.1786 -9849.4561
v  -4268.5239 -647.1796 -9907.5576
v  -4165.3022 -647.1806 -9958.5176
v  -4058.6924 -647.1816 -10002.0820
v  -3949.2332 -647.1826 -10038.0293
v  -3837.4768 -647.1837 -10066.1777
v  -3723.9871 -647.1847 -10086.3857
v  -3609.3374 -647.1857 -10098.5518
v  -3494.1060 -647.1866 -10102.6143
v  -4925.3779 -635.9427 -9277.5215
v  -4977.9302 -635.9417 -9174.7578
v  -4865.6011 -635.9437 -9376.3252
v  -4798.9023 -635.9448 -9470.6699
v  -4725.6177 -635.9457 -9560.0801
v  -4646.1172 -635.9468 -9644.1035
v  -4560.8027 -635.9478 -9722.3184
v  -4470.1040 -635.9489 -9794.3271
v  -4374.4795 -635.9499 -9859.7676
v  -4274.4111 -635.9509 -9918.3105
v  -4170.4043 -635.9520 -9969.6582
v  -4062.9841 -635.9530 -10013.5537
v  -3952.6929 -635.9542 -10049.7744
v  -3840.0869 -635.9552 -10078.1367
v  -3725.7346 -635.9562 -10098.4990
v  -3610.2131 -635.9573 -10110.7568
v  -3494.1060 -635.9583 -10114.8496
v  -4935.7998 -624.3963 -9283.2344
v  -4988.7354 -624.3953 -9179.7227
v  -4875.5879 -624.3975 -9382.7568
v  -4808.4033 -624.3984 -9477.7891
v  -4734.5854 -624.3995 -9567.8496
v  -4654.5059 -624.4006 -9652.4863
v  -4568.5703 -624.4017 -9731.2695
v  -4477.2109 -624.4028 -9803.8027
v  -4380.8901 -624.4038 -9869.7207
v  -4280.0928 -624.4049 -9928.6895
v  -4175.3291 -624.4059 -9980.4111
v  -4067.1265 -624.4070 -10024.6260
v  -3956.0322 -624.4082 -10061.1104
v  -3842.6062 -624.4093 -10089.6797
v  -3727.4211 -624.4103 -10110.1895
v  -3611.0586 -624.4114 -10122.5371
v  -3494.1060 -624.4124 -10126.6602
v  -4945.8574 -612.5421 -9288.7471
v  -4999.1621 -612.5410 -9184.5137
v  -4885.2256 -612.5432 -9388.9648
v  -4817.5723 -612.5444 -9484.6592
v  -4743.2393 -612.5455 -9575.3486
v  -4662.6016 -612.5465 -9660.5752
v  -4576.0659 -612.5477 -9739.9082
v  -4484.0693 -612.5488 -9812.9482
v  -4387.0762 -612.5499 -9879.3252
v  -4285.5762 -612.5510 -9938.7051
v  -4180.0815 -612.5522 -9990.7881
v  -4071.1240 -612.5533 -10035.3115
v  -3959.2546 -612.5544 -10072.0498
v  -3845.0374 -612.5555 -10100.8184
v  -3729.0488 -612.5566 -10121.4717
v  -3611.8745 -612.5578 -10133.9053
v  -3494.1060 -612.5589 -10138.0576
v  -4955.5625 -600.3896 -9294.0674
v  -5009.2236 -600.3885 -9189.1367
v  -4894.5254 -600.3907 -9394.9541
v  -4826.4199 -600.3920 -9491.2891
v  -4751.5898 -600.3931 -9582.5850
v  -4670.4131 -600.3943 -9668.3809
v  -4583.2988 -600.3954 -9748.2441
v  -4490.6875 -600.3965 -9821.7725
v  -4393.0459 -600.3977 -9888.5928
v  -4290.8672 -600.3989 -9948.3701
v  -4184.6670 -600.4000 -10000.8008
v  -4074.9817 -600.4012 -10045.6221
v  -3962.3643 -600.4025 -10082.6064
v  -3847.3833 -600.4036 -10111.5674
v  -3730.6196 -600.4048 -10132.3584
v  -3612.6619 -600.4059 -10144.8750
v  -3494.1060 -600.4070 -10149.0547
v  -2204.8262 -739.9236 -9199.6885
v  -2220.5215 -747.0301 -9191.0850
v  -2173.7588 -747.0307 -9099.6436
v  -2157.4871 -739.9243 -9107.1201
v  -2189.6338 -732.3948 -9208.0156
v  -2141.7368 -732.3954 -9114.3564
v  -2174.9331 -724.4530 -9216.0742
v  -2126.4966 -724.4537 -9121.3594
v  -2160.7124 -716.1080 -9223.8691
v  -2111.7534 -716.1086 -9128.1338
v  -2146.9597 -707.3691 -9231.4082
v  -2097.4961 -707.3699 -9134.6846
v  -2133.6638 -698.2458 -9238.6963
v  -2083.7119 -698.2468 -9141.0186
v  -2120.8135 -688.7482 -9245.7402
v  -2070.3894 -688.7491 -9147.1396
v  -2108.3965 -678.8853 -9252.5459
v  -2057.5166 -678.8862 -9153.0547
v  -2096.4014 -668.6669 -9259.1211
v  -2045.0811 -668.6679 -9158.7686
v  -2084.8169 -658.1025 -9265.4717
v  -2033.0714 -658.1035 -9164.2861
v  -2073.6316 -647.2015 -9271.6025
v  -2021.4755 -647.2027 -9169.6152
v  -2062.8340 -635.9738 -9277.5215
v  -2010.2811 -635.9749 -9174.7588
v  -2052.4116 -624.4285 -9283.2344
v  -1999.4763 -624.4298 -9179.7227
v  -2042.3539 -612.5756 -9288.7471
v  -1989.0492 -612.5769 -9184.5137
v  -2032.6488 -600.4244 -9294.0674
v  -1978.9877 -600.4257 -9189.1367
v  -2023.2850 -587.9846 -9299.2002
v  -1969.2802 -587.9857 -9193.5977
v  -2258.6726 -739.9229 -9288.6895
v  -2273.7124 -747.0293 -9279.0029
v  -2244.1147 -732.3940 -9298.0664
v  -2230.0281 -724.4521 -9307.1387
v  -2216.4011 -716.1071 -9315.9160
v  -2203.2229 -707.3682 -9324.4033
v  -2190.4824 -698.2451 -9332.6094
v  -2178.1685 -688.7473 -9340.5410
v  -2166.2700 -678.8845 -9348.2041
v  -2154.7759 -668.6660 -9355.6074
v  -2143.6758 -658.1014 -9362.7568
v  -2132.9575 -647.2006 -9369.6611
v  -2122.6104 -635.9728 -9376.3252
v  -2112.6235 -624.4276 -9382.7568
v  -2102.9858 -612.5746 -9388.9648
v  -2093.6860 -600.4233 -9394.9541
v  -2084.7134 -587.9834 -9400.7334
v  -2318.7544 -739.9222 -9373.6748
v  -2333.0630 -747.0287 -9362.9531
v  -2304.9048 -732.3932 -9384.0527
v  -2291.5029 -724.4515 -9394.0947
v  -2278.5391 -716.1063 -9403.8086
v  -2266.0015 -707.3674 -9413.2031
v  -2253.8806 -698.2443 -9422.2852
v  -2242.1655 -688.7465 -9431.0635
v  -2230.8462 -678.8835 -9439.5459
v  -2219.9111 -668.6651 -9447.7393
v  -2209.3501 -658.1006 -9455.6533
v  -2199.1533 -647.1995 -9463.2939
v  -2189.3096 -635.9717 -9470.6699
v  -2179.8083 -624.4265 -9477.7891
v  -2170.6392 -612.5734 -9484.6592
v  -2161.7917 -600.4222 -9491.2891
v  -2153.2554 -587.9822 -9497.6855
v  -2384.7688 -739.9215 -9454.2148
v  -2398.2737 -747.0281 -9442.5127
v  -2371.6968 -732.3926 -9465.5420
v  -2359.0481 -724.4507 -9476.5020
v  -2346.8118 -716.1055 -9487.1045
v  -2334.9785 -707.3666 -9497.3584
v  -2323.5386 -698.2435 -9507.2705
v  -2312.4814 -688.7457 -9516.8516
v  -2301.7974 -678.8827 -9526.1094
v  -2291.4766 -668.6641 -9535.0527
v  -2281.5093 -658.0995 -9543.6895
v  -2271.8848 -647.1986 -9552.0293
v  -2262.5940 -635.9707 -9560.0801
v  -2253.6265 -624.4254 -9567.8496
v  -2244.9724 -612.5723 -9575.3486
v  -2236.6218 -600.4210 -9582.5850
v  -2228.5649 -587.9810 -9589.5664
v  -2456.3823 -739.9209 -9529.9033
v  -2469.0151 -747.0275 -9517.2803
v  -2444.1543 -732.3919 -9542.1221
v  -2432.3218 -724.4500 -9553.9453
v  -2420.8755 -716.1048 -9565.3828
v  -2409.8064 -707.3658 -9576.4434
v  -2399.1045 -698.2426 -9587.1367
v  -2388.7612 -688.7448 -9597.4727
v  -2378.7671 -678.8817 -9607.4590
v  -2369.1125 -668.6632 -9617.1064
v  -2359.7883 -658.0986 -9626.4229
v  -2350.7854 -647.1976 -9635.4189
v  -2342.0942 -635.9696 -9644.1035
v  -2333.7056 -624.4243 -9652.4863
v  -2325.6104 -612.5712 -9660.5752
v  -2317.7988 -600.4199 -9668.3809
v  -2310.2620 -587.9797 -9675.9121
v  -2533.2329 -739.9202 -9600.3574
v  -2544.9307 -747.0269 -9586.8770
v  -2521.9106 -732.3912 -9613.4063
v  -2510.9546 -724.4493 -9626.0332
v  -2500.3560 -716.1041 -9638.2480
v  -2490.1064 -707.3651 -9650.0605
v  -2480.1973 -698.2418 -9661.4805
v  -2470.6201 -688.7440 -9672.5186
v  -2461.3660 -678.8809 -9683.1836
v  -2452.4265 -668.6623 -9693.4863
v  -2443.7927 -658.0977 -9703.4355
v  -2435.4565 -647.1966 -9713.0430
v  -2427.4092 -635.9686 -9722.3184
v  -2419.6416 -624.4232 -9731.2695
v  -2412.1460 -612.5701 -9739.9082
v  -2404.9128 -600.4187 -9748.2441
v  -2397.9341 -587.9786 -9756.2871
v  -2614.9341 -739.9196 -9665.2227
v  -2625.6367 -747.0262 -9650.9521
v  -2604.5742 -732.3905 -9679.0361
v  -2594.5498 -724.4485 -9692.4023
v  -2584.8523 -716.1033 -9705.3330
v  -2575.4744 -707.3643 -9717.8369
v  -2566.4077 -698.2410 -9729.9268
v  -2557.6448 -688.7430 -9741.6104
v  -2549.1775 -678.8801 -9752.9004
v  -2540.9980 -668.6614 -9763.8066
v  -2533.0986 -658.0967 -9774.3389
v  -2525.4709 -647.1956 -9784.5098
v  -2518.1079 -635.9676 -9794.3271
v  -2511.0007 -624.4222 -9803.8037
v  -2504.1423 -612.5690 -9812.9482
v  -2497.5244 -600.4174 -9821.7725
v  -2491.1392 -587.9774 -9830.2861
v  -2701.0720 -739.9189 -9724.1719
v  -2710.7261 -747.0255 -9709.1836
v  -2691.7273 -732.3898 -9738.6797
v  -2682.6851 -724.4479 -9752.7188
v  -2673.9375 -716.1026 -9766.2988
v  -2665.4785 -707.3635 -9779.4316
v  -2657.3003 -698.2402 -9792.1289
v  -2649.3960 -688.7422 -9804.4004
v  -2641.7581 -678.8792 -9816.2578
v  -2634.3799 -668.6605 -9827.7129
v  -2627.2546 -658.0958 -9838.7754
v  -2620.3745 -647.1946 -9849.4570
v  -2613.7327 -635.9666 -9859.7676
v  -2607.3220 -624.4211 -9869.7207
v  -2601.1355 -612.5679 -9879.3252
v  -2595.1660 -600.4163 -9888.5938
v  -2589.4063 -587.9761 -9897.5352
v  -2791.2129 -739.9183 -9776.9063
v  -2799.7695 -747.0249 -9761.2764
v  -2782.9302 -732.3892 -9792.0352
v  -2774.9158 -724.4471 -9806.6758
v  -2767.1626 -716.1019 -9820.8379
v  -2759.6650 -707.3627 -9834.5332
v  -2752.4163 -698.2394 -9847.7734
v  -2745.4104 -688.7414 -9860.5713
v  -2738.6409 -678.8782 -9872.9365
v  -2732.1016 -668.6595 -9884.8818
v  -2725.7856 -658.0948 -9896.4180
v  -2719.6877 -647.1936 -9907.5576
v  -2713.8010 -635.9655 -9918.3105
v  -2708.1189 -624.4200 -9928.6895
v  -2702.6357 -612.5668 -9938.7051
v  -2697.3447 -600.4152 -9948.3701
v  -2692.2397 -587.9750 -9957.6953
v  -2884.9014 -739.9176 -9823.1602
v  -2892.3176 -747.0242 -9806.9668
v  -2877.7227 -732.3884 -9838.8350
v  -2870.7764 -724.4464 -9854.0020
v  -2864.0566 -716.1011 -9868.6738
v  -2857.5586 -707.3619 -9882.8633
v  -2851.2759 -698.2386 -9896.5811
v  -2845.2036 -688.7405 -9909.8398
v  -2839.3364 -678.8774 -9922.6504
v  -2833.6687 -668.6587 -9935.0254
v  -2828.1948 -658.0939 -9946.9775
v  -2822.9097 -647.1926 -9958.5176
v  -2817.8076 -635.9645 -9969.6582
v  -2812.8828 -624.4189 -9980.4121
v  -2808.1304 -612.5656 -9990.7881
v  -2803.5447 -600.4141 -10000.8018
v  -2799.1201 -587.9738 -10010.4629
v  -2981.6646 -739.9169 -9862.7012
v  -2987.9028 -747.0236 -9846.0264
v  -2975.6260 -732.3877 -9878.8408
v  -2969.7832 -724.4457 -9894.4590
v  -2964.1309 -716.1003 -9909.5674
v  -2958.6646 -707.3611 -9924.1777
v  -2953.3799 -698.2377 -9938.3037
v  -2948.2725 -688.7396 -9951.9561
v  -2943.3372 -678.8765 -9965.1475
v  -2938.5696 -668.6578 -9977.8916
v  -2933.9651 -658.0930 -9990.1992
v  -2929.5195 -647.1917 -10002.0820
v  -2925.2275 -635.9634 -10013.5537
v  -2921.0852 -624.4179 -10024.6260
v  -2917.0876 -612.5645 -10035.3115
v  -2913.2302 -600.4128 -10045.6221
v  -2909.5085 -587.9725 -10055.5703
v  -3081.0142 -739.9163 -9895.3281
v  -3086.0430 -747.0229 -9878.2559
v  -3076.1465 -732.3870 -9911.8525
v  -3071.4363 -724.4449 -9927.8428
v  -3066.8799 -716.0995 -9943.3105
v  -3062.4734 -707.3604 -9958.2695
v  -3058.2134 -698.2369 -9972.7314
v  -3054.0959 -688.7388 -9986.7090
v  -3050.1174 -678.8756 -10000.2148
v  -3046.2742 -668.6567 -10013.2627
v  -3042.5625 -658.0919 -10025.8623
v  -3038.9788 -647.1906 -10038.0293
v  -3035.5190 -635.9623 -10049.7734
v  -3032.1797 -624.4168 -10061.1104
v  -3028.9573 -612.5634 -10072.0498
v  -3025.8477 -600.4116 -10082.6064
v  -3022.8474 -587.9713 -10092.7910
v  -3182.4487 -739.9156 -9920.8770
v  -3186.2429 -747.0223 -9903.4941
v  -3178.7764 -732.3863 -9937.7021
v  -3175.2229 -724.4443 -9953.9834
v  -3171.7852 -716.0988 -9969.7334
v  -3168.4609 -707.3596 -9984.9648
v  -3165.2468 -698.2361 -9999.6904
v  -3162.1404 -688.7379 -10013.9229
v  -3159.1389 -678.8748 -10027.6748
v  -3156.2393 -668.6559 -10040.9600
v  -3153.4390 -658.0909 -10053.7900
v  -3150.7354 -647.1896 -10066.1777
v  -3148.1250 -635.9613 -10078.1367
v  -3145.6057 -624.4156 -10089.6797
v  -3143.1743 -612.5623 -10100.8184
v  -3140.8284 -600.4105 -10111.5674
v  -3138.5649 -587.9701 -10121.9375
v  -3285.4565 -739.9149 -9939.2188
v  -3287.9966 -747.0217 -9921.6123
v  -3282.9978 -732.3856 -9956.2607
v  -3280.6187 -724.4435 -9972.7510
v  -3278.3174 -716.0980 -9988.7031
v  -3276.0918 -707.3588 -10004.1299
v  -3273.9399 -698.2352 -10019.0449
v  -3271.8604 -688.7371 -10033.4600
v  -3269.8508 -678.8738 -10047.3887
v  -3267.9097 -668.6550 -10060.8438
v  -3266.0349 -658.0900 -10073.8389
v  -3264.2246 -647.1886 -10086.3857
v  -3262.4773 -635.9603 -10098.4980
v  -3260.7905 -624.4147 -10110.1895
v  -3259.1628 -612.5612 -10121.4717
v  -3257.5923 -600.4094 -10132.3584
v  -3256.0769 -587.9689 -10142.8623
v  -3389.5173 -739.9142 -9950.2607
v  -3390.7905 -747.0211 -9932.5195
v  -3388.2849 -732.3849 -9967.4326
v  -3387.0923 -724.4428 -9984.0488
v  -3385.9387 -716.0973 -10000.1230
v  -3384.8230 -707.3580 -10015.6680
v  -3383.7444 -698.2344 -10030.6963
v  -3382.7019 -688.7362 -10045.2217
v  -3381.6946 -678.8729 -10059.2568
v  -3380.7217 -668.6539 -10072.8145
v  -3379.7820 -658.0890 -10085.9092
v  -3378.8745 -647.1877 -10098.5518
v  -3377.9985 -635.9593 -10110.7568
v  -3377.1531 -624.4136 -10122.5371
v  -3376.3372 -612.5601 -10133.9053
v  -3375.5498 -600.4082 -10144.8750
v  -3374.7903 -587.9677 -10155.4600
v  -1910.4370 -357.4781 -9361.0576
v  -1915.9138 -373.2381 -9358.0557
v  -1857.9663 -373.2401 -9244.7441
v  -1852.2888 -357.4803 -9247.3525
v  -1976.5786 -357.4759 -9470.3818
v  -1981.8264 -373.2360 -9467.0010
v  -2050.3794 -357.4737 -9574.7715
v  -2055.3721 -373.2338 -9571.0303
v  -2131.4673 -357.4715 -9673.7021
v  -2136.1792 -373.2318 -9669.6191
v  -2219.4324 -357.4693 -9766.6729
v  -2223.8403 -373.2296 -9762.2676
v  -2313.8311 -357.4672 -9853.2148
v  -2317.9126 -373.2275 -9848.5107
v  -2414.1873 -357.4650 -9932.8906
v  -2417.9214 -373.2254 -9927.9121
v  -2519.9937 -357.4629 -10005.2998
v  -2523.3623 -373.2233 -10000.0703
v  -2630.7170 -357.4607 -10070.0752
v  -2633.7026 -373.2213 -10064.6221
v  -2745.7979 -357.4586 -10126.8916
v  -2748.3855 -373.2192 -10121.2412
v  -2864.6558 -357.4564 -10175.4600
v  -2866.8323 -373.2171 -10169.6416
v  -2986.6904 -357.4542 -10215.5371
v  -2988.4451 -373.2149 -10209.5801
v  -3111.2861 -357.4521 -10246.9199
v  -3112.6101 -373.2129 -10240.8545
v  -3237.8142 -357.4499 -10269.4492
v  -3238.7004 -373.2108 -10263.3066
v  -3365.6357 -357.4478 -10283.0137
v  -3366.0801 -373.2087 -10276.8232
v  -1921.5461 -388.8621 -9354.9688
v  -1863.8057 -388.8641 -9242.0615
v  -1987.2238 -388.8601 -9463.5254
v  -2060.5068 -388.8580 -9567.1836
v  -2141.0256 -388.8560 -9665.4189
v  -2228.3740 -388.8539 -9757.7373
v  -2322.1106 -388.8519 -9843.6729
v  -2421.7627 -388.8499 -9922.7900
v  -2526.8269 -388.8480 -9994.6914
v  -2636.7734 -388.8459 -10059.0127
v  -2751.0471 -388.8439 -10115.4297
v  -2869.0713 -388.8419 -10163.6582
v  -2990.2498 -388.8398 -10203.4531
v  -3113.9717 -388.8378 -10234.6162
v  -3239.6121 -388.8358 -10256.9883
v  -3366.5371 -388.8338 -10270.4561
v  -1927.3468 -404.3407 -9351.7891
v  -1869.8193 -404.3427 -9239.2979
v  -1992.7819 -404.3387 -9459.9453
v  -2065.7949 -404.3367 -9563.2207
v  -2146.0166 -404.3348 -9661.0947
v  -2233.0425 -404.3329 -9753.0723
v  -2326.4336 -404.3310 -9838.6904
v  -2425.7180 -404.3291 -9917.5166
v  -2530.3948 -404.3271 -9989.1523
v  -2639.9358 -404.3252 -10053.2363
v  -2753.7878 -404.3232 -10109.4453
v  -2871.3767 -404.3213 -10157.4951
v  -2992.1084 -404.3192 -10197.1445
v  -3115.3738 -404.3173 -10228.1914
v  -3240.5508 -404.3154 -10250.4814
v  -3367.0076 -404.3134 -10263.9004
v  -1933.3265 -419.6644 -9348.5107
v  -1876.0186 -419.6664 -9236.4492
v  -1998.5121 -419.6625 -9456.2549
v  -2071.2463 -419.6606 -9559.1357
v  -2151.1619 -419.6587 -9656.6357
v  -2237.8555 -419.6569 -9748.2627
v  -2330.8901 -419.6550 -9833.5547
v  -2429.7957 -419.6532 -9912.0791
v  -2534.0730 -419.6513 -9983.4414
v  -2643.1958 -419.6494 -10047.2813
v  -2756.6133 -419.6475 -10103.2754
v  -2873.7534 -419.6456 -10151.1426
v  -2994.0244 -419.6437 -10190.6396
v  -3116.8193 -419.6418 -10221.5684
v  -3241.5186 -419.6400 -10243.7734
v  -3367.4927 -419.6381 -10257.1406
v  -1939.4974 -434.8236 -9345.1289
v  -1882.4159 -434.8254 -9233.5098
v  -2004.4252 -434.8218 -9452.4463
v  -2076.8718 -434.8199 -9554.9209
v  -2156.4714 -434.8181 -9652.0352
v  -2242.8225 -434.8163 -9743.2998
v  -2335.4893 -434.8146 -9828.2539
v  -2434.0037 -434.8127 -9906.4688
v  -2537.8687 -434.8110 -9977.5488
v  -2646.5601 -434.8091 -10041.1357
v  -2759.5293 -434.8073 -10096.9092
v  -2876.2061 -434.8055 -10144.5859
v  -2996.0015 -434.8036 -10183.9277
v  -3118.3110 -434.8018 -10214.7344
v  -3242.5171 -434.8000 -10236.8516
v  -3367.9932 -434.7982 -10250.1660
v  -1945.8707 -449.8087 -9341.6348
v  -1889.0233 -449.8104 -9230.4746
v  -2010.5322 -449.8070 -9448.5127
v  -2082.6821 -449.8052 -9550.5674
v  -2161.9551 -449.8035 -9647.2832
v  -2247.9521 -449.8017 -9738.1738
v  -2340.2390 -449.8000 -9822.7803
v  -2438.3496 -449.7982 -9900.6738
v  -2541.7888 -449.7965 -9971.4629
v  -2650.0347 -449.7948 -10034.7891
v  -2762.5405 -449.7930 -10090.3330
v  -2878.7393 -449.7913 -10137.8154
v  -2998.0435 -449.7895 -10176.9961
v  -3119.8516 -449.7877 -10207.6758
v  -3243.5486 -449.7859 -10229.7021
v  -3368.5103 -449.7841 -10242.9619
v  -1952.4580 -464.6102 -9338.0244
v  -1895.8524 -464.6119 -9227.3359
v  -2016.8445 -464.6085 -9444.4473
v  -2088.6870 -464.6068 -9546.0674
v  -2167.6233 -464.6051 -9642.3721
v  -2253.2544 -464.6035 -9732.8760
v  -2345.1484 -464.6018 -9817.1221
v  -2442.8416 -464.6001 -9894.6846
v  -2545.8408 -464.5984 -9965.1719
v  -2653.6260 -464.5967 -10028.2295
v  -2765.6533 -464.5950 -10083.5371
v  -2881.3574 -464.5934 -10130.8174
v  -3000.1543 -464.5916 -10169.8301
v  -3121.4438 -464.5899 -10200.3809
v  -3244.6147 -464.5882 -10222.3125
v  -3369.0447 -464.5865 -10235.5166
v  -1959.2710 -479.2185 -9334.2891
v  -1902.9158 -479.2202 -9224.0908
v  -2023.3729 -479.2169 -9440.2422
v  -2094.8982 -479.2153 -9541.4131
v  -2173.4854 -479.2136 -9637.2930
v  -2258.7380 -479.2120 -9727.3965
v  -2350.2261 -479.2104 -9811.2705
v  -2447.4873 -479.2088 -9888.4902
v  -2550.0313 -479.2072 -9958.6660
v  -2657.3403 -479.2056 -10021.4443
v  -2768.8726 -479.2039 -10076.5078
v  -2884.0654 -479.2023 -10123.5791
v  -3002.3372 -479.2007 -10162.4199
v  -3123.0908 -479.1989 -10192.8350
v  -3245.7173 -479.1973 -10214.6699
v  -3369.5974 -479.1957 -10227.8154
v  -1966.3214 -493.6241 -9330.4248
v  -1910.2250 -493.6257 -9220.7324
v  -2030.1288 -493.6226 -9435.8906
v  -2101.3254 -493.6210 -9536.5967
v  -2179.5518 -493.6194 -9632.0361
v  -2264.4128 -493.6178 -9721.7266
v  -2355.4805 -493.6163 -9805.2139
v  -2452.2954 -493.6147 -9882.0791
v  -2554.3682 -493.6132 -9951.9326
v  -2661.1841 -493.6116 -10014.4229
v  -2772.2039 -493.6101 -10069.2334
v  -2886.8677 -493.6085 -10116.0889
v  -3004.5959 -493.6069 -10154.7510
v  -3124.7952 -493.6053 -10185.0264
v  -3246.8582 -493.6037 -10206.7617
v  -3370.1692 -493.6021 -10219.8467
v  -1973.6204 -507.8174 -9326.4238
v  -1917.7921 -507.8189 -9217.2559
v  -2037.1230 -507.8159 -9431.3857
v  -2107.9795 -507.8144 -9531.6113
v  -2185.8320 -507.8129 -9626.5947
v  -2270.2876 -507.8114 -9715.8555
v  -2360.9204 -507.8099 -9798.9453
v  -2457.2725 -507.8084 -9875.4424
v  -2558.8577 -507.8069 -9944.9629
v  -2665.1636 -507.8054 -10007.1543
v  -2775.6528 -507.8039 -10061.7031
v  -2889.7686 -507.8024 -10108.3340
v  -3006.9348 -507.8008 -10146.8125
v  -3126.5596 -507.7993 -10176.9424
v  -3248.0396 -507.7977 -10198.5742
v  -3370.7612 -507.7963 -10211.5957
v  -1981.1798 -521.7889 -9322.2803
v  -1925.6289 -521.7904 -9213.6543
v  -2044.3666 -521.7875 -9426.7207
v  -2114.8706 -521.7860 -9526.4473
v  -2192.3362 -521.7845 -9620.9580
v  -2276.3721 -521.7831 -9709.7764
v  -2366.5542 -521.7816 -9792.4521
v  -2462.4272 -521.7803 -9868.5693
v  -2563.5073 -521.7788 -9937.7441
v  -2669.2847 -521.7773 -9999.6260
v  -2779.2246 -521.7759 -10053.9033
v  -2892.7732 -521.7744 -10100.3027
v  -3009.3567 -521.7729 -10138.5898
v  -3128.3867 -521.7715 -10168.5703
v  -3249.2627 -521.7699 -10190.0938
v  -3371.3745 -521.7685 -10203.0518
v  -1989.0107 -535.5291 -9317.9873
v  -1933.7477 -535.5305 -9209.9238
v  -2051.8706 -535.5276 -9421.8867
v  -2122.0103 -535.5262 -9521.0977
v  -2199.0745 -535.5248 -9615.1201
v  -2282.6753 -535.5234 -9703.4775
v  -2372.3906 -535.5220 -9785.7256
v  -2467.7673 -535.5207 -9861.4492
v  -2568.3242 -535.5193 -9930.2656
v  -2673.5542 -535.5178 -9991.8281
v  -2782.9250 -535.5164 -10045.8242
v  -2895.8857 -535.5150 -10091.9834
v  -3011.8660 -535.5136 -10130.0713
v  -3130.2798 -535.5122 -10159.8975
v  -3250.5303 -535.5107 -10181.3096
v  -3372.0098 -535.5093 -10194.2002
v  -1997.1255 -549.0282 -9313.5400
v  -1942.1600 -549.0295 -9206.0586
v  -2059.6465 -549.0269 -9416.8789
v  -2129.4075 -549.0255 -9515.5547
v  -2206.0566 -549.0241 -9609.0693
v  -2289.2065 -549.0228 -9696.9512
v  -2378.4380 -549.0214 -9778.7559
v  -2473.3008 -549.0201 -9854.0713
v  -2573.3154 -549.0188 -9922.5166
v  -2677.9780 -549.0175 -9983.7461
v  -2786.7593 -549.0161 -10037.4521
v  -2899.1108 -549.0147 -10083.3623
v  -3014.4658 -549.0133 -10121.2451
v  -3132.2415 -549.0120 -10150.9102
v  -3251.8435 -549.0107 -10172.2070
v  -3372.6682 -549.0093 -10185.0283
v  -2005.5348 -562.2769 -9308.9297
v  -1950.8783 -562.2782 -9202.0527
v  -2067.7046 -562.2756 -9411.6885
v  -2137.0737 -562.2743 -9509.8105
v  -2213.2922 -562.2729 -9602.7998
v  -2295.9751 -562.2717 -9690.1875
v  -2384.7056 -562.2704 -9771.5332
v  -2479.0352 -562.2690 -9846.4248
v  -2578.4883 -562.2678 -9914.4863
v  -2682.5625 -562.2665 -9975.3721
v  -2790.7329 -562.2652 -10028.7754
v  -2902.4534 -562.2639 -10074.4277
v  -3017.1602 -562.2626 -10112.0986
v  -3134.2742 -562.2612 -10141.5967
v  -3253.2043 -562.2599 -10162.7734
v  -3373.3503 -562.2587 -10175.5225
v  -2014.2510 -575.2655 -9304.1523
v  -1959.9143 -575.2668 -9197.9014
v  -2076.0566 -575.2643 -9406.3096
v  -2145.0195 -575.2631 -9503.8564
v  -2220.7917 -575.2617 -9596.3018
v  -2302.9907 -575.2605 -9683.1777
v  -2391.2012 -575.2592 -9764.0469
v  -2484.9788 -575.2580 -9838.5000
v  -2583.8496 -575.2568 -9906.1621
v  -2687.3145 -575.2556 -9966.6914
v  -2794.8513 -575.2543 -10019.7832
v  -2905.9177 -575.2530 -10065.1680
v  -3019.9529 -575.2517 -10102.6182
v  -3136.3811 -575.2505 -10131.9434
v  -3254.6147 -575.2493 -10152.9961
v  -3374.0574 -575.2480 -10165.6709
v  -3340.5183 -807.7936 -8577.1572
v  -3354.5117 -807.7936 -8569.4863
v  -3349.3862 -807.7936 -8559.4639
v  -3334.8792 -807.7936 -8566.1299
v  -3326.5149 -807.7936 -8584.8330
v  -3320.3613 -807.7936 -8572.8008
v  -3312.4917 -807.7936 -8592.5205
v  -3305.8232 -807.7936 -8579.4805
v  -3298.4385 -807.7936 -8600.2236
v  -3291.2542 -807.7936 -8586.1748
v  -3284.3457 -807.7936 -8607.9482
v  -3276.6438 -807.7936 -8592.8877
v  -3270.2026 -807.7936 -8615.7012
v  -3261.9814 -807.7936 -8599.6250
v  -3256.0002 -807.7936 -8623.4863
v  -3247.2576 -807.7936 -8606.3906
v  -3241.7280 -807.7936 -8631.3096
v  -3232.4614 -807.7936 -8613.1895
v  -3227.3762 -807.7936 -8639.1768
v  -3217.5825 -807.7936 -8620.0254
v  -3212.9348 -807.7936 -8647.0918
v  -3202.6111 -807.7936 -8626.9043
v  -3198.3940 -807.7936 -8655.0625
v  -3187.5364 -807.7936 -8633.8311
v  -3183.7437 -807.7936 -8663.0938
v  -3172.3481 -807.7936 -8640.8096
v  -3168.9739 -807.7936 -8671.1895
v  -3157.0359 -807.7936 -8647.8457
v  -3154.0747 -807.7936 -8679.3564
v  -3141.5896 -807.7936 -8654.9434
v  -3139.0361 -807.7936 -8687.5996
v  -3125.9990 -807.7936 -8662.1064
v  -3123.8484 -807.7936 -8695.9248
v  -3110.2534 -807.7936 -8669.3418
v  -3346.9329 -807.7936 -8587.7598
v  -3360.3418 -807.7936 -8579.1230
v  -3333.5144 -807.7936 -8596.4023
v  -3320.0767 -807.7936 -8605.0576
v  -3306.6106 -807.7936 -8613.7305
v  -3293.1062 -807.7936 -8622.4287
v  -3279.5540 -807.7936 -8631.1572
v  -3265.9446 -807.7936 -8639.9229
v  -3252.2686 -807.7936 -8648.7314
v  -3238.5161 -807.7936 -8657.5889
v  -3224.6780 -807.7936 -8666.5020
v  -3210.7444 -807.7936 -8675.4766
v  -3196.7061 -807.7936 -8684.5186
v  -3182.5530 -807.7936 -8693.6338
v  -3168.2761 -807.7936 -8702.8301
v  -3153.8655 -807.7936 -8712.1113
v  -3139.3120 -807.7936 -8721.4844
v  -3354.0903 -807.7936 -8597.8838
v  -3366.8472 -807.7936 -8588.3252
v  -3341.3245 -807.7936 -8607.4492
v  -3328.5400 -807.7936 -8617.0283
v  -3315.7288 -807.7936 -8626.6289
v  -3302.8811 -807.7936 -8636.2549
v  -3289.9883 -807.7936 -8645.9160
v  -3277.0408 -807.7936 -8655.6182
v  -3264.0295 -807.7936 -8665.3672
v  -3250.9460 -807.7936 -8675.1709
v  -3237.7808 -807.7936 -8685.0361
v  -3224.5249 -807.7936 -8694.9688
v  -3211.1692 -807.7936 -8704.9766
v  -3197.7043 -807.7936 -8715.0654
v  -3184.1218 -807.7936 -8725.2432
v  -3170.4121 -807.7936 -8735.5156
v  -3156.5664 -807.7936 -8745.8906
v  -3361.9543 -807.7936 -8607.4785
v  -3373.9946 -807.7936 -8597.0449
v  -3349.9055 -807.7936 -8617.9189
v  -3337.8394 -807.7936 -8628.3740
v  -3325.7476 -807.7936 -8638.8516
v  -3313.6213 -807.7936 -8649.3584
v  -3301.4524 -807.7936 -8659.9033
v  -3289.2322 -807.7936 -8670.4922
v  -3276.9519 -807.7936 -8681.1328
v  -3264.6033 -807.7936 -8691.8330
v  -3252.1775 -807.7936 -8702.6006
v  -3239.6660 -807.7936 -8713.4414
v  -3227.0605 -807.7936 -8724.3643
v  -3214.3521 -807.7936 -8735.3760
v  -3201.5322 -807.7936 -8746.4844
v  -3188.5925 -807.7936 -8757.6973
v  -3175.5244 -807.7936 -8769.0205
v  -3370.4854 -807.7936 -8616.4941
v  -3381.7485 -807.7936 -8605.2402
v  -3359.2144 -807.7936 -8627.7568
v  -3347.9270 -807.7936 -8639.0361
v  -3336.6160 -807.7936 -8650.3379
v  -3325.2727 -807.7936 -8661.6729
v  -3313.8894 -807.7936 -8673.0479
v  -3302.4578 -807.7936 -8684.4707
v  -3290.9705 -807.7936 -8695.9492
v  -3279.4189 -807.7936 -8707.4922
v  -3267.7952 -807.7936 -8719.1064
v  -3256.0916 -807.7936 -8730.8018
v  -3244.2996 -807.7936 -8742.5840
v  -3232.4116 -807.7936 -8754.4629
v  -3220.4194 -807.7936 -8766.4463
v  -3208.3149 -807.7936 -8778.5420
v  -3196.0906 -807.7936 -8790.7568
v  -3379.6404 -807.7936 -8624.8877
v  -3390.0693 -807.7936 -8612.8682
v  -3369.2039 -807.7936 -8636.9150
v  -3358.7527 -807.7936 -8648.9600
v  -3348.2791 -807.7936 -8661.0313
v  -3337.7759 -807.7936 -8673.1357
v  -3327.2356 -807.7936 -8685.2832
v  -3316.6509 -807.7936 -8697.4824
v  -3306.0139 -807.7936 -8709.7412
v  -3295.3179 -807.7936 -8722.0674
v  -3284.5552 -807.7936 -8734.4717
v  -3273.7183 -807.7936 -8746.9609
v  -3262.7996 -807.7936 -8759.5449
v  -3251.7920 -807.7936 -8772.2305
v  -3240.6877 -807.7936 -8785.0283
v  -3229.4800 -807.7936 -8797.9453
v  -3218.1606 -807.7936 -8810.9902
v  -3389.3730 -807.7936 -8632.6152
v  -3398.9153 -807.7936 -8619.8916
v  -3379.8240 -807.7936 -8645.3477
v  -3370.2615 -807.7936 -8658.0977
v  -3360.6785 -807.7936 -8670.8750
v  -3351.0684 -807.7936 -8683.6895
v  -3341.4241 -807.7936 -8696.5479
v  -3331.7393 -807.7936 -8709.4619
v  -3322.0071 -807.7936 -8722.4385
v  -3312.2205 -807.7936 -8735.4873
v  -3302.3728 -807.7936 -8748.6182
v  -3292.4573 -807.7936 -8761.8389
v  -3282.4670 -807.7936 -8775.1592
v  -3272.3953 -807.7936 -8788.5889
v  -3262.2354 -807.7936 -8802.1357
v  -3251.9805 -807.7936 -8815.8086
v  -3241.6238 -807.7936 -8829.6182
v  -3399.6345 -807.7936 -8639.6367
v  -3408.2417 -807.7936 -8626.2744
v  -3391.0210 -807.7936 -8653.0098
v  -3382.3953 -807.7936 -8666.4014
v  -3373.7512 -807.7936 -8679.8213
v  -3365.0825 -807.7936 -8693.2793
v  -3356.3833 -807.7936 -8706.7852
v  -3347.6475 -807.7936 -8720.3477
v  -3338.8687 -807.7936 -8733.9775
v  -3330.0410 -807.7936 -8747.6826
v  -3321.1582 -807.7936 -8761.4736
v  -3312.2141 -807.7936 -8775.3594
v  -3303.2026 -807.7936 -8789.3496
v  -3294.1177 -807.7936 -8803.4541
v  -3284.9531 -807.7936 -8817.6826
v  -3275.7031 -807.7936 -8832.0430
v  -3266.3611 -807.7936 -8846.5469
v  -3410.3726 -807.7936 -8645.9189
v  -3418.0015 -807.7936 -8631.9834
v  -3402.7383 -807.7936 -8659.8643
v  -3395.0928 -807.7936 -8673.8301
v  -3387.4314 -807.7936 -8687.8242
v  -3379.7480 -807.7936 -8701.8594
v  -3372.0378 -807.7936 -8715.9434
v  -3364.2947 -807.7936 -8730.0869
v  -3356.5137 -807.7936 -8744.3008
v  -3348.6895 -807.7936 -8758.5928
v  -3340.8164 -807.7936 -8772.9736
v  -3332.8889 -807.7936 -8787.4551
v  -3324.9019 -807.7936 -8802.0439
v  -3316.8494 -807.7936 -8816.7529
v  -3308.7268 -807.7936 -8831.5908
v  -3300.5278 -807.7936 -8846.5664
v  -3292.2478 -807.7936 -8861.6914
v  -3421.5334 -807.7936 -8651.4297
v  -3428.1455 -807.7936 -8636.9922
v  -3414.9165 -807.7936 -8665.8770
v  -3408.2903 -807.7936 -8680.3457
v  -3401.6499 -807.7936 -8694.8447
v  -3394.9907 -807.7936 -8709.3848
v  -3388.3081 -807.7936 -8723.9766
v  -3381.5972 -807.7936 -8738.6289
v  -3374.8535 -807.7936 -8753.3545
v  -3368.0720 -807.7936 -8768.1621
v  -3361.2483 -807.7936 -8783.0615
v  -3354.3774 -807.7936 -8798.0635
v  -3347.4551 -807.7936 -8813.1787
v  -3340.4761 -807.7936 -8828.4180
v  -3333.4358 -807.7936 -8843.7891
v  -3326.3298 -807.7936 -8859.3057
v  -3319.1533 -807.7936 -8874.9746
v  -3433.0605 -807.7936 -8656.1396
v  -3438.6223 -807.7936 -8641.2734
v  -3427.4946 -807.7936 -8671.0166
v  -3421.9209 -807.7936 -8685.9150
v  -3416.3352 -807.7936 -8700.8457
v  -3410.7339 -807.7936 -8715.8174
v  -3405.1125 -807.7936 -8730.8428
v  -3399.4675 -807.7936 -8745.9316
v  -3393.7949 -807.7936 -8761.0947
v  -3388.0906 -807.7936 -8776.3418
v  -3382.3508 -807.7936 -8791.6846
v  -3376.5713 -807.7936 -8807.1328
v  -3370.7483 -807.7936 -8822.6973
v  -3364.8779 -807.7936 -8838.3887
v  -3358.9561 -807.7936 -8854.2178
v  -3352.9788 -807.7936 -8870.1943
v  -3346.9421 -807.7936 -8886.3301
v  -3444.8958 -807.7936 -8660.0264
v  -3449.3792 -807.7936 -8644.8057
v  -3440.4089 -807.7936 -8675.2578
v  -3435.9158 -807.7936 -8690.5107
v  -3431.4131 -807.7936 -8705.7969
v  -3426.8975 -807.7936 -8721.1260
v  -3422.3662 -807.7936 -8736.5088
v  -3417.8157 -807.7936 -8751.9570
v  -3413.2427 -807.7936 -8767.4814
v  -3408.6443 -807.7936 -8783.0918
v  -3404.0173 -807.7936 -8798.7998
v  -3399.3584 -807.7936 -8814.6162
v  -3394.6643 -807.7936 -8830.5518
v  -3389.9319 -807.7936 -8846.6172
v  -3385.1582 -807.7936 -8862.8223
v  -3380.3398 -807.7936 -8879.1807
v  -3375.4734 -807.7936 -8895.7002
v  -3456.9792 -807.7936 -8663.0703
v  -3460.3618 -807.7936 -8647.5723
v  -3453.5942 -807.7936 -8678.5791
v  -3450.2043 -807.7936 -8694.1104
v  -3446.8071 -807.7936 -8709.6748
v  -3443.4006 -807.7936 -8725.2832
v  -3439.9819 -807.7936 -8740.9463
v  -3436.5486 -807.7936 -8756.6758
v  -3433.0986 -807.7936 -8772.4824
v  -3429.6294 -807.7936 -8788.3779
v  -3426.1384 -807.7936 -8804.3721
v  -3422.6235 -807.7936 -8820.4756
v  -3419.0820 -807.7936 -8836.7012
v  -3415.5117 -807.7936 -8853.0596
v  -3411.9102 -807.7936 -8869.5605
v  -3408.2749 -807.7936 -8886.2168
v  -3404.6038 -807.7936 -8903.0371
v  -3469.2502 -807.7936 -8665.2549
v  -3471.5146 -807.7936 -8649.5576
v  -3466.9839 -807.7936 -8680.9629
v  -3464.7144 -807.7936 -8696.6943
v  -3462.4402 -807.7936 -8712.4580
v  -3460.1594 -807.7936 -8728.2666
v  -3457.8706 -807.7936 -8744.1318
v  -3455.5723 -807.7936 -8760.0635
v  -3453.2625 -807.7936 -8776.0732
v  -3450.9399 -807.7936 -8792.1719
v  -3448.6028 -807.7936 -8808.3721
v  -3446.2495 -807.7936 -8824.6826
v  -3443.8787 -807.7936 -8841.1172
v  -3441.4885 -807.7936 -8857.6855
v  -3439.0771 -807.7936 -8874.3984
v  -3436.6436 -807.7936 -8891.2676
v  -3434.1855 -807.7936 -8908.3047
v  -3481.6465 -807.7936 -8666.5703
v  -3482.7817 -807.7936 -8650.7539
v  -3480.5105 -807.7936 -8682.3984
v  -3479.3730 -807.7936 -8698.2490
v  -3478.2329 -807.7936 -8714.1338
v  -3477.0896 -807.7936 -8730.0635
v  -3475.9424 -807.7936 -8746.0488
v  -3474.7903 -807.7936 -8762.1025
v  -3473.6326 -807.7936 -8778.2344
v  -3472.4683 -807.7936 -8794.4570
v  -3471.2969 -807.7936 -8810.7803
v  -3470.1172 -807.7936 -8827.2158
v  -3468.9287 -807.7936 -8843.7754
v  -3467.7305 -807.7936 -8860.4697
v  -3466.5220 -807.7936 -8877.3105
v  -3465.3020 -807.7936 -8894.3086
v  -3464.0698 -807.7936 -8911.4756
v  -3494.1057 -807.7936 -8667.0098
v  -3494.1057 -807.7936 -8651.1523
v  -3494.1057 -807.7936 -8682.8779
v  -3494.1057 -807.7936 -8698.7686
v  -3494.1060 -807.7936 -8714.6934
v  -3494.1060 -807.7936 -8730.6631
v  -3494.1060 -807.7936 -8746.6895
v  -3494.1060 -807.7936 -8762.7832
v  -3494.1060 -807.7936 -8778.9561
v  -3494.1060 -807.7936 -8795.2197
v  -3494.1060 -807.7936 -8811.5840
v  -3494.1060 -807.7936 -8828.0615
v  -3494.1060 -807.7936 -8844.6631
v  -3494.1060 -807.7936 -8861.3994
v  -3494.1060 -807.7936 -8878.2832
v  -3494.1060 -807.7936 -8895.3242
v  -3494.1060 -807.7936 -8912.5352
v  -2852.4175 -807.7936 -8844.7109
v  -2871.3477 -807.7936 -8834.3340
v  -2848.4814 -807.7936 -8789.6211
v  -2828.8562 -807.7936 -8798.6387
v  -2879.2173 -807.7936 -8889.0078
v  -2897.3569 -807.7936 -8877.3242
v  -2909.1206 -807.7936 -8931.3057
v  -2926.3784 -807.7936 -8918.3740
v  -2941.9766 -807.7936 -8971.3906
v  -2958.2649 -807.7936 -8957.2773
v  -2977.6196 -807.7936 -9009.0615
v  -2992.8562 -807.7936 -8993.8369
v  -3015.8691 -807.7936 -9044.1279
v  -3029.9773 -807.7936 -9027.8682
v  -3056.5325 -807.7936 -9076.4121
v  -3069.4409 -807.7936 -9059.2002
v  -3099.4043 -807.7936 -9105.7520
v  -3111.0481 -807.7936 -9087.6738
v  -3144.2683 -807.7936 -9131.9980
v  -3154.5886 -807.7936 -9113.1465
v  -3190.8982 -807.7936 -9155.0195
v  -3199.8430 -807.7936 -9135.4883
v  -3239.0583 -807.7936 -9174.6992
v  -3246.5823 -807.7936 -9154.5879
v  -3288.5056 -807.7936 -9190.9375
v  -3294.5710 -807.7936 -9170.3467
v  -3338.9907 -807.7936 -9203.6533
v  -3343.5669 -807.7936 -9182.6875
v  -3390.2588 -807.7936 -9212.7822
v  -3393.3223 -807.7936 -9191.5479
v  -3442.0510 -807.7936 -9218.2783
v  -3443.5867 -807.7936 -9196.8818
v  -3494.1060 -807.7936 -9220.1133
v  -3494.1060 -807.7936 -9198.6621
v  -2889.9692 -807.7936 -8824.1270
v  -2867.7869 -807.7936 -8780.7500
v  -2915.2007 -807.7936 -8865.8311
v  -2943.3542 -807.7936 -8905.6543
v  -2974.2876 -807.7936 -8943.3936
v  -3007.8442 -807.7936 -8978.8604
v  -3043.8555 -807.7936 -9011.8740
v  -3082.1392 -807.7936 -9042.2695
v  -3122.5022 -807.7936 -9069.8916
v  -3164.7410 -807.7936 -9094.6016
v  -3208.6418 -807.7936 -9116.2764
v  -3253.9836 -807.7936 -9134.8037
v  -3300.5374 -807.7936 -9150.0928
v  -3348.0681 -807.7936 -9162.0645
v  -3396.3359 -807.7936 -9170.6592
v  -3445.0972 -807.7936 -9175.8330
v  -3494.1060 -807.7936 -9177.5605
v  -2908.2922 -807.7936 -8814.0830
v  -2886.7827 -807.7936 -8772.0225
v  -2932.7585 -807.7936 -8854.5225
v  -2960.0581 -807.7936 -8893.1377
v  -2990.0532 -807.7936 -8929.7324
v  -3022.5923 -807.7936 -8964.1230
v  -3057.5112 -807.7936 -8996.1357
v  -3094.6340 -807.7936 -9025.6094
v  -3133.7727 -807.7936 -9052.3936
v  -3174.7302 -807.7936 -9076.3545
v  -3217.2998 -807.7936 -9097.3711
v  -3261.2664 -807.7936 -9115.3369
v  -3306.4082 -807.7936 -9130.1621
v  -3352.4973 -807.7936 -9141.7705
v  -3399.3013 -807.7936 -9150.1045
v  -3446.5837 -807.7936 -9155.1221
v  -3494.1060 -807.7936 -9156.7979
v  -2926.3267 -807.7936 -8804.1973
v  -2905.4792 -807.7936 -8763.4316
v  -2950.0396 -807.7936 -8843.3916
v  -2976.4988 -807.7936 -8880.8184
v  -3005.5706 -807.7936 -8916.2871
v  -3037.1079 -807.7936 -8949.6191
v  -3070.9519 -807.7936 -8980.6455
v  -3106.9319 -807.7936 -9009.2109
v  -3144.8657 -807.7936 -9035.1719
v  -3184.5623 -807.7936 -9058.3955
v  -3225.8213 -807.7936 -9078.7646
v  -3268.4343 -807.7936 -9096.1777
v  -3312.1865 -807.7936 -9110.5459
v  -3356.8569 -807.7936 -9121.7979
v  -3402.2197 -807.7936 -9129.8750
v  -3448.0466 -807.7936 -9134.7383
v  -3494.1060 -807.7936 -9136.3613
v  -2944.0825 -807.7936 -8794.4648
v  -2923.8867 -807.7936 -8754.9736
v  -2967.0540 -807.7936 -8832.4336
v  -2992.6855 -807.7936 -8868.6895
v  -3020.8481 -807.7936 -8903.0488
v  -3051.3994 -807.7936 -8935.3379
v  -3084.1851 -807.7936 -8965.3945
v  -3119.0396 -807.7936 -8993.0674
v  -3155.7871 -807.7936 -9018.2158
v  -3194.2424 -807.7936 -9040.7129
v  -3234.2112 -807.7936 -9060.4453
v  -3275.4917 -807.7936 -9077.3135
v  -3317.8755 -807.7936 -9091.2334
v  -3361.1489 -807.7936 -9102.1328
v  -3405.0933 -807.7936 -9109.9570
v  -3449.4871 -807.7936 -9114.6680
v  -3494.1060 -807.7936 -9116.2412
v  -2961.5693 -807.7936 -8784.8789
v  -2942.0156 -807.7936 -8746.6436
v  -2983.8105 -807.7936 -8821.6406
v  -3008.6272 -807.7936 -8856.7441
v  -3035.8943 -807.7936 -8890.0107
v  -3065.4744 -807.7936 -8921.2734
v  -3097.2175 -807.7936 -8950.3750
v  -3130.9641 -807.7936 -8977.1680
v  -3166.5435 -807.7936 -9001.5166
v  -3203.7761 -807.7936 -9023.2988
v  -3242.4741 -807.7936 -9042.4043
v  -3282.4421 -807.7936 -9058.7363
v  -3323.4785 -807.7936 -9072.2129
v  -3365.3760 -807.7936 -9082.7656
v  -3407.9233 -807.7936 -9090.3418
v  -3450.9055 -807.7936 -9094.9023
v  -3494.1060 -807.7936 -9096.4258
v  -2978.7974 -807.7936 -8775.4355
v  -2959.8767 -807.7936 -8738.4365
v  -3000.3191 -807.7936 -8811.0078
v  -3024.3330 -807.7936 -8844.9756
v  -3050.7180 -807.7936 -8877.1660
v  -3079.3411 -807.7936 -8907.4180
v  -3110.0574 -807.7936 -8935.5771
v  -3142.7122 -807.7936 -8961.5039
v  -3177.1404 -807.7936 -8985.0645
v  -3213.1685 -807.7936 -9006.1416
v  -3250.6147 -807.7936 -9024.6289
v  -3289.2898 -807.7936 -9040.4326
v  -3328.9985 -807.7936 -9053.4727
v  -3369.5405 -807.7936 -9063.6846
v  -3410.7114 -807.7936 -9071.0156
v  -3452.3032 -807.7936 -9075.4287
v  -3494.1060 -807.7936 -9076.9023
v  -2995.7769 -807.7936 -8766.1279
v  -2977.4792 -807.7936 -8730.3486
v  -3016.5894 -807.7936 -8800.5283
v  -3039.8120 -807.7936 -8833.3770
v  -3065.3276 -807.7936 -8864.5068
v  -3093.0076 -807.7936 -8893.7617
v  -3122.7117 -807.7936 -8920.9941
v  -3154.2905 -807.7936 -8946.0654
v  -3187.5845 -807.7936 -8968.8496
v  -3222.4253 -807.7936 -8989.2324
v  -3258.6377 -807.7936 -9007.1104
v  -3296.0383 -807.7936 -9022.3936
v  -3334.4387 -807.7936 -9035.0049
v  -3373.6450 -807.7936 -9044.8799
v  -3413.4592 -807.7936 -9051.9688
v  -3453.6807 -807.7936 -9056.2373
v  -3494.1060 -807.7936 -9057.6621
v  -3012.5173 -807.7936 -8756.9512
v  -2994.8347 -807.7936 -8722.3740
v  -3032.6306 -807.7936 -8790.1963
v  -3055.0732 -807.7936 -8821.9414
v  -3079.7319 -807.7936 -8852.0254
v  -3106.4817 -807.7936 -8880.2979
v  -3135.1880 -807.7936 -8906.6143
v  -3165.7061 -807.7936 -8930.8438
v  -3197.8813 -807.7936 -8952.8633
v  -3231.5520 -807.7936 -8972.5615
v  -3266.5479 -807.7936 -8989.8389
v  -3302.6921 -807.7936 -9004.6084
v  -3339.8025 -807.7936 -9016.7959
v  -3377.6917 -807.7936 -9026.3389
v  -3416.1685 -807.7936 -9033.1904
v  -3455.0386 -807.7936 -9037.3154
v  -3494.1060 -807.7936 -9038.6924
v  -3029.0288 -807.7936 -8747.9004
v  -3011.9524 -807.7936 -8714.5088
v  -3048.4526 -807.7936 -8780.0059
v  -3070.1257 -807.7936 -8810.6621
v  -3093.9390 -807.7936 -8839.7148
v  -3119.7717 -807.7936 -8867.0176
v  -3147.4937 -807.7936 -8892.4326
v  -3176.9653 -807.7936 -8915.8311
v  -3208.0376 -807.7936 -8937.0957
v  -3240.5540 -807.7936 -8956.1182
v  -3274.3496 -807.7936 -8972.8037
v  -3309.2549 -807.7936 -8987.0664
v  -3345.0928 -807.7936 -8998.8359
v  -3381.6831 -807.7936 -9008.0518
v  -3418.8406 -807.7936 -9014.6689
v  -3456.3779 -807.7936 -9018.6523
v  -3494.1060 -807.7936 -9019.9814
v  -3045.3215 -807.7936 -8738.9697
v  -3028.8433 -807.7936 -8706.7480
v  -3064.0647 -807.7936 -8769.9502
v  -3084.9788 -807.7936 -8799.5322
v  -3107.9575 -807.7936 -8827.5674
v  -3132.8853 -807.7936 -8853.9141
v  -3159.6365 -807.7936 -8878.4385
v  -3188.0754 -807.7936 -8901.0176
v  -3218.0593 -807.7936 -8921.5371
v  -3249.4363 -807.7936 -8939.8936
v  -3282.0483 -807.7936 -8955.9941
v  -3315.7305 -807.7936 -8969.7578
v  -3350.3130 -807.7936 -8981.1143
v  -3385.6213 -807.7936 -8990.0078
v  -3421.4773 -807.7936 -8996.3926
v  -3457.6997 -807.7936 -9000.2363
v  -3494.1060 -807.7936 -9001.5195
v  -3061.4050 -807.7936 -8730.1533
v  -3045.5173 -807.7936 -8699.0859
v  -3079.4768 -807.7936 -8760.0234
v  -3099.6411 -807.7936 -8788.5459
v  -3121.7961 -807.7936 -8815.5762
v  -3145.8306 -807.7936 -8840.9785
v  -3171.6230 -807.7936 -8864.6240
v  -3199.0430 -807.7936 -8886.3936
v  -3227.9521 -807.7936 -8906.1777
v  -3258.2048 -807.7936 -8923.8760
v  -3289.6479 -807.7936 -8939.3994
v  -3322.1233 -807.7936 -8952.6699
v  -3355.4663 -807.7936 -8963.6201
v  -3389.5093 -807.7936 -8972.1943
v  -3424.0801 -807.7936 -8978.3506
v  -3459.0044 -807.7936 -8982.0566
v  -3494.1060 -807.7936 -8983.2939
v  -3077.2898 -807.7936 -8721.4463
v  -3061.9854 -807.7936 -8691.5195
v  -3094.6980 -807.7936 -8750.2197
v  -3114.1221 -807.7936 -8777.6953
v  -3135.4639 -807.7936 -8803.7334
v  -3158.6160 -807.7936 -8828.2031
v  -3183.4614 -807.7936 -8850.9805
v  -3209.8748 -807.7936 -8871.9512
v  -3237.7227 -807.7936 -8891.0088
v  -3266.8647 -807.7936 -8908.0576
v  -3297.1536 -807.7936 -8923.0117
v  -3328.4368 -807.7936 -8935.7949
v  -3360.5559 -807.7936 -8946.3428
v  -3393.3491 -807.7936 -8954.6025
v  -3426.6509 -807.7936 -8960.5322
v  -3460.2930 -807.7936 -8964.1016
v  -3494.1060 -807.7936 -8965.2939
v  -3092.9849 -807.7936 -8712.8428
v  -3078.2568 -807.7936 -8684.0430
v  -3109.7375 -807.7936 -8740.5332
v  -3128.4302 -807.7936 -8766.9736
v  -3148.9688 -807.7936 -8792.0313
v  -3171.2490 -807.7936 -8815.5801
v  -3195.1589 -807.7936 -8837.4990
v  -3220.5776 -807.7936 -8857.6807
v  -3247.3770 -807.7936 -8876.0205
v  -3275.4216 -807.7936 -8892.4277
v  -3304.5701 -807.7936 -8906.8174
v  -3334.6750 -807.7936 -8919.1201
v  -3365.5847 -807.7936 -8929.2705
v  -3397.1431 -807.7936 -8937.2188
v  -3429.1909 -807.7936 -8942.9258
v  -3461.5662 -807.7936 -8946.3613
v  -3494.1060 -807.7936 -8947.5078
v  -3108.5012 -807.7936 -8704.3379
v  -3094.3428 -807.7936 -8676.6523
v  -3124.6060 -807.7936 -8730.9570
v  -3142.5754 -807.7936 -8756.3750
v  -3162.3193 -807.7936 -8780.4629
v  -3183.7378 -807.7936 -8803.1006
v  -3206.7229 -807.7936 -8824.1719
v  -3231.1582 -807.7936 -8843.5723
v  -3256.9211 -807.7936 -8861.2031
v  -3283.8809 -807.7936 -8876.9756
v  -3311.9016 -807.7936 -8890.8086
v  -3340.8420 -807.7936 -8902.6348
v  -3370.5562 -807.7936 -8912.3936
v  -3400.8938 -807.7936 -8920.0342
v  -3431.7019 -807.7936 -8925.5205
v  -3462.8250 -807.7936 -8928.8223
v  -3494.1060 -807.7936 -8929.9258
v  -4116.8643 -807.7936 -8834.3340
v  -4135.7944 -807.7936 -8844.7100
v  -4159.3555 -807.7936 -8798.6377
v  -4139.7300 -807.7936 -8789.6201
v  -4098.2427 -807.7936 -8824.1260
v  -4120.4248 -807.7936 -8780.7500
v  -4079.9194 -807.7936 -8814.0820
v  -4101.4292 -807.7936 -8772.0215
v  -4061.8853 -807.7936 -8804.1973
v  -4082.7324 -807.7936 -8763.4316
v  -4044.1294 -807.7936 -8794.4639
v  -4064.3247 -807.7936 -8754.9727
v  -4026.6426 -807.7936 -8784.8789
v  -4046.1958 -807.7936 -8746.6436
v  -4009.4143 -807.7936 -8775.4346
v  -4028.3350 -807.7936 -8738.4365
v  -3992.4351 -807.7936 -8766.1279
v  -4010.7324 -807.7936 -8730.3486
v  -3975.6943 -807.7936 -8756.9512
v  -3993.3770 -807.7936 -8722.3740
v  -3959.1829 -807.7936 -8747.9004
v  -3976.2593 -807.7936 -8714.5088
v  -3942.8901 -807.7936 -8738.9697
v  -3959.3684 -807.7936 -8706.7480
v  -3926.8066 -807.7936 -8730.1533
v  -3942.6943 -807.7936 -8699.0859
v  -3910.9219 -807.7936 -8721.4463
v  -3926.2266 -807.7936 -8691.5195
v  -3895.2266 -807.7936 -8712.8428
v  -3909.9548 -807.7936 -8684.0430
v  -3879.7104 -807.7936 -8704.3379
v  -3893.8689 -807.7936 -8676.6514
v  -3864.3633 -807.7936 -8695.9248
v  -3877.9583 -807.7936 -8669.3408
v  -4090.8547 -807.7936 -8877.3242
v  -4108.9941 -807.7936 -8889.0068
v  -4073.0110 -807.7936 -8865.8311
v  -4055.4531 -807.7936 -8854.5225
v  -4038.1721 -807.7936 -8843.3916
v  -4021.1577 -807.7936 -8832.4336
v  -4004.4014 -807.7936 -8821.6406
v  -3987.8926 -807.7936 -8811.0078
v  -3971.6223 -807.7936 -8800.5283
v  -3955.5808 -807.7936 -8790.1963
v  -3939.7590 -807.7936 -8780.0059
v  -3924.1470 -807.7936 -8769.9502
v  -3908.7349 -807.7936 -8760.0234
v  -3893.5137 -807.7936 -8750.2197
v  -3878.4741 -807.7936 -8740.5332
v  -3863.6057 -807.7936 -8730.9570
v  -3848.8994 -807.7936 -8721.4844
v  -4061.8335 -807.7936 -8918.3740
v  -4079.0911 -807.7936 -8931.3057
v  -4044.8574 -807.7936 -8905.6533
v  -4028.1536 -807.7936 -8893.1367
v  -4011.7129 -807.7936 -8880.8184
v  -3995.5261 -807.7936 -8868.6885
v  -3979.5845 -807.7936 -8856.7441
v  -3963.8784 -807.7936 -8844.9746
v  -3948.3997 -807.7936 -8833.3760
v  -3933.1384 -807.7936 -8821.9414
v  -3918.0859 -807.7936 -8810.6621
v  -3903.2329 -807.7936 -8799.5322
v  -3888.5706 -807.7936 -8788.5459
v  -3874.0896 -807.7936 -8777.6953
v  -3859.7813 -807.7936 -8766.9736
v  -3845.6362 -807.7936 -8756.3740
v  -3831.6450 -807.7936 -8745.8906
v  -4029.9468 -807.7936 -8957.2773
v  -4046.2349 -807.7936 -8971.3906
v  -4013.9243 -807.7936 -8943.3936
v  -3998.1584 -807.7936 -8929.7324
v  -3982.6411 -807.7936 -8916.2861
v  -3967.3635 -807.7936 -8903.0488
v  -3952.3171 -807.7936 -8890.0107
v  -3937.4934 -807.7936 -8877.1660
v  -3922.8840 -807.7936 -8864.5068
v  -3908.4800 -807.7936 -8852.0254
v  -3894.2727 -807.7936 -8839.7148
v  -3880.2542 -807.7936 -8827.5674
v  -3866.4153 -807.7936 -8815.5762
v  -3852.7476 -807.7936 -8803.7334
v  -3839.2429 -807.7936 -8792.0313
v  -3825.8923 -807.7936 -8780.4629
v  -3812.6870 -807.7936 -8769.0205
v  -3995.3555 -807.7936 -8993.8369
v  -4010.5923 -807.7936 -9009.0615
v  -3980.3672 -807.7936 -8978.8594
v  -3965.6194 -807.7936 -8964.1230
v  -3951.1038 -807.7936 -8949.6182
v  -3936.8125 -807.7936 -8935.3379
v  -3922.7373 -807.7936 -8921.2734
v  -3908.8706 -807.7936 -8907.4180
v  -3895.2041 -807.7936 -8893.7617
v  -3881.7300 -807.7936 -8880.2979
v  -3868.4399 -807.7936 -8867.0176
v  -3855.3264 -807.7936 -8853.9141
v  -3842.3809 -807.7936 -8840.9785
v  -3829.5955 -807.7936 -8828.2031
v  -3816.9626 -807.7936 -8815.5791
v  -3804.4736 -807.7936 -8803.0996
v  -3792.1211 -807.7936 -8790.7568
v  -3958.2344 -807.7936 -9027.8682
v  -3972.3428 -807.7936 -9044.1279
v  -3944.3560 -807.7936 -9011.8740
v  -3930.7002 -807.7936 -8996.1357
v  -3917.2598 -807.7936 -8980.6455
v  -3904.0266 -807.7936 -8965.3945
v  -3890.9941 -807.7936 -8950.3750
v  -3878.1543 -807.7936 -8935.5771
v  -3865.5000 -807.7936 -8920.9932
v  -3853.0237 -807.7936 -8906.6143
v  -3840.7178 -807.7936 -8892.4326
v  -3828.5754 -807.7936 -8878.4385
v  -3816.5886 -807.7936 -8864.6240
v  -3804.7500 -807.7936 -8850.9805
v  -3793.0527 -807.7936 -8837.4990
v  -3781.4888 -807.7936 -8824.1719
v  -3770.0508 -807.7936 -8810.9902
v  -3918.7705 -807.7936 -9059.2002
v  -3931.6794 -807.7936 -9076.4121
v  -3906.0725 -807.7936 -9042.2686
v  -3893.5776 -807.7936 -9025.6084
v  -3881.2800 -807.7936 -9009.2109
v  -3869.1721 -807.7936 -8993.0674
v  -3857.2478 -807.7936 -8977.1680
v  -3845.4995 -807.7936 -8961.5029
v  -3833.9214 -807.7936 -8946.0654
v  -3822.5056 -807.7936 -8930.8438
v  -3811.2461 -807.7936 -8915.8311
v  -3800.1362 -807.7936 -8901.0176
v  -3789.1687 -807.7936 -8886.3936
v  -3778.3369 -807.7936 -8871.9512
v  -3767.6340 -807.7936 -8857.6797
v  -3757.0532 -807.7936 -8843.5723
v  -3746.5879 -807.7936 -8829.6182
v  -3877.1636 -807.7936 -9087.6738
v  -3888.8076 -807.7936 -9105.7520
v  -3865.7095 -807.7936 -9069.8916
v  -3854.4390 -807.7936 -9052.3936
v  -3843.3459 -807.7936 -9035.1719
v  -3832.4246 -807.7936 -9018.2158
v  -3821.6685 -807.7936 -9001.5166
v  -3811.0713 -807.7936 -8985.0645
v  -3800.6272 -807.7936 -8968.8496
v  -3790.3303 -807.7936 -8952.8633
v  -3780.1741 -807.7936 -8937.0957
v  -3770.1523 -807.7936 -8921.5371
v  -3760.2595 -807.7936 -8906.1777
v  -3750.4890 -807.7936 -8891.0088
v  -3740.8347 -807.7936 -8876.0205
v  -3731.2905 -807.7936 -8861.2031
v  -3721.8506 -807.7936 -8846.5469
v  -3833.6230 -807.7936 -9113.1465
v  -3843.9434 -807.7936 -9131.9980
v  -3823.4709 -807.7936 -9094.6016
v  -3813.4814 -807.7936 -9076.3545
v  -3803.6494 -807.7936 -9058.3955
v  -3793.9692 -807.7936 -9040.7129
v  -3784.4355 -807.7936 -9023.2979
v  -3775.0432 -807.7936 -9006.1416
v  -3765.7864 -807.7936 -8989.2324
v  -3756.6597 -807.7936 -8972.5615
v  -3747.6580 -807.7936 -8956.1182
v  -3738.7754 -807.7936 -8939.8936
v  -3730.0068 -807.7936 -8923.8760
v  -3721.3469 -807.7936 -8908.0576
v  -3712.7900 -807.7936 -8892.4268
v  -3704.3308 -807.7936 -8876.9746
v  -3695.9639 -807.7936 -8861.6914
v  -3788.3689 -807.7936 -9135.4883
v  -3797.3137 -807.7936 -9155.0195
v  -3779.5698 -807.7936 -9116.2754
v  -3770.9119 -807.7936 -9097.3711
v  -3762.3904 -807.7936 -9078.7646
v  -3754.0005 -807.7936 -9060.4453
v  -3745.7378 -807.7936 -9042.4033
v  -3737.5972 -807.7936 -9024.6289
v  -3729.5742 -807.7936 -9007.1104
v  -3721.6641 -807.7936 -8989.8389
v  -3713.8621 -807.7936 -8972.8027
v  -3706.1636 -807.7936 -8955.9941
v  -3698.5637 -807.7936 -8939.3994
v  -3691.0581 -807.7936 -8923.0107
v  -3683.6416 -807.7936 -8906.8174
v  -3676.3101 -807.7936 -8890.8086
v  -3669.0583 -807.7936 -8874.9746
v  -3741.6294 -807.7936 -9154.5869
v  -3749.1536 -807.7936 -9174.6992
v  -3734.2280 -807.7936 -9134.8037
v  -3726.9453 -807.7936 -9115.3369
v  -3719.7773 -807.7936 -9096.1777
v  -3712.7202 -807.7936 -9077.3135
v  -3705.7698 -807.7936 -9058.7363
v  -3698.9221 -807.7936 -9040.4326
v  -3692.1736 -807.7936 -9022.3936
v  -3685.5198 -807.7936 -9004.6084
v  -3678.9570 -807.7936 -8987.0664
v  -3672.4812 -807.7936 -8969.7578
v  -3666.0886 -807.7936 -8952.6699
v  -3659.7751 -807.7936 -8935.7939
v  -3653.5366 -807.7936 -8919.1191
v  -3647.3696 -807.7936 -8902.6348
v  -3641.2698 -807.7936 -8886.3301
v  -3693.6409 -807.7936 -9170.3467
v  -3699.7063 -807.7936 -9190.9375
v  -3687.6743 -807.7936 -9150.0918
v  -3681.8035 -807.7936 -9130.1621
v  -3676.0254 -807.7936 -9110.5459
v  -3670.3362 -807.7936 -9091.2334
v  -3664.7334 -807.7936 -9072.2119
v  -3659.2134 -807.7936 -9053.4727
v  -3653.7729 -807.7936 -9035.0039
v  -3648.4094 -807.7936 -9016.7959
v  -3643.1189 -807.7936 -8998.8359
v  -3637.8987 -807.7936 -8981.1143
v  -3632.7454 -807.7936 -8963.6201
v  -3627.6560 -807.7936 -8946.3428
v  -3622.6272 -807.7936 -8929.2705
v  -3617.6555 -807.7936 -8912.3936
v  -3612.7383 -807.7936 -8895.7002
v  -3644.6450 -807.7936 -9182.6875
v  -3649.2212 -807.7936 -9203.6533
v  -3640.1436 -807.7936 -9162.0645
v  -3635.7144 -807.7936 -9141.7705
v  -3631.3550 -807.7936 -9121.7979
v  -3627.0630 -807.7936 -9102.1328
v  -3622.8359 -807.7936 -9082.7656
v  -3618.6711 -807.7936 -9063.6846
v  -3614.5669 -807.7936 -9044.8799
v  -3610.5200 -807.7936 -9026.3389
v  -3606.5288 -807.7936 -9008.0518
v  -3602.5903 -807.7936 -8990.0078
v  -3598.7026 -807.7936 -8972.1943
v  -3594.8628 -807.7936 -8954.6025
v  -3591.0686 -807.7936 -8937.2188
v  -3587.3179 -807.7936 -8920.0342
v  -3583.6082 -807.7936 -8903.0371
v  -3594.8894 -807.7936 -9191.5479
v  -3597.9531 -807.7936 -9212.7822
v  -3591.8757 -807.7936 -9170.6592
v  -3588.9106 -807.7936 -9150.1045
v  -3585.9919 -807.7936 -9129.8750
v  -3583.1184 -807.7936 -9109.9570
v  -3580.2886 -807.7936 -9090.3418
v  -3577.5005 -807.7936 -9071.0156
v  -3574.7524 -807.7936 -9051.9688
v  -3572.0435 -807.7936 -9033.1904
v  -3569.3711 -807.7936 -9014.6689
v  -3566.7346 -807.7936 -8996.3926
v  -3564.1316 -807.7936 -8978.3506
v  -3561.5610 -807.7936 -8960.5322
v  -3559.0210 -807.7936 -8942.9258
v  -3556.5098 -807.7936 -8925.5205
v  -3554.0261 -807.7936 -8908.3047
v  -3544.6252 -807.7936 -9196.8818
v  -3546.1609 -807.7936 -9218.2783
v  -3543.1145 -807.7936 -9175.8330
v  -3541.6282 -807.7936 -9155.1221
v  -3540.1653 -807.7936 -9134.7373
v  -3538.7249 -807.7936 -9114.6680
v  -3537.3062 -807.7936 -9094.9023
v  -3535.9087 -807.7936 -9075.4287
v  -3534.5313 -807.7936 -9056.2373
v  -3533.1731 -807.7936 -9037.3154
v  -3531.8337 -807.7936 -9018.6523
v  -3530.5120 -807.7936 -9000.2363
v  -3529.2073 -807.7936 -8982.0566
v  -3527.9187 -807.7936 -8964.1016
v  -3526.6455 -807.7936 -8946.3613
v  -3525.3867 -807.7936 -8928.8223
v  -3524.1418 -807.7936 -8911.4756
v  -3633.6997 -807.7936 -8569.4863
v  -3647.6931 -807.7936 -8577.1572
v  -3653.3325 -807.7936 -8566.1299
v  -3638.8254 -807.7936 -8559.4639
v  -3627.8696 -807.7936 -8579.1230
v  -3641.2786 -807.7936 -8587.7598
v  -3621.3645 -807.7936 -8588.3252
v  -3634.1213 -807.7936 -8597.8838
v  -3614.2170 -807.7936 -8597.0449
v  -3626.2573 -807.7936 -8607.4785
v  -3606.4631 -807.7936 -8605.2402
v  -3617.7263 -807.7936 -8616.4941
v  -3598.1423 -807.7936 -8612.8682
v  -3608.5713 -807.7936 -8624.8877
v  -3589.2961 -807.7936 -8619.8916
v  -3598.8386 -807.7936 -8632.6152
v  -3579.9697 -807.7936 -8626.2734
v  -3588.5771 -807.7936 -8639.6367
v  -3570.2102 -807.7936 -8631.9834
v  -3577.8391 -807.7936 -8645.9189
v  -3560.0662 -807.7936 -8636.9922
v  -3566.6782 -807.7936 -8651.4297
v  -3549.5894 -807.7936 -8641.2734
v  -3555.1511 -807.7936 -8656.1396
v  -3538.8325 -807.7936 -8644.8057
v  -3543.3159 -807.7936 -8660.0264
v  -3527.8499 -807.7936 -8647.5713
v  -3531.2324 -807.7936 -8663.0693
v  -3516.6968 -807.7936 -8649.5576
v  -3518.9614 -807.7936 -8665.2549
v  -3505.4299 -807.7936 -8650.7539
v  -3506.5652 -807.7936 -8666.5703
v  -3661.6965 -807.7936 -8584.8330
v  -3667.8503 -807.7936 -8572.8008
v  -3654.6973 -807.7936 -8596.4023
v  -3646.8872 -807.7936 -8607.4492
v  -3638.3062 -807.7936 -8617.9189
v  -3628.9976 -807.7936 -8627.7568
v  -3619.0078 -807.7936 -8636.9150
v  -3608.3875 -807.7936 -8645.3467
v  -3597.1907 -807.7936 -8653.0098
v  -3585.4734 -807.7936 -8659.8643
v  -3573.2952 -807.7936 -8665.8770
v  -3560.7170 -807.7936 -8671.0166
v  -3547.8027 -807.7936 -8675.2578
v  -3534.6174 -807.7936 -8678.5791
v  -3521.2278 -807.7936 -8680.9629
v  -3507.7012 -807.7936 -8682.3984
v  -3675.7200 -807.7936 -8592.5205
v  -3682.3884 -807.7936 -8579.4805
v  -3668.1350 -807.7936 -8605.0576
v  -3659.6714 -807.7936 -8617.0283
v  -3650.3723 -807.7936 -8628.3740
v  -3640.2847 -807.7936 -8639.0361
v  -3629.4590 -807.7936 -8648.9600
v  -3617.9502 -807.7936 -8658.0977
v  -3605.8164 -807.7936 -8666.4014
v  -3593.1187 -807.7936 -8673.8301
v  -3579.9214 -807.7936 -8680.3457
v  -3566.2908 -807.7936 -8685.9150
v  -3552.2959 -807.7936 -8690.5107
v  -3538.0073 -807.7936 -8694.1104
v  -3523.4973 -807.7936 -8696.6943
v  -3508.8386 -807.7936 -8698.2490
v  -3689.7732 -807.7936 -8600.2236
v  -3696.9575 -807.7936 -8586.1748
v  -3681.6011 -807.7936 -8613.7305
v  -3672.4829 -807.7936 -8626.6289
v  -3662.4641 -807.7936 -8638.8516
v  -3651.5957 -807.7936 -8650.3379
v  -3639.9326 -807.7936 -8661.0313
v  -3627.5332 -807.7936 -8670.8750
v  -3614.4604 -807.7936 -8679.8213
v  -3600.7803 -807.7936 -8687.8242
v  -3586.5618 -807.7936 -8694.8447
v  -3571.8765 -807.7936 -8700.8457
v  -3556.7986 -807.7936 -8705.7969
v  -3541.4045 -807.7936 -8709.6748
v  -3525.7715 -807.7936 -8712.4580
v  -3509.9788 -807.7936 -8714.1338
v  -3703.8662 -807.7936 -8607.9482
v  -3711.5679 -807.7936 -8592.8877
v  -3695.1055 -807.7936 -8622.4287
v  -3685.3303 -807.7936 -8636.2549
v  -3674.5903 -807.7936 -8649.3584
v  -3662.9390 -807.7936 -8661.6729
v  -3650.4358 -807.7936 -8673.1357
v  -3637.1433 -807.7936 -8683.6895
v  -3623.1292 -807.7936 -8693.2793
v  -3608.4636 -807.7936 -8701.8594
v  -3593.2209 -807.7936 -8709.3848
v  -3577.4778 -807.7936 -8715.8174
v  -3561.3142 -807.7936 -8721.1260
v  -3544.8110 -807.7936 -8725.2832
v  -3528.0522 -807.7936 -8728.2666
v  -3511.1221 -807.7936 -8730.0635
v  -3718.0088 -807.7936 -8615.7012
v  -3726.2300 -807.7936 -8599.6250
v  -3708.6577 -807.7936 -8631.1572
v  -3698.2234 -807.7936 -8645.9160
v  -3686.7593 -807.7936 -8659.9033
v  -3674.3225 -807.7936 -8673.0479
v  -3660.9761 -807.7936 -8685.2832
v  -3646.7874 -807.7936 -8696.5479
v  -3631.8284 -807.7936 -8706.7852
v  -3616.1741 -807.7936 -8715.9434
v  -3599.9036 -807.7936 -8723.9766
v  -3583.0991 -807.7936 -8730.8428
v  -3565.8455 -807.7936 -8736.5088
v  -3548.2297 -807.7936 -8740.9463
v  -3530.3411 -807.7936 -8744.1318
v  -3512.2693 -807.7936 -8746.0488
v  -3732.2114 -807.7936 -8623.4854
v  -3740.9541 -807.7936 -8606.3906
v  -3722.2668 -807.7936 -8639.9229
v  -3711.1709 -807.7936 -8655.6182
v  -3698.9795 -807.7936 -8670.4922
v  -3685.7537 -807.7936 -8684.4707
v  -3671.5608 -807.7936 -8697.4824
v  -3656.4722 -807.7936 -8709.4609
v  -3640.5642 -807.7936 -8720.3477
v  -3623.9170 -807.7936 -8730.0869
v  -3606.6145 -807.7936 -8738.6289
v  -3588.7441 -807.7936 -8745.9316
v  -3570.3960 -807.7936 -8751.9570
v  -3551.6631 -807.7936 -8756.6758
v  -3532.6394 -807.7936 -8760.0635
v  -3513.4214 -807.7936 -8762.1025
v  -3746.4836 -807.7936 -8631.3096
v  -3755.7502 -807.7936 -8613.1885
v  -3735.9431 -807.7936 -8648.7314
v  -3724.1821 -807.7936 -8665.3672
v  -3711.2598 -807.7936 -8681.1328
v  -3697.2412 -807.7936 -8695.9492
v  -3682.1978 -807.7936 -8709.7402
v  -3666.2046 -807.7936 -8722.4385
v  -3649.3430 -807.7936 -8733.9775
v  -3631.6980 -807.7936 -8744.3008
v  -3613.3582 -807.7936 -8753.3545
v  -3594.4167 -807.7936 -8761.0947
v  -3574.9690 -807.7936 -8767.4814
v  -3555.1130 -807.7936 -8772.4824
v  -3534.9492 -807.7936 -8776.0732
v  -3514.5791 -807.7936 -8778.2344
v  -3760.8352 -807.7936 -8639.1758
v  -3770.6289 -807.7936 -8620.0254
v  -3749.6956 -807.7936 -8657.5889
v  -3737.2656 -807.7936 -8675.1709
v  -3723.6084 -807.7936 -8691.8330
v  -3708.7927 -807.7936 -8707.4922
v  -3692.8938 -807.7936 -8722.0674
v  -3675.9912 -807.7936 -8735.4873
v  -3658.1709 -807.7936 -8747.6826
v  -3639.5222 -807.7936 -8758.5928
v  -3620.1396 -807.7936 -8768.1621
v  -3600.1211 -807.7936 -8776.3418
v  -3579.5674 -807.7936 -8783.0918
v  -3558.5823 -807.7936 -8788.3779
v  -3537.2717 -807.7936 -8792.1719
v  -3515.7434 -807.7936 -8794.4570
v  -3775.2769 -807.7936 -8647.0918
v  -3785.6006 -807.7936 -8626.9043
v  -3763.5337 -807.7936 -8666.5020
v  -3750.4307 -807.7936 -8685.0361
v  -3736.0342 -807.7936 -8702.6006
v  -3720.4165 -807.7936 -8719.1064
v  -3703.6565 -807.7936 -8734.4717
v  -3685.8389 -807.7936 -8748.6182
v  -3667.0537 -807.7936 -8761.4736
v  -3647.3955 -807.7936 -8772.9746
v  -3626.9634 -807.7936 -8783.0615
v  -3605.8611 -807.7936 -8791.6846
v  -3584.1943 -807.7936 -8798.7998
v  -3562.0732 -807.7936 -8804.3721
v  -3539.6089 -807.7936 -8808.3721
v  -3516.9150 -807.7936 -8810.7803
v  -3789.8174 -807.7936 -8655.0625
v  -3800.6753 -807.7936 -8633.8311
v  -3777.4673 -807.7936 -8675.4766
v  -3763.6865 -807.7936 -8694.9688
v  -3748.5454 -807.7936 -8713.4414
v  -3732.1201 -807.7936 -8730.8018
v  -3714.4934 -807.7936 -8746.9609
v  -3695.7544 -807.7936 -8761.8389
v  -3675.9976 -807.7936 -8775.3594
v  -3655.3228 -807.7936 -8787.4551
v  -3633.8342 -807.7936 -8798.0635
v  -3611.6404 -807.7936 -8807.1328
v  -3588.8535 -807.7936 -8814.6162
v  -3565.5881 -807.7936 -8820.4756
v  -3541.9622 -807.7936 -8824.6826
v  -3518.0945 -807.7936 -8827.2158
v  -3804.4680 -807.7936 -8663.0938
v  -3815.8638 -807.7936 -8640.8096
v  -3791.5056 -807.7936 -8684.5186
v  -3777.0425 -807.7936 -8704.9766
v  -3761.1511 -807.7936 -8724.3643
v  -3743.9121 -807.7936 -8742.5840
v  -3725.4121 -807.7936 -8759.5449
v  -3705.7449 -807.7936 -8775.1592
v  -3685.0090 -807.7936 -8789.3496
v  -3663.3101 -807.7936 -8802.0439
v  -3640.7568 -807.7936 -8813.1787
v  -3617.4634 -807.7936 -8822.6973
v  -3593.5474 -807.7936 -8830.5518
v  -3569.1296 -807.7936 -8836.7012
v  -3544.3330 -807.7936 -8841.1172
v  -3519.2830 -807.7936 -8843.7754
v  -3819.2378 -807.7936 -8671.1895
v  -3831.1758 -807.7936 -8647.8457
v  -3805.6587 -807.7936 -8693.6338
v  -3790.5071 -807.7936 -8715.0654
v  -3773.8596 -807.7936 -8735.3760
v  -3755.8000 -807.7936 -8754.4629
v  -3736.4197 -807.7936 -8772.2305
v  -3715.8164 -807.7936 -8788.5889
v  -3694.0940 -807.7936 -8803.4541
v  -3671.3623 -807.7936 -8816.7529
v  -3647.7358 -807.7936 -8828.4170
v  -3623.3340 -807.7936 -8838.3887
v  -3598.2798 -807.7936 -8846.6162
v  -3572.7000 -807.7936 -8853.0596
v  -3546.7234 -807.7936 -8857.6855
v  -3520.4812 -807.7936 -8860.4697
v  -3834.1370 -807.7936 -8679.3564
v  -3846.6218 -807.7936 -8654.9424
v  -3819.9355 -807.7936 -8702.8291
v  -3804.0896 -807.7936 -8725.2432
v  -3786.6792 -807.7936 -8746.4844
v  -3767.7922 -807.7936 -8766.4463
v  -3747.5239 -807.7936 -8785.0273
v  -3725.9763 -807.7936 -8802.1348
v  -3703.2585 -807.7936 -8817.6826
v  -3679.4849 -807.7936 -8831.5908
v  -3654.7759 -807.7936 -8843.7891
v  -3629.2559 -807.7936 -8854.2178
v  -3603.0535 -807.7936 -8862.8223
v  -3576.3015 -807.7936 -8869.5605
v  -3549.1345 -807.7936 -8874.3984
v  -3521.6897 -807.7936 -8877.3105
v  -3849.1753 -807.7936 -8687.5996
v  -3862.2126 -807.7936 -8662.1064
v  -3834.3462 -807.7936 -8712.1113
v  -3817.7993 -807.7936 -8735.5156
v  -3799.6189 -807.7936 -8757.6973
v  -3779.8965 -807.7936 -8778.5420
v  -3758.7317 -807.7936 -8797.9443
v  -3736.2312 -807.7936 -8815.8086
v  -3712.5088 -807.7936 -8832.0430
v  -3687.6838 -807.7936 -8846.5664
v  -3661.8818 -807.7936 -8859.3047
v  -3635.2332 -807.7936 -8870.1943
v  -3607.8721 -807.7936 -8879.1797
v  -3579.9368 -807.7936 -8886.2168
v  -3551.5684 -807.7936 -8891.2676
v  -3522.9097 -807.7936 -8894.3086
v  -2236.7314 -753.7045 -9182.1992
v  -2190.5640 -753.7051 -9091.9219
v  -2289.2454 -753.7038 -9268.9980
v  -2347.8403 -753.7032 -9351.8799
v  -2412.2209 -753.7026 -9430.4277
v  -2482.0620 -753.7020 -9504.2422
v  -2557.0112 -753.7014 -9572.9541
v  -2636.6904 -753.7007 -9636.2139
v  -2720.6968 -753.7002 -9693.7041
v  -2808.6069 -753.6996 -9745.1338
v  -2899.9771 -753.6990 -9790.2432
v  -2994.3457 -753.6984 -9828.8047
v  -3091.2368 -753.6978 -9860.6240
v  -3190.1611 -753.6971 -9885.5410
v  -3290.6199 -753.6965 -9903.4287
v  -3392.1055 -753.6960 -9914.1982
v  -3494.1060 -753.6953 -9917.7939
v  -2253.4297 -759.9606 -9173.0459
v  -2207.8752 -759.9611 -9083.9678
v  -2305.2463 -759.9598 -9258.6924
v  -2363.0632 -759.9593 -9340.4736
v  -2426.5889 -759.9587 -9417.9775
v  -2495.5022 -759.9581 -9490.8125
v  -2569.4561 -759.9576 -9558.6113
v  -2648.0771 -759.9570 -9621.0313
v  -2730.9678 -759.9564 -9677.7578
v  -2817.7104 -759.9558 -9728.5039
v  -2907.8672 -759.9552 -9773.0146
v  -3000.9824 -759.9546 -9811.0645
v  -3096.5869 -759.9540 -9842.4609
v  -3194.1978 -759.9534 -9867.0469
v  -3293.3220 -759.9529 -9884.6973
v  -3393.4600 -759.9523 -9895.3232
v  -3494.1060 -759.9517 -9898.8711
v  -2270.5906 -765.8116 -9163.6396
v  -2225.6660 -765.8121 -9075.7930
v  -2321.6904 -765.8110 -9248.1016
v  -2378.7075 -765.8104 -9328.7510
v  -2441.3545 -765.8098 -9405.1826
v  -2509.3149 -765.8093 -9477.0107
v  -2582.2456 -765.8087 -9543.8711
v  -2659.7791 -765.8082 -9605.4287
v  -2741.5234 -765.8076 -9661.3701
v  -2827.0664 -765.8071 -9711.4150
v  -2915.9758 -765.8065 -9755.3096
v  -3007.8035 -765.8059 -9792.8330
v  -3102.0854 -765.8054 -9823.7959
v  -3198.3459 -765.8048 -9848.0410
v  -3296.0994 -765.8043 -9865.4473
v  -3394.8521 -765.8037 -9875.9268
v  -3494.1060 -765.8032 -9879.4258
v  -2288.1880 -771.2712 -9153.9941
v  -2243.9094 -771.2717 -9067.4102
v  -2338.5527 -771.2706 -9237.2402
v  -2394.7500 -771.2700 -9316.7305
v  -2456.4956 -771.2695 -9392.0635
v  -2523.4785 -771.2690 -9462.8574
v  -2595.3608 -771.2684 -9528.7568
v  -2671.7788 -771.2679 -9589.4287
v  -2752.3477 -771.2675 -9644.5654
v  -2836.6599 -771.2669 -9693.8906
v  -2924.2910 -771.2664 -9737.1533
v  -3014.7976 -771.2657 -9774.1377
v  -3107.7236 -771.2653 -9804.6543
v  -3202.5999 -771.2648 -9828.5518
v  -3298.9473 -771.2642 -9845.7070
v  -3396.2798 -771.2637 -9856.0361
v  -3494.1060 -771.2631 -9859.4844
v  -2306.1953 -776.3529 -9144.1230
v  -2262.5784 -776.3535 -9058.8330
v  -2355.8081 -776.3524 -9226.1270
v  -2411.1660 -776.3518 -9304.4297
v  -2471.9900 -776.3514 -9378.6367
v  -2537.9727 -776.3508 -9448.3750
v  -2608.7813 -776.3503 -9513.2900
v  -2684.0583 -776.3499 -9573.0547
v  -2763.4238 -776.3493 -9627.3691
v  -2846.4775 -776.3488 -9675.9570
v  -2932.7998 -776.3483 -9718.5742
v  -3021.9551 -776.3478 -9755.0059
v  -3113.4934 -776.3473 -9785.0674
v  -3206.9526 -776.3467 -9808.6074
v  -3301.8613 -776.3463 -9825.5078
v  -3397.7405 -776.3458 -9835.6816
v  -3494.1060 -776.3453 -9839.0791
v  -2324.5874 -781.0703 -9134.0410
v  -2281.6458 -781.0708 -9050.0713
v  -2373.4321 -781.0698 -9214.7754
v  -2427.9331 -781.0692 -9291.8662
v  -2487.8149 -781.0687 -9364.9248
v  -2552.7761 -781.0683 -9433.5820
v  -2622.4885 -781.0678 -9497.4922
v  -2696.6001 -781.0673 -9556.3320
v  -2774.7368 -781.0668 -9609.8057
v  -2856.5044 -781.0664 -9657.6416
v  -2941.4902 -781.0659 -9699.5986
v  -3029.2651 -781.0653 -9735.4658
v  -3119.3862 -781.0649 -9765.0625
v  -3211.3987 -781.0645 -9788.2383
v  -3304.8379 -781.0639 -9804.8760
v  -3399.2324 -781.0635 -9814.8926
v  -3494.1060 -781.0630 -9818.2373
v  -2343.3379 -785.4368 -9123.7637
v  -2301.0845 -785.4373 -9041.1396
v  -2391.3994 -785.4363 -9203.2031
v  -2445.0266 -785.4357 -9279.0576
v  -2503.9485 -785.4353 -9350.9453
v  -2567.8682 -785.4349 -9418.5020
v  -2636.4629 -785.4344 -9481.3867
v  -2709.3862 -785.4340 -9539.2842
v  -2786.2703 -785.4335 -9591.8994
v  -2866.7268 -785.4330 -9638.9688
v  -2950.3501 -785.4326 -9680.2539
v  -3036.7178 -785.4321 -9715.5459
v  -3125.3940 -785.4316 -9744.6680
v  -3215.9312 -785.4312 -9767.4717
v  -3307.8723 -785.4307 -9783.8428
v  -3400.7537 -785.4302 -9793.6992
v  -3494.1060 -785.4297 -9796.9902
v  -2362.4207 -789.4659 -9113.3027
v  -2320.8679 -789.4663 -9032.0498
v  -2409.6851 -789.4655 -9191.4258
v  -2462.4229 -789.4649 -9266.0225
v  -2520.3679 -789.4645 -9336.7178
v  -2583.2275 -789.4641 -9403.1543
v  -2650.6848 -789.4636 -9464.9971
v  -2722.3989 -789.4633 -9521.9336
v  -2798.0078 -789.4628 -9573.6768
v  -2877.1304 -789.4623 -9619.9648
v  -2959.3669 -789.4619 -9660.5654
v  -3044.3022 -789.4615 -9695.2725
v  -3131.5081 -789.4610 -9723.9111
v  -3220.5439 -789.4606 -9746.3369
v  -3310.9607 -789.4601 -9762.4375
v  -3402.3015 -789.4597 -9772.1299
v  -3494.1060 -789.4593 -9775.3652
v  -2381.8096 -793.1713 -9102.6748
v  -2340.9688 -793.1716 -9022.8135
v  -2428.2644 -793.1708 -9179.4590
v  -2480.0986 -793.1703 -9252.7773
v  -2537.0508 -793.1699 -9322.2617
v  -2598.8335 -793.1695 -9387.5596
v  -2665.1350 -793.1691 -9448.3428
v  -2735.6204 -793.1686 -9504.3047
v  -2809.9341 -793.1682 -9555.1611
v  -2887.7009 -793.1679 -9600.6563
v  -2968.5286 -793.1674 -9640.5605
v  -3052.0088 -793.1670 -9674.6738
v  -3137.7205 -793.1666 -9702.8213
v  -3225.2310 -793.1661 -9724.8633
v  -3314.0984 -793.1658 -9740.6875
v  -3403.8745 -793.1653 -9750.2139
v  -3494.1060 -793.1649 -9753.3945
v  -2401.4790 -796.5663 -9091.8936
v  -2361.3604 -796.5667 -9013.4443
v  -2447.1123 -796.5659 -9167.3193
v  -2498.0298 -796.5654 -9239.3418
v  -2553.9749 -796.5651 -9307.5967
v  -2614.6650 -796.5646 -9371.7402
v  -2679.7939 -796.5642 -9431.4492
v  -2749.0332 -796.5638 -9486.4199
v  -2822.0327 -796.5635 -9536.3779
v  -2898.4243 -796.5630 -9581.0684
v  -2977.8228 -796.5626 -9620.2676
v  -3059.8267 -796.5623 -9653.7764
v  -3144.0227 -796.5618 -9681.4268
v  -3229.9856 -796.5615 -9703.0791
v  -3317.2815 -796.5610 -9718.6230
v  -3405.4700 -796.5607 -9727.9814
v  -3494.1060 -796.5602 -9731.1055
v  -2421.4023 -799.6646 -9080.9717
v  -2382.0156 -799.6649 -9003.9531
v  -2466.2036 -799.6642 -9155.0225
v  -2516.1929 -799.6638 -9225.7314
v  -2571.1177 -799.6633 -9292.7422
v  -2630.7012 -799.6629 -9355.7168
v  -2694.6426 -799.6626 -9414.3359
v  -2762.6191 -799.6622 -9468.3047
v  -2834.2876 -799.6618 -9517.3516
v  -2909.2864 -799.6615 -9561.2275
v  -2987.2368 -799.6610 -9599.7119
v  -3067.7456 -799.6607 -9632.6104
v  -3150.4063 -799.6603 -9659.7559
v  -3234.8018 -799.6600 -9681.0137
v  -3320.5059 -799.6595 -9696.2744
v  -3407.0862 -799.6592 -9705.4619
v  -3494.1060 -799.6588 -9708.5293
v  -2441.5542 -802.4795 -9069.9258
v  -2402.9072 -802.4799 -8994.3545
v  -2485.5137 -802.4791 -9142.5859
v  -2534.5637 -802.4788 -9211.9658
v  -2588.4568 -802.4783 -9277.7178
v  -2646.9209 -802.4780 -9339.5088
v  -2709.6611 -802.4776 -9397.0273
v  -2776.3608 -802.4772 -9449.9824
v  -2846.6826 -802.4770 -9498.1074
v  -2920.2725 -802.4766 -9541.1592
v  -2996.7588 -802.4762 -9578.9209
v  -3075.7551 -802.4758 -9611.2012
v  -3156.8628 -802.4755 -9637.8369
v  -3239.6729 -802.4752 -9658.6953
v  -3323.7671 -802.4748 -9673.6689
v  -3408.7209 -802.4745 -9682.6836
v  -3494.1060 -802.4741 -9685.6934
v  -2461.9080 -805.0247 -9058.7686
v  -2424.0083 -805.0250 -8984.6582
v  -2505.0173 -805.0243 -9130.0234
v  -2553.1189 -805.0240 -9198.0625
v  -2605.9700 -805.0236 -9262.5430
v  -2663.3037 -805.0233 -9323.1387
v  -2724.8306 -805.0229 -9379.5449
v  -2790.2402 -805.0226 -9431.4766
v  -2859.2024 -805.0222 -9478.6709
v  -2931.3691 -805.0220 -9520.8896
v  -3006.3762 -805.0215 -9557.9209
v  -3083.8450 -805.0213 -9589.5771
v  -3163.3843 -805.0209 -9615.6982
v  -3244.5930 -805.0206 -9636.1523
v  -3327.0610 -805.0202 -9650.8369
v  -3410.3721 -805.0200 -9659.6777
v  -3494.1060 -805.0196 -9662.6289
v  -2482.4377 -807.7936 -9047.5156
v  -2445.2920 -807.7936 -8974.8789
v  -2524.6899 -807.7936 -9117.3525
v  -2571.8347 -807.7936 -9184.0391
v  -2623.6345 -807.7936 -9247.2363
v  -2679.8279 -807.7936 -9306.6270
v  -2740.1309 -807.7936 -9361.9111
v  -2804.2397 -807.7936 -9412.8096
v  -2871.8303 -807.7936 -9459.0654
v  -2942.5618 -807.7936 -9500.4453
v  -3016.0769 -807.7936 -9536.7393
v  -3092.0049 -807.7936 -9567.7656
v  -3169.9624 -807.7936 -9593.3672
v  -3249.5557 -807.7936 -9613.4150
v  -3330.3835 -807.3560 -9627.8076
v  -3412.0376 -806.6324 -9636.4717
v  -3494.1060 -806.3232 -9639.3652
v  -2503.1179 -807.7936 -9036.1797
v  -2466.7312 -807.7936 -8965.0283
v  -2544.5063 -807.7936 -9104.5889
v  -2590.6875 -807.7936 -9169.9121
v  -2641.4285 -807.7936 -9231.8184
v  -2696.4729 -807.7936 -9289.9951
v  -2755.5435 -807.7936 -9344.1484
v  -2818.3416 -807.7936 -9394.0068
v  -2884.5505 -807.7936 -9439.3174
v  -2953.8362 -807.7936 -9479.8506
v  -3025.8486 -807.7936 -9515.4033
v  -3100.2244 -807.7936 -9545.7949
v  -3176.5884 -807.7936 -9570.8730
v  -3254.5547 -807.7936 -9590.5117
v  -3333.7302 -807.7936 -9604.6094
v  -3413.7151 -807.7936 -9613.0967
v  -3494.1060 -807.3176 -9615.9307
v  -2523.9219 -807.7936 -9024.7754
v  -2488.2993 -807.7936 -8955.1182
v  -2564.4414 -807.7936 -9091.7490
v  -2609.6533 -807.7936 -9155.7012
v  -2659.3289 -807.7936 -9216.3066
v  -2713.2178 -807.7936 -9273.2627
v  -2771.0483 -807.7936 -9326.2793
v  -2832.5283 -807.7936 -9375.0908
v  -2897.3472 -807.7936 -9419.4502
v  -2965.1782 -807.7936 -9459.1328
v  -3035.6790 -807.7936 -9493.9385
v  -3108.4934 -807.7936 -9523.6934
v  -3183.2539 -807.7936 -9548.2451
v  -3259.5837 -807.7936 -9567.4707
v  -3337.0972 -807.7936 -9581.2725
v  -3415.4028 -807.7936 -9589.5820
v  -3494.1060 -807.7936 -9592.3564
v  -4797.6479 -753.6856 -9091.9219
v  -4751.4805 -753.6862 -9182.1992
v  -4780.3364 -759.9424 -9083.9678
v  -4734.7822 -759.9430 -9173.0459
v  -4762.5459 -765.7943 -9075.7930
v  -4717.6211 -765.7949 -9163.6396
v  -4744.3022 -771.2548 -9067.4102
v  -4700.0239 -771.2552 -9153.9932
v  -4725.6333 -776.3372 -9058.8320
v  -4682.0166 -776.3378 -9144.1221
v  -4706.5659 -781.0553 -9050.0713
v  -4663.6240 -781.0558 -9134.0410
v  -4687.1270 -785.4225 -9041.1396
v  -4644.8740 -785.4230 -9123.7627
v  -4667.3438 -789.4524 -9032.0488
v  -4625.7910 -789.4528 -9113.3027
v  -4647.2427 -793.1583 -9022.8135
v  -4606.4023 -793.1588 -9102.6748
v  -4626.8516 -796.5540 -9013.4434
v  -4586.7329 -796.5544 -9091.8926
v  -4606.1963 -799.6529 -9003.9531
v  -4566.8096 -799.6533 -9080.9717
v  -4585.3047 -802.4685 -8994.3535
v  -4546.6577 -802.4689 -9069.9258
v  -4564.2036 -805.0143 -8984.6582
v  -4526.3037 -805.0148 -9058.7686
v  -4542.9199 -807.7936 -8974.8789
v  -4505.7739 -807.7936 -9047.5146
v  -4521.4805 -807.7936 -8965.0273
v  -4485.0938 -807.7936 -9036.1787
v  -4499.9126 -807.7936 -8955.1172
v  -4464.2900 -807.7936 -9024.7754
v  -4698.9668 -753.6868 -9268.9980
v  -4682.9658 -759.9435 -9258.6924
v  -4666.5215 -765.7953 -9248.1006
v  -4649.6592 -771.2556 -9237.2402
v  -4632.4033 -776.3382 -9226.1260
v  -4614.7798 -781.0563 -9214.7744
v  -4596.8125 -785.4234 -9203.2021
v  -4578.5269 -789.4532 -9191.4248
v  -4559.9473 -793.1592 -9179.4580
v  -4541.0996 -796.5549 -9167.3184
v  -4522.0083 -799.6537 -9155.0225
v  -4502.6982 -802.4693 -9142.5850
v  -4483.1943 -805.0150 -9130.0234
v  -4463.5220 -807.7936 -9117.3525
v  -4443.7056 -807.7936 -9104.5889
v  -4423.7705 -807.7936 -9091.7490
v  -4640.3716 -753.6873 -9351.8799
v  -4625.1484 -759.9441 -9340.4736
v  -4609.5039 -765.7959 -9328.7510
v  -4593.4619 -771.2562 -9316.7305
v  -4577.0454 -776.3387 -9304.4297
v  -4560.2788 -781.0566 -9291.8652
v  -4543.1851 -785.4238 -9279.0576
v  -4525.7886 -789.4536 -9266.0215
v  -4508.1133 -793.1595 -9252.7773
v  -4490.1816 -796.5551 -9239.3418
v  -4472.0190 -799.6541 -9225.7314
v  -4453.6479 -802.4696 -9211.9658
v  -4435.0928 -805.0154 -9198.0625
v  -4416.3770 -807.7936 -9184.0381
v  -4397.5244 -807.7936 -9169.9111
v  -4378.5586 -807.7936 -9155.7002
v  -4575.9907 -753.6879 -9430.4268
v  -4561.6230 -759.9447 -9417.9775
v  -4546.8574 -765.7964 -9405.1826
v  -4531.7158 -771.2568 -9392.0625
v  -4516.2217 -776.3392 -9378.6367
v  -4500.3965 -781.0571 -9364.9248
v  -4484.2632 -785.4243 -9350.9443
v  -4467.8438 -789.4540 -9336.7168
v  -4451.1606 -793.1599 -9322.2617
v  -4434.2368 -796.5555 -9307.5967
v  -4417.0942 -799.6543 -9292.7422
v  -4399.7549 -802.4698 -9277.7178
v  -4382.2417 -805.0156 -9262.5430
v  -4364.5771 -807.7936 -9247.2363
v  -4346.7832 -807.7936 -9231.8174
v  -4328.8828 -807.7936 -9216.3066
v  -4506.1494 -753.6886 -9504.2422
v  -4492.7095 -759.9453 -9490.8125
v  -4478.8970 -765.7969 -9477.0107
v  -4464.7329 -771.2573 -9462.8574
v  -4450.2388 -776.3396 -9448.3740
v  -4435.4355 -781.0576 -9433.5820
v  -4420.3438 -785.4247 -9418.5010
v  -4404.9844 -789.4544 -9403.1533
v  -4389.3784 -793.1603 -9387.5596
v  -4373.5469 -796.5559 -9371.7402
v  -4357.5107 -799.6547 -9355.7158
v  -4341.2905 -802.4702 -9339.5088
v  -4324.9082 -805.0160 -9323.1387
v  -4308.3838 -807.7936 -9306.6270
v  -4291.7388 -807.7936 -9289.9941
v  -4274.9937 -807.7936 -9273.2627
v  -4431.2002 -753.6892 -9572.9531
v  -4418.7559 -759.9458 -9558.6113
v  -4405.9658 -765.7975 -9543.8711
v  -4392.8511 -771.2578 -9528.7559
v  -4379.4307 -776.3401 -9513.2891
v  -4365.7231 -781.0581 -9497.4922
v  -4351.7490 -785.4252 -9481.3867
v  -4337.5269 -789.4548 -9464.9961
v  -4323.0767 -793.1608 -9448.3428
v  -4308.4175 -796.5563 -9431.4482
v  -4293.5693 -799.6550 -9414.3359
v  -4278.5503 -802.4706 -9397.0273
v  -4263.3813 -805.0162 -9379.5449
v  -4248.0806 -807.7936 -9361.9111
v  -4232.6680 -807.7936 -9344.1484
v  -4217.1631 -807.7936 -9326.2793
v  -4351.5215 -753.6898 -9636.2139
v  -4340.1348 -759.9464 -9621.0313
v  -4328.4326 -765.7982 -9605.4277
v  -4316.4331 -771.2583 -9589.4277
v  -4304.1533 -776.3407 -9573.0547
v  -4291.6118 -781.0585 -9556.3320
v  -4278.8257 -785.4256 -9539.2832
v  -4265.8130 -789.4553 -9521.9326
v  -4252.5913 -793.1611 -9504.3037
v  -4239.1787 -796.5567 -9486.4199
v  -4225.5928 -799.6554 -9468.3047
v  -4211.8511 -802.4709 -9449.9824
v  -4197.9717 -805.0167 -9431.4756
v  -4183.9722 -807.7936 -9412.8096
v  -4169.8701 -807.7936 -9394.0068
v  -4155.6836 -807.7936 -9375.0908
v  -4267.5151 -753.6904 -9693.7031
v  -4257.2441 -759.9470 -9677.7578
v  -4246.6885 -765.7986 -9661.3691
v  -4235.8643 -771.2589 -9644.5654
v  -4224.7876 -776.3412 -9627.3682
v  -4213.4751 -781.0591 -9609.8047
v  -4201.9414 -785.4261 -9591.8994
v  -4190.2036 -789.4557 -9573.6758
v  -4178.2778 -793.1616 -9555.1602
v  -4166.1792 -796.5571 -9536.3770
v  -4153.9243 -799.6558 -9517.3516
v  -4141.5288 -802.4713 -9498.1074
v  -4129.0093 -805.0169 -9478.6699
v  -4116.3813 -807.7936 -9459.0654
v  -4103.6611 -807.7936 -9439.3164
v  -4090.8645 -807.7936 -9419.4492
v  -4179.6050 -753.6910 -9745.1328
v  -4170.5010 -759.9476 -9728.5039
v  -4161.1455 -765.7992 -9711.4141
v  -4151.5518 -771.2594 -9693.8896
v  -4141.7344 -776.3417 -9675.9570
v  -4131.7070 -781.0596 -9657.6406
v  -4121.4849 -785.4266 -9638.9688
v  -4111.0811 -789.4562 -9619.9648
v  -4100.5107 -793.1620 -9600.6563
v  -4089.7874 -796.5575 -9581.0684
v  -4078.9255 -799.6562 -9561.2275
v  -4067.9390 -802.4716 -9541.1592
v  -4056.8425 -805.0173 -9520.8896
v  -4045.6499 -807.7936 -9500.4443
v  -4034.3755 -807.7936 -9479.8506
v  -4023.0334 -807.7936 -9459.1328
v  -4088.2349 -753.6916 -9790.2422
v  -4080.3447 -759.9482 -9773.0146
v  -4072.2361 -765.7997 -9755.3096
v  -4063.9209 -771.2599 -9737.1533
v  -4055.4121 -776.3421 -9718.5742
v  -4046.7217 -781.0601 -9699.5986
v  -4037.8618 -785.4270 -9680.2529
v  -4028.8450 -789.4567 -9660.5654
v  -4019.6831 -793.1625 -9640.5605
v  -4010.3892 -796.5579 -9620.2676
v  -4000.9751 -799.6566 -9599.7119
v  -3991.4531 -802.4720 -9578.9209
v  -3981.8357 -805.0176 -9557.9209
v  -3972.1348 -807.7936 -9536.7393
v  -3962.3630 -807.7936 -9515.4033
v  -3952.5330 -807.7936 -9493.9385
v  -3993.8662 -753.6923 -9828.8047
v  -3987.2292 -759.9488 -9811.0645
v  -3980.4084 -765.8004 -9792.8320
v  -3973.4143 -771.2605 -9774.1377
v  -3966.2568 -776.3427 -9755.0059
v  -3958.9468 -781.0605 -9735.4658
v  -3951.4941 -785.4275 -9715.5459
v  -3943.9094 -789.4571 -9695.2725
v  -3936.2029 -793.1628 -9674.6729
v  -3928.3853 -796.5583 -9653.7764
v  -3920.4663 -799.6569 -9632.6104
v  -3912.4568 -802.4723 -9611.2012
v  -3904.3667 -805.0180 -9589.5771
v  -3896.2070 -807.7936 -9567.7656
v  -3887.9873 -807.7936 -9545.7949
v  -3879.7185 -807.7936 -9523.6934
v  -3896.9751 -753.6929 -9860.6240
v  -3891.6250 -759.9493 -9842.4609
v  -3886.1265 -765.8009 -9823.7949
v  -3880.4883 -771.2610 -9804.6543
v  -3874.7185 -776.3433 -9785.0674
v  -3868.8257 -781.0610 -9765.0625
v  -3862.8179 -785.4280 -9744.6680
v  -3856.7036 -789.4575 -9723.9111
v  -3850.4912 -793.1633 -9702.8213
v  -3844.1892 -796.5587 -9681.4268
v  -3837.8057 -799.6573 -9659.7559
v  -3831.3489 -802.4727 -9637.8369
v  -3824.8274 -805.0182 -9615.6982
v  -3818.2495 -807.7936 -9593.3672
v  -3811.6235 -807.7936 -9570.8730
v  -3804.9578 -807.7936 -9548.2451
v  -3798.0505 -753.6935 -9885.5410
v  -3794.0142 -759.9500 -9867.0469
v  -3789.8660 -765.8015 -9848.0410
v  -3785.6121 -771.2616 -9828.5518
v  -3781.2590 -776.3437 -9808.6074
v  -3776.8132 -781.0615 -9788.2383
v  -3772.2805 -785.4285 -9767.4717
v  -3767.6677 -789.4580 -9746.3369
v  -3762.9810 -793.1637 -9724.8633
v  -3758.2263 -796.5591 -9703.0791
v  -3753.4102 -799.6577 -9681.0137
v  -3748.5388 -802.4730 -9658.6953
v  -3743.6187 -805.0187 -9636.1523
v  -3738.6560 -807.7936 -9613.4150
v  -3733.6572 -807.7936 -9590.5117
v  -3728.6282 -807.7936 -9567.4707
v  -3697.5920 -753.6940 -9903.4287
v  -3694.8896 -759.9505 -9884.6973
v  -3692.1123 -765.8020 -9865.4473
v  -3689.2646 -771.2621 -9845.7070
v  -3686.3503 -776.3442 -9825.5078
v  -3683.3738 -781.0620 -9804.8760
v  -3680.3394 -785.4288 -9783.8428
v  -3677.2512 -789.4584 -9762.4375
v  -3674.1133 -793.1641 -9740.6875
v  -3670.9302 -796.5595 -9718.6230
v  -3667.7061 -799.6581 -9696.2744
v  -3664.4448 -802.4734 -9673.6689
v  -3661.1509 -805.0189 -9650.8369
v  -3657.8284 -807.3560 -9627.8076
v  -3654.4817 -807.7936 -9604.6094
v  -3651.1147 -807.7936 -9581.2725
v  -3596.1064 -753.6947 -9914.1982
v  -3594.7517 -759.9511 -9895.3232
v  -3593.3596 -765.8026 -9875.9268
v  -3591.9321 -771.2626 -9856.0361
v  -3590.4712 -776.3447 -9835.6816
v  -3588.9792 -781.0624 -9814.8926
v  -3587.4583 -785.4294 -9793.6992
v  -3585.9102 -789.4589 -9772.1299
v  -3584.3374 -793.1646 -9750.2139
v  -3582.7417 -796.5599 -9727.9814
v  -3581.1255 -799.6584 -9705.4619
v  -3579.4907 -802.4737 -9682.6836
v  -3577.8396 -805.0193 -9659.6777
v  -3576.1743 -806.6324 -9636.4717
v  -3574.4966 -807.7936 -9613.0967
v  -3572.8091 -807.7936 -9589.5820
v  -4155.0430 -807.7936 -8855.2617
v  -4179.3110 -807.7936 -8807.8066
v  -4127.4390 -807.7936 -8900.8867
v  -4096.6387 -807.7936 -8944.4541
v  -4062.7971 -807.7936 -8985.7422
v  -4026.0852 -807.7936 -9024.5430
v  -3986.6885 -807.7936 -9060.6611
v  -3944.8052 -807.7936 -9093.9131
v  -3900.6472 -807.7936 -9124.1328
v  -3854.4375 -807.7936 -9151.1670
v  -3806.4089 -807.7936 -9174.8789
v  -3756.8042 -807.7936 -9195.1484
v  -3705.8735 -807.7936 -9211.8750
v  -3653.8740 -807.7936 -9224.9717
v  -3601.0681 -807.7936 -9234.3750
v  -3547.7224 -807.7936 -9240.0352
v  -3494.1060 -807.7936 -9241.9258
v  -4174.5840 -807.7936 -8865.9727
v  -4199.5693 -807.7936 -8817.1152
v  -4146.1641 -807.7936 -8912.9473
v  -4114.4531 -807.7936 -8957.8027
v  -4079.6108 -807.7936 -9000.3115
v  -4041.8135 -807.7936 -9040.2598
v  -4001.2517 -807.7936 -9077.4453
v  -3958.1304 -807.7936 -9111.6807
v  -3912.6670 -807.7936 -9142.7939
v  -3865.0908 -807.7936 -9170.6270
v  -3815.6423 -807.7936 -9195.0400
v  -3764.5710 -807.7936 -9215.9092
v  -3712.1345 -807.7936 -9233.1299
v  -3658.5977 -807.7936 -9246.6143
v  -3604.2305 -807.7936 -9256.2949
v  -3549.3076 -807.7936 -9262.1230
v  -3494.1060 -807.7936 -9264.0693
v  -4194.3916 -807.7936 -8876.8301
v  -4220.1040 -807.7936 -8826.5508
v  -4165.1445 -807.7936 -8925.1729
v  -4132.5103 -807.7936 -8971.3330
v  -4096.6538 -807.7936 -9015.0791
v  -4057.7563 -807.7936 -9056.1904
v  -4016.0139 -807.7936 -9094.4580
v  -3971.6375 -807.7936 -9129.6904
v  -3924.8506 -807.7936 -9161.7090
v  -3875.8896 -807.7936 -9190.3525
v  -3825.0020 -807.7936 -9215.4756
v  -3772.4438 -807.7936 -9236.9521
v  -3718.4810 -807.7936 -9254.6738
v  -3663.3857 -807.7936 -9268.5518
v  -3607.4360 -807.7936 -9278.5137
v  -3550.9143 -807.7936 -9284.5117
v  -3494.1060 -807.7936 -9286.5146
v  -4214.4395 -807.7936 -8887.8193
v  -4240.8882 -807.7936 -8836.1006
v  -4184.3550 -807.7936 -8937.5459
v  -4150.7866 -807.7936 -8985.0273
v  -4113.9038 -807.7936 -9030.0264
v  -4073.8926 -807.7936 -9072.3145
v  -4030.9553 -807.7936 -9111.6777
v  -3985.3083 -807.7936 -9147.9189
v  -3937.1819 -807.7936 -9180.8535
v  -3886.8193 -807.7936 -9210.3174
v  -3834.4746 -807.7936 -9236.1602
v  -3780.4121 -807.7936 -9258.2520
v  -3724.9045 -807.7936 -9276.4805
v  -3668.2319 -807.7936 -9290.7549
v  -3610.6804 -807.7936 -9301.0029
v  -3552.5408 -807.7936 -9307.1729
v  -3494.1060 -807.7936 -9309.2324
v  -4234.7017 -807.7936 -8898.9268
v  -4261.8945 -807.7936 -8845.7529
v  -4203.7710 -807.7936 -8950.0508
v  -4169.2583 -807.7936 -8998.8691
v  -4131.3379 -807.7936 -9045.1328
v  -4090.2014 -807.7936 -9088.6104
v  -4046.0562 -807.7936 -9129.0811
v  -3999.1252 -807.7936 -9166.3418
v  -3949.6453 -807.7936 -9200.2031
v  -3897.8660 -807.7936 -9230.4951
v  -3844.0491 -807.7936 -9257.0654
v  -3788.4656 -807.7936 -9279.7783
v  -3731.3965 -807.7936 -9298.5205
v  -3673.1299 -807.7936 -9313.1963
v  -3613.9597 -807.7936 -9323.7324
v  -3554.1843 -807.7936 -9330.0752
v  -3494.1060 -807.7936 -9332.1934
v  -4255.1523 -807.7936 -8910.1367
v  -4283.0962 -807.7936 -8855.4941
v  -4223.3672 -807.7936 -8962.6729
v  -4187.9019 -807.7936 -9012.8389
v  -4148.9346 -807.7936 -9060.3809
v  -4106.6621 -807.7936 -9105.0586
v  -4061.2979 -807.7936 -9146.6475
v  -4013.0708 -807.7936 -9184.9365
v  -3962.2244 -807.7936 -9219.7334
v  -3909.0154 -807.7936 -9250.8613
v  -3853.7124 -807.7936 -9278.1650
v  -3796.5940 -807.7936 -9301.5049
v  -3737.9492 -807.7936 -9320.7646
v  -3678.0735 -807.7936 -9335.8457
v  -3617.2693 -807.7936 -9346.6729
v  -3555.8433 -807.7936 -9353.1904
v  -3494.1060 -807.7936 -9355.3672
v  -4275.7651 -807.7936 -8921.4355
v  -4304.4658 -807.7936 -8865.3135
v  -4243.1191 -807.7936 -8975.3945
v  -4206.6934 -807.7936 -9026.9189
v  -4166.6704 -807.7936 -9075.7490
v  -4123.2529 -807.7936 -9121.6367
v  -4076.6602 -807.7936 -9164.3516
v  -4027.1270 -807.7936 -9203.6777
v  -3974.9033 -807.7936 -9239.4170
v  -3920.2532 -807.7936 -9271.3887
v  -3863.4521 -807.7936 -9299.4316
v  -3804.7869 -807.7936 -9323.4043
v  -3744.5537 -807.7936 -9343.1855
v  -3683.0562 -807.7936 -9358.6748
v  -3620.6052 -807.7936 -9369.7949
v  -3557.5156 -807.7936 -9376.4902
v  -3494.1060 -807.7936 -9378.7256
v  -4296.5146 -807.7936 -8932.8096
v  -4325.9771 -807.7936 -8875.1973
v  -4263.0020 -807.7936 -8988.2012
v  -4225.6089 -807.7936 -9041.0928
v  -4184.5234 -807.7936 -9091.2188
v  -4139.9536 -807.7936 -9138.3252
v  -4092.1240 -807.7936 -9182.1738
v  -4041.2759 -807.7936 -9222.5439
v  -3987.6663 -807.7936 -9259.2314
v  -3931.5652 -807.7936 -9292.0518
v  -3873.2563 -807.7936 -9320.8398
v  -3813.0339 -807.7936 -9345.4482
v  -3751.2017 -807.7936 -9365.7539
v  -3688.0718 -807.7936 -9381.6553
v  -3623.9629 -807.7936 -9393.0703
v  -3559.1987 -807.7936 -9399.9434
v  -3494.1060 -807.7936 -9402.2373
v  -4317.3740 -807.7936 -8944.2432
v  -4347.6025 -807.7936 -8885.1338
v  -4282.9902 -807.7936 -9001.0752
v  -4244.6250 -807.7936 -9055.3418
v  -4202.4717 -807.7936 -9106.7705
v  -4156.7432 -807.7936 -9155.1016
v  -4107.6699 -807.7936 -9200.0898
v  -4055.5002 -807.7936 -9241.5098
v  -4000.4968 -807.7936 -9279.1514
v  -3942.9375 -807.7936 -9312.8252
v  -3883.1128 -807.7936 -9342.3613
v  -3821.3247 -807.7936 -9367.6094
v  -3757.8853 -807.7936 -9388.4434
v  -3693.1143 -807.7936 -9404.7578
v  -3627.3389 -807.7936 -9416.4697
v  -3560.8909 -807.7936 -9423.5205
v  -3494.1060 -807.7936 -9425.8750
v  -4338.3179 -807.7936 -8955.7236
v  -4369.3149 -807.7936 -8895.1104
v  -4303.0596 -807.7936 -9014.0010
v  -4263.7178 -807.7936 -9069.6484
v  -4220.4922 -807.7936 -9122.3857
v  -4173.6006 -807.7936 -9171.9463
v  -4123.2788 -807.7936 -9218.0791
v  -4069.7820 -807.7936 -9260.5527
v  -4013.3792 -807.7936 -9299.1514
v  -3954.3555 -807.7936 -9333.6816
v  -3893.0090 -807.7936 -9363.9688
v  -3829.6492 -807.7936 -9389.8594
v  -3764.5957 -807.7936 -9411.2236
v  -3698.1770 -807.7936 -9427.9531
v  -3630.7283 -807.7936 -9439.9629
v  -3562.5898 -807.7936 -9447.1934
v  -3494.1060 -807.7936 -9449.6074
v  -4359.3193 -807.7936 -8967.2354
v  -4391.0879 -807.7936 -8905.1143
v  -4323.1841 -807.7936 -9026.9629
v  -4282.8643 -807.7936 -9083.9951
v  -4238.5630 -807.7936 -9138.0439
v  -4190.5044 -807.7936 -9188.8369
v  -4138.9312 -807.7936 -9236.1182
v  -4084.1033 -807.7936 -9279.6484
v  -4026.2974 -807.7936 -9319.2080
v  -3965.8054 -807.7936 -9354.5967
v  -3902.9326 -807.7936 -9385.6377
v  -3837.9966 -807.7936 -9412.1719
v  -3771.3247 -807.7936 -9434.0674
v  -3703.2537 -807.7936 -9451.2129
v  -3634.1270 -807.7936 -9463.5215
v  -3564.2937 -807.7936 -9470.9326
v  -3494.1060 -807.7936 -9473.4063
v  -4380.3535 -807.7936 -8978.7656
v  -4412.8940 -807.7936 -8915.1348
v  -4343.3394 -807.7936 -9039.9453
v  -4302.0391 -807.7936 -9098.3633
v  -4256.6611 -807.7936 -9153.7266
v  -4207.4346 -807.7936 -9205.7539
v  -4154.6074 -807.7936 -9254.1846
v  -4098.4463 -807.7936 -9298.7734
v  -4039.2354 -807.7936 -9339.2939
v  -3977.2727 -807.7936 -9375.5439
v  -3912.8716 -807.7936 -9407.3389
v  -3846.3569 -807.7936 -9434.5186
v  -3778.0640 -807.7936 -9456.9463
v  -3708.3381 -807.7936 -9474.5088
v  -3637.5310 -807.7936 -9487.1172
v  -3566.0000 -807.7936 -9494.7070
v  -3494.1060 -807.7936 -9497.2422
v  -4401.3936 -807.7936 -8990.2988
v  -4434.7065 -807.7936 -8925.1572
v  -4363.5010 -807.7936 -9052.9307
v  -4321.2202 -807.7936 -9112.7363
v  -4274.7646 -807.7936 -9169.4131
v  -4224.3691 -807.7936 -9222.6768
v  -4170.2881 -807.7936 -9272.2559
v  -4112.7939 -807.7936 -9317.9033
v  -4052.1770 -807.7936 -9359.3867
v  -3988.7434 -807.7936 -9396.4971
v  -3922.8135 -807.7936 -9429.0469
v  -3854.7195 -807.7936 -9456.8721
v  -3784.8054 -807.7936 -9479.8320
v  -3713.4243 -807.7936 -9497.8105
v  -3640.9360 -807.7936 -9510.7188
v  -3567.7068 -807.7936 -9518.4893
v  -3494.1060 -807.7936 -9521.0840
v  -4422.4136 -807.7936 -9001.8213
v  -4456.4985 -807.7936 -8935.1699
v  -4383.6431 -807.7936 -9065.9033
v  -4340.3828 -807.7936 -9127.0947
v  -4292.8511 -807.7936 -9185.0850
v  -4241.2881 -807.7936 -9239.5820
v  -4185.9536 -807.7936 -9290.3105
v  -4127.1279 -807.7936 -9337.0156
v  -4065.1064 -807.7936 -9379.4600
v  -4000.2031 -807.7936 -9417.4297
v  -3932.7456 -807.7936 -9450.7334
v  -3863.0742 -807.7936 -9479.2031
v  -3791.5403 -807.7936 -9502.6953
v  -3718.5054 -807.7936 -9521.0908
v  -3644.3379 -807.7936 -9534.2979
v  -3569.4119 -807.7936 -9542.2490
v  -3494.1060 -807.7936 -9544.9033
v  -4443.3877 -807.7936 -9013.3184
v  -4478.2427 -807.7936 -8945.1611
v  -4403.7412 -807.7936 -9078.8486
v  -4359.5034 -807.7936 -9141.4219
v  -4310.8979 -807.7936 -9200.7227
v  -4258.1699 -807.7936 -9256.4512
v  -4201.5854 -807.7936 -9308.3262
v  -4141.4302 -807.7936 -9356.0859
v  -4078.0076 -807.7936 -9399.4893
v  -4011.6379 -807.7936 -9438.3164
v  -3942.6563 -807.7936 -9472.3730
v  -3871.4106 -807.7936 -9501.4863
v  -3798.2607 -807.7936 -9525.5098
v  -3723.5754 -807.7936 -9544.3203
v  -3647.7322 -807.7936 -9557.8252
v  -3571.1133 -807.7936 -9565.9561
v  -3494.1060 -807.7936 -9568.6709
v  -2808.9009 -807.7936 -8807.8076
v  -2833.1687 -807.7936 -8855.2617
v  -2788.6421 -807.7936 -8817.1162
v  -2813.6279 -807.7936 -8865.9736
v  -2768.1074 -807.7936 -8826.5508
v  -2793.8203 -807.7936 -8876.8311
v  -2747.3235 -807.7936 -8836.1016
v  -2773.7725 -807.7936 -8887.8203
v  -2726.3171 -807.7936 -8845.7529
v  -2753.5100 -807.7936 -8898.9268
v  -2705.1157 -807.7936 -8855.4951
v  -2733.0596 -807.7936 -8910.1367
v  -2683.7456 -807.7936 -8865.3135
v  -2712.4463 -807.7936 -8921.4355
v  -2662.2349 -807.7936 -8875.1973
v  -2691.6973 -807.7936 -8932.8096
v  -2640.6094 -807.7936 -8885.1338
v  -2670.8379 -807.7936 -8944.2441
v  -2618.8970 -807.7936 -8895.1104
v  -2649.8943 -807.7936 -8955.7236
v  -2597.1240 -807.7936 -8905.1152
v  -2628.8923 -807.7936 -8967.2363
v  -2575.3176 -807.7936 -8915.1348
v  -2607.8584 -807.7936 -8978.7656
v  -2553.5051 -807.7936 -8925.1572
v  -2586.8186 -807.7936 -8990.2988
v  -2531.7131 -807.7936 -8935.1699
v  -2565.7986 -807.7936 -9001.8213
v  -2509.9688 -807.7936 -8945.1611
v  -2544.8242 -807.7936 -9013.3184
v  -2860.7727 -807.7936 -8900.8877
v  -2842.0479 -807.7936 -8912.9482
v  -2823.0674 -807.7936 -8925.1729
v  -2803.8569 -807.7936 -8937.5459
v  -2784.4407 -807.7936 -8950.0518
v  -2764.8442 -807.7936 -8962.6729
v  -2745.0923 -807.7936 -8975.3955
v  -2725.2095 -807.7936 -8988.2012
v  -2705.2214 -807.7936 -9001.0752
v  -2685.1523 -807.7936 -9014.0020
v  -2665.0278 -807.7936 -9026.9629
v  -2644.8723 -807.7936 -9039.9453
v  -2624.7112 -807.7936 -9052.9307
v  -2604.5688 -807.7936 -9065.9033
v  -2584.4707 -807.7936 -9078.8486
v  -2891.5730 -807.7936 -8944.4541
v  -2873.7588 -807.7936 -8957.8027
v  -2855.7017 -807.7936 -8971.3330
v  -2837.4250 -807.7936 -8985.0283
v  -2818.9534 -807.7936 -8998.8691
v  -2800.3098 -807.7936 -9012.8389
v  -2781.5183 -807.7936 -9026.9199
v  -2762.6028 -807.7936 -9041.0938
v  -2743.5864 -807.7936 -9055.3428
v  -2724.4937 -807.7936 -9069.6494
v  -2705.3477 -807.7936 -9083.9951
v  -2686.1726 -807.7936 -9098.3633
v  -2666.9917 -807.7936 -9112.7363
v  -2647.8291 -807.7936 -9127.0947
v  -2628.7083 -807.7936 -9141.4229
v  -2925.4146 -807.7936 -8985.7422
v  -2908.6008 -807.7936 -9000.3115
v  -2891.5579 -807.7936 -9015.0791
v  -2874.3081 -807.7936 -9030.0264
v  -2856.8738 -807.7936 -9045.1338
v  -2839.2773 -807.7936 -9060.3809
v  -2821.5413 -807.7936 -9075.7490
v  -2803.6880 -807.7936 -9091.2188
v  -2785.7397 -807.7936 -9106.7715
v  -2767.7192 -807.7936 -9122.3857
v  -2749.6487 -807.7936 -9138.0439
v  -2731.5503 -807.7936 -9153.7266
v  -2713.4470 -807.7936 -9169.4131
v  -2695.3608 -807.7936 -9185.0850
v  -2677.3137 -807.7936 -9200.7227
v  -2962.1265 -807.7936 -9024.5430
v  -2946.3982 -807.7936 -9040.2598
v  -2930.4553 -807.7936 -9056.1904
v  -2914.3188 -807.7936 -9072.3145
v  -2898.0103 -807.7936 -9088.6104
v  -2881.5498 -807.7936 -9105.0586
v  -2864.9587 -807.7936 -9121.6367
v  -2848.2578 -807.7936 -9138.3252
v  -2831.4685 -807.7936 -9155.1016
v  -2814.6113 -807.7936 -9171.9463
v  -2797.7070 -807.7936 -9188.8379
v  -2780.7773 -807.7936 -9205.7549
v  -2763.8423 -807.7936 -9222.6768
v  -2746.9236 -807.7936 -9239.5820
v  -2730.0417 -807.7936 -9256.4512
v  -3001.5234 -807.7936 -9060.6611
v  -2986.9600 -807.7936 -9077.4453
v  -2972.1978 -807.7936 -9094.4580
v  -2957.2566 -807.7936 -9111.6777
v  -2942.1553 -807.7936 -9129.0820
v  -2926.9141 -807.7936 -9146.6475
v  -2911.5518 -807.7936 -9164.3516
v  -2896.0876 -807.7936 -9182.1738
v  -2880.5415 -807.7936 -9200.0908
v  -2864.9326 -807.7936 -9218.0791
v  -2849.2805 -807.7936 -9236.1182
v  -2833.6042 -807.7936 -9254.1846
v  -2817.9238 -807.7936 -9272.2568
v  -2802.2578 -807.7936 -9290.3115
v  -2786.6262 -807.7936 -9308.3262
v  -3043.4065 -807.7936 -9093.9131
v  -3030.0813 -807.7936 -9111.6807
v  -3016.5742 -807.7936 -9129.6904
v  -3002.9036 -807.7936 -9147.9189
v  -2989.0864 -807.7936 -9166.3418
v  -2975.1411 -807.7936 -9184.9365
v  -2961.0847 -807.7936 -9203.6787
v  -2946.9358 -807.7936 -9222.5439
v  -2932.7114 -807.7936 -9241.5107
v  -2918.4297 -807.7936 -9260.5527
v  -2904.1086 -807.7936 -9279.6484
v  -2889.7654 -807.7936 -9298.7734
v  -2875.4180 -807.7936 -9317.9033
v  -2861.0842 -807.7936 -9337.0156
v  -2846.7817 -807.7936 -9356.0859
v  -3087.5645 -807.7936 -9124.1328
v  -3075.5447 -807.7936 -9142.7939
v  -3063.3611 -807.7936 -9161.7090
v  -3051.0298 -807.7936 -9180.8545
v  -3038.5664 -807.7936 -9200.2041
v  -3025.9873 -807.7936 -9219.7334
v  -3013.3083 -807.7936 -9239.4180
v  -3000.5454 -807.7936 -9259.2324
v  -2987.7148 -807.7936 -9279.1523
v  -2974.8325 -807.7936 -9299.1523
v  -2961.9143 -807.7936 -9319.2080
v  -2948.9763 -807.7936 -9339.2949
v  -2936.0347 -807.7936 -9359.3867
v  -2923.1055 -807.7936 -9379.4600
v  -2910.2041 -807.7936 -9399.4893
v  -3133.7742 -807.7936 -9151.1670
v  -3123.1208 -807.7936 -9170.6270
v  -3112.3220 -807.7936 -9190.3525
v  -3101.3923 -807.7936 -9210.3174
v  -3090.3457 -807.7936 -9230.4961
v  -3079.1963 -807.7936 -9250.8613
v  -3067.9585 -807.7936 -9271.3896
v  -3056.6465 -807.7936 -9292.0527
v  -3045.2742 -807.7936 -9312.8252
v  -3033.8560 -807.7936 -9333.6826
v  -3022.4063 -807.7936 -9354.5967
v  -3010.9390 -807.7936 -9375.5439
v  -2999.4683 -807.7936 -9396.4971
v  -2988.0085 -807.7936 -9417.4297
v  -2976.5737 -807.7936 -9438.3174
v  -3181.8027 -807.7936 -9174.8789
v  -3172.5693 -807.7936 -9195.0400
v  -3163.2100 -807.7936 -9215.4756
v  -3153.7371 -807.7936 -9236.1602
v  -3144.1628 -807.7936 -9257.0654
v  -3134.4995 -807.7936 -9278.1650
v  -3124.7595 -807.7936 -9299.4316
v  -3114.9553 -807.7936 -9320.8398
v  -3105.0989 -807.7936 -9342.3613
v  -3095.2026 -807.7936 -9363.9688
v  -3085.2791 -807.7936 -9385.6377
v  -3075.3401 -807.7936 -9407.3389
v  -3065.3984 -807.7936 -9429.0469
v  -3055.4661 -807.7936 -9450.7334
v  -3045.5554 -807.7936 -9472.3730
v  -3231.4077 -807.7936 -9195.1484
v  -3223.6406 -807.7936 -9215.9092
v  -3215.7681 -807.7936 -9236.9521
v  -3207.7996 -807.7936 -9258.2520
v  -3199.7461 -807.7936 -9279.7783
v  -3191.6177 -807.7936 -9301.5049
v  -3183.4248 -807.7936 -9323.4043
v  -3175.1777 -807.7936 -9345.4482
v  -3166.8870 -807.7936 -9367.6094
v  -3158.5627 -807.7936 -9389.8604
v  -3150.2153 -807.7936 -9412.1719
v  -3141.8550 -807.7936 -9434.5186
v  -3133.4924 -807.7936 -9456.8721
v  -3125.1377 -807.7936 -9479.2031
v  -3116.8013 -807.7936 -9501.4863
v  -3282.3384 -807.7936 -9211.8740
v  -3276.0771 -807.7936 -9233.1299
v  -3269.7307 -807.7936 -9254.6738
v  -3263.3074 -807.7936 -9276.4805
v  -3256.8152 -807.7936 -9298.5205
v  -3250.2627 -807.7936 -9320.7646
v  -3243.6582 -807.7936 -9343.1855
v  -3237.0100 -807.7936 -9365.7549
v  -3230.3267 -807.7936 -9388.4434
v  -3223.6162 -807.7936 -9411.2236
v  -3216.8870 -807.7936 -9434.0674
v  -3210.1477 -807.7936 -9456.9463
v  -3203.4063 -807.7936 -9479.8320
v  -3196.6714 -807.7936 -9502.6953
v  -3189.9512 -807.7936 -9525.5098
v  -3334.3379 -807.7936 -9224.9717
v  -3329.6143 -807.7936 -9246.6143
v  -3324.8262 -807.7936 -9268.5518
v  -3319.9800 -807.7936 -9290.7549
v  -3315.0820 -807.7936 -9313.1963
v  -3310.1384 -807.7936 -9335.8457
v  -3305.1558 -807.7936 -9358.6748
v  -3300.1399 -807.7936 -9381.6553
v  -3295.0977 -807.7936 -9404.7578
v  -3290.0349 -807.7936 -9427.9531
v  -3284.9580 -807.7936 -9451.2129
v  -3279.8735 -807.7936 -9474.5088
v  -3274.7876 -807.7936 -9497.8115
v  -3269.7065 -807.7936 -9521.0918
v  -3264.6365 -807.7936 -9544.3203
v  -3387.1438 -807.7936 -9234.3750
v  -3383.9814 -807.7936 -9256.2949
v  -3380.7759 -807.7936 -9278.5137
v  -3377.5313 -807.7936 -9301.0029
v  -3374.2522 -807.7936 -9323.7324
v  -3370.9426 -807.7936 -9346.6729
v  -3367.6067 -807.7936 -9369.7949
v  -3364.2488 -807.7936 -9393.0703
v  -3360.8730 -807.7936 -9416.4697
v  -3357.4836 -807.7936 -9439.9629
v  -3354.0850 -807.7936 -9463.5225
v  -3350.6809 -807.7936 -9487.1172
v  -3347.2759 -807.7936 -9510.7188
v  -3343.8740 -807.7936 -9534.2979
v  -3340.4797 -807.7936 -9557.8252
v  -3440.4895 -807.7936 -9240.0352
v  -3438.9043 -807.7936 -9262.1230
v  -3437.2974 -807.7936 -9284.5117
v  -3435.6711 -807.7936 -9307.1729
v  -3434.0273 -807.7936 -9330.0752
v  -3432.3684 -807.7936 -9353.1904
v  -3430.6963 -807.7936 -9376.4902
v  -3429.0132 -807.7936 -9399.9434
v  -3427.3210 -807.7936 -9423.5205
v  -3425.6221 -807.7936 -9447.1934
v  -3423.9182 -807.7936 -9470.9326
v  -3422.2119 -807.7936 -9494.7070
v  -3420.5051 -807.7936 -9518.4893
v  -3418.8000 -807.7936 -9542.2490
v  -3417.0984 -807.7936 -9565.9561
v  -5201.2739 792.4246 -9428.7549
v  -5201.2739 811.7877 -9428.7549
v  -5263.9570 811.7936 -9306.1816
v  -5263.9570 792.4297 -9306.1816
v  -5201.2710 773.0623 -9428.7529
v  -5263.9536 773.0680 -9306.1807
v  -5201.2617 753.7035 -9428.7480
v  -5263.9443 753.7089 -9306.1768
v  -5201.2437 734.3490 -9428.7383
v  -5263.9253 734.3544 -9306.1680
v  -5201.2134 715.0001 -9428.7217
v  -5263.8940 715.0057 -9306.1533
v  -5201.1685 695.6588 -9428.6963
v  -5263.8472 695.6642 -9306.1318
v  -5201.1050 676.3265 -9428.6621
v  -5263.7817 676.3319 -9306.1016
v  -5201.0205 657.0045 -9428.6152
v  -5263.6943 657.0099 -9306.0615
v  -5200.9121 637.6945 -9428.5557
v  -5263.5815 637.6998 -9306.0098
v  -5200.7764 618.3975 -9428.4814
v  -5263.4404 618.4028 -9305.9453
v  -5200.6104 599.1155 -9428.3906
v  -5263.2690 599.1210 -9305.8662
v  -5200.4111 579.8497 -9428.2813
v  -5263.0625 579.8551 -9305.7715
v  -5200.1758 560.6016 -9428.1523
v  -5262.8184 560.6069 -9305.6592
v  -5199.9014 541.3729 -9428.0020
v  -5262.5342 541.3783 -9305.5283
v  -5199.5850 522.1649 -9427.8291
v  -5262.2061 522.1703 -9305.3779
v  -5199.2231 502.9792 -9427.6309
v  -5261.8306 502.9844 -9305.2051
v  -5129.9746 792.4192 -9546.6035
v  -5129.9746 811.7823 -9546.6035
v  -5129.9717 773.0571 -9546.6016
v  -5129.9629 753.6979 -9546.5957
v  -5129.9458 734.3434 -9546.5850
v  -5129.9170 714.9948 -9546.5664
v  -5129.8735 695.6534 -9546.5381
v  -5129.8125 676.3209 -9546.4990
v  -5129.7319 656.9991 -9546.4473
v  -5129.6279 637.6891 -9546.3799
v  -5129.4976 618.3921 -9546.2959
v  -5129.3389 599.1100 -9546.1934
v  -5129.1479 579.8444 -9546.0713
v  -5128.9229 560.5964 -9545.9258
v  -5128.6597 541.3676 -9545.7568
v  -5128.3564 522.1595 -9545.5605
v  -5128.0098 502.9739 -9545.3379
v  -5050.4189 792.4136 -9659.1348
v  -5050.4189 811.7772 -9659.1348
v  -5050.4160 773.0515 -9659.1318
v  -5050.4077 753.6925 -9659.1260
v  -5050.3911 734.3380 -9659.1133
v  -5050.3638 714.9894 -9659.0928
v  -5050.3223 695.6481 -9659.0625
v  -5050.2646 676.3156 -9659.0186
v  -5050.1875 656.9935 -9658.9609
v  -5050.0889 637.6835 -9658.8867
v  -5049.9648 618.3865 -9658.7939
v  -5049.8135 599.1046 -9658.6807
v  -5049.6323 579.8387 -9658.5449
v  -5049.4180 560.5908 -9658.3848
v  -5049.1680 541.3622 -9658.1973
v  -5048.8789 522.1542 -9657.9805
v  -5048.5493 502.9685 -9657.7334
v  -4963.0078 792.4082 -9765.7793
v  -4963.0078 811.7719 -9765.7793
v  -4963.0049 773.0461 -9765.7773
v  -4962.9976 753.6871 -9765.7705
v  -4962.9814 734.3324 -9765.7568
v  -4962.9561 714.9838 -9765.7344
v  -4962.9170 695.6426 -9765.7012
v  -4962.8623 676.3102 -9765.6533
v  -4962.7896 656.9879 -9765.5908
v  -4962.6963 637.6781 -9765.5098
v  -4962.5791 618.3813 -9765.4082
v  -4962.4365 599.0992 -9765.2852
v  -4962.2656 579.8336 -9765.1367
v  -4962.0630 560.5854 -9764.9609
v  -4961.8271 541.3568 -9764.7568
v  -4961.5547 522.1488 -9764.5205
v  -4961.2432 502.9629 -9764.2510
v  -4868.1826 792.4028 -9866.0000
v  -4868.1826 811.7662 -9866.0000
v  -4868.1807 773.0408 -9865.9980
v  -4868.1729 753.6815 -9865.9902
v  -4868.1582 734.3270 -9865.9766
v  -4868.1338 714.9784 -9865.9521
v  -4868.0977 695.6370 -9865.9160
v  -4868.0469 676.3046 -9865.8643
v  -4867.9785 656.9825 -9865.7969
v  -4867.8911 637.6727 -9865.7090
v  -4867.7817 618.3757 -9865.5996
v  -4867.6484 599.0939 -9865.4668
v  -4867.4883 579.8280 -9865.3066
v  -4867.2988 560.5801 -9865.1172
v  -4867.0781 541.3514 -9864.8965
v  -4866.8232 522.1434 -9864.6426
v  -4866.5322 502.9578 -9864.3516
v  -4766.4224 792.3975 -9959.2910
v  -4766.4224 811.7609 -9959.2910
v  -4766.4199 773.0354 -9959.2891
v  -4766.4131 753.6761 -9959.2813
v  -4766.3999 734.3217 -9959.2656
v  -4766.3774 714.9730 -9959.2393
v  -4766.3438 695.6317 -9959.2012
v  -4766.2964 676.2992 -9959.1465
v  -4766.2334 656.9772 -9959.0732
v  -4766.1523 637.6674 -9958.9805
v  -4766.0513 618.3704 -9958.8633
v  -4765.9277 599.0885 -9958.7217
v  -4765.7793 579.8226 -9958.5508
v  -4765.6040 560.5747 -9958.3486
v  -4765.3994 541.3458 -9958.1133
v  -4765.1636 522.1381 -9957.8408
v  -4764.8940 502.9521 -9957.5293
v  -4658.2407 792.3918 -10045.1807
v  -4658.2407 811.7555 -10045.1807
v  -4658.2383 773.0298 -10045.1787
v  -4658.2324 753.6708 -10045.1699
v  -4658.2197 734.3160 -10045.1533
v  -4658.1992 714.9674 -10045.1260
v  -4658.1685 695.6262 -10045.0850
v  -4658.1250 676.2938 -10045.0273
v  -4658.0674 656.9718 -10044.9512
v  -4657.9937 637.6617 -10044.8516
v  -4657.9009 618.3650 -10044.7285
v  -4657.7881 599.0829 -10044.5781
v  -4657.6523 579.8173 -10044.3965
v  -4657.4917 560.5693 -10044.1826
v  -4657.3047 541.3407 -10043.9336
v  -4657.0889 522.1327 -10043.6455
v  -4656.8418 502.9468 -10043.3164
v  -4544.1826 792.3865 -10123.2363
v  -4544.1826 811.7499 -10123.2363
v  -4544.1807 773.0244 -10123.2334
v  -4544.1753 753.6652 -10123.2246
v  -4544.1641 734.3107 -10123.2080
v  -4544.1455 714.9620 -10123.1787
v  -4544.1177 695.6208 -10123.1357
v  -4544.0791 676.2882 -10123.0752
v  -4544.0269 656.9664 -10122.9941
v  -4543.9600 637.6564 -10122.8906
v  -4543.8765 618.3594 -10122.7607
v  -4543.7744 599.0775 -10122.6025
v  -4543.6523 579.8119 -10122.4131
v  -4543.5073 560.5640 -10122.1885
v  -4543.3389 541.3351 -10121.9258
v  -4543.1436 522.1273 -10121.6240
v  -4542.9214 502.9417 -10121.2783
v  -4424.8252 792.3811 -10193.0635
v  -4424.8252 811.7445 -10193.0635
v  -4424.8232 773.0190 -10193.0605
v  -4424.8184 753.6600 -10193.0518
v  -4424.8086 734.3053 -10193.0332
v  -4424.7920 714.9567 -10193.0039
v  -4424.7676 695.6155 -10192.9590
v  -4424.7329 676.2831 -10192.8955
v  -4424.6870 656.9611 -10192.8115
v  -4424.6279 637.6510 -10192.7031
v  -4424.5537 618.3540 -10192.5684
v  -4424.4634 599.0721 -10192.4033
v  -4424.3550 579.8065 -10192.2051
v  -4424.2266 560.5586 -10191.9707
v  -4424.0771 541.3297 -10191.6973
v  -4423.9043 522.1219 -10191.3818
v  -4423.7070 502.9363 -10191.0215
v  -4300.7700 792.3755 -10254.3096
v  -4300.7700 811.7389 -10254.3096
v  -4300.7686 773.0137 -10254.3066
v  -4300.7642 753.6544 -10254.2979
v  -4300.7559 734.2999 -10254.2793
v  -4300.7412 714.9510 -10254.2480
v  -4300.7202 695.6101 -10254.2012
v  -4300.6899 676.2777 -10254.1357
v  -4300.6504 656.9556 -10254.0488
v  -4300.5986 637.6456 -10253.9365
v  -4300.5347 618.3486 -10253.7969
v  -4300.4561 599.0668 -10253.6250
v  -4300.3623 579.8011 -10253.4199
v  -4300.2510 560.5532 -10253.1777
v  -4300.1216 541.3246 -10252.8945
v  -4299.9717 522.1166 -10252.5674
v  -4299.8008 502.9309 -10252.1943
v  -4172.6431 792.3701 -10306.6660
v  -4172.6431 811.7335 -10306.6660
v  -4172.6421 773.0081 -10306.6631
v  -4172.6382 753.6490 -10306.6533
v  -4172.6309 734.2946 -10306.6348
v  -4172.6191 714.9459 -10306.6025
v  -4172.6011 695.6047 -10306.5547
v  -4172.5762 676.2721 -10306.4873
v  -4172.5425 656.9503 -10306.3975
v  -4172.4990 637.6400 -10306.2822
v  -4172.4453 618.3433 -10306.1377
v  -4172.3794 599.0614 -10305.9609
v  -4172.3003 579.7955 -10305.7500
v  -4172.2070 560.5479 -10305.5000
v  -4172.0977 541.3192 -10305.2090
v  -4171.9717 522.1112 -10304.8721
v  -4171.8281 502.9255 -10304.4883
v  -4041.0916 792.3647 -10349.8691
v  -4041.0916 811.7281 -10349.8691
v  -4041.0906 773.0027 -10349.8652
v  -4041.0876 753.6437 -10349.8555
v  -4041.0820 734.2891 -10349.8359
v  -4041.0723 714.9403 -10349.8027
v  -4041.0576 695.5991 -10349.7539
v  -4041.0374 676.2670 -10349.6846
v  -4041.0103 656.9449 -10349.5928
v  -4040.9756 637.6349 -10349.4746
v  -4040.9321 618.3379 -10349.3271
v  -4040.8789 599.0560 -10349.1465
v  -4040.8152 579.7904 -10348.9307
v  -4040.7397 560.5425 -10348.6748
v  -4040.6519 541.3136 -10348.3760
v  -4040.5503 522.1058 -10348.0313
v  -4040.4346 502.9204 -10347.6387
v  -3906.7793 792.3591 -10383.6982
v  -3906.7793 811.7228 -10383.6982
v  -3906.7786 772.9971 -10383.6953
v  -3906.7764 753.6381 -10383.6855
v  -3906.7720 734.2836 -10383.6650
v  -3906.7646 714.9349 -10383.6318
v  -3906.7537 695.5938 -10383.5820
v  -3906.7383 676.2614 -10383.5117
v  -3906.7178 656.9393 -10383.4180
v  -3906.6917 637.6293 -10383.2979
v  -3906.6589 618.3325 -10383.1475
v  -3906.6187 599.0507 -10382.9639
v  -3906.5706 579.7848 -10382.7432
v  -3906.5137 560.5371 -10382.4824
v  -3906.4475 541.3085 -10382.1787
v  -3906.3708 522.1007 -10381.8281
v  -3906.2834 502.9150 -10381.4277
v  -3770.3840 792.3538 -10407.9854
v  -3770.3840 811.7172 -10407.9854
v  -3770.3835 772.9917 -10407.9824
v  -3770.3821 753.6327 -10407.9717
v  -3770.3792 734.2782 -10407.9512
v  -3770.3743 714.9296 -10407.9180
v  -3770.3669 695.5884 -10407.8672
v  -3770.3567 676.2560 -10407.7959
v  -3770.3430 656.9340 -10407.7012
v  -3770.3254 637.6239 -10407.5791
v  -3770.3035 618.3271 -10407.4268
v  -3770.2766 599.0453 -10407.2412
v  -3770.2444 579.7794 -10407.0176
v  -3770.2063 560.5317 -10406.7539
v  -3770.1621 541.3031 -10406.4463
v  -3770.1108 522.0953 -10406.0908
v  -3770.0522 502.9097 -10405.6855
v  -3632.5945 792.3481 -10422.6074
v  -3632.5945 811.7118 -10422.6074
v  -3632.5942 772.9863 -10422.6035
v  -3632.5935 753.6273 -10422.5938
v  -3632.5920 734.2728 -10422.5732
v  -3632.5896 714.9240 -10422.5391
v  -3632.5859 695.5830 -10422.4883
v  -3632.5808 676.2506 -10422.4160
v  -3632.5740 656.9286 -10422.3203
v  -3632.5652 637.6185 -10422.1982
v  -3632.5542 618.3218 -10422.0449
v  -3632.5405 599.0397 -10421.8564
v  -3632.5244 579.7743 -10421.6318
v  -3632.5054 560.5264 -10421.3662
v  -3632.4832 541.2977 -10421.0557
v  -3632.4575 522.0900 -10420.6982
v  -3632.4282 502.9043 -10420.2891
v  -3494.1060 792.3430 -10427.4893
v  -3494.1060 811.7064 -10427.4893
v  -3494.1060 772.9807 -10427.4854
v  -3494.1060 753.6217 -10427.4756
v  -3494.1060 734.2673 -10427.4551
v  -3494.1060 714.9186 -10427.4199
v  -3494.1060 695.5776 -10427.3691
v  -3494.1060 676.2450 -10427.2979
v  -3494.1060 656.9232 -10427.2021
v  -3494.1060 637.6132 -10427.0791
v  -3494.1060 618.3162 -10426.9248
v  -3494.1060 599.0343 -10426.7373
v  -3494.1060 579.7687 -10426.5117
v  -3494.1060 560.5210 -10426.2451
v  -3494.1060 541.2924 -10425.9346
v  -3494.1060 522.0846 -10425.5752
v  -3494.1060 502.8989 -10425.1660
v  -5184.8193 200.2346 -9419.7344
v  -5186.3149 218.8638 -9420.5547
v  -5248.4487 218.8685 -9299.0566
v  -5246.8979 200.2394 -9298.3438
v  -5114.2070 200.2298 -9536.4482
v  -5115.6406 218.8589 -9537.3711
v  -5035.4180 200.2251 -9647.8945
v  -5036.7817 218.8541 -9648.9160
v  -4948.8496 200.2202 -9753.5117
v  -4950.1367 218.8491 -9754.6270
v  -4854.9385 200.2155 -9852.7666
v  -4856.1426 218.8442 -9853.9697
v  -4754.1592 200.2105 -9945.1582
v  -4755.2739 218.8394 -9946.4434
v  -4647.0195 200.2056 -10030.2197
v  -4648.0400 218.8344 -10031.5801
v  -4534.0615 200.2009 -10107.5234
v  -4534.9814 218.8297 -10108.9521
v  -4415.8540 200.1962 -10176.6777
v  -4416.6699 218.8248 -10178.1670
v  -4292.9946 200.1914 -10237.3330
v  -4293.7017 218.8201 -10238.8770
v  -4166.1025 200.1866 -10289.1855
v  -4166.6973 218.8152 -10290.7744
v  -4035.8193 200.1819 -10331.9707
v  -4036.2986 218.8103 -10333.5977
v  -3902.8015 200.1771 -10365.4746
v  -3903.1631 218.8055 -10367.1318
v  -3767.7212 200.1721 -10389.5273
v  -3767.9631 218.8005 -10391.2061
v  -3631.2595 200.1674 -10404.0078
v  -3631.3809 218.7957 -10405.6992
v  -3494.1060 200.1627 -10408.8428
v  -3494.1060 218.7910 -10410.5381
v  -5187.7178 237.5387 -9421.3232
v  -5249.9023 237.5436 -9299.7246
v  -5116.9844 237.5337 -9538.2363
v  -5038.0605 237.5288 -9649.8740
v  -4951.3433 237.5239 -9755.6729
v  -4857.2715 237.5189 -9855.0977
v  -4756.3193 237.5143 -9947.6475
v  -4648.9961 237.5093 -10032.8555
v  -4535.8442 237.5044 -10110.2910
v  -4417.4346 237.4995 -10179.5635
v  -4294.3643 237.4946 -10240.3242
v  -4167.2549 237.4897 -10292.2637
v  -4036.7480 237.4847 -10335.1230
v  -3903.5022 237.4797 -10368.6846
v  -3768.1902 237.4749 -10392.7793
v  -3631.4946 237.4698 -10407.2842
v  -3494.1060 237.4650 -10412.1270
v  -5189.0293 256.2582 -9422.0430
v  -5251.2627 256.2632 -9300.3496
v  -5118.2412 256.2532 -9539.0459
v  -5039.2559 256.2483 -9650.7695
v  -4952.4722 256.2433 -9756.6504
v  -4858.3271 256.2384 -9856.1523
v  -4757.2969 256.2333 -9948.7744
v  -4649.8906 256.2284 -10034.0479
v  -4536.6509 256.2234 -10111.5439
v  -4418.1494 256.2183 -10180.8701
v  -4294.9839 256.2136 -10241.6768
v  -4167.7764 256.2086 -10293.6582
v  -4037.1685 256.2036 -10336.5508
v  -3903.8193 256.1986 -10370.1377
v  -3768.4023 256.1937 -10394.2500
v  -3631.6011 256.1888 -10408.7666
v  -3494.1060 256.1837 -10413.6143
v  -5190.2539 275.0206 -9422.7139
v  -5252.5322 275.0255 -9300.9326
v  -5119.4150 275.0154 -9539.8018
v  -5040.3726 275.0105 -9651.6064
v  -4953.5254 275.0056 -9757.5635
v  -4859.3125 275.0004 -9857.1377
v  -4758.2090 274.9955 -9949.8262
v  -4650.7256 274.9906 -10035.1611
v  -4537.4043 274.9856 -10112.7129
v  -4418.8174 274.9805 -10182.0889
v  -4295.5625 274.9756 -10242.9404
v  -4168.2627 274.9706 -10294.9590
v  -4037.5605 274.9655 -10337.8818
v  -3904.1152 274.9604 -10371.4941
v  -3768.6006 274.9554 -10395.6240
v  -3631.7004 274.9504 -10410.1514
v  -3494.1060 274.9454 -10415.0020
v  -5191.3936 293.8243 -9423.3389
v  -5253.7139 293.8293 -9301.4756
v  -5120.5073 293.8193 -9540.5059
v  -5041.4116 293.8143 -9652.3848
v  -4954.5068 293.8092 -9758.4131
v  -4860.2305 293.8041 -9858.0547
v  -4759.0586 293.7992 -9950.8047
v  -4651.5029 293.7941 -10036.1973
v  -4538.1055 293.7891 -10113.8018
v  -4419.4385 293.7839 -10183.2246
v  -4296.1011 293.7791 -10244.1162
v  -4168.7158 293.7738 -10296.1699
v  -4037.9258 293.7688 -10339.1221
v  -3904.3909 293.7638 -10372.7559
v  -3768.7852 293.7588 -10396.9023
v  -3631.7930 293.7537 -10411.4395
v  -3494.1060 293.7487 -10416.2930
v  -5192.4526 312.6682 -9423.9189
v  -5254.8115 312.6732 -9301.9805
v  -5121.5215 312.6630 -9541.1592
v  -5042.3770 312.6580 -9653.1084
v  -4955.4175 312.6530 -9759.2021
v  -4861.0820 312.6478 -9858.9053
v  -4759.8477 312.6429 -9951.7148
v  -4652.2251 312.6376 -10037.1602
v  -4538.7568 312.6323 -10114.8125
v  -4420.0156 312.6272 -10184.2793
v  -4296.6016 312.6224 -10245.2090
v  -4169.1367 312.6173 -10297.2949
v  -4038.2651 312.6122 -10340.2734
v  -3904.6467 312.6071 -10373.9287
v  -3768.9563 312.6019 -10398.0898
v  -3631.8789 312.5970 -10412.6357
v  -3494.1060 312.5919 -10417.4922
v  -5193.4326 331.5504 -9424.4561
v  -5255.8276 331.5557 -9302.4473
v  -5122.4609 331.5453 -9541.7637
v  -5043.2705 331.5402 -9653.7783
v  -4956.2607 331.5350 -9759.9336
v  -4861.8711 331.5300 -9859.6943
v  -4760.5781 331.5249 -9952.5566
v  -4652.8936 331.5198 -10038.0518
v  -4539.3594 331.5146 -10115.7490
v  -4420.5503 331.5095 -10185.2549
v  -4297.0645 331.5044 -10246.2197
v  -4169.5264 331.4991 -10298.3359
v  -4038.5791 331.4940 -10341.3398
v  -3904.8835 331.4890 -10375.0137
v  -3769.1150 331.4840 -10399.1895
v  -3631.9583 331.4788 -10413.7441
v  -3494.1060 331.4736 -10418.6035
v  -5194.3374 350.4698 -9424.9521
v  -5256.7656 350.4750 -9302.8779
v  -5123.3276 350.4647 -9542.3223
v  -5044.0952 350.4596 -9654.3965
v  -4957.0391 350.4545 -9760.6074
v  -4862.5996 350.4492 -9860.4219
v  -4761.2529 350.4438 -9953.3340
v  -4653.5103 350.4387 -10038.8740
v  -4539.9160 350.4336 -10116.6123
v  -4421.0435 350.4285 -10186.1563
v  -4297.4922 350.4233 -10247.1533
v  -4169.8862 350.4182 -10299.2969
v  -4038.8689 350.4130 -10342.3242
v  -3905.1023 350.4078 -10376.0166
v  -3769.2615 350.4030 -10400.2051
v  -3632.0317 350.3976 -10414.7666
v  -3494.1060 350.3925 -10419.6289
v  -5195.1699 369.4247 -9425.4082
v  -5257.6284 369.4298 -9303.2744
v  -5124.1250 369.4196 -9542.8359
v  -5044.8540 369.4144 -9654.9648
v  -4957.7554 369.4091 -9761.2285
v  -4863.2695 369.4038 -9861.0908
v  -4761.8730 369.3987 -9954.0488
v  -4654.0781 369.3936 -10039.6309
v  -4540.4277 369.3884 -10117.4072
v  -4421.4971 369.3831 -10186.9854
v  -4297.8853 369.3779 -10248.0127
v  -4170.2168 369.3727 -10300.1816
v  -4039.1357 369.3676 -10343.2295
v  -3905.3035 369.3624 -10376.9385
v  -3769.3962 369.3573 -10401.1387
v  -3632.0994 369.3519 -10415.7070
v  -3494.1060 369.3468 -10420.5723
v  -5195.9326 388.4135 -9425.8271
v  -5258.4194 388.4188 -9303.6377
v  -5124.8564 388.4083 -9543.3066
v  -5045.5498 388.4030 -9655.4863
v  -4958.4121 388.3978 -9761.7979
v  -4863.8838 388.3927 -9861.7051
v  -4762.4419 388.3876 -9954.7041
v  -4654.5981 388.3822 -10040.3252
v  -4540.8975 388.3770 -10118.1367
v  -4421.9131 388.3718 -10187.7451
v  -4298.2461 388.3667 -10248.7998
v  -4170.5200 388.3613 -10300.9922
v  -4039.3804 388.3562 -10344.0586
v  -3905.4880 388.3508 -10377.7832
v  -3769.5195 388.3457 -10401.9941
v  -3632.1611 388.3405 -10416.5703
v  -3494.1060 388.3351 -10421.4365
v  -5196.6294 407.4351 -9426.2090
v  -5259.1421 407.4402 -9303.9697
v  -5125.5244 407.4297 -9543.7373
v  -5046.1846 407.4243 -9655.9619
v  -4959.0112 407.4193 -9762.3164
v  -4864.4443 407.4139 -9862.2656
v  -4762.9609 407.4088 -9955.3018
v  -4655.0732 407.4034 -10040.9580
v  -4541.3262 407.3983 -10118.8018
v  -4422.2930 407.3929 -10188.4385
v  -4298.5752 407.3878 -10249.5186
v  -4170.7969 407.3827 -10301.7324
v  -4039.6035 407.3773 -10344.8174
v  -3905.6565 407.3721 -10378.5547
v  -3769.6323 407.3667 -10402.7754
v  -3632.2178 407.3616 -10417.3574
v  -3494.1060 407.3562 -10422.2266
v  -5197.2627 426.4874 -9426.5557
v  -5259.7983 426.4928 -9304.2715
v  -5126.1309 426.4821 -9544.1279
v  -5046.7617 426.4769 -9656.3945
v  -4959.5566 426.4718 -9762.7891
v  -4864.9541 426.4664 -9862.7744
v  -4763.4331 426.4611 -9955.8457
v  -4655.5054 426.4559 -10041.5342
v  -4541.7153 426.4507 -10119.4063
v  -4422.6382 426.4453 -10189.0693
v  -4298.8745 426.4399 -10250.1719
v  -4171.0488 426.4348 -10302.4053
v  -4039.8064 426.4297 -10345.5059
v  -3905.8096 426.4243 -10379.2559
v  -3769.7349 426.4189 -10403.4863
v  -3632.2690 426.4138 -10418.0732
v  -3494.1060 426.4087 -10422.9434
v  -5197.8359 445.5697 -9426.8701
v  -5260.3926 445.5751 -9304.5449
v  -5126.6802 445.5643 -9544.4814
v  -5047.2842 445.5591 -9656.7861
v  -4960.0498 445.5537 -9763.2168
v  -4865.4155 445.5483 -9863.2354
v  -4763.8599 445.5432 -9956.3379
v  -4655.8960 445.5378 -10042.0557
v  -4542.0679 445.5325 -10119.9531
v  -4422.9507 445.5271 -10189.6396
v  -4299.1450 445.5222 -10250.7627
v  -4171.2764 445.5168 -10303.0137
v  -4039.9900 445.5115 -10346.1289
v  -3905.9480 445.5061 -10379.8906
v  -3769.8276 445.5010 -10404.1289
v  -3632.3154 445.4956 -10418.7207
v  -3494.1060 445.4904 -10423.5928
v  -5198.3516 464.6801 -9427.1523
v  -5260.9268 464.6852 -9304.7900
v  -5127.1743 464.6747 -9544.7998
v  -5047.7549 464.6693 -9657.1377
v  -4960.4932 464.6639 -9763.6006
v  -4865.8306 464.6588 -9863.6504
v  -4764.2441 464.6534 -9956.7813
v  -4656.2476 464.6481 -10042.5234
v  -4542.3853 464.6427 -10120.4463
v  -4423.2319 464.6373 -10190.1533
v  -4299.3892 464.6320 -10251.2949
v  -4171.4814 464.6268 -10303.5615
v  -4040.1553 464.6215 -10346.6895
v  -3906.0728 464.6162 -10380.4619
v  -3769.9111 464.6108 -10404.7070
v  -3632.3574 464.6057 -10419.3037
v  -3494.1060 464.6003 -10424.1777
v  -5198.8130 483.8171 -9427.4053
v  -5261.4053 483.8223 -9305.0098
v  -5127.6162 483.8118 -9545.0850
v  -5048.1753 483.8064 -9657.4531
v  -4960.8901 483.8010 -9763.9443
v  -4866.2021 483.7957 -9864.0215
v  -4764.5884 483.7903 -9957.1777
v  -4656.5625 483.7849 -10042.9434
v  -4542.6689 483.7795 -10120.8867
v  -4423.4834 483.7742 -10190.6133
v  -4299.6069 483.7688 -10251.7715
v  -4171.6650 483.7637 -10304.0518
v  -4040.3030 483.7583 -10347.1924
v  -3906.1843 483.7529 -10380.9727
v  -3769.9858 483.7477 -10405.2246
v  -3632.3948 483.7423 -10419.8262
v  -3494.1060 483.7369 -10424.7012
v  -1801.8958 218.7177 -9420.5547
v  -1803.3916 200.0902 -9419.7344
v  -1741.3129 200.0854 -9298.3447
v  -1739.7622 218.7128 -9299.0566
v  -1800.4933 237.3911 -9421.3232
v  -1738.3083 237.3862 -9299.7246
v  -1799.1816 256.1091 -9422.0430
v  -1736.9484 256.1041 -9300.3496
v  -1797.9572 274.8702 -9422.7139
v  -1735.6788 274.8652 -9300.9326
v  -1796.8171 293.6726 -9423.3389
v  -1734.4972 293.6676 -9301.4756
v  -1795.7585 312.5154 -9423.9189
v  -1733.3997 312.5103 -9301.9805
v  -1794.7784 331.3966 -9424.4561
v  -1732.3834 331.3914 -9302.4473
v  -1793.8735 350.3149 -9424.9521
v  -1731.4454 350.3098 -9302.8779
v  -1793.0411 369.2688 -9425.4082
v  -1730.5823 369.2634 -9303.2744
v  -1792.2781 388.2567 -9425.8271
v  -1729.7914 388.2516 -9303.6377
v  -1791.5815 407.2773 -9426.2090
v  -1729.0691 407.2722 -9303.9697
v  -1790.9482 426.3293 -9426.5557
v  -1728.4126 426.3240 -9304.2715
v  -1790.3751 445.4109 -9426.8701
v  -1727.8184 445.4055 -9304.5449
v  -1789.8595 464.5206 -9427.1523
v  -1727.2838 464.5153 -9304.7900
v  -1789.3981 483.6571 -9427.4053
v  -1726.8055 483.6516 -9305.0098
v  -1788.9878 502.8187 -9427.6309
v  -1726.3804 502.8134 -9305.2061
v  -1872.5704 218.7225 -9537.3711
v  -1874.0038 200.0951 -9536.4482
v  -1871.2267 237.3960 -9538.2373
v  -1869.9696 256.1141 -9539.0459
v  -1868.7965 274.8751 -9539.8018
v  -1867.7040 293.6779 -9540.5059
v  -1866.6896 312.5205 -9541.1592
v  -1865.7502 331.4016 -9541.7637
v  -1864.8834 350.3198 -9542.3223
v  -1864.0857 369.2739 -9542.8359
v  -1863.3545 388.2622 -9543.3076
v  -1862.6870 407.2827 -9543.7373
v  -1862.0802 426.3345 -9544.1279
v  -1861.5309 445.4163 -9544.4814
v  -1861.0366 464.5260 -9544.7998
v  -1860.5947 483.6622 -9545.0850
v  -1860.2017 502.8239 -9545.3379
v  -1951.4297 218.7275 -9648.9160
v  -1952.7932 200.0999 -9647.8945
v  -1950.1511 237.4009 -9649.8740
v  -1948.9553 256.1190 -9650.7705
v  -1947.8391 274.8801 -9651.6064
v  -1946.7998 293.6830 -9652.3857
v  -1945.8346 312.5255 -9653.1084
v  -1944.9412 331.4070 -9653.7783
v  -1944.1163 350.3252 -9654.3965
v  -1943.3574 369.2792 -9654.9648
v  -1942.6620 388.2673 -9655.4863
v  -1942.0267 407.2880 -9655.9619
v  -1941.4495 426.3398 -9656.3945
v  -1940.9270 445.4214 -9656.7861
v  -1940.4569 464.5314 -9657.1387
v  -1940.0364 483.6678 -9657.4541
v  -1939.6625 502.8295 -9657.7334
v  -2038.0748 218.7325 -9754.6270
v  -2039.3619 200.1049 -9753.5117
v  -2036.8680 237.4061 -9755.6719
v  -2035.7394 256.1243 -9756.6504
v  -2034.6859 274.8854 -9757.5635
v  -2033.7051 293.6879 -9758.4131
v  -2032.7941 312.5308 -9759.2021
v  -2031.9507 331.4121 -9759.9336
v  -2031.1722 350.3303 -9760.6074
v  -2030.4561 369.2845 -9761.2285
v  -2029.7994 388.2727 -9761.7969
v  -2029.2001 407.2933 -9762.3164
v  -2028.6554 426.3452 -9762.7891
v  -2028.1622 445.4268 -9763.2168
v  -2027.7185 464.5365 -9763.6006
v  -2027.3215 483.6732 -9763.9453
v  -2026.9685 502.8348 -9764.2510
v  -2132.0688 218.7372 -9853.9697
v  -2133.2729 200.1096 -9852.7666
v  -2130.9402 237.4110 -9855.0977
v  -2129.8843 256.1292 -9856.1523
v  -2128.8989 274.8903 -9857.1367
v  -2127.9812 293.6930 -9858.0537
v  -2127.1292 312.5359 -9858.9053
v  -2126.3403 331.4172 -9859.6934
v  -2125.6118 350.3357 -9860.4219
v  -2124.9419 369.2897 -9861.0908
v  -2124.3281 388.2778 -9861.7051
v  -2123.7671 407.2985 -9862.2656
v  -2123.2576 426.3505 -9862.7744
v  -2122.7964 445.4320 -9863.2354
v  -2122.3813 464.5419 -9863.6504
v  -2122.0098 483.6783 -9864.0215
v  -2121.6797 502.8400 -9864.3516
v  -2232.9375 218.7422 -9946.4434
v  -2234.0525 200.1145 -9945.1582
v  -2231.8926 237.4159 -9947.6475
v  -2230.9150 256.1340 -9948.7744
v  -2230.0022 274.8951 -9949.8262
v  -2229.1528 293.6981 -9950.8047
v  -2228.3638 312.5408 -9951.7148
v  -2227.6333 331.4221 -9952.5566
v  -2226.9590 350.3409 -9953.3340
v  -2226.3386 369.2948 -9954.0488
v  -2225.7700 388.2830 -9954.7041
v  -2225.2507 407.3038 -9955.3018
v  -2224.7788 426.3556 -9955.8457
v  -2224.3516 445.4374 -9956.3379
v  -2223.9673 464.5472 -9956.7813
v  -2223.6235 483.6837 -9957.1777
v  -2223.3179 502.8453 -9957.5303
v  -2340.1719 218.7471 -10031.5801
v  -2341.1919 200.1192 -10030.2197
v  -2339.2156 237.4209 -10032.8555
v  -2338.3208 256.1390 -10034.0479
v  -2337.4861 274.9004 -10035.1611
v  -2336.7087 293.7031 -10036.1982
v  -2335.9868 312.5459 -10037.1602
v  -2335.3184 331.4272 -10038.0518
v  -2334.7017 350.3458 -10038.8740
v  -2334.1338 369.3002 -10039.6309
v  -2333.6138 388.2883 -10040.3252
v  -2333.1387 407.3092 -10040.9580
v  -2332.7070 426.3610 -10041.5342
v  -2332.3159 445.4427 -10042.0557
v  -2331.9644 464.5525 -10042.5244
v  -2331.6497 483.6891 -10042.9434
v  -2331.3701 502.8507 -10043.3164
v  -2453.2302 218.7520 -10108.9521
v  -2454.1504 200.1241 -10107.5234
v  -2452.3677 237.4258 -10110.2910
v  -2451.5605 256.1439 -10111.5439
v  -2450.8076 274.9053 -10112.7129
v  -2450.1064 293.7083 -10113.8018
v  -2449.4551 312.5511 -10114.8125
v  -2448.8523 331.4325 -10115.7490
v  -2448.2959 350.3510 -10116.6123
v  -2447.7837 369.3053 -10117.4072
v  -2447.3145 388.2935 -10118.1367
v  -2446.8862 407.3143 -10118.8018
v  -2446.4966 426.3663 -10119.4063
v  -2446.1440 445.4479 -10119.9531
v  -2445.8269 464.5579 -10120.4463
v  -2445.5430 483.6945 -10120.8867
v  -2445.2905 502.8561 -10121.2783
v  -2571.5422 218.7570 -10178.1670
v  -2572.3577 200.1288 -10176.6777
v  -2570.7778 237.4307 -10179.5635
v  -2570.0625 256.1488 -10180.8701
v  -2569.3950 274.9104 -10182.0898
v  -2568.7734 293.7134 -10183.2246
v  -2568.1963 312.5563 -10184.2793
v  -2567.6621 331.4379 -10185.2549
v  -2567.1687 350.3563 -10186.1563
v  -2566.7148 369.3104 -10186.9854
v  -2566.2988 388.2986 -10187.7451
v  -2565.9192 407.3195 -10188.4385
v  -2565.5737 426.3717 -10189.0693
v  -2565.2615 445.4532 -10189.6406
v  -2564.9805 464.5632 -10190.1533
v  -2564.7288 483.6998 -10190.6133
v  -2564.5051 502.8615 -10191.0215
v  -2694.5103 218.7617 -10238.8770
v  -2695.2173 200.1337 -10237.3330
v  -2693.8477 237.4357 -10240.3242
v  -2693.2280 256.1539 -10241.6777
v  -2692.6494 274.9154 -10242.9404
v  -2692.1108 293.7184 -10244.1162
v  -2691.6106 312.5613 -10245.2090
v  -2691.1475 331.4429 -10246.2197
v  -2690.7197 350.3615 -10247.1533
v  -2690.3267 369.3154 -10248.0127
v  -2689.9661 388.3038 -10248.7998
v  -2689.6370 407.3248 -10249.5186
v  -2689.3379 426.3768 -10250.1719
v  -2689.0669 445.4586 -10250.7637
v  -2688.8232 464.5686 -10251.2949
v  -2688.6052 483.7050 -10251.7715
v  -2688.4114 502.8668 -10252.1943
v  -2821.5144 218.7665 -10290.7744
v  -2822.1089 200.1384 -10289.1855
v  -2820.9570 237.4404 -10292.2637
v  -2820.4355 256.1589 -10293.6582
v  -2819.9492 274.9204 -10294.9590
v  -2819.4961 293.7235 -10296.1699
v  -2819.0752 312.5664 -10297.2949
v  -2818.6855 331.4480 -10298.3359
v  -2818.3262 350.3667 -10299.2969
v  -2817.9951 369.3208 -10300.1816
v  -2817.6919 388.3092 -10300.9922
v  -2817.4150 407.3301 -10301.7324
v  -2817.1633 426.3820 -10302.4053
v  -2816.9355 445.4640 -10303.0137
v  -2816.7305 464.5737 -10303.5625
v  -2816.5474 483.7103 -10304.0518
v  -2816.3843 502.8722 -10304.4883
v  -2951.9133 218.7714 -10333.5977
v  -2952.3926 200.1434 -10331.9707
v  -2951.4641 237.4454 -10335.1230
v  -2951.0437 256.1639 -10336.5508
v  -2950.6514 274.9253 -10337.8818
v  -2950.2861 293.7284 -10339.1221
v  -2949.9470 312.5715 -10340.2734
v  -2949.6328 331.4531 -10341.3398
v  -2949.3430 350.3718 -10342.3242
v  -2949.0764 369.3259 -10343.2295
v  -2948.8318 388.3143 -10344.0596
v  -2948.6086 407.3352 -10344.8174
v  -2948.4058 426.3873 -10345.5059
v  -2948.2222 445.4691 -10346.1289
v  -2948.0569 464.5791 -10346.6904
v  -2947.9092 483.7157 -10347.1924
v  -2947.7776 502.8774 -10347.6387
v  -3085.0486 218.7761 -10367.1318
v  -3085.4102 200.1481 -10365.4746
v  -3084.7097 237.4503 -10368.6846
v  -3084.3926 256.1689 -10370.1377
v  -3084.0964 274.9304 -10371.4941
v  -3083.8210 293.7334 -10372.7559
v  -3083.5649 312.5767 -10373.9287
v  -3083.3281 331.4584 -10375.0146
v  -3083.1094 350.3767 -10376.0166
v  -3082.9082 369.3311 -10376.9385
v  -3082.7239 388.3195 -10377.7832
v  -3082.5554 407.3406 -10378.5547
v  -3082.4023 426.3927 -10379.2559
v  -3082.2637 445.4745 -10379.8906
v  -3082.1392 464.5845 -10380.4619
v  -3082.0276 483.7211 -10380.9727
v  -3081.9285 502.8828 -10381.4277
v  -3220.2485 218.7810 -10391.2061
v  -3220.4907 200.1529 -10389.5273
v  -3220.0217 237.4551 -10392.7793
v  -3219.8093 256.1738 -10394.2500
v  -3219.6111 274.9355 -10395.6240
v  -3219.4268 293.7386 -10396.9023
v  -3219.2554 312.5817 -10398.0898
v  -3219.0967 331.4635 -10399.1895
v  -3218.9504 350.3821 -10400.2051
v  -3218.8157 369.3364 -10401.1387
v  -3218.6921 388.3246 -10401.9941
v  -3218.5793 407.3457 -10402.7754
v  -3218.4771 426.3979 -10403.4863
v  -3218.3843 445.4799 -10404.1289
v  -3218.3008 464.5896 -10404.7070
v  -3218.2261 483.7264 -10405.2246
v  -3218.1597 502.8882 -10405.6855
v  -3356.8308 218.7859 -10405.6992
v  -3356.9521 200.1578 -10404.0078
v  -3356.7170 237.4601 -10407.2842
v  -3356.6106 256.1787 -10408.7666
v  -3356.5112 274.9404 -10410.1514
v  -3356.4187 293.7437 -10411.4395
v  -3356.3330 312.5867 -10412.6357
v  -3356.2534 331.4684 -10413.7441
v  -3356.1799 350.3872 -10414.7666
v  -3356.1125 369.3414 -10415.7070
v  -3356.0505 388.3300 -10416.5703
v  -3355.9941 407.3511 -10417.3574
v  -3355.9429 426.4033 -10418.0732
v  -3355.8962 445.4850 -10418.7207
v  -3355.8545 464.5950 -10419.3037
v  -3355.8169 483.7316 -10419.8262
v  -3355.7837 502.8936 -10420.2891
v  -1786.9371 811.6250 -9428.7549
v  -1786.9371 792.2614 -9428.7549
v  -1724.2543 792.2561 -9306.1826
v  -1724.2543 811.6194 -9306.1826
v  -1858.2366 811.6304 -9546.6035
v  -1858.2367 792.2667 -9546.6035
v  -1937.7930 811.6357 -9659.1348
v  -1937.7930 792.2721 -9659.1348
v  -2025.2040 811.6411 -9765.7793
v  -2025.2040 792.2777 -9765.7793
v  -2120.0291 811.6467 -9866.0000
v  -2120.0291 792.2831 -9866.0000
v  -2221.7893 811.6521 -9959.2910
v  -2221.7893 792.2885 -9959.2910
v  -2329.9717 811.6572 -10045.1816
v  -2329.9717 792.2939 -10045.1816
v  -2444.0293 811.6631 -10123.2363
v  -2444.0293 792.2996 -10123.2363
v  -2563.3872 811.6682 -10193.0635
v  -2563.3872 792.3049 -10193.0635
v  -2687.4424 811.6738 -10254.3105
v  -2687.4424 792.3103 -10254.3105
v  -2815.5693 811.6793 -10306.6670
v  -2815.5693 792.3157 -10306.6670
v  -2947.1206 811.6846 -10349.8691
v  -2947.1206 792.3210 -10349.8691
v  -3081.4329 811.6901 -10383.6992
v  -3081.4326 792.3267 -10383.6992
v  -3217.8279 811.6954 -10407.9854
v  -3217.8279 792.3318 -10407.9854
v  -3355.6174 811.7009 -10422.6074
v  -3355.6174 792.3372 -10422.6074
v  -1786.9401 772.8992 -9428.7529
v  -1724.2573 772.8938 -9306.1816
v  -1858.2396 772.9048 -9546.6016
v  -1937.7957 772.9102 -9659.1328
v  -2025.2065 772.9155 -9765.7773
v  -2120.0313 772.9209 -9865.9980
v  -2221.7915 772.9265 -9959.2891
v  -2329.9736 772.9321 -10045.1787
v  -2444.0313 772.9375 -10123.2344
v  -2563.3887 772.9429 -10193.0605
v  -2687.4438 772.9482 -10254.3076
v  -2815.5703 772.9539 -10306.6631
v  -2947.1216 772.9592 -10349.8652
v  -3081.4336 772.9644 -10383.6953
v  -3217.8284 772.9700 -10407.9824
v  -3355.6177 772.9756 -10422.6035
v  -1786.9495 753.5405 -9428.7480
v  -1724.2668 753.5349 -9306.1768
v  -1858.2483 753.5459 -9546.5967
v  -1937.8040 753.5513 -9659.1270
v  -2025.2145 753.5566 -9765.7705
v  -2120.0388 753.5623 -9865.9902
v  -2221.7983 753.5676 -9959.2813
v  -2329.9800 753.5731 -10045.1699
v  -2444.0369 753.5784 -10123.2256
v  -2563.3938 753.5839 -10193.0518
v  -2687.4480 753.5894 -10254.2979
v  -2815.5740 753.5947 -10306.6543
v  -2947.1245 753.6001 -10349.8555
v  -3081.4355 753.6056 -10383.6855
v  -3217.8298 753.6110 -10407.9717
v  -3355.6184 753.6163 -10422.5938
v  -1786.9674 734.1858 -9428.7383
v  -1724.2856 734.1804 -9306.1680
v  -1858.2656 734.1912 -9546.5850
v  -1937.8204 734.1968 -9659.1143
v  -2025.2300 734.2021 -9765.7568
v  -2120.0532 734.2075 -9865.9766
v  -2221.8120 734.2131 -9959.2656
v  -2329.9922 734.2183 -10045.1543
v  -2444.0479 734.2239 -10123.2080
v  -2563.4036 734.2295 -10193.0342
v  -2687.4565 734.2349 -10254.2793
v  -2815.5811 734.2402 -10306.6348
v  -2947.1304 734.2456 -10349.8359
v  -3081.4399 734.2512 -10383.6650
v  -3217.8328 734.2566 -10407.9512
v  -3355.6199 734.2620 -10422.5732
v  -1786.9978 714.8372 -9428.7217
v  -1724.3169 714.8318 -9306.1543
v  -1858.2946 714.8428 -9546.5664
v  -1937.8480 714.8483 -9659.0938
v  -2025.2560 714.8535 -9765.7344
v  -2120.0776 714.8590 -9865.9521
v  -2221.8345 714.8645 -9959.2393
v  -2330.0127 714.8699 -10045.1260
v  -2444.0664 714.8752 -10123.1787
v  -2563.4202 714.8806 -10193.0039
v  -2687.4709 714.8861 -10254.2480
v  -2815.5933 714.8917 -10306.6025
v  -2947.1399 714.8969 -10349.8027
v  -3081.4473 714.9023 -10383.6318
v  -3217.8376 714.9078 -10407.9180
v  -3355.6223 714.9132 -10422.5391
v  -1787.0430 695.4961 -9428.6973
v  -1724.3636 695.4907 -9306.1328
v  -1858.3378 695.5015 -9546.5391
v  -1937.8892 695.5068 -9659.0625
v  -2025.2949 695.5122 -9765.7012
v  -2120.1140 695.5178 -9865.9160
v  -2221.8682 695.5232 -9959.2012
v  -2330.0435 695.5286 -10045.0850
v  -2444.0942 695.5342 -10123.1357
v  -2563.4446 695.5396 -10192.9590
v  -2687.4922 695.5449 -10254.2012
v  -2815.6111 695.5503 -10306.5547
v  -2947.1543 695.5557 -10349.7539
v  -3081.4583 695.5613 -10383.5820
v  -3217.8450 695.5667 -10407.8672
v  -3355.6260 695.5720 -10422.4883
v  -1787.1062 676.1636 -9428.6621
v  -1724.4296 676.1582 -9306.1025
v  -1858.3987 676.1692 -9546.5000
v  -1937.9470 676.1746 -9659.0195
v  -2025.3495 676.1802 -9765.6533
v  -2120.1650 676.1853 -9865.8652
v  -2221.9153 676.1909 -9959.1465
v  -2330.0869 676.1964 -10045.0273
v  -2444.1333 676.2017 -10123.0752
v  -2563.4792 676.2072 -10192.8955
v  -2687.5222 676.2125 -10254.1357
v  -2815.6362 676.2180 -10306.4873
v  -2947.1748 676.2235 -10349.6846
v  -3081.4736 676.2289 -10383.5117
v  -3217.8552 676.2343 -10407.7959
v  -3355.6311 676.2399 -10422.4160
v  -1787.1907 656.8418 -9428.6162
v  -1724.5172 656.8364 -9306.0615
v  -1858.4795 656.8474 -9546.4473
v  -1938.0240 656.8528 -9658.9619
v  -2025.4220 656.8582 -9765.5908
v  -2120.2329 656.8636 -9865.7969
v  -2221.9780 656.8689 -9959.0742
v  -2330.1445 656.8745 -10044.9512
v  -2444.1851 656.8799 -10122.9951
v  -2563.5254 656.8853 -10192.8115
v  -2687.5620 656.8906 -10254.0488
v  -2815.6699 656.8960 -10306.3975
v  -2947.2017 656.9015 -10349.5938
v  -3081.4941 656.9071 -10383.4180
v  -3217.8689 656.9124 -10407.7012
v  -3355.6379 656.9178 -10422.3203
v  -1787.2993 637.5319 -9428.5566
v  -1724.6295 637.5262 -9306.0098
v  -1858.5836 637.5372 -9546.3809
v  -1938.1229 637.5428 -9658.8877
v  -2025.5156 637.5482 -9765.5098
v  -2120.3203 637.5533 -9865.7090
v  -2222.0591 637.5590 -9958.9805
v  -2330.2183 637.5643 -10044.8525
v  -2444.2520 637.5697 -10122.8916
v  -2563.5845 637.5753 -10192.7031
v  -2687.6135 637.5804 -10253.9365
v  -2815.7129 637.5861 -10306.2822
v  -2947.2366 637.5914 -10349.4746
v  -3081.5203 637.5968 -10383.2979
v  -3217.8865 637.6022 -10407.5801
v  -3355.6467 637.6078 -10422.1982
v  -1787.4352 618.2351 -9428.4824
v  -1724.7703 618.2297 -9305.9453
v  -1858.7137 618.2407 -9546.2969
v  -1938.2468 618.2461 -9658.7949
v  -2025.6323 618.2515 -9765.4082
v  -2120.4297 618.2568 -9865.5996
v  -2222.1602 618.2622 -9958.8633
v  -2330.3110 618.2676 -10044.7285
v  -2444.3354 618.2729 -10122.7617
v  -2563.6584 618.2786 -10192.5684
v  -2687.6777 618.2837 -10253.7969
v  -2815.7671 618.2893 -10306.1377
v  -2947.2800 618.2947 -10349.3271
v  -3081.5530 618.3000 -10383.1475
v  -3217.9084 618.3054 -10407.4277
v  -3355.6577 618.3110 -10422.0449
v  -1787.6008 598.9534 -9428.3916
v  -1724.9424 598.9479 -9305.8662
v  -1858.8726 598.9589 -9546.1943
v  -1938.3979 598.9642 -9658.6816
v  -2025.7750 598.9696 -9765.2852
v  -2120.5630 598.9750 -9865.4668
v  -2222.2839 598.9803 -9958.7217
v  -2330.4241 598.9857 -10044.5781
v  -2444.4375 598.9911 -10122.6035
v  -2563.7490 598.9966 -10192.4033
v  -2687.7561 599.0018 -10253.6250
v  -2815.8328 599.0074 -10305.9619
v  -2947.3333 599.0128 -10349.1475
v  -3081.5930 599.0182 -10382.9639
v  -3217.9353 599.0236 -10407.2412
v  -3355.6711 599.0289 -10421.8564
v  -1787.7998 579.6879 -9428.2822
v  -1725.1487 579.6825 -9305.7715
v  -1859.0632 579.6932 -9546.0713
v  -1938.5793 579.6986 -9658.5459
v  -2025.9463 579.7040 -9765.1367
v  -2120.7234 579.7094 -9865.3066
v  -2222.4321 579.7150 -9958.5508
v  -2330.5598 579.7201 -10044.3975
v  -2444.5598 579.7257 -10122.4131
v  -2563.8574 579.7311 -10192.2051
v  -2687.8501 579.7365 -10253.4199
v  -2815.9121 579.7418 -10305.7500
v  -2947.3970 579.7472 -10348.9307
v  -3081.6411 579.7526 -10382.7432
v  -3217.9675 579.7579 -10407.0176
v  -3355.6873 579.7633 -10421.6318
v  -1788.0353 560.4402 -9428.1533
v  -1725.3925 560.4348 -9305.6592
v  -1859.2887 560.4453 -9545.9268
v  -1938.7938 560.4507 -9658.3848
v  -2026.1486 560.4563 -9764.9609
v  -2120.9126 560.4617 -9865.1172
v  -2222.6074 560.4670 -9958.3486
v  -2330.7202 560.4724 -10044.1836
v  -2444.7046 560.4778 -10122.1885
v  -2563.9856 560.4834 -10191.9707
v  -2687.9612 560.4888 -10253.1777
v  -2816.0054 560.4939 -10305.5000
v  -2947.4722 560.4993 -10348.6748
v  -3081.6980 560.5049 -10382.4824
v  -3218.0054 560.5100 -10406.7539
v  -3355.7063 560.5154 -10421.3662
v  -1788.3094 541.2118 -9428.0029
v  -1725.6769 541.2064 -9305.5293
v  -1859.5518 541.2169 -9545.7568
v  -1939.0438 541.2225 -9658.1973
v  -2026.3849 541.2279 -9764.7568
v  -2121.1335 541.2330 -9864.8965
v  -2222.8120 541.2386 -9958.1123
v  -2330.9072 541.2440 -10043.9336
v  -2444.8735 541.2494 -10121.9258
v  -2564.1353 541.2548 -10191.6973
v  -2688.0908 541.2601 -10252.8945
v  -2816.1145 541.2655 -10305.2090
v  -2947.5603 541.2709 -10348.3760
v  -3081.7644 541.2762 -10382.1787
v  -3218.0498 541.2816 -10406.4463
v  -3355.7288 541.2870 -10421.0557
v  -1788.6261 522.0042 -9427.8291
v  -1726.0051 521.9985 -9305.3779
v  -1859.8550 522.0093 -9545.5615
v  -1939.3326 522.0146 -9657.9805
v  -2026.6573 522.0203 -9764.5205
v  -2121.3884 522.0254 -9864.6426
v  -2223.0481 522.0308 -9957.8408
v  -2331.1233 522.0361 -10043.6455
v  -2445.0681 522.0415 -10121.6240
v  -2564.3079 522.0471 -10191.3818
v  -2688.2405 522.0525 -10252.5684
v  -2816.2402 522.0576 -10304.8721
v  -2947.6616 522.0630 -10348.0322
v  -3081.8408 522.0685 -10381.8281
v  -3218.1011 522.0739 -10406.0908
v  -3355.7544 522.0792 -10420.6982
v  -5183.2271 181.6530 -9418.8623
v  -5245.2471 181.6575 -9297.5859
v  -5181.5366 163.1210 -9417.9355
v  -5243.4951 163.1256 -9296.7803
v  -5179.7466 144.6414 -9416.9541
v  -5241.6392 144.6459 -9295.9277
v  -5177.8560 126.2167 -9415.9180
v  -5239.6787 126.2210 -9295.0273
v  -5175.8623 107.8489 -9414.8252
v  -5237.6123 107.8534 -9294.0771
v  -5173.7646 89.5412 -9413.6758
v  -5235.4375 89.5455 -9293.0781
v  -5171.5615 71.2955 -9412.4678
v  -5233.1538 71.2998 -9292.0293
v  -5169.2520 53.1145 -9411.2012
v  -5230.7588 53.1187 -9290.9287
v  -5166.8330 35.0007 -9409.8760
v  -5228.2515 35.0048 -9289.7764
v  -5164.3047 16.9564 -9408.4893
v  -5225.6299 16.9604 -9288.5713
v  -5161.6641 -1.0157 -9407.0420
v  -5222.8926 -1.0117 -9287.3135
v  -5158.9106 -18.9134 -9405.5332
v  -5220.0381 -18.9096 -9286.0020
v  -5156.0425 -36.7340 -9403.9609
v  -5217.0645 -36.7304 -9284.6357
v  -5153.0586 -54.4752 -9402.3252
v  -5213.9707 -54.4716 -9283.2148
v  -5149.9570 -72.1346 -9400.6250
v  -5210.7554 -72.1309 -9281.7373
v  -5146.7358 -89.7094 -9398.8594
v  -5207.4165 -89.7057 -9280.2031
v  -5112.6816 181.6481 -9535.4648
v  -5111.0615 163.1163 -9534.4219
v  -5109.3467 144.6367 -9533.3174
v  -5107.5347 126.2120 -9532.1504
v  -5105.6245 107.8445 -9530.9199
v  -5103.6143 89.5368 -9529.6250
v  -5101.5034 71.2912 -9528.2656
v  -5099.2900 53.1103 -9526.8398
v  -5096.9722 34.9965 -9525.3477
v  -5094.5488 16.9523 -9523.7861
v  -5092.0190 -1.0198 -9522.1572
v  -5089.3809 -18.9174 -9520.4570
v  -5086.6323 -36.7380 -9518.6875
v  -5083.7729 -54.4790 -9516.8457
v  -5080.8008 -72.1381 -9514.9316
v  -5077.7144 -89.7130 -9512.9434
v  -5033.9668 181.6433 -9646.8066
v  -5032.4258 163.1117 -9645.6514
v  -5030.7939 144.6323 -9644.4287
v  -5029.0703 126.2075 -9643.1377
v  -5027.2529 107.8401 -9641.7754
v  -5025.3408 89.5325 -9640.3428
v  -5023.3320 71.2869 -9638.8379
v  -5021.2266 53.1061 -9637.2598
v  -5019.0215 34.9923 -9635.6074
v  -5016.7158 16.9483 -9633.8809
v  -5014.3091 -1.0238 -9632.0771
v  -5011.7988 -18.9212 -9630.1963
v  -5009.1846 -36.7418 -9628.2363
v  -5006.4639 -54.4828 -9626.1982
v  -5003.6362 -72.1418 -9624.0801
v  -5000.7002 -89.7165 -9621.8789
v  -4947.4795 181.6386 -9752.3242
v  -4946.0254 163.1068 -9751.0645
v  -4944.4854 144.6276 -9749.7295
v  -4942.8579 126.2029 -9748.3203
v  -4941.1426 107.8356 -9746.8340
v  -4939.3379 89.5280 -9745.2695
v  -4937.4424 71.2826 -9743.6270
v  -4935.4551 53.1017 -9741.9053
v  -4933.3740 34.9882 -9740.1016
v  -4931.1978 16.9442 -9738.2158
v  -4928.9263 -1.0278 -9736.2480
v  -4926.5571 -18.9252 -9734.1953
v  -4924.0894 -36.7456 -9732.0566
v  -4921.5215 -54.4866 -9729.8320
v  -4918.8530 -72.1455 -9727.5195
v  -4916.0815 -89.7201 -9725.1182
v  -4853.6567 181.6339 -9851.4863
v  -4852.2964 163.1023 -9850.1270
v  -4850.8555 144.6231 -9848.6865
v  -4849.3340 126.1984 -9847.1660
v  -4847.7295 107.8311 -9845.5625
v  -4846.0410 89.5236 -9843.8760
v  -4844.2676 71.2782 -9842.1035
v  -4842.4082 53.0976 -9840.2461
v  -4840.4619 34.9840 -9838.3008
v  -4838.4263 16.9400 -9836.2666
v  -4836.3013 -1.0319 -9834.1436
v  -4834.0850 -18.9291 -9831.9287
v  -4831.7764 -36.7495 -9829.6221
v  -4829.3745 -54.4903 -9827.2227
v  -4826.8779 -72.1492 -9824.7275
v  -4824.2861 -89.7237 -9822.1367
v  -4752.9727 181.6290 -9943.7900
v  -4751.7124 163.0976 -9942.3389
v  -4750.3789 144.6182 -9940.8008
v  -4748.9692 126.1938 -9939.1768
v  -4747.4839 107.8267 -9937.4648
v  -4745.9204 89.5192 -9935.6631
v  -4744.2788 71.2738 -9933.7715
v  -4742.5566 53.0933 -9931.7871
v  -4740.7544 34.9797 -9929.7090
v  -4738.8696 16.9359 -9927.5371
v  -4736.9023 -1.0358 -9925.2695
v  -4734.8496 -18.9331 -9922.9043
v  -4732.7124 -36.7534 -9920.4414
v  -4730.4883 -54.4941 -9917.8779
v  -4728.1768 -72.1529 -9915.2139
v  -4725.7764 -89.7272 -9912.4473
v  -4645.9341 181.6243 -10028.7725
v  -4644.7813 163.0929 -10027.2354
v  -4643.5605 144.6137 -10025.6084
v  -4642.2715 126.1891 -10023.8887
v  -4640.9121 107.8221 -10022.0762
v  -4639.4814 89.5146 -10020.1689
v  -4637.9795 71.2695 -10018.1660
v  -4636.4043 53.0889 -10016.0654
v  -4634.7549 34.9755 -10013.8662
v  -4633.0303 16.9318 -10011.5674
v  -4631.2300 -1.0398 -10009.1660
v  -4629.3525 -18.9369 -10006.6631
v  -4627.3965 -36.7571 -10004.0557
v  -4625.3618 -54.4977 -10001.3418
v  -4623.2466 -72.1564 -9998.5225
v  -4621.0503 -89.7308 -9995.5938
v  -4533.0820 181.6196 -10106.0029
v  -4532.0420 163.0882 -10104.3887
v  -4530.9414 144.6090 -10102.6797
v  -4529.7783 126.1847 -10100.8730
v  -4528.5522 107.8176 -10098.9697
v  -4527.2617 89.5103 -10096.9668
v  -4525.9067 71.2651 -10094.8633
v  -4524.4858 53.0847 -10092.6572
v  -4522.9980 34.9713 -10090.3477
v  -4521.4424 16.9276 -10087.9326
v  -4519.8184 -1.0439 -10085.4111
v  -4518.1250 -18.9410 -10082.7813
v  -4516.3608 -36.7609 -10080.0430
v  -4514.5254 -54.5015 -10077.1934
v  -4512.6172 -72.1602 -10074.2314
v  -4510.6362 -89.7343 -10071.1553
v  -4414.9863 181.6147 -10175.0918
v  -4414.0645 163.0833 -10173.4082
v  -4413.0889 144.6043 -10171.6260
v  -4412.0576 126.1799 -10169.7432
v  -4410.9712 107.8129 -10167.7578
v  -4409.8276 89.5057 -10165.6689
v  -4408.6265 71.2606 -10163.4746
v  -4407.3672 53.0802 -10161.1748
v  -4406.0483 34.9670 -10158.7656
v  -4404.6699 16.9235 -10156.2471
v  -4403.2305 -1.0481 -10153.6182
v  -4401.7295 -18.9451 -10150.8760
v  -4400.1655 -36.7650 -10148.0195
v  -4398.5391 -54.5054 -10145.0479
v  -4396.8477 -72.1639 -10141.9590
v  -4395.0918 -89.7380 -10138.7520
v  -4292.2422 181.6102 -10235.6904
v  -4291.4434 163.0789 -10233.9463
v  -4290.5977 144.5998 -10232.0996
v  -4289.7041 126.1754 -10230.1484
v  -4288.7622 107.8085 -10228.0928
v  -4287.7715 89.5013 -10225.9277
v  -4286.7300 71.2563 -10223.6553
v  -4285.6387 53.0760 -10221.2715
v  -4284.4961 34.9630 -10218.7764
v  -4283.3008 16.9194 -10216.1670
v  -4282.0537 -1.0521 -10213.4434
v  -4280.7524 -18.9489 -10210.6025
v  -4279.3970 -36.7688 -10207.6436
v  -4277.9873 -54.5091 -10204.5645
v  -4276.5215 -72.1676 -10201.3643
v  -4274.9995 -89.7416 -10198.0410
v  -4165.4697 181.6053 -10287.4932
v  -4164.7979 163.0741 -10285.6973
v  -4164.0869 144.5952 -10283.7959
v  -4163.3350 126.1710 -10281.7871
v  -4162.5430 107.8040 -10279.6699
v  -4161.7090 89.4968 -10277.4404
v  -4160.8335 71.2521 -10275.1006
v  -4159.9155 53.0719 -10272.6465
v  -4158.9541 34.9587 -10270.0762
v  -4157.9487 16.9153 -10267.3896
v  -4156.8994 -1.0560 -10264.5850
v  -4155.8052 -18.9528 -10261.6602
v  -4154.6650 -36.7725 -10258.6133
v  -4153.4790 -54.5129 -10255.4424
v  -4152.2461 -72.1713 -10252.1475
v  -4150.9663 -89.7452 -10248.7256
v  -4035.3091 181.6006 -10330.2393
v  -4034.7676 163.0694 -10328.4004
v  -4034.1941 144.5905 -10326.4541
v  -4033.5884 126.1664 -10324.3965
v  -4032.9497 107.7996 -10322.2285
v  -4032.2773 89.4925 -10319.9473
v  -4031.5715 71.2477 -10317.5508
v  -4030.8315 53.0676 -10315.0381
v  -4030.0564 34.9546 -10312.4072
v  -4029.2463 16.9113 -10309.6563
v  -4028.4004 -1.0600 -10306.7852
v  -4027.5181 -18.9567 -10303.7900
v  -4026.5991 -36.7765 -10300.6699
v  -4025.6431 -54.5166 -10297.4248
v  -4024.6494 -72.1749 -10294.0508
v  -4023.6172 -89.7487 -10290.5469
v  -3902.4167 181.5959 -10363.7109
v  -3902.0081 163.0647 -10361.8389
v  -3901.5752 144.5859 -10359.8574
v  -3901.1182 126.1618 -10357.7627
v  -3900.6365 107.7951 -10355.5547
v  -3900.1294 89.4882 -10353.2314
v  -3899.5967 71.2434 -10350.7920
v  -3899.0383 53.0634 -10348.2334
v  -3898.4539 34.9504 -10345.5547
v  -3897.8425 16.9072 -10342.7539
v  -3897.2041 -1.0640 -10339.8301
v  -3896.5386 -18.9606 -10336.7803
v  -3895.8455 -36.7803 -10333.6035
v  -3895.1240 -54.5203 -10330.2988
v  -3894.3743 -72.1785 -10326.8643
v  -3893.5957 -89.7523 -10323.2969
v  -3767.4634 181.5911 -10387.7412
v  -3767.1899 163.0601 -10385.8457
v  -3766.9001 144.5814 -10383.8379
v  -3766.5942 126.1573 -10381.7168
v  -3766.2715 107.7906 -10379.4805
v  -3765.9321 89.4838 -10377.1279
v  -3765.5757 71.2391 -10374.6563
v  -3765.2017 53.0591 -10372.0645
v  -3764.8103 34.9463 -10369.3516
v  -3764.4011 16.9031 -10366.5146
v  -3763.9739 -1.0679 -10363.5537
v  -3763.5281 -18.9644 -10360.4648
v  -3763.0640 -36.7840 -10357.2471
v  -3762.5811 -54.5241 -10353.9004
v  -3762.0791 -72.1821 -10350.4209
v  -3761.5579 -89.7558 -10346.8076
v  -3631.1304 181.5864 -10402.2080
v  -3630.9932 163.0554 -10400.2979
v  -3630.8481 144.5767 -10398.2744
v  -3630.6946 126.1527 -10396.1367
v  -3630.5330 107.7863 -10393.8838
v  -3630.3628 89.4794 -10391.5137
v  -3630.1841 71.2349 -10389.0234
v  -3629.9966 53.0551 -10386.4121
v  -3629.8005 34.9423 -10383.6777
v  -3629.5955 16.8992 -10380.8193
v  -3629.3811 -1.0718 -10377.8359
v  -3629.1577 -18.9684 -10374.7227
v  -3628.9250 -36.7880 -10371.4814
v  -3628.6831 -54.5278 -10368.1084
v  -3628.4314 -72.1859 -10364.6025
v  -3628.1702 -89.7595 -10360.9619
v  -3494.1060 181.5817 -10407.0391
v  -3494.1060 163.0506 -10405.1230
v  -3494.1060 144.5720 -10403.0947
v  -3494.1060 126.1481 -10400.9521
v  -3494.1060 107.7817 -10398.6934
v  -3494.1060 89.4750 -10396.3164
v  -3494.1060 71.2305 -10393.8203
v  -3494.1060 53.0507 -10391.2021
v  -3494.1060 34.9380 -10388.4619
v  -3494.1060 16.8950 -10385.5957
v  -3494.1060 -1.0759 -10382.6045
v  -3494.1060 -18.9723 -10379.4844
v  -3494.1060 -36.7917 -10376.2344
v  -3494.1060 -54.5316 -10372.8525
v  -3494.1060 -72.1895 -10369.3379
v  -3494.1060 -89.7629 -10365.6875
v  -5083.1055 -341.5244 -9363.9805
v  -5141.4492 -341.5222 -9249.8926
v  -5016.7417 -341.5266 -9473.6719
v  -4942.6924 -341.5289 -9578.4131
v  -4861.3320 -341.5311 -9677.6768
v  -4773.0708 -341.5334 -9770.9609
v  -4678.3540 -341.5357 -9857.7939
v  -4577.6602 -341.5378 -9937.7383
v  -4471.4976 -341.5401 -10010.3916
v  -4360.4019 -341.5423 -10075.3848
v  -4244.9331 -341.5446 -10132.3916
v  -4125.6753 -341.5469 -10181.1240
v  -4003.2297 -341.5491 -10221.3359
v  -3878.2144 -341.5514 -10252.8242
v  -3751.2603 -341.5537 -10275.4307
v  -3623.0083 -341.5559 -10289.0391
v  -3494.1060 -341.5581 -10293.5840
v  -5088.2939 -325.5120 -9366.8242
v  -5146.8281 -325.5096 -9252.3643
v  -5021.7134 -325.5142 -9476.8740
v  -4947.4224 -325.5165 -9581.9580
v  -4865.7964 -325.5189 -9681.5449
v  -4777.2466 -325.5211 -9775.1338
v  -4682.2207 -325.5236 -9862.2500
v  -4581.1982 -325.5258 -9942.4561
v  -4474.6890 -325.5282 -10015.3457
v  -4363.2300 -325.5305 -10080.5518
v  -4247.3848 -325.5329 -10137.7451
v  -4127.7373 -325.5353 -10186.6367
v  -4004.8921 -325.5376 -10226.9795
v  -3879.4685 -325.5399 -10258.5703
v  -3752.0999 -325.5423 -10281.2500
v  -3623.4292 -325.5446 -10294.9043
v  -3494.1060 -325.5470 -10299.4629
v  -5093.3403 -309.3780 -9369.5908
v  -5152.0601 -309.3756 -9254.7676
v  -5026.5488 -309.3804 -9479.9883
v  -4952.0229 -309.3828 -9585.4053
v  -4870.1387 -309.3852 -9685.3076
v  -4781.3086 -309.3876 -9779.1924
v  -4685.9819 -309.3900 -9866.5850
v  -4584.6396 -309.3924 -9947.0449
v  -4477.7930 -309.3948 -10020.1650
v  -4365.9814 -309.3972 -10085.5781
v  -4249.7695 -309.3997 -10142.9512
v  -4129.7432 -309.4021 -10191.9980
v  -4006.5090 -309.4046 -10232.4688
v  -3880.6885 -309.4069 -10264.1602
v  -3752.9167 -309.4094 -10286.9111
v  -3623.8386 -309.4118 -10300.6084
v  -3494.1060 -309.4142 -10305.1816
v  -5098.2471 -293.1252 -9372.2803
v  -5157.1470 -293.1227 -9257.1055
v  -5031.2505 -293.1276 -9483.0166
v  -4956.4956 -293.1300 -9588.7568
v  -4874.3604 -293.1326 -9688.9658
v  -4785.2578 -293.1351 -9783.1387
v  -4689.6387 -293.1375 -9870.7988
v  -4587.9854 -293.1400 -9951.5059
v  -4480.8110 -293.1425 -10024.8506
v  -4368.6563 -293.1450 -10090.4639
v  -4252.0879 -293.1475 -10148.0137
v  -4131.6934 -293.1501 -10197.2109
v  -4008.0811 -293.1526 -10237.8057
v  -3881.8745 -293.1550 -10269.5938
v  -3753.7107 -293.1576 -10292.4150
v  -3624.2368 -293.1601 -10306.1543
v  -3494.1060 -293.1625 -10310.7412
v  -5103.0146 -276.7557 -9374.8936
v  -5162.0898 -276.7532 -9259.3760
v  -5035.8193 -276.7582 -9485.9590
v  -4960.8423 -276.7608 -9592.0137
v  -4878.4624 -276.7634 -9692.5205
v  -4789.0952 -276.7661 -9786.9727
v  -4693.1919 -276.7687 -9874.8945
v  -4591.2363 -276.7712 -9955.8408
v  -4483.7437 -276.7737 -10029.4033
v  -4371.2554 -276.7762 -10095.2119
v  -4254.3408 -276.7789 -10152.9326
v  -4133.5884 -276.7816 -10202.2754
v  -4009.6089 -276.7842 -10242.9912
v  -3883.0269 -276.7866 -10274.8740
v  -3754.4822 -276.7893 -10297.7637
v  -3624.6235 -276.7918 -10311.5430
v  -3494.1060 -276.7944 -10316.1445
v  -5107.6450 -260.2724 -9377.4316
v  -5166.8901 -260.2697 -9261.5820
v  -5040.2563 -260.2749 -9488.8174
v  -4965.0635 -260.2776 -9595.1768
v  -4882.4463 -260.2802 -9695.9727
v  -4792.8223 -260.2830 -9790.6973
v  -4696.6431 -260.2856 -9878.8711
v  -4594.3940 -260.2883 -9960.0508
v  -4486.5918 -260.2909 -10033.8252
v  -4373.7803 -260.2936 -10099.8232
v  -4256.5288 -260.2963 -10157.7100
v  -4135.4292 -260.2990 -10207.1953
v  -4011.0923 -260.3016 -10248.0283
v  -3884.1462 -260.3043 -10280.0029
v  -3755.2317 -260.3069 -10302.9570
v  -3624.9990 -260.3096 -10316.7773
v  -3494.1060 -260.3124 -10321.3916
v  -5112.1401 -243.6773 -9379.8955
v  -5171.5503 -243.6747 -9263.7227
v  -5044.5635 -243.6801 -9491.5918
v  -4969.1611 -243.6828 -9598.2471
v  -4886.3145 -243.6855 -9699.3242
v  -4796.4399 -243.6884 -9794.3125
v  -4699.9927 -243.6910 -9882.7324
v  -4597.4590 -243.6937 -9964.1377
v  -4489.3564 -243.6965 -10038.1172
v  -4376.2305 -243.6993 -10104.2988
v  -4258.6523 -243.7021 -10162.3477
v  -4137.2153 -243.7049 -10211.9707
v  -4012.5327 -243.7076 -10252.9170
v  -3885.2329 -243.7104 -10284.9805
v  -3755.9590 -243.7131 -10308.0000
v  -3625.3638 -243.7159 -10321.8574
v  -3494.1060 -243.7187 -10326.4844
v  -5116.5005 -226.9732 -9382.2861
v  -5176.0708 -226.9704 -9265.8008
v  -5048.7422 -226.9760 -9494.2832
v  -4973.1367 -226.9789 -9601.2256
v  -4890.0664 -226.9817 -9702.5752
v  -4799.9497 -226.9846 -9797.8193
v  -4703.2427 -226.9874 -9886.4775
v  -4600.4326 -226.9902 -9968.1025
v  -4492.0386 -226.9930 -10042.2822
v  -4378.6079 -226.9959 -10108.6416
v  -4260.7129 -226.9988 -10166.8467
v  -4138.9487 -227.0017 -10216.6035
v  -4013.9297 -227.0045 -10257.6602
v  -3886.2869 -227.0074 -10289.8105
v  -3756.6648 -227.0103 -10312.8906
v  -3625.7175 -227.0131 -10326.7861
v  -3494.1060 -227.0159 -10331.4258
v  -5120.7285 -210.1625 -9384.6035
v  -5180.4541 -210.1596 -9267.8145
v  -5052.7935 -210.1655 -9496.8926
v  -4976.9912 -210.1682 -9604.1133
v  -4893.7041 -210.1712 -9705.7275
v  -4803.3525 -210.1742 -9801.2197
v  -4706.3936 -210.1771 -9890.1094
v  -4603.3154 -210.1800 -9971.9473
v  -4494.6392 -210.1830 -10046.3193
v  -4380.9131 -210.1860 -10112.8516
v  -4262.7109 -210.1890 -10171.2090
v  -4140.6289 -210.1919 -10221.0947
v  -4015.2844 -210.1948 -10262.2588
v  -3887.3088 -210.1978 -10294.4922
v  -3757.3491 -210.2007 -10317.6338
v  -3626.0605 -210.2037 -10331.5654
v  -3494.1060 -210.2066 -10336.2168
v  -5124.8252 -193.2476 -9386.8496
v  -5184.7012 -193.2446 -9269.7656
v  -5056.7192 -193.2506 -9499.4209
v  -4980.7256 -193.2537 -9606.9121
v  -4897.2290 -193.2567 -9708.7822
v  -4806.6504 -193.2597 -9804.5146
v  -4709.4468 -193.2628 -9893.6279
v  -4606.1094 -193.2657 -9975.6719
v  -4497.1592 -193.2687 -10050.2314
v  -4383.1465 -193.2719 -10116.9316
v  -4264.6465 -193.2749 -10175.4355
v  -4142.2578 -193.2780 -10225.4473
v  -4016.5972 -193.2809 -10266.7148
v  -3888.2993 -193.2840 -10299.0303
v  -3758.0120 -193.2870 -10322.2295
v  -3626.3928 -193.2901 -10336.1963
v  -3494.1060 -193.2931 -10340.8594
v  -5128.7925 -176.2310 -9389.0234
v  -5188.8140 -176.2281 -9271.6553
v  -5060.5205 -176.2341 -9501.8691
v  -4984.3423 -176.2373 -9609.6221
v  -4900.6426 -176.2405 -9711.7393
v  -4809.8433 -176.2435 -9807.7051
v  -4712.4033 -176.2466 -9897.0352
v  -4608.8145 -176.2497 -9979.2783
v  -4499.5996 -176.2529 -10054.0205
v  -4385.3096 -176.2561 -10120.8828
v  -4266.5210 -176.2592 -10179.5283
v  -4143.8345 -176.2623 -10229.6621
v  -4017.8682 -176.2654 -10271.0303
v  -3889.2583 -176.2684 -10303.4238
v  -3758.6541 -176.2716 -10326.6797
v  -3626.7146 -176.2747 -10340.6797
v  -3494.1060 -176.2779 -10345.3545
v  -5132.6313 -159.1153 -9391.1279
v  -5192.7939 -159.1121 -9273.4844
v  -5064.1992 -159.1185 -9504.2383
v  -4987.8418 -159.1217 -9612.2441
v  -4903.9458 -159.1249 -9714.6016
v  -4812.9331 -159.1281 -9810.7930
v  -4715.2646 -159.1313 -9900.3330
v  -4611.4326 -159.1345 -9982.7695
v  -4501.9609 -159.1376 -10057.6865
v  -4387.4023 -159.1410 -10124.7061
v  -4268.3350 -159.1442 -10183.4893
v  -4145.3604 -159.1474 -10233.7402
v  -4019.0981 -159.1507 -10275.2061
v  -3890.1863 -159.1538 -10307.6758
v  -3759.2751 -159.1570 -10330.9863
v  -3627.0261 -159.1602 -10345.0195
v  -3494.1060 -159.1635 -10349.7051
v  -5136.3438 -141.9028 -9393.1631
v  -5196.6426 -141.8995 -9275.2529
v  -5067.7563 -141.9060 -9506.5293
v  -4991.2266 -141.9093 -9614.7803
v  -4907.1396 -141.9127 -9717.3701
v  -4815.9214 -141.9160 -9813.7793
v  -4718.0313 -141.9193 -9903.5215
v  -4613.9639 -141.9225 -9986.1445
v  -4504.2441 -141.9257 -10061.2314
v  -4389.4263 -141.9292 -10128.4023
v  -4270.0894 -141.9325 -10187.3193
v  -4146.8354 -141.9358 -10237.6846
v  -4020.2876 -141.9391 -10279.2441
v  -3891.0835 -141.9424 -10311.7871
v  -3759.8760 -141.9457 -10335.1504
v  -3627.3271 -141.9490 -10349.2158
v  -3494.1060 -141.9523 -10353.9121
v  -5139.9312 -124.5959 -9395.1289
v  -5200.3618 -124.5925 -9276.9619
v  -5071.1938 -124.5993 -9508.7441
v  -4994.4966 -124.6027 -9617.2314
v  -4910.2266 -124.6061 -9720.0439
v  -4818.8086 -124.6096 -9816.6641
v  -4720.7051 -124.6129 -9906.6025
v  -4616.4102 -124.6163 -9989.4063
v  -4506.4507 -124.6196 -10064.6572
v  -4391.3818 -124.6231 -10131.9756
v  -4271.7842 -124.6265 -10191.0205
v  -4148.2617 -124.6299 -10241.4961
v  -4021.4370 -124.6334 -10283.1455
v  -3891.9507 -124.6367 -10315.7598
v  -3760.4565 -124.6401 -10339.1738
v  -3627.6182 -124.6435 -10353.2705
v  -3494.1060 -124.6469 -10357.9766
v  -5143.3945 -107.1974 -9397.0273
v  -5203.9521 -107.1938 -9278.6113
v  -5074.5127 -107.2008 -9510.8809
v  -4997.6538 -107.2043 -9619.5967
v  -4913.2065 -107.2078 -9722.6270
v  -4821.5962 -107.2113 -9819.4492
v  -4723.2861 -107.2148 -9909.5771
v  -4618.7720 -107.2182 -9992.5557
v  -4508.5811 -107.2216 -10067.9648
v  -4393.2700 -107.2253 -10135.4238
v  -4273.4209 -107.2288 -10194.5938
v  -4149.6382 -107.2323 -10245.1758
v  -4022.5466 -107.2357 -10286.9131
v  -3892.7881 -107.2391 -10319.5957
v  -3761.0171 -107.2427 -10343.0596
v  -3627.8992 -107.2462 -10357.1855
v  -3494.1060 -107.2496 -10361.9014
v  -1905.1056 -341.5919 -9363.9805
v  -1846.7616 -341.5941 -9249.8926
v  -1899.9172 -325.5818 -9366.8242
v  -1841.3827 -325.5841 -9252.3643
v  -1894.8706 -309.4503 -9369.5908
v  -1836.1509 -309.4528 -9254.7686
v  -1889.9641 -293.1999 -9372.2803
v  -1831.0640 -293.2025 -9257.1055
v  -1885.1963 -276.8330 -9374.8936
v  -1826.1212 -276.8356 -9259.3760
v  -1880.5658 -260.3523 -9377.4316
v  -1821.3207 -260.3549 -9261.5820
v  -1876.0708 -243.7598 -9379.8955
v  -1816.6608 -243.7626 -9263.7236
v  -1871.7102 -227.0584 -9382.2861
v  -1812.1401 -227.0614 -9265.8008
v  -1867.4823 -210.2504 -9384.6035
v  -1807.7570 -210.2534 -9267.8145
v  -1863.3855 -193.3382 -9386.8496
v  -1803.5095 -193.3414 -9269.7656
v  -1859.4185 -176.3245 -9389.0234
v  -1799.3970 -176.3276 -9271.6553
v  -1855.5796 -159.2114 -9391.1279
v  -1795.4170 -159.2145 -9273.4844
v  -1851.8672 -142.0016 -9393.1631
v  -1791.5685 -142.0049 -9275.2529
v  -1848.2799 -124.6976 -9395.1289
v  -1787.8492 -124.7010 -9276.9619
v  -1844.8164 -107.3016 -9397.0283
v  -1784.2587 -107.3051 -9278.6113
v  -1841.4749 -89.8164 -9398.8594
v  -1780.7946 -89.8200 -9280.2031
v  -1971.4698 -341.5895 -9473.6719
v  -1966.4983 -325.5794 -9476.8740
v  -1961.6624 -309.4478 -9479.9893
v  -1956.9608 -293.1973 -9483.0166
v  -1952.3921 -276.8304 -9485.9600
v  -1947.9551 -260.3495 -9488.8174
v  -1943.6479 -243.7571 -9491.5918
v  -1939.4695 -227.0556 -9494.2832
v  -1935.4181 -210.2474 -9496.8926
v  -1931.4922 -193.3352 -9499.4209
v  -1927.6909 -176.3213 -9501.8691
v  -1924.0123 -159.2082 -9504.2383
v  -1920.4550 -141.9983 -9506.5303
v  -1917.0176 -124.6942 -9508.7441
v  -1913.6987 -107.2982 -9510.8818
v  -1910.4968 -89.8128 -9512.9434
v  -2045.5190 -341.5872 -9578.4141
v  -2040.7892 -325.5770 -9581.9580
v  -2036.1885 -309.4453 -9585.4053
v  -2031.7157 -293.1948 -9588.7568
v  -2027.3693 -276.8279 -9592.0137
v  -2023.1481 -260.3469 -9595.1768
v  -2019.0503 -243.7544 -9598.2471
v  -2015.0751 -227.0527 -9601.2256
v  -2011.2207 -210.2445 -9604.1143
v  -2007.4858 -193.3322 -9606.9121
v  -2003.8694 -176.3181 -9609.6221
v  -2000.3696 -159.2050 -9612.2451
v  -1996.9854 -141.9950 -9614.7803
v  -1993.7150 -124.6907 -9617.2314
v  -1990.5575 -107.2947 -9619.5967
v  -1987.5114 -89.8092 -9621.8799
v  -2126.8796 -341.5850 -9677.6768
v  -2122.4155 -325.5747 -9681.5449
v  -2118.0732 -309.4430 -9685.3076
v  -2113.8516 -293.1923 -9688.9658
v  -2109.7493 -276.8253 -9692.5205
v  -2105.7651 -260.3442 -9695.9727
v  -2101.8975 -243.7516 -9699.3242
v  -2098.1455 -227.0499 -9702.5752
v  -2094.5078 -210.2416 -9705.7275
v  -2090.9827 -193.3291 -9708.7822
v  -2087.5693 -176.3150 -9711.7393
v  -2084.2661 -159.2017 -9714.6016
v  -2081.0718 -141.9917 -9717.3691
v  -2077.9854 -124.6874 -9720.0439
v  -2075.0054 -107.2911 -9722.6270
v  -2072.1301 -89.8056 -9725.1182
v  -2215.1411 -341.5828 -9770.9609
v  -2210.9648 -325.5723 -9775.1338
v  -2206.9028 -309.4406 -9779.1924
v  -2202.9539 -293.1898 -9783.1387
v  -2199.1165 -276.8227 -9786.9727
v  -2195.3894 -260.3415 -9790.6973
v  -2191.7715 -243.7488 -9794.3125
v  -2188.2617 -227.0470 -9797.8193
v  -2184.8589 -210.2386 -9801.2197
v  -2181.5610 -193.3261 -9804.5146
v  -2178.3682 -176.3119 -9807.7051
v  -2175.2783 -159.1985 -9810.7930
v  -2172.2900 -141.9883 -9813.7783
v  -2169.4028 -124.6840 -9816.6641
v  -2166.6152 -107.2877 -9819.4492
v  -2163.9258 -89.8021 -9822.1367
v  -2309.8579 -341.5805 -9857.7939
v  -2305.9912 -325.5700 -9862.2500
v  -2302.2300 -309.4381 -9866.5850
v  -2298.5732 -293.1873 -9870.7988
v  -2295.0198 -276.8201 -9874.8945
v  -2291.5688 -260.3388 -9878.8711
v  -2288.2188 -243.7460 -9882.7324
v  -2284.9690 -227.0441 -9886.4775
v  -2281.8179 -210.2358 -9890.1094
v  -2278.7646 -193.3231 -9893.6279
v  -2275.8081 -176.3088 -9897.0352
v  -2272.9473 -159.1953 -9900.3330
v  -2270.1802 -141.9850 -9903.5215
v  -2267.5068 -124.6805 -9906.6025
v  -2264.9253 -107.2842 -9909.5771
v  -2262.4351 -89.7985 -9912.4473
v  -2410.5515 -341.5783 -9937.7383
v  -2407.0137 -325.5677 -9942.4561
v  -2403.5723 -309.4358 -9947.0449
v  -2400.2266 -293.1849 -9951.5059
v  -2396.9753 -276.8176 -9955.8408
v  -2393.8179 -260.3361 -9960.0508
v  -2390.7524 -243.7433 -9964.1377
v  -2387.7791 -227.0414 -9968.1025
v  -2384.8960 -210.2328 -9971.9473
v  -2382.1021 -193.3201 -9975.6719
v  -2379.3972 -176.3057 -9979.2783
v  -2376.7793 -159.1921 -9982.7695
v  -2374.2476 -141.9818 -9986.1445
v  -2371.8018 -124.6772 -9989.4063
v  -2369.4399 -107.2808 -9992.5557
v  -2367.1611 -89.7950 -9995.5938
v  -2516.7144 -341.5761 -10010.3916
v  -2513.5229 -325.5654 -10015.3457
v  -2510.4187 -309.4334 -10020.1650
v  -2507.4009 -293.1824 -10024.8506
v  -2504.4683 -276.8149 -10029.4033
v  -2501.6199 -260.3335 -10033.8252
v  -2498.8552 -243.7405 -10038.1182
v  -2496.1729 -227.0385 -10042.2822
v  -2493.5723 -210.2299 -10046.3193
v  -2491.0522 -193.3171 -10050.2314
v  -2488.6123 -176.3027 -10054.0205
v  -2486.2510 -159.1890 -10057.6865
v  -2483.9673 -141.9786 -10061.2314
v  -2481.7610 -124.6738 -10064.6572
v  -2479.6306 -107.2773 -10067.9648
v  -2477.5752 -89.7914 -10071.1553
v  -2627.8103 -341.5738 -10075.3848
v  -2624.9814 -325.5630 -10080.5518
v  -2622.2302 -309.4310 -10085.5781
v  -2619.5554 -293.1799 -10090.4639
v  -2616.9561 -276.8124 -10095.2119
v  -2614.4316 -260.3309 -10099.8232
v  -2611.9812 -243.7378 -10104.2998
v  -2609.6038 -227.0356 -10108.6416
v  -2607.2988 -210.2271 -10112.8525
v  -2605.0654 -193.3143 -10116.9316
v  -2602.9026 -176.2997 -10120.8828
v  -2600.8098 -159.1859 -10124.7061
v  -2598.7856 -141.9754 -10128.4033
v  -2596.8301 -124.6706 -10131.9756
v  -2594.9419 -107.2739 -10135.4248
v  -2593.1201 -89.7880 -10138.7520
v  -2743.2788 -341.5716 -10132.3916
v  -2740.8271 -325.5609 -10137.7451
v  -2738.4424 -309.4286 -10142.9521
v  -2736.1240 -293.1776 -10148.0137
v  -2733.8713 -276.8099 -10152.9326
v  -2731.6833 -260.3283 -10157.7109
v  -2729.5593 -243.7351 -10162.3477
v  -2727.4990 -227.0329 -10166.8467
v  -2725.5012 -210.2241 -10171.2090
v  -2723.5654 -193.3112 -10175.4355
v  -2721.6909 -176.2966 -10179.5283
v  -2719.8770 -159.1827 -10183.4893
v  -2718.1228 -141.9721 -10187.3193
v  -2716.4277 -124.6672 -10191.0215
v  -2714.7910 -107.2705 -10194.5938
v  -2713.2122 -89.7844 -10198.0420
v  -2862.5366 -341.5694 -10181.1240
v  -2860.4744 -325.5585 -10186.6367
v  -2858.4685 -309.4262 -10191.9980
v  -2856.5186 -293.1751 -10197.2109
v  -2854.6235 -276.8074 -10202.2754
v  -2852.7830 -260.3257 -10207.1953
v  -2850.9963 -243.7324 -10211.9707
v  -2849.2632 -227.0301 -10216.6035
v  -2847.5828 -210.2212 -10221.0947
v  -2845.9546 -193.3082 -10225.4473
v  -2844.3777 -176.2934 -10229.6621
v  -2842.8521 -159.1795 -10233.7412
v  -2841.3765 -141.9688 -10237.6846
v  -2839.9507 -124.6638 -10241.4961
v  -2838.5740 -107.2670 -10245.1758
v  -2837.2458 -89.7808 -10248.7256
v  -2984.9822 -341.5671 -10221.3359
v  -2983.3198 -325.5562 -10226.9795
v  -2981.7029 -309.4238 -10232.4688
v  -2980.1309 -293.1725 -10237.8057
v  -2978.6033 -276.8047 -10242.9912
v  -2977.1196 -260.3230 -10248.0283
v  -2975.6794 -243.7296 -10252.9170
v  -2974.2822 -227.0272 -10257.6602
v  -2972.9277 -210.2182 -10262.2588
v  -2971.6150 -193.3051 -10266.7148
v  -2970.3440 -176.2903 -10271.0303
v  -2969.1138 -159.1763 -10275.2061
v  -2967.9243 -141.9655 -10279.2441
v  -2966.7751 -124.6604 -10283.1455
v  -2965.6653 -107.2635 -10286.9131
v  -2964.5947 -89.7772 -10290.5479
v  -3109.9976 -341.5649 -10252.8242
v  -3108.7432 -325.5540 -10258.5703
v  -3107.5234 -309.4215 -10264.1602
v  -3106.3374 -293.1700 -10269.5938
v  -3105.1848 -276.8022 -10274.8740
v  -3104.0654 -260.3204 -10280.0029
v  -3102.9790 -243.7270 -10284.9805
v  -3101.9248 -227.0244 -10289.8105
v  -3100.9028 -210.2153 -10294.4922
v  -3099.9126 -193.3021 -10299.0303
v  -3098.9536 -176.2872 -10303.4238
v  -3098.0256 -159.1730 -10307.6758
v  -3097.1282 -141.9622 -10311.7871
v  -3096.2610 -124.6571 -10315.7598
v  -3095.4238 -107.2601 -10319.5957
v  -3094.6162 -89.7737 -10323.2969
v  -3236.9514 -341.5627 -10275.4297
v  -3236.1118 -325.5516 -10281.2500
v  -3235.2949 -309.4190 -10286.9111
v  -3234.5010 -293.1676 -10292.4150
v  -3233.7295 -276.7996 -10297.7637
v  -3232.9800 -260.3177 -10302.9570
v  -3232.2527 -243.7241 -10308.0000
v  -3231.5469 -227.0216 -10312.8916
v  -3230.8628 -210.2123 -10317.6338
v  -3230.1997 -193.2991 -10322.2295
v  -3229.5576 -176.2841 -10326.6797
v  -3228.9365 -159.1699 -10330.9863
v  -3228.3357 -141.9589 -10335.1504
v  -3227.7551 -124.6536 -10339.1738
v  -3227.1946 -107.2565 -10343.0596
v  -3226.6538 -89.7701 -10346.8076
v  -3365.2034 -341.5604 -10289.0391
v  -3364.7825 -325.5492 -10294.9043
v  -3364.3730 -309.4166 -10300.6084
v  -3363.9751 -293.1650 -10306.1543
v  -3363.5884 -276.7971 -10311.5430
v  -3363.2126 -260.3150 -10316.7773
v  -3362.8479 -243.7214 -10321.8574
v  -3362.4941 -227.0188 -10326.7861
v  -3362.1514 -210.2095 -10331.5654
v  -3361.8188 -193.2961 -10336.1963
v  -3361.4971 -176.2810 -10340.6797
v  -3361.1858 -159.1667 -10345.0195
v  -3360.8845 -141.9556 -10349.2158
v  -3360.5935 -124.6503 -10353.2705
v  -3360.3125 -107.2531 -10357.1855
v  -3360.0415 -89.7665 -10360.9619
v  -1804.9840 181.5103 -9418.8623
v  -1742.9637 181.5055 -9297.5859
v  -1875.5297 181.5150 -9535.4648
v  -1954.2448 181.5197 -9646.8066
v  -2040.7319 181.5247 -9752.3242
v  -2134.5544 181.5294 -9851.4854
v  -2235.2393 181.5341 -9943.7900
v  -2342.2776 181.5390 -10028.7725
v  -2455.1299 181.5437 -10106.0029
v  -2573.2258 181.5486 -10175.0918
v  -2695.9697 181.5533 -10235.6904
v  -2822.7419 181.5579 -10287.4932
v  -2952.9028 181.5626 -10330.2393
v  -3085.7952 181.5674 -10363.7109
v  -3220.7483 181.5722 -10387.7422
v  -3357.0813 181.5769 -10402.2080
v  -1806.6742 162.9803 -9417.9355
v  -1744.7162 162.9756 -9296.7803
v  -1877.1494 162.9849 -9534.4219
v  -1955.7859 162.9897 -9645.6523
v  -2042.1865 162.9944 -9751.0645
v  -2135.9150 162.9991 -9850.1260
v  -2236.4990 163.0038 -9942.3379
v  -2343.4302 163.0085 -10027.2354
v  -2456.1694 163.0132 -10104.3887
v  -2574.1475 163.0181 -10173.4082
v  -2696.7683 163.0226 -10233.9473
v  -2823.4138 163.0273 -10285.6973
v  -2953.4443 163.0319 -10328.4004
v  -3086.2036 163.0366 -10361.8389
v  -3221.0220 163.0413 -10385.8457
v  -3357.2185 163.0461 -10400.2979
v  -1808.4641 144.5026 -9416.9541
v  -1746.5718 144.4979 -9295.9277
v  -1878.8644 144.5072 -9533.3174
v  -1957.4176 144.5120 -9644.4297
v  -2043.7264 144.5165 -9749.7295
v  -2137.3557 144.5212 -9848.6865
v  -2237.8330 144.5259 -9940.8008
v  -2344.6509 144.5306 -10025.6084
v  -2457.2705 144.5351 -10102.6797
v  -2575.1233 144.5398 -10171.6260
v  -2697.6143 144.5444 -10232.0996
v  -2824.1252 144.5489 -10283.7969
v  -2954.0178 144.5536 -10326.4531
v  -3086.6365 144.5582 -10359.8574
v  -3221.3115 144.5629 -10383.8379
v  -3357.3635 144.5674 -10398.2744
v  -1810.3550 126.0798 -9415.9180
v  -1748.5320 126.0754 -9295.0273
v  -1880.6763 126.0844 -9532.1504
v  -1959.1414 126.0891 -9643.1377
v  -2045.3535 126.0936 -9748.3193
v  -2138.8774 126.0981 -9847.1660
v  -2239.2422 126.1028 -9939.1768
v  -2345.9402 126.1074 -10023.8887
v  -2458.4336 126.1120 -10100.8740
v  -2576.1541 126.1165 -10169.7432
v  -2698.5076 126.1208 -10230.1494
v  -2824.8767 126.1254 -10281.7871
v  -2954.6238 126.1300 -10324.3965
v  -3087.0935 126.1345 -10357.7627
v  -3221.6177 126.1390 -10381.7168
v  -3357.5171 126.1437 -10396.1377
v  -1812.3485 107.7144 -9414.8252
v  -1750.5988 107.7100 -9294.0771
v  -1882.5867 107.7189 -9530.9199
v  -1960.9587 107.7235 -9641.7754
v  -2047.0687 107.7280 -9746.8330
v  -2140.4822 107.7324 -9845.5625
v  -2240.7275 107.7370 -9937.4648
v  -2347.2996 107.7415 -10022.0762
v  -2459.6597 107.7460 -10098.9697
v  -2577.2407 107.7504 -10167.7578
v  -2699.4495 107.7548 -10228.0928
v  -2825.6689 107.7593 -10279.6699
v  -2955.2625 107.7639 -10322.2285
v  -3087.5752 107.7682 -10355.5547
v  -3221.9402 107.7727 -10379.4805
v  -3357.6787 107.7772 -10393.8848
v  -1814.4462 89.4089 -9413.6758
v  -1752.7734 89.4043 -9293.0781
v  -1884.5967 89.4133 -9529.6250
v  -1962.8711 89.4177 -9640.3428
v  -2048.8735 89.4221 -9745.2695
v  -2142.1704 89.4265 -9843.8750
v  -2242.2910 89.4310 -9935.6631
v  -2348.7300 89.4353 -10020.1689
v  -2460.9497 89.4399 -10096.9668
v  -2578.3843 89.4442 -10165.6689
v  -2700.4404 89.4485 -10225.9287
v  -2826.5027 89.4528 -10277.4414
v  -2955.9346 89.4573 -10319.9473
v  -3088.0823 89.4619 -10353.2324
v  -3222.2795 89.4662 -10377.1279
v  -3357.8489 89.4705 -10391.5137
v  -1816.6490 71.1656 -9412.4678
v  -1755.0571 71.1611 -9292.0293
v  -1886.7076 71.1699 -9528.2656
v  -1964.8792 71.1742 -9638.8379
v  -2050.7690 71.1785 -9743.6270
v  -2143.9436 71.1828 -9842.1035
v  -2243.9331 71.1872 -9933.7705
v  -2350.2322 71.1915 -10018.1660
v  -2462.3049 71.1959 -10094.8633
v  -2579.5854 71.2003 -10163.4746
v  -2701.4814 71.2045 -10223.6553
v  -2827.3784 71.2088 -10275.1006
v  -2956.6404 71.2130 -10317.5508
v  -3088.6150 71.2174 -10350.7920
v  -3222.6362 71.2218 -10374.6563
v  -3358.0276 71.2261 -10389.0234
v  -1818.9590 52.9868 -9411.2012
v  -1757.4519 52.9826 -9290.9287
v  -1888.9210 52.9911 -9526.8398
v  -1966.9852 52.9954 -9637.2598
v  -2052.7566 52.9996 -9741.9043
v  -2145.8027 53.0039 -9840.2461
v  -2245.6545 53.0082 -9931.7871
v  -2351.8076 53.0125 -10016.0654
v  -2463.7258 53.0168 -10092.6572
v  -2580.8450 53.0209 -10161.1748
v  -2702.5732 53.0251 -10221.2725
v  -2828.2964 53.0294 -10272.6465
v  -2957.3804 53.0336 -10315.0381
v  -3089.1733 53.0380 -10348.2334
v  -3223.0100 53.0422 -10372.0645
v  -3358.2148 53.0465 -10386.4121
v  -1821.3778 34.8754 -9409.8760
v  -1759.9595 34.8712 -9289.7764
v  -1891.2388 34.8796 -9525.3477
v  -1969.1902 34.8838 -9635.6074
v  -2054.8376 34.8879 -9740.1016
v  -2147.7495 34.8922 -9838.3008
v  -2247.4570 34.8963 -9929.7090
v  -2353.4568 34.9005 -10013.8662
v  -2465.2134 34.9047 -10090.3477
v  -2582.1636 34.9089 -10158.7656
v  -2703.7161 34.9131 -10218.7764
v  -2829.2578 34.9172 -10270.0771
v  -2958.1555 34.9214 -10312.4072
v  -3089.7581 34.9255 -10345.5547
v  -3223.4014 34.9298 -10369.3516
v  -3358.4111 34.9338 -10383.6777
v  -1823.9066 16.8336 -9408.4893
v  -1762.5812 16.8295 -9288.5723
v  -1893.6620 16.8378 -9523.7861
v  -1971.4956 16.8419 -9633.8809
v  -2057.0137 16.8459 -9738.2158
v  -2149.7852 16.8500 -9836.2666
v  -2249.3418 16.8541 -9927.5371
v  -2355.1812 16.8583 -10011.5674
v  -2466.7690 16.8624 -10087.9326
v  -2583.5422 16.8664 -10156.2480
v  -2704.9109 16.8704 -10216.1680
v  -2830.2632 16.8745 -10267.3896
v  -2958.9656 16.8787 -10309.6563
v  -3090.3691 16.8828 -10342.7539
v  -3223.8105 16.8869 -10366.5146
v  -3358.6162 16.8909 -10380.8193
v  -1826.5470 -1.1360 -9407.0420
v  -1765.3184 -1.1400 -9287.3145
v  -1896.1920 -1.1319 -9522.1572
v  -1973.9023 -1.1279 -9632.0771
v  -2059.2856 -1.1240 -9736.2480
v  -2151.9102 -1.1200 -9834.1426
v  -2251.3096 -1.1160 -9925.2695
v  -2356.9817 -1.1119 -10009.1660
v  -2468.3931 -1.1078 -10085.4111
v  -2584.9817 -1.1040 -10153.6182
v  -2706.1587 -1.1000 -10213.4434
v  -2831.3125 -1.0961 -10264.5850
v  -2959.8115 -1.0920 -10306.7852
v  -3091.0076 -1.0880 -10339.8301
v  -3224.2380 -1.0839 -10363.5527
v  -3358.8306 -1.0799 -10377.8359
v  -1829.3003 -19.0312 -9405.5332
v  -1768.1730 -19.0350 -9286.0029
v  -1898.8304 -19.0272 -9520.4580
v  -1976.4126 -19.0231 -9630.1963
v  -2061.6548 -19.0193 -9734.1953
v  -2154.1265 -19.0154 -9831.9287
v  -2253.3618 -19.0114 -9922.9043
v  -2358.8594 -19.0076 -10006.6631
v  -2470.0867 -19.0035 -10082.7813
v  -2586.4827 -18.9997 -10150.8760
v  -2707.4595 -18.9959 -10210.6025
v  -2832.4067 -18.9920 -10261.6602
v  -2960.6938 -18.9880 -10303.7900
v  -3091.6731 -18.9841 -10336.7803
v  -3224.6836 -18.9802 -10360.4648
v  -3359.0540 -18.9762 -10374.7236
v  -1832.1683 -36.8491 -9403.9609
v  -1771.1462 -36.8531 -9284.6367
v  -1901.5787 -36.8453 -9518.6875
v  -1979.0271 -36.8413 -9628.2373
v  -2064.1223 -36.8375 -9732.0566
v  -2156.4351 -36.8337 -9829.6221
v  -2255.4990 -36.8298 -9920.4414
v  -2360.8149 -36.8261 -10004.0557
v  -2471.8506 -36.8223 -10080.0430
v  -2588.0464 -36.8185 -10148.0205
v  -2708.8147 -36.8147 -10207.6436
v  -2833.5469 -36.8109 -10258.6133
v  -2961.6128 -36.8071 -10300.6699
v  -3092.3665 -36.8032 -10333.6035
v  -3225.1477 -36.7994 -10357.2471
v  -3359.2866 -36.7956 -10371.4814
v  -1835.1523 -54.5876 -9402.3252
v  -1774.2399 -54.5915 -9283.2148
v  -1904.4384 -54.5839 -9516.8457
v  -1981.7476 -54.5801 -9626.1982
v  -2066.6899 -54.5764 -9729.8320
v  -2158.8369 -54.5726 -9827.2217
v  -2257.7231 -54.5689 -9917.8779
v  -2362.8499 -54.5652 -10001.3418
v  -2473.6863 -54.5615 -10077.1934
v  -2589.6733 -54.5577 -10145.0479
v  -2710.2249 -54.5541 -10204.5645
v  -2834.7329 -54.5503 -10255.4424
v  -2962.5688 -54.5466 -10297.4248
v  -3093.0879 -54.5428 -10330.2988
v  -3225.6306 -54.5391 -10353.9004
v  -3359.5286 -54.5353 -10368.1084
v  -1838.2543 -72.2443 -9400.6250
v  -1777.4556 -72.2480 -9281.7373
v  -1907.4105 -72.2406 -9514.9316
v  -1984.5752 -72.2368 -9624.0801
v  -2069.3589 -72.2332 -9727.5195
v  -2161.3335 -72.2296 -9824.7275
v  -2260.0347 -72.2259 -9915.2139
v  -2364.9648 -72.2224 -9998.5215
v  -2475.5942 -72.2186 -10074.2314
v  -2591.3643 -72.2151 -10141.9590
v  -2711.6904 -72.2115 -10201.3652
v  -2835.9658 -72.2078 -10252.1475
v  -2963.5627 -72.2042 -10294.0508
v  -3093.8374 -72.2004 -10326.8633
v  -3226.1326 -72.1968 -10350.4209
v  -3359.7803 -72.1932 -10364.6025
v  -3387.1907 -807.7936 -8556.7676
v  -3383.2651 -807.7936 -8549.0908
v  -3391.6560 -807.7936 -8564.1484
v  -3396.6384 -807.7936 -8571.1953
v  -3402.1125 -807.7936 -8577.8740
v  -3408.0515 -807.7936 -8584.1504
v  -3414.4243 -807.7936 -8589.9932
v  -3421.1995 -807.7936 -8595.3730
v  -3428.3425 -807.7936 -8600.2607
v  -3435.8176 -807.7936 -8604.6338
v  -3443.5867 -807.7936 -8608.4697
v  -3451.6108 -807.7936 -8611.7480
v  -3459.8496 -807.7936 -8614.4541
v  -3468.2612 -807.7936 -8616.5732
v  -3476.8032 -807.7936 -8618.0938
v  -3485.4326 -807.7936 -8619.0098
v  -3494.1057 -807.7936 -8619.3154
v  -3604.9465 -807.7936 -8549.0908
v  -3601.0208 -807.7936 -8556.7676
v  -3596.5557 -807.7936 -8564.1484
v  -3591.5732 -807.7936 -8571.1953
v  -3586.0991 -807.7936 -8577.8740
v  -3580.1604 -807.7936 -8584.1504
v  -3573.7874 -807.7936 -8589.9932
v  -3567.0122 -807.7936 -8595.3721
v  -3559.8691 -807.7936 -8600.2607
v  -3552.3940 -807.7936 -8604.6338
v  -3544.6250 -807.7936 -8608.4697
v  -3536.6006 -807.7936 -8611.7480
v  -3528.3621 -807.7936 -8614.4541
v  -3519.9504 -807.7936 -8616.5723
v  -3511.4082 -807.7936 -8618.0938
v  -3502.7791 -807.7936 -8619.0098
v  -3448.8828 -807.7936 -8533.0645
v  -3447.2224 -807.7936 -8529.8174
v  -3450.7715 -807.7936 -8536.1855
v  -3452.8789 -807.7936 -8539.1670
v  -3455.1946 -807.7936 -8541.9922
v  -3457.7065 -807.7936 -8544.6465
v  -3460.4021 -807.7936 -8547.1182
v  -3463.2678 -807.7936 -8549.3936
v  -3466.2893 -807.7936 -8551.4609
v  -3469.4509 -807.7936 -8553.3105
v  -3472.7373 -807.7936 -8554.9326
v  -3476.1313 -807.7936 -8556.3203
v  -3479.6162 -807.7936 -8557.4648
v  -3483.1741 -807.7936 -8558.3604
v  -3486.7871 -807.7936 -8559.0039
v  -3490.4373 -807.7936 -8559.3916
v  -3494.1057 -807.7936 -8559.5205
v  -3540.9893 -807.7936 -8529.8174
v  -3539.3286 -807.7936 -8533.0635
v  -3537.4402 -807.7936 -8536.1855
v  -3535.3328 -807.7936 -8539.1670
v  -3533.0171 -807.7936 -8541.9922
v  -3530.5054 -807.7936 -8544.6465
v  -3527.8096 -807.7936 -8547.1182
v  -3524.9438 -807.7936 -8549.3936
v  -3521.9224 -807.7936 -8551.4609
v  -3518.7607 -807.7936 -8553.3105
v  -3515.4744 -807.7936 -8554.9326
v  -3512.0803 -807.7936 -8556.3203
v  -3508.5955 -807.7936 -8557.4648
v  -3505.0376 -807.7936 -8558.3604
v  -3501.4243 -807.7936 -8559.0039
v  -3497.7744 -807.7936 -8559.3916
v  -3472.3914 -807.7936 -8525.7861
v  -3471.5942 -807.7936 -8524.2275
v  -3473.2983 -807.7936 -8527.2852
v  -3474.3103 -807.7936 -8528.7168
v  -3475.4221 -807.7936 -8530.0732
v  -3476.6284 -807.7936 -8531.3477
v  -3477.9226 -807.7936 -8532.5342
v  -3479.2986 -807.7936 -8533.6270
v  -3480.7493 -807.7936 -8534.6201
v  -3482.2676 -807.7936 -8535.5078
v  -3483.8455 -807.7936 -8536.2871
v  -3485.4751 -807.7936 -8536.9531
v  -3487.1484 -807.7936 -8537.5029
v  -3488.8569 -807.7936 -8537.9326
v  -3490.5918 -807.7936 -8538.2422
v  -3492.3442 -807.7936 -8538.4277
v  -3494.1057 -807.7936 -8538.4902
v  -3516.6174 -807.7936 -8524.2275
v  -3515.8201 -807.7936 -8525.7861
v  -3514.9133 -807.7936 -8527.2852
v  -3513.9014 -807.7936 -8528.7168
v  -3512.7896 -807.7936 -8530.0732
v  -3511.5835 -807.7936 -8531.3477
v  -3510.2891 -807.7936 -8532.5342
v  -3508.9131 -807.7936 -8533.6270
v  -3507.4622 -807.7936 -8534.6191
v  -3505.9441 -807.7936 -8535.5078
v  -3504.3662 -807.7936 -8536.2871
v  -3502.7366 -807.7936 -8536.9531
v  -3501.0632 -807.7936 -8537.5029
v  -3499.3547 -807.7936 -8537.9326
v  -3497.6199 -807.7936 -8538.2412
v  -3495.8674 -807.7936 -8538.4277
# 5412 vertices

vt 0.0331 0.3571 0.0000
vt 0.0331 0.3603 0.0000
vt 0.0020 0.3603 0.0000
vt 0.0020 0.3571 0.0000
vt 0.0331 0.3539 0.0000
vt 0.0020 0.3539 0.0000
vt 0.0331 0.3507 0.0000
vt 0.0020 0.3507 0.0000
vt 0.0331 0.3475 0.0000
vt 0.0020 0.3475 0.0000
vt 0.0331 0.3443 0.0000
vt 0.0020 0.3443 0.0000
vt 0.0331 0.3412 0.0000
vt 0.0020 0.3412 0.0000
vt 0.0331 0.3380 0.0000
vt 0.0020 0.3380 0.0000
vt 0.0331 0.3348 0.0000
vt 0.0020 0.3348 0.0000
vt 0.0331 0.3317 0.0000
vt 0.0020 0.3317 0.0000
vt 0.0331 0.3286 0.0000
vt 0.0020 0.3286 0.0000
vt 0.0331 0.3254 0.0000
vt 0.0020 0.3255 0.0000
vt 0.0331 0.3223 0.0000
vt 0.0020 0.3223 0.0000
vt 0.0331 0.3191 0.0000
vt 0.0020 0.3192 0.0000
vt 0.0331 0.3160 0.0000
vt 0.0020 0.3161 0.0000
vt 0.0331 0.3128 0.0000
vt 0.0020 0.3130 0.0000
vt 0.0331 0.3095 0.0000
vt 0.0020 0.3098 0.0000
vt 0.0643 0.3571 0.0000
vt 0.0643 0.3603 0.0000
vt 0.0643 0.3539 0.0000
vt 0.0643 0.3507 0.0000
vt 0.0643 0.3475 0.0000
vt 0.0643 0.3443 0.0000
vt 0.0643 0.3412 0.0000
vt 0.0643 0.3380 0.0000
vt 0.0643 0.3348 0.0000
vt 0.0643 0.3317 0.0000
vt 0.0643 0.3285 0.0000
vt 0.0643 0.3254 0.0000
vt 0.0643 0.3222 0.0000
vt 0.0643 0.3190 0.0000
vt 0.0643 0.3158 0.0000
vt 0.0643 0.3126 0.0000
vt 0.0643 0.3093 0.0000
vt 0.0954 0.3571 0.0000
vt 0.0954 0.3603 0.0000
vt 0.0954 0.3539 0.0000
vt 0.0954 0.3507 0.0000
vt 0.0954 0.3475 0.0000
vt 0.0954 0.3443 0.0000
vt 0.0954 0.3412 0.0000
vt 0.0954 0.3380 0.0000
vt 0.0954 0.3348 0.0000
vt 0.0954 0.3317 0.0000
vt 0.0954 0.3285 0.0000
vt 0.0954 0.3253 0.0000
vt 0.0954 0.3221 0.0000
vt 0.0954 0.3189 0.0000
vt 0.0954 0.3157 0.0000
vt 0.0954 0.3125 0.0000
vt 0.0954 0.3091 0.0000
vt 0.1265 0.3571 0.0000
vt 0.1265 0.3603 0.0000
vt 0.1265 0.3539 0.0000
vt 0.1265 0.3507 0.0000
vt 0.1265 0.3475 0.0000
vt 0.1265 0.3443 0.0000
vt 0.1265 0.3412 0.0000
vt 0.1265 0.3380 0.0000
vt 0.1265 0.3348 0.0000
vt 0.1265 0.3316 0.0000
vt 0.1265 0.3285 0.0000
vt 0.1265 0.3253 0.0000
vt 0.1265 0.3221 0.0000
vt 0.1265 0.3189 0.0000
vt 0.1265 0.3156 0.0000
vt 0.1265 0.3123 0.0000
vt 0.1265 0.3090 0.0000
vt 0.1576 0.3571 0.0000
vt 0.1576 0.3603 0.0000
vt 0.1576 0.3539 0.0000
vt 0.1576 0.3507 0.0000
vt 0.1576 0.3475 0.0000
vt 0.1576 0.3443 0.0000
vt 0.1576 0.3412 0.0000
vt 0.1576 0.3380 0.0000
vt 0.1576 0.3348 0.0000
vt 0.1576 0.3316 0.0000
vt 0.1576 0.3284 0.0000
vt 0.1576 0.3252 0.0000
vt 0.1576 0.3220 0.0000
vt 0.1576 0.3188 0.0000
vt 0.1576 0.3155 0.0000
vt 0.1576 0.3123 0.0000
vt 0.1576 0.3089 0.0000
vt 0.1888 0.3571 0.0000
vt 0.1888 0.3603 0.0000
vt 0.1888 0.3539 0.0000
vt 0.1888 0.3507 0.0000
vt 0.1888 0.3475 0.0000
vt 0.1888 0.3443 0.0000
vt 0.1888 0.3412 0.0000
vt 0.1888 0.3380 0.0000
vt 0.1888 0.3348 0.0000
vt 0.1888 0.3316 0.0000
vt 0.1888 0.3284 0.0000
vt 0.1888 0.3252 0.0000
vt 0.1888 0.3220 0.0000
vt 0.1888 0.3187 0.0000
vt 0.1888 0.3155 0.0000
vt 0.1888 0.3122 0.0000
vt 0.1888 0.3089 0.0000
vt 0.2199 0.3571 0.0000
vt 0.2199 0.3603 0.0000
vt 0.2199 0.3539 0.0000
vt 0.2199 0.3507 0.0000
vt 0.2199 0.3475 0.0000
vt 0.2199 0.3443 0.0000
vt 0.2199 0.3412 0.0000
vt 0.2199 0.3380 0.0000
vt 0.2199 0.3348 0.0000
vt 0.2199 0.3316 0.0000
vt 0.2199 0.3284 0.0000
vt 0.2199 0.3252 0.0000
vt 0.2199 0.3220 0.0000
vt 0.2199 0.3187 0.0000
vt 0.2199 0.3154 0.0000
vt 0.2199 0.3121 0.0000
vt 0.2199 0.3088 0.0000
vt 0.2510 0.3571 0.0000
vt 0.2510 0.3603 0.0000
vt 0.2510 0.3539 0.0000
vt 0.2510 0.3507 0.0000
vt 0.2510 0.3475 0.0000
vt 0.2510 0.3443 0.0000
vt 0.2510 0.3411 0.0000
vt 0.2510 0.3380 0.0000
vt 0.2510 0.3348 0.0000
vt 0.2510 0.3316 0.0000
vt 0.2510 0.3284 0.0000
vt 0.2510 0.3252 0.0000
vt 0.2510 0.3219 0.0000
vt 0.2510 0.3187 0.0000
vt 0.2510 0.3154 0.0000
vt 0.2510 0.3121 0.0000
vt 0.2510 0.3088 0.0000
vt 0.2821 0.3571 0.0000
vt 0.2821 0.3603 0.0000
vt 0.2821 0.3539 0.0000
vt 0.2821 0.3507 0.0000
vt 0.2821 0.3475 0.0000
vt 0.2821 0.3443 0.0000
vt 0.2821 0.3411 0.0000
vt 0.2821 0.3380 0.0000
vt 0.2821 0.3348 0.0000
vt 0.2821 0.3316 0.0000
vt 0.2821 0.3284 0.0000
vt 0.2821 0.3251 0.0000
vt 0.2821 0.3219 0.0000
vt 0.2821 0.3186 0.0000
vt 0.2821 0.3154 0.0000
vt 0.2821 0.3121 0.0000
vt 0.2821 0.3087 0.0000
vt 0.3133 0.3571 0.0000
vt 0.3133 0.3603 0.0000
vt 0.3133 0.3539 0.0000
vt 0.3133 0.3507 0.0000
vt 0.3133 0.3475 0.0000
vt 0.3133 0.3443 0.0000
vt 0.3133 0.3411 0.0000
vt 0.3133 0.3380 0.0000
vt 0.3133 0.3348 0.0000
vt 0.3133 0.3316 0.0000
vt 0.3133 0.3283 0.0000
vt 0.3133 0.3251 0.0000
vt 0.3133 0.3219 0.0000
vt 0.3133 0.3186 0.0000
vt 0.3133 0.3153 0.0000
vt 0.3133 0.3120 0.0000
vt 0.3133 0.3087 0.0000
vt 0.3444 0.3571 0.0000
vt 0.3444 0.3603 0.0000
vt 0.3444 0.3539 0.0000
vt 0.3444 0.3507 0.0000
vt 0.3444 0.3475 0.0000
vt 0.3444 0.3443 0.0000
vt 0.3444 0.3411 0.0000
vt 0.3444 0.3380 0.0000
vt 0.3444 0.3348 0.0000
vt 0.3444 0.3316 0.0000
vt 0.3444 0.3283 0.0000
vt 0.3444 0.3251 0.0000
vt 0.3444 0.3219 0.0000
vt 0.3444 0.3186 0.0000
vt 0.3444 0.3153 0.0000
vt 0.3444 0.3120 0.0000
vt 0.3444 0.3087 0.0000
vt 0.3755 0.3571 0.0000
vt 0.3755 0.3603 0.0000
vt 0.3755 0.3539 0.0000
vt 0.3755 0.3507 0.0000
vt 0.3755 0.3475 0.0000
vt 0.3755 0.3443 0.0000
vt 0.3755 0.3411 0.0000
vt 0.3755 0.3380 0.0000
vt 0.3755 0.3348 0.0000
vt 0.3755 0.3316 0.0000
vt 0.3755 0.3283 0.0000
vt 0.3755 0.3251 0.0000
vt 0.3755 0.3219 0.0000
vt 0.3755 0.3186 0.0000
vt 0.3755 0.3153 0.0000
vt 0.3755 0.3120 0.0000
vt 0.3755 0.3087 0.0000
vt 0.4066 0.3571 0.0000
vt 0.4066 0.3603 0.0000
vt 0.4066 0.3539 0.0000
vt 0.4066 0.3507 0.0000
vt 0.4066 0.3475 0.0000
vt 0.4066 0.3443 0.0000
vt 0.4066 0.3411 0.0000
vt 0.4066 0.3379 0.0000
vt 0.4066 0.3348 0.0000
vt 0.4066 0.3315 0.0000
vt 0.4066 0.3283 0.0000
vt 0.4066 0.3251 0.0000
vt 0.4066 0.3219 0.0000
vt 0.4066 0.3186 0.0000
vt 0.4066 0.3153 0.0000
vt 0.4066 0.3120 0.0000
vt 0.4066 0.3087 0.0000
vt 0.4378 0.3571 0.0000
vt 0.4378 0.3603 0.0000
vt 0.4378 0.3539 0.0000
vt 0.4378 0.3507 0.0000
vt 0.4378 0.3475 0.0000
vt 0.4378 0.3443 0.0000
vt 0.4378 0.3411 0.0000
vt 0.4378 0.3379 0.0000
vt 0.4378 0.3348 0.0000
vt 0.4378 0.3315 0.0000
vt 0.4378 0.3283 0.0000
vt 0.4378 0.3251 0.0000
vt 0.4378 0.3219 0.0000
vt 0.4378 0.3186 0.0000
vt 0.4378 0.3153 0.0000
vt 0.4378 0.3120 0.0000
vt 0.4378 0.3087 0.0000
vt 0.4689 0.3571 0.0000
vt 0.4689 0.3603 0.0000
vt 0.4689 0.3539 0.0000
vt 0.4689 0.3507 0.0000
vt 0.4689 0.3475 0.0000
vt 0.4689 0.3443 0.0000
vt 0.4689 0.3411 0.0000
vt 0.4689 0.3379 0.0000
vt 0.4689 0.3348 0.0000
vt 0.4689 0.3315 0.0000
vt 0.4689 0.3283 0.0000
vt 0.4689 0.3251 0.0000
vt 0.4689 0.3219 0.0000
vt 0.4689 0.3186 0.0000
vt 0.4689 0.3153 0.0000
vt 0.4689 0.3120 0.0000
vt 0.4689 0.3087 0.0000
vt 0.5000 0.3571 0.0000
vt 0.5000 0.3603 0.0000
vt 0.5000 0.3539 0.0000
vt 0.5000 0.3507 0.0000
vt 0.5000 0.3475 0.0000
vt 0.5000 0.3443 0.0000
vt 0.5000 0.3411 0.0000
vt 0.5000 0.3379 0.0000
vt 0.5000 0.3348 0.0000
vt 0.5000 0.3315 0.0000
vt 0.5000 0.3283 0.0000
vt 0.5000 0.3251 0.0000
vt 0.5000 0.3219 0.0000
vt 0.5000 0.3186 0.0000
vt 0.5000 0.3153 0.0000
vt 0.5000 0.3120 0.0000
vt 0.5000 0.3087 0.0000
vt 0.0331 0.2500 0.0000
vt 0.0331 0.2541 0.0000
vt 0.0020 0.2541 0.0000
vt 0.0020 0.2500 0.0000
vt 0.0643 0.2500 0.0000
vt 0.0643 0.2541 0.0000
vt 0.0954 0.2500 0.0000
vt 0.0954 0.2541 0.0000
vt 0.1265 0.2500 0.0000
vt 0.1265 0.2541 0.0000
vt 0.1576 0.2500 0.0000
vt 0.1576 0.2541 0.0000
vt 0.1888 0.2500 0.0000
vt 0.1888 0.2541 0.0000
vt 0.2199 0.2500 0.0000
vt 0.2199 0.2541 0.0000
vt 0.2510 0.2500 0.0000
vt 0.2510 0.2541 0.0000
vt 0.2821 0.2500 0.0000
vt 0.2821 0.2541 0.0000
vt 0.3133 0.2500 0.0000
vt 0.3133 0.2541 0.0000
vt 0.3444 0.2500 0.0000
vt 0.3444 0.2541 0.0000
vt 0.3755 0.2500 0.0000
vt 0.3755 0.2541 0.0000
vt 0.4066 0.2500 0.0000
vt 0.4066 0.2541 0.0000
vt 0.4378 0.2500 0.0000
vt 0.4378 0.2541 0.0000
vt 0.4689 0.2500 0.0000
vt 0.4689 0.2541 0.0000
vt 0.5000 0.2500 0.0000
vt 0.5000 0.2541 0.0000
vt 0.0331 0.2581 0.0000
vt 0.0020 0.2581 0.0000
vt 0.0643 0.2581 0.0000
vt 0.0954 0.2581 0.0000
vt 0.1265 0.2581 0.0000
vt 0.1576 0.2581 0.0000
vt 0.1888 0.2581 0.0000
vt 0.2199 0.2581 0.0000
vt 0.2510 0.2581 0.0000
vt 0.2821 0.2581 0.0000
vt 0.3133 0.2581 0.0000
vt 0.3444 0.2581 0.0000
vt 0.3755 0.2581 0.0000
vt 0.4066 0.2581 0.0000
vt 0.4378 0.2581 0.0000
vt 0.4689 0.2581 0.0000
vt 0.5000 0.2581 0.0000
vt 0.0331 0.2621 0.0000
vt 0.0020 0.2621 0.0000
vt 0.0643 0.2620 0.0000
vt 0.0954 0.2620 0.0000
vt 0.1265 0.2620 0.0000
vt 0.1576 0.2620 0.0000
vt 0.1888 0.2620 0.0000
vt 0.2199 0.2620 0.0000
vt 0.2510 0.2620 0.0000
vt 0.2821 0.2620 0.0000
vt 0.3133 0.2620 0.0000
vt 0.3444 0.2620 0.0000
vt 0.3755 0.2620 0.0000
vt 0.4066 0.2620 0.0000
vt 0.4378 0.2620 0.0000
vt 0.4689 0.2620 0.0000
vt 0.5000 0.2620 0.0000
vt 0.0331 0.2660 0.0000
vt 0.0020 0.2660 0.0000
vt 0.0643 0.2659 0.0000
vt 0.0954 0.2659 0.0000
vt 0.1265 0.2659 0.0000
vt 0.1576 0.2659 0.0000
vt 0.1888 0.2659 0.0000
vt 0.2199 0.2659 0.0000
vt 0.2510 0.2659 0.0000
vt 0.2821 0.2659 0.0000
vt 0.3133 0.2659 0.0000
vt 0.3444 0.2659 0.0000
vt 0.3755 0.2659 0.0000
vt 0.4066 0.2659 0.0000
vt 0.4378 0.2659 0.0000
vt 0.4689 0.2659 0.0000
vt 0.5000 0.2659 0.0000
vt 0.0331 0.2698 0.0000
vt 0.0020 0.2699 0.0000
vt 0.0643 0.2698 0.0000
vt 0.0954 0.2698 0.0000
vt 0.1265 0.2697 0.0000
vt 0.1576 0.2697 0.0000
vt 0.1888 0.2697 0.0000
vt 0.2199 0.2697 0.0000
vt 0.2510 0.2697 0.0000
vt 0.2821 0.2697 0.0000
vt 0.3133 0.2697 0.0000
vt 0.3444 0.2697 0.0000
vt 0.3755 0.2697 0.0000
vt 0.4066 0.2697 0.0000
vt 0.4378 0.2697 0.0000
vt 0.4689 0.2697 0.0000
vt 0.5000 0.2697 0.0000
vt 0.0331 0.2736 0.0000
vt 0.0020 0.2737 0.0000
vt 0.0643 0.2736 0.0000
vt 0.0954 0.2735 0.0000
vt 0.1265 0.2735 0.0000
vt 0.1576 0.2735 0.0000
vt 0.1888 0.2735 0.0000
vt 0.2199 0.2735 0.0000
vt 0.2510 0.2735 0.0000
vt 0.2821 0.2735 0.0000
vt 0.3133 0.2735 0.0000
vt 0.3444 0.2735 0.0000
vt 0.3755 0.2735 0.0000
vt 0.4066 0.2735 0.0000
vt 0.4378 0.2735 0.0000
vt 0.4689 0.2735 0.0000
vt 0.5000 0.2735 0.0000
vt 0.0331 0.2774 0.0000
vt 0.0020 0.2775 0.0000
vt 0.0643 0.2773 0.0000
vt 0.0954 0.2773 0.0000
vt 0.1265 0.2773 0.0000
vt 0.1576 0.2772 0.0000
vt 0.1888 0.2772 0.0000
vt 0.2199 0.2772 0.0000
vt 0.2510 0.2772 0.0000
vt 0.2821 0.2772 0.0000
vt 0.3133 0.2772 0.0000
vt 0.3444 0.2772 0.0000
vt 0.3755 0.2772 0.0000
vt 0.4066 0.2772 0.0000
vt 0.4378 0.2772 0.0000
vt 0.4689 0.2772 0.0000
vt 0.5000 0.2772 0.0000
vt 0.0331 0.2812 0.0000
vt 0.0020 0.2813 0.0000
vt 0.0643 0.2811 0.0000
vt 0.0954 0.2810 0.0000
vt 0.1265 0.2809 0.0000
vt 0.1576 0.2809 0.0000
vt 0.1888 0.2809 0.0000
vt 0.2199 0.2809 0.0000
vt 0.2510 0.2809 0.0000
vt 0.2821 0.2809 0.0000
vt 0.3133 0.2809 0.0000
vt 0.3444 0.2808 0.0000
vt 0.3755 0.2808 0.0000
vt 0.4066 0.2808 0.0000
vt 0.4378 0.2808 0.0000
vt 0.4689 0.2808 0.0000
vt 0.5000 0.2808 0.0000
vt 0.0331 0.2848 0.0000
vt 0.0020 0.2849 0.0000
vt 0.0643 0.2847 0.0000
vt 0.0954 0.2846 0.0000
vt 0.1265 0.2846 0.0000
vt 0.1576 0.2846 0.0000
vt 0.1888 0.2845 0.0000
vt 0.2199 0.2845 0.0000
vt 0.2510 0.2845 0.0000
vt 0.2821 0.2845 0.0000
vt 0.3133 0.2845 0.0000
vt 0.3444 0.2845 0.0000
vt 0.3755 0.2845 0.0000
vt 0.4066 0.2845 0.0000
vt 0.4378 0.2845 0.0000
vt 0.4689 0.2845 0.0000
vt 0.5000 0.2845 0.0000
vt 0.0331 0.2884 0.0000
vt 0.0020 0.2885 0.0000
vt 0.0643 0.2883 0.0000
vt 0.0954 0.2882 0.0000
vt 0.1265 0.2882 0.0000
vt 0.1576 0.2882 0.0000
vt 0.1888 0.2881 0.0000
vt 0.2199 0.2881 0.0000
vt 0.2510 0.2881 0.0000
vt 0.2821 0.2881 0.0000
vt 0.3133 0.2880 0.0000
vt 0.3444 0.2880 0.0000
vt 0.3755 0.2880 0.0000
vt 0.4066 0.2880 0.0000
vt 0.4378 0.2880 0.0000
vt 0.4689 0.2880 0.0000
vt 0.5000 0.2880 0.0000
vt 0.0331 0.2919 0.0000
vt 0.0020 0.2920 0.0000
vt 0.0643 0.2919 0.0000
vt 0.0954 0.2918 0.0000
vt 0.1265 0.2918 0.0000
vt 0.1576 0.2917 0.0000
vt 0.1888 0.2917 0.0000
vt 0.2199 0.2916 0.0000
vt 0.2510 0.2916 0.0000
vt 0.2821 0.2916 0.0000
vt 0.3133 0.2916 0.0000
vt 0.3444 0.2916 0.0000
vt 0.3755 0.2916 0.0000
vt 0.4066 0.2916 0.0000
vt 0.4378 0.2916 0.0000
vt 0.4689 0.2916 0.0000
vt 0.5000 0.2916 0.0000
vt 0.0331 0.2955 0.0000
vt 0.0020 0.2956 0.0000
vt 0.0643 0.2954 0.0000
vt 0.0954 0.2954 0.0000
vt 0.1265 0.2953 0.0000
vt 0.1576 0.2952 0.0000
vt 0.1888 0.2952 0.0000
vt 0.2199 0.2952 0.0000
vt 0.2510 0.2951 0.0000
vt 0.2821 0.2951 0.0000
vt 0.3133 0.2951 0.0000
vt 0.3444 0.2951 0.0000
vt 0.3755 0.2951 0.0000
vt 0.4066 0.2951 0.0000
vt 0.4378 0.2951 0.0000
vt 0.4689 0.2951 0.0000
vt 0.5000 0.2951 0.0000
vt 0.0331 0.2990 0.0000
vt 0.0020 0.2991 0.0000
vt 0.0643 0.2990 0.0000
vt 0.0954 0.2989 0.0000
vt 0.1265 0.2988 0.0000
vt 0.1576 0.2987 0.0000
vt 0.1888 0.2987 0.0000
vt 0.2199 0.2986 0.0000
vt 0.2510 0.2986 0.0000
vt 0.2821 0.2986 0.0000
vt 0.3133 0.2985 0.0000
vt 0.3444 0.2985 0.0000
vt 0.3755 0.2985 0.0000
vt 0.4066 0.2985 0.0000
vt 0.4378 0.2985 0.0000
vt 0.4689 0.2985 0.0000
vt 0.5000 0.2985 0.0000
vt 0.0331 0.3026 0.0000
vt 0.0020 0.3027 0.0000
vt 0.0643 0.3024 0.0000
vt 0.0954 0.3023 0.0000
vt 0.1265 0.3022 0.0000
vt 0.1576 0.3022 0.0000
vt 0.1888 0.3021 0.0000
vt 0.2199 0.3021 0.0000
vt 0.2510 0.3020 0.0000
vt 0.2821 0.3020 0.0000
vt 0.3133 0.3020 0.0000
vt 0.3444 0.3019 0.0000
vt 0.3755 0.3019 0.0000
vt 0.4066 0.3019 0.0000
vt 0.4378 0.3019 0.0000
vt 0.4689 0.3019 0.0000
vt 0.5000 0.3019 0.0000
vt 0.0331 0.3061 0.0000
vt 0.0020 0.3063 0.0000
vt 0.0643 0.3059 0.0000
vt 0.0954 0.3058 0.0000
vt 0.1265 0.3057 0.0000
vt 0.1576 0.3056 0.0000
vt 0.1888 0.3055 0.0000
vt 0.2199 0.3054 0.0000
vt 0.2510 0.3054 0.0000
vt 0.2821 0.3054 0.0000
vt 0.3133 0.3054 0.0000
vt 0.3444 0.3053 0.0000
vt 0.3755 0.3053 0.0000
vt 0.4066 0.3053 0.0000
vt 0.4378 0.3053 0.0000
vt 0.4689 0.3053 0.0000
vt 0.5000 0.3053 0.0000
vt 0.9669 0.2541 0.0000
vt 0.9669 0.2500 0.0000
vt 0.9980 0.2500 0.0000
vt 0.9980 0.2541 0.0000
vt 0.9669 0.2581 0.0000
vt 0.9980 0.2581 0.0000
vt 0.9669 0.2621 0.0000
vt 0.9980 0.2621 0.0000
vt 0.9669 0.2660 0.0000
vt 0.9980 0.2660 0.0000
vt 0.9669 0.2698 0.0000
vt 0.9980 0.2699 0.0000
vt 0.9669 0.2736 0.0000
vt 0.9980 0.2737 0.0000
vt 0.9669 0.2774 0.0000
vt 0.9980 0.2775 0.0000
vt 0.9669 0.2812 0.0000
vt 0.9980 0.2813 0.0000
vt 0.9669 0.2848 0.0000
vt 0.9980 0.2849 0.0000
vt 0.9669 0.2884 0.0000
vt 0.9980 0.2885 0.0000
vt 0.9669 0.2920 0.0000
vt 0.9980 0.2920 0.0000
vt 0.9669 0.2955 0.0000
vt 0.9980 0.2956 0.0000
vt 0.9669 0.2990 0.0000
vt 0.9980 0.2991 0.0000
vt 0.9669 0.3026 0.0000
vt 0.9980 0.3027 0.0000
vt 0.9669 0.3061 0.0000
vt 0.9980 0.3063 0.0000
vt 0.9669 0.3095 0.0000
vt 0.9980 0.3098 0.0000
vt 0.9357 0.2541 0.0000
vt 0.9357 0.2500 0.0000
vt 0.9357 0.2581 0.0000
vt 0.9357 0.2620 0.0000
vt 0.9357 0.2659 0.0000
vt 0.9357 0.2698 0.0000
vt 0.9357 0.2736 0.0000
vt 0.9357 0.2773 0.0000
vt 0.9357 0.2811 0.0000
vt 0.9357 0.2847 0.0000
vt 0.9357 0.2883 0.0000
vt 0.9357 0.2919 0.0000
vt 0.9357 0.2954 0.0000
vt 0.9357 0.2990 0.0000
vt 0.9357 0.3024 0.0000
vt 0.9357 0.3059 0.0000
vt 0.9357 0.3093 0.0000
vt 0.9046 0.2541 0.0000
vt 0.9046 0.2500 0.0000
vt 0.9046 0.2581 0.0000
vt 0.9046 0.2620 0.0000
vt 0.9046 0.2659 0.0000
vt 0.9046 0.2698 0.0000
vt 0.9046 0.2735 0.0000
vt 0.9046 0.2773 0.0000
vt 0.9046 0.2810 0.0000
vt 0.9046 0.2846 0.0000
vt 0.9046 0.2882 0.0000
vt 0.9046 0.2918 0.0000
vt 0.9046 0.2954 0.0000
vt 0.9046 0.2989 0.0000
vt 0.9046 0.3023 0.0000
vt 0.9046 0.3058 0.0000
vt 0.9046 0.3091 0.0000
vt 0.8735 0.2541 0.0000
vt 0.8735 0.2500 0.0000
vt 0.8735 0.2581 0.0000
vt 0.8735 0.2620 0.0000
vt 0.8735 0.2659 0.0000
vt 0.8735 0.2697 0.0000
vt 0.8735 0.2735 0.0000
vt 0.8735 0.2773 0.0000
vt 0.8735 0.2809 0.0000
vt 0.8735 0.2846 0.0000
vt 0.8735 0.2882 0.0000
vt 0.8735 0.2918 0.0000
vt 0.8735 0.2953 0.0000
vt 0.8735 0.2988 0.0000
vt 0.8735 0.3022 0.0000
vt 0.8735 0.3057 0.0000
vt 0.8735 0.3090 0.0000
vt 0.8424 0.2541 0.0000
vt 0.8424 0.2500 0.0000
vt 0.8424 0.2581 0.0000
vt 0.8424 0.2620 0.0000
vt 0.8424 0.2659 0.0000
vt 0.8424 0.2697 0.0000
vt 0.8424 0.2735 0.0000
vt 0.8424 0.2772 0.0000
vt 0.8424 0.2809 0.0000
vt 0.8424 0.2846 0.0000
vt 0.8424 0.2882 0.0000
vt 0.8424 0.2917 0.0000
vt 0.8424 0.2952 0.0000
vt 0.8424 0.2987 0.0000
vt 0.8424 0.3022 0.0000
vt 0.8424 0.3056 0.0000
vt 0.8424 0.3089 0.0000
vt 0.8112 0.2541 0.0000
vt 0.8112 0.2500 0.0000
vt 0.8112 0.2581 0.0000
vt 0.8112 0.2620 0.0000
vt 0.8112 0.2659 0.0000
vt 0.8112 0.2697 0.0000
vt 0.8112 0.2735 0.0000
vt 0.8112 0.2772 0.0000
vt 0.8112 0.2809 0.0000
vt 0.8112 0.2845 0.0000
vt 0.8112 0.2881 0.0000
vt 0.8112 0.2917 0.0000
vt 0.8112 0.2952 0.0000
vt 0.8112 0.2987 0.0000
vt 0.8112 0.3021 0.0000
vt 0.8112 0.3055 0.0000
vt 0.8112 0.3089 0.0000
vt 0.7801 0.2541 0.0000
vt 0.7801 0.2500 0.0000
vt 0.7801 0.2581 0.0000
vt 0.7801 0.2620 0.0000
vt 0.7801 0.2659 0.0000
vt 0.7801 0.2697 0.0000
vt 0.7801 0.2735 0.0000
vt 0.7801 0.2772 0.0000
vt 0.7801 0.2809 0.0000
vt 0.7801 0.2845 0.0000
vt 0.7801 0.2881 0.0000
vt 0.7801 0.2916 0.0000
vt 0.7801 0.2952 0.0000
vt 0.7801 0.2986 0.0000
vt 0.7801 0.3021 0.0000
vt 0.7801 0.3055 0.0000
vt 0.7801 0.3088 0.0000
vt 0.7490 0.2541 0.0000
vt 0.7490 0.2500 0.0000
vt 0.7490 0.2581 0.0000
vt 0.7490 0.2620 0.0000
vt 0.7490 0.2659 0.0000
vt 0.7490 0.2697 0.0000
vt 0.7490 0.2735 0.0000
vt 0.7490 0.2772 0.0000
vt 0.7490 0.2809 0.0000
vt 0.7490 0.2845 0.0000
vt 0.7490 0.2881 0.0000
vt 0.7490 0.2916 0.0000
vt 0.7490 0.2951 0.0000
vt 0.7490 0.2986 0.0000
vt 0.7490 0.3020 0.0000
vt 0.7490 0.3054 0.0000
vt 0.7490 0.3088 0.0000
vt 0.7179 0.2541 0.0000
vt 0.7179 0.2500 0.0000
vt 0.7179 0.2581 0.0000
vt 0.7179 0.2620 0.0000
vt 0.7179 0.2659 0.0000
vt 0.7179 0.2697 0.0000
vt 0.7179 0.2735 0.0000
vt 0.7179 0.2772 0.0000
vt 0.7179 0.2809 0.0000
vt 0.7179 0.2845 0.0000
vt 0.7179 0.2881 0.0000
vt 0.7179 0.2916 0.0000
vt 0.7179 0.2951 0.0000
vt 0.7179 0.2986 0.0000
vt 0.7179 0.3020 0.0000
vt 0.7179 0.3054 0.0000
vt 0.7179 0.3087 0.0000
vt 0.6868 0.2541 0.0000
vt 0.6868 0.2500 0.0000
vt 0.6868 0.2581 0.0000
vt 0.6868 0.2620 0.0000
vt 0.6868 0.2659 0.0000
vt 0.6868 0.2697 0.0000
vt 0.6868 0.2735 0.0000
vt 0.6868 0.2772 0.0000
vt 0.6868 0.2809 0.0000
vt 0.6868 0.2845 0.0000
vt 0.6868 0.2881 0.0000
vt 0.6867 0.2916 0.0000
vt 0.6867 0.2951 0.0000
vt 0.6867 0.2985 0.0000
vt 0.6867 0.3020 0.0000
vt 0.6867 0.3054 0.0000
vt 0.6867 0.3087 0.0000
vt 0.6556 0.2541 0.0000
vt 0.6556 0.2500 0.0000
vt 0.6556 0.2581 0.0000
vt 0.6556 0.2620 0.0000
vt 0.6556 0.2659 0.0000
vt 0.6556 0.2697 0.0000
vt 0.6556 0.2735 0.0000
vt 0.6556 0.2772 0.0000
vt 0.6556 0.2808 0.0000
vt 0.6556 0.2845 0.0000
vt 0.6556 0.2880 0.0000
vt 0.6556 0.2916 0.0000
vt 0.6556 0.2951 0.0000
vt 0.6556 0.2985 0.0000
vt 0.6556 0.3019 0.0000
vt 0.6556 0.3053 0.0000
vt 0.6556 0.3087 0.0000
vt 0.6245 0.2541 0.0000
vt 0.6245 0.2500 0.0000
vt 0.6245 0.2581 0.0000
vt 0.6245 0.2620 0.0000
vt 0.6245 0.2659 0.0000
vt 0.6245 0.2697 0.0000
vt 0.6245 0.2735 0.0000
vt 0.6245 0.2772 0.0000
vt 0.6245 0.2808 0.0000
vt 0.6245 0.2845 0.0000
vt 0.6245 0.2880 0.0000
vt 0.6245 0.2916 0.0000
vt 0.6245 0.2951 0.0000
vt 0.6245 0.2985 0.0000
vt 0.6245 0.3019 0.0000
vt 0.6245 0.3053 0.0000
vt 0.6245 0.3087 0.0000
vt 0.5934 0.2541 0.0000
vt 0.5934 0.2500 0.0000
vt 0.5934 0.2581 0.0000
vt 0.5934 0.2620 0.0000
vt 0.5934 0.2659 0.0000
vt 0.5934 0.2697 0.0000
vt 0.5934 0.2735 0.0000
vt 0.5934 0.2772 0.0000
vt 0.5934 0.2808 0.0000
vt 0.5934 0.2845 0.0000
vt 0.5934 0.2880 0.0000
vt 0.5934 0.2916 0.0000
vt 0.5934 0.2951 0.0000
vt 0.5934 0.2985 0.0000
vt 0.5934 0.3019 0.0000
vt 0.5934 0.3053 0.0000
vt 0.5934 0.3087 0.0000
vt 0.5623 0.2541 0.0000
vt 0.5623 0.2500 0.0000
vt 0.5623 0.2581 0.0000
vt 0.5623 0.2620 0.0000
vt 0.5623 0.2659 0.0000
vt 0.5623 0.2697 0.0000
vt 0.5623 0.2735 0.0000
vt 0.5623 0.2772 0.0000
vt 0.5623 0.2808 0.0000
vt 0.5623 0.2845 0.0000
vt 0.5623 0.2880 0.0000
vt 0.5623 0.2916 0.0000
vt 0.5623 0.2951 0.0000
vt 0.5623 0.2985 0.0000
vt 0.5623 0.3019 0.0000
vt 0.5623 0.3053 0.0000
vt 0.5623 0.3087 0.0000
vt 0.5311 0.2541 0.0000
vt 0.5311 0.2500 0.0000
vt 0.5311 0.2581 0.0000
vt 0.5311 0.2620 0.0000
vt 0.5311 0.2659 0.0000
vt 0.5311 0.2697 0.0000
vt 0.5311 0.2735 0.0000
vt 0.5311 0.2772 0.0000
vt 0.5311 0.2808 0.0000
vt 0.5311 0.2845 0.0000
vt 0.5311 0.2880 0.0000
vt 0.5311 0.2916 0.0000
vt 0.5311 0.2951 0.0000
vt 0.5311 0.2985 0.0000
vt 0.5311 0.3019 0.0000
vt 0.5311 0.3053 0.0000
vt 0.5311 0.3087 0.0000
vt 0.9669 0.3603 0.0000
vt 0.9669 0.3571 0.0000
vt 0.9980 0.3571 0.0000
vt 0.9980 0.3603 0.0000
vt 0.9357 0.3603 0.0000
vt 0.9357 0.3571 0.0000
vt 0.9046 0.3603 0.0000
vt 0.9046 0.3571 0.0000
vt 0.8735 0.3603 0.0000
vt 0.8735 0.3571 0.0000
vt 0.8424 0.3603 0.0000
vt 0.8424 0.3571 0.0000
vt 0.8112 0.3603 0.0000
vt 0.8112 0.3571 0.0000
vt 0.7801 0.3603 0.0000
vt 0.7801 0.3571 0.0000
vt 0.7490 0.3603 0.0000
vt 0.7490 0.3571 0.0000
vt 0.7179 0.3603 0.0000
vt 0.7179 0.3571 0.0000
vt 0.6867 0.3603 0.0000
vt 0.6867 0.3571 0.0000
vt 0.6556 0.3603 0.0000
vt 0.6556 0.3571 0.0000
vt 0.6245 0.3603 0.0000
vt 0.6245 0.3571 0.0000
vt 0.5934 0.3603 0.0000
vt 0.5934 0.3571 0.0000
vt 0.5622 0.3603 0.0000
vt 0.5622 0.3571 0.0000
vt 0.5311 0.3603 0.0000
vt 0.5311 0.3571 0.0000
vt 0.9669 0.3539 0.0000
vt 0.9980 0.3539 0.0000
vt 0.9357 0.3539 0.0000
vt 0.9046 0.3539 0.0000
vt 0.8735 0.3539 0.0000
vt 0.8424 0.3539 0.0000
vt 0.8112 0.3539 0.0000
vt 0.7801 0.3539 0.0000
vt 0.7490 0.3539 0.0000
vt 0.7179 0.3539 0.0000
vt 0.6867 0.3539 0.0000
vt 0.6556 0.3539 0.0000
vt 0.6245 0.3539 0.0000
vt 0.5934 0.3539 0.0000
vt 0.5622 0.3539 0.0000
vt 0.5311 0.3539 0.0000
vt 0.9669 0.3507 0.0000
vt 0.9980 0.3507 0.0000
vt 0.9357 0.3507 0.0000
vt 0.9046 0.3507 0.0000
vt 0.8735 0.3507 0.0000
vt 0.8424 0.3507 0.0000
vt 0.8112 0.3507 0.0000
vt 0.7801 0.3507 0.0000
vt 0.7490 0.3507 0.0000
vt 0.7179 0.3507 0.0000
vt 0.6867 0.3507 0.0000
vt 0.6556 0.3507 0.0000
vt 0.6245 0.3507 0.0000
vt 0.5934 0.3507 0.0000
vt 0.5622 0.3507 0.0000
vt 0.5311 0.3507 0.0000
vt 0.9669 0.3475 0.0000
vt 0.9980 0.3475 0.0000
vt 0.9357 0.3475 0.0000
vt 0.9046 0.3475 0.0000
vt 0.8735 0.3475 0.0000
vt 0.8424 0.3475 0.0000
vt 0.8112 0.3475 0.0000
vt 0.7801 0.3475 0.0000
vt 0.7490 0.3475 0.0000
vt 0.7179 0.3475 0.0000
vt 0.6867 0.3475 0.0000
vt 0.6556 0.3475 0.0000
vt 0.6245 0.3475 0.0000
vt 0.5934 0.3475 0.0000
vt 0.5622 0.3475 0.0000
vt 0.5311 0.3475 0.0000
vt 0.9669 0.3443 0.0000
vt 0.9980 0.3443 0.0000
vt 0.9357 0.3443 0.0000
vt 0.9046 0.3443 0.0000
vt 0.8735 0.3443 0.0000
vt 0.8424 0.3443 0.0000
vt 0.8112 0.3443 0.0000
vt 0.7801 0.3443 0.0000
vt 0.7490 0.3443 0.0000
vt 0.7179 0.3443 0.0000
vt 0.6867 0.3443 0.0000
vt 0.6556 0.3443 0.0000
vt 0.6245 0.3443 0.0000
vt 0.5934 0.3443 0.0000
vt 0.5622 0.3443 0.0000
vt 0.5311 0.3443 0.0000
vt 0.9669 0.3412 0.0000
vt 0.9980 0.3412 0.0000
vt 0.9357 0.3412 0.0000
vt 0.9046 0.3412 0.0000
vt 0.8735 0.3412 0.0000
vt 0.8424 0.3412 0.0000
vt 0.8112 0.3412 0.0000
vt 0.7801 0.3412 0.0000
vt 0.7490 0.3412 0.0000
vt 0.7179 0.3411 0.0000
vt 0.6867 0.3411 0.0000
vt 0.6556 0.3411 0.0000
vt 0.6245 0.3411 0.0000
vt 0.5934 0.3411 0.0000
vt 0.5622 0.3411 0.0000
vt 0.5311 0.3411 0.0000
vt 0.9669 0.3380 0.0000
vt 0.9980 0.3380 0.0000
vt 0.9357 0.3380 0.0000
vt 0.9046 0.3380 0.0000
vt 0.8735 0.3380 0.0000
vt 0.8424 0.3380 0.0000
vt 0.8112 0.3380 0.0000
vt 0.7801 0.3380 0.0000
vt 0.7490 0.3380 0.0000
vt 0.7179 0.3380 0.0000
vt 0.6867 0.3380 0.0000
vt 0.6556 0.3380 0.0000
vt 0.6245 0.3380 0.0000
vt 0.5934 0.3380 0.0000
vt 0.5622 0.3379 0.0000
vt 0.5311 0.3379 0.0000
vt 0.9669 0.3348 0.0000
vt 0.9980 0.3348 0.0000
vt 0.9357 0.3348 0.0000
vt 0.9046 0.3348 0.0000
vt 0.8735 0.3348 0.0000
vt 0.8424 0.3348 0.0000
vt 0.8112 0.3348 0.0000
vt 0.7801 0.3348 0.0000
vt 0.7490 0.3348 0.0000
vt 0.7179 0.3348 0.0000
vt 0.6867 0.3348 0.0000
vt 0.6556 0.3348 0.0000
vt 0.6245 0.3348 0.0000
vt 0.5934 0.3348 0.0000
vt 0.5623 0.3348 0.0000
vt 0.5311 0.3348 0.0000
vt 0.9669 0.3317 0.0000
vt 0.9980 0.3317 0.0000
vt 0.9357 0.3317 0.0000
vt 0.9046 0.3317 0.0000
vt 0.8735 0.3317 0.0000
vt 0.8424 0.3316 0.0000
vt 0.8112 0.3316 0.0000
vt 0.7801 0.3316 0.0000
vt 0.7490 0.3316 0.0000
vt 0.7179 0.3316 0.0000
vt 0.6867 0.3316 0.0000
vt 0.6556 0.3316 0.0000
vt 0.6245 0.3316 0.0000
vt 0.5934 0.3315 0.0000
vt 0.5623 0.3315 0.0000
vt 0.5311 0.3315 0.0000
vt 0.9669 0.3286 0.0000
vt 0.9980 0.3286 0.0000
vt 0.9357 0.3285 0.0000
vt 0.9046 0.3285 0.0000
vt 0.8735 0.3285 0.0000
vt 0.8424 0.3284 0.0000
vt 0.8112 0.3284 0.0000
vt 0.7801 0.3284 0.0000
vt 0.7490 0.3284 0.0000
vt 0.7179 0.3284 0.0000
vt 0.6867 0.3283 0.0000
vt 0.6556 0.3283 0.0000
vt 0.6245 0.3283 0.0000
vt 0.5934 0.3283 0.0000
vt 0.5623 0.3283 0.0000
vt 0.5311 0.3283 0.0000
vt 0.9669 0.3254 0.0000
vt 0.9980 0.3255 0.0000
vt 0.9357 0.3254 0.0000
vt 0.9046 0.3253 0.0000
vt 0.8735 0.3253 0.0000
vt 0.8424 0.3252 0.0000
vt 0.8112 0.3252 0.0000
vt 0.7801 0.3252 0.0000
vt 0.7490 0.3252 0.0000
vt 0.7179 0.3251 0.0000
vt 0.6867 0.3251 0.0000
vt 0.6556 0.3251 0.0000
vt 0.6245 0.3251 0.0000
vt 0.5934 0.3251 0.0000
vt 0.5623 0.3251 0.0000
vt 0.5311 0.3251 0.0000
vt 0.9669 0.3223 0.0000
vt 0.9980 0.3223 0.0000
vt 0.9357 0.3222 0.0000
vt 0.9046 0.3221 0.0000
vt 0.8735 0.3221 0.0000
vt 0.8424 0.3220 0.0000
vt 0.8112 0.3220 0.0000
vt 0.7801 0.3220 0.0000
vt 0.7490 0.3219 0.0000
vt 0.7179 0.3219 0.0000
vt 0.6867 0.3219 0.0000
vt 0.6556 0.3219 0.0000
vt 0.6245 0.3219 0.0000
vt 0.5934 0.3219 0.0000
vt 0.5623 0.3219 0.0000
vt 0.5311 0.3219 0.0000
vt 0.9669 0.3191 0.0000
vt 0.9980 0.3192 0.0000
vt 0.9357 0.3190 0.0000
vt 0.9046 0.3189 0.0000
vt 0.8735 0.3189 0.0000
vt 0.8424 0.3188 0.0000
vt 0.8112 0.3188 0.0000
vt 0.7801 0.3187 0.0000
vt 0.7490 0.3187 0.0000
vt 0.7179 0.3186 0.0000
vt 0.6867 0.3186 0.0000
vt 0.6556 0.3186 0.0000
vt 0.6245 0.3186 0.0000
vt 0.5934 0.3186 0.0000
vt 0.5623 0.3186 0.0000
vt 0.5311 0.3186 0.0000
vt 0.9669 0.3160 0.0000
vt 0.9980 0.3161 0.0000
vt 0.9357 0.3158 0.0000
vt 0.9046 0.3157 0.0000
vt 0.8735 0.3156 0.0000
vt 0.8424 0.3155 0.0000
vt 0.8112 0.3155 0.0000
vt 0.7801 0.3154 0.0000
vt 0.7490 0.3154 0.0000
vt 0.7179 0.3154 0.0000
vt 0.6867 0.3153 0.0000
vt 0.6556 0.3153 0.0000
vt 0.6245 0.3153 0.0000
vt 0.5934 0.3153 0.0000
vt 0.5623 0.3153 0.0000
vt 0.5311 0.3153 0.0000
vt 0.9669 0.3128 0.0000
vt 0.9980 0.3130 0.0000
vt 0.9357 0.3126 0.0000
vt 0.9046 0.3125 0.0000
vt 0.8735 0.3123 0.0000
vt 0.8424 0.3123 0.0000
vt 0.8112 0.3122 0.0000
vt 0.7801 0.3121 0.0000
vt 0.7490 0.3121 0.0000
vt 0.7179 0.3121 0.0000
vt 0.6867 0.3120 0.0000
vt 0.6556 0.3120 0.0000
vt 0.6245 0.3120 0.0000
vt 0.5934 0.3120 0.0000
vt 0.5623 0.3120 0.0000
vt 0.5311 0.3120 0.0000
vt 0.9669 0.0050 0.0000
vt 0.9669 0.0020 0.0000
vt 0.9980 0.0020 0.0000
vt 0.9980 0.0050 0.0000
vt 0.9669 0.0079 0.0000
vt 0.9980 0.0079 0.0000
vt 0.9669 0.0109 0.0000
vt 0.9980 0.0109 0.0000
vt 0.9669 0.0139 0.0000
vt 0.9980 0.0139 0.0000
vt 0.9669 0.0168 0.0000
vt 0.9980 0.0168 0.0000
vt 0.9669 0.0198 0.0000
vt 0.9980 0.0198 0.0000
vt 0.9669 0.0228 0.0000
vt 0.9980 0.0228 0.0000
vt 0.9669 0.0258 0.0000
vt 0.9980 0.0257 0.0000
vt 0.9669 0.0287 0.0000
vt 0.9980 0.0287 0.0000
vt 0.9669 0.0317 0.0000
vt 0.9980 0.0317 0.0000
vt 0.9669 0.0347 0.0000
vt 0.9980 0.0347 0.0000
vt 0.9669 0.0377 0.0000
vt 0.9980 0.0376 0.0000
vt 0.9669 0.0407 0.0000
vt 0.9980 0.0406 0.0000
vt 0.9669 0.0437 0.0000
vt 0.9980 0.0436 0.0000
vt 0.9669 0.0468 0.0000
vt 0.9980 0.0465 0.0000
vt 0.9669 0.0499 0.0000
vt 0.9980 0.0495 0.0000
vt 0.9358 0.0050 0.0000
vt 0.9358 0.0020 0.0000
vt 0.9358 0.0079 0.0000
vt 0.9358 0.0109 0.0000
vt 0.9358 0.0139 0.0000
vt 0.9358 0.0169 0.0000
vt 0.9358 0.0198 0.0000
vt 0.9358 0.0228 0.0000
vt 0.9358 0.0258 0.0000
vt 0.9358 0.0288 0.0000
vt 0.9358 0.0318 0.0000
vt 0.9358 0.0348 0.0000
vt 0.9358 0.0378 0.0000
vt 0.9358 0.0408 0.0000
vt 0.9358 0.0439 0.0000
vt 0.9358 0.0470 0.0000
vt 0.9358 0.0502 0.0000
vt 0.9046 0.0050 0.0000
vt 0.9046 0.0020 0.0000
vt 0.9046 0.0079 0.0000
vt 0.9046 0.0109 0.0000
vt 0.9046 0.0139 0.0000
vt 0.9046 0.0169 0.0000
vt 0.9046 0.0198 0.0000
vt 0.9046 0.0228 0.0000
vt 0.9046 0.0258 0.0000
vt 0.9046 0.0288 0.0000
vt 0.9046 0.0318 0.0000
vt 0.9046 0.0348 0.0000
vt 0.9046 0.0379 0.0000
vt 0.9046 0.0409 0.0000
vt 0.9046 0.0440 0.0000
vt 0.9046 0.0472 0.0000
vt 0.9046 0.0504 0.0000
vt 0.8735 0.0050 0.0000
vt 0.8735 0.0020 0.0000
vt 0.8735 0.0079 0.0000
vt 0.8735 0.0109 0.0000
vt 0.8735 0.0139 0.0000
vt 0.8735 0.0169 0.0000
vt 0.8735 0.0198 0.0000
vt 0.8735 0.0228 0.0000
vt 0.8735 0.0258 0.0000
vt 0.8735 0.0288 0.0000
vt 0.8735 0.0319 0.0000
vt 0.8735 0.0349 0.0000
vt 0.8735 0.0379 0.0000
vt 0.8735 0.0410 0.0000
vt 0.8735 0.0441 0.0000
vt 0.8735 0.0473 0.0000
vt 0.8735 0.0505 0.0000
vt 0.8424 0.0050 0.0000
vt 0.8424 0.0020 0.0000
vt 0.8424 0.0079 0.0000
vt 0.8424 0.0109 0.0000
vt 0.8424 0.0139 0.0000
vt 0.8424 0.0169 0.0000
vt 0.8424 0.0199 0.0000
vt 0.8424 0.0228 0.0000
vt 0.8424 0.0259 0.0000
vt 0.8424 0.0289 0.0000
vt 0.8424 0.0319 0.0000
vt 0.8424 0.0349 0.0000
vt 0.8424 0.0380 0.0000
vt 0.8424 0.0411 0.0000
vt 0.8424 0.0442 0.0000
vt 0.8424 0.0474 0.0000
vt 0.8424 0.0506 0.0000
vt 0.8113 0.0050 0.0000
vt 0.8113 0.0020 0.0000
vt 0.8113 0.0079 0.0000
vt 0.8113 0.0109 0.0000
vt 0.8113 0.0139 0.0000
vt 0.8113 0.0169 0.0000
vt 0.8113 0.0199 0.0000
vt 0.8113 0.0229 0.0000
vt 0.8113 0.0259 0.0000
vt 0.8113 0.0289 0.0000
vt 0.8113 0.0319 0.0000
vt 0.8113 0.0350 0.0000
vt 0.8113 0.0381 0.0000
vt 0.8113 0.0412 0.0000
vt 0.8113 0.0443 0.0000
vt 0.8113 0.0475 0.0000
vt 0.8113 0.0507 0.0000
vt 0.7801 0.0050 0.0000
vt 0.7801 0.0020 0.0000
vt 0.7801 0.0079 0.0000
vt 0.7801 0.0109 0.0000
vt 0.7801 0.0139 0.0000
vt 0.7801 0.0169 0.0000
vt 0.7801 0.0199 0.0000
vt 0.7801 0.0229 0.0000
vt 0.7801 0.0259 0.0000
vt 0.7801 0.0289 0.0000
vt 0.7801 0.0320 0.0000
vt 0.7801 0.0350 0.0000
vt 0.7801 0.0381 0.0000
vt 0.7801 0.0412 0.0000
vt 0.7801 0.0444 0.0000
vt 0.7801 0.0475 0.0000
vt 0.7801 0.0508 0.0000
vt 0.7490 0.0050 0.0000
vt 0.7490 0.0020 0.0000
vt 0.7490 0.0079 0.0000
vt 0.7490 0.0109 0.0000
vt 0.7490 0.0139 0.0000
vt 0.7490 0.0169 0.0000
vt 0.7490 0.0199 0.0000
vt 0.7490 0.0229 0.0000
vt 0.7490 0.0259 0.0000
vt 0.7490 0.0289 0.0000
vt 0.7490 0.0320 0.0000
vt 0.7490 0.0350 0.0000
vt 0.7490 0.0381 0.0000
vt 0.7490 0.0413 0.0000
vt 0.7490 0.0444 0.0000
vt 0.7490 0.0476 0.0000
vt 0.7490 0.0508 0.0000
vt 0.7179 0.0050 0.0000
vt 0.7179 0.0020 0.0000
vt 0.7179 0.0079 0.0000
vt 0.7179 0.0109 0.0000
vt 0.7179 0.0139 0.0000
vt 0.7179 0.0169 0.0000
vt 0.7179 0.0199 0.0000
vt 0.7179 0.0229 0.0000
vt 0.7179 0.0259 0.0000
vt 0.7179 0.0289 0.0000
vt 0.7179 0.0320 0.0000
vt 0.7179 0.0351 0.0000
vt 0.7179 0.0382 0.0000
vt 0.7179 0.0413 0.0000
vt 0.7179 0.0444 0.0000
vt 0.7179 0.0476 0.0000
vt 0.7179 0.0509 0.0000
vt 0.6868 0.0050 0.0000
vt 0.6868 0.0020 0.0000
vt 0.6868 0.0079 0.0000
vt 0.6868 0.0109 0.0000
vt 0.6868 0.0139 0.0000
vt 0.6868 0.0169 0.0000
vt 0.6868 0.0199 0.0000
vt 0.6868 0.0229 0.0000
vt 0.6868 0.0259 0.0000
vt 0.6868 0.0290 0.0000
vt 0.6868 0.0320 0.0000
vt 0.6868 0.0351 0.0000
vt 0.6868 0.0382 0.0000
vt 0.6868 0.0413 0.0000
vt 0.6868 0.0445 0.0000
vt 0.6868 0.0477 0.0000
vt 0.6868 0.0509 0.0000
vt 0.6556 0.0050 0.0000
vt 0.6556 0.0020 0.0000
vt 0.6556 0.0079 0.0000
vt 0.6556 0.0109 0.0000
vt 0.6556 0.0139 0.0000
vt 0.6556 0.0169 0.0000
vt 0.6556 0.0199 0.0000
vt 0.6556 0.0229 0.0000
vt 0.6556 0.0259 0.0000
vt 0.6556 0.0290 0.0000
vt 0.6556 0.0320 0.0000
vt 0.6556 0.0351 0.0000
vt 0.6556 0.0382 0.0000
vt 0.6556 0.0413 0.0000
vt 0.6556 0.0445 0.0000
vt 0.6556 0.0477 0.0000
vt 0.6556 0.0509 0.0000
vt 0.6245 0.0050 0.0000
vt 0.6245 0.0020 0.0000
vt 0.6245 0.0079 0.0000
vt 0.6245 0.0109 0.0000
vt 0.6245 0.0139 0.0000
vt 0.6245 0.0169 0.0000
vt 0.6245 0.0199 0.0000
vt 0.6245 0.0229 0.0000
vt 0.6245 0.0259 0.0000
vt 0.6245 0.0290 0.0000
vt 0.6245 0.0320 0.0000
vt 0.6245 0.0351 0.0000
vt 0.6245 0.0382 0.0000
vt 0.6245 0.0413 0.0000
vt 0.6245 0.0445 0.0000
vt 0.6245 0.0477 0.0000
vt 0.6245 0.0509 0.0000
vt 0.5934 0.0050 0.0000
vt 0.5934 0.0020 0.0000
vt 0.5934 0.0079 0.0000
vt 0.5934 0.0109 0.0000
vt 0.5934 0.0139 0.0000
vt 0.5934 0.0169 0.0000
vt 0.5934 0.0199 0.0000
vt 0.5934 0.0229 0.0000
vt 0.5934 0.0259 0.0000
vt 0.5934 0.0290 0.0000
vt 0.5934 0.0320 0.0000
vt 0.5934 0.0351 0.0000
vt 0.5934 0.0382 0.0000
vt 0.5934 0.0414 0.0000
vt 0.5934 0.0445 0.0000
vt 0.5934 0.0477 0.0000
vt 0.5934 0.0509 0.0000
vt 0.5623 0.0050 0.0000
vt 0.5623 0.0020 0.0000
vt 0.5623 0.0079 0.0000
vt 0.5623 0.0109 0.0000
vt 0.5623 0.0139 0.0000
vt 0.5623 0.0169 0.0000
vt 0.5623 0.0199 0.0000
vt 0.5623 0.0229 0.0000
vt 0.5623 0.0259 0.0000
vt 0.5623 0.0290 0.0000
vt 0.5623 0.0320 0.0000
vt 0.5623 0.0351 0.0000
vt 0.5623 0.0382 0.0000
vt 0.5623 0.0414 0.0000
vt 0.5623 0.0445 0.0000
vt 0.5623 0.0477 0.0000
vt 0.5623 0.0509 0.0000
vt 0.5311 0.0050 0.0000
vt 0.5311 0.0020 0.0000
vt 0.5311 0.0079 0.0000
vt 0.5311 0.0109 0.0000
vt 0.5311 0.0139 0.0000
vt 0.5311 0.0169 0.0000
vt 0.5311 0.0199 0.0000
vt 0.5311 0.0229 0.0000
vt 0.5311 0.0259 0.0000
vt 0.5311 0.0290 0.0000
vt 0.5311 0.0320 0.0000
vt 0.5311 0.0351 0.0000
vt 0.5311 0.0382 0.0000
vt 0.5311 0.0414 0.0000
vt 0.5311 0.0445 0.0000
vt 0.5311 0.0477 0.0000
vt 0.5311 0.0509 0.0000
vt 0.5000 0.0050 0.0000
vt 0.5000 0.0020 0.0000
vt 0.5000 0.0079 0.0000
vt 0.5000 0.0109 0.0000
vt 0.5000 0.0139 0.0000
vt 0.5000 0.0169 0.0000
vt 0.5000 0.0199 0.0000
vt 0.5000 0.0229 0.0000
vt 0.5000 0.0259 0.0000
vt 0.5000 0.0290 0.0000
vt 0.5000 0.0320 0.0000
vt 0.5000 0.0351 0.0000
vt 0.5000 0.0382 0.0000
vt 0.5000 0.0414 0.0000
vt 0.5000 0.0445 0.0000
vt 0.5000 0.0477 0.0000
vt 0.5000 0.0509 0.0000
vt 0.9669 0.1085 0.0000
vt 0.9669 0.1045 0.0000
vt 0.9980 0.1045 0.0000
vt 0.9980 0.1085 0.0000
vt 0.9358 0.1085 0.0000
vt 0.9358 0.1045 0.0000
vt 0.9046 0.1085 0.0000
vt 0.9046 0.1045 0.0000
vt 0.8735 0.1085 0.0000
vt 0.8735 0.1045 0.0000
vt 0.8424 0.1085 0.0000
vt 0.8424 0.1045 0.0000
vt 0.8113 0.1085 0.0000
vt 0.8113 0.1045 0.0000
vt 0.7801 0.1085 0.0000
vt 0.7801 0.1045 0.0000
vt 0.7490 0.1085 0.0000
vt 0.7490 0.1045 0.0000
vt 0.7179 0.1085 0.0000
vt 0.7179 0.1045 0.0000
vt 0.6868 0.1085 0.0000
vt 0.6868 0.1045 0.0000
vt 0.6556 0.1085 0.0000
vt 0.6556 0.1045 0.0000
vt 0.6245 0.1085 0.0000
vt 0.6245 0.1045 0.0000
vt 0.5934 0.1085 0.0000
vt 0.5934 0.1045 0.0000
vt 0.5623 0.1085 0.0000
vt 0.5623 0.1045 0.0000
vt 0.5311 0.1085 0.0000
vt 0.5311 0.1045 0.0000
vt 0.5000 0.1085 0.0000
vt 0.5000 0.1045 0.0000
vt 0.9669 0.1005 0.0000
vt 0.9980 0.1005 0.0000
vt 0.9358 0.1005 0.0000
vt 0.9046 0.1005 0.0000
vt 0.8735 0.1005 0.0000
vt 0.8424 0.1005 0.0000
vt 0.8113 0.1005 0.0000
vt 0.7801 0.1005 0.0000
vt 0.7490 0.1005 0.0000
vt 0.7179 0.1005 0.0000
vt 0.6868 0.1005 0.0000
vt 0.6556 0.1005 0.0000
vt 0.6245 0.1005 0.0000
vt 0.5934 0.1005 0.0000
vt 0.5623 0.1005 0.0000
vt 0.5311 0.1005 0.0000
vt 0.5000 0.1005 0.0000
vt 0.9669 0.0966 0.0000
vt 0.9980 0.0966 0.0000
vt 0.9358 0.0966 0.0000
vt 0.9046 0.0967 0.0000
vt 0.8735 0.0967 0.0000
vt 0.8424 0.0967 0.0000
vt 0.8113 0.0967 0.0000
vt 0.7801 0.0967 0.0000
vt 0.7490 0.0967 0.0000
vt 0.7179 0.0967 0.0000
vt 0.6868 0.0967 0.0000
vt 0.6556 0.0967 0.0000
vt 0.6245 0.0967 0.0000
vt 0.5934 0.0967 0.0000
vt 0.5623 0.0967 0.0000
vt 0.5311 0.0967 0.0000
vt 0.5000 0.0967 0.0000
vt 0.9669 0.0928 0.0000
vt 0.9980 0.0927 0.0000
vt 0.9358 0.0928 0.0000
vt 0.9046 0.0928 0.0000
vt 0.8735 0.0928 0.0000
vt 0.8424 0.0928 0.0000
vt 0.8113 0.0928 0.0000
vt 0.7801 0.0928 0.0000
vt 0.7490 0.0928 0.0000
vt 0.7179 0.0928 0.0000
vt 0.6868 0.0928 0.0000
vt 0.6556 0.0928 0.0000
vt 0.6245 0.0928 0.0000
vt 0.5934 0.0928 0.0000
vt 0.5623 0.0928 0.0000
vt 0.5311 0.0928 0.0000
vt 0.5000 0.0928 0.0000
vt 0.9669 0.0890 0.0000
vt 0.9980 0.0889 0.0000
vt 0.9358 0.0890 0.0000
vt 0.9046 0.0890 0.0000
vt 0.8735 0.0890 0.0000
vt 0.8424 0.0890 0.0000
vt 0.8113 0.0891 0.0000
vt 0.7801 0.0891 0.0000
vt 0.7490 0.0891 0.0000
vt 0.7179 0.0891 0.0000
vt 0.6868 0.0891 0.0000
vt 0.6556 0.0891 0.0000
vt 0.6245 0.0891 0.0000
vt 0.5934 0.0891 0.0000
vt 0.5623 0.0891 0.0000
vt 0.5311 0.0891 0.0000
vt 0.5000 0.0891 0.0000
vt 0.9669 0.0852 0.0000
vt 0.9980 0.0851 0.0000
vt 0.9358 0.0852 0.0000
vt 0.9046 0.0853 0.0000
vt 0.8735 0.0853 0.0000
vt 0.8424 0.0853 0.0000
vt 0.8113 0.0853 0.0000
vt 0.7801 0.0853 0.0000
vt 0.7490 0.0853 0.0000
vt 0.7179 0.0854 0.0000
vt 0.6868 0.0854 0.0000
vt 0.6556 0.0854 0.0000
vt 0.6245 0.0854 0.0000
vt 0.5934 0.0854 0.0000
vt 0.5623 0.0854 0.0000
vt 0.5311 0.0854 0.0000
vt 0.5000 0.0854 0.0000
vt 0.9669 0.0814 0.0000
vt 0.9980 0.0813 0.0000
vt 0.9358 0.0815 0.0000
vt 0.9046 0.0816 0.0000
vt 0.8735 0.0816 0.0000
vt 0.8424 0.0816 0.0000
vt 0.8113 0.0817 0.0000
vt 0.7801 0.0817 0.0000
vt 0.7490 0.0817 0.0000
vt 0.7179 0.0817 0.0000
vt 0.6868 0.0817 0.0000
vt 0.6556 0.0817 0.0000
vt 0.6245 0.0817 0.0000
vt 0.5934 0.0817 0.0000
vt 0.5623 0.0817 0.0000
vt 0.5311 0.0817 0.0000
vt 0.5000 0.0817 0.0000
vt 0.9669 0.0778 0.0000
vt 0.9980 0.0776 0.0000
vt 0.9358 0.0779 0.0000
vt 0.9046 0.0779 0.0000
vt 0.8735 0.0780 0.0000
vt 0.8424 0.0780 0.0000
vt 0.8113 0.0780 0.0000
vt 0.7801 0.0781 0.0000
vt 0.7490 0.0781 0.0000
vt 0.7179 0.0781 0.0000
vt 0.6868 0.0781 0.0000
vt 0.6556 0.0781 0.0000
vt 0.6245 0.0781 0.0000
vt 0.5934 0.0781 0.0000
vt 0.5623 0.0781 0.0000
vt 0.5311 0.0781 0.0000
vt 0.5000 0.0781 0.0000
vt 0.9669 0.0742 0.0000
vt 0.9980 0.0741 0.0000
vt 0.9358 0.0743 0.0000
vt 0.9046 0.0743 0.0000
vt 0.8735 0.0744 0.0000
vt 0.8424 0.0744 0.0000
vt 0.8113 0.0745 0.0000
vt 0.7801 0.0745 0.0000
vt 0.7490 0.0745 0.0000
vt 0.7179 0.0745 0.0000
vt 0.6868 0.0745 0.0000
vt 0.6556 0.0745 0.0000
vt 0.6245 0.0745 0.0000
vt 0.5934 0.0745 0.0000
vt 0.5623 0.0746 0.0000
vt 0.5311 0.0746 0.0000
vt 0.5000 0.0746 0.0000
vt 0.9669 0.0706 0.0000
vt 0.9980 0.0706 0.0000
vt 0.9358 0.0707 0.0000
vt 0.9046 0.0708 0.0000
vt 0.8735 0.0708 0.0000
vt 0.8424 0.0709 0.0000
vt 0.8113 0.0709 0.0000
vt 0.7801 0.0710 0.0000
vt 0.7490 0.0710 0.0000
vt 0.7179 0.0710 0.0000
vt 0.6868 0.0710 0.0000
vt 0.6556 0.0710 0.0000
vt 0.6245 0.0710 0.0000
vt 0.5934 0.0710 0.0000
vt 0.5623 0.0710 0.0000
vt 0.5311 0.0710 0.0000
vt 0.5000 0.0710 0.0000
vt 0.9669 0.0671 0.0000
vt 0.9980 0.0670 0.0000
vt 0.9358 0.0672 0.0000
vt 0.9046 0.0673 0.0000
vt 0.8735 0.0673 0.0000
vt 0.8424 0.0674 0.0000
vt 0.8113 0.0675 0.0000
vt 0.7801 0.0675 0.0000
vt 0.7490 0.0675 0.0000
vt 0.7179 0.0675 0.0000
vt 0.6868 0.0676 0.0000
vt 0.6556 0.0676 0.0000
vt 0.6245 0.0676 0.0000
vt 0.5934 0.0676 0.0000
vt 0.5623 0.0676 0.0000
vt 0.5311 0.0676 0.0000
vt 0.5000 0.0676 0.0000
vt 0.9669 0.0636 0.0000
vt 0.9980 0.0635 0.0000
vt 0.9358 0.0637 0.0000
vt 0.9046 0.0638 0.0000
vt 0.8735 0.0639 0.0000
vt 0.8424 0.0640 0.0000
vt 0.8113 0.0640 0.0000
vt 0.7801 0.0641 0.0000
vt 0.7490 0.0641 0.0000
vt 0.7179 0.0641 0.0000
vt 0.6868 0.0641 0.0000
vt 0.6556 0.0642 0.0000
vt 0.6245 0.0642 0.0000
vt 0.5934 0.0642 0.0000
vt 0.5623 0.0642 0.0000
vt 0.5311 0.0642 0.0000
vt 0.5000 0.0642 0.0000
vt 0.9669 0.0601 0.0000
vt 0.9980 0.0600 0.0000
vt 0.9358 0.0603 0.0000
vt 0.9046 0.0604 0.0000
vt 0.8735 0.0605 0.0000
vt 0.8424 0.0606 0.0000
vt 0.8113 0.0606 0.0000
vt 0.7801 0.0607 0.0000
vt 0.7490 0.0607 0.0000
vt 0.7179 0.0607 0.0000
vt 0.6868 0.0608 0.0000
vt 0.6556 0.0608 0.0000
vt 0.6245 0.0608 0.0000
vt 0.5934 0.0608 0.0000
vt 0.5623 0.0608 0.0000
vt 0.5311 0.0608 0.0000
vt 0.5000 0.0608 0.0000
vt 0.9669 0.0567 0.0000
vt 0.9980 0.0565 0.0000
vt 0.9358 0.0568 0.0000
vt 0.9046 0.0570 0.0000
vt 0.8735 0.0571 0.0000
vt 0.8424 0.0572 0.0000
vt 0.8113 0.0573 0.0000
vt 0.7801 0.0573 0.0000
vt 0.7490 0.0574 0.0000
vt 0.7179 0.0574 0.0000
vt 0.6868 0.0574 0.0000
vt 0.6556 0.0575 0.0000
vt 0.6245 0.0575 0.0000
vt 0.5934 0.0575 0.0000
vt 0.5623 0.0575 0.0000
vt 0.5311 0.0575 0.0000
vt 0.5000 0.0575 0.0000
vt 0.9669 0.0532 0.0000
vt 0.9980 0.0530 0.0000
vt 0.9358 0.0535 0.0000
vt 0.9046 0.0536 0.0000
vt 0.8735 0.0538 0.0000
vt 0.8424 0.0539 0.0000
vt 0.8113 0.0540 0.0000
vt 0.7801 0.0540 0.0000
vt 0.7490 0.0541 0.0000
vt 0.7179 0.0541 0.0000
vt 0.6868 0.0541 0.0000
vt 0.6556 0.0542 0.0000
vt 0.6245 0.0542 0.0000
vt 0.5934 0.0542 0.0000
vt 0.5623 0.0542 0.0000
vt 0.5311 0.0542 0.0000
vt 0.5000 0.0542 0.0000
vt 0.0331 0.1045 0.0000
vt 0.0331 0.1085 0.0000
vt 0.0020 0.1085 0.0000
vt 0.0020 0.1045 0.0000
vt 0.0331 0.1005 0.0000
vt 0.0020 0.1005 0.0000
vt 0.0331 0.0966 0.0000
vt 0.0020 0.0966 0.0000
vt 0.0331 0.0928 0.0000
vt 0.0020 0.0927 0.0000
vt 0.0331 0.0890 0.0000
vt 0.0020 0.0889 0.0000
vt 0.0331 0.0852 0.0000
vt 0.0020 0.0851 0.0000
vt 0.0331 0.0814 0.0000
vt 0.0020 0.0813 0.0000
vt 0.0331 0.0778 0.0000
vt 0.0020 0.0776 0.0000
vt 0.0331 0.0742 0.0000
vt 0.0020 0.0741 0.0000
vt 0.0331 0.0706 0.0000
vt 0.0020 0.0706 0.0000
vt 0.0331 0.0671 0.0000
vt 0.0020 0.0670 0.0000
vt 0.0331 0.0636 0.0000
vt 0.0020 0.0635 0.0000
vt 0.0331 0.0601 0.0000
vt 0.0020 0.0600 0.0000
vt 0.0331 0.0567 0.0000
vt 0.0020 0.0565 0.0000
vt 0.0331 0.0532 0.0000
vt 0.0020 0.0530 0.0000
vt 0.0331 0.0499 0.0000
vt 0.0020 0.0495 0.0000
vt 0.0643 0.1045 0.0000
vt 0.0643 0.1085 0.0000
vt 0.0643 0.1005 0.0000
vt 0.0643 0.0966 0.0000
vt 0.0643 0.0928 0.0000
vt 0.0643 0.0890 0.0000
vt 0.0643 0.0852 0.0000
vt 0.0643 0.0815 0.0000
vt 0.0643 0.0779 0.0000
vt 0.0643 0.0743 0.0000
vt 0.0643 0.0707 0.0000
vt 0.0643 0.0672 0.0000
vt 0.0643 0.0637 0.0000
vt 0.0643 0.0603 0.0000
vt 0.0643 0.0568 0.0000
vt 0.0643 0.0535 0.0000
vt 0.0643 0.0502 0.0000
vt 0.0954 0.1045 0.0000
vt 0.0954 0.1085 0.0000
vt 0.0954 0.1005 0.0000
vt 0.0954 0.0967 0.0000
vt 0.0954 0.0928 0.0000
vt 0.0954 0.0890 0.0000
vt 0.0954 0.0853 0.0000
vt 0.0954 0.0816 0.0000
vt 0.0954 0.0779 0.0000
vt 0.0954 0.0743 0.0000
vt 0.0954 0.0708 0.0000
vt 0.0954 0.0673 0.0000
vt 0.0954 0.0638 0.0000
vt 0.0954 0.0604 0.0000
vt 0.0954 0.0570 0.0000
vt 0.0954 0.0536 0.0000
vt 0.0954 0.0504 0.0000
vt 0.1265 0.1045 0.0000
vt 0.1265 0.1085 0.0000
vt 0.1265 0.1005 0.0000
vt 0.1265 0.0967 0.0000
vt 0.1265 0.0928 0.0000
vt 0.1265 0.0890 0.0000
vt 0.1265 0.0853 0.0000
vt 0.1265 0.0816 0.0000
vt 0.1265 0.0780 0.0000
vt 0.1265 0.0744 0.0000
vt 0.1265 0.0708 0.0000
vt 0.1265 0.0673 0.0000
vt 0.1265 0.0639 0.0000
vt 0.1265 0.0605 0.0000
vt 0.1265 0.0571 0.0000
vt 0.1265 0.0538 0.0000
vt 0.1265 0.0505 0.0000
vt 0.1576 0.1045 0.0000
vt 0.1576 0.1085 0.0000
vt 0.1576 0.1005 0.0000
vt 0.1576 0.0967 0.0000
vt 0.1576 0.0928 0.0000
vt 0.1576 0.0890 0.0000
vt 0.1576 0.0853 0.0000
vt 0.1576 0.0816 0.0000
vt 0.1576 0.0780 0.0000
vt 0.1576 0.0744 0.0000
vt 0.1576 0.0709 0.0000
vt 0.1576 0.0674 0.0000
vt 0.1576 0.0640 0.0000
vt 0.1576 0.0606 0.0000
vt 0.1576 0.0572 0.0000
vt 0.1576 0.0539 0.0000
vt 0.1576 0.0506 0.0000
vt 0.1888 0.1045 0.0000
vt 0.1888 0.1085 0.0000
vt 0.1888 0.1005 0.0000
vt 0.1888 0.0967 0.0000
vt 0.1888 0.0928 0.0000
vt 0.1888 0.0891 0.0000
vt 0.1888 0.0853 0.0000
vt 0.1888 0.0817 0.0000
vt 0.1888 0.0780 0.0000
vt 0.1888 0.0745 0.0000
vt 0.1888 0.0709 0.0000
vt 0.1888 0.0675 0.0000
vt 0.1888 0.0640 0.0000
vt 0.1888 0.0606 0.0000
vt 0.1888 0.0573 0.0000
vt 0.1888 0.0540 0.0000
vt 0.1888 0.0507 0.0000
vt 0.2199 0.1045 0.0000
vt 0.2199 0.1085 0.0000
vt 0.2199 0.1005 0.0000
vt 0.2199 0.0967 0.0000
vt 0.2199 0.0928 0.0000
vt 0.2199 0.0891 0.0000
vt 0.2199 0.0853 0.0000
vt 0.2199 0.0817 0.0000
vt 0.2199 0.0781 0.0000
vt 0.2199 0.0745 0.0000
vt 0.2199 0.0710 0.0000
vt 0.2199 0.0675 0.0000
vt 0.2199 0.0641 0.0000
vt 0.2199 0.0607 0.0000
vt 0.2199 0.0573 0.0000
vt 0.2199 0.0540 0.0000
vt 0.2199 0.0508 0.0000
vt 0.2510 0.1045 0.0000
vt 0.2510 0.1085 0.0000
vt 0.2510 0.1005 0.0000
vt 0.2510 0.0967 0.0000
vt 0.2510 0.0928 0.0000
vt 0.2510 0.0891 0.0000
vt 0.2510 0.0853 0.0000
vt 0.2510 0.0817 0.0000
vt 0.2510 0.0781 0.0000
vt 0.2510 0.0745 0.0000
vt 0.2510 0.0710 0.0000
vt 0.2510 0.0675 0.0000
vt 0.2510 0.0641 0.0000
vt 0.2510 0.0607 0.0000
vt 0.2510 0.0574 0.0000
vt 0.2510 0.0541 0.0000
vt 0.2510 0.0508 0.0000
vt 0.2821 0.1045 0.0000
vt 0.2821 0.1085 0.0000
vt 0.2821 0.1005 0.0000
vt 0.2821 0.0967 0.0000
vt 0.2821 0.0928 0.0000
vt 0.2821 0.0891 0.0000
vt 0.2821 0.0854 0.0000
vt 0.2821 0.0817 0.0000
vt 0.2821 0.0781 0.0000
vt 0.2821 0.0745 0.0000
vt 0.2821 0.0710 0.0000
vt 0.2821 0.0675 0.0000
vt 0.2821 0.0641 0.0000
vt 0.2821 0.0607 0.0000
vt 0.2821 0.0574 0.0000
vt 0.2821 0.0541 0.0000
vt 0.2821 0.0509 0.0000
vt 0.3133 0.1045 0.0000
vt 0.3133 0.1085 0.0000
vt 0.3133 0.1005 0.0000
vt 0.3133 0.0967 0.0000
vt 0.3133 0.0928 0.0000
vt 0.3133 0.0891 0.0000
vt 0.3133 0.0854 0.0000
vt 0.3133 0.0817 0.0000
vt 0.3133 0.0781 0.0000
vt 0.3133 0.0745 0.0000
vt 0.3133 0.0710 0.0000
vt 0.3133 0.0676 0.0000
vt 0.3133 0.0641 0.0000
vt 0.3133 0.0608 0.0000
vt 0.3133 0.0574 0.0000
vt 0.3133 0.0541 0.0000
vt 0.3133 0.0509 0.0000
vt 0.3444 0.1045 0.0000
vt 0.3444 0.1085 0.0000
vt 0.3444 0.1005 0.0000
vt 0.3444 0.0967 0.0000
vt 0.3444 0.0928 0.0000
vt 0.3444 0.0891 0.0000
vt 0.3444 0.0854 0.0000
vt 0.3444 0.0817 0.0000
vt 0.3444 0.0781 0.0000
vt 0.3444 0.0745 0.0000
vt 0.3444 0.0710 0.0000
vt 0.3444 0.0676 0.0000
vt 0.3444 0.0642 0.0000
vt 0.3444 0.0608 0.0000
vt 0.3444 0.0575 0.0000
vt 0.3444 0.0542 0.0000
vt 0.3444 0.0509 0.0000
vt 0.3755 0.1045 0.0000
vt 0.3755 0.1085 0.0000
vt 0.3755 0.1005 0.0000
vt 0.3755 0.0967 0.0000
vt 0.3755 0.0928 0.0000
vt 0.3755 0.0891 0.0000
vt 0.3755 0.0854 0.0000
vt 0.3755 0.0817 0.0000
vt 0.3755 0.0781 0.0000
vt 0.3755 0.0745 0.0000
vt 0.3755 0.0710 0.0000
vt 0.3755 0.0676 0.0000
vt 0.3755 0.0642 0.0000
vt 0.3755 0.0608 0.0000
vt 0.3755 0.0575 0.0000
vt 0.3755 0.0542 0.0000
vt 0.3755 0.0509 0.0000
vt 0.4066 0.1045 0.0000
vt 0.4066 0.1085 0.0000
vt 0.4066 0.1005 0.0000
vt 0.4066 0.0967 0.0000
vt 0.4066 0.0928 0.0000
vt 0.4066 0.0891 0.0000
vt 0.4066 0.0854 0.0000
vt 0.4066 0.0817 0.0000
vt 0.4066 0.0781 0.0000
vt 0.4066 0.0745 0.0000
vt 0.4066 0.0710 0.0000
vt 0.4066 0.0676 0.0000
vt 0.4066 0.0642 0.0000
vt 0.4066 0.0608 0.0000
vt 0.4066 0.0575 0.0000
vt 0.4066 0.0542 0.0000
vt 0.4066 0.0509 0.0000
vt 0.4378 0.1045 0.0000
vt 0.4378 0.1085 0.0000
vt 0.4378 0.1005 0.0000
vt 0.4378 0.0967 0.0000
vt 0.4378 0.0928 0.0000
vt 0.4378 0.0891 0.0000
vt 0.4378 0.0854 0.0000
vt 0.4378 0.0817 0.0000
vt 0.4378 0.0781 0.0000
vt 0.4378 0.0746 0.0000
vt 0.4378 0.0710 0.0000
vt 0.4378 0.0676 0.0000
vt 0.4378 0.0642 0.0000
vt 0.4378 0.0608 0.0000
vt 0.4378 0.0575 0.0000
vt 0.4378 0.0542 0.0000
vt 0.4378 0.0509 0.0000
vt 0.4689 0.1045 0.0000
vt 0.4689 0.1085 0.0000
vt 0.4689 0.1005 0.0000
vt 0.4689 0.0967 0.0000
vt 0.4689 0.0928 0.0000
vt 0.4689 0.0891 0.0000
vt 0.4689 0.0854 0.0000
vt 0.4689 0.0817 0.0000
vt 0.4689 0.0781 0.0000
vt 0.4689 0.0746 0.0000
vt 0.4689 0.0710 0.0000
vt 0.4689 0.0676 0.0000
vt 0.4689 0.0642 0.0000
vt 0.4689 0.0608 0.0000
vt 0.4689 0.0575 0.0000
vt 0.4689 0.0542 0.0000
vt 0.4689 0.0509 0.0000
vt 0.0331 0.0020 0.0000
vt 0.0331 0.0050 0.0000
vt 0.0020 0.0050 0.0000
vt 0.0020 0.0020 0.0000
vt 0.0643 0.0020 0.0000
vt 0.0643 0.0050 0.0000
vt 0.0954 0.0020 0.0000
vt 0.0954 0.0050 0.0000
vt 0.1265 0.0020 0.0000
vt 0.1265 0.0050 0.0000
vt 0.1576 0.0020 0.0000
vt 0.1576 0.0050 0.0000
vt 0.1888 0.0020 0.0000
vt 0.1888 0.0050 0.0000
vt 0.2199 0.0020 0.0000
vt 0.2199 0.0050 0.0000
vt 0.2510 0.0020 0.0000
vt 0.2510 0.0050 0.0000
vt 0.2821 0.0020 0.0000
vt 0.2821 0.0050 0.0000
vt 0.3133 0.0020 0.0000
vt 0.3133 0.0050 0.0000
vt 0.3444 0.0020 0.0000
vt 0.3444 0.0050 0.0000
vt 0.3755 0.0020 0.0000
vt 0.3755 0.0050 0.0000
vt 0.4066 0.0020 0.0000
vt 0.4066 0.0050 0.0000
vt 0.4378 0.0020 0.0000
vt 0.4378 0.0050 0.0000
vt 0.4689 0.0020 0.0000
vt 0.4689 0.0050 0.0000
vt 0.0331 0.0079 0.0000
vt 0.0020 0.0079 0.0000
vt 0.0643 0.0079 0.0000
vt 0.0954 0.0079 0.0000
vt 0.1265 0.0079 0.0000
vt 0.1576 0.0079 0.0000
vt 0.1888 0.0079 0.0000
vt 0.2199 0.0079 0.0000
vt 0.2510 0.0079 0.0000
vt 0.2821 0.0079 0.0000
vt 0.3133 0.0079 0.0000
vt 0.3444 0.0079 0.0000
vt 0.3755 0.0079 0.0000
vt 0.4066 0.0079 0.0000
vt 0.4378 0.0079 0.0000
vt 0.4689 0.0079 0.0000
vt 0.0331 0.0109 0.0000
vt 0.0020 0.0109 0.0000
vt 0.0643 0.0109 0.0000
vt 0.0954 0.0109 0.0000
vt 0.1265 0.0109 0.0000
vt 0.1576 0.0109 0.0000
vt 0.1888 0.0109 0.0000
vt 0.2199 0.0109 0.0000
vt 0.2510 0.0109 0.0000
vt 0.2821 0.0109 0.0000
vt 0.3133 0.0109 0.0000
vt 0.3444 0.0109 0.0000
vt 0.3755 0.0109 0.0000
vt 0.4066 0.0109 0.0000
vt 0.4378 0.0109 0.0000
vt 0.4689 0.0109 0.0000
vt 0.0331 0.0139 0.0000
vt 0.0020 0.0139 0.0000
vt 0.0643 0.0139 0.0000
vt 0.0954 0.0139 0.0000
vt 0.1265 0.0139 0.0000
vt 0.1576 0.0139 0.0000
vt 0.1888 0.0139 0.0000
vt 0.2199 0.0139 0.0000
vt 0.2510 0.0139 0.0000
vt 0.2821 0.0139 0.0000
vt 0.3133 0.0139 0.0000
vt 0.3444 0.0139 0.0000
vt 0.3755 0.0139 0.0000
vt 0.4066 0.0139 0.0000
vt 0.4378 0.0139 0.0000
vt 0.4689 0.0139 0.0000
vt 0.0331 0.0168 0.0000
vt 0.0020 0.0168 0.0000
vt 0.0643 0.0169 0.0000
vt 0.0954 0.0169 0.0000
vt 0.1265 0.0169 0.0000
vt 0.1576 0.0169 0.0000
vt 0.1888 0.0169 0.0000
vt 0.2199 0.0169 0.0000
vt 0.2510 0.0169 0.0000
vt 0.2821 0.0169 0.0000
vt 0.3133 0.0169 0.0000
vt 0.3444 0.0169 0.0000
vt 0.3755 0.0169 0.0000
vt 0.4066 0.0169 0.0000
vt 0.4378 0.0169 0.0000
vt 0.4689 0.0169 0.0000
vt 0.0331 0.0198 0.0000
vt 0.0020 0.0198 0.0000
vt 0.0643 0.0198 0.0000
vt 0.0954 0.0198 0.0000
vt 0.1265 0.0198 0.0000
vt 0.1576 0.0199 0.0000
vt 0.1888 0.0199 0.0000
vt 0.2199 0.0199 0.0000
vt 0.2510 0.0199 0.0000
vt 0.2821 0.0199 0.0000
vt 0.3133 0.0199 0.0000
vt 0.3444 0.0199 0.0000
vt 0.3755 0.0199 0.0000
vt 0.4066 0.0199 0.0000
vt 0.4378 0.0199 0.0000
vt 0.4689 0.0199 0.0000
vt 0.0331 0.0228 0.0000
vt 0.0020 0.0228 0.0000
vt 0.0643 0.0228 0.0000
vt 0.0954 0.0228 0.0000
vt 0.1265 0.0228 0.0000
vt 0.1576 0.0228 0.0000
vt 0.1888 0.0229 0.0000
vt 0.2199 0.0229 0.0000
vt 0.2510 0.0229 0.0000
vt 0.2821 0.0229 0.0000
vt 0.3133 0.0229 0.0000
vt 0.3444 0.0229 0.0000
vt 0.3755 0.0229 0.0000
vt 0.4066 0.0229 0.0000
vt 0.4378 0.0229 0.0000
vt 0.4689 0.0229 0.0000
vt 0.0331 0.0258 0.0000
vt 0.0020 0.0257 0.0000
vt 0.0643 0.0258 0.0000
vt 0.0954 0.0258 0.0000
vt 0.1265 0.0258 0.0000
vt 0.1576 0.0259 0.0000
vt 0.1888 0.0259 0.0000
vt 0.2199 0.0259 0.0000
vt 0.2510 0.0259 0.0000
vt 0.2821 0.0259 0.0000
vt 0.3133 0.0259 0.0000
vt 0.3444 0.0259 0.0000
vt 0.3755 0.0259 0.0000
vt 0.4066 0.0259 0.0000
vt 0.4378 0.0259 0.0000
vt 0.4689 0.0259 0.0000
vt 0.0331 0.0287 0.0000
vt 0.0020 0.0287 0.0000
vt 0.0643 0.0288 0.0000
vt 0.0954 0.0288 0.0000
vt 0.1265 0.0288 0.0000
vt 0.1576 0.0289 0.0000
vt 0.1888 0.0289 0.0000
vt 0.2199 0.0289 0.0000
vt 0.2510 0.0289 0.0000
vt 0.2821 0.0289 0.0000
vt 0.3133 0.0290 0.0000
vt 0.3444 0.0290 0.0000
vt 0.3755 0.0290 0.0000
vt 0.4066 0.0290 0.0000
vt 0.4378 0.0290 0.0000
vt 0.4689 0.0290 0.0000
vt 0.0331 0.0317 0.0000
vt 0.0020 0.0317 0.0000
vt 0.0643 0.0318 0.0000
vt 0.0954 0.0318 0.0000
vt 0.1265 0.0319 0.0000
vt 0.1576 0.0319 0.0000
vt 0.1888 0.0319 0.0000
vt 0.2199 0.0320 0.0000
vt 0.2510 0.0320 0.0000
vt 0.2821 0.0320 0.0000
vt 0.3133 0.0320 0.0000
vt 0.3444 0.0320 0.0000
vt 0.3755 0.0320 0.0000
vt 0.4066 0.0320 0.0000
vt 0.4378 0.0320 0.0000
vt 0.4689 0.0320 0.0000
vt 0.0331 0.0347 0.0000
vt 0.0020 0.0347 0.0000
vt 0.0643 0.0348 0.0000
vt 0.0954 0.0348 0.0000
vt 0.1265 0.0349 0.0000
vt 0.1576 0.0349 0.0000
vt 0.1888 0.0350 0.0000
vt 0.2199 0.0350 0.0000
vt 0.2510 0.0350 0.0000
vt 0.2821 0.0351 0.0000
vt 0.3133 0.0351 0.0000
vt 0.3444 0.0351 0.0000
vt 0.3755 0.0351 0.0000
vt 0.4066 0.0351 0.0000
vt 0.4378 0.0351 0.0000
vt 0.4689 0.0351 0.0000
vt 0.0331 0.0377 0.0000
vt 0.0020 0.0376 0.0000
vt 0.0643 0.0378 0.0000
vt 0.0954 0.0379 0.0000
vt 0.1265 0.0379 0.0000
vt 0.1576 0.0380 0.0000
vt 0.1888 0.0381 0.0000
vt 0.2199 0.0381 0.0000
vt 0.2510 0.0381 0.0000
vt 0.2821 0.0382 0.0000
vt 0.3133 0.0382 0.0000
vt 0.3444 0.0382 0.0000
vt 0.3755 0.0382 0.0000
vt 0.4066 0.0382 0.0000
vt 0.4378 0.0382 0.0000
vt 0.4689 0.0382 0.0000
vt 0.0331 0.0407 0.0000
vt 0.0020 0.0406 0.0000
vt 0.0643 0.0408 0.0000
vt 0.0954 0.0409 0.0000
vt 0.1265 0.0410 0.0000
vt 0.1576 0.0411 0.0000
vt 0.1888 0.0412 0.0000
vt 0.2199 0.0412 0.0000
vt 0.2510 0.0413 0.0000
vt 0.2821 0.0413 0.0000
vt 0.3133 0.0413 0.0000
vt 0.3444 0.0413 0.0000
vt 0.3755 0.0413 0.0000
vt 0.4066 0.0414 0.0000
vt 0.4378 0.0414 0.0000
vt 0.4689 0.0414 0.0000
vt 0.0331 0.0437 0.0000
vt 0.0020 0.0436 0.0000
vt 0.0643 0.0439 0.0000
vt 0.0954 0.0440 0.0000
vt 0.1265 0.0441 0.0000
vt 0.1576 0.0442 0.0000
vt 0.1888 0.0443 0.0000
vt 0.2199 0.0444 0.0000
vt 0.2510 0.0444 0.0000
vt 0.2821 0.0444 0.0000
vt 0.3133 0.0445 0.0000
vt 0.3444 0.0445 0.0000
vt 0.3755 0.0445 0.0000
vt 0.4066 0.0445 0.0000
vt 0.4378 0.0445 0.0000
vt 0.4689 0.0445 0.0000
vt 0.0331 0.0468 0.0000
vt 0.0020 0.0465 0.0000
vt 0.0643 0.0470 0.0000
vt 0.0954 0.0472 0.0000
vt 0.1265 0.0473 0.0000
vt 0.1576 0.0474 0.0000
vt 0.1888 0.0475 0.0000
vt 0.2199 0.0475 0.0000
vt 0.2510 0.0476 0.0000
vt 0.2821 0.0476 0.0000
vt 0.3133 0.0477 0.0000
vt 0.3444 0.0477 0.0000
vt 0.3755 0.0477 0.0000
vt 0.4066 0.0477 0.0000
vt 0.4378 0.0477 0.0000
vt 0.4689 0.0477 0.0000
vt 0.9669 0.2459 0.0000
vt 0.9980 0.2459 0.0000
vt 0.9357 0.2459 0.0000
vt 0.9046 0.2459 0.0000
vt 0.8735 0.2459 0.0000
vt 0.8424 0.2459 0.0000
vt 0.8112 0.2459 0.0000
vt 0.7801 0.2459 0.0000
vt 0.7490 0.2459 0.0000
vt 0.7179 0.2459 0.0000
vt 0.6868 0.2459 0.0000
vt 0.6556 0.2459 0.0000
vt 0.6245 0.2459 0.0000
vt 0.5934 0.2459 0.0000
vt 0.5623 0.2459 0.0000
vt 0.5311 0.2459 0.0000
vt 0.5000 0.2459 0.0000
vt 0.9669 0.2418 0.0000
vt 0.9980 0.2418 0.0000
vt 0.9357 0.2418 0.0000
vt 0.9046 0.2417 0.0000
vt 0.8735 0.2417 0.0000
vt 0.8424 0.2417 0.0000
vt 0.8112 0.2417 0.0000
vt 0.7801 0.2417 0.0000
vt 0.7490 0.2417 0.0000
vt 0.7179 0.2417 0.0000
vt 0.6868 0.2417 0.0000
vt 0.6556 0.2417 0.0000
vt 0.6245 0.2417 0.0000
vt 0.5934 0.2417 0.0000
vt 0.5623 0.2417 0.0000
vt 0.5311 0.2417 0.0000
vt 0.5000 0.2417 0.0000
vt 0.9669 0.2375 0.0000
vt 0.9980 0.2376 0.0000
vt 0.9357 0.2375 0.0000
vt 0.9046 0.2375 0.0000
vt 0.8735 0.2375 0.0000
vt 0.8424 0.2375 0.0000
vt 0.8112 0.2375 0.0000
vt 0.7801 0.2375 0.0000
vt 0.7490 0.2375 0.0000
vt 0.7179 0.2375 0.0000
vt 0.6868 0.2375 0.0000
vt 0.6556 0.2375 0.0000
vt 0.6245 0.2375 0.0000
vt 0.5934 0.2375 0.0000
vt 0.5623 0.2375 0.0000
vt 0.5311 0.2375 0.0000
vt 0.5000 0.2375 0.0000
vt 0.9669 0.2333 0.0000
vt 0.9980 0.2333 0.0000
vt 0.9357 0.2332 0.0000
vt 0.9046 0.2332 0.0000
vt 0.8735 0.2332 0.0000
vt 0.8424 0.2332 0.0000
vt 0.8112 0.2332 0.0000
vt 0.7801 0.2332 0.0000
vt 0.7490 0.2332 0.0000
vt 0.7179 0.2332 0.0000
vt 0.6868 0.2332 0.0000
vt 0.6556 0.2332 0.0000
vt 0.6245 0.2332 0.0000
vt 0.5934 0.2332 0.0000
vt 0.5623 0.2332 0.0000
vt 0.5311 0.2332 0.0000
vt 0.5000 0.2332 0.0000
vt 0.9669 0.2290 0.0000
vt 0.9980 0.2290 0.0000
vt 0.9357 0.2289 0.0000
vt 0.9046 0.2289 0.0000
vt 0.8735 0.2289 0.0000
vt 0.8424 0.2289 0.0000
vt 0.8112 0.2289 0.0000
vt 0.7801 0.2289 0.0000
vt 0.7490 0.2289 0.0000
vt 0.7179 0.2289 0.0000
vt 0.6868 0.2289 0.0000
vt 0.6556 0.2289 0.0000
vt 0.6245 0.2289 0.0000
vt 0.5934 0.2289 0.0000
vt 0.5623 0.2289 0.0000
vt 0.5311 0.2289 0.0000
vt 0.5000 0.2289 0.0000
vt 0.9669 0.2246 0.0000
vt 0.9980 0.2246 0.0000
vt 0.9357 0.2246 0.0000
vt 0.9046 0.2245 0.0000
vt 0.8735 0.2245 0.0000
vt 0.8424 0.2245 0.0000
vt 0.8113 0.2245 0.0000
vt 0.7801 0.2245 0.0000
vt 0.7490 0.2245 0.0000
vt 0.7179 0.2245 0.0000
vt 0.6868 0.2245 0.0000
vt 0.6556 0.2245 0.0000
vt 0.6245 0.2245 0.0000
vt 0.5934 0.2245 0.0000
vt 0.5623 0.2245 0.0000
vt 0.5311 0.2245 0.0000
vt 0.5000 0.2245 0.0000
vt 0.9669 0.2202 0.0000
vt 0.9980 0.2203 0.0000
vt 0.9357 0.2202 0.0000
vt 0.9046 0.2201 0.0000
vt 0.8735 0.2201 0.0000
vt 0.8424 0.2201 0.0000
vt 0.8113 0.2201 0.0000
vt 0.7801 0.2201 0.0000
vt 0.7490 0.2201 0.0000
vt 0.7179 0.2201 0.0000
vt 0.6868 0.2201 0.0000
vt 0.6556 0.2201 0.0000
vt 0.6245 0.2201 0.0000
vt 0.5934 0.2201 0.0000
vt 0.5623 0.2201 0.0000
vt 0.5311 0.2201 0.0000
vt 0.5000 0.2201 0.0000
vt 0.9669 0.2158 0.0000
vt 0.9980 0.2160 0.0000
vt 0.9357 0.2157 0.0000
vt 0.9046 0.2157 0.0000
vt 0.8735 0.2156 0.0000
vt 0.8424 0.2156 0.0000
vt 0.8113 0.2156 0.0000
vt 0.7801 0.2156 0.0000
vt 0.7490 0.2156 0.0000
vt 0.7179 0.2156 0.0000
vt 0.6868 0.2156 0.0000
vt 0.6556 0.2156 0.0000
vt 0.6245 0.2156 0.0000
vt 0.5934 0.2156 0.0000
vt 0.5623 0.2156 0.0000
vt 0.5311 0.2156 0.0000
vt 0.5000 0.2156 0.0000
vt 0.9669 0.2113 0.0000
vt 0.9980 0.2113 0.0000
vt 0.9357 0.2112 0.0000
vt 0.9046 0.2112 0.0000
vt 0.8735 0.2111 0.0000
vt 0.8424 0.2111 0.0000
vt 0.8113 0.2111 0.0000
vt 0.7801 0.2111 0.0000
vt 0.7490 0.2111 0.0000
vt 0.7179 0.2111 0.0000
vt 0.6868 0.2111 0.0000
vt 0.6556 0.2111 0.0000
vt 0.6245 0.2111 0.0000
vt 0.5934 0.2111 0.0000
vt 0.5623 0.2111 0.0000
vt 0.5311 0.2111 0.0000
vt 0.5000 0.2111 0.0000
vt 0.9669 0.2067 0.0000
vt 0.9980 0.2067 0.0000
vt 0.9357 0.2067 0.0000
vt 0.9046 0.2066 0.0000
vt 0.8735 0.2066 0.0000
vt 0.8424 0.2066 0.0000
vt 0.8113 0.2066 0.0000
vt 0.7801 0.2066 0.0000
vt 0.7490 0.2066 0.0000
vt 0.7179 0.2066 0.0000
vt 0.6868 0.2066 0.0000
vt 0.6556 0.2066 0.0000
vt 0.6245 0.2066 0.0000
vt 0.5934 0.2066 0.0000
vt 0.5623 0.2066 0.0000
vt 0.5311 0.2066 0.0000
vt 0.5000 0.2066 0.0000
vt 0.9669 0.2021 0.0000
vt 0.9980 0.2021 0.0000
vt 0.9357 0.2021 0.0000
vt 0.9046 0.2021 0.0000
vt 0.8735 0.2021 0.0000
vt 0.8424 0.2021 0.0000
vt 0.8113 0.2021 0.0000
vt 0.7801 0.2021 0.0000
vt 0.7490 0.2021 0.0000
vt 0.7179 0.2021 0.0000
vt 0.6868 0.2021 0.0000
vt 0.6556 0.2021 0.0000
vt 0.6245 0.2021 0.0000
vt 0.5934 0.2021 0.0000
vt 0.5623 0.2021 0.0000
vt 0.5311 0.2021 0.0000
vt 0.5000 0.2021 0.0000
vt 0.9669 0.1975 0.0000
vt 0.9980 0.1975 0.0000
vt 0.9357 0.1975 0.0000
vt 0.9046 0.1975 0.0000
vt 0.8735 0.1975 0.0000
vt 0.8424 0.1975 0.0000
vt 0.8113 0.1975 0.0000
vt 0.7801 0.1975 0.0000
vt 0.7490 0.1975 0.0000
vt 0.7179 0.1975 0.0000
vt 0.6868 0.1975 0.0000
vt 0.6556 0.1975 0.0000
vt 0.6245 0.1975 0.0000
vt 0.5934 0.1975 0.0000
vt 0.5623 0.1975 0.0000
vt 0.5311 0.1975 0.0000
vt 0.5000 0.1975 0.0000
vt 0.9669 0.1929 0.0000
vt 0.9980 0.1929 0.0000
vt 0.9357 0.1929 0.0000
vt 0.9046 0.1929 0.0000
vt 0.8735 0.1929 0.0000
vt 0.8424 0.1929 0.0000
vt 0.8113 0.1929 0.0000
vt 0.7801 0.1929 0.0000
vt 0.7490 0.1929 0.0000
vt 0.7179 0.1929 0.0000
vt 0.6868 0.1929 0.0000
vt 0.6556 0.1929 0.0000
vt 0.6245 0.1929 0.0000
vt 0.5934 0.1929 0.0000
vt 0.5623 0.1929 0.0000
vt 0.5311 0.1929 0.0000
vt 0.5000 0.1929 0.0000
vt 0.9669 0.1883 0.0000
vt 0.9980 0.1883 0.0000
vt 0.9357 0.1883 0.0000
vt 0.9046 0.1883 0.0000
vt 0.8735 0.1883 0.0000
vt 0.8424 0.1883 0.0000
vt 0.8113 0.1883 0.0000
vt 0.7801 0.1883 0.0000
vt 0.7490 0.1883 0.0000
vt 0.7179 0.1883 0.0000
vt 0.6868 0.1883 0.0000
vt 0.6556 0.1883 0.0000
vt 0.6245 0.1883 0.0000
vt 0.5934 0.1883 0.0000
vt 0.5623 0.1883 0.0000
vt 0.5311 0.1883 0.0000
vt 0.5000 0.1883 0.0000
vt 0.9669 0.1837 0.0000
vt 0.9980 0.1837 0.0000
vt 0.9357 0.1837 0.0000
vt 0.9046 0.1837 0.0000
vt 0.8735 0.1837 0.0000
vt 0.8424 0.1837 0.0000
vt 0.8113 0.1837 0.0000
vt 0.7801 0.1837 0.0000
vt 0.7490 0.1837 0.0000
vt 0.7179 0.1837 0.0000
vt 0.6868 0.1837 0.0000
vt 0.6556 0.1837 0.0000
vt 0.6245 0.1837 0.0000
vt 0.5934 0.1837 0.0000
vt 0.5623 0.1837 0.0000
vt 0.5311 0.1837 0.0000
vt 0.5000 0.1837 0.0000
vt 0.9669 0.1791 0.0000
vt 0.9980 0.1791 0.0000
vt 0.9357 0.1791 0.0000
vt 0.9046 0.1791 0.0000
vt 0.8735 0.1791 0.0000
vt 0.8424 0.1791 0.0000
vt 0.8113 0.1791 0.0000
vt 0.7801 0.1791 0.0000
vt 0.7490 0.1791 0.0000
vt 0.7179 0.1791 0.0000
vt 0.6868 0.1791 0.0000
vt 0.6556 0.1791 0.0000
vt 0.6245 0.1791 0.0000
vt 0.5934 0.1791 0.0000
vt 0.5623 0.1791 0.0000
vt 0.5311 0.1791 0.0000
vt 0.5000 0.1791 0.0000
vt 0.0020 0.2459 0.0000
vt 0.0331 0.2459 0.0000
vt 0.0020 0.2418 0.0000
vt 0.0331 0.2418 0.0000
vt 0.0020 0.2376 0.0000
vt 0.0331 0.2375 0.0000
vt 0.0020 0.2333 0.0000
vt 0.0331 0.2333 0.0000
vt 0.0020 0.2290 0.0000
vt 0.0331 0.2290 0.0000
vt 0.0020 0.2246 0.0000
vt 0.0331 0.2246 0.0000
vt 0.0020 0.2203 0.0000
vt 0.0331 0.2202 0.0000
vt 0.0020 0.2160 0.0000
vt 0.0331 0.2158 0.0000
vt 0.0020 0.2113 0.0000
vt 0.0331 0.2113 0.0000
vt 0.0020 0.2067 0.0000
vt 0.0331 0.2067 0.0000
vt 0.0020 0.2021 0.0000
vt 0.0331 0.2021 0.0000
vt 0.0020 0.1975 0.0000
vt 0.0331 0.1975 0.0000
vt 0.0020 0.1929 0.0000
vt 0.0331 0.1929 0.0000
vt 0.0020 0.1883 0.0000
vt 0.0331 0.1883 0.0000
vt 0.0020 0.1837 0.0000
vt 0.0331 0.1837 0.0000
vt 0.0020 0.1791 0.0000
vt 0.0331 0.1791 0.0000
vt 0.0643 0.2459 0.0000
vt 0.0643 0.2417 0.0000
vt 0.0643 0.2375 0.0000
vt 0.0643 0.2332 0.0000
vt 0.0643 0.2289 0.0000
vt 0.0643 0.2246 0.0000
vt 0.0643 0.2202 0.0000
vt 0.0643 0.2157 0.0000
vt 0.0643 0.2112 0.0000
vt 0.0643 0.2067 0.0000
vt 0.0643 0.2021 0.0000
vt 0.0643 0.1975 0.0000
vt 0.0643 0.1929 0.0000
vt 0.0643 0.1883 0.0000
vt 0.0643 0.1837 0.0000
vt 0.0643 0.1791 0.0000
vt 0.0954 0.2459 0.0000
vt 0.0954 0.2417 0.0000
vt 0.0954 0.2375 0.0000
vt 0.0954 0.2332 0.0000
vt 0.0954 0.2289 0.0000
vt 0.0954 0.2245 0.0000
vt 0.0954 0.2201 0.0000
vt 0.0954 0.2157 0.0000
vt 0.0954 0.2112 0.0000
vt 0.0954 0.2066 0.0000
vt 0.0954 0.2021 0.0000
vt 0.0954 0.1975 0.0000
vt 0.0954 0.1929 0.0000
vt 0.0954 0.1883 0.0000
vt 0.0954 0.1837 0.0000
vt 0.0954 0.1791 0.0000
vt 0.1265 0.2459 0.0000
vt 0.1265 0.2417 0.0000
vt 0.1265 0.2375 0.0000
vt 0.1265 0.2332 0.0000
vt 0.1265 0.2289 0.0000
vt 0.1265 0.2245 0.0000
vt 0.1265 0.2201 0.0000
vt 0.1265 0.2156 0.0000
vt 0.1265 0.2111 0.0000
vt 0.1265 0.2066 0.0000
vt 0.1265 0.2021 0.0000
vt 0.1265 0.1975 0.0000
vt 0.1265 0.1929 0.0000
vt 0.1265 0.1883 0.0000
vt 0.1265 0.1837 0.0000
vt 0.1265 0.1791 0.0000
vt 0.1576 0.2459 0.0000
vt 0.1576 0.2417 0.0000
vt 0.1576 0.2375 0.0000
vt 0.1576 0.2332 0.0000
vt 0.1576 0.2289 0.0000
vt 0.1576 0.2245 0.0000
vt 0.1576 0.2201 0.0000
vt 0.1576 0.2156 0.0000
vt 0.1576 0.2111 0.0000
vt 0.1576 0.2066 0.0000
vt 0.1576 0.2021 0.0000
vt 0.1576 0.1975 0.0000
vt 0.1576 0.1929 0.0000
vt 0.1576 0.1883 0.0000
vt 0.1576 0.1837 0.0000
vt 0.1576 0.1791 0.0000
vt 0.1888 0.2459 0.0000
vt 0.1888 0.2417 0.0000
vt 0.1888 0.2375 0.0000
vt 0.1888 0.2332 0.0000
vt 0.1888 0.2289 0.0000
vt 0.1888 0.2245 0.0000
vt 0.1888 0.2201 0.0000
vt 0.1888 0.2156 0.0000
vt 0.1888 0.2111 0.0000
vt 0.1888 0.2066 0.0000
vt 0.1888 0.2021 0.0000
vt 0.1888 0.1975 0.0000
vt 0.1888 0.1929 0.0000
vt 0.1888 0.1883 0.0000
vt 0.1888 0.1837 0.0000
vt 0.1888 0.1791 0.0000
vt 0.2199 0.2459 0.0000
vt 0.2199 0.2417 0.0000
vt 0.2199 0.2375 0.0000
vt 0.2199 0.2332 0.0000
vt 0.2199 0.2289 0.0000
vt 0.2199 0.2245 0.0000
vt 0.2199 0.2201 0.0000
vt 0.2199 0.2156 0.0000
vt 0.2199 0.2111 0.0000
vt 0.2199 0.2066 0.0000
vt 0.2199 0.2021 0.0000
vt 0.2199 0.1975 0.0000
vt 0.2199 0.1929 0.0000
vt 0.2199 0.1883 0.0000
vt 0.2199 0.1837 0.0000
vt 0.2199 0.1791 0.0000
vt 0.2510 0.2459 0.0000
vt 0.2510 0.2417 0.0000
vt 0.2510 0.2375 0.0000
vt 0.2510 0.2332 0.0000
vt 0.2510 0.2289 0.0000
vt 0.2510 0.2245 0.0000
vt 0.2510 0.2201 0.0000
vt 0.2510 0.2156 0.0000
vt 0.2510 0.2111 0.0000
vt 0.2510 0.2066 0.0000
vt 0.2510 0.2021 0.0000
vt 0.2510 0.1975 0.0000
vt 0.2510 0.1929 0.0000
vt 0.2510 0.1883 0.0000
vt 0.2510 0.1837 0.0000
vt 0.2510 0.1791 0.0000
vt 0.2821 0.2459 0.0000
vt 0.2821 0.2417 0.0000
vt 0.2821 0.2375 0.0000
vt 0.2821 0.2332 0.0000
vt 0.2821 0.2289 0.0000
vt 0.2821 0.2245 0.0000
vt 0.2821 0.2201 0.0000
vt 0.2821 0.2156 0.0000
vt 0.2821 0.2111 0.0000
vt 0.2821 0.2066 0.0000
vt 0.2821 0.2021 0.0000
vt 0.2821 0.1975 0.0000
vt 0.2821 0.1929 0.0000
vt 0.2821 0.1883 0.0000
vt 0.2821 0.1837 0.0000
vt 0.2821 0.1791 0.0000
vt 0.3133 0.2459 0.0000
vt 0.3133 0.2417 0.0000
vt 0.3133 0.2375 0.0000
vt 0.3133 0.2332 0.0000
vt 0.3133 0.2289 0.0000
vt 0.3133 0.2245 0.0000
vt 0.3133 0.2201 0.0000
vt 0.3133 0.2156 0.0000
vt 0.3133 0.2111 0.0000
vt 0.3133 0.2066 0.0000
vt 0.3133 0.2021 0.0000
vt 0.3133 0.1975 0.0000
vt 0.3133 0.1929 0.0000
vt 0.3133 0.1883 0.0000
vt 0.3133 0.1837 0.0000
vt 0.3133 0.1791 0.0000
vt 0.3444 0.2459 0.0000
vt 0.3444 0.2417 0.0000
vt 0.3444 0.2375 0.0000
vt 0.3444 0.2332 0.0000
vt 0.3444 0.2289 0.0000
vt 0.3444 0.2245 0.0000
vt 0.3444 0.2201 0.0000
vt 0.3444 0.2156 0.0000
vt 0.3444 0.2111 0.0000
vt 0.3444 0.2066 0.0000
vt 0.3444 0.2021 0.0000
vt 0.3444 0.1975 0.0000
vt 0.3444 0.1929 0.0000
vt 0.3444 0.1883 0.0000
vt 0.3444 0.1837 0.0000
vt 0.3444 0.1791 0.0000
vt 0.3755 0.2459 0.0000
vt 0.3755 0.2417 0.0000
vt 0.3755 0.2375 0.0000
vt 0.3755 0.2332 0.0000
vt 0.3755 0.2289 0.0000
vt 0.3755 0.2245 0.0000
vt 0.3755 0.2201 0.0000
vt 0.3755 0.2156 0.0000
vt 0.3755 0.2111 0.0000
vt 0.3755 0.2066 0.0000
vt 0.3755 0.2021 0.0000
vt 0.3755 0.1975 0.0000
vt 0.3755 0.1929 0.0000
vt 0.3755 0.1883 0.0000
vt 0.3755 0.1837 0.0000
vt 0.3755 0.1791 0.0000
vt 0.4066 0.2459 0.0000
vt 0.4066 0.2417 0.0000
vt 0.4066 0.2375 0.0000
vt 0.4066 0.2332 0.0000
vt 0.4066 0.2289 0.0000
vt 0.4066 0.2245 0.0000
vt 0.4066 0.2201 0.0000
vt 0.4066 0.2156 0.0000
vt 0.4066 0.2111 0.0000
vt 0.4066 0.2066 0.0000
vt 0.4066 0.2021 0.0000
vt 0.4066 0.1975 0.0000
vt 0.4066 0.1929 0.0000
vt 0.4066 0.1883 0.0000
vt 0.4066 0.1837 0.0000
vt 0.4066 0.1791 0.0000
vt 0.4378 0.2459 0.0000
vt 0.4378 0.2417 0.0000
vt 0.4378 0.2375 0.0000
vt 0.4378 0.2332 0.0000
vt 0.4378 0.2289 0.0000
vt 0.4378 0.2245 0.0000
vt 0.4378 0.2201 0.0000
vt 0.4378 0.2156 0.0000
vt 0.4378 0.2111 0.0000
vt 0.4378 0.2066 0.0000
vt 0.4378 0.2021 0.0000
vt 0.4378 0.1975 0.0000
vt 0.4378 0.1929 0.0000
vt 0.4378 0.1883 0.0000
vt 0.4378 0.1837 0.0000
vt 0.4378 0.1791 0.0000
vt 0.4689 0.2459 0.0000
vt 0.4689 0.2417 0.0000
vt 0.4689 0.2375 0.0000
vt 0.4689 0.2332 0.0000
vt 0.4689 0.2289 0.0000
vt 0.4689 0.2245 0.0000
vt 0.4689 0.2201 0.0000
vt 0.4689 0.2156 0.0000
vt 0.4689 0.2111 0.0000
vt 0.4689 0.2066 0.0000
vt 0.4689 0.2021 0.0000
vt 0.4689 0.1975 0.0000
vt 0.4689 0.1929 0.0000
vt 0.4689 0.1883 0.0000
vt 0.4689 0.1837 0.0000
vt 0.4689 0.1791 0.0000
vt 0.0331 0.1126 0.0000
vt 0.0020 0.1126 0.0000
vt 0.0643 0.1126 0.0000
vt 0.0954 0.1126 0.0000
vt 0.1265 0.1126 0.0000
vt 0.1576 0.1126 0.0000
vt 0.1888 0.1126 0.0000
vt 0.2199 0.1126 0.0000
vt 0.2510 0.1126 0.0000
vt 0.2821 0.1126 0.0000
vt 0.3133 0.1126 0.0000
vt 0.3444 0.1126 0.0000
vt 0.3755 0.1126 0.0000
vt 0.4066 0.1126 0.0000
vt 0.4378 0.1126 0.0000
vt 0.4689 0.1126 0.0000
vt 0.5000 0.1126 0.0000
vt 0.0331 0.1167 0.0000
vt 0.0020 0.1167 0.0000
vt 0.0643 0.1167 0.0000
vt 0.0954 0.1167 0.0000
vt 0.1265 0.1167 0.0000
vt 0.1576 0.1167 0.0000
vt 0.1888 0.1167 0.0000
vt 0.2199 0.1167 0.0000
vt 0.2510 0.1167 0.0000
vt 0.2821 0.1167 0.0000
vt 0.3133 0.1167 0.0000
vt 0.3444 0.1167 0.0000
vt 0.3755 0.1167 0.0000
vt 0.4066 0.1167 0.0000
vt 0.4378 0.1167 0.0000
vt 0.4689 0.1167 0.0000
vt 0.5000 0.1167 0.0000
vt 0.0331 0.1209 0.0000
vt 0.0020 0.1209 0.0000
vt 0.0643 0.1209 0.0000
vt 0.0954 0.1209 0.0000
vt 0.1265 0.1209 0.0000
vt 0.1576 0.1209 0.0000
vt 0.1888 0.1210 0.0000
vt 0.2199 0.1210 0.0000
vt 0.2510 0.1210 0.0000
vt 0.2821 0.1210 0.0000
vt 0.3133 0.1210 0.0000
vt 0.3444 0.1210 0.0000
vt 0.3755 0.1210 0.0000
vt 0.4066 0.1210 0.0000
vt 0.4378 0.1210 0.0000
vt 0.4689 0.1210 0.0000
vt 0.5000 0.1210 0.0000
vt 0.0331 0.1252 0.0000
vt 0.0020 0.1251 0.0000
vt 0.0643 0.1252 0.0000
vt 0.0954 0.1252 0.0000
vt 0.1265 0.1252 0.0000
vt 0.1576 0.1252 0.0000
vt 0.1888 0.1252 0.0000
vt 0.2199 0.1252 0.0000
vt 0.2510 0.1252 0.0000
vt 0.2821 0.1252 0.0000
vt 0.3133 0.1252 0.0000
vt 0.3444 0.1252 0.0000
vt 0.3755 0.1252 0.0000
vt 0.4066 0.1252 0.0000
vt 0.4378 0.1252 0.0000
vt 0.4689 0.1252 0.0000
vt 0.5000 0.1252 0.0000
vt 0.0331 0.1294 0.0000
vt 0.0020 0.1294 0.0000
vt 0.0643 0.1295 0.0000
vt 0.0954 0.1295 0.0000
vt 0.1265 0.1295 0.0000
vt 0.1576 0.1295 0.0000
vt 0.1888 0.1295 0.0000
vt 0.2199 0.1295 0.0000
vt 0.2510 0.1295 0.0000
vt 0.2821 0.1295 0.0000
vt 0.3133 0.1295 0.0000
vt 0.3444 0.1295 0.0000
vt 0.3755 0.1295 0.0000
vt 0.4066 0.1295 0.0000
vt 0.4378 0.1295 0.0000
vt 0.4689 0.1295 0.0000
vt 0.5000 0.1295 0.0000
vt 0.0331 0.1338 0.0000
vt 0.0020 0.1337 0.0000
vt 0.0643 0.1338 0.0000
vt 0.0954 0.1338 0.0000
vt 0.1265 0.1339 0.0000
vt 0.1576 0.1339 0.0000
vt 0.1888 0.1339 0.0000
vt 0.2199 0.1339 0.0000
vt 0.2510 0.1339 0.0000
vt 0.2821 0.1339 0.0000
vt 0.3133 0.1339 0.0000
vt 0.3444 0.1339 0.0000
vt 0.3755 0.1339 0.0000
vt 0.4066 0.1339 0.0000
vt 0.4378 0.1339 0.0000
vt 0.4689 0.1339 0.0000
vt 0.5000 0.1339 0.0000
vt 0.0331 0.1381 0.0000
vt 0.0020 0.1380 0.0000
vt 0.0643 0.1382 0.0000
vt 0.0954 0.1382 0.0000
vt 0.1265 0.1383 0.0000
vt 0.1576 0.1383 0.0000
vt 0.1888 0.1383 0.0000
vt 0.2199 0.1383 0.0000
vt 0.2510 0.1383 0.0000
vt 0.2821 0.1383 0.0000
vt 0.3133 0.1383 0.0000
vt 0.3444 0.1383 0.0000
vt 0.3755 0.1383 0.0000
vt 0.4066 0.1383 0.0000
vt 0.4378 0.1383 0.0000
vt 0.4689 0.1383 0.0000
vt 0.5000 0.1383 0.0000
vt 0.0331 0.1425 0.0000
vt 0.0020 0.1424 0.0000
vt 0.0643 0.1426 0.0000
vt 0.0954 0.1427 0.0000
vt 0.1265 0.1427 0.0000
vt 0.1576 0.1427 0.0000
vt 0.1888 0.1427 0.0000
vt 0.2199 0.1427 0.0000
vt 0.2510 0.1427 0.0000
vt 0.2821 0.1427 0.0000
vt 0.3133 0.1427 0.0000
vt 0.3444 0.1427 0.0000
vt 0.3755 0.1427 0.0000
vt 0.4066 0.1427 0.0000
vt 0.4378 0.1427 0.0000
vt 0.4689 0.1427 0.0000
vt 0.5000 0.1427 0.0000
vt 0.0331 0.1470 0.0000
vt 0.0020 0.1470 0.0000
vt 0.0643 0.1471 0.0000
vt 0.0954 0.1471 0.0000
vt 0.1265 0.1472 0.0000
vt 0.1576 0.1472 0.0000
vt 0.1888 0.1472 0.0000
vt 0.2199 0.1472 0.0000
vt 0.2510 0.1472 0.0000
vt 0.2821 0.1472 0.0000
vt 0.3133 0.1472 0.0000
vt 0.3444 0.1472 0.0000
vt 0.3755 0.1472 0.0000
vt 0.4066 0.1472 0.0000
vt 0.4378 0.1472 0.0000
vt 0.4689 0.1472 0.0000
vt 0.5000 0.1472 0.0000
vt 0.0331 0.1516 0.0000
vt 0.0020 0.1515 0.0000
vt 0.0643 0.1516 0.0000
vt 0.0954 0.1517 0.0000
vt 0.1265 0.1517 0.0000
vt 0.1576 0.1517 0.0000
vt 0.1888 0.1517 0.0000
vt 0.2199 0.1517 0.0000
vt 0.2510 0.1517 0.0000
vt 0.2821 0.1517 0.0000
vt 0.3133 0.1517 0.0000
vt 0.3444 0.1517 0.0000
vt 0.3755 0.1517 0.0000
vt 0.4066 0.1517 0.0000
vt 0.4378 0.1517 0.0000
vt 0.4689 0.1517 0.0000
vt 0.5000 0.1517 0.0000
vt 0.0331 0.1562 0.0000
vt 0.0020 0.1561 0.0000
vt 0.0643 0.1562 0.0000
vt 0.0954 0.1562 0.0000
vt 0.1265 0.1562 0.0000
vt 0.1576 0.1562 0.0000
vt 0.1888 0.1562 0.0000
vt 0.2199 0.1562 0.0000
vt 0.2510 0.1562 0.0000
vt 0.2821 0.1562 0.0000
vt 0.3133 0.1562 0.0000
vt 0.3444 0.1562 0.0000
vt 0.3755 0.1562 0.0000
vt 0.4066 0.1562 0.0000
vt 0.4378 0.1562 0.0000
vt 0.4689 0.1562 0.0000
vt 0.5000 0.1562 0.0000
vt 0.0331 0.1607 0.0000
vt 0.0020 0.1607 0.0000
vt 0.0643 0.1608 0.0000
vt 0.0954 0.1608 0.0000
vt 0.1265 0.1608 0.0000
vt 0.1576 0.1608 0.0000
vt 0.1888 0.1608 0.0000
vt 0.2199 0.1608 0.0000
vt 0.2510 0.1608 0.0000
vt 0.2821 0.1608 0.0000
vt 0.3133 0.1608 0.0000
vt 0.3444 0.1608 0.0000
vt 0.3755 0.1608 0.0000
vt 0.4066 0.1608 0.0000
vt 0.4378 0.1608 0.0000
vt 0.4689 0.1608 0.0000
vt 0.5000 0.1608 0.0000
vt 0.0331 0.1653 0.0000
vt 0.0020 0.1653 0.0000
vt 0.0643 0.1653 0.0000
vt 0.0954 0.1653 0.0000
vt 0.1265 0.1653 0.0000
vt 0.1576 0.1653 0.0000
vt 0.1888 0.1654 0.0000
vt 0.2199 0.1654 0.0000
vt 0.2510 0.1654 0.0000
vt 0.2821 0.1654 0.0000
vt 0.3133 0.1654 0.0000
vt 0.3444 0.1654 0.0000
vt 0.3755 0.1654 0.0000
vt 0.4066 0.1654 0.0000
vt 0.4378 0.1654 0.0000
vt 0.4689 0.1654 0.0000
vt 0.5000 0.1654 0.0000
vt 0.0331 0.1699 0.0000
vt 0.0020 0.1699 0.0000
vt 0.0643 0.1699 0.0000
vt 0.0954 0.1699 0.0000
vt 0.1265 0.1699 0.0000
vt 0.1576 0.1699 0.0000
vt 0.1888 0.1699 0.0000
vt 0.2199 0.1699 0.0000
vt 0.2510 0.1699 0.0000
vt 0.2821 0.1699 0.0000
vt 0.3133 0.1699 0.0000
vt 0.3444 0.1699 0.0000
vt 0.3755 0.1699 0.0000
vt 0.4066 0.1699 0.0000
vt 0.4378 0.1699 0.0000
vt 0.4689 0.1699 0.0000
vt 0.5000 0.1699 0.0000
vt 0.0331 0.1745 0.0000
vt 0.0020 0.1745 0.0000
vt 0.0643 0.1745 0.0000
vt 0.0954 0.1745 0.0000
vt 0.1265 0.1745 0.0000
vt 0.1576 0.1745 0.0000
vt 0.1888 0.1745 0.0000
vt 0.2199 0.1745 0.0000
vt 0.2510 0.1745 0.0000
vt 0.2821 0.1745 0.0000
vt 0.3133 0.1745 0.0000
vt 0.3444 0.1745 0.0000
vt 0.3755 0.1745 0.0000
vt 0.4066 0.1745 0.0000
vt 0.4378 0.1745 0.0000
vt 0.4689 0.1745 0.0000
vt 0.5000 0.1745 0.0000
vt 0.9980 0.1126 0.0000
vt 0.9669 0.1126 0.0000
vt 0.9980 0.1167 0.0000
vt 0.9669 0.1167 0.0000
vt 0.9980 0.1209 0.0000
vt 0.9669 0.1209 0.0000
vt 0.9980 0.1251 0.0000
vt 0.9669 0.1252 0.0000
vt 0.9980 0.1294 0.0000
vt 0.9669 0.1294 0.0000
vt 0.9980 0.1337 0.0000
vt 0.9669 0.1338 0.0000
vt 0.9980 0.1380 0.0000
vt 0.9669 0.1381 0.0000
vt 0.9980 0.1424 0.0000
vt 0.9669 0.1425 0.0000
vt 0.9980 0.1470 0.0000
vt 0.9669 0.1470 0.0000
vt 0.9980 0.1515 0.0000
vt 0.9669 0.1516 0.0000
vt 0.9980 0.1561 0.0000
vt 0.9669 0.1562 0.0000
vt 0.9980 0.1607 0.0000
vt 0.9669 0.1607 0.0000
vt 0.9980 0.1653 0.0000
vt 0.9669 0.1653 0.0000
vt 0.9980 0.1699 0.0000
vt 0.9669 0.1699 0.0000
vt 0.9980 0.1745 0.0000
vt 0.9669 0.1745 0.0000
vt 0.9358 0.1126 0.0000
vt 0.9358 0.1167 0.0000
vt 0.9357 0.1209 0.0000
vt 0.9357 0.1252 0.0000
vt 0.9357 0.1295 0.0000
vt 0.9357 0.1338 0.0000
vt 0.9357 0.1382 0.0000
vt 0.9357 0.1426 0.0000
vt 0.9357 0.1471 0.0000
vt 0.9357 0.1516 0.0000
vt 0.9357 0.1562 0.0000
vt 0.9357 0.1608 0.0000
vt 0.9357 0.1653 0.0000
vt 0.9357 0.1699 0.0000
vt 0.9357 0.1745 0.0000
vt 0.9046 0.1126 0.0000
vt 0.9046 0.1167 0.0000
vt 0.9046 0.1209 0.0000
vt 0.9046 0.1252 0.0000
vt 0.9046 0.1295 0.0000
vt 0.9046 0.1338 0.0000
vt 0.9046 0.1382 0.0000
vt 0.9046 0.1427 0.0000
vt 0.9046 0.1471 0.0000
vt 0.9046 0.1517 0.0000
vt 0.9046 0.1562 0.0000
vt 0.9046 0.1608 0.0000
vt 0.9046 0.1653 0.0000
vt 0.9046 0.1699 0.0000
vt 0.9046 0.1745 0.0000
vt 0.8735 0.1126 0.0000
vt 0.8735 0.1167 0.0000
vt 0.8735 0.1209 0.0000
vt 0.8735 0.1252 0.0000
vt 0.8735 0.1295 0.0000
vt 0.8735 0.1339 0.0000
vt 0.8735 0.1383 0.0000
vt 0.8735 0.1427 0.0000
vt 0.8735 0.1472 0.0000
vt 0.8735 0.1517 0.0000
vt 0.8735 0.1562 0.0000
vt 0.8735 0.1608 0.0000
vt 0.8735 0.1653 0.0000
vt 0.8735 0.1699 0.0000
vt 0.8735 0.1745 0.0000
vt 0.8424 0.1126 0.0000
vt 0.8424 0.1167 0.0000
vt 0.8424 0.1210 0.0000
vt 0.8424 0.1252 0.0000
vt 0.8424 0.1295 0.0000
vt 0.8424 0.1339 0.0000
vt 0.8424 0.1383 0.0000
vt 0.8424 0.1427 0.0000
vt 0.8424 0.1472 0.0000
vt 0.8424 0.1517 0.0000
vt 0.8424 0.1562 0.0000
vt 0.8424 0.1608 0.0000
vt 0.8424 0.1653 0.0000
vt 0.8424 0.1699 0.0000
vt 0.8424 0.1745 0.0000
vt 0.8113 0.1126 0.0000
vt 0.8113 0.1167 0.0000
vt 0.8113 0.1210 0.0000
vt 0.8113 0.1252 0.0000
vt 0.8113 0.1295 0.0000
vt 0.8113 0.1339 0.0000
vt 0.8113 0.1383 0.0000
vt 0.8113 0.1427 0.0000
vt 0.8113 0.1472 0.0000
vt 0.8113 0.1517 0.0000
vt 0.8113 0.1562 0.0000
vt 0.8113 0.1608 0.0000
vt 0.8113 0.1654 0.0000
vt 0.8113 0.1699 0.0000
vt 0.8113 0.1745 0.0000
vt 0.7801 0.1126 0.0000
vt 0.7801 0.1167 0.0000
vt 0.7801 0.1210 0.0000
vt 0.7801 0.1252 0.0000
vt 0.7801 0.1295 0.0000
vt 0.7801 0.1339 0.0000
vt 0.7801 0.1383 0.0000
vt 0.7801 0.1427 0.0000
vt 0.7801 0.1472 0.0000
vt 0.7801 0.1517 0.0000
vt 0.7801 0.1562 0.0000
vt 0.7801 0.1608 0.0000
vt 0.7801 0.1654 0.0000
vt 0.7801 0.1699 0.0000
vt 0.7801 0.1745 0.0000
vt 0.7490 0.1126 0.0000
vt 0.7490 0.1167 0.0000
vt 0.7490 0.1210 0.0000
vt 0.7490 0.1252 0.0000
vt 0.7490 0.1295 0.0000
vt 0.7490 0.1339 0.0000
vt 0.7490 0.1383 0.0000
vt 0.7490 0.1427 0.0000
vt 0.7490 0.1472 0.0000
vt 0.7490 0.1517 0.0000
vt 0.7490 0.1562 0.0000
vt 0.7490 0.1608 0.0000
vt 0.7490 0.1654 0.0000
vt 0.7490 0.1699 0.0000
vt 0.7490 0.1745 0.0000
vt 0.7179 0.1126 0.0000
vt 0.7179 0.1167 0.0000
vt 0.7179 0.1210 0.0000
vt 0.7179 0.1252 0.0000
vt 0.7179 0.1295 0.0000
vt 0.7179 0.1339 0.0000
vt 0.7179 0.1383 0.0000
vt 0.7179 0.1427 0.0000
vt 0.7179 0.1472 0.0000
vt 0.7179 0.1517 0.0000
vt 0.7179 0.1562 0.0000
vt 0.7179 0.1608 0.0000
vt 0.7179 0.1654 0.0000
vt 0.7179 0.1699 0.0000
vt 0.7179 0.1745 0.0000
vt 0.6868 0.1126 0.0000
vt 0.6868 0.1167 0.0000
vt 0.6868 0.1210 0.0000
vt 0.6868 0.1252 0.0000
vt 0.6868 0.1295 0.0000
vt 0.6868 0.1339 0.0000
vt 0.6868 0.1383 0.0000
vt 0.6868 0.1427 0.0000
vt 0.6868 0.1472 0.0000
vt 0.6868 0.1517 0.0000
vt 0.6868 0.1562 0.0000
vt 0.6868 0.1608 0.0000
vt 0.6868 0.1654 0.0000
vt 0.6868 0.1699 0.0000
vt 0.6868 0.1745 0.0000
vt 0.6556 0.1126 0.0000
vt 0.6556 0.1167 0.0000
vt 0.6556 0.1210 0.0000
vt 0.6556 0.1252 0.0000
vt 0.6556 0.1295 0.0000
vt 0.6556 0.1339 0.0000
vt 0.6556 0.1383 0.0000
vt 0.6556 0.1427 0.0000
vt 0.6556 0.1472 0.0000
vt 0.6556 0.1517 0.0000
vt 0.6556 0.1562 0.0000
vt 0.6556 0.1608 0.0000
vt 0.6556 0.1654 0.0000
vt 0.6556 0.1699 0.0000
vt 0.6556 0.1745 0.0000
vt 0.6245 0.1126 0.0000
vt 0.6245 0.1167 0.0000
vt 0.6245 0.1210 0.0000
vt 0.6245 0.1252 0.0000
vt 0.6245 0.1295 0.0000
vt 0.6245 0.1339 0.0000
vt 0.6245 0.1383 0.0000
vt 0.6245 0.1427 0.0000
vt 0.6245 0.1472 0.0000
vt 0.6245 0.1517 0.0000
vt 0.6245 0.1562 0.0000
vt 0.6245 0.1608 0.0000
vt 0.6245 0.1654 0.0000
vt 0.6245 0.1699 0.0000
vt 0.6245 0.1745 0.0000
vt 0.5934 0.1126 0.0000
vt 0.5934 0.1167 0.0000
vt 0.5934 0.1210 0.0000
vt 0.5934 0.1252 0.0000
vt 0.5934 0.1295 0.0000
vt 0.5934 0.1339 0.0000
vt 0.5934 0.1383 0.0000
vt 0.5934 0.1427 0.0000
vt 0.5934 0.1472 0.0000
vt 0.5934 0.1517 0.0000
vt 0.5934 0.1562 0.0000
vt 0.5934 0.1608 0.0000
vt 0.5934 0.1654 0.0000
vt 0.5934 0.1699 0.0000
vt 0.5934 0.1745 0.0000
vt 0.5623 0.1126 0.0000
vt 0.5623 0.1167 0.0000
vt 0.5623 0.1210 0.0000
vt 0.5623 0.1252 0.0000
vt 0.5623 0.1295 0.0000
vt 0.5623 0.1339 0.0000
vt 0.5623 0.1383 0.0000
vt 0.5623 0.1427 0.0000
vt 0.5623 0.1472 0.0000
vt 0.5623 0.1517 0.0000
vt 0.5623 0.1562 0.0000
vt 0.5623 0.1608 0.0000
vt 0.5623 0.1654 0.0000
vt 0.5623 0.1699 0.0000
vt 0.5623 0.1745 0.0000
vt 0.5311 0.1126 0.0000
vt 0.5311 0.1167 0.0000
vt 0.5311 0.1210 0.0000
vt 0.5311 0.1252 0.0000
vt 0.5311 0.1295 0.0000
vt 0.5311 0.1339 0.0000
vt 0.5311 0.1383 0.0000
vt 0.5311 0.1427 0.0000
vt 0.5311 0.1472 0.0000
vt 0.5311 0.1517 0.0000
vt 0.5311 0.1562 0.0000
vt 0.5311 0.1608 0.0000
vt 0.5311 0.1654 0.0000
vt 0.5311 0.1699 0.0000
vt 0.5311 0.1745 0.0000
vt 0.0331 0.5780 0.0000
vt 0.0331 0.5816 0.0000
vt 0.0020 0.5816 0.0000
vt 0.0020 0.5780 0.0000
vt 0.0331 0.5744 0.0000
vt 0.0020 0.5744 0.0000
vt 0.0331 0.5708 0.0000
vt 0.0020 0.5708 0.0000
vt 0.0331 0.5673 0.0000
vt 0.0020 0.5673 0.0000
vt 0.0331 0.5637 0.0000
vt 0.0020 0.5637 0.0000
vt 0.0331 0.5601 0.0000
vt 0.0020 0.5601 0.0000
vt 0.0331 0.5565 0.0000
vt 0.0020 0.5565 0.0000
vt 0.0331 0.5529 0.0000
vt 0.0020 0.5529 0.0000
vt 0.0331 0.5493 0.0000
vt 0.0020 0.5493 0.0000
vt 0.0331 0.5457 0.0000
vt 0.0020 0.5457 0.0000
vt 0.0331 0.5421 0.0000
vt 0.0020 0.5421 0.0000
vt 0.0331 0.5385 0.0000
vt 0.0020 0.5385 0.0000
vt 0.0331 0.5349 0.0000
vt 0.0020 0.5349 0.0000
vt 0.0331 0.5313 0.0000
vt 0.0020 0.5313 0.0000
vt 0.0331 0.5277 0.0000
vt 0.0020 0.5277 0.0000
vt 0.0331 0.5242 0.0000
vt 0.0020 0.5241 0.0000
vt 0.0642 0.5780 0.0000
vt 0.0642 0.5816 0.0000
vt 0.0642 0.5744 0.0000
vt 0.0642 0.5708 0.0000
vt 0.0642 0.5673 0.0000
vt 0.0642 0.5637 0.0000
vt 0.0642 0.5601 0.0000
vt 0.0642 0.5565 0.0000
vt 0.0642 0.5529 0.0000
vt 0.0642 0.5493 0.0000
vt 0.0643 0.5457 0.0000
vt 0.0643 0.5421 0.0000
vt 0.0643 0.5385 0.0000
vt 0.0643 0.5349 0.0000
vt 0.0643 0.5313 0.0000
vt 0.0643 0.5278 0.0000
vt 0.0643 0.5242 0.0000
vt 0.0954 0.5780 0.0000
vt 0.0954 0.5816 0.0000
vt 0.0954 0.5744 0.0000
vt 0.0954 0.5708 0.0000
vt 0.0954 0.5673 0.0000
vt 0.0954 0.5637 0.0000
vt 0.0954 0.5601 0.0000
vt 0.0954 0.5565 0.0000
vt 0.0954 0.5529 0.0000
vt 0.0954 0.5493 0.0000
vt 0.0954 0.5457 0.0000
vt 0.0954 0.5421 0.0000
vt 0.0954 0.5385 0.0000
vt 0.0954 0.5349 0.0000
vt 0.0954 0.5313 0.0000
vt 0.0954 0.5278 0.0000
vt 0.0954 0.5242 0.0000
vt 0.1265 0.5780 0.0000
vt 0.1265 0.5816 0.0000
vt 0.1265 0.5744 0.0000
vt 0.1265 0.5708 0.0000
vt 0.1265 0.5673 0.0000
vt 0.1265 0.5637 0.0000
vt 0.1265 0.5601 0.0000
vt 0.1265 0.5565 0.0000
vt 0.1265 0.5529 0.0000
vt 0.1265 0.5493 0.0000
vt 0.1265 0.5457 0.0000
vt 0.1265 0.5421 0.0000
vt 0.1265 0.5385 0.0000
vt 0.1265 0.5349 0.0000
vt 0.1265 0.5314 0.0000
vt 0.1265 0.5278 0.0000
vt 0.1265 0.5242 0.0000
vt 0.1576 0.5780 0.0000
vt 0.1576 0.5816 0.0000
vt 0.1576 0.5744 0.0000
vt 0.1576 0.5708 0.0000
vt 0.1576 0.5673 0.0000
vt 0.1576 0.5637 0.0000
vt 0.1576 0.5601 0.0000
vt 0.1576 0.5565 0.0000
vt 0.1576 0.5529 0.0000
vt 0.1576 0.5493 0.0000
vt 0.1576 0.5457 0.0000
vt 0.1576 0.5421 0.0000
vt 0.1576 0.5385 0.0000
vt 0.1576 0.5349 0.0000
vt 0.1576 0.5314 0.0000
vt 0.1576 0.5278 0.0000
vt 0.1576 0.5242 0.0000
vt 0.1887 0.5780 0.0000
vt 0.1887 0.5816 0.0000
vt 0.1887 0.5744 0.0000
vt 0.1887 0.5708 0.0000
vt 0.1887 0.5673 0.0000
vt 0.1887 0.5637 0.0000
vt 0.1887 0.5601 0.0000
vt 0.1887 0.5565 0.0000
vt 0.1887 0.5529 0.0000
vt 0.1887 0.5493 0.0000
vt 0.1887 0.5457 0.0000
vt 0.1887 0.5421 0.0000
vt 0.1887 0.5385 0.0000
vt 0.1887 0.5350 0.0000
vt 0.1887 0.5314 0.0000
vt 0.1887 0.5278 0.0000
vt 0.1887 0.5242 0.0000
vt 0.2199 0.5780 0.0000
vt 0.2199 0.5816 0.0000
vt 0.2199 0.5744 0.0000
vt 0.2199 0.5708 0.0000
vt 0.2199 0.5673 0.0000
vt 0.2199 0.5637 0.0000
vt 0.2199 0.5601 0.0000
vt 0.2199 0.5565 0.0000
vt 0.2199 0.5529 0.0000
vt 0.2199 0.5493 0.0000
vt 0.2199 0.5457 0.0000
vt 0.2199 0.5421 0.0000
vt 0.2199 0.5385 0.0000
vt 0.2199 0.5350 0.0000
vt 0.2199 0.5314 0.0000
vt 0.2199 0.5278 0.0000
vt 0.2199 0.5242 0.0000
vt 0.2510 0.5780 0.0000
vt 0.2510 0.5816 0.0000
vt 0.2510 0.5744 0.0000
vt 0.2510 0.5708 0.0000
vt 0.2510 0.5673 0.0000
vt 0.2510 0.5637 0.0000
vt 0.2510 0.5601 0.0000
vt 0.2510 0.5565 0.0000
vt 0.2510 0.5529 0.0000
vt 0.2510 0.5493 0.0000
vt 0.2510 0.5457 0.0000
vt 0.2510 0.5421 0.0000
vt 0.2510 0.5385 0.0000
vt 0.2510 0.5350 0.0000
vt 0.2510 0.5314 0.0000
vt 0.2510 0.5278 0.0000
vt 0.2510 0.5242 0.0000
vt 0.2821 0.5780 0.0000
vt 0.2821 0.5816 0.0000
vt 0.2821 0.5744 0.0000
vt 0.2821 0.5708 0.0000
vt 0.2821 0.5673 0.0000
vt 0.2821 0.5637 0.0000
vt 0.2821 0.5601 0.0000
vt 0.2821 0.5565 0.0000
vt 0.2821 0.5529 0.0000
vt 0.2821 0.5493 0.0000
vt 0.2821 0.5457 0.0000
vt 0.2821 0.5421 0.0000
vt 0.2821 0.5385 0.0000
vt 0.2821 0.5350 0.0000
vt 0.2821 0.5314 0.0000
vt 0.2821 0.5278 0.0000
vt 0.2821 0.5242 0.0000
vt 0.3132 0.5780 0.0000
vt 0.3132 0.5816 0.0000
vt 0.3132 0.5744 0.0000
vt 0.3132 0.5708 0.0000
vt 0.3132 0.5673 0.0000
vt 0.3132 0.5637 0.0000
vt 0.3132 0.5601 0.0000
vt 0.3132 0.5565 0.0000
vt 0.3132 0.5529 0.0000
vt 0.3132 0.5493 0.0000
vt 0.3132 0.5457 0.0000
vt 0.3132 0.5421 0.0000
vt 0.3132 0.5385 0.0000
vt 0.3132 0.5350 0.0000
vt 0.3132 0.5314 0.0000
vt 0.3132 0.5278 0.0000
vt 0.3132 0.5242 0.0000
vt 0.3444 0.5780 0.0000
vt 0.3444 0.5816 0.0000
vt 0.3444 0.5744 0.0000
vt 0.3444 0.5708 0.0000
vt 0.3444 0.5673 0.0000
vt 0.3444 0.5637 0.0000
vt 0.3444 0.5601 0.0000
vt 0.3444 0.5565 0.0000
vt 0.3444 0.5529 0.0000
vt 0.3444 0.5493 0.0000
vt 0.3444 0.5457 0.0000
vt 0.3444 0.5421 0.0000
vt 0.3444 0.5385 0.0000
vt 0.3444 0.5350 0.0000
vt 0.3444 0.5314 0.0000
vt 0.3444 0.5278 0.0000
vt 0.3444 0.5242 0.0000
vt 0.3755 0.5780 0.0000
vt 0.3755 0.5816 0.0000
vt 0.3755 0.5744 0.0000
vt 0.3755 0.5708 0.0000
vt 0.3755 0.5673 0.0000
vt 0.3755 0.5637 0.0000
vt 0.3755 0.5601 0.0000
vt 0.3755 0.5565 0.0000
vt 0.3755 0.5529 0.0000
vt 0.3755 0.5493 0.0000
vt 0.3755 0.5457 0.0000
vt 0.3755 0.5421 0.0000
vt 0.3755 0.5385 0.0000
vt 0.3755 0.5350 0.0000
vt 0.3755 0.5314 0.0000
vt 0.3755 0.5278 0.0000
vt 0.3755 0.5242 0.0000
vt 0.4066 0.5780 0.0000
vt 0.4066 0.5816 0.0000
vt 0.4066 0.5744 0.0000
vt 0.4066 0.5708 0.0000
vt 0.4066 0.5672 0.0000
vt 0.4066 0.5637 0.0000
vt 0.4066 0.5601 0.0000
vt 0.4066 0.5565 0.0000
vt 0.4066 0.5529 0.0000
vt 0.4066 0.5493 0.0000
vt 0.4066 0.5457 0.0000
vt 0.4066 0.5421 0.0000
vt 0.4066 0.5385 0.0000
vt 0.4066 0.5350 0.0000
vt 0.4066 0.5314 0.0000
vt 0.4066 0.5278 0.0000
vt 0.4066 0.5242 0.0000
vt 0.4377 0.5780 0.0000
vt 0.4377 0.5816 0.0000
vt 0.4377 0.5744 0.0000
vt 0.4377 0.5708 0.0000
vt 0.4377 0.5672 0.0000
vt 0.4377 0.5637 0.0000
vt 0.4377 0.5601 0.0000
vt 0.4377 0.5565 0.0000
vt 0.4377 0.5529 0.0000
vt 0.4377 0.5493 0.0000
vt 0.4377 0.5457 0.0000
vt 0.4377 0.5421 0.0000
vt 0.4377 0.5385 0.0000
vt 0.4377 0.5350 0.0000
vt 0.4377 0.5314 0.0000
vt 0.4377 0.5278 0.0000
vt 0.4377 0.5242 0.0000
vt 0.4689 0.5780 0.0000
vt 0.4689 0.5816 0.0000
vt 0.4689 0.5744 0.0000
vt 0.4689 0.5708 0.0000
vt 0.4689 0.5672 0.0000
vt 0.4689 0.5637 0.0000
vt 0.4689 0.5601 0.0000
vt 0.4689 0.5565 0.0000
vt 0.4689 0.5529 0.0000
vt 0.4689 0.5493 0.0000
vt 0.4689 0.5457 0.0000
vt 0.4689 0.5421 0.0000
vt 0.4689 0.5385 0.0000
vt 0.4689 0.5350 0.0000
vt 0.4689 0.5314 0.0000
vt 0.4689 0.5278 0.0000
vt 0.4689 0.5242 0.0000
vt 0.5000 0.5780 0.0000
vt 0.5000 0.5816 0.0000
vt 0.5000 0.5744 0.0000
vt 0.5000 0.5708 0.0000
vt 0.5000 0.5672 0.0000
vt 0.5000 0.5637 0.0000
vt 0.5000 0.5601 0.0000
vt 0.5000 0.5565 0.0000
vt 0.5000 0.5529 0.0000
vt 0.5000 0.5493 0.0000
vt 0.5000 0.5457 0.0000
vt 0.5000 0.5421 0.0000
vt 0.5000 0.5385 0.0000
vt 0.5000 0.5350 0.0000
vt 0.5000 0.5314 0.0000
vt 0.5000 0.5278 0.0000
vt 0.5000 0.5242 0.0000
vt 0.0331 0.4677 0.0000
vt 0.0331 0.4712 0.0000
vt 0.0020 0.4712 0.0000
vt 0.0020 0.4677 0.0000
vt 0.0643 0.4677 0.0000
vt 0.0643 0.4712 0.0000
vt 0.0954 0.4677 0.0000
vt 0.0954 0.4712 0.0000
vt 0.1265 0.4677 0.0000
vt 0.1265 0.4712 0.0000
vt 0.1576 0.4677 0.0000
vt 0.1576 0.4712 0.0000
vt 0.1888 0.4677 0.0000
vt 0.1888 0.4712 0.0000
vt 0.2199 0.4677 0.0000
vt 0.2199 0.4712 0.0000
vt 0.2510 0.4677 0.0000
vt 0.2510 0.4712 0.0000
vt 0.2821 0.4677 0.0000
vt 0.2821 0.4712 0.0000
vt 0.3132 0.4677 0.0000
vt 0.3132 0.4712 0.0000
vt 0.3444 0.4677 0.0000
vt 0.3444 0.4712 0.0000
vt 0.3755 0.4677 0.0000
vt 0.3755 0.4712 0.0000
vt 0.4066 0.4677 0.0000
vt 0.4066 0.4712 0.0000
vt 0.4377 0.4677 0.0000
vt 0.4377 0.4712 0.0000
vt 0.4689 0.4677 0.0000
vt 0.4689 0.4712 0.0000
vt 0.5000 0.4677 0.0000
vt 0.5000 0.4712 0.0000
vt 0.0331 0.4747 0.0000
vt 0.0020 0.4747 0.0000
vt 0.0643 0.4747 0.0000
vt 0.0954 0.4747 0.0000
vt 0.1265 0.4747 0.0000
vt 0.1576 0.4747 0.0000
vt 0.1888 0.4747 0.0000
vt 0.2199 0.4747 0.0000
vt 0.2510 0.4747 0.0000
vt 0.2821 0.4747 0.0000
vt 0.3132 0.4747 0.0000
vt 0.3444 0.4747 0.0000
vt 0.3755 0.4747 0.0000
vt 0.4066 0.4747 0.0000
vt 0.4377 0.4747 0.0000
vt 0.4689 0.4747 0.0000
vt 0.5000 0.4747 0.0000
vt 0.0331 0.4782 0.0000
vt 0.0020 0.4782 0.0000
vt 0.0643 0.4782 0.0000
vt 0.0954 0.4782 0.0000
vt 0.1265 0.4782 0.0000
vt 0.1576 0.4782 0.0000
vt 0.1888 0.4782 0.0000
vt 0.2199 0.4782 0.0000
vt 0.2510 0.4782 0.0000
vt 0.2821 0.4782 0.0000
vt 0.3132 0.4782 0.0000
vt 0.3444 0.4782 0.0000
vt 0.3755 0.4782 0.0000
vt 0.4066 0.4782 0.0000
vt 0.4377 0.4782 0.0000
vt 0.4689 0.4782 0.0000
vt 0.5000 0.4782 0.0000
vt 0.0331 0.4817 0.0000
vt 0.0020 0.4817 0.0000
vt 0.0643 0.4817 0.0000
vt 0.0954 0.4817 0.0000
vt 0.1265 0.4817 0.0000
vt 0.1576 0.4817 0.0000
vt 0.1888 0.4817 0.0000
vt 0.2199 0.4817 0.0000
vt 0.2510 0.4817 0.0000
vt 0.2821 0.4817 0.0000
vt 0.3132 0.4817 0.0000
vt 0.3444 0.4817 0.0000
vt 0.3755 0.4817 0.0000
vt 0.4066 0.4817 0.0000
vt 0.4377 0.4817 0.0000
vt 0.4689 0.4817 0.0000
vt 0.5000 0.4817 0.0000
vt 0.0331 0.4852 0.0000
vt 0.0020 0.4852 0.0000
vt 0.0643 0.4853 0.0000
vt 0.0954 0.4853 0.0000
vt 0.1265 0.4853 0.0000
vt 0.1576 0.4853 0.0000
vt 0.1888 0.4853 0.0000
vt 0.2199 0.4853 0.0000
vt 0.2510 0.4853 0.0000
vt 0.2821 0.4853 0.0000
vt 0.3132 0.4853 0.0000
vt 0.3444 0.4853 0.0000
vt 0.3755 0.4853 0.0000
vt 0.4066 0.4853 0.0000
vt 0.4377 0.4853 0.0000
vt 0.4689 0.4853 0.0000
vt 0.5000 0.4853 0.0000
vt 0.0331 0.4888 0.0000
vt 0.0020 0.4888 0.0000
vt 0.0643 0.4888 0.0000
vt 0.0954 0.4888 0.0000
vt 0.1265 0.4888 0.0000
vt 0.1576 0.4888 0.0000
vt 0.1887 0.4888 0.0000
vt 0.2199 0.4888 0.0000
vt 0.2510 0.4888 0.0000
vt 0.2821 0.4888 0.0000
vt 0.3132 0.4888 0.0000
vt 0.3444 0.4888 0.0000
vt 0.3755 0.4888 0.0000
vt 0.4066 0.4888 0.0000
vt 0.4377 0.4888 0.0000
vt 0.4689 0.4888 0.0000
vt 0.5000 0.4888 0.0000
vt 0.0331 0.4923 0.0000
vt 0.0020 0.4923 0.0000
vt 0.0643 0.4923 0.0000
vt 0.0954 0.4923 0.0000
vt 0.1265 0.4923 0.0000
vt 0.1576 0.4923 0.0000
vt 0.1887 0.4923 0.0000
vt 0.2199 0.4923 0.0000
vt 0.2510 0.4923 0.0000
vt 0.2821 0.4923 0.0000
vt 0.3132 0.4923 0.0000
vt 0.3444 0.4923 0.0000
vt 0.3755 0.4923 0.0000
vt 0.4066 0.4923 0.0000
vt 0.4377 0.4923 0.0000
vt 0.4689 0.4923 0.0000
vt 0.5000 0.4923 0.0000
vt 0.0331 0.4958 0.0000
vt 0.0020 0.4958 0.0000
vt 0.0643 0.4958 0.0000
vt 0.0954 0.4958 0.0000
vt 0.1265 0.4958 0.0000
vt 0.1576 0.4958 0.0000
vt 0.1887 0.4958 0.0000
vt 0.2199 0.4958 0.0000
vt 0.2510 0.4958 0.0000
vt 0.2821 0.4958 0.0000
vt 0.3132 0.4958 0.0000
vt 0.3444 0.4958 0.0000
vt 0.3755 0.4958 0.0000
vt 0.4066 0.4958 0.0000
vt 0.4377 0.4958 0.0000
vt 0.4689 0.4958 0.0000
vt 0.5000 0.4958 0.0000
vt 0.0331 0.4993 0.0000
vt 0.0020 0.4993 0.0000
vt 0.0643 0.4993 0.0000
vt 0.0954 0.4994 0.0000
vt 0.1265 0.4994 0.0000
vt 0.1576 0.4994 0.0000
vt 0.1887 0.4994 0.0000
vt 0.2199 0.4994 0.0000
vt 0.2510 0.4994 0.0000
vt 0.2821 0.4994 0.0000
vt 0.3132 0.4994 0.0000
vt 0.3444 0.4994 0.0000
vt 0.3755 0.4994 0.0000
vt 0.4066 0.4994 0.0000
vt 0.4377 0.4994 0.0000
vt 0.4689 0.4994 0.0000
vt 0.5000 0.4994 0.0000
vt 0.0331 0.5029 0.0000
vt 0.0020 0.5029 0.0000
vt 0.0643 0.5029 0.0000
vt 0.0954 0.5029 0.0000
vt 0.1265 0.5029 0.0000
vt 0.1576 0.5029 0.0000
vt 0.1887 0.5029 0.0000
vt 0.2199 0.5029 0.0000
vt 0.2510 0.5029 0.0000
vt 0.2821 0.5029 0.0000
vt 0.3132 0.5029 0.0000
vt 0.3444 0.5029 0.0000
vt 0.3755 0.5029 0.0000
vt 0.4066 0.5029 0.0000
vt 0.4377 0.5029 0.0000
vt 0.4689 0.5029 0.0000
vt 0.5000 0.5029 0.0000
vt 0.0331 0.5064 0.0000
vt 0.0020 0.5064 0.0000
vt 0.0643 0.5064 0.0000
vt 0.0954 0.5064 0.0000
vt 0.1265 0.5064 0.0000
vt 0.1576 0.5064 0.0000
vt 0.1887 0.5064 0.0000
vt 0.2199 0.5064 0.0000
vt 0.2510 0.5065 0.0000
vt 0.2821 0.5065 0.0000
vt 0.3132 0.5065 0.0000
vt 0.3444 0.5065 0.0000
vt 0.3755 0.5065 0.0000
vt 0.4066 0.5065 0.0000
vt 0.4377 0.5065 0.0000
vt 0.4689 0.5065 0.0000
vt 0.5000 0.5065 0.0000
vt 0.0331 0.5100 0.0000
vt 0.0020 0.5099 0.0000
vt 0.0643 0.5100 0.0000
vt 0.0954 0.5100 0.0000
vt 0.1265 0.5100 0.0000
vt 0.1576 0.5100 0.0000
vt 0.1887 0.5100 0.0000
vt 0.2199 0.5100 0.0000
vt 0.2510 0.5100 0.0000
vt 0.2821 0.5100 0.0000
vt 0.3132 0.5100 0.0000
vt 0.3444 0.5100 0.0000
vt 0.3755 0.5100 0.0000
vt 0.4066 0.5100 0.0000
vt 0.4377 0.5100 0.0000
vt 0.4689 0.5100 0.0000
vt 0.5000 0.5100 0.0000
vt 0.0331 0.5135 0.0000
vt 0.0020 0.5135 0.0000
vt 0.0643 0.5135 0.0000
vt 0.0954 0.5135 0.0000
vt 0.1265 0.5135 0.0000
vt 0.1576 0.5135 0.0000
vt 0.1887 0.5135 0.0000
vt 0.2199 0.5136 0.0000
vt 0.2510 0.5136 0.0000
vt 0.2821 0.5136 0.0000
vt 0.3132 0.5136 0.0000
vt 0.3444 0.5136 0.0000
vt 0.3755 0.5136 0.0000
vt 0.4066 0.5136 0.0000
vt 0.4377 0.5136 0.0000
vt 0.4689 0.5136 0.0000
vt 0.5000 0.5136 0.0000
vt 0.0331 0.5170 0.0000
vt 0.0020 0.5170 0.0000
vt 0.0643 0.5171 0.0000
vt 0.0954 0.5171 0.0000
vt 0.1265 0.5171 0.0000
vt 0.1576 0.5171 0.0000
vt 0.1887 0.5171 0.0000
vt 0.2199 0.5171 0.0000
vt 0.2510 0.5171 0.0000
vt 0.2821 0.5171 0.0000
vt 0.3132 0.5171 0.0000
vt 0.3444 0.5171 0.0000
vt 0.3755 0.5171 0.0000
vt 0.4066 0.5171 0.0000
vt 0.4377 0.5171 0.0000
vt 0.4689 0.5171 0.0000
vt 0.5000 0.5171 0.0000
vt 0.0331 0.5206 0.0000
vt 0.0020 0.5206 0.0000
vt 0.0643 0.5206 0.0000
vt 0.0954 0.5206 0.0000
vt 0.1265 0.5206 0.0000
vt 0.1576 0.5207 0.0000
vt 0.1887 0.5207 0.0000
vt 0.2199 0.5207 0.0000
vt 0.2510 0.5207 0.0000
vt 0.2821 0.5207 0.0000
vt 0.3132 0.5207 0.0000
vt 0.3444 0.5207 0.0000
vt 0.3755 0.5207 0.0000
vt 0.4066 0.5207 0.0000
vt 0.4377 0.5207 0.0000
vt 0.4689 0.5207 0.0000
vt 0.5000 0.5207 0.0000
vt 0.9669 0.4712 0.0000
vt 0.9669 0.4677 0.0000
vt 0.9980 0.4677 0.0000
vt 0.9980 0.4712 0.0000
vt 0.9669 0.4747 0.0000
vt 0.9980 0.4747 0.0000
vt 0.9669 0.4782 0.0000
vt 0.9980 0.4782 0.0000
vt 0.9669 0.4817 0.0000
vt 0.9980 0.4817 0.0000
vt 0.9669 0.4852 0.0000
vt 0.9980 0.4852 0.0000
vt 0.9669 0.4887 0.0000
vt 0.9980 0.4887 0.0000
vt 0.9669 0.4923 0.0000
vt 0.9980 0.4923 0.0000
vt 0.9669 0.4958 0.0000
vt 0.9980 0.4958 0.0000
vt 0.9669 0.4993 0.0000
vt 0.9980 0.4993 0.0000
vt 0.9669 0.5029 0.0000
vt 0.9980 0.5029 0.0000
vt 0.9669 0.5064 0.0000
vt 0.9980 0.5064 0.0000
vt 0.9669 0.5099 0.0000
vt 0.9980 0.5099 0.0000
vt 0.9669 0.5135 0.0000
vt 0.9980 0.5135 0.0000
vt 0.9669 0.5170 0.0000
vt 0.9980 0.5170 0.0000
vt 0.9669 0.5206 0.0000
vt 0.9980 0.5206 0.0000
vt 0.9669 0.5241 0.0000
vt 0.9980 0.5241 0.0000
vt 0.9357 0.4712 0.0000
vt 0.9357 0.4677 0.0000
vt 0.9357 0.4747 0.0000
vt 0.9357 0.4782 0.0000
vt 0.9357 0.4817 0.0000
vt 0.9357 0.4852 0.0000
vt 0.9357 0.4888 0.0000
vt 0.9357 0.4923 0.0000
vt 0.9357 0.4958 0.0000
vt 0.9357 0.4993 0.0000
vt 0.9357 0.5029 0.0000
vt 0.9357 0.5064 0.0000
vt 0.9357 0.5100 0.0000
vt 0.9357 0.5135 0.0000
vt 0.9357 0.5170 0.0000
vt 0.9357 0.5206 0.0000
vt 0.9357 0.5242 0.0000
vt 0.9046 0.4712 0.0000
vt 0.9046 0.4677 0.0000
vt 0.9046 0.4747 0.0000
vt 0.9046 0.4782 0.0000
vt 0.9046 0.4817 0.0000
vt 0.9046 0.4852 0.0000
vt 0.9046 0.4888 0.0000
vt 0.9046 0.4923 0.0000
vt 0.9046 0.4958 0.0000
vt 0.9046 0.4993 0.0000
vt 0.9046 0.5029 0.0000
vt 0.9046 0.5064 0.0000
vt 0.9046 0.5100 0.0000
vt 0.9046 0.5135 0.0000
vt 0.9046 0.5171 0.0000
vt 0.9046 0.5206 0.0000
vt 0.9046 0.5242 0.0000
vt 0.8735 0.4712 0.0000
vt 0.8735 0.4677 0.0000
vt 0.8735 0.4747 0.0000
vt 0.8735 0.4782 0.0000
vt 0.8735 0.4817 0.0000
vt 0.8735 0.4852 0.0000
vt 0.8735 0.4888 0.0000
vt 0.8735 0.4923 0.0000
vt 0.8735 0.4958 0.0000
vt 0.8735 0.4993 0.0000
vt 0.8735 0.5029 0.0000
vt 0.8735 0.5064 0.0000
vt 0.8735 0.5100 0.0000
vt 0.8735 0.5135 0.0000
vt 0.8735 0.5171 0.0000
vt 0.8735 0.5206 0.0000
vt 0.8735 0.5242 0.0000
vt 0.8424 0.4712 0.0000
vt 0.8424 0.4677 0.0000
vt 0.8424 0.4747 0.0000
vt 0.8424 0.4782 0.0000
vt 0.8424 0.4817 0.0000
vt 0.8424 0.4852 0.0000
vt 0.8424 0.4888 0.0000
vt 0.8424 0.4923 0.0000
vt 0.8424 0.4958 0.0000
vt 0.8424 0.4994 0.0000
vt 0.8424 0.5029 0.0000
vt 0.8424 0.5064 0.0000
vt 0.8424 0.5100 0.0000
vt 0.8424 0.5135 0.0000
vt 0.8424 0.5171 0.0000
vt 0.8424 0.5206 0.0000
vt 0.8424 0.5242 0.0000
vt 0.8112 0.4712 0.0000
vt 0.8112 0.4677 0.0000
vt 0.8112 0.4747 0.0000
vt 0.8112 0.4782 0.0000
vt 0.8112 0.4817 0.0000
vt 0.8112 0.4852 0.0000
vt 0.8112 0.4888 0.0000
vt 0.8112 0.4923 0.0000
vt 0.8112 0.4958 0.0000
vt 0.8112 0.4994 0.0000
vt 0.8112 0.5029 0.0000
vt 0.8112 0.5064 0.0000
vt 0.8112 0.5100 0.0000
vt 0.8112 0.5135 0.0000
vt 0.8112 0.5171 0.0000
vt 0.8112 0.5207 0.0000
vt 0.8112 0.5242 0.0000
vt 0.7801 0.4712 0.0000
vt 0.7801 0.4677 0.0000
vt 0.7801 0.4747 0.0000
vt 0.7801 0.4782 0.0000
vt 0.7801 0.4817 0.0000
vt 0.7801 0.4852 0.0000
vt 0.7801 0.4888 0.0000
vt 0.7801 0.4923 0.0000
vt 0.7801 0.4958 0.0000
vt 0.7801 0.4994 0.0000
vt 0.7801 0.5029 0.0000
vt 0.7801 0.5064 0.0000
vt 0.7801 0.5100 0.0000
vt 0.7801 0.5135 0.0000
vt 0.7801 0.5171 0.0000
vt 0.7801 0.5207 0.0000
vt 0.7801 0.5242 0.0000
vt 0.7490 0.4712 0.0000
vt 0.7490 0.4677 0.0000
vt 0.7490 0.4747 0.0000
vt 0.7490 0.4782 0.0000
vt 0.7490 0.4817 0.0000
vt 0.7490 0.4852 0.0000
vt 0.7490 0.4888 0.0000
vt 0.7490 0.4923 0.0000
vt 0.7490 0.4958 0.0000
vt 0.7490 0.4994 0.0000
vt 0.7490 0.5029 0.0000
vt 0.7490 0.5064 0.0000
vt 0.7490 0.5100 0.0000
vt 0.7490 0.5135 0.0000
vt 0.7490 0.5171 0.0000
vt 0.7490 0.5207 0.0000
vt 0.7490 0.5242 0.0000
vt 0.7179 0.4712 0.0000
vt 0.7179 0.4677 0.0000
vt 0.7179 0.4747 0.0000
vt 0.7179 0.4782 0.0000
vt 0.7179 0.4817 0.0000
vt 0.7179 0.4852 0.0000
vt 0.7179 0.4888 0.0000
vt 0.7179 0.4923 0.0000
vt 0.7179 0.4958 0.0000
vt 0.7179 0.4994 0.0000
vt 0.7179 0.5029 0.0000
vt 0.7179 0.5064 0.0000
vt 0.7179 0.5100 0.0000
vt 0.7179 0.5136 0.0000
vt 0.7179 0.5171 0.0000
vt 0.7179 0.5207 0.0000
vt 0.7179 0.5242 0.0000
vt 0.6867 0.4712 0.0000
vt 0.6867 0.4677 0.0000
vt 0.6867 0.4747 0.0000
vt 0.6867 0.4782 0.0000
vt 0.6867 0.4817 0.0000
vt 0.6867 0.4852 0.0000
vt 0.6867 0.4888 0.0000
vt 0.6867 0.4923 0.0000
vt 0.6867 0.4958 0.0000
vt 0.6867 0.4994 0.0000
vt 0.6867 0.5029 0.0000
vt 0.6867 0.5064 0.0000
vt 0.6867 0.5100 0.0000
vt 0.6867 0.5136 0.0000
vt 0.6867 0.5171 0.0000
vt 0.6867 0.5207 0.0000
vt 0.6867 0.5242 0.0000
vt 0.6556 0.4712 0.0000
vt 0.6556 0.4677 0.0000
vt 0.6556 0.4747 0.0000
vt 0.6556 0.4782 0.0000
vt 0.6556 0.4817 0.0000
vt 0.6556 0.4853 0.0000
vt 0.6556 0.4888 0.0000
vt 0.6556 0.4923 0.0000
vt 0.6556 0.4958 0.0000
vt 0.6556 0.4994 0.0000
vt 0.6556 0.5029 0.0000
vt 0.6556 0.5065 0.0000
vt 0.6556 0.5100 0.0000
vt 0.6556 0.5136 0.0000
vt 0.6556 0.5171 0.0000
vt 0.6556 0.5207 0.0000
vt 0.6556 0.5242 0.0000
vt 0.6245 0.4712 0.0000
vt 0.6245 0.4677 0.0000
vt 0.6245 0.4747 0.0000
vt 0.6245 0.4782 0.0000
vt 0.6245 0.4817 0.0000
vt 0.6245 0.4853 0.0000
vt 0.6245 0.4888 0.0000
vt 0.6245 0.4923 0.0000
vt 0.6245 0.4958 0.0000
vt 0.6245 0.4994 0.0000
vt 0.6245 0.5029 0.0000
vt 0.6245 0.5065 0.0000
vt 0.6245 0.5100 0.0000
vt 0.6245 0.5136 0.0000
vt 0.6245 0.5171 0.0000
vt 0.6245 0.5207 0.0000
vt 0.6245 0.5242 0.0000
vt 0.5934 0.4712 0.0000
vt 0.5934 0.4677 0.0000
vt 0.5934 0.4747 0.0000
vt 0.5934 0.4782 0.0000
vt 0.5934 0.4817 0.0000
vt 0.5934 0.4853 0.0000
vt 0.5934 0.4888 0.0000
vt 0.5934 0.4923 0.0000
vt 0.5934 0.4958 0.0000
vt 0.5934 0.4994 0.0000
vt 0.5934 0.5029 0.0000
vt 0.5934 0.5065 0.0000
vt 0.5934 0.5100 0.0000
vt 0.5934 0.5136 0.0000
vt 0.5934 0.5171 0.0000
vt 0.5934 0.5207 0.0000
vt 0.5934 0.5242 0.0000
vt 0.5622 0.4712 0.0000
vt 0.5622 0.4677 0.0000
vt 0.5622 0.4747 0.0000
vt 0.5622 0.4782 0.0000
vt 0.5622 0.4817 0.0000
vt 0.5622 0.4853 0.0000
vt 0.5622 0.4888 0.0000
vt 0.5622 0.4923 0.0000
vt 0.5622 0.4958 0.0000
vt 0.5622 0.4994 0.0000
vt 0.5622 0.5029 0.0000
vt 0.5622 0.5065 0.0000
vt 0.5622 0.5100 0.0000
vt 0.5622 0.5136 0.0000
vt 0.5622 0.5171 0.0000
vt 0.5622 0.5207 0.0000
vt 0.5622 0.5242 0.0000
vt 0.5311 0.4712 0.0000
vt 0.5311 0.4677 0.0000
vt 0.5311 0.4747 0.0000
vt 0.5311 0.4782 0.0000
vt 0.5311 0.4817 0.0000
vt 0.5311 0.4853 0.0000
vt 0.5311 0.4888 0.0000
vt 0.5311 0.4923 0.0000
vt 0.5311 0.4958 0.0000
vt 0.5311 0.4994 0.0000
vt 0.5311 0.5029 0.0000
vt 0.5311 0.5065 0.0000
vt 0.5311 0.5100 0.0000
vt 0.5311 0.5136 0.0000
vt 0.5311 0.5171 0.0000
vt 0.5311 0.5207 0.0000
vt 0.5311 0.5242 0.0000
vt 0.9669 0.5816 0.0000
vt 0.9669 0.5780 0.0000
vt 0.9980 0.5780 0.0000
vt 0.9980 0.5816 0.0000
vt 0.9357 0.5816 0.0000
vt 0.9357 0.5780 0.0000
vt 0.9046 0.5816 0.0000
vt 0.9046 0.5780 0.0000
vt 0.8735 0.5816 0.0000
vt 0.8735 0.5780 0.0000
vt 0.8424 0.5816 0.0000
vt 0.8424 0.5780 0.0000
vt 0.8112 0.5816 0.0000
vt 0.8112 0.5780 0.0000
vt 0.7801 0.5816 0.0000
vt 0.7801 0.5780 0.0000
vt 0.7490 0.5816 0.0000
vt 0.7490 0.5780 0.0000
vt 0.7179 0.5816 0.0000
vt 0.7179 0.5780 0.0000
vt 0.6867 0.5816 0.0000
vt 0.6867 0.5780 0.0000
vt 0.6556 0.5816 0.0000
vt 0.6556 0.5780 0.0000
vt 0.6245 0.5816 0.0000
vt 0.6245 0.5780 0.0000
vt 0.5934 0.5816 0.0000
vt 0.5934 0.5780 0.0000
vt 0.5622 0.5816 0.0000
vt 0.5622 0.5780 0.0000
vt 0.5311 0.5816 0.0000
vt 0.5311 0.5780 0.0000
vt 0.9669 0.5744 0.0000
vt 0.9980 0.5744 0.0000
vt 0.9357 0.5744 0.0000
vt 0.9046 0.5744 0.0000
vt 0.8735 0.5744 0.0000
vt 0.8424 0.5744 0.0000
vt 0.8112 0.5744 0.0000
vt 0.7801 0.5744 0.0000
vt 0.7490 0.5744 0.0000
vt 0.7179 0.5744 0.0000
vt 0.6867 0.5744 0.0000
vt 0.6556 0.5744 0.0000
vt 0.6245 0.5744 0.0000
vt 0.5934 0.5744 0.0000
vt 0.5622 0.5744 0.0000
vt 0.5311 0.5744 0.0000
vt 0.9669 0.5708 0.0000
vt 0.9980 0.5708 0.0000
vt 0.9357 0.5708 0.0000
vt 0.9046 0.5708 0.0000
vt 0.8735 0.5708 0.0000
vt 0.8424 0.5708 0.0000
vt 0.8112 0.5708 0.0000
vt 0.7801 0.5708 0.0000
vt 0.7490 0.5708 0.0000
vt 0.7179 0.5708 0.0000
vt 0.6867 0.5708 0.0000
vt 0.6556 0.5708 0.0000
vt 0.6245 0.5708 0.0000
vt 0.5934 0.5708 0.0000
vt 0.5622 0.5708 0.0000
vt 0.5311 0.5708 0.0000
vt 0.9669 0.5672 0.0000
vt 0.9980 0.5672 0.0000
vt 0.9357 0.5672 0.0000
vt 0.9046 0.5672 0.0000
vt 0.8735 0.5672 0.0000
vt 0.8424 0.5672 0.0000
vt 0.8112 0.5672 0.0000
vt 0.7801 0.5672 0.0000
vt 0.7490 0.5672 0.0000
vt 0.7179 0.5672 0.0000
vt 0.6867 0.5672 0.0000
vt 0.6556 0.5672 0.0000
vt 0.6245 0.5672 0.0000
vt 0.5934 0.5672 0.0000
vt 0.5622 0.5672 0.0000
vt 0.5311 0.5672 0.0000
vt 0.9669 0.5636 0.0000
vt 0.9980 0.5636 0.0000
vt 0.9357 0.5636 0.0000
vt 0.9046 0.5636 0.0000
vt 0.8735 0.5636 0.0000
vt 0.8424 0.5636 0.0000
vt 0.8112 0.5636 0.0000
vt 0.7801 0.5636 0.0000
vt 0.7490 0.5637 0.0000
vt 0.7179 0.5637 0.0000
vt 0.6867 0.5637 0.0000
vt 0.6556 0.5637 0.0000
vt 0.6245 0.5637 0.0000
vt 0.5934 0.5637 0.0000
vt 0.5622 0.5637 0.0000
vt 0.5311 0.5637 0.0000
vt 0.9669 0.5600 0.0000
vt 0.9980 0.5600 0.0000
vt 0.9357 0.5601 0.0000
vt 0.9046 0.5601 0.0000
vt 0.8735 0.5601 0.0000
vt 0.8424 0.5601 0.0000
vt 0.8112 0.5601 0.0000
vt 0.7801 0.5601 0.0000
vt 0.7490 0.5601 0.0000
vt 0.7179 0.5601 0.0000
vt 0.6867 0.5601 0.0000
vt 0.6556 0.5601 0.0000
vt 0.6245 0.5601 0.0000
vt 0.5934 0.5601 0.0000
vt 0.5622 0.5601 0.0000
vt 0.5311 0.5601 0.0000
vt 0.9669 0.5565 0.0000
vt 0.9980 0.5565 0.0000
vt 0.9357 0.5565 0.0000
vt 0.9046 0.5565 0.0000
vt 0.8735 0.5565 0.0000
vt 0.8424 0.5565 0.0000
vt 0.8112 0.5565 0.0000
vt 0.7801 0.5565 0.0000
vt 0.7490 0.5565 0.0000
vt 0.7179 0.5565 0.0000
vt 0.6867 0.5565 0.0000
vt 0.6556 0.5565 0.0000
vt 0.6245 0.5565 0.0000
vt 0.5934 0.5565 0.0000
vt 0.5622 0.5565 0.0000
vt 0.5311 0.5565 0.0000
vt 0.9669 0.5529 0.0000
vt 0.9980 0.5529 0.0000
vt 0.9357 0.5529 0.0000
vt 0.9046 0.5529 0.0000
vt 0.8735 0.5529 0.0000
vt 0.8424 0.5529 0.0000
vt 0.8112 0.5529 0.0000
vt 0.7801 0.5529 0.0000
vt 0.7490 0.5529 0.0000
vt 0.7179 0.5529 0.0000
vt 0.6867 0.5529 0.0000
vt 0.6556 0.5529 0.0000
vt 0.6245 0.5529 0.0000
vt 0.5934 0.5529 0.0000
vt 0.5622 0.5529 0.0000
vt 0.5311 0.5529 0.0000
vt 0.9669 0.5493 0.0000
vt 0.9980 0.5493 0.0000
vt 0.9357 0.5493 0.0000
vt 0.9046 0.5493 0.0000
vt 0.8735 0.5493 0.0000
vt 0.8424 0.5493 0.0000
vt 0.8112 0.5493 0.0000
vt 0.7801 0.5493 0.0000
vt 0.7490 0.5493 0.0000
vt 0.7179 0.5493 0.0000
vt 0.6867 0.5493 0.0000
vt 0.6556 0.5493 0.0000
vt 0.6245 0.5493 0.0000
vt 0.5934 0.5493 0.0000
vt 0.5622 0.5493 0.0000
vt 0.5311 0.5493 0.0000
vt 0.9669 0.5457 0.0000
vt 0.9980 0.5457 0.0000
vt 0.9357 0.5457 0.0000
vt 0.9046 0.5457 0.0000
vt 0.8735 0.5457 0.0000
vt 0.8424 0.5457 0.0000
vt 0.8112 0.5457 0.0000
vt 0.7801 0.5457 0.0000
vt 0.7490 0.5457 0.0000
vt 0.7179 0.5457 0.0000
vt 0.6867 0.5457 0.0000
vt 0.6556 0.5457 0.0000
vt 0.6245 0.5457 0.0000
vt 0.5934 0.5457 0.0000
vt 0.5622 0.5457 0.0000
vt 0.5311 0.5457 0.0000
vt 0.9669 0.5421 0.0000
vt 0.9980 0.5421 0.0000
vt 0.9357 0.5421 0.0000
vt 0.9046 0.5421 0.0000
vt 0.8735 0.5421 0.0000
vt 0.8424 0.5421 0.0000
vt 0.8112 0.5421 0.0000
vt 0.7801 0.5421 0.0000
vt 0.7490 0.5421 0.0000
vt 0.7179 0.5421 0.0000
vt 0.6867 0.5421 0.0000
vt 0.6556 0.5421 0.0000
vt 0.6245 0.5421 0.0000
vt 0.5934 0.5421 0.0000
vt 0.5622 0.5421 0.0000
vt 0.5311 0.5421 0.0000
vt 0.9669 0.5385 0.0000
vt 0.9980 0.5385 0.0000
vt 0.9357 0.5385 0.0000
vt 0.9046 0.5385 0.0000
vt 0.8735 0.5385 0.0000
vt 0.8424 0.5385 0.0000
vt 0.8112 0.5385 0.0000
vt 0.7801 0.5385 0.0000
vt 0.7490 0.5385 0.0000
vt 0.7179 0.5385 0.0000
vt 0.6867 0.5385 0.0000
vt 0.6556 0.5385 0.0000
vt 0.6245 0.5385 0.0000
vt 0.5934 0.5385 0.0000
vt 0.5622 0.5385 0.0000
vt 0.5311 0.5385 0.0000
vt 0.9669 0.5349 0.0000
vt 0.9980 0.5349 0.0000
vt 0.9357 0.5349 0.0000
vt 0.9046 0.5349 0.0000
vt 0.8735 0.5349 0.0000
vt 0.8424 0.5349 0.0000
vt 0.8112 0.5349 0.0000
vt 0.7801 0.5349 0.0000
vt 0.7490 0.5350 0.0000
vt 0.7179 0.5350 0.0000
vt 0.6867 0.5350 0.0000
vt 0.6556 0.5350 0.0000
vt 0.6245 0.5350 0.0000
vt 0.5934 0.5350 0.0000
vt 0.5622 0.5350 0.0000
vt 0.5311 0.5350 0.0000
vt 0.9669 0.5313 0.0000
vt 0.9980 0.5313 0.0000
vt 0.9357 0.5313 0.0000
vt 0.9046 0.5313 0.0000
vt 0.8735 0.5313 0.0000
vt 0.8424 0.5314 0.0000
vt 0.8112 0.5314 0.0000
vt 0.7801 0.5314 0.0000
vt 0.7490 0.5314 0.0000
vt 0.7179 0.5314 0.0000
vt 0.6867 0.5314 0.0000
vt 0.6556 0.5314 0.0000
vt 0.6245 0.5314 0.0000
vt 0.5934 0.5314 0.0000
vt 0.5622 0.5314 0.0000
vt 0.5311 0.5314 0.0000
vt 0.9669 0.5277 0.0000
vt 0.9980 0.5277 0.0000
vt 0.9357 0.5277 0.0000
vt 0.9046 0.5278 0.0000
vt 0.8735 0.5278 0.0000
vt 0.8424 0.5278 0.0000
vt 0.8112 0.5278 0.0000
vt 0.7801 0.5278 0.0000
vt 0.7490 0.5278 0.0000
vt 0.7179 0.5278 0.0000
vt 0.6867 0.5278 0.0000
vt 0.6556 0.5278 0.0000
vt 0.6245 0.5278 0.0000
vt 0.5934 0.5278 0.0000
vt 0.5622 0.5278 0.0000
vt 0.5311 0.5278 0.0000
vt 0.0331 0.4643 0.0000
vt 0.0020 0.4643 0.0000
vt 0.0331 0.4608 0.0000
vt 0.0020 0.4608 0.0000
vt 0.0331 0.4573 0.0000
vt 0.0020 0.4573 0.0000
vt 0.0331 0.4538 0.0000
vt 0.0020 0.4538 0.0000
vt 0.0331 0.4504 0.0000
vt 0.0020 0.4504 0.0000
vt 0.0331 0.4469 0.0000
vt 0.0020 0.4469 0.0000
vt 0.0331 0.4435 0.0000
vt 0.0020 0.4435 0.0000
vt 0.0331 0.4400 0.0000
vt 0.0020 0.4400 0.0000
vt 0.0331 0.4366 0.0000
vt 0.0020 0.4366 0.0000
vt 0.0331 0.4332 0.0000
vt 0.0020 0.4331 0.0000
vt 0.0331 0.4297 0.0000
vt 0.0020 0.4297 0.0000
vt 0.0331 0.4263 0.0000
vt 0.0020 0.4263 0.0000
vt 0.0331 0.4229 0.0000
vt 0.0020 0.4228 0.0000
vt 0.0331 0.4194 0.0000
vt 0.0020 0.4194 0.0000
vt 0.0331 0.4160 0.0000
vt 0.0020 0.4160 0.0000
vt 0.0331 0.4127 0.0000
vt 0.0020 0.4125 0.0000
vt 0.0643 0.4643 0.0000
vt 0.0643 0.4608 0.0000
vt 0.0643 0.4573 0.0000
vt 0.0643 0.4538 0.0000
vt 0.0643 0.4504 0.0000
vt 0.0643 0.4469 0.0000
vt 0.0643 0.4435 0.0000
vt 0.0643 0.4400 0.0000
vt 0.0643 0.4366 0.0000
vt 0.0643 0.4332 0.0000
vt 0.0643 0.4297 0.0000
vt 0.0643 0.4263 0.0000
vt 0.0643 0.4229 0.0000
vt 0.0643 0.4195 0.0000
vt 0.0643 0.4161 0.0000
vt 0.0643 0.4127 0.0000
vt 0.0954 0.4643 0.0000
vt 0.0954 0.4608 0.0000
vt 0.0954 0.4573 0.0000
vt 0.0954 0.4539 0.0000
vt 0.0954 0.4504 0.0000
vt 0.0954 0.4469 0.0000
vt 0.0954 0.4435 0.0000
vt 0.0954 0.4400 0.0000
vt 0.0954 0.4366 0.0000
vt 0.0954 0.4332 0.0000
vt 0.0954 0.4298 0.0000
vt 0.0954 0.4263 0.0000
vt 0.0954 0.4229 0.0000
vt 0.0954 0.4195 0.0000
vt 0.0954 0.4161 0.0000
vt 0.0954 0.4128 0.0000
vt 0.1265 0.4643 0.0000
vt 0.1265 0.4608 0.0000
vt 0.1265 0.4573 0.0000
vt 0.1265 0.4539 0.0000
vt 0.1265 0.4504 0.0000
vt 0.1265 0.4469 0.0000
vt 0.1265 0.4435 0.0000
vt 0.1265 0.4401 0.0000
vt 0.1265 0.4366 0.0000
vt 0.1265 0.4332 0.0000
vt 0.1265 0.4298 0.0000
vt 0.1265 0.4264 0.0000
vt 0.1265 0.4230 0.0000
vt 0.1265 0.4196 0.0000
vt 0.1265 0.4162 0.0000
vt 0.1265 0.4128 0.0000
vt 0.1576 0.4643 0.0000
vt 0.1576 0.4608 0.0000
vt 0.1576 0.4573 0.0000
vt 0.1576 0.4539 0.0000
vt 0.1576 0.4504 0.0000
vt 0.1576 0.4469 0.0000
vt 0.1576 0.4435 0.0000
vt 0.1576 0.4401 0.0000
vt 0.1576 0.4366 0.0000
vt 0.1576 0.4332 0.0000
vt 0.1576 0.4298 0.0000
vt 0.1576 0.4264 0.0000
vt 0.1576 0.4230 0.0000
vt 0.1576 0.4196 0.0000
vt 0.1576 0.4162 0.0000
vt 0.1576 0.4128 0.0000
vt 0.1888 0.4643 0.0000
vt 0.1888 0.4608 0.0000
vt 0.1888 0.4573 0.0000
vt 0.1888 0.4539 0.0000
vt 0.1888 0.4504 0.0000
vt 0.1888 0.4469 0.0000
vt 0.1888 0.4435 0.0000
vt 0.1888 0.4401 0.0000
vt 0.1888 0.4366 0.0000
vt 0.1888 0.4332 0.0000
vt 0.1888 0.4298 0.0000
vt 0.1888 0.4264 0.0000
vt 0.1888 0.4230 0.0000
vt 0.1888 0.4196 0.0000
vt 0.1888 0.4162 0.0000
vt 0.1888 0.4128 0.0000
vt 0.2199 0.4643 0.0000
vt 0.2199 0.4608 0.0000
vt 0.2199 0.4573 0.0000
vt 0.2199 0.4539 0.0000
vt 0.2199 0.4504 0.0000
vt 0.2199 0.4469 0.0000
vt 0.2199 0.4435 0.0000
vt 0.2199 0.4401 0.0000
vt 0.2199 0.4366 0.0000
vt 0.2199 0.4332 0.0000
vt 0.2199 0.4298 0.0000
vt 0.2199 0.4264 0.0000
vt 0.2199 0.4230 0.0000
vt 0.2199 0.4196 0.0000
vt 0.2199 0.4162 0.0000
vt 0.2199 0.4129 0.0000
vt 0.2510 0.4643 0.0000
vt 0.2510 0.4608 0.0000
vt 0.2510 0.4573 0.0000
vt 0.2510 0.4539 0.0000
vt 0.2510 0.4504 0.0000
vt 0.2510 0.4469 0.0000
vt 0.2510 0.4435 0.0000
vt 0.2510 0.4401 0.0000
vt 0.2510 0.4366 0.0000
vt 0.2510 0.4332 0.0000
vt 0.2510 0.4298 0.0000
vt 0.2510 0.4264 0.0000
vt 0.2510 0.4230 0.0000
vt 0.2510 0.4196 0.0000
vt 0.2510 0.4162 0.0000
vt 0.2510 0.4129 0.0000
vt 0.2821 0.4643 0.0000
vt 0.2821 0.4608 0.0000
vt 0.2821 0.4573 0.0000
vt 0.2821 0.4539 0.0000
vt 0.2821 0.4504 0.0000
vt 0.2821 0.4469 0.0000
vt 0.2821 0.4435 0.0000
vt 0.2821 0.4401 0.0000
vt 0.2821 0.4366 0.0000
vt 0.2821 0.4332 0.0000
vt 0.2821 0.4298 0.0000
vt 0.2821 0.4264 0.0000
vt 0.2821 0.4230 0.0000
vt 0.2821 0.4196 0.0000
vt 0.2821 0.4163 0.0000
vt 0.2821 0.4129 0.0000
vt 0.3132 0.4643 0.0000
vt 0.3132 0.4608 0.0000
vt 0.3132 0.4573 0.0000
vt 0.3132 0.4539 0.0000
vt 0.3132 0.4504 0.0000
vt 0.3132 0.4469 0.0000
vt 0.3132 0.4435 0.0000
vt 0.3132 0.4401 0.0000
vt 0.3132 0.4366 0.0000
vt 0.3132 0.4332 0.0000
vt 0.3133 0.4298 0.0000
vt 0.3133 0.4264 0.0000
vt 0.3133 0.4230 0.0000
vt 0.3133 0.4196 0.0000
vt 0.3133 0.4163 0.0000
vt 0.3133 0.4129 0.0000
vt 0.3444 0.4643 0.0000
vt 0.3444 0.4608 0.0000
vt 0.3444 0.4573 0.0000
vt 0.3444 0.4539 0.0000
vt 0.3444 0.4504 0.0000
vt 0.3444 0.4469 0.0000
vt 0.3444 0.4435 0.0000
vt 0.3444 0.4401 0.0000
vt 0.3444 0.4367 0.0000
vt 0.3444 0.4332 0.0000
vt 0.3444 0.4298 0.0000
vt 0.3444 0.4264 0.0000
vt 0.3444 0.4230 0.0000
vt 0.3444 0.4196 0.0000
vt 0.3444 0.4163 0.0000
vt 0.3444 0.4129 0.0000
vt 0.3755 0.4643 0.0000
vt 0.3755 0.4608 0.0000
vt 0.3755 0.4573 0.0000
vt 0.3755 0.4539 0.0000
vt 0.3755 0.4504 0.0000
vt 0.3755 0.4469 0.0000
vt 0.3755 0.4435 0.0000
vt 0.3755 0.4401 0.0000
vt 0.3755 0.4367 0.0000
vt 0.3755 0.4332 0.0000
vt 0.3755 0.4298 0.0000
vt 0.3755 0.4264 0.0000
vt 0.3755 0.4230 0.0000
vt 0.3755 0.4196 0.0000
vt 0.3755 0.4163 0.0000
vt 0.3755 0.4129 0.0000
vt 0.4066 0.4643 0.0000
vt 0.4066 0.4608 0.0000
vt 0.4066 0.4573 0.0000
vt 0.4066 0.4539 0.0000
vt 0.4066 0.4504 0.0000
vt 0.4066 0.4469 0.0000
vt 0.4066 0.4435 0.0000
vt 0.4066 0.4401 0.0000
vt 0.4066 0.4367 0.0000
vt 0.4066 0.4332 0.0000
vt 0.4066 0.4298 0.0000
vt 0.4066 0.4264 0.0000
vt 0.4066 0.4230 0.0000
vt 0.4066 0.4196 0.0000
vt 0.4066 0.4163 0.0000
vt 0.4066 0.4129 0.0000
vt 0.4377 0.4643 0.0000
vt 0.4377 0.4608 0.0000
vt 0.4377 0.4573 0.0000
vt 0.4377 0.4539 0.0000
vt 0.4377 0.4504 0.0000
vt 0.4377 0.4469 0.0000
vt 0.4377 0.4435 0.0000
vt 0.4377 0.4401 0.0000
vt 0.4377 0.4367 0.0000
vt 0.4377 0.4332 0.0000
vt 0.4377 0.4298 0.0000
vt 0.4377 0.4264 0.0000
vt 0.4377 0.4230 0.0000
vt 0.4377 0.4197 0.0000
vt 0.4377 0.4163 0.0000
vt 0.4377 0.4129 0.0000
vt 0.4689 0.4643 0.0000
vt 0.4689 0.4608 0.0000
vt 0.4689 0.4573 0.0000
vt 0.4689 0.4539 0.0000
vt 0.4689 0.4504 0.0000
vt 0.4689 0.4469 0.0000
vt 0.4689 0.4435 0.0000
vt 0.4689 0.4401 0.0000
vt 0.4689 0.4367 0.0000
vt 0.4689 0.4332 0.0000
vt 0.4689 0.4298 0.0000
vt 0.4689 0.4264 0.0000
vt 0.4689 0.4230 0.0000
vt 0.4689 0.4197 0.0000
vt 0.4689 0.4163 0.0000
vt 0.4689 0.4129 0.0000
vt 0.5000 0.4643 0.0000
vt 0.5000 0.4608 0.0000
vt 0.5000 0.4573 0.0000
vt 0.5000 0.4539 0.0000
vt 0.5000 0.4504 0.0000
vt 0.5000 0.4469 0.0000
vt 0.5000 0.4435 0.0000
vt 0.5000 0.4401 0.0000
vt 0.5000 0.4367 0.0000
vt 0.5000 0.4332 0.0000
vt 0.5000 0.4298 0.0000
vt 0.5000 0.4264 0.0000
vt 0.5000 0.4230 0.0000
vt 0.5000 0.4197 0.0000
vt 0.5000 0.4163 0.0000
vt 0.5000 0.4129 0.0000
vt 0.0331 0.3635 0.0000
vt 0.0020 0.3635 0.0000
vt 0.0643 0.3635 0.0000
vt 0.0954 0.3635 0.0000
vt 0.1265 0.3635 0.0000
vt 0.1576 0.3635 0.0000
vt 0.1888 0.3635 0.0000
vt 0.2199 0.3635 0.0000
vt 0.2510 0.3635 0.0000
vt 0.2821 0.3635 0.0000
vt 0.3133 0.3635 0.0000
vt 0.3444 0.3635 0.0000
vt 0.3755 0.3635 0.0000
vt 0.4066 0.3635 0.0000
vt 0.4378 0.3635 0.0000
vt 0.4689 0.3635 0.0000
vt 0.5000 0.3635 0.0000
vt 0.0331 0.3667 0.0000
vt 0.0020 0.3667 0.0000
vt 0.0643 0.3667 0.0000
vt 0.0954 0.3667 0.0000
vt 0.1265 0.3667 0.0000
vt 0.1576 0.3667 0.0000
vt 0.1888 0.3667 0.0000
vt 0.2199 0.3667 0.0000
vt 0.2510 0.3667 0.0000
vt 0.2821 0.3667 0.0000
vt 0.3133 0.3667 0.0000
vt 0.3444 0.3667 0.0000
vt 0.3755 0.3667 0.0000
vt 0.4066 0.3667 0.0000
vt 0.4378 0.3667 0.0000
vt 0.4689 0.3667 0.0000
vt 0.5000 0.3667 0.0000
vt 0.0331 0.3700 0.0000
vt 0.0020 0.3700 0.0000
vt 0.0643 0.3700 0.0000
vt 0.0954 0.3700 0.0000
vt 0.1265 0.3700 0.0000
vt 0.1576 0.3700 0.0000
vt 0.1888 0.3700 0.0000
vt 0.2199 0.3700 0.0000
vt 0.2510 0.3700 0.0000
vt 0.2821 0.3700 0.0000
vt 0.3133 0.3700 0.0000
vt 0.3444 0.3700 0.0000
vt 0.3755 0.3700 0.0000
vt 0.4066 0.3700 0.0000
vt 0.4378 0.3700 0.0000
vt 0.4689 0.3700 0.0000
vt 0.5000 0.3700 0.0000
vt 0.0331 0.3732 0.0000
vt 0.0020 0.3732 0.0000
vt 0.0643 0.3732 0.0000
vt 0.0954 0.3732 0.0000
vt 0.1265 0.3732 0.0000
vt 0.1576 0.3732 0.0000
vt 0.1888 0.3732 0.0000
vt 0.2199 0.3732 0.0000
vt 0.2510 0.3732 0.0000
vt 0.2821 0.3732 0.0000
vt 0.3133 0.3732 0.0000
vt 0.3444 0.3732 0.0000
vt 0.3755 0.3732 0.0000
vt 0.4066 0.3732 0.0000
vt 0.4378 0.3732 0.0000
vt 0.4689 0.3732 0.0000
vt 0.5000 0.3732 0.0000
vt 0.0331 0.3764 0.0000
vt 0.0020 0.3764 0.0000
vt 0.0643 0.3765 0.0000
vt 0.0954 0.3765 0.0000
vt 0.1265 0.3765 0.0000
vt 0.1576 0.3765 0.0000
vt 0.1888 0.3765 0.0000
vt 0.2199 0.3765 0.0000
vt 0.2510 0.3765 0.0000
vt 0.2821 0.3765 0.0000
vt 0.3133 0.3765 0.0000
vt 0.3444 0.3765 0.0000
vt 0.3755 0.3765 0.0000
vt 0.4066 0.3765 0.0000
vt 0.4378 0.3765 0.0000
vt 0.4689 0.3765 0.0000
vt 0.5000 0.3765 0.0000
vt 0.0331 0.3797 0.0000
vt 0.0020 0.3797 0.0000
vt 0.0643 0.3797 0.0000
vt 0.0954 0.3797 0.0000
vt 0.1265 0.3797 0.0000
vt 0.1576 0.3797 0.0000
vt 0.1888 0.3797 0.0000
vt 0.2199 0.3797 0.0000
vt 0.2510 0.3797 0.0000
vt 0.2821 0.3797 0.0000
vt 0.3133 0.3797 0.0000
vt 0.3444 0.3797 0.0000
vt 0.3755 0.3797 0.0000
vt 0.4066 0.3797 0.0000
vt 0.4378 0.3797 0.0000
vt 0.4689 0.3797 0.0000
vt 0.5000 0.3797 0.0000
vt 0.0331 0.3830 0.0000
vt 0.0020 0.3829 0.0000
vt 0.0643 0.3830 0.0000
vt 0.0954 0.3830 0.0000
vt 0.1265 0.3830 0.0000
vt 0.1576 0.3830 0.0000
vt 0.1888 0.3830 0.0000
vt 0.2199 0.3830 0.0000
vt 0.2510 0.3830 0.0000
vt 0.2821 0.3830 0.0000
vt 0.3133 0.3830 0.0000
vt 0.3444 0.3830 0.0000
vt 0.3755 0.3830 0.0000
vt 0.4066 0.3830 0.0000
vt 0.4377 0.3830 0.0000
vt 0.4689 0.3830 0.0000
vt 0.5000 0.3830 0.0000
vt 0.0331 0.3862 0.0000
vt 0.0020 0.3862 0.0000
vt 0.0643 0.3862 0.0000
vt 0.0954 0.3863 0.0000
vt 0.1265 0.3863 0.0000
vt 0.1576 0.3863 0.0000
vt 0.1888 0.3863 0.0000
vt 0.2199 0.3863 0.0000
vt 0.2510 0.3863 0.0000
vt 0.2821 0.3863 0.0000
vt 0.3133 0.3863 0.0000
vt 0.3444 0.3863 0.0000
vt 0.3755 0.3863 0.0000
vt 0.4066 0.3863 0.0000
vt 0.4377 0.3863 0.0000
vt 0.4689 0.3863 0.0000
vt 0.5000 0.3863 0.0000
vt 0.0331 0.3895 0.0000
vt 0.0020 0.3895 0.0000
vt 0.0643 0.3895 0.0000
vt 0.0954 0.3895 0.0000
vt 0.1265 0.3896 0.0000
vt 0.1576 0.3896 0.0000
vt 0.1888 0.3896 0.0000
vt 0.2199 0.3896 0.0000
vt 0.2510 0.3896 0.0000
vt 0.2821 0.3896 0.0000
vt 0.3133 0.3896 0.0000
vt 0.3444 0.3896 0.0000
vt 0.3755 0.3896 0.0000
vt 0.4066 0.3896 0.0000
vt 0.4377 0.3896 0.0000
vt 0.4689 0.3896 0.0000
vt 0.5000 0.3896 0.0000
vt 0.0331 0.3928 0.0000
vt 0.0020 0.3928 0.0000
vt 0.0643 0.3928 0.0000
vt 0.0954 0.3928 0.0000
vt 0.1265 0.3928 0.0000
vt 0.1576 0.3929 0.0000
vt 0.1888 0.3929 0.0000
vt 0.2199 0.3929 0.0000
vt 0.2510 0.3929 0.0000
vt 0.2821 0.3929 0.0000
vt 0.3133 0.3929 0.0000
vt 0.3444 0.3929 0.0000
vt 0.3755 0.3929 0.0000
vt 0.4066 0.3929 0.0000
vt 0.4377 0.3929 0.0000
vt 0.4689 0.3929 0.0000
vt 0.5000 0.3929 0.0000
vt 0.0331 0.3961 0.0000
vt 0.0020 0.3961 0.0000
vt 0.0643 0.3961 0.0000
vt 0.0954 0.3961 0.0000
vt 0.1265 0.3961 0.0000
vt 0.1576 0.3962 0.0000
vt 0.1888 0.3962 0.0000
vt 0.2199 0.3962 0.0000
vt 0.2510 0.3962 0.0000
vt 0.2821 0.3962 0.0000
vt 0.3133 0.3962 0.0000
vt 0.3444 0.3962 0.0000
vt 0.3755 0.3962 0.0000
vt 0.4066 0.3962 0.0000
vt 0.4377 0.3962 0.0000
vt 0.4689 0.3962 0.0000
vt 0.5000 0.3962 0.0000
vt 0.0331 0.3994 0.0000
vt 0.0020 0.3994 0.0000
vt 0.0643 0.3994 0.0000
vt 0.0954 0.3994 0.0000
vt 0.1265 0.3995 0.0000
vt 0.1576 0.3995 0.0000
vt 0.1888 0.3995 0.0000
vt 0.2199 0.3995 0.0000
vt 0.2510 0.3995 0.0000
vt 0.2821 0.3995 0.0000
vt 0.3133 0.3995 0.0000
vt 0.3444 0.3995 0.0000
vt 0.3755 0.3995 0.0000
vt 0.4066 0.3995 0.0000
vt 0.4377 0.3995 0.0000
vt 0.4689 0.3995 0.0000
vt 0.5000 0.3995 0.0000
vt 0.0331 0.4027 0.0000
vt 0.0020 0.4027 0.0000
vt 0.0643 0.4027 0.0000
vt 0.0954 0.4027 0.0000
vt 0.1265 0.4028 0.0000
vt 0.1576 0.4028 0.0000
vt 0.1888 0.4028 0.0000
vt 0.2199 0.4028 0.0000
vt 0.2510 0.4028 0.0000
vt 0.2821 0.4028 0.0000
vt 0.3133 0.4028 0.0000
vt 0.3444 0.4029 0.0000
vt 0.3755 0.4029 0.0000
vt 0.4066 0.4029 0.0000
vt 0.4377 0.4029 0.0000
vt 0.4689 0.4029 0.0000
vt 0.5000 0.4029 0.0000
vt 0.0331 0.4060 0.0000
vt 0.0020 0.4060 0.0000
vt 0.0643 0.4060 0.0000
vt 0.0954 0.4061 0.0000
vt 0.1265 0.4061 0.0000
vt 0.1576 0.4061 0.0000
vt 0.1888 0.4061 0.0000
vt 0.2199 0.4062 0.0000
vt 0.2510 0.4062 0.0000
vt 0.2821 0.4062 0.0000
vt 0.3133 0.4062 0.0000
vt 0.3444 0.4062 0.0000
vt 0.3755 0.4062 0.0000
vt 0.4066 0.4062 0.0000
vt 0.4377 0.4062 0.0000
vt 0.4689 0.4062 0.0000
vt 0.5000 0.4062 0.0000
vt 0.0331 0.4093 0.0000
vt 0.0020 0.4092 0.0000
vt 0.0643 0.4094 0.0000
vt 0.0954 0.4094 0.0000
vt 0.1265 0.4094 0.0000
vt 0.1576 0.4095 0.0000
vt 0.1888 0.4095 0.0000
vt 0.2199 0.4095 0.0000
vt 0.2510 0.4095 0.0000
vt 0.2821 0.4095 0.0000
vt 0.3133 0.4095 0.0000
vt 0.3444 0.4095 0.0000
vt 0.3755 0.4095 0.0000
vt 0.4066 0.4095 0.0000
vt 0.4377 0.4095 0.0000
vt 0.4689 0.4095 0.0000
vt 0.5000 0.4095 0.0000
vt 0.9669 0.3635 0.0000
vt 0.9980 0.3635 0.0000
vt 0.9669 0.3667 0.0000
vt 0.9980 0.3667 0.0000
vt 0.9669 0.3700 0.0000
vt 0.9980 0.3700 0.0000
vt 0.9669 0.3732 0.0000
vt 0.9980 0.3732 0.0000
vt 0.9669 0.3764 0.0000
vt 0.9980 0.3764 0.0000
vt 0.9669 0.3797 0.0000
vt 0.9980 0.3797 0.0000
vt 0.9669 0.3830 0.0000
vt 0.9980 0.3829 0.0000
vt 0.9669 0.3862 0.0000
vt 0.9980 0.3862 0.0000
vt 0.9669 0.3895 0.0000
vt 0.9980 0.3895 0.0000
vt 0.9669 0.3928 0.0000
vt 0.9980 0.3928 0.0000
vt 0.9669 0.3961 0.0000
vt 0.9980 0.3961 0.0000
vt 0.9669 0.3994 0.0000
vt 0.9980 0.3994 0.0000
vt 0.9669 0.4027 0.0000
vt 0.9980 0.4027 0.0000
vt 0.9669 0.4060 0.0000
vt 0.9980 0.4059 0.0000
vt 0.9669 0.4093 0.0000
vt 0.9980 0.4092 0.0000
vt 0.9669 0.4126 0.0000
vt 0.9980 0.4125 0.0000
vt 0.9357 0.3635 0.0000
vt 0.9357 0.3667 0.0000
vt 0.9357 0.3700 0.0000
vt 0.9357 0.3732 0.0000
vt 0.9357 0.3765 0.0000
vt 0.9357 0.3797 0.0000
vt 0.9357 0.3830 0.0000
vt 0.9357 0.3862 0.0000
vt 0.9357 0.3895 0.0000
vt 0.9357 0.3928 0.0000
vt 0.9357 0.3961 0.0000
vt 0.9357 0.3994 0.0000
vt 0.9357 0.4027 0.0000
vt 0.9357 0.4060 0.0000
vt 0.9357 0.4094 0.0000
vt 0.9357 0.4127 0.0000
vt 0.9046 0.3635 0.0000
vt 0.9046 0.3667 0.0000
vt 0.9046 0.3700 0.0000
vt 0.9046 0.3732 0.0000
vt 0.9046 0.3765 0.0000
vt 0.9046 0.3797 0.0000
vt 0.9046 0.3830 0.0000
vt 0.9046 0.3863 0.0000
vt 0.9046 0.3895 0.0000
vt 0.9046 0.3928 0.0000
vt 0.9046 0.3961 0.0000
vt 0.9046 0.3994 0.0000
vt 0.9046 0.4027 0.0000
vt 0.9046 0.4061 0.0000
vt 0.9046 0.4094 0.0000
vt 0.9046 0.4128 0.0000
vt 0.8735 0.3635 0.0000
vt 0.8735 0.3667 0.0000
vt 0.8735 0.3700 0.0000
vt 0.8735 0.3732 0.0000
vt 0.8735 0.3765 0.0000
vt 0.8735 0.3797 0.0000
vt 0.8735 0.3830 0.0000
vt 0.8735 0.3863 0.0000
vt 0.8735 0.3895 0.0000
vt 0.8735 0.3928 0.0000
vt 0.8735 0.3961 0.0000
vt 0.8735 0.3995 0.0000
vt 0.8735 0.4028 0.0000
vt 0.8735 0.4061 0.0000
vt 0.8735 0.4094 0.0000
vt 0.8735 0.4128 0.0000
vt 0.8424 0.3635 0.0000
vt 0.8424 0.3667 0.0000
vt 0.8424 0.3700 0.0000
vt 0.8424 0.3732 0.0000
vt 0.8424 0.3765 0.0000
vt 0.8424 0.3797 0.0000
vt 0.8424 0.3830 0.0000
vt 0.8424 0.3863 0.0000
vt 0.8424 0.3896 0.0000
vt 0.8424 0.3929 0.0000
vt 0.8424 0.3962 0.0000
vt 0.8424 0.3995 0.0000
vt 0.8424 0.4028 0.0000
vt 0.8424 0.4061 0.0000
vt 0.8424 0.4095 0.0000
vt 0.8424 0.4128 0.0000
vt 0.8112 0.3635 0.0000
vt 0.8112 0.3667 0.0000
vt 0.8112 0.3700 0.0000
vt 0.8112 0.3732 0.0000
vt 0.8112 0.3765 0.0000
vt 0.8112 0.3797 0.0000
vt 0.8112 0.3830 0.0000
vt 0.8112 0.3863 0.0000
vt 0.8112 0.3896 0.0000
vt 0.8112 0.3929 0.0000
vt 0.8112 0.3962 0.0000
vt 0.8112 0.3995 0.0000
vt 0.8112 0.4028 0.0000
vt 0.8112 0.4061 0.0000
vt 0.8112 0.4095 0.0000
vt 0.8112 0.4128 0.0000
vt 0.7801 0.3635 0.0000
vt 0.7801 0.3667 0.0000
vt 0.7801 0.3700 0.0000
vt 0.7801 0.3732 0.0000
vt 0.7801 0.3765 0.0000
vt 0.7801 0.3797 0.0000
vt 0.7801 0.3830 0.0000
vt 0.7801 0.3863 0.0000
vt 0.7801 0.3896 0.0000
vt 0.7801 0.3929 0.0000
vt 0.7801 0.3962 0.0000
vt 0.7801 0.3995 0.0000
vt 0.7801 0.4028 0.0000
vt 0.7801 0.4062 0.0000
vt 0.7801 0.4095 0.0000
vt 0.7801 0.4129 0.0000
vt 0.7490 0.3635 0.0000
vt 0.7490 0.3667 0.0000
vt 0.7490 0.3700 0.0000
vt 0.7490 0.3732 0.0000
vt 0.7490 0.3765 0.0000
vt 0.7490 0.3797 0.0000
vt 0.7490 0.3830 0.0000
vt 0.7490 0.3863 0.0000
vt 0.7490 0.3896 0.0000
vt 0.7490 0.3929 0.0000
vt 0.7490 0.3962 0.0000
vt 0.7490 0.3995 0.0000
vt 0.7490 0.4028 0.0000
vt 0.7490 0.4062 0.0000
vt 0.7490 0.4095 0.0000
vt 0.7490 0.4129 0.0000
vt 0.7179 0.3635 0.0000
vt 0.7179 0.3667 0.0000
vt 0.7179 0.3700 0.0000
vt 0.7179 0.3732 0.0000
vt 0.7179 0.3765 0.0000
vt 0.7179 0.3797 0.0000
vt 0.7179 0.3830 0.0000
vt 0.7179 0.3863 0.0000
vt 0.7179 0.3896 0.0000
vt 0.7179 0.3929 0.0000
vt 0.7179 0.3962 0.0000
vt 0.7179 0.3995 0.0000
vt 0.7179 0.4028 0.0000
vt 0.7179 0.4062 0.0000
vt 0.7179 0.4095 0.0000
vt 0.7179 0.4129 0.0000
vt 0.6867 0.3635 0.0000
vt 0.6867 0.3667 0.0000
vt 0.6867 0.3700 0.0000
vt 0.6867 0.3732 0.0000
vt 0.6867 0.3765 0.0000
vt 0.6867 0.3797 0.0000
vt 0.6867 0.3830 0.0000
vt 0.6867 0.3863 0.0000
vt 0.6867 0.3896 0.0000
vt 0.6867 0.3929 0.0000
vt 0.6867 0.3962 0.0000
vt 0.6867 0.3995 0.0000
vt 0.6867 0.4028 0.0000
vt 0.6867 0.4062 0.0000
vt 0.6867 0.4095 0.0000
vt 0.6867 0.4129 0.0000
vt 0.6556 0.3635 0.0000
vt 0.6556 0.3667 0.0000
vt 0.6556 0.3700 0.0000
vt 0.6556 0.3732 0.0000
vt 0.6556 0.3765 0.0000
vt 0.6556 0.3797 0.0000
vt 0.6556 0.3830 0.0000
vt 0.6556 0.3863 0.0000
vt 0.6556 0.3896 0.0000
vt 0.6556 0.3929 0.0000
vt 0.6556 0.3962 0.0000
vt 0.6556 0.3995 0.0000
vt 0.6556 0.4029 0.0000
vt 0.6556 0.4062 0.0000
vt 0.6556 0.4095 0.0000
vt 0.6556 0.4129 0.0000
vt 0.6245 0.3635 0.0000
vt 0.6245 0.3667 0.0000
vt 0.6245 0.3700 0.0000
vt 0.6245 0.3732 0.0000
vt 0.6245 0.3765 0.0000
vt 0.6245 0.3797 0.0000
vt 0.6245 0.3830 0.0000
vt 0.6245 0.3863 0.0000
vt 0.6245 0.3896 0.0000
vt 0.6245 0.3929 0.0000
vt 0.6245 0.3962 0.0000
vt 0.6245 0.3995 0.0000
vt 0.6245 0.4029 0.0000
vt 0.6245 0.4062 0.0000
vt 0.6245 0.4095 0.0000
vt 0.6245 0.4129 0.0000
vt 0.5934 0.3635 0.0000
vt 0.5934 0.3667 0.0000
vt 0.5934 0.3700 0.0000
vt 0.5934 0.3732 0.0000
vt 0.5934 0.3765 0.0000
vt 0.5934 0.3797 0.0000
vt 0.5934 0.3830 0.0000
vt 0.5934 0.3863 0.0000
vt 0.5934 0.3896 0.0000
vt 0.5934 0.3929 0.0000
vt 0.5934 0.3962 0.0000
vt 0.5934 0.3995 0.0000
vt 0.5934 0.4029 0.0000
vt 0.5934 0.4062 0.0000
vt 0.5934 0.4095 0.0000
vt 0.5934 0.4129 0.0000
vt 0.5622 0.3635 0.0000
vt 0.5622 0.3667 0.0000
vt 0.5622 0.3700 0.0000
vt 0.5622 0.3732 0.0000
vt 0.5622 0.3765 0.0000
vt 0.5622 0.3797 0.0000
vt 0.5622 0.3830 0.0000
vt 0.5622 0.3863 0.0000
vt 0.5622 0.3896 0.0000
vt 0.5622 0.3929 0.0000
vt 0.5622 0.3962 0.0000
vt 0.5622 0.3995 0.0000
vt 0.5622 0.4029 0.0000
vt 0.5622 0.4062 0.0000
vt 0.5622 0.4095 0.0000
vt 0.5622 0.4129 0.0000
vt 0.5311 0.3635 0.0000
vt 0.5311 0.3667 0.0000
vt 0.5311 0.3700 0.0000
vt 0.5311 0.3732 0.0000
vt 0.5311 0.3765 0.0000
vt 0.5311 0.3797 0.0000
vt 0.5311 0.3830 0.0000
vt 0.5311 0.3863 0.0000
vt 0.5311 0.3896 0.0000
vt 0.5311 0.3929 0.0000
vt 0.5311 0.3962 0.0000
vt 0.5311 0.3995 0.0000
vt 0.5311 0.4029 0.0000
vt 0.5311 0.4062 0.0000
vt 0.5311 0.4095 0.0000
vt 0.5311 0.4129 0.0000
vt 0.9669 0.4643 0.0000
vt 0.9980 0.4643 0.0000
vt 0.9357 0.4643 0.0000
vt 0.9046 0.4643 0.0000
vt 0.8735 0.4643 0.0000
vt 0.8424 0.4643 0.0000
vt 0.8112 0.4643 0.0000
vt 0.7801 0.4643 0.0000
vt 0.7490 0.4643 0.0000
vt 0.7179 0.4643 0.0000
vt 0.6867 0.4643 0.0000
vt 0.6556 0.4643 0.0000
vt 0.6245 0.4643 0.0000
vt 0.5934 0.4643 0.0000
vt 0.5622 0.4643 0.0000
vt 0.5311 0.4643 0.0000
vt 0.9669 0.4608 0.0000
vt 0.9980 0.4608 0.0000
vt 0.9357 0.4608 0.0000
vt 0.9046 0.4608 0.0000
vt 0.8735 0.4608 0.0000
vt 0.8424 0.4608 0.0000
vt 0.8112 0.4608 0.0000
vt 0.7801 0.4608 0.0000
vt 0.7490 0.4608 0.0000
vt 0.7179 0.4608 0.0000
vt 0.6867 0.4608 0.0000
vt 0.6556 0.4608 0.0000
vt 0.6245 0.4608 0.0000
vt 0.5934 0.4608 0.0000
vt 0.5622 0.4608 0.0000
vt 0.5311 0.4608 0.0000
vt 0.9669 0.4573 0.0000
vt 0.9980 0.4573 0.0000
vt 0.9357 0.4573 0.0000
vt 0.9046 0.4573 0.0000
vt 0.8735 0.4573 0.0000
vt 0.8424 0.4573 0.0000
vt 0.8112 0.4573 0.0000
vt 0.7801 0.4573 0.0000
vt 0.7490 0.4573 0.0000
vt 0.7179 0.4573 0.0000
vt 0.6867 0.4573 0.0000
vt 0.6556 0.4573 0.0000
vt 0.6245 0.4573 0.0000
vt 0.5934 0.4573 0.0000
vt 0.5622 0.4573 0.0000
vt 0.5311 0.4573 0.0000
vt 0.9669 0.4538 0.0000
vt 0.9980 0.4538 0.0000
vt 0.9357 0.4538 0.0000
vt 0.9046 0.4538 0.0000
vt 0.8735 0.4538 0.0000
vt 0.8424 0.4538 0.0000
vt 0.8112 0.4538 0.0000
vt 0.7801 0.4538 0.0000
vt 0.7490 0.4538 0.0000
vt 0.7179 0.4538 0.0000
vt 0.6867 0.4538 0.0000
vt 0.6556 0.4538 0.0000
vt 0.6245 0.4538 0.0000
vt 0.5934 0.4538 0.0000
vt 0.5622 0.4538 0.0000
vt 0.5311 0.4538 0.0000
vt 0.9669 0.4504 0.0000
vt 0.9980 0.4504 0.0000
vt 0.9357 0.4504 0.0000
vt 0.9046 0.4504 0.0000
vt 0.8735 0.4504 0.0000
vt 0.8424 0.4504 0.0000
vt 0.8112 0.4504 0.0000
vt 0.7801 0.4504 0.0000
vt 0.7490 0.4504 0.0000
vt 0.7179 0.4504 0.0000
vt 0.6867 0.4504 0.0000
vt 0.6556 0.4504 0.0000
vt 0.6245 0.4504 0.0000
vt 0.5934 0.4504 0.0000
vt 0.5622 0.4504 0.0000
vt 0.5311 0.4504 0.0000
vt 0.9669 0.4469 0.0000
vt 0.9980 0.4469 0.0000
vt 0.9357 0.4469 0.0000
vt 0.9046 0.4469 0.0000
vt 0.8735 0.4469 0.0000
vt 0.8424 0.4469 0.0000
vt 0.8112 0.4469 0.0000
vt 0.7801 0.4469 0.0000
vt 0.7490 0.4469 0.0000
vt 0.7179 0.4469 0.0000
vt 0.6867 0.4469 0.0000
vt 0.6556 0.4469 0.0000
vt 0.6245 0.4469 0.0000
vt 0.5934 0.4469 0.0000
vt 0.5622 0.4469 0.0000
vt 0.5311 0.4469 0.0000
vt 0.9669 0.4435 0.0000
vt 0.9980 0.4434 0.0000
vt 0.9357 0.4435 0.0000
vt 0.9046 0.4435 0.0000
vt 0.8735 0.4435 0.0000
vt 0.8424 0.4435 0.0000
vt 0.8112 0.4435 0.0000
vt 0.7801 0.4435 0.0000
vt 0.7490 0.4435 0.0000
vt 0.7179 0.4435 0.0000
vt 0.6867 0.4435 0.0000
vt 0.6556 0.4435 0.0000
vt 0.6245 0.4435 0.0000
vt 0.5934 0.4435 0.0000
vt 0.5622 0.4435 0.0000
vt 0.5311 0.4435 0.0000
vt 0.9669 0.4400 0.0000
vt 0.9980 0.4400 0.0000
vt 0.9357 0.4400 0.0000
vt 0.9046 0.4400 0.0000
vt 0.8735 0.4400 0.0000
vt 0.8424 0.4401 0.0000
vt 0.8112 0.4401 0.0000
vt 0.7801 0.4401 0.0000
vt 0.7490 0.4401 0.0000
vt 0.7179 0.4401 0.0000
vt 0.6867 0.4401 0.0000
vt 0.6556 0.4401 0.0000
vt 0.6245 0.4401 0.0000
vt 0.5934 0.4401 0.0000
vt 0.5622 0.4401 0.0000
vt 0.5311 0.4401 0.0000
vt 0.9669 0.4366 0.0000
vt 0.9980 0.4366 0.0000
vt 0.9357 0.4366 0.0000
vt 0.9046 0.4366 0.0000
vt 0.8735 0.4366 0.0000
vt 0.8424 0.4366 0.0000
vt 0.8112 0.4366 0.0000
vt 0.7801 0.4366 0.0000
vt 0.7490 0.4366 0.0000
vt 0.7179 0.4366 0.0000
vt 0.6867 0.4366 0.0000
vt 0.6556 0.4366 0.0000
vt 0.6245 0.4366 0.0000
vt 0.5934 0.4367 0.0000
vt 0.5622 0.4367 0.0000
vt 0.5311 0.4367 0.0000
vt 0.9669 0.4331 0.0000
vt 0.9980 0.4331 0.0000
vt 0.9357 0.4332 0.0000
vt 0.9046 0.4332 0.0000
vt 0.8735 0.4332 0.0000
vt 0.8424 0.4332 0.0000
vt 0.8112 0.4332 0.0000
vt 0.7801 0.4332 0.0000
vt 0.7490 0.4332 0.0000
vt 0.7179 0.4332 0.0000
vt 0.6867 0.4332 0.0000
vt 0.6556 0.4332 0.0000
vt 0.6245 0.4332 0.0000
vt 0.5934 0.4332 0.0000
vt 0.5622 0.4332 0.0000
vt 0.5311 0.4332 0.0000
vt 0.9669 0.4297 0.0000
vt 0.9980 0.4297 0.0000
vt 0.9357 0.4297 0.0000
vt 0.9046 0.4297 0.0000
vt 0.8735 0.4298 0.0000
vt 0.8424 0.4298 0.0000
vt 0.8112 0.4298 0.0000
vt 0.7801 0.4298 0.0000
vt 0.7490 0.4298 0.0000
vt 0.7179 0.4298 0.0000
vt 0.6867 0.4298 0.0000
vt 0.6556 0.4298 0.0000
vt 0.6245 0.4298 0.0000
vt 0.5934 0.4298 0.0000
vt 0.5622 0.4298 0.0000
vt 0.5311 0.4298 0.0000
vt 0.9669 0.4263 0.0000
vt 0.9980 0.4263 0.0000
vt 0.9357 0.4263 0.0000
vt 0.9046 0.4263 0.0000
vt 0.8735 0.4264 0.0000
vt 0.8424 0.4264 0.0000
vt 0.8112 0.4264 0.0000
vt 0.7801 0.4264 0.0000
vt 0.7490 0.4264 0.0000
vt 0.7179 0.4264 0.0000
vt 0.6867 0.4264 0.0000
vt 0.6556 0.4264 0.0000
vt 0.6245 0.4264 0.0000
vt 0.5934 0.4264 0.0000
vt 0.5622 0.4264 0.0000
vt 0.5311 0.4264 0.0000
vt 0.9669 0.4229 0.0000
vt 0.9980 0.4228 0.0000
vt 0.9357 0.4229 0.0000
vt 0.9046 0.4229 0.0000
vt 0.8735 0.4229 0.0000
vt 0.8424 0.4230 0.0000
vt 0.8112 0.4230 0.0000
vt 0.7801 0.4230 0.0000
vt 0.7490 0.4230 0.0000
vt 0.7179 0.4230 0.0000
vt 0.6867 0.4230 0.0000
vt 0.6556 0.4230 0.0000
vt 0.6245 0.4230 0.0000
vt 0.5934 0.4230 0.0000
vt 0.5622 0.4230 0.0000
vt 0.5311 0.4230 0.0000
vt 0.9669 0.4194 0.0000
vt 0.9980 0.4194 0.0000
vt 0.9357 0.4195 0.0000
vt 0.9046 0.4195 0.0000
vt 0.8735 0.4195 0.0000
vt 0.8424 0.4196 0.0000
vt 0.8112 0.4196 0.0000
vt 0.7801 0.4196 0.0000
vt 0.7490 0.4196 0.0000
vt 0.7179 0.4196 0.0000
vt 0.6867 0.4196 0.0000
vt 0.6556 0.4196 0.0000
vt 0.6245 0.4196 0.0000
vt 0.5934 0.4196 0.0000
vt 0.5622 0.4196 0.0000
vt 0.5311 0.4197 0.0000
vt 0.9669 0.4160 0.0000
vt 0.9980 0.4160 0.0000
vt 0.9357 0.4161 0.0000
vt 0.9046 0.4161 0.0000
vt 0.8735 0.4162 0.0000
vt 0.8424 0.4162 0.0000
vt 0.8112 0.4162 0.0000
vt 0.7801 0.4162 0.0000
vt 0.7490 0.4162 0.0000
vt 0.7179 0.4163 0.0000
vt 0.6867 0.4163 0.0000
vt 0.6556 0.4163 0.0000
vt 0.6245 0.4163 0.0000
vt 0.5934 0.4163 0.0000
vt 0.5622 0.4163 0.0000
vt 0.5311 0.4163 0.0000
# 5313 texture coords

o 28368082_aa92_4f4f_9a06_78049c3efe5b
g 28368082_aa92_4f4f_9a06_78049c3efe5b
usemtl 23e2b87f_41f5_4758_9ada_ed361a0a60d9
f 1/1 2/2 3/3 4/4 
f 5/5 1/1 4/4 6/6 
f 7/7 5/5 6/6 8/8 
f 9/9 7/7 8/8 10/10 
f 11/11 9/9 10/10 12/12 
f 13/13 11/11 12/12 14/14 
f 15/15 13/13 14/14 16/16 
f 17/17 15/15 16/16 18/18 
f 19/19 17/17 18/18 20/20 
f 21/21 19/19 20/20 22/22 
f 23/23 21/21 22/22 24/24 
f 25/25 23/23 24/24 26/26 
f 27/27 25/25 26/26 28/28 
f 29/29 27/27 28/28 30/30 
f 31/31 29/29 30/30 32/32 
f 33/33 31/31 32/32 34/34 
f 35/35 36/36 2/2 1/1 
f 37/37 35/35 1/1 5/5 
f 38/38 37/37 5/5 7/7 
f 39/39 38/38 7/7 9/9 
f 40/40 39/39 9/9 11/11 
f 41/41 40/40 11/11 13/13 
f 42/42 41/41 13/13 15/15 
f 43/43 42/42 15/15 17/17 
f 44/44 43/43 17/17 19/19 
f 45/45 44/44 19/19 21/21 
f 46/46 45/45 21/21 23/23 
f 47/47 46/46 23/23 25/25 
f 48/48 47/47 25/25 27/27 
f 49/49 48/48 27/27 29/29 
f 50/50 49/49 29/29 31/31 
f 51/51 50/50 31/31 33/33 
f 52/52 53/53 36/36 35/35 
f 54/54 52/52 35/35 37/37 
f 55/55 54/54 37/37 38/38 
f 56/56 55/55 38/38 39/39 
f 57/57 56/56 39/39 40/40 
f 58/58 57/57 40/40 41/41 
f 59/59 58/58 41/41 42/42 
f 60/60 59/59 42/42 43/43 
f 61/61 60/60 43/43 44/44 
f 62/62 61/61 44/44 45/45 
f 63/63 62/62 45/45 46/46 
f 64/64 63/63 46/46 47/47 
f 65/65 64/64 47/47 48/48 
f 66/66 65/65 48/48 49/49 
f 67/67 66/66 49/49 50/50 
f 68/68 67/67 50/50 51/51 
f 69/69 70/70 53/53 52/52 
f 71/71 69/69 52/52 54/54 
f 72/72 71/71 54/54 55/55 
f 73/73 72/72 55/55 56/56 
f 74/74 73/73 56/56 57/57 
f 75/75 74/74 57/57 58/58 
f 76/76 75/75 58/58 59/59 
f 77/77 76/76 59/59 60/60 
f 78/78 77/77 60/60 61/61 
f 79/79 78/78 61/61 62/62 
f 80/80 79/79 62/62 63/63 
f 81/81 80/80 63/63 64/64 
f 82/82 81/81 64/64 65/65 
f 83/83 82/82 65/65 66/66 
f 84/84 83/83 66/66 67/67 
f 85/85 84/84 67/67 68/68 
f 86/86 87/87 70/70 69/69 
f 88/88 86/86 69/69 71/71 
f 89/89 88/88 71/71 72/72 
f 90/90 89/89 72/72 73/73 
f 91/91 90/90 73/73 74/74 
f 92/92 91/91 74/74 75/75 
f 93/93 92/92 75/75 76/76 
f 94/94 93/93 76/76 77/77 
f 95/95 94/94 77/77 78/78 
f 96/96 95/95 78/78 79/79 
f 97/97 96/96 79/79 80/80 
f 98/98 97/97 80/80 81/81 
f 99/99 98/98 81/81 82/82 
f 100/100 99/99 82/82 83/83 
f 101/101 100/100 83/83 84/84 
f 102/102 101/101 84/84 85/85 
f 103/103 104/104 87/87 86/86 
f 105/105 103/103 86/86 88/88 
f 106/106 105/105 88/88 89/89 
f 107/107 106/106 89/89 90/90 
f 108/108 107/107 90/90 91/91 
f 109/109 108/108 91/91 92/92 
f 110/110 109/109 92/92 93/93 
f 111/111 110/110 93/93 94/94 
f 112/112 111/111 94/94 95/95 
f 113/113 112/112 95/95 96/96 
f 114/114 113/113 96/96 97/97 
f 115/115 114/114 97/97 98/98 
f 116/116 115/115 98/98 99/99 
f 117/117 116/116 99/99 100/100 
f 118/118 117/117 100/100 101/101 
f 119/119 118/118 101/101 102/102 
f 120/120 121/121 104/104 103/103 
f 122/122 120/120 103/103 105/105 
f 123/123 122/122 105/105 106/106 
f 124/124 123/123 106/106 107/107 
f 125/125 124/124 107/107 108/108 
f 126/126 125/125 108/108 109/109 
f 127/127 126/126 109/109 110/110 
f 128/128 127/127 110/110 111/111 
f 129/129 128/128 111/111 112/112 
f 130/130 129/129 112/112 113/113 
f 131/131 130/130 113/113 114/114 
f 132/132 131/131 114/114 115/115 
f 133/133 132/132 115/115 116/116 
f 134/134 133/133 116/116 117/117 
f 135/135 134/134 117/117 118/118 
f 136/136 135/135 118/118 119/119 
f 137/137 138/138 121/121 120/120 
f 139/139 137/137 120/120 122/122 
f 140/140 139/139 122/122 123/123 
f 141/141 140/140 123/123 124/124 
f 142/142 141/141 124/124 125/125 
f 143/143 142/142 125/125 126/126 
f 144/144 143/143 126/126 127/127 
f 145/145 144/144 127/127 128/128 
f 146/146 145/145 128/128 129/129 
f 147/147 146/146 129/129 130/130 
f 148/148 147/147 130/130 131/131 
f 149/149 148/148 131/131 132/132 
f 150/150 149/149 132/132 133/133 
f 151/151 150/150 133/133 134/134 
f 152/152 151/151 134/134 135/135 
f 153/153 152/152 135/135 136/136 
f 154/154 155/155 138/138 137/137 
f 156/156 154/154 137/137 139/139 
f 157/157 156/156 139/139 140/140 
f 158/158 157/157 140/140 141/141 
f 159/159 158/158 141/141 142/142 
f 160/160 159/159 142/142 143/143 
f 161/161 160/160 143/143 144/144 
f 162/162 161/161 144/144 145/145 
f 163/163 162/162 145/145 146/146 
f 164/164 163/163 146/146 147/147 
f 165/165 164/164 147/147 148/148 
f 166/166 165/165 148/148 149/149 
f 167/167 166/166 149/149 150/150 
f 168/168 167/167 150/150 151/151 
f 169/169 168/168 151/151 152/152 
f 170/170 169/169 152/152 153/153 
f 171/171 172/172 155/155 154/154 
f 173/173 171/171 154/154 156/156 
f 174/174 173/173 156/156 157/157 
f 175/175 174/174 157/157 158/158 
f 176/176 175/175 158/158 159/159 
f 177/177 176/176 159/159 160/160 
f 178/178 177/177 160/160 161/161 
f 179/179 178/178 161/161 162/162 
f 180/180 179/179 162/162 163/163 
f 181/181 180/180 163/163 164/164 
f 182/182 181/181 164/164 165/165 
f 183/183 182/182 165/165 166/166 
f 184/184 183/183 166/166 167/167 
f 185/185 184/184 167/167 168/168 
f 186/186 185/185 168/168 169/169 
f 187/187 186/186 169/169 170/170 
f 188/188 189/189 172/172 171/171 
f 190/190 188/188 171/171 173/173 
f 191/191 190/190 173/173 174/174 
f 192/192 191/191 174/174 175/175 
f 193/193 192/192 175/175 176/176 
f 194/194 193/193 176/176 177/177 
f 195/195 194/194 177/177 178/178 
f 196/196 195/195 178/178 179/179 
f 197/197 196/196 179/179 180/180 
f 198/198 197/197 180/180 181/181 
f 199/199 198/198 181/181 182/182 
f 200/200 199/199 182/182 183/183 
f 201/201 200/200 183/183 184/184 
f 202/202 201/201 184/184 185/185 
f 203/203 202/202 185/185 186/186 
f 204/204 203/203 186/186 187/187 
f 205/205 206/206 189/189 188/188 
f 207/207 205/205 188/188 190/190 
f 208/208 207/207 190/190 191/191 
f 209/209 208/208 191/191 192/192 
f 210/210 209/209 192/192 193/193 
f 211/211 210/210 193/193 194/194 
f 212/212 211/211 194/194 195/195 
f 213/213 212/212 195/195 196/196 
f 214/214 213/213 196/196 197/197 
f 215/215 214/214 197/197 198/198 
f 216/216 215/215 198/198 199/199 
f 217/217 216/216 199/199 200/200 
f 218/218 217/217 200/200 201/201 
f 219/219 218/218 201/201 202/202 
f 220/220 219/219 202/202 203/203 
f 221/221 220/220 203/203 204/204 
f 222/222 223/223 206/206 205/205 
f 224/224 222/222 205/205 207/207 
f 225/225 224/224 207/207 208/208 
f 226/226 225/225 208/208 209/209 
f 227/227 226/226 209/209 210/210 
f 228/228 227/227 210/210 211/211 
f 229/229 228/228 211/211 212/212 
f 230/230 229/229 212/212 213/213 
f 231/231 230/230 213/213 214/214 
f 232/232 231/231 214/214 215/215 
f 233/233 232/232 215/215 216/216 
f 234/234 233/233 216/216 217/217 
f 235/235 234/234 217/217 218/218 
f 236/236 235/235 218/218 219/219 
f 237/237 236/236 219/219 220/220 
f 238/238 237/237 220/220 221/221 
f 239/239 240/240 223/223 222/222 
f 241/241 239/239 222/222 224/224 
f 242/242 241/241 224/224 225/225 
f 243/243 242/242 225/225 226/226 
f 244/244 243/243 226/226 227/227 
f 245/245 244/244 227/227 228/228 
f 246/246 245/245 228/228 229/229 
f 247/247 246/246 229/229 230/230 
f 248/248 247/247 230/230 231/231 
f 249/249 248/248 231/231 232/232 
f 250/250 249/249 232/232 233/233 
f 251/251 250/250 233/233 234/234 
f 252/252 251/251 234/234 235/235 
f 253/253 252/252 235/235 236/236 
f 254/254 253/253 236/236 237/237 
f 255/255 254/254 237/237 238/238 
f 256/256 257/257 240/240 239/239 
f 258/258 256/256 239/239 241/241 
f 259/259 258/258 241/241 242/242 
f 260/260 259/259 242/242 243/243 
f 261/261 260/260 243/243 244/244 
f 262/262 261/261 244/244 245/245 
f 263/263 262/262 245/245 246/246 
f 264/264 263/263 246/246 247/247 
f 265/265 264/264 247/247 248/248 
f 266/266 265/265 248/248 249/249 
f 267/267 266/266 249/249 250/250 
f 268/268 267/267 250/250 251/251 
f 269/269 268/268 251/251 252/252 
f 270/270 269/269 252/252 253/253 
f 271/271 270/270 253/253 254/254 
f 272/272 271/271 254/254 255/255 
f 273/273 274/274 257/257 256/256 
f 275/275 273/273 256/256 258/258 
f 276/276 275/275 258/258 259/259 
f 277/277 276/276 259/259 260/260 
f 278/278 277/277 260/260 261/261 
f 279/279 278/278 261/261 262/262 
f 280/280 279/279 262/262 263/263 
f 281/281 280/280 263/263 264/264 
f 282/282 281/281 264/264 265/265 
f 283/283 282/282 265/265 266/266 
f 284/284 283/283 266/266 267/267 
f 285/285 284/284 267/267 268/268 
f 286/286 285/285 268/268 269/269 
f 287/287 286/286 269/269 270/270 
f 288/288 287/287 270/270 271/271 
f 289/289 288/288 271/271 272/272 
f 290/290 291/291 292/292 293/293 
f 294/294 295/295 291/291 290/290 
f 296/296 297/297 295/295 294/294 
f 298/298 299/299 297/297 296/296 
f 300/300 301/301 299/299 298/298 
f 302/302 303/303 301/301 300/300 
f 304/304 305/305 303/303 302/302 
f 306/306 307/307 305/305 304/304 
f 308/308 309/309 307/307 306/306 
f 310/310 311/311 309/309 308/308 
f 312/312 313/313 311/311 310/310 
f 314/314 315/315 313/313 312/312 
f 316/316 317/317 315/315 314/314 
f 318/318 319/319 317/317 316/316 
f 320/320 321/321 319/319 318/318 
f 322/322 323/323 321/321 320/320 
f 291/291 324/324 325/325 292/292 
f 295/295 326/326 324/324 291/291 
f 297/297 327/327 326/326 295/295 
f 299/299 328/328 327/327 297/297 
f 301/301 329/329 328/328 299/299 
f 303/303 330/330 329/329 301/301 
f 305/305 331/331 330/330 303/303 
f 307/307 332/332 331/331 305/305 
f 309/309 333/333 332/332 307/307 
f 311/311 334/334 333/333 309/309 
f 313/313 335/335 334/334 311/311 
f 315/315 336/336 335/335 313/313 
f 317/317 337/337 336/336 315/315 
f 319/319 338/338 337/337 317/317 
f 321/321 339/339 338/338 319/319 
f 323/323 340/340 339/339 321/321 
f 324/324 341/341 342/342 325/325 
f 326/326 343/343 341/341 324/324 
f 327/327 344/344 343/343 326/326 
f 328/328 345/345 344/344 327/327 
f 329/329 346/346 345/345 328/328 
f 330/330 347/347 346/346 329/329 
f 331/331 348/348 347/347 330/330 
f 332/332 349/349 348/348 331/331 
f 333/333 350/350 349/349 332/332 
f 334/334 351/351 350/350 333/333 
f 335/335 352/352 351/351 334/334 
f 336/336 353/353 352/352 335/335 
f 337/337 354/354 353/353 336/336 
f 338/338 355/355 354/354 337/337 
f 339/339 356/356 355/355 338/338 
f 340/340 357/357 356/356 339/339 
f 341/341 358/358 359/359 342/342 
f 343/343 360/360 358/358 341/341 
f 344/344 361/361 360/360 343/343 
f 345/345 362/362 361/361 344/344 
f 346/346 363/363 362/362 345/345 
f 347/347 364/364 363/363 346/346 
f 348/348 365/365 364/364 347/347 
f 349/349 366/366 365/365 348/348 
f 350/350 367/367 366/366 349/349 
f 351/351 368/368 367/367 350/350 
f 352/352 369/369 368/368 351/351 
f 353/353 370/370 369/369 352/352 
f 354/354 371/371 370/370 353/353 
f 355/355 372/372 371/371 354/354 
f 356/356 373/373 372/372 355/355 
f 357/357 374/374 373/373 356/356 
f 358/358 375/375 376/376 359/359 
f 360/360 377/377 375/375 358/358 
f 361/361 378/378 377/377 360/360 
f 362/362 379/379 378/378 361/361 
f 363/363 380/380 379/379 362/362 
f 364/364 381/381 380/380 363/363 
f 365/365 382/382 381/381 364/364 
f 366/366 383/383 382/382 365/365 
f 367/367 384/384 383/383 366/366 
f 368/368 385/385 384/384 367/367 
f 369/369 386/386 385/385 368/368 
f 370/370 387/387 386/386 369/369 
f 371/371 388/388 387/387 370/370 
f 372/372 389/389 388/388 371/371 
f 373/373 390/390 389/389 372/372 
f 374/374 391/391 390/390 373/373 
f 375/375 392/392 393/393 376/376 
f 377/377 394/394 392/392 375/375 
f 378/378 395/395 394/394 377/377 
f 379/379 396/396 395/395 378/378 
f 380/380 397/397 396/396 379/379 
f 381/381 398/398 397/397 380/380 
f 382/382 399/399 398/398 381/381 
f 383/383 400/400 399/399 382/382 
f 384/384 401/401 400/400 383/383 
f 385/385 402/402 401/401 384/384 
f 386/386 403/403 402/402 385/385 
f 387/387 404/404 403/403 386/386 
f 388/388 405/405 404/404 387/387 
f 389/389 406/406 405/405 388/388 
f 390/390 407/407 406/406 389/389 
f 391/391 408/408 407/407 390/390 
f 392/392 409/409 410/410 393/393 
f 394/394 411/411 409/409 392/392 
f 395/395 412/412 411/411 394/394 
f 396/396 413/413 412/412 395/395 
f 397/397 414/414 413/413 396/396 
f 398/398 415/415 414/414 397/397 
f 399/399 416/416 415/415 398/398 
f 400/400 417/417 416/416 399/399 
f 401/401 418/418 417/417 400/400 
f 402/402 419/419 418/418 401/401 
f 403/403 420/420 419/419 402/402 
f 404/404 421/421 420/420 403/403 
f 405/405 422/422 421/421 404/404 
f 406/406 423/423 422/422 405/405 
f 407/407 424/424 423/423 406/406 
f 408/408 425/425 424/424 407/407 
f 409/409 426/426 427/427 410/410 
f 411/411 428/428 426/426 409/409 
f 412/412 429/429 428/428 411/411 
f 413/413 430/430 429/429 412/412 
f 414/414 431/431 430/430 413/413 
f 415/415 432/432 431/431 414/414 
f 416/416 433/433 432/432 415/415 
f 417/417 434/434 433/433 416/416 
f 418/418 435/435 434/434 417/417 
f 419/419 436/436 435/435 418/418 
f 420/420 437/437 436/436 419/419 
f 421/421 438/438 437/437 420/420 
f 422/422 439/439 438/438 421/421 
f 423/423 440/440 439/439 422/422 
f 424/424 441/441 440/440 423/423 
f 425/425 442/442 441/441 424/424 
f 426/426 443/443 444/444 427/427 
f 428/428 445/445 443/443 426/426 
f 429/429 446/446 445/445 428/428 
f 430/430 447/447 446/446 429/429 
f 431/431 448/448 447/447 430/430 
f 432/432 449/449 448/448 431/431 
f 433/433 450/450 449/449 432/432 
f 434/434 451/451 450/450 433/433 
f 435/435 452/452 451/451 434/434 
f 436/436 453/453 452/452 435/435 
f 437/437 454/454 453/453 436/436 
f 438/438 455/455 454/454 437/437 
f 439/439 456/456 455/455 438/438 
f 440/440 457/457 456/456 439/439 
f 441/441 458/458 457/457 440/440 
f 442/442 459/459 458/458 441/441 
f 443/443 460/460 461/461 444/444 
f 445/445 462/462 460/460 443/443 
f 446/446 463/463 462/462 445/445 
f 447/447 464/464 463/463 446/446 
f 448/448 465/465 464/464 447/447 
f 449/449 466/466 465/465 448/448 
f 450/450 467/467 466/466 449/449 
f 451/451 468/468 467/467 450/450 
f 452/452 469/469 468/468 451/451 
f 453/453 470/470 469/469 452/452 
f 454/454 471/471 470/470 453/453 
f 455/455 472/472 471/471 454/454 
f 456/456 473/473 472/472 455/455 
f 457/457 474/474 473/473 456/456 
f 458/458 475/475 474/474 457/457 
f 459/459 476/476 475/475 458/458 
f 460/460 477/477 478/478 461/461 
f 462/462 479/479 477/477 460/460 
f 463/463 480/480 479/479 462/462 
f 464/464 481/481 480/480 463/463 
f 465/465 482/482 481/481 464/464 
f 466/466 483/483 482/482 465/465 
f 467/467 484/484 483/483 466/466 
f 468/468 485/485 484/484 467/467 
f 469/469 486/486 485/485 468/468 
f 470/470 487/487 486/486 469/469 
f 471/471 488/488 487/487 470/470 
f 472/472 489/489 488/488 471/471 
f 473/473 490/490 489/489 472/472 
f 474/474 491/491 490/490 473/473 
f 475/475 492/492 491/491 474/474 
f 476/476 493/493 492/492 475/475 
f 477/477 494/494 495/495 478/478 
f 479/479 496/496 494/494 477/477 
f 480/480 497/497 496/496 479/479 
f 481/481 498/498 497/497 480/480 
f 482/482 499/499 498/498 481/481 
f 483/483 500/500 499/499 482/482 
f 484/484 501/501 500/500 483/483 
f 485/485 502/502 501/501 484/484 
f 486/486 503/503 502/502 485/485 
f 487/487 504/504 503/503 486/486 
f 488/488 505/505 504/504 487/487 
f 489/489 506/506 505/505 488/488 
f 490/490 507/507 506/506 489/489 
f 491/491 508/508 507/507 490/490 
f 492/492 509/509 508/508 491/491 
f 493/493 510/510 509/509 492/492 
f 494/494 511/511 512/512 495/495 
f 496/496 513/513 511/511 494/494 
f 497/497 514/514 513/513 496/496 
f 498/498 515/515 514/514 497/497 
f 499/499 516/516 515/515 498/498 
f 500/500 517/517 516/516 499/499 
f 501/501 518/518 517/517 500/500 
f 502/502 519/519 518/518 501/501 
f 503/503 520/520 519/519 502/502 
f 504/504 521/521 520/520 503/503 
f 505/505 522/522 521/521 504/504 
f 506/506 523/523 522/522 505/505 
f 507/507 524/524 523/523 506/506 
f 508/508 525/525 524/524 507/507 
f 509/509 526/526 525/525 508/508 
f 510/510 527/527 526/526 509/509 
f 511/511 528/528 529/529 512/512 
f 513/513 530/530 528/528 511/511 
f 514/514 531/531 530/530 513/513 
f 515/515 532/532 531/531 514/514 
f 516/516 533/533 532/532 515/515 
f 517/517 534/534 533/533 516/516 
f 518/518 535/535 534/534 517/517 
f 519/519 536/536 535/535 518/518 
f 520/520 537/537 536/536 519/519 
f 521/521 538/538 537/537 520/520 
f 522/522 539/539 538/538 521/521 
f 523/523 540/540 539/539 522/522 
f 524/524 541/541 540/540 523/523 
f 525/525 542/542 541/541 524/524 
f 526/526 543/543 542/542 525/525 
f 527/527 544/544 543/543 526/526 
f 528/528 545/545 546/546 529/529 
f 530/530 547/547 545/545 528/528 
f 531/531 548/548 547/547 530/530 
f 532/532 549/549 548/548 531/531 
f 533/533 550/550 549/549 532/532 
f 534/534 551/551 550/550 533/533 
f 535/535 552/552 551/551 534/534 
f 536/536 553/553 552/552 535/535 
f 537/537 554/554 553/553 536/536 
f 538/538 555/555 554/554 537/537 
f 539/539 556/556 555/555 538/538 
f 540/540 557/557 556/556 539/539 
f 541/541 558/558 557/557 540/540 
f 542/542 559/559 558/558 541/541 
f 543/543 560/560 559/559 542/542 
f 544/544 561/561 560/560 543/543 
f 545/545 33/33 34/34 546/546 
f 547/547 51/51 33/33 545/545 
f 548/548 68/68 51/51 547/547 
f 549/549 85/85 68/68 548/548 
f 550/550 102/102 85/85 549/549 
f 551/551 119/119 102/102 550/550 
f 552/552 136/136 119/119 551/551 
f 553/553 153/153 136/136 552/552 
f 554/554 170/170 153/153 553/553 
f 555/555 187/187 170/170 554/554 
f 556/556 204/204 187/187 555/555 
f 557/557 221/221 204/204 556/556 
f 558/558 238/238 221/221 557/557 
f 559/559 255/255 238/238 558/558 
f 560/560 272/272 255/255 559/559 
f 561/561 289/289 272/272 560/560 
f 562/562 563/563 564/564 565/565 
f 566/566 562/562 565/565 567/567 
f 568/568 566/566 567/567 569/569 
f 570/570 568/568 569/569 571/571 
f 572/572 570/570 571/571 573/573 
f 574/574 572/572 573/573 575/575 
f 576/576 574/574 575/575 577/577 
f 578/578 576/576 577/577 579/579 
f 580/580 578/578 579/579 581/581 
f 582/582 580/580 581/581 583/583 
f 584/584 582/582 583/583 585/585 
f 586/586 584/584 585/585 587/587 
f 588/588 586/586 587/587 589/589 
f 590/590 588/588 589/589 591/591 
f 592/592 590/590 591/591 593/593 
f 594/594 592/592 593/593 595/595 
f 596/596 597/597 563/563 562/562 
f 598/598 596/596 562/562 566/566 
f 599/599 598/598 566/566 568/568 
f 600/600 599/599 568/568 570/570 
f 601/601 600/600 570/570 572/572 
f 602/602 601/601 572/572 574/574 
f 603/603 602/602 574/574 576/576 
f 604/604 603/603 576/576 578/578 
f 605/605 604/604 578/578 580/580 
f 606/606 605/605 580/580 582/582 
f 607/607 606/606 582/582 584/584 
f 608/608 607/607 584/584 586/586 
f 609/609 608/608 586/586 588/588 
f 610/610 609/609 588/588 590/590 
f 611/611 610/610 590/590 592/592 
f 612/612 611/611 592/592 594/594 
f 613/613 614/614 597/597 596/596 
f 615/615 613/613 596/596 598/598 
f 616/616 615/615 598/598 599/599 
f 617/617 616/616 599/599 600/600 
f 618/618 617/617 600/600 601/601 
f 619/619 618/618 601/601 602/602 
f 620/620 619/619 602/602 603/603 
f 621/621 620/620 603/603 604/604 
f 622/622 621/621 604/604 605/605 
f 623/623 622/622 605/605 606/606 
f 624/624 623/623 606/606 607/607 
f 625/625 624/624 607/607 608/608 
f 626/626 625/625 608/608 609/609 
f 627/627 626/626 609/609 610/610 
f 628/628 627/627 610/610 611/611 
f 629/629 628/628 611/611 612/612 
f 630/630 631/631 614/614 613/613 
f 632/632 630/630 613/613 615/615 
f 633/633 632/632 615/615 616/616 
f 634/634 633/633 616/616 617/617 
f 635/635 634/634 617/617 618/618 
f 636/636 635/635 618/618 619/619 
f 637/637 636/636 619/619 620/620 
f 638/638 637/637 620/620 621/621 
f 639/639 638/638 621/621 622/622 
f 640/640 639/639 622/622 623/623 
f 641/641 640/640 623/623 624/624 
f 642/642 641/641 624/624 625/625 
f 643/643 642/642 625/625 626/626 
f 644/644 643/643 626/626 627/627 
f 645/645 644/644 627/627 628/628 
f 646/646 645/645 628/628 629/629 
f 647/647 648/648 631/631 630/630 
f 649/649 647/647 630/630 632/632 
f 650/650 649/649 632/632 633/633 
f 651/651 650/650 633/633 634/634 
f 652/652 651/651 634/634 635/635 
f 653/653 652/652 635/635 636/636 
f 654/654 653/653 636/636 637/637 
f 655/655 654/654 637/637 638/638 
f 656/656 655/655 638/638 639/639 
f 657/657 656/656 639/639 640/640 
f 658/658 657/657 640/640 641/641 
f 659/659 658/658 641/641 642/642 
f 660/660 659/659 642/642 643/643 
f 661/661 660/660 643/643 644/644 
f 662/662 661/661 644/644 645/645 
f 663/663 662/662 645/645 646/646 
f 664/664 665/665 648/648 647/647 
f 666/666 664/664 647/647 649/649 
f 667/667 666/666 649/649 650/650 
f 668/668 667/667 650/650 651/651 
f 669/669 668/668 651/651 652/652 
f 670/670 669/669 652/652 653/653 
f 671/671 670/670 653/653 654/654 
f 672/672 671/671 654/654 655/655 
f 673/673 672/672 655/655 656/656 
f 674/674 673/673 656/656 657/657 
f 675/675 674/674 657/657 658/658 
f 676/676 675/675 658/658 659/659 
f 677/677 676/676 659/659 660/660 
f 678/678 677/677 660/660 661/661 
f 679/679 678/678 661/661 662/662 
f 680/680 679/679 662/662 663/663 
f 681/681 682/682 665/665 664/664 
f 683/683 681/681 664/664 666/666 
f 684/684 683/683 666/666 667/667 
f 685/685 684/684 667/667 668/668 
f 686/686 685/685 668/668 669/669 
f 687/687 686/686 669/669 670/670 
f 688/688 687/687 670/670 671/671 
f 689/689 688/688 671/671 672/672 
f 690/690 689/689 672/672 673/673 
f 691/691 690/690 673/673 674/674 
f 692/692 691/691 674/674 675/675 
f 693/693 692/692 675/675 676/676 
f 694/694 693/693 676/676 677/677 
f 695/695 694/694 677/677 678/678 
f 696/696 695/695 678/678 679/679 
f 697/697 696/696 679/679 680/680 
f 698/698 699/699 682/682 681/681 
f 700/700 698/698 681/681 683/683 
f 701/701 700/700 683/683 684/684 
f 702/702 701/701 684/684 685/685 
f 703/703 702/702 685/685 686/686 
f 704/704 703/703 686/686 687/687 
f 705/705 704/704 687/687 688/688 
f 706/706 705/705 688/688 689/689 
f 707/707 706/706 689/689 690/690 
f 708/708 707/707 690/690 691/691 
f 709/709 708/708 691/691 692/692 
f 710/710 709/709 692/692 693/693 
f 711/711 710/710 693/693 694/694 
f 712/712 711/711 694/694 695/695 
f 713/713 712/712 695/695 696/696 
f 714/714 713/713 696/696 697/697 
f 715/715 716/716 699/699 698/698 
f 717/717 715/715 698/698 700/700 
f 718/718 717/717 700/700 701/701 
f 719/719 718/718 701/701 702/702 
f 720/720 719/719 702/702 703/703 
f 721/721 720/720 703/703 704/704 
f 722/722 721/721 704/704 705/705 
f 723/723 722/722 705/705 706/706 
f 724/724 723/723 706/706 707/707 
f 725/725 724/724 707/707 708/708 
f 726/726 725/725 708/708 709/709 
f 727/727 726/726 709/709 710/710 
f 728/728 727/727 710/710 711/711 
f 729/729 728/728 711/711 712/712 
f 730/730 729/729 712/712 713/713 
f 731/731 730/730 713/713 714/714 
f 732/732 733/733 716/716 715/715 
f 734/734 732/732 715/715 717/717 
f 735/735 734/734 717/717 718/718 
f 736/736 735/735 718/718 719/719 
f 737/737 736/736 719/719 720/720 
f 738/738 737/737 720/720 721/721 
f 739/739 738/738 721/721 722/722 
f 740/740 739/739 722/722 723/723 
f 741/741 740/740 723/723 724/724 
f 742/742 741/741 724/724 725/725 
f 743/743 742/742 725/725 726/726 
f 744/744 743/743 726/726 727/727 
f 745/745 744/744 727/727 728/728 
f 746/746 745/745 728/728 729/729 
f 747/747 746/746 729/729 730/730 
f 748/748 747/747 730/730 731/731 
f 749/749 750/750 733/733 732/732 
f 751/751 749/749 732/732 734/734 
f 752/752 751/751 734/734 735/735 
f 753/753 752/752 735/735 736/736 
f 754/754 753/753 736/736 737/737 
f 755/755 754/754 737/737 738/738 
f 756/756 755/755 738/738 739/739 
f 757/757 756/756 739/739 740/740 
f 758/758 757/757 740/740 741/741 
f 759/759 758/758 741/741 742/742 
f 760/760 759/759 742/742 743/743 
f 761/761 760/760 743/743 744/744 
f 762/762 761/761 744/744 745/745 
f 763/763 762/762 745/745 746/746 
f 764/764 763/763 746/746 747/747 
f 765/765 764/764 747/747 748/748 
f 766/766 767/767 750/750 749/749 
f 768/768 766/766 749/749 751/751 
f 769/769 768/768 751/751 752/752 
f 770/770 769/769 752/752 753/753 
f 771/771 770/770 753/753 754/754 
f 772/772 771/771 754/754 755/755 
f 773/773 772/772 755/755 756/756 
f 774/774 773/773 756/756 757/757 
f 775/775 774/774 757/757 758/758 
f 776/776 775/775 758/758 759/759 
f 777/777 776/776 759/759 760/760 
f 778/778 777/777 760/760 761/761 
f 779/779 778/778 761/761 762/762 
f 780/780 779/779 762/762 763/763 
f 781/781 780/780 763/763 764/764 
f 782/782 781/781 764/764 765/765 
f 783/783 784/784 767/767 766/766 
f 785/785 783/783 766/766 768/768 
f 786/786 785/785 768/768 769/769 
f 787/787 786/786 769/769 770/770 
f 788/788 787/787 770/770 771/771 
f 789/789 788/788 771/771 772/772 
f 790/790 789/789 772/772 773/773 
f 791/791 790/790 773/773 774/774 
f 792/792 791/791 774/774 775/775 
f 793/793 792/792 775/775 776/776 
f 794/794 793/793 776/776 777/777 
f 795/795 794/794 777/777 778/778 
f 796/796 795/795 778/778 779/779 
f 797/797 796/796 779/779 780/780 
f 798/798 797/797 780/780 781/781 
f 799/799 798/798 781/781 782/782 
f 800/800 801/801 784/784 783/783 
f 802/802 800/800 783/783 785/785 
f 803/803 802/802 785/785 786/786 
f 804/804 803/803 786/786 787/787 
f 805/805 804/804 787/787 788/788 
f 806/806 805/805 788/788 789/789 
f 807/807 806/806 789/789 790/790 
f 808/808 807/807 790/790 791/791 
f 809/809 808/808 791/791 792/792 
f 810/810 809/809 792/792 793/793 
f 811/811 810/810 793/793 794/794 
f 812/812 811/811 794/794 795/795 
f 813/813 812/812 795/795 796/796 
f 814/814 813/813 796/796 797/797 
f 815/815 814/814 797/797 798/798 
f 816/816 815/815 798/798 799/799 
f 817/817 818/818 801/801 800/800 
f 819/819 817/817 800/800 802/802 
f 820/820 819/819 802/802 803/803 
f 821/821 820/820 803/803 804/804 
f 822/822 821/821 804/804 805/805 
f 823/823 822/822 805/805 806/806 
f 824/824 823/823 806/806 807/807 
f 825/825 824/824 807/807 808/808 
f 826/826 825/825 808/808 809/809 
f 827/827 826/826 809/809 810/810 
f 828/828 827/827 810/810 811/811 
f 829/829 828/828 811/811 812/812 
f 830/830 829/829 812/812 813/813 
f 831/831 830/830 813/813 814/814 
f 832/832 831/831 814/814 815/815 
f 833/833 832/832 815/815 816/816 
f 323/323 322/322 818/818 817/817 
f 340/340 323/323 817/817 819/819 
f 357/357 340/340 819/819 820/820 
f 374/374 357/357 820/820 821/821 
f 391/391 374/374 821/821 822/822 
f 408/408 391/391 822/822 823/823 
f 425/425 408/408 823/823 824/824 
f 442/442 425/425 824/824 825/825 
f 459/459 442/442 825/825 826/826 
f 476/476 459/459 826/826 827/827 
f 493/493 476/476 827/827 828/828 
f 510/510 493/493 828/828 829/829 
f 527/527 510/510 829/829 830/830 
f 544/544 527/527 830/830 831/831 
f 561/561 544/544 831/831 832/832 
f 289/289 561/561 832/832 833/833 
f 834/834 835/835 836/836 837/837 
f 838/838 839/839 835/835 834/834 
f 840/840 841/841 839/839 838/838 
f 842/842 843/843 841/841 840/840 
f 844/844 845/845 843/843 842/842 
f 846/846 847/847 845/845 844/844 
f 848/848 849/849 847/847 846/846 
f 850/850 851/851 849/849 848/848 
f 852/852 853/853 851/851 850/850 
f 854/854 855/855 853/853 852/852 
f 856/856 857/857 855/855 854/854 
f 858/858 859/859 857/857 856/856 
f 860/860 861/861 859/859 858/858 
f 862/862 863/863 861/861 860/860 
f 864/864 865/865 863/863 862/862 
f 274/274 273/273 865/865 864/864 
f 835/835 866/866 867/867 836/836 
f 839/839 868/868 866/866 835/835 
f 841/841 869/869 868/868 839/839 
f 843/843 870/870 869/869 841/841 
f 845/845 871/871 870/870 843/843 
f 847/847 872/872 871/871 845/845 
f 849/849 873/873 872/872 847/847 
f 851/851 874/874 873/873 849/849 
f 853/853 875/875 874/874 851/851 
f 855/855 876/876 875/875 853/853 
f 857/857 877/877 876/876 855/855 
f 859/859 878/878 877/877 857/857 
f 861/861 879/879 878/878 859/859 
f 863/863 880/880 879/879 861/861 
f 865/865 881/881 880/880 863/863 
f 273/273 275/275 881/881 865/865 
f 866/866 882/882 883/883 867/867 
f 868/868 884/884 882/882 866/866 
f 869/869 885/885 884/884 868/868 
f 870/870 886/886 885/885 869/869 
f 871/871 887/887 886/886 870/870 
f 872/872 888/888 887/887 871/871 
f 873/873 889/889 888/888 872/872 
f 874/874 890/890 889/889 873/873 
f 875/875 891/891 890/890 874/874 
f 876/876 892/892 891/891 875/875 
f 877/877 893/893 892/892 876/876 
f 878/878 894/894 893/893 877/877 
f 879/879 895/895 894/894 878/878 
f 880/880 896/896 895/895 879/879 
f 881/881 897/897 896/896 880/880 
f 275/275 276/276 897/897 881/881 
f 882/882 898/898 899/899 883/883 
f 884/884 900/900 898/898 882/882 
f 885/885 901/901 900/900 884/884 
f 886/886 902/902 901/901 885/885 
f 887/887 903/903 902/902 886/886 
f 888/888 904/904 903/903 887/887 
f 889/889 905/905 904/904 888/888 
f 890/890 906/906 905/905 889/889 
f 891/891 907/907 906/906 890/890 
f 892/892 908/908 907/907 891/891 
f 893/893 909/909 908/908 892/892 
f 894/894 910/910 909/909 893/893 
f 895/895 911/911 910/910 894/894 
f 896/896 912/912 911/911 895/895 
f 897/897 913/913 912/912 896/896 
f 276/276 277/277 913/913 897/897 
f 898/898 914/914 915/915 899/899 
f 900/900 916/916 914/914 898/898 
f 901/901 917/917 916/916 900/900 
f 902/902 918/918 917/917 901/901 
f 903/903 919/919 918/918 902/902 
f 904/904 920/920 919/919 903/903 
f 905/905 921/921 920/920 904/904 
f 906/906 922/922 921/921 905/905 
f 907/907 923/923 922/922 906/906 
f 908/908 924/924 923/923 907/907 
f 909/909 925/925 924/924 908/908 
f 910/910 926/926 925/925 909/909 
f 911/911 927/927 926/926 910/910 
f 912/912 928/928 927/927 911/911 
f 913/913 929/929 928/928 912/912 
f 277/277 278/278 929/929 913/913 
f 914/914 930/930 931/931 915/915 
f 916/916 932/932 930/930 914/914 
f 917/917 933/933 932/932 916/916 
f 918/918 934/934 933/933 917/917 
f 919/919 935/935 934/934 918/918 
f 920/920 936/936 935/935 919/919 
f 921/921 937/937 936/936 920/920 
f 922/922 938/938 937/937 921/921 
f 923/923 939/939 938/938 922/922 
f 924/924 940/940 939/939 923/923 
f 925/925 941/941 940/940 924/924 
f 926/926 942/942 941/941 925/925 
f 927/927 943/943 942/942 926/926 
f 928/928 944/944 943/943 927/927 
f 929/929 945/945 944/944 928/928 
f 278/278 279/279 945/945 929/929 
f 930/930 946/946 947/947 931/931 
f 932/932 948/948 946/946 930/930 
f 933/933 949/949 948/948 932/932 
f 934/934 950/950 949/949 933/933 
f 935/935 951/951 950/950 934/934 
f 936/936 952/952 951/951 935/935 
f 937/937 953/953 952/952 936/936 
f 938/938 954/954 953/953 937/937 
f 939/939 955/955 954/954 938/938 
f 940/940 956/956 955/955 939/939 
f 941/941 957/957 956/956 940/940 
f 942/942 958/958 957/957 941/941 
f 943/943 959/959 958/958 942/942 
f 944/944 960/960 959/959 943/943 
f 945/945 961/961 960/960 944/944 
f 279/279 280/280 961/961 945/945 
f 946/946 962/962 963/963 947/947 
f 948/948 964/964 962/962 946/946 
f 949/949 965/965 964/964 948/948 
f 950/950 966/966 965/965 949/949 
f 951/951 967/967 966/966 950/950 
f 952/952 968/968 967/967 951/951 
f 953/953 969/969 968/968 952/952 
f 954/954 970/970 969/969 953/953 
f 955/955 971/971 970/970 954/954 
f 956/956 972/972 971/971 955/955 
f 957/957 973/973 972/972 956/956 
f 958/958 974/974 973/973 957/957 
f 959/959 975/975 974/974 958/958 
f 960/960 976/976 975/975 959/959 
f 961/961 977/977 976/976 960/960 
f 280/280 281/281 977/977 961/961 
f 962/962 978/978 979/979 963/963 
f 964/964 980/980 978/978 962/962 
f 965/965 981/981 980/980 964/964 
f 966/966 982/982 981/981 965/965 
f 967/967 983/983 982/982 966/966 
f 968/968 984/984 983/983 967/967 
f 969/969 985/985 984/984 968/968 
f 970/970 986/986 985/985 969/969 
f 971/971 987/987 986/986 970/970 
f 972/972 988/988 987/987 971/971 
f 973/973 989/989 988/988 972/972 
f 974/974 990/990 989/989 973/973 
f 975/975 991/991 990/990 974/974 
f 976/976 992/992 991/991 975/975 
f 977/977 993/993 992/992 976/976 
f 281/281 282/282 993/993 977/977 
f 978/978 994/994 995/995 979/979 
f 980/980 996/996 994/994 978/978 
f 981/981 997/997 996/996 980/980 
f 982/982 998/998 997/997 981/981 
f 983/983 999/999 998/998 982/982 
f 984/984 1000/1000 999/999 983/983 
f 985/985 1001/1001 1000/1000 984/984 
f 986/986 1002/1002 1001/1001 985/985 
f 987/987 1003/1003 1002/1002 986/986 
f 988/988 1004/1004 1003/1003 987/987 
f 989/989 1005/1005 1004/1004 988/988 
f 990/990 1006/1006 1005/1005 989/989 
f 991/991 1007/1007 1006/1006 990/990 
f 992/992 1008/1008 1007/1007 991/991 
f 993/993 1009/1009 1008/1008 992/992 
f 282/282 283/283 1009/1009 993/993 
f 994/994 1010/1010 1011/1011 995/995 
f 996/996 1012/1012 1010/1010 994/994 
f 997/997 1013/1013 1012/1012 996/996 
f 998/998 1014/1014 1013/1013 997/997 
f 999/999 1015/1015 1014/1014 998/998 
f 1000/1000 1016/1016 1015/1015 999/999 
f 1001/1001 1017/1017 1016/1016 1000/1000 
f 1002/1002 1018/1018 1017/1017 1001/1001 
f 1003/1003 1019/1019 1018/1018 1002/1002 
f 1004/1004 1020/1020 1019/1019 1003/1003 
f 1005/1005 1021/1021 1020/1020 1004/1004 
f 1006/1006 1022/1022 1021/1021 1005/1005 
f 1007/1007 1023/1023 1022/1022 1006/1006 
f 1008/1008 1024/1024 1023/1023 1007/1007 
f 1009/1009 1025/1025 1024/1024 1008/1008 
f 283/283 284/284 1025/1025 1009/1009 
f 1010/1010 1026/1026 1027/1027 1011/1011 
f 1012/1012 1028/1028 1026/1026 1010/1010 
f 1013/1013 1029/1029 1028/1028 1012/1012 
f 1014/1014 1030/1030 1029/1029 1013/1013 
f 1015/1015 1031/1031 1030/1030 1014/1014 
f 1016/1016 1032/1032 1031/1031 1015/1015 
f 1017/1017 1033/1033 1032/1032 1016/1016 
f 1018/1018 1034/1034 1033/1033 1017/1017 
f 1019/1019 1035/1035 1034/1034 1018/1018 
f 1020/1020 1036/1036 1035/1035 1019/1019 
f 1021/1021 1037/1037 1036/1036 1020/1020 
f 1022/1022 1038/1038 1037/1037 1021/1021 
f 1023/1023 1039/1039 1038/1038 1022/1022 
f 1024/1024 1040/1040 1039/1039 1023/1023 
f 1025/1025 1041/1041 1040/1040 1024/1024 
f 284/284 285/285 1041/1041 1025/1025 
f 1026/1026 1042/1042 1043/1043 1027/1027 
f 1028/1028 1044/1044 1042/1042 1026/1026 
f 1029/1029 1045/1045 1044/1044 1028/1028 
f 1030/1030 1046/1046 1045/1045 1029/1029 
f 1031/1031 1047/1047 1046/1046 1030/1030 
f 1032/1032 1048/1048 1047/1047 1031/1031 
f 1033/1033 1049/1049 1048/1048 1032/1032 
f 1034/1034 1050/1050 1049/1049 1033/1033 
f 1035/1035 1051/1051 1050/1050 1034/1034 
f 1036/1036 1052/1052 1051/1051 1035/1035 
f 1037/1037 1053/1053 1052/1052 1036/1036 
f 1038/1038 1054/1054 1053/1053 1037/1037 
f 1039/1039 1055/1055 1054/1054 1038/1038 
f 1040/1040 1056/1056 1055/1055 1039/1039 
f 1041/1041 1057/1057 1056/1056 1040/1040 
f 285/285 286/286 1057/1057 1041/1041 
f 1042/1042 1058/1058 1059/1059 1043/1043 
f 1044/1044 1060/1060 1058/1058 1042/1042 
f 1045/1045 1061/1061 1060/1060 1044/1044 
f 1046/1046 1062/1062 1061/1061 1045/1045 
f 1047/1047 1063/1063 1062/1062 1046/1046 
f 1048/1048 1064/1064 1063/1063 1047/1047 
f 1049/1049 1065/1065 1064/1064 1048/1048 
f 1050/1050 1066/1066 1065/1065 1049/1049 
f 1051/1051 1067/1067 1066/1066 1050/1050 
f 1052/1052 1068/1068 1067/1067 1051/1051 
f 1053/1053 1069/1069 1068/1068 1052/1052 
f 1054/1054 1070/1070 1069/1069 1053/1053 
f 1055/1055 1071/1071 1070/1070 1054/1054 
f 1056/1056 1072/1072 1071/1071 1055/1055 
f 1057/1057 1073/1073 1072/1072 1056/1056 
f 286/286 287/287 1073/1073 1057/1057 
f 1058/1058 1074/1074 1075/1075 1059/1059 
f 1060/1060 1076/1076 1074/1074 1058/1058 
f 1061/1061 1077/1077 1076/1076 1060/1060 
f 1062/1062 1078/1078 1077/1077 1061/1061 
f 1063/1063 1079/1079 1078/1078 1062/1062 
f 1064/1064 1080/1080 1079/1079 1063/1063 
f 1065/1065 1081/1081 1080/1080 1064/1064 
f 1066/1066 1082/1082 1081/1081 1065/1065 
f 1067/1067 1083/1083 1082/1082 1066/1066 
f 1068/1068 1084/1084 1083/1083 1067/1067 
f 1069/1069 1085/1085 1084/1084 1068/1068 
f 1070/1070 1086/1086 1085/1085 1069/1069 
f 1071/1071 1087/1087 1086/1086 1070/1070 
f 1072/1072 1088/1088 1087/1087 1071/1071 
f 1073/1073 1089/1089 1088/1088 1072/1072 
f 287/287 288/288 1089/1089 1073/1073 
f 1074/1074 594/594 595/595 1075/1075 
f 1076/1076 612/612 594/594 1074/1074 
f 1077/1077 629/629 612/612 1076/1076 
f 1078/1078 646/646 629/629 1077/1077 
f 1079/1079 663/663 646/646 1078/1078 
f 1080/1080 680/680 663/663 1079/1079 
f 1081/1081 697/697 680/680 1080/1080 
f 1082/1082 714/714 697/697 1081/1081 
f 1083/1083 731/731 714/714 1082/1082 
f 1084/1084 748/748 731/731 1083/1083 
f 1085/1085 765/765 748/748 1084/1084 
f 1086/1086 782/782 765/765 1085/1085 
f 1087/1087 799/799 782/782 1086/1086 
f 1088/1088 816/816 799/799 1087/1087 
f 1089/1089 833/833 816/816 1088/1088 
f 288/288 289/289 833/833 1089/1089 
f 1090/1090 1091/1091 1092/1092 1093/1093 
f 1094/1094 1090/1090 1093/1093 1095/1095 
f 1096/1096 1094/1094 1095/1095 1097/1097 
f 1098/1098 1096/1096 1097/1097 1099/1099 
f 1100/1100 1098/1098 1099/1099 1101/1101 
f 1102/1102 1100/1100 1101/1101 1103/1103 
f 1104/1104 1102/1102 1103/1103 1105/1105 
f 1106/1106 1104/1104 1105/1105 1107/1107 
f 1108/1108 1106/1106 1107/1107 1109/1109 
f 1110/1110 1108/1108 1109/1109 1111/1111 
f 1112/1112 1110/1110 1111/1111 1113/1113 
f 1114/1114 1112/1112 1113/1113 1115/1115 
f 1116/1116 1114/1114 1115/1115 1117/1117 
f 1118/1118 1116/1116 1117/1117 1119/1119 
f 1120/1120 1118/1118 1119/1119 1121/1121 
f 1122/1122 1120/1120 1121/1121 1123/1123 
f 1124/1124 1125/1125 1091/1091 1090/1090 
f 1126/1126 1124/1124 1090/1090 1094/1094 
f 1127/1127 1126/1126 1094/1094 1096/1096 
f 1128/1128 1127/1127 1096/1096 1098/1098 
f 1129/1129 1128/1128 1098/1098 1100/1100 
f 1130/1130 1129/1129 1100/1100 1102/1102 
f 1131/1131 1130/1130 1102/1102 1104/1104 
f 1132/1132 1131/1131 1104/1104 1106/1106 
f 1133/1133 1132/1132 1106/1106 1108/1108 
f 1134/1134 1133/1133 1108/1108 1110/1110 
f 1135/1135 1134/1134 1110/1110 1112/1112 
f 1136/1136 1135/1135 1112/1112 1114/1114 
f 1137/1137 1136/1136 1114/1114 1116/1116 
f 1138/1138 1137/1137 1116/1116 1118/1118 
f 1139/1139 1138/1138 1118/1118 1120/1120 
f 1140/1140 1139/1139 1120/1120 1122/1122 
f 1141/1141 1142/1142 1125/1125 1124/1124 
f 1143/1143 1141/1141 1124/1124 1126/1126 
f 1144/1144 1143/1143 1126/1126 1127/1127 
f 1145/1145 1144/1144 1127/1127 1128/1128 
f 1146/1146 1145/1145 1128/1128 1129/1129 
f 1147/1147 1146/1146 1129/1129 1130/1130 
f 1148/1148 1147/1147 1130/1130 1131/1131 
f 1149/1149 1148/1148 1131/1131 1132/1132 
f 1150/1150 1149/1149 1132/1132 1133/1133 
f 1151/1151 1150/1150 1133/1133 1134/1134 
f 1152/1152 1151/1151 1134/1134 1135/1135 
f 1153/1153 1152/1152 1135/1135 1136/1136 
f 1154/1154 1153/1153 1136/1136 1137/1137 
f 1155/1155 1154/1154 1137/1137 1138/1138 
f 1156/1156 1155/1155 1138/1138 1139/1139 
f 1157/1157 1156/1156 1139/1139 1140/1140 
f 1158/1158 1159/1159 1142/1142 1141/1141 
f 1160/1160 1158/1158 1141/1141 1143/1143 
f 1161/1161 1160/1160 1143/1143 1144/1144 
f 1162/1162 1161/1161 1144/1144 1145/1145 
f 1163/1163 1162/1162 1145/1145 1146/1146 
f 1164/1164 1163/1163 1146/1146 1147/1147 
f 1165/1165 1164/1164 1147/1147 1148/1148 
f 1166/1166 1165/1165 1148/1148 1149/1149 
f 1167/1167 1166/1166 1149/1149 1150/1150 
f 1168/1168 1167/1167 1150/1150 1151/1151 
f 1169/1169 1168/1168 1151/1151 1152/1152 
f 1170/1170 1169/1169 1152/1152 1153/1153 
f 1171/1171 1170/1170 1153/1153 1154/1154 
f 1172/1172 1171/1171 1154/1154 1155/1155 
f 1173/1173 1172/1172 1155/1155 1156/1156 
f 1174/1174 1173/1173 1156/1156 1157/1157 
f 1175/1175 1176/1176 1159/1159 1158/1158 
f 1177/1177 1175/1175 1158/1158 1160/1160 
f 1178/1178 1177/1177 1160/1160 1161/1161 
f 1179/1179 1178/1178 1161/1161 1162/1162 
f 1180/1180 1179/1179 1162/1162 1163/1163 
f 1181/1181 1180/1180 1163/1163 1164/1164 
f 1182/1182 1181/1181 1164/1164 1165/1165 
f 1183/1183 1182/1182 1165/1165 1166/1166 
f 1184/1184 1183/1183 1166/1166 1167/1167 
f 1185/1185 1184/1184 1167/1167 1168/1168 
f 1186/1186 1185/1185 1168/1168 1169/1169 
f 1187/1187 1186/1186 1169/1169 1170/1170 
f 1188/1188 1187/1187 1170/1170 1171/1171 
f 1189/1189 1188/1188 1171/1171 1172/1172 
f 1190/1190 1189/1189 1172/1172 1173/1173 
f 1191/1191 1190/1190 1173/1173 1174/1174 
f 1192/1192 1193/1193 1176/1176 1175/1175 
f 1194/1194 1192/1192 1175/1175 1177/1177 
f 1195/1195 1194/1194 1177/1177 1178/1178 
f 1196/1196 1195/1195 1178/1178 1179/1179 
f 1197/1197 1196/1196 1179/1179 1180/1180 
f 1198/1198 1197/1197 1180/1180 1181/1181 
f 1199/1199 1198/1198 1181/1181 1182/1182 
f 1200/1200 1199/1199 1182/1182 1183/1183 
f 1201/1201 1200/1200 1183/1183 1184/1184 
f 1202/1202 1201/1201 1184/1184 1185/1185 
f 1203/1203 1202/1202 1185/1185 1186/1186 
f 1204/1204 1203/1203 1186/1186 1187/1187 
f 1205/1205 1204/1204 1187/1187 1188/1188 
f 1206/1206 1205/1205 1188/1188 1189/1189 
f 1207/1207 1206/1206 1189/1189 1190/1190 
f 1208/1208 1207/1207 1190/1190 1191/1191 
f 1209/1209 1210/1210 1193/1193 1192/1192 
f 1211/1211 1209/1209 1192/1192 1194/1194 
f 1212/1212 1211/1211 1194/1194 1195/1195 
f 1213/1213 1212/1212 1195/1195 1196/1196 
f 1214/1214 1213/1213 1196/1196 1197/1197 
f 1215/1215 1214/1214 1197/1197 1198/1198 
f 1216/1216 1215/1215 1198/1198 1199/1199 
f 1217/1217 1216/1216 1199/1199 1200/1200 
f 1218/1218 1217/1217 1200/1200 1201/1201 
f 1219/1219 1218/1218 1201/1201 1202/1202 
f 1220/1220 1219/1219 1202/1202 1203/1203 
f 1221/1221 1220/1220 1203/1203 1204/1204 
f 1222/1222 1221/1221 1204/1204 1205/1205 
f 1223/1223 1222/1222 1205/1205 1206/1206 
f 1224/1224 1223/1223 1206/1206 1207/1207 
f 1225/1225 1224/1224 1207/1207 1208/1208 
f 1226/1226 1227/1227 1210/1210 1209/1209 
f 1228/1228 1226/1226 1209/1209 1211/1211 
f 1229/1229 1228/1228 1211/1211 1212/1212 
f 1230/1230 1229/1229 1212/1212 1213/1213 
f 1231/1231 1230/1230 1213/1213 1214/1214 
f 1232/1232 1231/1231 1214/1214 1215/1215 
f 1233/1233 1232/1232 1215/1215 1216/1216 
f 1234/1234 1233/1233 1216/1216 1217/1217 
f 1235/1235 1234/1234 1217/1217 1218/1218 
f 1236/1236 1235/1235 1218/1218 1219/1219 
f 1237/1237 1236/1236 1219/1219 1220/1220 
f 1238/1238 1237/1237 1220/1220 1221/1221 
f 1239/1239 1238/1238 1221/1221 1222/1222 
f 1240/1240 1239/1239 1222/1222 1223/1223 
f 1241/1241 1240/1240 1223/1223 1224/1224 
f 1242/1242 1241/1241 1224/1224 1225/1225 
f 1243/1243 1244/1244 1227/1227 1226/1226 
f 1245/1245 1243/1243 1226/1226 1228/1228 
f 1246/1246 1245/1245 1228/1228 1229/1229 
f 1247/1247 1246/1246 1229/1229 1230/1230 
f 1248/1248 1247/1247 1230/1230 1231/1231 
f 1249/1249 1248/1248 1231/1231 1232/1232 
f 1250/1250 1249/1249 1232/1232 1233/1233 
f 1251/1251 1250/1250 1233/1233 1234/1234 
f 1252/1252 1251/1251 1234/1234 1235/1235 
f 1253/1253 1252/1252 1235/1235 1236/1236 
f 1254/1254 1253/1253 1236/1236 1237/1237 
f 1255/1255 1254/1254 1237/1237 1238/1238 
f 1256/1256 1255/1255 1238/1238 1239/1239 
f 1257/1257 1256/1256 1239/1239 1240/1240 
f 1258/1258 1257/1257 1240/1240 1241/1241 
f 1259/1259 1258/1258 1241/1241 1242/1242 
f 1260/1260 1261/1261 1244/1244 1243/1243 
f 1262/1262 1260/1260 1243/1243 1245/1245 
f 1263/1263 1262/1262 1245/1245 1246/1246 
f 1264/1264 1263/1263 1246/1246 1247/1247 
f 1265/1265 1264/1264 1247/1247 1248/1248 
f 1266/1266 1265/1265 1248/1248 1249/1249 
f 1267/1267 1266/1266 1249/1249 1250/1250 
f 1268/1268 1267/1267 1250/1250 1251/1251 
f 1269/1269 1268/1268 1251/1251 1252/1252 
f 1270/1270 1269/1269 1252/1252 1253/1253 
f 1271/1271 1270/1270 1253/1253 1254/1254 
f 1272/1272 1271/1271 1254/1254 1255/1255 
f 1273/1273 1272/1272 1255/1255 1256/1256 
f 1274/1274 1273/1273 1256/1256 1257/1257 
f 1275/1275 1274/1274 1257/1257 1258/1258 
f 1276/1276 1275/1275 1258/1258 1259/1259 
f 1277/1277 1278/1278 1261/1261 1260/1260 
f 1279/1279 1277/1277 1260/1260 1262/1262 
f 1280/1280 1279/1279 1262/1262 1263/1263 
f 1281/1281 1280/1280 1263/1263 1264/1264 
f 1282/1282 1281/1281 1264/1264 1265/1265 
f 1283/1283 1282/1282 1265/1265 1266/1266 
f 1284/1284 1283/1283 1266/1266 1267/1267 
f 1285/1285 1284/1284 1267/1267 1268/1268 
f 1286/1286 1285/1285 1268/1268 1269/1269 
f 1287/1287 1286/1286 1269/1269 1270/1270 
f 1288/1288 1287/1287 1270/1270 1271/1271 
f 1289/1289 1288/1288 1271/1271 1272/1272 
f 1290/1290 1289/1289 1272/1272 1273/1273 
f 1291/1291 1290/1290 1273/1273 1274/1274 
f 1292/1292 1291/1291 1274/1274 1275/1275 
f 1293/1293 1292/1292 1275/1275 1276/1276 
f 1294/1294 1295/1295 1278/1278 1277/1277 
f 1296/1296 1294/1294 1277/1277 1279/1279 
f 1297/1297 1296/1296 1279/1279 1280/1280 
f 1298/1298 1297/1297 1280/1280 1281/1281 
f 1299/1299 1298/1298 1281/1281 1282/1282 
f 1300/1300 1299/1299 1282/1282 1283/1283 
f 1301/1301 1300/1300 1283/1283 1284/1284 
f 1302/1302 1301/1301 1284/1284 1285/1285 
f 1303/1303 1302/1302 1285/1285 1286/1286 
f 1304/1304 1303/1303 1286/1286 1287/1287 
f 1305/1305 1304/1304 1287/1287 1288/1288 
f 1306/1306 1305/1305 1288/1288 1289/1289 
f 1307/1307 1306/1306 1289/1289 1290/1290 
f 1308/1308 1307/1307 1290/1290 1291/1291 
f 1309/1309 1308/1308 1291/1291 1292/1292 
f 1310/1310 1309/1309 1292/1292 1293/1293 
f 1311/1311 1312/1312 1295/1295 1294/1294 
f 1313/1313 1311/1311 1294/1294 1296/1296 
f 1314/1314 1313/1313 1296/1296 1297/1297 
f 1315/1315 1314/1314 1297/1297 1298/1298 
f 1316/1316 1315/1315 1298/1298 1299/1299 
f 1317/1317 1316/1316 1299/1299 1300/1300 
f 1318/1318 1317/1317 1300/1300 1301/1301 
f 1319/1319 1318/1318 1301/1301 1302/1302 
f 1320/1320 1319/1319 1302/1302 1303/1303 
f 1321/1321 1320/1320 1303/1303 1304/1304 
f 1322/1322 1321/1321 1304/1304 1305/1305 
f 1323/1323 1322/1322 1305/1305 1306/1306 
f 1324/1324 1323/1323 1306/1306 1307/1307 
f 1325/1325 1324/1324 1307/1307 1308/1308 
f 1326/1326 1325/1325 1308/1308 1309/1309 
f 1327/1327 1326/1326 1309/1309 1310/1310 
f 1328/1328 1329/1329 1312/1312 1311/1311 
f 1330/1330 1328/1328 1311/1311 1313/1313 
f 1331/1331 1330/1330 1313/1313 1314/1314 
f 1332/1332 1331/1331 1314/1314 1315/1315 
f 1333/1333 1332/1332 1315/1315 1316/1316 
f 1334/1334 1333/1333 1316/1316 1317/1317 
f 1335/1335 1334/1334 1317/1317 1318/1318 
f 1336/1336 1335/1335 1318/1318 1319/1319 
f 1337/1337 1336/1336 1319/1319 1320/1320 
f 1338/1338 1337/1337 1320/1320 1321/1321 
f 1339/1339 1338/1338 1321/1321 1322/1322 
f 1340/1340 1339/1339 1322/1322 1323/1323 
f 1341/1341 1340/1340 1323/1323 1324/1324 
f 1342/1342 1341/1341 1324/1324 1325/1325 
f 1343/1343 1342/1342 1325/1325 1326/1326 
f 1344/1344 1343/1343 1326/1326 1327/1327 
f 1345/1345 1346/1346 1329/1329 1328/1328 
f 1347/1347 1345/1345 1328/1328 1330/1330 
f 1348/1348 1347/1347 1330/1330 1331/1331 
f 1349/1349 1348/1348 1331/1331 1332/1332 
f 1350/1350 1349/1349 1332/1332 1333/1333 
f 1351/1351 1350/1350 1333/1333 1334/1334 
f 1352/1352 1351/1351 1334/1334 1335/1335 
f 1353/1353 1352/1352 1335/1335 1336/1336 
f 1354/1354 1353/1353 1336/1336 1337/1337 
f 1355/1355 1354/1354 1337/1337 1338/1338 
f 1356/1356 1355/1355 1338/1338 1339/1339 
f 1357/1357 1356/1356 1339/1339 1340/1340 
f 1358/1358 1357/1357 1340/1340 1341/1341 
f 1359/1359 1358/1358 1341/1341 1342/1342 
f 1360/1360 1359/1359 1342/1342 1343/1343 
f 1361/1361 1360/1360 1343/1343 1344/1344 
f 1362/1362 1363/1363 1346/1346 1345/1345 
f 1364/1364 1362/1362 1345/1345 1347/1347 
f 1365/1365 1364/1364 1347/1347 1348/1348 
f 1366/1366 1365/1365 1348/1348 1349/1349 
f 1367/1367 1366/1366 1349/1349 1350/1350 
f 1368/1368 1367/1367 1350/1350 1351/1351 
f 1369/1369 1368/1368 1351/1351 1352/1352 
f 1370/1370 1369/1369 1352/1352 1353/1353 
f 1371/1371 1370/1370 1353/1353 1354/1354 
f 1372/1372 1371/1371 1354/1354 1355/1355 
f 1373/1373 1372/1372 1355/1355 1356/1356 
f 1374/1374 1373/1373 1356/1356 1357/1357 
f 1375/1375 1374/1374 1357/1357 1358/1358 
f 1376/1376 1375/1375 1358/1358 1359/1359 
f 1377/1377 1376/1376 1359/1359 1360/1360 
f 1378/1378 1377/1377 1360/1360 1361/1361 
f 1379/1379 1380/1380 1381/1381 1382/1382 
f 1383/1383 1384/1384 1380/1380 1379/1379 
f 1385/1385 1386/1386 1384/1384 1383/1383 
f 1387/1387 1388/1388 1386/1386 1385/1385 
f 1389/1389 1390/1390 1388/1388 1387/1387 
f 1391/1391 1392/1392 1390/1390 1389/1389 
f 1393/1393 1394/1394 1392/1392 1391/1391 
f 1395/1395 1396/1396 1394/1394 1393/1393 
f 1397/1397 1398/1398 1396/1396 1395/1395 
f 1399/1399 1400/1400 1398/1398 1397/1397 
f 1401/1401 1402/1402 1400/1400 1399/1399 
f 1403/1403 1404/1404 1402/1402 1401/1401 
f 1405/1405 1406/1406 1404/1404 1403/1403 
f 1407/1407 1408/1408 1406/1406 1405/1405 
f 1409/1409 1410/1410 1408/1408 1407/1407 
f 1411/1411 1412/1412 1410/1410 1409/1409 
f 1380/1380 1413/1413 1414/1414 1381/1381 
f 1384/1384 1415/1415 1413/1413 1380/1380 
f 1386/1386 1416/1416 1415/1415 1384/1384 
f 1388/1388 1417/1417 1416/1416 1386/1386 
f 1390/1390 1418/1418 1417/1417 1388/1388 
f 1392/1392 1419/1419 1418/1418 1390/1390 
f 1394/1394 1420/1420 1419/1419 1392/1392 
f 1396/1396 1421/1421 1420/1420 1394/1394 
f 1398/1398 1422/1422 1421/1421 1396/1396 
f 1400/1400 1423/1423 1422/1422 1398/1398 
f 1402/1402 1424/1424 1423/1423 1400/1400 
f 1404/1404 1425/1425 1424/1424 1402/1402 
f 1406/1406 1426/1426 1425/1425 1404/1404 
f 1408/1408 1427/1427 1426/1426 1406/1406 
f 1410/1410 1428/1428 1427/1427 1408/1408 
f 1412/1412 1429/1429 1428/1428 1410/1410 
f 1413/1413 1430/1430 1431/1431 1414/1414 
f 1415/1415 1432/1432 1430/1430 1413/1413 
f 1416/1416 1433/1433 1432/1432 1415/1415 
f 1417/1417 1434/1434 1433/1433 1416/1416 
f 1418/1418 1435/1435 1434/1434 1417/1417 
f 1419/1419 1436/1436 1435/1435 1418/1418 
f 1420/1420 1437/1437 1436/1436 1419/1419 
f 1421/1421 1438/1438 1437/1437 1420/1420 
f 1422/1422 1439/1439 1438/1438 1421/1421 
f 1423/1423 1440/1440 1439/1439 1422/1422 
f 1424/1424 1441/1441 1440/1440 1423/1423 
f 1425/1425 1442/1442 1441/1441 1424/1424 
f 1426/1426 1443/1443 1442/1442 1425/1425 
f 1427/1427 1444/1444 1443/1443 1426/1426 
f 1428/1428 1445/1445 1444/1444 1427/1427 
f 1429/1429 1446/1446 1445/1445 1428/1428 
f 1430/1430 1447/1447 1448/1448 1431/1431 
f 1432/1432 1449/1449 1447/1447 1430/1430 
f 1433/1433 1450/1450 1449/1449 1432/1432 
f 1434/1434 1451/1451 1450/1450 1433/1433 
f 1435/1435 1452/1452 1451/1451 1434/1434 
f 1436/1436 1453/1453 1452/1452 1435/1435 
f 1437/1437 1454/1454 1453/1453 1436/1436 
f 1438/1438 1455/1455 1454/1454 1437/1437 
f 1439/1439 1456/1456 1455/1455 1438/1438 
f 1440/1440 1457/1457 1456/1456 1439/1439 
f 1441/1441 1458/1458 1457/1457 1440/1440 
f 1442/1442 1459/1459 1458/1458 1441/1441 
f 1443/1443 1460/1460 1459/1459 1442/1442 
f 1444/1444 1461/1461 1460/1460 1443/1443 
f 1445/1445 1462/1462 1461/1461 1444/1444 
f 1446/1446 1463/1463 1462/1462 1445/1445 
f 1447/1447 1464/1464 1465/1465 1448/1448 
f 1449/1449 1466/1466 1464/1464 1447/1447 
f 1450/1450 1467/1467 1466/1466 1449/1449 
f 1451/1451 1468/1468 1467/1467 1450/1450 
f 1452/1452 1469/1469 1468/1468 1451/1451 
f 1453/1453 1470/1470 1469/1469 1452/1452 
f 1454/1454 1471/1471 1470/1470 1453/1453 
f 1455/1455 1472/1472 1471/1471 1454/1454 
f 1456/1456 1473/1473 1472/1472 1455/1455 
f 1457/1457 1474/1474 1473/1473 1456/1456 
f 1458/1458 1475/1475 1474/1474 1457/1457 
f 1459/1459 1476/1476 1475/1475 1458/1458 
f 1460/1460 1477/1477 1476/1476 1459/1459 
f 1461/1461 1478/1478 1477/1477 1460/1460 
f 1462/1462 1479/1479 1478/1478 1461/1461 
f 1463/1463 1480/1480 1479/1479 1462/1462 
f 1464/1464 1481/1481 1482/1482 1465/1465 
f 1466/1466 1483/1483 1481/1481 1464/1464 
f 1467/1467 1484/1484 1483/1483 1466/1466 
f 1468/1468 1485/1485 1484/1484 1467/1467 
f 1469/1469 1486/1486 1485/1485 1468/1468 
f 1470/1470 1487/1487 1486/1486 1469/1469 
f 1471/1471 1488/1488 1487/1487 1470/1470 
f 1472/1472 1489/1489 1488/1488 1471/1471 
f 1473/1473 1490/1490 1489/1489 1472/1472 
f 1474/1474 1491/1491 1490/1490 1473/1473 
f 1475/1475 1492/1492 1491/1491 1474/1474 
f 1476/1476 1493/1493 1492/1492 1475/1475 
f 1477/1477 1494/1494 1493/1493 1476/1476 
f 1478/1478 1495/1495 1494/1494 1477/1477 
f 1479/1479 1496/1496 1495/1495 1478/1478 
f 1480/1480 1497/1497 1496/1496 1479/1479 
f 1481/1481 1498/1498 1499/1499 1482/1482 
f 1483/1483 1500/1500 1498/1498 1481/1481 
f 1484/1484 1501/1501 1500/1500 1483/1483 
f 1485/1485 1502/1502 1501/1501 1484/1484 
f 1486/1486 1503/1503 1502/1502 1485/1485 
f 1487/1487 1504/1504 1503/1503 1486/1486 
f 1488/1488 1505/1505 1504/1504 1487/1487 
f 1489/1489 1506/1506 1505/1505 1488/1488 
f 1490/1490 1507/1507 1506/1506 1489/1489 
f 1491/1491 1508/1508 1507/1507 1490/1490 
f 1492/1492 1509/1509 1508/1508 1491/1491 
f 1493/1493 1510/1510 1509/1509 1492/1492 
f 1494/1494 1511/1511 1510/1510 1493/1493 
f 1495/1495 1512/1512 1511/1511 1494/1494 
f 1496/1496 1513/1513 1512/1512 1495/1495 
f 1497/1497 1514/1514 1513/1513 1496/1496 
f 1498/1498 1515/1515 1516/1516 1499/1499 
f 1500/1500 1517/1517 1515/1515 1498/1498 
f 1501/1501 1518/1518 1517/1517 1500/1500 
f 1502/1502 1519/1519 1518/1518 1501/1501 
f 1503/1503 1520/1520 1519/1519 1502/1502 
f 1504/1504 1521/1521 1520/1520 1503/1503 
f 1505/1505 1522/1522 1521/1521 1504/1504 
f 1506/1506 1523/1523 1522/1522 1505/1505 
f 1507/1507 1524/1524 1523/1523 1506/1506 
f 1508/1508 1525/1525 1524/1524 1507/1507 
f 1509/1509 1526/1526 1525/1525 1508/1508 
f 1510/1510 1527/1527 1526/1526 1509/1509 
f 1511/1511 1528/1528 1527/1527 1510/1510 
f 1512/1512 1529/1529 1528/1528 1511/1511 
f 1513/1513 1530/1530 1529/1529 1512/1512 
f 1514/1514 1531/1531 1530/1530 1513/1513 
f 1515/1515 1532/1532 1533/1533 1516/1516 
f 1517/1517 1534/1534 1532/1532 1515/1515 
f 1518/1518 1535/1535 1534/1534 1517/1517 
f 1519/1519 1536/1536 1535/1535 1518/1518 
f 1520/1520 1537/1537 1536/1536 1519/1519 
f 1521/1521 1538/1538 1537/1537 1520/1520 
f 1522/1522 1539/1539 1538/1538 1521/1521 
f 1523/1523 1540/1540 1539/1539 1522/1522 
f 1524/1524 1541/1541 1540/1540 1523/1523 
f 1525/1525 1542/1542 1541/1541 1524/1524 
f 1526/1526 1543/1543 1542/1542 1525/1525 
f 1527/1527 1544/1544 1543/1543 1526/1526 
f 1528/1528 1545/1545 1544/1544 1527/1527 
f 1529/1529 1546/1546 1545/1545 1528/1528 
f 1530/1530 1547/1547 1546/1546 1529/1529 
f 1531/1531 1548/1548 1547/1547 1530/1530 
f 1532/1532 1549/1549 1550/1550 1533/1533 
f 1534/1534 1551/1551 1549/1549 1532/1532 
f 1535/1535 1552/1552 1551/1551 1534/1534 
f 1536/1536 1553/1553 1552/1552 1535/1535 
f 1537/1537 1554/1554 1553/1553 1536/1536 
f 1538/1538 1555/1555 1554/1554 1537/1537 
f 1539/1539 1556/1556 1555/1555 1538/1538 
f 1540/1540 1557/1557 1556/1556 1539/1539 
f 1541/1541 1558/1558 1557/1557 1540/1540 
f 1542/1542 1559/1559 1558/1558 1541/1541 
f 1543/1543 1560/1560 1559/1559 1542/1542 
f 1544/1544 1561/1561 1560/1560 1543/1543 
f 1545/1545 1562/1562 1561/1561 1544/1544 
f 1546/1546 1563/1563 1562/1562 1545/1545 
f 1547/1547 1564/1564 1563/1563 1546/1546 
f 1548/1548 1565/1565 1564/1564 1547/1547 
f 1549/1549 1566/1566 1567/1567 1550/1550 
f 1551/1551 1568/1568 1566/1566 1549/1549 
f 1552/1552 1569/1569 1568/1568 1551/1551 
f 1553/1553 1570/1570 1569/1569 1552/1552 
f 1554/1554 1571/1571 1570/1570 1553/1553 
f 1555/1555 1572/1572 1571/1571 1554/1554 
f 1556/1556 1573/1573 1572/1572 1555/1555 
f 1557/1557 1574/1574 1573/1573 1556/1556 
f 1558/1558 1575/1575 1574/1574 1557/1557 
f 1559/1559 1576/1576 1575/1575 1558/1558 
f 1560/1560 1577/1577 1576/1576 1559/1559 
f 1561/1561 1578/1578 1577/1577 1560/1560 
f 1562/1562 1579/1579 1578/1578 1561/1561 
f 1563/1563 1580/1580 1579/1579 1562/1562 
f 1564/1564 1581/1581 1580/1580 1563/1563 
f 1565/1565 1582/1582 1581/1581 1564/1564 
f 1566/1566 1583/1583 1584/1584 1567/1567 
f 1568/1568 1585/1585 1583/1583 1566/1566 
f 1569/1569 1586/1586 1585/1585 1568/1568 
f 1570/1570 1587/1587 1586/1586 1569/1569 
f 1571/1571 1588/1588 1587/1587 1570/1570 
f 1572/1572 1589/1589 1588/1588 1571/1571 
f 1573/1573 1590/1590 1589/1589 1572/1572 
f 1574/1574 1591/1591 1590/1590 1573/1573 
f 1575/1575 1592/1592 1591/1591 1574/1574 
f 1576/1576 1593/1593 1592/1592 1575/1575 
f 1577/1577 1594/1594 1593/1593 1576/1576 
f 1578/1578 1595/1595 1594/1594 1577/1577 
f 1579/1579 1596/1596 1595/1595 1578/1578 
f 1580/1580 1597/1597 1596/1596 1579/1579 
f 1581/1581 1598/1598 1597/1597 1580/1580 
f 1582/1582 1599/1599 1598/1598 1581/1581 
f 1583/1583 1600/1600 1601/1601 1584/1584 
f 1585/1585 1602/1602 1600/1600 1583/1583 
f 1586/1586 1603/1603 1602/1602 1585/1585 
f 1587/1587 1604/1604 1603/1603 1586/1586 
f 1588/1588 1605/1605 1604/1604 1587/1587 
f 1589/1589 1606/1606 1605/1605 1588/1588 
f 1590/1590 1607/1607 1606/1606 1589/1589 
f 1591/1591 1608/1608 1607/1607 1590/1590 
f 1592/1592 1609/1609 1608/1608 1591/1591 
f 1593/1593 1610/1610 1609/1609 1592/1592 
f 1594/1594 1611/1611 1610/1610 1593/1593 
f 1595/1595 1612/1612 1611/1611 1594/1594 
f 1596/1596 1613/1613 1612/1612 1595/1595 
f 1597/1597 1614/1614 1613/1613 1596/1596 
f 1598/1598 1615/1615 1614/1614 1597/1597 
f 1599/1599 1616/1616 1615/1615 1598/1598 
f 1600/1600 1617/1617 1618/1618 1601/1601 
f 1602/1602 1619/1619 1617/1617 1600/1600 
f 1603/1603 1620/1620 1619/1619 1602/1602 
f 1604/1604 1621/1621 1620/1620 1603/1603 
f 1605/1605 1622/1622 1621/1621 1604/1604 
f 1606/1606 1623/1623 1622/1622 1605/1605 
f 1607/1607 1624/1624 1623/1623 1606/1606 
f 1608/1608 1625/1625 1624/1624 1607/1607 
f 1609/1609 1626/1626 1625/1625 1608/1608 
f 1610/1610 1627/1627 1626/1626 1609/1609 
f 1611/1611 1628/1628 1627/1627 1610/1610 
f 1612/1612 1629/1629 1628/1628 1611/1611 
f 1613/1613 1630/1630 1629/1629 1612/1612 
f 1614/1614 1631/1631 1630/1630 1613/1613 
f 1615/1615 1632/1632 1631/1631 1614/1614 
f 1616/1616 1633/1633 1632/1632 1615/1615 
f 1617/1617 1634/1634 1635/1635 1618/1618 
f 1619/1619 1636/1636 1634/1634 1617/1617 
f 1620/1620 1637/1637 1636/1636 1619/1619 
f 1621/1621 1638/1638 1637/1637 1620/1620 
f 1622/1622 1639/1639 1638/1638 1621/1621 
f 1623/1623 1640/1640 1639/1639 1622/1622 
f 1624/1624 1641/1641 1640/1640 1623/1623 
f 1625/1625 1642/1642 1641/1641 1624/1624 
f 1626/1626 1643/1643 1642/1642 1625/1625 
f 1627/1627 1644/1644 1643/1643 1626/1626 
f 1628/1628 1645/1645 1644/1644 1627/1627 
f 1629/1629 1646/1646 1645/1645 1628/1628 
f 1630/1630 1647/1647 1646/1646 1629/1629 
f 1631/1631 1648/1648 1647/1647 1630/1630 
f 1632/1632 1649/1649 1648/1648 1631/1631 
f 1633/1633 1650/1650 1649/1649 1632/1632 
f 1634/1634 1122/1122 1123/1123 1635/1635 
f 1636/1636 1140/1140 1122/1122 1634/1634 
f 1637/1637 1157/1157 1140/1140 1636/1636 
f 1638/1638 1174/1174 1157/1157 1637/1637 
f 1639/1639 1191/1191 1174/1174 1638/1638 
f 1640/1640 1208/1208 1191/1191 1639/1639 
f 1641/1641 1225/1225 1208/1208 1640/1640 
f 1642/1642 1242/1242 1225/1225 1641/1641 
f 1643/1643 1259/1259 1242/1242 1642/1642 
f 1644/1644 1276/1276 1259/1259 1643/1643 
f 1645/1645 1293/1293 1276/1276 1644/1644 
f 1646/1646 1310/1310 1293/1293 1645/1645 
f 1647/1647 1327/1327 1310/1310 1646/1646 
f 1648/1648 1344/1344 1327/1327 1647/1647 
f 1649/1649 1361/1361 1344/1344 1648/1648 
f 1650/1650 1378/1378 1361/1361 1649/1649 
f 1651/1651 1652/1652 1653/1653 1654/1654 
f 1655/1655 1651/1651 1654/1654 1656/1656 
f 1657/1657 1655/1655 1656/1656 1658/1658 
f 1659/1659 1657/1657 1658/1658 1660/1660 
f 1661/1661 1659/1659 1660/1660 1662/1662 
f 1663/1663 1661/1661 1662/1662 1664/1664 
f 1665/1665 1663/1663 1664/1664 1666/1666 
f 1667/1667 1665/1665 1666/1666 1668/1668 
f 1669/1669 1667/1667 1668/1668 1670/1670 
f 1671/1671 1669/1669 1670/1670 1672/1672 
f 1673/1673 1671/1671 1672/1672 1674/1674 
f 1675/1675 1673/1673 1674/1674 1676/1676 
f 1677/1677 1675/1675 1676/1676 1678/1678 
f 1679/1679 1677/1677 1678/1678 1680/1680 
f 1681/1681 1679/1679 1680/1680 1682/1682 
f 1683/1683 1681/1681 1682/1682 1684/1684 
f 1685/1685 1686/1686 1652/1652 1651/1651 
f 1687/1687 1685/1685 1651/1651 1655/1655 
f 1688/1688 1687/1687 1655/1655 1657/1657 
f 1689/1689 1688/1688 1657/1657 1659/1659 
f 1690/1690 1689/1689 1659/1659 1661/1661 
f 1691/1691 1690/1690 1661/1661 1663/1663 
f 1692/1692 1691/1691 1663/1663 1665/1665 
f 1693/1693 1692/1692 1665/1665 1667/1667 
f 1694/1694 1693/1693 1667/1667 1669/1669 
f 1695/1695 1694/1694 1669/1669 1671/1671 
f 1696/1696 1695/1695 1671/1671 1673/1673 
f 1697/1697 1696/1696 1673/1673 1675/1675 
f 1698/1698 1697/1697 1675/1675 1677/1677 
f 1699/1699 1698/1698 1677/1677 1679/1679 
f 1700/1700 1699/1699 1679/1679 1681/1681 
f 1701/1701 1700/1700 1681/1681 1683/1683 
f 1702/1702 1703/1703 1686/1686 1685/1685 
f 1704/1704 1702/1702 1685/1685 1687/1687 
f 1705/1705 1704/1704 1687/1687 1688/1688 
f 1706/1706 1705/1705 1688/1688 1689/1689 
f 1707/1707 1706/1706 1689/1689 1690/1690 
f 1708/1708 1707/1707 1690/1690 1691/1691 
f 1709/1709 1708/1708 1691/1691 1692/1692 
f 1710/1710 1709/1709 1692/1692 1693/1693 
f 1711/1711 1710/1710 1693/1693 1694/1694 
f 1712/1712 1711/1711 1694/1694 1695/1695 
f 1713/1713 1712/1712 1695/1695 1696/1696 
f 1714/1714 1713/1713 1696/1696 1697/1697 
f 1715/1715 1714/1714 1697/1697 1698/1698 
f 1716/1716 1715/1715 1698/1698 1699/1699 
f 1717/1717 1716/1716 1699/1699 1700/1700 
f 1718/1718 1717/1717 1700/1700 1701/1701 
f 1719/1719 1720/1720 1703/1703 1702/1702 
f 1721/1721 1719/1719 1702/1702 1704/1704 
f 1722/1722 1721/1721 1704/1704 1705/1705 
f 1723/1723 1722/1722 1705/1705 1706/1706 
f 1724/1724 1723/1723 1706/1706 1707/1707 
f 1725/1725 1724/1724 1707/1707 1708/1708 
f 1726/1726 1725/1725 1708/1708 1709/1709 
f 1727/1727 1726/1726 1709/1709 1710/1710 
f 1728/1728 1727/1727 1710/1710 1711/1711 
f 1729/1729 1728/1728 1711/1711 1712/1712 
f 1730/1730 1729/1729 1712/1712 1713/1713 
f 1731/1731 1730/1730 1713/1713 1714/1714 
f 1732/1732 1731/1731 1714/1714 1715/1715 
f 1733/1733 1732/1732 1715/1715 1716/1716 
f 1734/1734 1733/1733 1716/1716 1717/1717 
f 1735/1735 1734/1734 1717/1717 1718/1718 
f 1736/1736 1737/1737 1720/1720 1719/1719 
f 1738/1738 1736/1736 1719/1719 1721/1721 
f 1739/1739 1738/1738 1721/1721 1722/1722 
f 1740/1740 1739/1739 1722/1722 1723/1723 
f 1741/1741 1740/1740 1723/1723 1724/1724 
f 1742/1742 1741/1741 1724/1724 1725/1725 
f 1743/1743 1742/1742 1725/1725 1726/1726 
f 1744/1744 1743/1743 1726/1726 1727/1727 
f 1745/1745 1744/1744 1727/1727 1728/1728 
f 1746/1746 1745/1745 1728/1728 1729/1729 
f 1747/1747 1746/1746 1729/1729 1730/1730 
f 1748/1748 1747/1747 1730/1730 1731/1731 
f 1749/1749 1748/1748 1731/1731 1732/1732 
f 1750/1750 1749/1749 1732/1732 1733/1733 
f 1751/1751 1750/1750 1733/1733 1734/1734 
f 1752/1752 1751/1751 1734/1734 1735/1735 
f 1753/1753 1754/1754 1737/1737 1736/1736 
f 1755/1755 1753/1753 1736/1736 1738/1738 
f 1756/1756 1755/1755 1738/1738 1739/1739 
f 1757/1757 1756/1756 1739/1739 1740/1740 
f 1758/1758 1757/1757 1740/1740 1741/1741 
f 1759/1759 1758/1758 1741/1741 1742/1742 
f 1760/1760 1759/1759 1742/1742 1743/1743 
f 1761/1761 1760/1760 1743/1743 1744/1744 
f 1762/1762 1761/1761 1744/1744 1745/1745 
f 1763/1763 1762/1762 1745/1745 1746/1746 
f 1764/1764 1763/1763 1746/1746 1747/1747 
f 1765/1765 1764/1764 1747/1747 1748/1748 
f 1766/1766 1765/1765 1748/1748 1749/1749 
f 1767/1767 1766/1766 1749/1749 1750/1750 
f 1768/1768 1767/1767 1750/1750 1751/1751 
f 1769/1769 1768/1768 1751/1751 1752/1752 
f 1770/1770 1771/1771 1754/1754 1753/1753 
f 1772/1772 1770/1770 1753/1753 1755/1755 
f 1773/1773 1772/1772 1755/1755 1756/1756 
f 1774/1774 1773/1773 1756/1756 1757/1757 
f 1775/1775 1774/1774 1757/1757 1758/1758 
f 1776/1776 1775/1775 1758/1758 1759/1759 
f 1777/1777 1776/1776 1759/1759 1760/1760 
f 1778/1778 1777/1777 1760/1760 1761/1761 
f 1779/1779 1778/1778 1761/1761 1762/1762 
f 1780/1780 1779/1779 1762/1762 1763/1763 
f 1781/1781 1780/1780 1763/1763 1764/1764 
f 1782/1782 1781/1781 1764/1764 1765/1765 
f 1783/1783 1782/1782 1765/1765 1766/1766 
f 1784/1784 1783/1783 1766/1766 1767/1767 
f 1785/1785 1784/1784 1767/1767 1768/1768 
f 1786/1786 1785/1785 1768/1768 1769/1769 
f 1787/1787 1788/1788 1771/1771 1770/1770 
f 1789/1789 1787/1787 1770/1770 1772/1772 
f 1790/1790 1789/1789 1772/1772 1773/1773 
f 1791/1791 1790/1790 1773/1773 1774/1774 
f 1792/1792 1791/1791 1774/1774 1775/1775 
f 1793/1793 1792/1792 1775/1775 1776/1776 
f 1794/1794 1793/1793 1776/1776 1777/1777 
f 1795/1795 1794/1794 1777/1777 1778/1778 
f 1796/1796 1795/1795 1778/1778 1779/1779 
f 1797/1797 1796/1796 1779/1779 1780/1780 
f 1798/1798 1797/1797 1780/1780 1781/1781 
f 1799/1799 1798/1798 1781/1781 1782/1782 
f 1800/1800 1799/1799 1782/1782 1783/1783 
f 1801/1801 1800/1800 1783/1783 1784/1784 
f 1802/1802 1801/1801 1784/1784 1785/1785 
f 1803/1803 1802/1802 1785/1785 1786/1786 
f 1804/1804 1805/1805 1788/1788 1787/1787 
f 1806/1806 1804/1804 1787/1787 1789/1789 
f 1807/1807 1806/1806 1789/1789 1790/1790 
f 1808/1808 1807/1807 1790/1790 1791/1791 
f 1809/1809 1808/1808 1791/1791 1792/1792 
f 1810/1810 1809/1809 1792/1792 1793/1793 
f 1811/1811 1810/1810 1793/1793 1794/1794 
f 1812/1812 1811/1811 1794/1794 1795/1795 
f 1813/1813 1812/1812 1795/1795 1796/1796 
f 1814/1814 1813/1813 1796/1796 1797/1797 
f 1815/1815 1814/1814 1797/1797 1798/1798 
f 1816/1816 1815/1815 1798/1798 1799/1799 
f 1817/1817 1816/1816 1799/1799 1800/1800 
f 1818/1818 1817/1817 1800/1800 1801/1801 
f 1819/1819 1818/1818 1801/1801 1802/1802 
f 1820/1820 1819/1819 1802/1802 1803/1803 
f 1821/1821 1822/1822 1805/1805 1804/1804 
f 1823/1823 1821/1821 1804/1804 1806/1806 
f 1824/1824 1823/1823 1806/1806 1807/1807 
f 1825/1825 1824/1824 1807/1807 1808/1808 
f 1826/1826 1825/1825 1808/1808 1809/1809 
f 1827/1827 1826/1826 1809/1809 1810/1810 
f 1828/1828 1827/1827 1810/1810 1811/1811 
f 1829/1829 1828/1828 1811/1811 1812/1812 
f 1830/1830 1829/1829 1812/1812 1813/1813 
f 1831/1831 1830/1830 1813/1813 1814/1814 
f 1832/1832 1831/1831 1814/1814 1815/1815 
f 1833/1833 1832/1832 1815/1815 1816/1816 
f 1834/1834 1833/1833 1816/1816 1817/1817 
f 1835/1835 1834/1834 1817/1817 1818/1818 
f 1836/1836 1835/1835 1818/1818 1819/1819 
f 1837/1837 1836/1836 1819/1819 1820/1820 
f 1838/1838 1839/1839 1822/1822 1821/1821 
f 1840/1840 1838/1838 1821/1821 1823/1823 
f 1841/1841 1840/1840 1823/1823 1824/1824 
f 1842/1842 1841/1841 1824/1824 1825/1825 
f 1843/1843 1842/1842 1825/1825 1826/1826 
f 1844/1844 1843/1843 1826/1826 1827/1827 
f 1845/1845 1844/1844 1827/1827 1828/1828 
f 1846/1846 1845/1845 1828/1828 1829/1829 
f 1847/1847 1846/1846 1829/1829 1830/1830 
f 1848/1848 1847/1847 1830/1830 1831/1831 
f 1849/1849 1848/1848 1831/1831 1832/1832 
f 1850/1850 1849/1849 1832/1832 1833/1833 
f 1851/1851 1850/1850 1833/1833 1834/1834 
f 1852/1852 1851/1851 1834/1834 1835/1835 
f 1853/1853 1852/1852 1835/1835 1836/1836 
f 1854/1854 1853/1853 1836/1836 1837/1837 
f 1855/1855 1856/1856 1839/1839 1838/1838 
f 1857/1857 1855/1855 1838/1838 1840/1840 
f 1858/1858 1857/1857 1840/1840 1841/1841 
f 1859/1859 1858/1858 1841/1841 1842/1842 
f 1860/1860 1859/1859 1842/1842 1843/1843 
f 1861/1861 1860/1860 1843/1843 1844/1844 
f 1862/1862 1861/1861 1844/1844 1845/1845 
f 1863/1863 1862/1862 1845/1845 1846/1846 
f 1864/1864 1863/1863 1846/1846 1847/1847 
f 1865/1865 1864/1864 1847/1847 1848/1848 
f 1866/1866 1865/1865 1848/1848 1849/1849 
f 1867/1867 1866/1866 1849/1849 1850/1850 
f 1868/1868 1867/1867 1850/1850 1851/1851 
f 1869/1869 1868/1868 1851/1851 1852/1852 
f 1870/1870 1869/1869 1852/1852 1853/1853 
f 1871/1871 1870/1870 1853/1853 1854/1854 
f 1872/1872 1873/1873 1856/1856 1855/1855 
f 1874/1874 1872/1872 1855/1855 1857/1857 
f 1875/1875 1874/1874 1857/1857 1858/1858 
f 1876/1876 1875/1875 1858/1858 1859/1859 
f 1877/1877 1876/1876 1859/1859 1860/1860 
f 1878/1878 1877/1877 1860/1860 1861/1861 
f 1879/1879 1878/1878 1861/1861 1862/1862 
f 1880/1880 1879/1879 1862/1862 1863/1863 
f 1881/1881 1880/1880 1863/1863 1864/1864 
f 1882/1882 1881/1881 1864/1864 1865/1865 
f 1883/1883 1882/1882 1865/1865 1866/1866 
f 1884/1884 1883/1883 1866/1866 1867/1867 
f 1885/1885 1884/1884 1867/1867 1868/1868 
f 1886/1886 1885/1885 1868/1868 1869/1869 
f 1887/1887 1886/1886 1869/1869 1870/1870 
f 1888/1888 1887/1887 1870/1870 1871/1871 
f 1889/1889 1890/1890 1873/1873 1872/1872 
f 1891/1891 1889/1889 1872/1872 1874/1874 
f 1892/1892 1891/1891 1874/1874 1875/1875 
f 1893/1893 1892/1892 1875/1875 1876/1876 
f 1894/1894 1893/1893 1876/1876 1877/1877 
f 1895/1895 1894/1894 1877/1877 1878/1878 
f 1896/1896 1895/1895 1878/1878 1879/1879 
f 1897/1897 1896/1896 1879/1879 1880/1880 
f 1898/1898 1897/1897 1880/1880 1881/1881 
f 1899/1899 1898/1898 1881/1881 1882/1882 
f 1900/1900 1899/1899 1882/1882 1883/1883 
f 1901/1901 1900/1900 1883/1883 1884/1884 
f 1902/1902 1901/1901 1884/1884 1885/1885 
f 1903/1903 1902/1902 1885/1885 1886/1886 
f 1904/1904 1903/1903 1886/1886 1887/1887 
f 1905/1905 1904/1904 1887/1887 1888/1888 
f 1906/1906 1907/1907 1890/1890 1889/1889 
f 1908/1908 1906/1906 1889/1889 1891/1891 
f 1909/1909 1908/1908 1891/1891 1892/1892 
f 1910/1910 1909/1909 1892/1892 1893/1893 
f 1911/1911 1910/1910 1893/1893 1894/1894 
f 1912/1912 1911/1911 1894/1894 1895/1895 
f 1913/1913 1912/1912 1895/1895 1896/1896 
f 1914/1914 1913/1913 1896/1896 1897/1897 
f 1915/1915 1914/1914 1897/1897 1898/1898 
f 1916/1916 1915/1915 1898/1898 1899/1899 
f 1917/1917 1916/1916 1899/1899 1900/1900 
f 1918/1918 1917/1917 1900/1900 1901/1901 
f 1919/1919 1918/1918 1901/1901 1902/1902 
f 1920/1920 1919/1919 1902/1902 1903/1903 
f 1921/1921 1920/1920 1903/1903 1904/1904 
f 1922/1922 1921/1921 1904/1904 1905/1905 
f 1412/1412 1411/1411 1907/1907 1906/1906 
f 1429/1429 1412/1412 1906/1906 1908/1908 
f 1446/1446 1429/1429 1908/1908 1909/1909 
f 1463/1463 1446/1446 1909/1909 1910/1910 
f 1480/1480 1463/1463 1910/1910 1911/1911 
f 1497/1497 1480/1480 1911/1911 1912/1912 
f 1514/1514 1497/1497 1912/1912 1913/1913 
f 1531/1531 1514/1514 1913/1913 1914/1914 
f 1548/1548 1531/1531 1914/1914 1915/1915 
f 1565/1565 1548/1548 1915/1915 1916/1916 
f 1582/1582 1565/1565 1916/1916 1917/1917 
f 1599/1599 1582/1582 1917/1917 1918/1918 
f 1616/1616 1599/1599 1918/1918 1919/1919 
f 1633/1633 1616/1616 1919/1919 1920/1920 
f 1650/1650 1633/1633 1920/1920 1921/1921 
f 1378/1378 1650/1650 1921/1921 1922/1922 
f 1923/1923 1924/1924 1925/1925 1926/1926 
f 1927/1927 1928/1928 1924/1924 1923/1923 
f 1929/1929 1930/1930 1928/1928 1927/1927 
f 1931/1931 1932/1932 1930/1930 1929/1929 
f 1933/1933 1934/1934 1932/1932 1931/1931 
f 1935/1935 1936/1936 1934/1934 1933/1933 
f 1937/1937 1938/1938 1936/1936 1935/1935 
f 1939/1939 1940/1940 1938/1938 1937/1937 
f 1941/1941 1942/1942 1940/1940 1939/1939 
f 1943/1943 1944/1944 1942/1942 1941/1941 
f 1945/1945 1946/1946 1944/1944 1943/1943 
f 1947/1947 1948/1948 1946/1946 1945/1945 
f 1949/1949 1950/1950 1948/1948 1947/1947 
f 1951/1951 1952/1952 1950/1950 1949/1949 
f 1953/1953 1954/1954 1952/1952 1951/1951 
f 1363/1363 1362/1362 1954/1954 1953/1953 
f 1924/1924 1955/1955 1956/1956 1925/1925 
f 1928/1928 1957/1957 1955/1955 1924/1924 
f 1930/1930 1958/1958 1957/1957 1928/1928 
f 1932/1932 1959/1959 1958/1958 1930/1930 
f 1934/1934 1960/1960 1959/1959 1932/1932 
f 1936/1936 1961/1961 1960/1960 1934/1934 
f 1938/1938 1962/1962 1961/1961 1936/1936 
f 1940/1940 1963/1963 1962/1962 1938/1938 
f 1942/1942 1964/1964 1963/1963 1940/1940 
f 1944/1944 1965/1965 1964/1964 1942/1942 
f 1946/1946 1966/1966 1965/1965 1944/1944 
f 1948/1948 1967/1967 1966/1966 1946/1946 
f 1950/1950 1968/1968 1967/1967 1948/1948 
f 1952/1952 1969/1969 1968/1968 1950/1950 
f 1954/1954 1970/1970 1969/1969 1952/1952 
f 1362/1362 1364/1364 1970/1970 1954/1954 
f 1955/1955 1971/1971 1972/1972 1956/1956 
f 1957/1957 1973/1973 1971/1971 1955/1955 
f 1958/1958 1974/1974 1973/1973 1957/1957 
f 1959/1959 1975/1975 1974/1974 1958/1958 
f 1960/1960 1976/1976 1975/1975 1959/1959 
f 1961/1961 1977/1977 1976/1976 1960/1960 
f 1962/1962 1978/1978 1977/1977 1961/1961 
f 1963/1963 1979/1979 1978/1978 1962/1962 
f 1964/1964 1980/1980 1979/1979 1963/1963 
f 1965/1965 1981/1981 1980/1980 1964/1964 
f 1966/1966 1982/1982 1981/1981 1965/1965 
f 1967/1967 1983/1983 1982/1982 1966/1966 
f 1968/1968 1984/1984 1983/1983 1967/1967 
f 1969/1969 1985/1985 1984/1984 1968/1968 
f 1970/1970 1986/1986 1985/1985 1969/1969 
f 1364/1364 1365/1365 1986/1986 1970/1970 
f 1971/1971 1987/1987 1988/1988 1972/1972 
f 1973/1973 1989/1989 1987/1987 1971/1971 
f 1974/1974 1990/1990 1989/1989 1973/1973 
f 1975/1975 1991/1991 1990/1990 1974/1974 
f 1976/1976 1992/1992 1991/1991 1975/1975 
f 1977/1977 1993/1993 1992/1992 1976/1976 
f 1978/1978 1994/1994 1993/1993 1977/1977 
f 1979/1979 1995/1995 1994/1994 1978/1978 
f 1980/1980 1996/1996 1995/1995 1979/1979 
f 1981/1981 1997/1997 1996/1996 1980/1980 
f 1982/1982 1998/1998 1997/1997 1981/1981 
f 1983/1983 1999/1999 1998/1998 1982/1982 
f 1984/1984 2000/2000 1999/1999 1983/1983 
f 1985/1985 2001/2001 2000/2000 1984/1984 
f 1986/1986 2002/2002 2001/2001 1985/1985 
f 1365/1365 1366/1366 2002/2002 1986/1986 
f 1987/1987 2003/2003 2004/2004 1988/1988 
f 1989/1989 2005/2005 2003/2003 1987/1987 
f 1990/1990 2006/2006 2005/2005 1989/1989 
f 1991/1991 2007/2007 2006/2006 1990/1990 
f 1992/1992 2008/2008 2007/2007 1991/1991 
f 1993/1993 2009/2009 2008/2008 1992/1992 
f 1994/1994 2010/2010 2009/2009 1993/1993 
f 1995/1995 2011/2011 2010/2010 1994/1994 
f 1996/1996 2012/2012 2011/2011 1995/1995 
f 1997/1997 2013/2013 2012/2012 1996/1996 
f 1998/1998 2014/2014 2013/2013 1997/1997 
f 1999/1999 2015/2015 2014/2014 1998/1998 
f 2000/2000 2016/2016 2015/2015 1999/1999 
f 2001/2001 2017/2017 2016/2016 2000/2000 
f 2002/2002 2018/2018 2017/2017 2001/2001 
f 1366/1366 1367/1367 2018/2018 2002/2002 
f 2003/2003 2019/2019 2020/2020 2004/2004 
f 2005/2005 2021/2021 2019/2019 2003/2003 
f 2006/2006 2022/2022 2021/2021 2005/2005 
f 2007/2007 2023/2023 2022/2022 2006/2006 
f 2008/2008 2024/2024 2023/2023 2007/2007 
f 2009/2009 2025/2025 2024/2024 2008/2008 
f 2010/2010 2026/2026 2025/2025 2009/2009 
f 2011/2011 2027/2027 2026/2026 2010/2010 
f 2012/2012 2028/2028 2027/2027 2011/2011 
f 2013/2013 2029/2029 2028/2028 2012/2012 
f 2014/2014 2030/2030 2029/2029 2013/2013 
f 2015/2015 2031/2031 2030/2030 2014/2014 
f 2016/2016 2032/2032 2031/2031 2015/2015 
f 2017/2017 2033/2033 2032/2032 2016/2016 
f 2018/2018 2034/2034 2033/2033 2017/2017 
f 1367/1367 1368/1368 2034/2034 2018/2018 
f 2019/2019 2035/2035 2036/2036 2020/2020 
f 2021/2021 2037/2037 2035/2035 2019/2019 
f 2022/2022 2038/2038 2037/2037 2021/2021 
f 2023/2023 2039/2039 2038/2038 2022/2022 
f 2024/2024 2040/2040 2039/2039 2023/2023 
f 2025/2025 2041/2041 2040/2040 2024/2024 
f 2026/2026 2042/2042 2041/2041 2025/2025 
f 2027/2027 2043/2043 2042/2042 2026/2026 
f 2028/2028 2044/2044 2043/2043 2027/2027 
f 2029/2029 2045/2045 2044/2044 2028/2028 
f 2030/2030 2046/2046 2045/2045 2029/2029 
f 2031/2031 2047/2047 2046/2046 2030/2030 
f 2032/2032 2048/2048 2047/2047 2031/2031 
f 2033/2033 2049/2049 2048/2048 2032/2032 
f 2034/2034 2050/2050 2049/2049 2033/2033 
f 1368/1368 1369/1369 2050/2050 2034/2034 
f 2035/2035 2051/2051 2052/2052 2036/2036 
f 2037/2037 2053/2053 2051/2051 2035/2035 
f 2038/2038 2054/2054 2053/2053 2037/2037 
f 2039/2039 2055/2055 2054/2054 2038/2038 
f 2040/2040 2056/2056 2055/2055 2039/2039 
f 2041/2041 2057/2057 2056/2056 2040/2040 
f 2042/2042 2058/2058 2057/2057 2041/2041 
f 2043/2043 2059/2059 2058/2058 2042/2042 
f 2044/2044 2060/2060 2059/2059 2043/2043 
f 2045/2045 2061/2061 2060/2060 2044/2044 
f 2046/2046 2062/2062 2061/2061 2045/2045 
f 2047/2047 2063/2063 2062/2062 2046/2046 
f 2048/2048 2064/2064 2063/2063 2047/2047 
f 2049/2049 2065/2065 2064/2064 2048/2048 
f 2050/2050 2066/2066 2065/2065 2049/2049 
f 1369/1369 1370/1370 2066/2066 2050/2050 
f 2051/2051 2067/2067 2068/2068 2052/2052 
f 2053/2053 2069/2069 2067/2067 2051/2051 
f 2054/2054 2070/2070 2069/2069 2053/2053 
f 2055/2055 2071/2071 2070/2070 2054/2054 
f 2056/2056 2072/2072 2071/2071 2055/2055 
f 2057/2057 2073/2073 2072/2072 2056/2056 
f 2058/2058 2074/2074 2073/2073 2057/2057 
f 2059/2059 2075/2075 2074/2074 2058/2058 
f 2060/2060 2076/2076 2075/2075 2059/2059 
f 2061/2061 2077/2077 2076/2076 2060/2060 
f 2062/2062 2078/2078 2077/2077 2061/2061 
f 2063/2063 2079/2079 2078/2078 2062/2062 
f 2064/2064 2080/2080 2079/2079 2063/2063 
f 2065/2065 2081/2081 2080/2080 2064/2064 
f 2066/2066 2082/2082 2081/2081 2065/2065 
f 1370/1370 1371/1371 2082/2082 2066/2066 
f 2067/2067 2083/2083 2084/2084 2068/2068 
f 2069/2069 2085/2085 2083/2083 2067/2067 
f 2070/2070 2086/2086 2085/2085 2069/2069 
f 2071/2071 2087/2087 2086/2086 2070/2070 
f 2072/2072 2088/2088 2087/2087 2071/2071 
f 2073/2073 2089/2089 2088/2088 2072/2072 
f 2074/2074 2090/2090 2089/2089 2073/2073 
f 2075/2075 2091/2091 2090/2090 2074/2074 
f 2076/2076 2092/2092 2091/2091 2075/2075 
f 2077/2077 2093/2093 2092/2092 2076/2076 
f 2078/2078 2094/2094 2093/2093 2077/2077 
f 2079/2079 2095/2095 2094/2094 2078/2078 
f 2080/2080 2096/2096 2095/2095 2079/2079 
f 2081/2081 2097/2097 2096/2096 2080/2080 
f 2082/2082 2098/2098 2097/2097 2081/2081 
f 1371/1371 1372/1372 2098/2098 2082/2082 
f 2083/2083 2099/2099 2100/2100 2084/2084 
f 2085/2085 2101/2101 2099/2099 2083/2083 
f 2086/2086 2102/2102 2101/2101 2085/2085 
f 2087/2087 2103/2103 2102/2102 2086/2086 
f 2088/2088 2104/2104 2103/2103 2087/2087 
f 2089/2089 2105/2105 2104/2104 2088/2088 
f 2090/2090 2106/2106 2105/2105 2089/2089 
f 2091/2091 2107/2107 2106/2106 2090/2090 
f 2092/2092 2108/2108 2107/2107 2091/2091 
f 2093/2093 2109/2109 2108/2108 2092/2092 
f 2094/2094 2110/2110 2109/2109 2093/2093 
f 2095/2095 2111/2111 2110/2110 2094/2094 
f 2096/2096 2112/2112 2111/2111 2095/2095 
f 2097/2097 2113/2113 2112/2112 2096/2096 
f 2098/2098 2114/2114 2113/2113 2097/2097 
f 1372/1372 1373/1373 2114/2114 2098/2098 
f 2099/2099 2115/2115 2116/2116 2100/2100 
f 2101/2101 2117/2117 2115/2115 2099/2099 
f 2102/2102 2118/2118 2117/2117 2101/2101 
f 2103/2103 2119/2119 2118/2118 2102/2102 
f 2104/2104 2120/2120 2119/2119 2103/2103 
f 2105/2105 2121/2121 2120/2120 2104/2104 
f 2106/2106 2122/2122 2121/2121 2105/2105 
f 2107/2107 2123/2123 2122/2122 2106/2106 
f 2108/2108 2124/2124 2123/2123 2107/2107 
f 2109/2109 2125/2125 2124/2124 2108/2108 
f 2110/2110 2126/2126 2125/2125 2109/2109 
f 2111/2111 2127/2127 2126/2126 2110/2110 
f 2112/2112 2128/2128 2127/2127 2111/2111 
f 2113/2113 2129/2129 2128/2128 2112/2112 
f 2114/2114 2130/2130 2129/2129 2113/2113 
f 1373/1373 1374/1374 2130/2130 2114/2114 
f 2115/2115 2131/2131 2132/2132 2116/2116 
f 2117/2117 2133/2133 2131/2131 2115/2115 
f 2118/2118 2134/2134 2133/2133 2117/2117 
f 2119/2119 2135/2135 2134/2134 2118/2118 
f 2120/2120 2136/2136 2135/2135 2119/2119 
f 2121/2121 2137/2137 2136/2136 2120/2120 
f 2122/2122 2138/2138 2137/2137 2121/2121 
f 2123/2123 2139/2139 2138/2138 2122/2122 
f 2124/2124 2140/2140 2139/2139 2123/2123 
f 2125/2125 2141/2141 2140/2140 2124/2124 
f 2126/2126 2142/2142 2141/2141 2125/2125 
f 2127/2127 2143/2143 2142/2142 2126/2126 
f 2128/2128 2144/2144 2143/2143 2127/2127 
f 2129/2129 2145/2145 2144/2144 2128/2128 
f 2130/2130 2146/2146 2145/2145 2129/2129 
f 1374/1374 1375/1375 2146/2146 2130/2130 
f 2131/2131 2147/2147 2148/2148 2132/2132 
f 2133/2133 2149/2149 2147/2147 2131/2131 
f 2134/2134 2150/2150 2149/2149 2133/2133 
f 2135/2135 2151/2151 2150/2150 2134/2134 
f 2136/2136 2152/2152 2151/2151 2135/2135 
f 2137/2137 2153/2153 2152/2152 2136/2136 
f 2138/2138 2154/2154 2153/2153 2137/2137 
f 2139/2139 2155/2155 2154/2154 2138/2138 
f 2140/2140 2156/2156 2155/2155 2139/2139 
f 2141/2141 2157/2157 2156/2156 2140/2140 
f 2142/2142 2158/2158 2157/2157 2141/2141 
f 2143/2143 2159/2159 2158/2158 2142/2142 
f 2144/2144 2160/2160 2159/2159 2143/2143 
f 2145/2145 2161/2161 2160/2160 2144/2144 
f 2146/2146 2162/2162 2161/2161 2145/2145 
f 1375/1375 1376/1376 2162/2162 2146/2146 
f 2147/2147 2163/2163 2164/2164 2148/2148 
f 2149/2149 2165/2165 2163/2163 2147/2147 
f 2150/2150 2166/2166 2165/2165 2149/2149 
f 2151/2151 2167/2167 2166/2166 2150/2150 
f 2152/2152 2168/2168 2167/2167 2151/2151 
f 2153/2153 2169/2169 2168/2168 2152/2152 
f 2154/2154 2170/2170 2169/2169 2153/2153 
f 2155/2155 2171/2171 2170/2170 2154/2154 
f 2156/2156 2172/2172 2171/2171 2155/2155 
f 2157/2157 2173/2173 2172/2172 2156/2156 
f 2158/2158 2174/2174 2173/2173 2157/2157 
f 2159/2159 2175/2175 2174/2174 2158/2158 
f 2160/2160 2176/2176 2175/2175 2159/2159 
f 2161/2161 2177/2177 2176/2176 2160/2160 
f 2162/2162 2178/2178 2177/2177 2161/2161 
f 1376/1376 1377/1377 2178/2178 2162/2162 
f 2163/2163 1683/1683 1684/1684 2164/2164 
f 2165/2165 1701/1701 1683/1683 2163/2163 
f 2166/2166 1718/1718 1701/1701 2165/2165 
f 2167/2167 1735/1735 1718/1718 2166/2166 
f 2168/2168 1752/1752 1735/1735 2167/2167 
f 2169/2169 1769/1769 1752/1752 2168/2168 
f 2170/2170 1786/1786 1769/1769 2169/2169 
f 2171/2171 1803/1803 1786/1786 2170/2170 
f 2172/2172 1820/1820 1803/1803 2171/2171 
f 2173/2173 1837/1837 1820/1820 2172/2172 
f 2174/2174 1854/1854 1837/1837 2173/2173 
f 2175/2175 1871/1871 1854/1854 2174/2174 
f 2176/2176 1888/1888 1871/1871 2175/2175 
f 2177/2177 1905/1905 1888/1888 2176/2176 
f 2178/2178 1922/1922 1905/1905 2177/2177 
f 1377/1377 1378/1378 1922/1922 2178/2178 
f 2179/2179 2180/2180 564/564 563/563 
f 2181/2181 2179/2179 563/563 597/597 
f 2182/2182 2181/2181 597/597 614/614 
f 2183/2183 2182/2182 614/614 631/631 
f 2184/2184 2183/2183 631/631 648/648 
f 2185/2185 2184/2184 648/648 665/665 
f 2186/2186 2185/2185 665/665 682/682 
f 2187/2187 2186/2186 682/682 699/699 
f 2188/2188 2187/2187 699/699 716/716 
f 2189/2189 2188/2188 716/716 733/733 
f 2190/2190 2189/2189 733/733 750/750 
f 2191/2191 2190/2190 750/750 767/767 
f 2192/2192 2191/2191 767/767 784/784 
f 2193/2193 2192/2192 784/784 801/801 
f 2194/2194 2193/2193 801/801 818/818 
f 2195/2195 2194/2194 818/818 322/322 
f 2196/2196 2197/2197 2180/2180 2179/2179 
f 2198/2198 2196/2196 2179/2179 2181/2181 
f 2199/2199 2198/2198 2181/2181 2182/2182 
f 2200/2200 2199/2199 2182/2182 2183/2183 
f 2201/2201 2200/2200 2183/2183 2184/2184 
f 2202/2202 2201/2201 2184/2184 2185/2185 
f 2203/2203 2202/2202 2185/2185 2186/2186 
f 2204/2204 2203/2203 2186/2186 2187/2187 
f 2205/2205 2204/2204 2187/2187 2188/2188 
f 2206/2206 2205/2205 2188/2188 2189/2189 
f 2207/2207 2206/2206 2189/2189 2190/2190 
f 2208/2208 2207/2207 2190/2190 2191/2191 
f 2209/2209 2208/2208 2191/2191 2192/2192 
f 2210/2210 2209/2209 2192/2192 2193/2193 
f 2211/2211 2210/2210 2193/2193 2194/2194 
f 2212/2212 2211/2211 2194/2194 2195/2195 
f 2213/2213 2214/2214 2197/2197 2196/2196 
f 2215/2215 2213/2213 2196/2196 2198/2198 
f 2216/2216 2215/2215 2198/2198 2199/2199 
f 2217/2217 2216/2216 2199/2199 2200/2200 
f 2218/2218 2217/2217 2200/2200 2201/2201 
f 2219/2219 2218/2218 2201/2201 2202/2202 
f 2220/2220 2219/2219 2202/2202 2203/2203 
f 2221/2221 2220/2220 2203/2203 2204/2204 
f 2222/2222 2221/2221 2204/2204 2205/2205 
f 2223/2223 2222/2222 2205/2205 2206/2206 
f 2224/2224 2223/2223 2206/2206 2207/2207 
f 2225/2225 2224/2224 2207/2207 2208/2208 
f 2226/2226 2225/2225 2208/2208 2209/2209 
f 2227/2227 2226/2226 2209/2209 2210/2210 
f 2228/2228 2227/2227 2210/2210 2211/2211 
f 2229/2229 2228/2228 2211/2211 2212/2212 
f 2230/2230 2231/2231 2214/2214 2213/2213 
f 2232/2232 2230/2230 2213/2213 2215/2215 
f 2233/2233 2232/2232 2215/2215 2216/2216 
f 2234/2234 2233/2233 2216/2216 2217/2217 
f 2235/2235 2234/2234 2217/2217 2218/2218 
f 2236/2236 2235/2235 2218/2218 2219/2219 
f 2237/2237 2236/2236 2219/2219 2220/2220 
f 2238/2238 2237/2237 2220/2220 2221/2221 
f 2239/2239 2238/2238 2221/2221 2222/2222 
f 2240/2240 2239/2239 2222/2222 2223/2223 
f 2241/2241 2240/2240 2223/2223 2224/2224 
f 2242/2242 2241/2241 2224/2224 2225/2225 
f 2243/2243 2242/2242 2225/2225 2226/2226 
f 2244/2244 2243/2243 2226/2226 2227/2227 
f 2245/2245 2244/2244 2227/2227 2228/2228 
f 2246/2246 2245/2245 2228/2228 2229/2229 
f 2247/2247 2248/2248 2231/2231 2230/2230 
f 2249/2249 2247/2247 2230/2230 2232/2232 
f 2250/2250 2249/2249 2232/2232 2233/2233 
f 2251/2251 2250/2250 2233/2233 2234/2234 
f 2252/2252 2251/2251 2234/2234 2235/2235 
f 2253/2253 2252/2252 2235/2235 2236/2236 
f 2254/2254 2253/2253 2236/2236 2237/2237 
f 2255/2255 2254/2254 2237/2237 2238/2238 
f 2256/2256 2255/2255 2238/2238 2239/2239 
f 2257/2257 2256/2256 2239/2239 2240/2240 
f 2258/2258 2257/2257 2240/2240 2241/2241 
f 2259/2259 2258/2258 2241/2241 2242/2242 
f 2260/2260 2259/2259 2242/2242 2243/2243 
f 2261/2261 2260/2260 2243/2243 2244/2244 
f 2262/2262 2261/2261 2244/2244 2245/2245 
f 2263/2263 2262/2262 2245/2245 2246/2246 
f 2264/2264 2265/2265 2248/2248 2247/2247 
f 2266/2266 2264/2264 2247/2247 2249/2249 
f 2267/2267 2266/2266 2249/2249 2250/2250 
f 2268/2268 2267/2267 2250/2250 2251/2251 
f 2269/2269 2268/2268 2251/2251 2252/2252 
f 2270/2270 2269/2269 2252/2252 2253/2253 
f 2271/2271 2270/2270 2253/2253 2254/2254 
f 2272/2272 2271/2271 2254/2254 2255/2255 
f 2273/2273 2272/2272 2255/2255 2256/2256 
f 2274/2274 2273/2273 2256/2256 2257/2257 
f 2275/2275 2274/2274 2257/2257 2258/2258 
f 2276/2276 2275/2275 2258/2258 2259/2259 
f 2277/2277 2276/2276 2259/2259 2260/2260 
f 2278/2278 2277/2277 2260/2260 2261/2261 
f 2279/2279 2278/2278 2261/2261 2262/2262 
f 2280/2280 2279/2279 2262/2262 2263/2263 
f 2281/2281 2282/2282 2265/2265 2264/2264 
f 2283/2283 2281/2281 2264/2264 2266/2266 
f 2284/2284 2283/2283 2266/2266 2267/2267 
f 2285/2285 2284/2284 2267/2267 2268/2268 
f 2286/2286 2285/2285 2268/2268 2269/2269 
f 2287/2287 2286/2286 2269/2269 2270/2270 
f 2288/2288 2287/2287 2270/2270 2271/2271 
f 2289/2289 2288/2288 2271/2271 2272/2272 
f 2290/2290 2289/2289 2272/2272 2273/2273 
f 2291/2291 2290/2290 2273/2273 2274/2274 
f 2292/2292 2291/2291 2274/2274 2275/2275 
f 2293/2293 2292/2292 2275/2275 2276/2276 
f 2294/2294 2293/2293 2276/2276 2277/2277 
f 2295/2295 2294/2294 2277/2277 2278/2278 
f 2296/2296 2295/2295 2278/2278 2279/2279 
f 2297/2297 2296/2296 2279/2279 2280/2280 
f 2298/2298 2299/2299 2282/2282 2281/2281 
f 2300/2300 2298/2298 2281/2281 2283/2283 
f 2301/2301 2300/2300 2283/2283 2284/2284 
f 2302/2302 2301/2301 2284/2284 2285/2285 
f 2303/2303 2302/2302 2285/2285 2286/2286 
f 2304/2304 2303/2303 2286/2286 2287/2287 
f 2305/2305 2304/2304 2287/2287 2288/2288 
f 2306/2306 2305/2305 2288/2288 2289/2289 
f 2307/2307 2306/2306 2289/2289 2290/2290 
f 2308/2308 2307/2307 2290/2290 2291/2291 
f 2309/2309 2308/2308 2291/2291 2292/2292 
f 2310/2310 2309/2309 2292/2292 2293/2293 
f 2311/2311 2310/2310 2293/2293 2294/2294 
f 2312/2312 2311/2311 2294/2294 2295/2295 
f 2313/2313 2312/2312 2295/2295 2296/2296 
f 2314/2314 2313/2313 2296/2296 2297/2297 
f 2315/2315 2316/2316 2299/2299 2298/2298 
f 2317/2317 2315/2315 2298/2298 2300/2300 
f 2318/2318 2317/2317 2300/2300 2301/2301 
f 2319/2319 2318/2318 2301/2301 2302/2302 
f 2320/2320 2319/2319 2302/2302 2303/2303 
f 2321/2321 2320/2320 2303/2303 2304/2304 
f 2322/2322 2321/2321 2304/2304 2305/2305 
f 2323/2323 2322/2322 2305/2305 2306/2306 
f 2324/2324 2323/2323 2306/2306 2307/2307 
f 2325/2325 2324/2324 2307/2307 2308/2308 
f 2326/2326 2325/2325 2308/2308 2309/2309 
f 2327/2327 2326/2326 2309/2309 2310/2310 
f 2328/2328 2327/2327 2310/2310 2311/2311 
f 2329/2329 2328/2328 2311/2311 2312/2312 
f 2330/2330 2329/2329 2312/2312 2313/2313 
f 2331/2331 2330/2330 2313/2313 2314/2314 
f 2332/2332 2333/2333 2316/2316 2315/2315 
f 2334/2334 2332/2332 2315/2315 2317/2317 
f 2335/2335 2334/2334 2317/2317 2318/2318 
f 2336/2336 2335/2335 2318/2318 2319/2319 
f 2337/2337 2336/2336 2319/2319 2320/2320 
f 2338/2338 2337/2337 2320/2320 2321/2321 
f 2339/2339 2338/2338 2321/2321 2322/2322 
f 2340/2340 2339/2339 2322/2322 2323/2323 
f 2341/2341 2340/2340 2323/2323 2324/2324 
f 2342/2342 2341/2341 2324/2324 2325/2325 
f 2343/2343 2342/2342 2325/2325 2326/2326 
f 2344/2344 2343/2343 2326/2326 2327/2327 
f 2345/2345 2344/2344 2327/2327 2328/2328 
f 2346/2346 2345/2345 2328/2328 2329/2329 
f 2347/2347 2346/2346 2329/2329 2330/2330 
f 2348/2348 2347/2347 2330/2330 2331/2331 
f 2349/2349 2350/2350 2333/2333 2332/2332 
f 2351/2351 2349/2349 2332/2332 2334/2334 
f 2352/2352 2351/2351 2334/2334 2335/2335 
f 2353/2353 2352/2352 2335/2335 2336/2336 
f 2354/2354 2353/2353 2336/2336 2337/2337 
f 2355/2355 2354/2354 2337/2337 2338/2338 
f 2356/2356 2355/2355 2338/2338 2339/2339 
f 2357/2357 2356/2356 2339/2339 2340/2340 
f 2358/2358 2357/2357 2340/2340 2341/2341 
f 2359/2359 2358/2358 2341/2341 2342/2342 
f 2360/2360 2359/2359 2342/2342 2343/2343 
f 2361/2361 2360/2360 2343/2343 2344/2344 
f 2362/2362 2361/2361 2344/2344 2345/2345 
f 2363/2363 2362/2362 2345/2345 2346/2346 
f 2364/2364 2363/2363 2346/2346 2347/2347 
f 2365/2365 2364/2364 2347/2347 2348/2348 
f 2366/2366 2367/2367 2350/2350 2349/2349 
f 2368/2368 2366/2366 2349/2349 2351/2351 
f 2369/2369 2368/2368 2351/2351 2352/2352 
f 2370/2370 2369/2369 2352/2352 2353/2353 
f 2371/2371 2370/2370 2353/2353 2354/2354 
f 2372/2372 2371/2371 2354/2354 2355/2355 
f 2373/2373 2372/2372 2355/2355 2356/2356 
f 2374/2374 2373/2373 2356/2356 2357/2357 
f 2375/2375 2374/2374 2357/2357 2358/2358 
f 2376/2376 2375/2375 2358/2358 2359/2359 
f 2377/2377 2376/2376 2359/2359 2360/2360 
f 2378/2378 2377/2377 2360/2360 2361/2361 
f 2379/2379 2378/2378 2361/2361 2362/2362 
f 2380/2380 2379/2379 2362/2362 2363/2363 
f 2381/2381 2380/2380 2363/2363 2364/2364 
f 2382/2382 2381/2381 2364/2364 2365/2365 
f 2383/2383 2384/2384 2367/2367 2366/2366 
f 2385/2385 2383/2383 2366/2366 2368/2368 
f 2386/2386 2385/2385 2368/2368 2369/2369 
f 2387/2387 2386/2386 2369/2369 2370/2370 
f 2388/2388 2387/2387 2370/2370 2371/2371 
f 2389/2389 2388/2388 2371/2371 2372/2372 
f 2390/2390 2389/2389 2372/2372 2373/2373 
f 2391/2391 2390/2390 2373/2373 2374/2374 
f 2392/2392 2391/2391 2374/2374 2375/2375 
f 2393/2393 2392/2392 2375/2375 2376/2376 
f 2394/2394 2393/2393 2376/2376 2377/2377 
f 2395/2395 2394/2394 2377/2377 2378/2378 
f 2396/2396 2395/2395 2378/2378 2379/2379 
f 2397/2397 2396/2396 2379/2379 2380/2380 
f 2398/2398 2397/2397 2380/2380 2381/2381 
f 2399/2399 2398/2398 2381/2381 2382/2382 
f 2400/2400 2401/2401 2384/2384 2383/2383 
f 2402/2402 2400/2400 2383/2383 2385/2385 
f 2403/2403 2402/2402 2385/2385 2386/2386 
f 2404/2404 2403/2403 2386/2386 2387/2387 
f 2405/2405 2404/2404 2387/2387 2388/2388 
f 2406/2406 2405/2405 2388/2388 2389/2389 
f 2407/2407 2406/2406 2389/2389 2390/2390 
f 2408/2408 2407/2407 2390/2390 2391/2391 
f 2409/2409 2408/2408 2391/2391 2392/2392 
f 2410/2410 2409/2409 2392/2392 2393/2393 
f 2411/2411 2410/2410 2393/2393 2394/2394 
f 2412/2412 2411/2411 2394/2394 2395/2395 
f 2413/2413 2412/2412 2395/2395 2396/2396 
f 2414/2414 2413/2413 2396/2396 2397/2397 
f 2415/2415 2414/2414 2397/2397 2398/2398 
f 2416/2416 2415/2415 2398/2398 2399/2399 
f 2417/2417 2418/2418 2401/2401 2400/2400 
f 2419/2419 2417/2417 2400/2400 2402/2402 
f 2420/2420 2419/2419 2402/2402 2403/2403 
f 2421/2421 2420/2420 2403/2403 2404/2404 
f 2422/2422 2421/2421 2404/2404 2405/2405 
f 2423/2423 2422/2422 2405/2405 2406/2406 
f 2424/2424 2423/2423 2406/2406 2407/2407 
f 2425/2425 2424/2424 2407/2407 2408/2408 
f 2426/2426 2425/2425 2408/2408 2409/2409 
f 2427/2427 2426/2426 2409/2409 2410/2410 
f 2428/2428 2427/2427 2410/2410 2411/2411 
f 2429/2429 2428/2428 2411/2411 2412/2412 
f 2430/2430 2429/2429 2412/2412 2413/2413 
f 2431/2431 2430/2430 2413/2413 2414/2414 
f 2432/2432 2431/2431 2414/2414 2415/2415 
f 2433/2433 2432/2432 2415/2415 2416/2416 
f 2434/2434 2435/2435 2418/2418 2417/2417 
f 2436/2436 2434/2434 2417/2417 2419/2419 
f 2437/2437 2436/2436 2419/2419 2420/2420 
f 2438/2438 2437/2437 2420/2420 2421/2421 
f 2439/2439 2438/2438 2421/2421 2422/2422 
f 2440/2440 2439/2439 2422/2422 2423/2423 
f 2441/2441 2440/2440 2423/2423 2424/2424 
f 2442/2442 2441/2441 2424/2424 2425/2425 
f 2443/2443 2442/2442 2425/2425 2426/2426 
f 2444/2444 2443/2443 2426/2426 2427/2427 
f 2445/2445 2444/2444 2427/2427 2428/2428 
f 2446/2446 2445/2445 2428/2428 2429/2429 
f 2447/2447 2446/2446 2429/2429 2430/2430 
f 2448/2448 2447/2447 2430/2430 2431/2431 
f 2449/2449 2448/2448 2431/2431 2432/2432 
f 2450/2450 2449/2449 2432/2432 2433/2433 
f 2451/2451 2452/2452 290/290 293/293 
f 2453/2453 2454/2454 2452/2452 2451/2451 
f 2455/2455 2456/2456 2454/2454 2453/2453 
f 2457/2457 2458/2458 2456/2456 2455/2455 
f 2459/2459 2460/2460 2458/2458 2457/2457 
f 2461/2461 2462/2462 2460/2460 2459/2459 
f 2463/2463 2464/2464 2462/2462 2461/2461 
f 2465/2465 2466/2466 2464/2464 2463/2463 
f 2467/2467 2468/2468 2466/2466 2465/2465 
f 2469/2469 2470/2470 2468/2468 2467/2467 
f 2471/2471 2472/2472 2470/2470 2469/2469 
f 2473/2473 2474/2474 2472/2472 2471/2471 
f 2475/2475 2476/2476 2474/2474 2473/2473 
f 2477/2477 2478/2478 2476/2476 2475/2475 
f 2479/2479 2480/2480 2478/2478 2477/2477 
f 2481/2481 2482/2482 2480/2480 2479/2479 
f 2452/2452 2483/2483 294/294 290/290 
f 2454/2454 2484/2484 2483/2483 2452/2452 
f 2456/2456 2485/2485 2484/2484 2454/2454 
f 2458/2458 2486/2486 2485/2485 2456/2456 
f 2460/2460 2487/2487 2486/2486 2458/2458 
f 2462/2462 2488/2488 2487/2487 2460/2460 
f 2464/2464 2489/2489 2488/2488 2462/2462 
f 2466/2466 2490/2490 2489/2489 2464/2464 
f 2468/2468 2491/2491 2490/2490 2466/2466 
f 2470/2470 2492/2492 2491/2491 2468/2468 
f 2472/2472 2493/2493 2492/2492 2470/2470 
f 2474/2474 2494/2494 2493/2493 2472/2472 
f 2476/2476 2495/2495 2494/2494 2474/2474 
f 2478/2478 2496/2496 2495/2495 2476/2476 
f 2480/2480 2497/2497 2496/2496 2478/2478 
f 2482/2482 2498/2498 2497/2497 2480/2480 
f 2483/2483 2499/2499 296/296 294/294 
f 2484/2484 2500/2500 2499/2499 2483/2483 
f 2485/2485 2501/2501 2500/2500 2484/2484 
f 2486/2486 2502/2502 2501/2501 2485/2485 
f 2487/2487 2503/2503 2502/2502 2486/2486 
f 2488/2488 2504/2504 2503/2503 2487/2487 
f 2489/2489 2505/2505 2504/2504 2488/2488 
f 2490/2490 2506/2506 2505/2505 2489/2489 
f 2491/2491 2507/2507 2506/2506 2490/2490 
f 2492/2492 2508/2508 2507/2507 2491/2491 
f 2493/2493 2509/2509 2508/2508 2492/2492 
f 2494/2494 2510/2510 2509/2509 2493/2493 
f 2495/2495 2511/2511 2510/2510 2494/2494 
f 2496/2496 2512/2512 2511/2511 2495/2495 
f 2497/2497 2513/2513 2512/2512 2496/2496 
f 2498/2498 2514/2514 2513/2513 2497/2497 
f 2499/2499 2515/2515 298/298 296/296 
f 2500/2500 2516/2516 2515/2515 2499/2499 
f 2501/2501 2517/2517 2516/2516 2500/2500 
f 2502/2502 2518/2518 2517/2517 2501/2501 
f 2503/2503 2519/2519 2518/2518 2502/2502 
f 2504/2504 2520/2520 2519/2519 2503/2503 
f 2505/2505 2521/2521 2520/2520 2504/2504 
f 2506/2506 2522/2522 2521/2521 2505/2505 
f 2507/2507 2523/2523 2522/2522 2506/2506 
f 2508/2508 2524/2524 2523/2523 2507/2507 
f 2509/2509 2525/2525 2524/2524 2508/2508 
f 2510/2510 2526/2526 2525/2525 2509/2509 
f 2511/2511 2527/2527 2526/2526 2510/2510 
f 2512/2512 2528/2528 2527/2527 2511/2511 
f 2513/2513 2529/2529 2528/2528 2512/2512 
f 2514/2514 2530/2530 2529/2529 2513/2513 
f 2515/2515 2531/2531 300/300 298/298 
f 2516/2516 2532/2532 2531/2531 2515/2515 
f 2517/2517 2533/2533 2532/2532 2516/2516 
f 2518/2518 2534/2534 2533/2533 2517/2517 
f 2519/2519 2535/2535 2534/2534 2518/2518 
f 2520/2520 2536/2536 2535/2535 2519/2519 
f 2521/2521 2537/2537 2536/2536 2520/2520 
f 2522/2522 2538/2538 2537/2537 2521/2521 
f 2523/2523 2539/2539 2538/2538 2522/2522 
f 2524/2524 2540/2540 2539/2539 2523/2523 
f 2525/2525 2541/2541 2540/2540 2524/2524 
f 2526/2526 2542/2542 2541/2541 2525/2525 
f 2527/2527 2543/2543 2542/2542 2526/2526 
f 2528/2528 2544/2544 2543/2543 2527/2527 
f 2529/2529 2545/2545 2544/2544 2528/2528 
f 2530/2530 2546/2546 2545/2545 2529/2529 
f 2531/2531 2547/2547 302/302 300/300 
f 2532/2532 2548/2548 2547/2547 2531/2531 
f 2533/2533 2549/2549 2548/2548 2532/2532 
f 2534/2534 2550/2550 2549/2549 2533/2533 
f 2535/2535 2551/2551 2550/2550 2534/2534 
f 2536/2536 2552/2552 2551/2551 2535/2535 
f 2537/2537 2553/2553 2552/2552 2536/2536 
f 2538/2538 2554/2554 2553/2553 2537/2537 
f 2539/2539 2555/2555 2554/2554 2538/2538 
f 2540/2540 2556/2556 2555/2555 2539/2539 
f 2541/2541 2557/2557 2556/2556 2540/2540 
f 2542/2542 2558/2558 2557/2557 2541/2541 
f 2543/2543 2559/2559 2558/2558 2542/2542 
f 2544/2544 2560/2560 2559/2559 2543/2543 
f 2545/2545 2561/2561 2560/2560 2544/2544 
f 2546/2546 2562/2562 2561/2561 2545/2545 
f 2547/2547 2563/2563 304/304 302/302 
f 2548/2548 2564/2564 2563/2563 2547/2547 
f 2549/2549 2565/2565 2564/2564 2548/2548 
f 2550/2550 2566/2566 2565/2565 2549/2549 
f 2551/2551 2567/2567 2566/2566 2550/2550 
f 2552/2552 2568/2568 2567/2567 2551/2551 
f 2553/2553 2569/2569 2568/2568 2552/2552 
f 2554/2554 2570/2570 2569/2569 2553/2553 
f 2555/2555 2571/2571 2570/2570 2554/2554 
f 2556/2556 2572/2572 2571/2571 2555/2555 
f 2557/2557 2573/2573 2572/2572 2556/2556 
f 2558/2558 2574/2574 2573/2573 2557/2557 
f 2559/2559 2575/2575 2574/2574 2558/2558 
f 2560/2560 2576/2576 2575/2575 2559/2559 
f 2561/2561 2577/2577 2576/2576 2560/2560 
f 2562/2562 2578/2578 2577/2577 2561/2561 
f 2563/2563 2579/2579 306/306 304/304 
f 2564/2564 2580/2580 2579/2579 2563/2563 
f 2565/2565 2581/2581 2580/2580 2564/2564 
f 2566/2566 2582/2582 2581/2581 2565/2565 
f 2567/2567 2583/2583 2582/2582 2566/2566 
f 2568/2568 2584/2584 2583/2583 2567/2567 
f 2569/2569 2585/2585 2584/2584 2568/2568 
f 2570/2570 2586/2586 2585/2585 2569/2569 
f 2571/2571 2587/2587 2586/2586 2570/2570 
f 2572/2572 2588/2588 2587/2587 2571/2571 
f 2573/2573 2589/2589 2588/2588 2572/2572 
f 2574/2574 2590/2590 2589/2589 2573/2573 
f 2575/2575 2591/2591 2590/2590 2574/2574 
f 2576/2576 2592/2592 2591/2591 2575/2575 
f 2577/2577 2593/2593 2592/2592 2576/2576 
f 2578/2578 2594/2594 2593/2593 2577/2577 
f 2579/2579 2595/2595 308/308 306/306 
f 2580/2580 2596/2596 2595/2595 2579/2579 
f 2581/2581 2597/2597 2596/2596 2580/2580 
f 2582/2582 2598/2598 2597/2597 2581/2581 
f 2583/2583 2599/2599 2598/2598 2582/2582 
f 2584/2584 2600/2600 2599/2599 2583/2583 
f 2585/2585 2601/2601 2600/2600 2584/2584 
f 2586/2586 2602/2602 2601/2601 2585/2585 
f 2587/2587 2603/2603 2602/2602 2586/2586 
f 2588/2588 2604/2604 2603/2603 2587/2587 
f 2589/2589 2605/2605 2604/2604 2588/2588 
f 2590/2590 2606/2606 2605/2605 2589/2589 
f 2591/2591 2607/2607 2606/2606 2590/2590 
f 2592/2592 2608/2608 2607/2607 2591/2591 
f 2593/2593 2609/2609 2608/2608 2592/2592 
f 2594/2594 2610/2610 2609/2609 2593/2593 
f 2595/2595 2611/2611 310/310 308/308 
f 2596/2596 2612/2612 2611/2611 2595/2595 
f 2597/2597 2613/2613 2612/2612 2596/2596 
f 2598/2598 2614/2614 2613/2613 2597/2597 
f 2599/2599 2615/2615 2614/2614 2598/2598 
f 2600/2600 2616/2616 2615/2615 2599/2599 
f 2601/2601 2617/2617 2616/2616 2600/2600 
f 2602/2602 2618/2618 2617/2617 2601/2601 
f 2603/2603 2619/2619 2618/2618 2602/2602 
f 2604/2604 2620/2620 2619/2619 2603/2603 
f 2605/2605 2621/2621 2620/2620 2604/2604 
f 2606/2606 2622/2622 2621/2621 2605/2605 
f 2607/2607 2623/2623 2622/2622 2606/2606 
f 2608/2608 2624/2624 2623/2623 2607/2607 
f 2609/2609 2625/2625 2624/2624 2608/2608 
f 2610/2610 2626/2626 2625/2625 2609/2609 
f 2611/2611 2627/2627 312/312 310/310 
f 2612/2612 2628/2628 2627/2627 2611/2611 
f 2613/2613 2629/2629 2628/2628 2612/2612 
f 2614/2614 2630/2630 2629/2629 2613/2613 
f 2615/2615 2631/2631 2630/2630 2614/2614 
f 2616/2616 2632/2632 2631/2631 2615/2615 
f 2617/2617 2633/2633 2632/2632 2616/2616 
f 2618/2618 2634/2634 2633/2633 2617/2617 
f 2619/2619 2635/2635 2634/2634 2618/2618 
f 2620/2620 2636/2636 2635/2635 2619/2619 
f 2621/2621 2637/2637 2636/2636 2620/2620 
f 2622/2622 2638/2638 2637/2637 2621/2621 
f 2623/2623 2639/2639 2638/2638 2622/2622 
f 2624/2624 2640/2640 2639/2639 2623/2623 
f 2625/2625 2641/2641 2640/2640 2624/2624 
f 2626/2626 2642/2642 2641/2641 2625/2625 
f 2627/2627 2643/2643 314/314 312/312 
f 2628/2628 2644/2644 2643/2643 2627/2627 
f 2629/2629 2645/2645 2644/2644 2628/2628 
f 2630/2630 2646/2646 2645/2645 2629/2629 
f 2631/2631 2647/2647 2646/2646 2630/2630 
f 2632/2632 2648/2648 2647/2647 2631/2631 
f 2633/2633 2649/2649 2648/2648 2632/2632 
f 2634/2634 2650/2650 2649/2649 2633/2633 
f 2635/2635 2651/2651 2650/2650 2634/2634 
f 2636/2636 2652/2652 2651/2651 2635/2635 
f 2637/2637 2653/2653 2652/2652 2636/2636 
f 2638/2638 2654/2654 2653/2653 2637/2637 
f 2639/2639 2655/2655 2654/2654 2638/2638 
f 2640/2640 2656/2656 2655/2655 2639/2639 
f 2641/2641 2657/2657 2656/2656 2640/2640 
f 2642/2642 2658/2658 2657/2657 2641/2641 
f 2643/2643 2659/2659 316/316 314/314 
f 2644/2644 2660/2660 2659/2659 2643/2643 
f 2645/2645 2661/2661 2660/2660 2644/2644 
f 2646/2646 2662/2662 2661/2661 2645/2645 
f 2647/2647 2663/2663 2662/2662 2646/2646 
f 2648/2648 2664/2664 2663/2663 2647/2647 
f 2649/2649 2665/2665 2664/2664 2648/2648 
f 2650/2650 2666/2666 2665/2665 2649/2649 
f 2651/2651 2667/2667 2666/2666 2650/2650 
f 2652/2652 2668/2668 2667/2667 2651/2651 
f 2653/2653 2669/2669 2668/2668 2652/2652 
f 2654/2654 2670/2670 2669/2669 2653/2653 
f 2655/2655 2671/2671 2670/2670 2654/2654 
f 2656/2656 2672/2672 2671/2671 2655/2655 
f 2657/2657 2673/2673 2672/2672 2656/2656 
f 2658/2658 2674/2674 2673/2673 2657/2657 
f 2659/2659 2675/2675 318/318 316/316 
f 2660/2660 2676/2676 2675/2675 2659/2659 
f 2661/2661 2677/2677 2676/2676 2660/2660 
f 2662/2662 2678/2678 2677/2677 2661/2661 
f 2663/2663 2679/2679 2678/2678 2662/2662 
f 2664/2664 2680/2680 2679/2679 2663/2663 
f 2665/2665 2681/2681 2680/2680 2664/2664 
f 2666/2666 2682/2682 2681/2681 2665/2665 
f 2667/2667 2683/2683 2682/2682 2666/2666 
f 2668/2668 2684/2684 2683/2683 2667/2667 
f 2669/2669 2685/2685 2684/2684 2668/2668 
f 2670/2670 2686/2686 2685/2685 2669/2669 
f 2671/2671 2687/2687 2686/2686 2670/2670 
f 2672/2672 2688/2688 2687/2687 2671/2671 
f 2673/2673 2689/2689 2688/2688 2672/2672 
f 2674/2674 2690/2690 2689/2689 2673/2673 
f 2675/2675 2691/2691 320/320 318/318 
f 2676/2676 2692/2692 2691/2691 2675/2675 
f 2677/2677 2693/2693 2692/2692 2676/2676 
f 2678/2678 2694/2694 2693/2693 2677/2677 
f 2679/2679 2695/2695 2694/2694 2678/2678 
f 2680/2680 2696/2696 2695/2695 2679/2679 
f 2681/2681 2697/2697 2696/2696 2680/2680 
f 2682/2682 2698/2698 2697/2697 2681/2681 
f 2683/2683 2699/2699 2698/2698 2682/2682 
f 2684/2684 2700/2700 2699/2699 2683/2683 
f 2685/2685 2701/2701 2700/2700 2684/2684 
f 2686/2686 2702/2702 2701/2701 2685/2685 
f 2687/2687 2703/2703 2702/2702 2686/2686 
f 2688/2688 2704/2704 2703/2703 2687/2687 
f 2689/2689 2705/2705 2704/2704 2688/2688 
f 2690/2690 2706/2706 2705/2705 2689/2689 
f 2691/2691 2195/2195 322/322 320/320 
f 2692/2692 2212/2212 2195/2195 2691/2691 
f 2693/2693 2229/2229 2212/2212 2692/2692 
f 2694/2694 2246/2246 2229/2229 2693/2693 
f 2695/2695 2263/2263 2246/2246 2694/2694 
f 2696/2696 2280/2280 2263/2263 2695/2695 
f 2697/2697 2297/2297 2280/2280 2696/2696 
f 2698/2698 2314/2314 2297/2297 2697/2697 
f 2699/2699 2331/2331 2314/2314 2698/2698 
f 2700/2700 2348/2348 2331/2331 2699/2699 
f 2701/2701 2365/2365 2348/2348 2700/2700 
f 2702/2702 2382/2382 2365/2365 2701/2701 
f 2703/2703 2399/2399 2382/2382 2702/2702 
f 2704/2704 2416/2416 2399/2399 2703/2703 
f 2705/2705 2433/2433 2416/2416 2704/2704 
f 2706/2706 2450/2450 2433/2433 2705/2705 
f 2707/2707 2708/2708 1653/1653 1652/1652 
f 2709/2709 2707/2707 1652/1652 1686/1686 
f 2710/2710 2709/2709 1686/1686 1703/1703 
f 2711/2711 2710/2710 1703/1703 1720/1720 
f 2712/2712 2711/2711 1720/1720 1737/1737 
f 2713/2713 2712/2712 1737/1737 1754/1754 
f 2714/2714 2713/2713 1754/1754 1771/1771 
f 2715/2715 2714/2714 1771/1771 1788/1788 
f 2716/2716 2715/2715 1788/1788 1805/1805 
f 2717/2717 2716/2716 1805/1805 1822/1822 
f 2718/2718 2717/2717 1822/1822 1839/1839 
f 2719/2719 2718/2718 1839/1839 1856/1856 
f 2720/2720 2719/2719 1856/1856 1873/1873 
f 2721/2721 2720/2720 1873/1873 1890/1890 
f 2722/2722 2721/2721 1890/1890 1907/1907 
f 2723/2723 2722/2722 1907/1907 1411/1411 
f 2724/2724 2725/2725 2708/2708 2707/2707 
f 2726/2726 2724/2724 2707/2707 2709/2709 
f 2727/2727 2726/2726 2709/2709 2710/2710 
f 2728/2728 2727/2727 2710/2710 2711/2711 
f 2729/2729 2728/2728 2711/2711 2712/2712 
f 2730/2730 2729/2729 2712/2712 2713/2713 
f 2731/2731 2730/2730 2713/2713 2714/2714 
f 2732/2732 2731/2731 2714/2714 2715/2715 
f 2733/2733 2732/2732 2715/2715 2716/2716 
f 2734/2734 2733/2733 2716/2716 2717/2717 
f 2735/2735 2734/2734 2717/2717 2718/2718 
f 2736/2736 2735/2735 2718/2718 2719/2719 
f 2737/2737 2736/2736 2719/2719 2720/2720 
f 2738/2738 2737/2737 2720/2720 2721/2721 
f 2739/2739 2738/2738 2721/2721 2722/2722 
f 2740/2740 2739/2739 2722/2722 2723/2723 
f 2741/2741 2742/2742 2725/2725 2724/2724 
f 2743/2743 2741/2741 2724/2724 2726/2726 
f 2744/2744 2743/2743 2726/2726 2727/2727 
f 2745/2745 2744/2744 2727/2727 2728/2728 
f 2746/2746 2745/2745 2728/2728 2729/2729 
f 2747/2747 2746/2746 2729/2729 2730/2730 
f 2748/2748 2747/2747 2730/2730 2731/2731 
f 2749/2749 2748/2748 2731/2731 2732/2732 
f 2750/2750 2749/2749 2732/2732 2733/2733 
f 2751/2751 2750/2750 2733/2733 2734/2734 
f 2752/2752 2751/2751 2734/2734 2735/2735 
f 2753/2753 2752/2752 2735/2735 2736/2736 
f 2754/2754 2753/2753 2736/2736 2737/2737 
f 2755/2755 2754/2754 2737/2737 2738/2738 
f 2756/2756 2755/2755 2738/2738 2739/2739 
f 2757/2757 2756/2756 2739/2739 2740/2740 
f 2758/2758 2759/2759 2742/2742 2741/2741 
f 2760/2760 2758/2758 2741/2741 2743/2743 
f 2761/2761 2760/2760 2743/2743 2744/2744 
f 2762/2762 2761/2761 2744/2744 2745/2745 
f 2763/2763 2762/2762 2745/2745 2746/2746 
f 2764/2764 2763/2763 2746/2746 2747/2747 
f 2765/2765 2764/2764 2747/2747 2748/2748 
f 2766/2766 2765/2765 2748/2748 2749/2749 
f 2767/2767 2766/2766 2749/2749 2750/2750 
f 2768/2768 2767/2767 2750/2750 2751/2751 
f 2769/2769 2768/2768 2751/2751 2752/2752 
f 2770/2770 2769/2769 2752/2752 2753/2753 
f 2771/2771 2770/2770 2753/2753 2754/2754 
f 2772/2772 2771/2771 2754/2754 2755/2755 
f 2773/2773 2772/2772 2755/2755 2756/2756 
f 2774/2774 2773/2773 2756/2756 2757/2757 
f 2775/2775 2776/2776 2759/2759 2758/2758 
f 2777/2777 2775/2775 2758/2758 2760/2760 
f 2778/2778 2777/2777 2760/2760 2761/2761 
f 2779/2779 2778/2778 2761/2761 2762/2762 
f 2780/2780 2779/2779 2762/2762 2763/2763 
f 2781/2781 2780/2780 2763/2763 2764/2764 
f 2782/2782 2781/2781 2764/2764 2765/2765 
f 2783/2783 2782/2782 2765/2765 2766/2766 
f 2784/2784 2783/2783 2766/2766 2767/2767 
f 2785/2785 2784/2784 2767/2767 2768/2768 
f 2786/2786 2785/2785 2768/2768 2769/2769 
f 2787/2787 2786/2786 2769/2769 2770/2770 
f 2788/2788 2787/2787 2770/2770 2771/2771 
f 2789/2789 2788/2788 2771/2771 2772/2772 
f 2790/2790 2789/2789 2772/2772 2773/2773 
f 2791/2791 2790/2790 2773/2773 2774/2774 
f 2792/2792 2793/2793 2776/2776 2775/2775 
f 2794/2794 2792/2792 2775/2775 2777/2777 
f 2795/2795 2794/2794 2777/2777 2778/2778 
f 2796/2796 2795/2795 2778/2778 2779/2779 
f 2797/2797 2796/2796 2779/2779 2780/2780 
f 2798/2798 2797/2797 2780/2780 2781/2781 
f 2799/2799 2798/2798 2781/2781 2782/2782 
f 2800/2800 2799/2799 2782/2782 2783/2783 
f 2801/2801 2800/2800 2783/2783 2784/2784 
f 2802/2802 2801/2801 2784/2784 2785/2785 
f 2803/2803 2802/2802 2785/2785 2786/2786 
f 2804/2804 2803/2803 2786/2786 2787/2787 
f 2805/2805 2804/2804 2787/2787 2788/2788 
f 2806/2806 2805/2805 2788/2788 2789/2789 
f 2807/2807 2806/2806 2789/2789 2790/2790 
f 2808/2808 2807/2807 2790/2790 2791/2791 
f 2809/2809 2810/2810 2793/2793 2792/2792 
f 2811/2811 2809/2809 2792/2792 2794/2794 
f 2812/2812 2811/2811 2794/2794 2795/2795 
f 2813/2813 2812/2812 2795/2795 2796/2796 
f 2814/2814 2813/2813 2796/2796 2797/2797 
f 2815/2815 2814/2814 2797/2797 2798/2798 
f 2816/2816 2815/2815 2798/2798 2799/2799 
f 2817/2817 2816/2816 2799/2799 2800/2800 
f 2818/2818 2817/2817 2800/2800 2801/2801 
f 2819/2819 2818/2818 2801/2801 2802/2802 
f 2820/2820 2819/2819 2802/2802 2803/2803 
f 2821/2821 2820/2820 2803/2803 2804/2804 
f 2822/2822 2821/2821 2804/2804 2805/2805 
f 2823/2823 2822/2822 2805/2805 2806/2806 
f 2824/2824 2823/2823 2806/2806 2807/2807 
f 2825/2825 2824/2824 2807/2807 2808/2808 
f 2826/2826 2827/2827 2810/2810 2809/2809 
f 2828/2828 2826/2826 2809/2809 2811/2811 
f 2829/2829 2828/2828 2811/2811 2812/2812 
f 2830/2830 2829/2829 2812/2812 2813/2813 
f 2831/2831 2830/2830 2813/2813 2814/2814 
f 2832/2832 2831/2831 2814/2814 2815/2815 
f 2833/2833 2832/2832 2815/2815 2816/2816 
f 2834/2834 2833/2833 2816/2816 2817/2817 
f 2835/2835 2834/2834 2817/2817 2818/2818 
f 2836/2836 2835/2835 2818/2818 2819/2819 
f 2837/2837 2836/2836 2819/2819 2820/2820 
f 2838/2838 2837/2837 2820/2820 2821/2821 
f 2839/2839 2838/2838 2821/2821 2822/2822 
f 2840/2840 2839/2839 2822/2822 2823/2823 
f 2841/2841 2840/2840 2823/2823 2824/2824 
f 2842/2842 2841/2841 2824/2824 2825/2825 
f 2843/2843 2844/2844 2827/2827 2826/2826 
f 2845/2845 2843/2843 2826/2826 2828/2828 
f 2846/2846 2845/2845 2828/2828 2829/2829 
f 2847/2847 2846/2846 2829/2829 2830/2830 
f 2848/2848 2847/2847 2830/2830 2831/2831 
f 2849/2849 2848/2848 2831/2831 2832/2832 
f 2850/2850 2849/2849 2832/2832 2833/2833 
f 2851/2851 2850/2850 2833/2833 2834/2834 
f 2852/2852 2851/2851 2834/2834 2835/2835 
f 2853/2853 2852/2852 2835/2835 2836/2836 
f 2854/2854 2853/2853 2836/2836 2837/2837 
f 2855/2855 2854/2854 2837/2837 2838/2838 
f 2856/2856 2855/2855 2838/2838 2839/2839 
f 2857/2857 2856/2856 2839/2839 2840/2840 
f 2858/2858 2857/2857 2840/2840 2841/2841 
f 2859/2859 2858/2858 2841/2841 2842/2842 
f 2860/2860 2861/2861 2844/2844 2843/2843 
f 2862/2862 2860/2860 2843/2843 2845/2845 
f 2863/2863 2862/2862 2845/2845 2846/2846 
f 2864/2864 2863/2863 2846/2846 2847/2847 
f 2865/2865 2864/2864 2847/2847 2848/2848 
f 2866/2866 2865/2865 2848/2848 2849/2849 
f 2867/2867 2866/2866 2849/2849 2850/2850 
f 2868/2868 2867/2867 2850/2850 2851/2851 
f 2869/2869 2868/2868 2851/2851 2852/2852 
f 2870/2870 2869/2869 2852/2852 2853/2853 
f 2871/2871 2870/2870 2853/2853 2854/2854 
f 2872/2872 2871/2871 2854/2854 2855/2855 
f 2873/2873 2872/2872 2855/2855 2856/2856 
f 2874/2874 2873/2873 2856/2856 2857/2857 
f 2875/2875 2874/2874 2857/2857 2858/2858 
f 2876/2876 2875/2875 2858/2858 2859/2859 
f 2877/2877 2878/2878 2861/2861 2860/2860 
f 2879/2879 2877/2877 2860/2860 2862/2862 
f 2880/2880 2879/2879 2862/2862 2863/2863 
f 2881/2881 2880/2880 2863/2863 2864/2864 
f 2882/2882 2881/2881 2864/2864 2865/2865 
f 2883/2883 2882/2882 2865/2865 2866/2866 
f 2884/2884 2883/2883 2866/2866 2867/2867 
f 2885/2885 2884/2884 2867/2867 2868/2868 
f 2886/2886 2885/2885 2868/2868 2869/2869 
f 2887/2887 2886/2886 2869/2869 2870/2870 
f 2888/2888 2887/2887 2870/2870 2871/2871 
f 2889/2889 2888/2888 2871/2871 2872/2872 
f 2890/2890 2889/2889 2872/2872 2873/2873 
f 2891/2891 2890/2890 2873/2873 2874/2874 
f 2892/2892 2891/2891 2874/2874 2875/2875 
f 2893/2893 2892/2892 2875/2875 2876/2876 
f 2894/2894 2895/2895 2878/2878 2877/2877 
f 2896/2896 2894/2894 2877/2877 2879/2879 
f 2897/2897 2896/2896 2879/2879 2880/2880 
f 2898/2898 2897/2897 2880/2880 2881/2881 
f 2899/2899 2898/2898 2881/2881 2882/2882 
f 2900/2900 2899/2899 2882/2882 2883/2883 
f 2901/2901 2900/2900 2883/2883 2884/2884 
f 2902/2902 2901/2901 2884/2884 2885/2885 
f 2903/2903 2902/2902 2885/2885 2886/2886 
f 2904/2904 2903/2903 2886/2886 2887/2887 
f 2905/2905 2904/2904 2887/2887 2888/2888 
f 2906/2906 2905/2905 2888/2888 2889/2889 
f 2907/2907 2906/2906 2889/2889 2890/2890 
f 2908/2908 2907/2907 2890/2890 2891/2891 
f 2909/2909 2908/2908 2891/2891 2892/2892 
f 2910/2910 2909/2909 2892/2892 2893/2893 
f 2911/2911 2912/2912 2895/2895 2894/2894 
f 2913/2913 2911/2911 2894/2894 2896/2896 
f 2914/2914 2913/2913 2896/2896 2897/2897 
f 2915/2915 2914/2914 2897/2897 2898/2898 
f 2916/2916 2915/2915 2898/2898 2899/2899 
f 2917/2917 2916/2916 2899/2899 2900/2900 
f 2918/2918 2917/2917 2900/2900 2901/2901 
f 2919/2919 2918/2918 2901/2901 2902/2902 
f 2920/2920 2919/2919 2902/2902 2903/2903 
f 2921/2921 2920/2920 2903/2903 2904/2904 
f 2922/2922 2921/2921 2904/2904 2905/2905 
f 2923/2923 2922/2922 2905/2905 2906/2906 
f 2924/2924 2923/2923 2906/2906 2907/2907 
f 2925/2925 2924/2924 2907/2907 2908/2908 
f 2926/2926 2925/2925 2908/2908 2909/2909 
f 2927/2927 2926/2926 2909/2909 2910/2910 
f 2928/2928 2929/2929 2912/2912 2911/2911 
f 2930/2930 2928/2928 2911/2911 2913/2913 
f 2931/2931 2930/2930 2913/2913 2914/2914 
f 2932/2932 2931/2931 2914/2914 2915/2915 
f 2933/2933 2932/2932 2915/2915 2916/2916 
f 2934/2934 2933/2933 2916/2916 2917/2917 
f 2935/2935 2934/2934 2917/2917 2918/2918 
f 2936/2936 2935/2935 2918/2918 2919/2919 
f 2937/2937 2936/2936 2919/2919 2920/2920 
f 2938/2938 2937/2937 2920/2920 2921/2921 
f 2939/2939 2938/2938 2921/2921 2922/2922 
f 2940/2940 2939/2939 2922/2922 2923/2923 
f 2941/2941 2940/2940 2923/2923 2924/2924 
f 2942/2942 2941/2941 2924/2924 2925/2925 
f 2943/2943 2942/2942 2925/2925 2926/2926 
f 2944/2944 2943/2943 2926/2926 2927/2927 
f 2945/2945 2946/2946 2929/2929 2928/2928 
f 2947/2947 2945/2945 2928/2928 2930/2930 
f 2948/2948 2947/2947 2930/2930 2931/2931 
f 2949/2949 2948/2948 2931/2931 2932/2932 
f 2950/2950 2949/2949 2932/2932 2933/2933 
f 2951/2951 2950/2950 2933/2933 2934/2934 
f 2952/2952 2951/2951 2934/2934 2935/2935 
f 2953/2953 2952/2952 2935/2935 2936/2936 
f 2954/2954 2953/2953 2936/2936 2937/2937 
f 2955/2955 2954/2954 2937/2937 2938/2938 
f 2956/2956 2955/2955 2938/2938 2939/2939 
f 2957/2957 2956/2956 2939/2939 2940/2940 
f 2958/2958 2957/2957 2940/2940 2941/2941 
f 2959/2959 2958/2958 2941/2941 2942/2942 
f 2960/2960 2959/2959 2942/2942 2943/2943 
f 2961/2961 2960/2960 2943/2943 2944/2944 
f 2482/2482 2481/2481 2946/2946 2945/2945 
f 2498/2498 2482/2482 2945/2945 2947/2947 
f 2514/2514 2498/2498 2947/2947 2948/2948 
f 2530/2530 2514/2514 2948/2948 2949/2949 
f 2546/2546 2530/2530 2949/2949 2950/2950 
f 2562/2562 2546/2546 2950/2950 2951/2951 
f 2578/2578 2562/2562 2951/2951 2952/2952 
f 2594/2594 2578/2578 2952/2952 2953/2953 
f 2610/2610 2594/2594 2953/2953 2954/2954 
f 2626/2626 2610/2610 2954/2954 2955/2955 
f 2642/2642 2626/2626 2955/2955 2956/2956 
f 2658/2658 2642/2642 2956/2956 2957/2957 
f 2674/2674 2658/2658 2957/2957 2958/2958 
f 2690/2690 2674/2674 2958/2958 2959/2959 
f 2706/2706 2690/2690 2959/2959 2960/2960 
f 2450/2450 2706/2706 2960/2960 2961/2961 
f 2962/2962 2963/2963 1379/1379 1382/1382 
f 2964/2964 2965/2965 2963/2963 2962/2962 
f 2966/2966 2967/2967 2965/2965 2964/2964 
f 2968/2968 2969/2969 2967/2967 2966/2966 
f 2970/2970 2971/2971 2969/2969 2968/2968 
f 2972/2972 2973/2973 2971/2971 2970/2970 
f 2974/2974 2975/2975 2973/2973 2972/2972 
f 2976/2976 2977/2977 2975/2975 2974/2974 
f 2978/2978 2979/2979 2977/2977 2976/2976 
f 2980/2980 2981/2981 2979/2979 2978/2978 
f 2982/2982 2983/2983 2981/2981 2980/2980 
f 2984/2984 2985/2985 2983/2983 2982/2982 
f 2986/2986 2987/2987 2985/2985 2984/2984 
f 2988/2988 2989/2989 2987/2987 2986/2986 
f 2990/2990 2991/2991 2989/2989 2988/2988 
f 2435/2435 2434/2434 2991/2991 2990/2990 
f 2963/2963 2992/2992 1383/1383 1379/1379 
f 2965/2965 2993/2993 2992/2992 2963/2963 
f 2967/2967 2994/2994 2993/2993 2965/2965 
f 2969/2969 2995/2995 2994/2994 2967/2967 
f 2971/2971 2996/2996 2995/2995 2969/2969 
f 2973/2973 2997/2997 2996/2996 2971/2971 
f 2975/2975 2998/2998 2997/2997 2973/2973 
f 2977/2977 2999/2999 2998/2998 2975/2975 
f 2979/2979 3000/3000 2999/2999 2977/2977 
f 2981/2981 3001/3001 3000/3000 2979/2979 
f 2983/2983 3002/3002 3001/3001 2981/2981 
f 2985/2985 3003/3003 3002/3002 2983/2983 
f 2987/2987 3004/3004 3003/3003 2985/2985 
f 2989/2989 3005/3005 3004/3004 2987/2987 
f 2991/2991 3006/3006 3005/3005 2989/2989 
f 2434/2434 2436/2436 3006/3006 2991/2991 
f 2992/2992 3007/3007 1385/1385 1383/1383 
f 2993/2993 3008/3008 3007/3007 2992/2992 
f 2994/2994 3009/3009 3008/3008 2993/2993 
f 2995/2995 3010/3010 3009/3009 2994/2994 
f 2996/2996 3011/3011 3010/3010 2995/2995 
f 2997/2997 3012/3012 3011/3011 2996/2996 
f 2998/2998 3013/3013 3012/3012 2997/2997 
f 2999/2999 3014/3014 3013/3013 2998/2998 
f 3000/3000 3015/3015 3014/3014 2999/2999 
f 3001/3001 3016/3016 3015/3015 3000/3000 
f 3002/3002 3017/3017 3016/3016 3001/3001 
f 3003/3003 3018/3018 3017/3017 3002/3002 
f 3004/3004 3019/3019 3018/3018 3003/3003 
f 3005/3005 3020/3020 3019/3019 3004/3004 
f 3006/3006 3021/3021 3020/3020 3005/3005 
f 2436/2436 2437/2437 3021/3021 3006/3006 
f 3007/3007 3022/3022 1387/1387 1385/1385 
f 3008/3008 3023/3023 3022/3022 3007/3007 
f 3009/3009 3024/3024 3023/3023 3008/3008 
f 3010/3010 3025/3025 3024/3024 3009/3009 
f 3011/3011 3026/3026 3025/3025 3010/3010 
f 3012/3012 3027/3027 3026/3026 3011/3011 
f 3013/3013 3028/3028 3027/3027 3012/3012 
f 3014/3014 3029/3029 3028/3028 3013/3013 
f 3015/3015 3030/3030 3029/3029 3014/3014 
f 3016/3016 3031/3031 3030/3030 3015/3015 
f 3017/3017 3032/3032 3031/3031 3016/3016 
f 3018/3018 3033/3033 3032/3032 3017/3017 
f 3019/3019 3034/3034 3033/3033 3018/3018 
f 3020/3020 3035/3035 3034/3034 3019/3019 
f 3021/3021 3036/3036 3035/3035 3020/3020 
f 2437/2437 2438/2438 3036/3036 3021/3021 
f 3022/3022 3037/3037 1389/1389 1387/1387 
f 3023/3023 3038/3038 3037/3037 3022/3022 
f 3024/3024 3039/3039 3038/3038 3023/3023 
f 3025/3025 3040/3040 3039/3039 3024/3024 
f 3026/3026 3041/3041 3040/3040 3025/3025 
f 3027/3027 3042/3042 3041/3041 3026/3026 
f 3028/3028 3043/3043 3042/3042 3027/3027 
f 3029/3029 3044/3044 3043/3043 3028/3028 
f 3030/3030 3045/3045 3044/3044 3029/3029 
f 3031/3031 3046/3046 3045/3045 3030/3030 
f 3032/3032 3047/3047 3046/3046 3031/3031 
f 3033/3033 3048/3048 3047/3047 3032/3032 
f 3034/3034 3049/3049 3048/3048 3033/3033 
f 3035/3035 3050/3050 3049/3049 3034/3034 
f 3036/3036 3051/3051 3050/3050 3035/3035 
f 2438/2438 2439/2439 3051/3051 3036/3036 
f 3037/3037 3052/3052 1391/1391 1389/1389 
f 3038/3038 3053/3053 3052/3052 3037/3037 
f 3039/3039 3054/3054 3053/3053 3038/3038 
f 3040/3040 3055/3055 3054/3054 3039/3039 
f 3041/3041 3056/3056 3055/3055 3040/3040 
f 3042/3042 3057/3057 3056/3056 3041/3041 
f 3043/3043 3058/3058 3057/3057 3042/3042 
f 3044/3044 3059/3059 3058/3058 3043/3043 
f 3045/3045 3060/3060 3059/3059 3044/3044 
f 3046/3046 3061/3061 3060/3060 3045/3045 
f 3047/3047 3062/3062 3061/3061 3046/3046 
f 3048/3048 3063/3063 3062/3062 3047/3047 
f 3049/3049 3064/3064 3063/3063 3048/3048 
f 3050/3050 3065/3065 3064/3064 3049/3049 
f 3051/3051 3066/3066 3065/3065 3050/3050 
f 2439/2439 2440/2440 3066/3066 3051/3051 
f 3052/3052 3067/3067 1393/1393 1391/1391 
f 3053/3053 3068/3068 3067/3067 3052/3052 
f 3054/3054 3069/3069 3068/3068 3053/3053 
f 3055/3055 3070/3070 3069/3069 3054/3054 
f 3056/3056 3071/3071 3070/3070 3055/3055 
f 3057/3057 3072/3072 3071/3071 3056/3056 
f 3058/3058 3073/3073 3072/3072 3057/3057 
f 3059/3059 3074/3074 3073/3073 3058/3058 
f 3060/3060 3075/3075 3074/3074 3059/3059 
f 3061/3061 3076/3076 3075/3075 3060/3060 
f 3062/3062 3077/3077 3076/3076 3061/3061 
f 3063/3063 3078/3078 3077/3077 3062/3062 
f 3064/3064 3079/3079 3078/3078 3063/3063 
f 3065/3065 3080/3080 3079/3079 3064/3064 
f 3066/3066 3081/3081 3080/3080 3065/3065 
f 2440/2440 2441/2441 3081/3081 3066/3066 
f 3067/3067 3082/3082 1395/1395 1393/1393 
f 3068/3068 3083/3083 3082/3082 3067/3067 
f 3069/3069 3084/3084 3083/3083 3068/3068 
f 3070/3070 3085/3085 3084/3084 3069/3069 
f 3071/3071 3086/3086 3085/3085 3070/3070 
f 3072/3072 3087/3087 3086/3086 3071/3071 
f 3073/3073 3088/3088 3087/3087 3072/3072 
f 3074/3074 3089/3089 3088/3088 3073/3073 
f 3075/3075 3090/3090 3089/3089 3074/3074 
f 3076/3076 3091/3091 3090/3090 3075/3075 
f 3077/3077 3092/3092 3091/3091 3076/3076 
f 3078/3078 3093/3093 3092/3092 3077/3077 
f 3079/3079 3094/3094 3093/3093 3078/3078 
f 3080/3080 3095/3095 3094/3094 3079/3079 
f 3081/3081 3096/3096 3095/3095 3080/3080 
f 2441/2441 2442/2442 3096/3096 3081/3081 
f 3082/3082 3097/3097 1397/1397 1395/1395 
f 3083/3083 3098/3098 3097/3097 3082/3082 
f 3084/3084 3099/3099 3098/3098 3083/3083 
f 3085/3085 3100/3100 3099/3099 3084/3084 
f 3086/3086 3101/3101 3100/3100 3085/3085 
f 3087/3087 3102/3102 3101/3101 3086/3086 
f 3088/3088 3103/3103 3102/3102 3087/3087 
f 3089/3089 3104/3104 3103/3103 3088/3088 
f 3090/3090 3105/3105 3104/3104 3089/3089 
f 3091/3091 3106/3106 3105/3105 3090/3090 
f 3092/3092 3107/3107 3106/3106 3091/3091 
f 3093/3093 3108/3108 3107/3107 3092/3092 
f 3094/3094 3109/3109 3108/3108 3093/3093 
f 3095/3095 3110/3110 3109/3109 3094/3094 
f 3096/3096 3111/3111 3110/3110 3095/3095 
f 2442/2442 2443/2443 3111/3111 3096/3096 
f 3097/3097 3112/3112 1399/1399 1397/1397 
f 3098/3098 3113/3113 3112/3112 3097/3097 
f 3099/3099 3114/3114 3113/3113 3098/3098 
f 3100/3100 3115/3115 3114/3114 3099/3099 
f 3101/3101 3116/3116 3115/3115 3100/3100 
f 3102/3102 3117/3117 3116/3116 3101/3101 
f 3103/3103 3118/3118 3117/3117 3102/3102 
f 3104/3104 3119/3119 3118/3118 3103/3103 
f 3105/3105 3120/3120 3119/3119 3104/3104 
f 3106/3106 3121/3121 3120/3120 3105/3105 
f 3107/3107 3122/3122 3121/3121 3106/3106 
f 3108/3108 3123/3123 3122/3122 3107/3107 
f 3109/3109 3124/3124 3123/3123 3108/3108 
f 3110/3110 3125/3125 3124/3124 3109/3109 
f 3111/3111 3126/3126 3125/3125 3110/3110 
f 2443/2443 2444/2444 3126/3126 3111/3111 
f 3112/3112 3127/3127 1401/1401 1399/1399 
f 3113/3113 3128/3128 3127/3127 3112/3112 
f 3114/3114 3129/3129 3128/3128 3113/3113 
f 3115/3115 3130/3130 3129/3129 3114/3114 
f 3116/3116 3131/3131 3130/3130 3115/3115 
f 3117/3117 3132/3132 3131/3131 3116/3116 
f 3118/3118 3133/3133 3132/3132 3117/3117 
f 3119/3119 3134/3134 3133/3133 3118/3118 
f 3120/3120 3135/3135 3134/3134 3119/3119 
f 3121/3121 3136/3136 3135/3135 3120/3120 
f 3122/3122 3137/3137 3136/3136 3121/3121 
f 3123/3123 3138/3138 3137/3137 3122/3122 
f 3124/3124 3139/3139 3138/3138 3123/3123 
f 3125/3125 3140/3140 3139/3139 3124/3124 
f 3126/3126 3141/3141 3140/3140 3125/3125 
f 2444/2444 2445/2445 3141/3141 3126/3126 
f 3127/3127 3142/3142 1403/1403 1401/1401 
f 3128/3128 3143/3143 3142/3142 3127/3127 
f 3129/3129 3144/3144 3143/3143 3128/3128 
f 3130/3130 3145/3145 3144/3144 3129/3129 
f 3131/3131 3146/3146 3145/3145 3130/3130 
f 3132/3132 3147/3147 3146/3146 3131/3131 
f 3133/3133 3148/3148 3147/3147 3132/3132 
f 3134/3134 3149/3149 3148/3148 3133/3133 
f 3135/3135 3150/3150 3149/3149 3134/3134 
f 3136/3136 3151/3151 3150/3150 3135/3135 
f 3137/3137 3152/3152 3151/3151 3136/3136 
f 3138/3138 3153/3153 3152/3152 3137/3137 
f 3139/3139 3154/3154 3153/3153 3138/3138 
f 3140/3140 3155/3155 3154/3154 3139/3139 
f 3141/3141 3156/3156 3155/3155 3140/3140 
f 2445/2445 2446/2446 3156/3156 3141/3141 
f 3142/3142 3157/3157 1405/1405 1403/1403 
f 3143/3143 3158/3158 3157/3157 3142/3142 
f 3144/3144 3159/3159 3158/3158 3143/3143 
f 3145/3145 3160/3160 3159/3159 3144/3144 
f 3146/3146 3161/3161 3160/3160 3145/3145 
f 3147/3147 3162/3162 3161/3161 3146/3146 
f 3148/3148 3163/3163 3162/3162 3147/3147 
f 3149/3149 3164/3164 3163/3163 3148/3148 
f 3150/3150 3165/3165 3164/3164 3149/3149 
f 3151/3151 3166/3166 3165/3165 3150/3150 
f 3152/3152 3167/3167 3166/3166 3151/3151 
f 3153/3153 3168/3168 3167/3167 3152/3152 
f 3154/3154 3169/3169 3168/3168 3153/3153 
f 3155/3155 3170/3170 3169/3169 3154/3154 
f 3156/3156 3171/3171 3170/3170 3155/3155 
f 2446/2446 2447/2447 3171/3171 3156/3156 
f 3157/3157 3172/3172 1407/1407 1405/1405 
f 3158/3158 3173/3173 3172/3172 3157/3157 
f 3159/3159 3174/3174 3173/3173 3158/3158 
f 3160/3160 3175/3175 3174/3174 3159/3159 
f 3161/3161 3176/3176 3175/3175 3160/3160 
f 3162/3162 3177/3177 3176/3176 3161/3161 
f 3163/3163 3178/3178 3177/3177 3162/3162 
f 3164/3164 3179/3179 3178/3178 3163/3163 
f 3165/3165 3180/3180 3179/3179 3164/3164 
f 3166/3166 3181/3181 3180/3180 3165/3165 
f 3167/3167 3182/3182 3181/3181 3166/3166 
f 3168/3168 3183/3183 3182/3182 3167/3167 
f 3169/3169 3184/3184 3183/3183 3168/3168 
f 3170/3170 3185/3185 3184/3184 3169/3169 
f 3171/3171 3186/3186 3185/3185 3170/3170 
f 2447/2447 2448/2448 3186/3186 3171/3171 
f 3172/3172 3187/3187 1409/1409 1407/1407 
f 3173/3173 3188/3188 3187/3187 3172/3172 
f 3174/3174 3189/3189 3188/3188 3173/3173 
f 3175/3175 3190/3190 3189/3189 3174/3174 
f 3176/3176 3191/3191 3190/3190 3175/3175 
f 3177/3177 3192/3192 3191/3191 3176/3176 
f 3178/3178 3193/3193 3192/3192 3177/3177 
f 3179/3179 3194/3194 3193/3193 3178/3178 
f 3180/3180 3195/3195 3194/3194 3179/3179 
f 3181/3181 3196/3196 3195/3195 3180/3180 
f 3182/3182 3197/3197 3196/3196 3181/3181 
f 3183/3183 3198/3198 3197/3197 3182/3182 
f 3184/3184 3199/3199 3198/3198 3183/3183 
f 3185/3185 3200/3200 3199/3199 3184/3184 
f 3186/3186 3201/3201 3200/3200 3185/3185 
f 2448/2448 2449/2449 3201/3201 3186/3186 
f 3187/3187 2723/2723 1411/1411 1409/1409 
f 3188/3188 2740/2740 2723/2723 3187/3187 
f 3189/3189 2757/2757 2740/2740 3188/3188 
f 3190/3190 2774/2774 2757/2757 3189/3189 
f 3191/3191 2791/2791 2774/2774 3190/3190 
f 3192/3192 2808/2808 2791/2791 3191/3191 
f 3193/3193 2825/2825 2808/2808 3192/3192 
f 3194/3194 2842/2842 2825/2825 3193/3193 
f 3195/3195 2859/2859 2842/2842 3194/3194 
f 3196/3196 2876/2876 2859/2859 3195/3195 
f 3197/3197 2893/2893 2876/2876 3196/3196 
f 3198/3198 2910/2910 2893/2893 3197/3197 
f 3199/3199 2927/2927 2910/2910 3198/3198 
f 3200/3200 2944/2944 2927/2927 3199/3199 
f 3201/3201 2961/2961 2944/2944 3200/3200 
f 2449/2449 2450/2450 2961/2961 3201/3201 
f 3202/3202 3203/3203 3204/3204 3205/3205 
f 3206/3206 3202/3202 3205/3205 3207/3207 
f 3208/3208 3206/3206 3207/3207 3209/3209 
f 3210/3210 3208/3208 3209/3209 3211/3211 
f 3212/3212 3210/3210 3211/3211 3213/3213 
f 3214/3214 3212/3212 3213/3213 3215/3215 
f 3216/3216 3214/3214 3215/3215 3217/3217 
f 3218/3218 3216/3216 3217/3217 3219/3219 
f 3220/3220 3218/3218 3219/3219 3221/3221 
f 3222/3222 3220/3220 3221/3221 3223/3223 
f 3224/3224 3222/3222 3223/3223 3225/3225 
f 3226/3226 3224/3224 3225/3225 3227/3227 
f 3228/3228 3226/3226 3227/3227 3229/3229 
f 3230/3230 3228/3228 3229/3229 3231/3231 
f 3232/3232 3230/3230 3231/3231 3233/3233 
f 3234/3234 3232/3232 3233/3233 3235/3235 
f 3236/3236 3237/3237 3203/3203 3202/3202 
f 3238/3238 3236/3236 3202/3202 3206/3206 
f 3239/3239 3238/3238 3206/3206 3208/3208 
f 3240/3240 3239/3239 3208/3208 3210/3210 
f 3241/3241 3240/3240 3210/3210 3212/3212 
f 3242/3242 3241/3241 3212/3212 3214/3214 
f 3243/3243 3242/3242 3214/3214 3216/3216 
f 3244/3244 3243/3243 3216/3216 3218/3218 
f 3245/3245 3244/3244 3218/3218 3220/3220 
f 3246/3246 3245/3245 3220/3220 3222/3222 
f 3247/3247 3246/3246 3222/3222 3224/3224 
f 3248/3248 3247/3247 3224/3224 3226/3226 
f 3249/3249 3248/3248 3226/3226 3228/3228 
f 3250/3250 3249/3249 3228/3228 3230/3230 
f 3251/3251 3250/3250 3230/3230 3232/3232 
f 3252/3252 3251/3251 3232/3232 3234/3234 
f 3253/3253 3254/3254 3237/3237 3236/3236 
f 3255/3255 3253/3253 3236/3236 3238/3238 
f 3256/3256 3255/3255 3238/3238 3239/3239 
f 3257/3257 3256/3256 3239/3239 3240/3240 
f 3258/3258 3257/3257 3240/3240 3241/3241 
f 3259/3259 3258/3258 3241/3241 3242/3242 
f 3260/3260 3259/3259 3242/3242 3243/3243 
f 3261/3261 3260/3260 3243/3243 3244/3244 
f 3262/3262 3261/3261 3244/3244 3245/3245 
f 3263/3263 3262/3262 3245/3245 3246/3246 
f 3264/3264 3263/3263 3246/3246 3247/3247 
f 3265/3265 3264/3264 3247/3247 3248/3248 
f 3266/3266 3265/3265 3248/3248 3249/3249 
f 3267/3267 3266/3266 3249/3249 3250/3250 
f 3268/3268 3267/3267 3250/3250 3251/3251 
f 3269/3269 3268/3268 3251/3251 3252/3252 
f 3270/3270 3271/3271 3254/3254 3253/3253 
f 3272/3272 3270/3270 3253/3253 3255/3255 
f 3273/3273 3272/3272 3255/3255 3256/3256 
f 3274/3274 3273/3273 3256/3256 3257/3257 
f 3275/3275 3274/3274 3257/3257 3258/3258 
f 3276/3276 3275/3275 3258/3258 3259/3259 
f 3277/3277 3276/3276 3259/3259 3260/3260 
f 3278/3278 3277/3277 3260/3260 3261/3261 
f 3279/3279 3278/3278 3261/3261 3262/3262 
f 3280/3280 3279/3279 3262/3262 3263/3263 
f 3281/3281 3280/3280 3263/3263 3264/3264 
f 3282/3282 3281/3281 3264/3264 3265/3265 
f 3283/3283 3282/3282 3265/3265 3266/3266 
f 3284/3284 3283/3283 3266/3266 3267/3267 
f 3285/3285 3284/3284 3267/3267 3268/3268 
f 3286/3286 3285/3285 3268/3268 3269/3269 
f 3287/3287 3288/3288 3271/3271 3270/3270 
f 3289/3289 3287/3287 3270/3270 3272/3272 
f 3290/3290 3289/3289 3272/3272 3273/3273 
f 3291/3291 3290/3290 3273/3273 3274/3274 
f 3292/3292 3291/3291 3274/3274 3275/3275 
f 3293/3293 3292/3292 3275/3275 3276/3276 
f 3294/3294 3293/3293 3276/3276 3277/3277 
f 3295/3295 3294/3294 3277/3277 3278/3278 
f 3296/3296 3295/3295 3278/3278 3279/3279 
f 3297/3297 3296/3296 3279/3279 3280/3280 
f 3298/3298 3297/3297 3280/3280 3281/3281 
f 3299/3299 3298/3298 3281/3281 3282/3282 
f 3300/3300 3299/3299 3282/3282 3283/3283 
f 3301/3301 3300/3300 3283/3283 3284/3284 
f 3302/3302 3301/3301 3284/3284 3285/3285 
f 3303/3303 3302/3302 3285/3285 3286/3286 
f 3304/3304 3305/3305 3288/3288 3287/3287 
f 3306/3306 3304/3304 3287/3287 3289/3289 
f 3307/3307 3306/3306 3289/3289 3290/3290 
f 3308/3308 3307/3307 3290/3290 3291/3291 
f 3309/3309 3308/3308 3291/3291 3292/3292 
f 3310/3310 3309/3309 3292/3292 3293/3293 
f 3311/3311 3310/3310 3293/3293 3294/3294 
f 3312/3312 3311/3311 3294/3294 3295/3295 
f 3313/3313 3312/3312 3295/3295 3296/3296 
f 3314/3314 3313/3313 3296/3296 3297/3297 
f 3315/3315 3314/3314 3297/3297 3298/3298 
f 3316/3316 3315/3315 3298/3298 3299/3299 
f 3317/3317 3316/3316 3299/3299 3300/3300 
f 3318/3318 3317/3317 3300/3300 3301/3301 
f 3319/3319 3318/3318 3301/3301 3302/3302 
f 3320/3320 3319/3319 3302/3302 3303/3303 
f 3321/3321 3322/3322 3305/3305 3304/3304 
f 3323/3323 3321/3321 3304/3304 3306/3306 
f 3324/3324 3323/3323 3306/3306 3307/3307 
f 3325/3325 3324/3324 3307/3307 3308/3308 
f 3326/3326 3325/3325 3308/3308 3309/3309 
f 3327/3327 3326/3326 3309/3309 3310/3310 
f 3328/3328 3327/3327 3310/3310 3311/3311 
f 3329/3329 3328/3328 3311/3311 3312/3312 
f 3330/3330 3329/3329 3312/3312 3313/3313 
f 3331/3331 3330/3330 3313/3313 3314/3314 
f 3332/3332 3331/3331 3314/3314 3315/3315 
f 3333/3333 3332/3332 3315/3315 3316/3316 
f 3334/3334 3333/3333 3316/3316 3317/3317 
f 3335/3335 3334/3334 3317/3317 3318/3318 
f 3336/3336 3335/3335 3318/3318 3319/3319 
f 3337/3337 3336/3336 3319/3319 3320/3320 
f 3338/3338 3339/3339 3322/3322 3321/3321 
f 3340/3340 3338/3338 3321/3321 3323/3323 
f 3341/3341 3340/3340 3323/3323 3324/3324 
f 3342/3342 3341/3341 3324/3324 3325/3325 
f 3343/3343 3342/3342 3325/3325 3326/3326 
f 3344/3344 3343/3343 3326/3326 3327/3327 
f 3345/3345 3344/3344 3327/3327 3328/3328 
f 3346/3346 3345/3345 3328/3328 3329/3329 
f 3347/3347 3346/3346 3329/3329 3330/3330 
f 3348/3348 3347/3347 3330/3330 3331/3331 
f 3349/3349 3348/3348 3331/3331 3332/3332 
f 3350/3350 3349/3349 3332/3332 3333/3333 
f 3351/3351 3350/3350 3333/3333 3334/3334 
f 3352/3352 3351/3351 3334/3334 3335/3335 
f 3353/3353 3352/3352 3335/3335 3336/3336 
f 3354/3354 3353/3353 3336/3336 3337/3337 
f 3355/3355 3356/3356 3339/3339 3338/3338 
f 3357/3357 3355/3355 3338/3338 3340/3340 
f 3358/3358 3357/3357 3340/3340 3341/3341 
f 3359/3359 3358/3358 3341/3341 3342/3342 
f 3360/3360 3359/3359 3342/3342 3343/3343 
f 3361/3361 3360/3360 3343/3343 3344/3344 
f 3362/3362 3361/3361 3344/3344 3345/3345 
f 3363/3363 3362/3362 3345/3345 3346/3346 
f 3364/3364 3363/3363 3346/3346 3347/3347 
f 3365/3365 3364/3364 3347/3347 3348/3348 
f 3366/3366 3365/3365 3348/3348 3349/3349 
f 3367/3367 3366/3366 3349/3349 3350/3350 
f 3368/3368 3367/3367 3350/3350 3351/3351 
f 3369/3369 3368/3368 3351/3351 3352/3352 
f 3370/3370 3369/3369 3352/3352 3353/3353 
f 3371/3371 3370/3370 3353/3353 3354/3354 
f 3372/3372 3373/3373 3356/3356 3355/3355 
f 3374/3374 3372/3372 3355/3355 3357/3357 
f 3375/3375 3374/3374 3357/3357 3358/3358 
f 3376/3376 3375/3375 3358/3358 3359/3359 
f 3377/3377 3376/3376 3359/3359 3360/3360 
f 3378/3378 3377/3377 3360/3360 3361/3361 
f 3379/3379 3378/3378 3361/3361 3362/3362 
f 3380/3380 3379/3379 3362/3362 3363/3363 
f 3381/3381 3380/3380 3363/3363 3364/3364 
f 3382/3382 3381/3381 3364/3364 3365/3365 
f 3383/3383 3382/3382 3365/3365 3366/3366 
f 3384/3384 3383/3383 3366/3366 3367/3367 
f 3385/3385 3384/3384 3367/3367 3368/3368 
f 3386/3386 3385/3385 3368/3368 3369/3369 
f 3387/3387 3386/3386 3369/3369 3370/3370 
f 3388/3388 3387/3387 3370/3370 3371/3371 
f 3389/3389 3390/3390 3373/3373 3372/3372 
f 3391/3391 3389/3389 3372/3372 3374/3374 
f 3392/3392 3391/3391 3374/3374 3375/3375 
f 3393/3393 3392/3392 3375/3375 3376/3376 
f 3394/3394 3393/3393 3376/3376 3377/3377 
f 3395/3395 3394/3394 3377/3377 3378/3378 
f 3396/3396 3395/3395 3378/3378 3379/3379 
f 3397/3397 3396/3396 3379/3379 3380/3380 
f 3398/3398 3397/3397 3380/3380 3381/3381 
f 3399/3399 3398/3398 3381/3381 3382/3382 
f 3400/3400 3399/3399 3382/3382 3383/3383 
f 3401/3401 3400/3400 3383/3383 3384/3384 
f 3402/3402 3401/3401 3384/3384 3385/3385 
f 3403/3403 3402/3402 3385/3385 3386/3386 
f 3404/3404 3403/3403 3386/3386 3387/3387 
f 3405/3405 3404/3404 3387/3387 3388/3388 
f 3406/3406 3407/3407 3390/3390 3389/3389 
f 3408/3408 3406/3406 3389/3389 3391/3391 
f 3409/3409 3408/3408 3391/3391 3392/3392 
f 3410/3410 3409/3409 3392/3392 3393/3393 
f 3411/3411 3410/3410 3393/3393 3394/3394 
f 3412/3412 3411/3411 3394/3394 3395/3395 
f 3413/3413 3412/3412 3395/3395 3396/3396 
f 3414/3414 3413/3413 3396/3396 3397/3397 
f 3415/3415 3414/3414 3397/3397 3398/3398 
f 3416/3416 3415/3415 3398/3398 3399/3399 
f 3417/3417 3416/3416 3399/3399 3400/3400 
f 3418/3418 3417/3417 3400/3400 3401/3401 
f 3419/3419 3418/3418 3401/3401 3402/3402 
f 3420/3420 3419/3419 3402/3402 3403/3403 
f 3421/3421 3420/3420 3403/3403 3404/3404 
f 3422/3422 3421/3421 3404/3404 3405/3405 
f 3423/3423 3424/3424 3407/3407 3406/3406 
f 3425/3425 3423/3423 3406/3406 3408/3408 
f 3426/3426 3425/3425 3408/3408 3409/3409 
f 3427/3427 3426/3426 3409/3409 3410/3410 
f 3428/3428 3427/3427 3410/3410 3411/3411 
f 3429/3429 3428/3428 3411/3411 3412/3412 
f 3430/3430 3429/3429 3412/3412 3413/3413 
f 3431/3431 3430/3430 3413/3413 3414/3414 
f 3432/3432 3431/3431 3414/3414 3415/3415 
f 3433/3433 3432/3432 3415/3415 3416/3416 
f 3434/3434 3433/3433 3416/3416 3417/3417 
f 3435/3435 3434/3434 3417/3417 3418/3418 
f 3436/3436 3435/3435 3418/3418 3419/3419 
f 3437/3437 3436/3436 3419/3419 3420/3420 
f 3438/3438 3437/3437 3420/3420 3421/3421 
f 3439/3439 3438/3438 3421/3421 3422/3422 
f 3440/3440 3441/3441 3424/3424 3423/3423 
f 3442/3442 3440/3440 3423/3423 3425/3425 
f 3443/3443 3442/3442 3425/3425 3426/3426 
f 3444/3444 3443/3443 3426/3426 3427/3427 
f 3445/3445 3444/3444 3427/3427 3428/3428 
f 3446/3446 3445/3445 3428/3428 3429/3429 
f 3447/3447 3446/3446 3429/3429 3430/3430 
f 3448/3448 3447/3447 3430/3430 3431/3431 
f 3449/3449 3448/3448 3431/3431 3432/3432 
f 3450/3450 3449/3449 3432/3432 3433/3433 
f 3451/3451 3450/3450 3433/3433 3434/3434 
f 3452/3452 3451/3451 3434/3434 3435/3435 
f 3453/3453 3452/3452 3435/3435 3436/3436 
f 3454/3454 3453/3453 3436/3436 3437/3437 
f 3455/3455 3454/3454 3437/3437 3438/3438 
f 3456/3456 3455/3455 3438/3438 3439/3439 
f 3457/3457 3458/3458 3441/3441 3440/3440 
f 3459/3459 3457/3457 3440/3440 3442/3442 
f 3460/3460 3459/3459 3442/3442 3443/3443 
f 3461/3461 3460/3460 3443/3443 3444/3444 
f 3462/3462 3461/3461 3444/3444 3445/3445 
f 3463/3463 3462/3462 3445/3445 3446/3446 
f 3464/3464 3463/3463 3446/3446 3447/3447 
f 3465/3465 3464/3464 3447/3447 3448/3448 
f 3466/3466 3465/3465 3448/3448 3449/3449 
f 3467/3467 3466/3466 3449/3449 3450/3450 
f 3468/3468 3467/3467 3450/3450 3451/3451 
f 3469/3469 3468/3468 3451/3451 3452/3452 
f 3470/3470 3469/3469 3452/3452 3453/3453 
f 3471/3471 3470/3470 3453/3453 3454/3454 
f 3472/3472 3471/3471 3454/3454 3455/3455 
f 3473/3473 3472/3472 3455/3455 3456/3456 
f 3474/3474 3475/3475 3458/3458 3457/3457 
f 3476/3476 3474/3474 3457/3457 3459/3459 
f 3477/3477 3476/3476 3459/3459 3460/3460 
f 3478/3478 3477/3477 3460/3460 3461/3461 
f 3479/3479 3478/3478 3461/3461 3462/3462 
f 3480/3480 3479/3479 3462/3462 3463/3463 
f 3481/3481 3480/3480 3463/3463 3464/3464 
f 3482/3482 3481/3481 3464/3464 3465/3465 
f 3483/3483 3482/3482 3465/3465 3466/3466 
f 3484/3484 3483/3483 3466/3466 3467/3467 
f 3485/3485 3484/3484 3467/3467 3468/3468 
f 3486/3486 3485/3485 3468/3468 3469/3469 
f 3487/3487 3486/3486 3469/3469 3470/3470 
f 3488/3488 3487/3487 3470/3470 3471/3471 
f 3489/3489 3488/3488 3471/3471 3472/3472 
f 3490/3490 3489/3489 3472/3472 3473/3473 
f 3491/3491 3492/3492 3493/3493 3494/3494 
f 3495/3495 3496/3496 3492/3492 3491/3491 
f 3497/3497 3498/3498 3496/3496 3495/3495 
f 3499/3499 3500/3500 3498/3498 3497/3497 
f 3501/3501 3502/3502 3500/3500 3499/3499 
f 3503/3503 3504/3504 3502/3502 3501/3501 
f 3505/3505 3506/3506 3504/3504 3503/3503 
f 3507/3507 3508/3508 3506/3506 3505/3505 
f 3509/3509 3510/3510 3508/3508 3507/3507 
f 3511/3511 3512/3512 3510/3510 3509/3509 
f 3513/3513 3514/3514 3512/3512 3511/3511 
f 3515/3515 3516/3516 3514/3514 3513/3513 
f 3517/3517 3518/3518 3516/3516 3515/3515 
f 3519/3519 3520/3520 3518/3518 3517/3517 
f 3521/3521 3522/3522 3520/3520 3519/3519 
f 3523/3523 3524/3524 3522/3522 3521/3521 
f 3492/3492 3525/3525 3526/3526 3493/3493 
f 3496/3496 3527/3527 3525/3525 3492/3492 
f 3498/3498 3528/3528 3527/3527 3496/3496 
f 3500/3500 3529/3529 3528/3528 3498/3498 
f 3502/3502 3530/3530 3529/3529 3500/3500 
f 3504/3504 3531/3531 3530/3530 3502/3502 
f 3506/3506 3532/3532 3531/3531 3504/3504 
f 3508/3508 3533/3533 3532/3532 3506/3506 
f 3510/3510 3534/3534 3533/3533 3508/3508 
f 3512/3512 3535/3535 3534/3534 3510/3510 
f 3514/3514 3536/3536 3535/3535 3512/3512 
f 3516/3516 3537/3537 3536/3536 3514/3514 
f 3518/3518 3538/3538 3537/3537 3516/3516 
f 3520/3520 3539/3539 3538/3538 3518/3518 
f 3522/3522 3540/3540 3539/3539 3520/3520 
f 3524/3524 3541/3541 3540/3540 3522/3522 
f 3525/3525 3542/3542 3543/3543 3526/3526 
f 3527/3527 3544/3544 3542/3542 3525/3525 
f 3528/3528 3545/3545 3544/3544 3527/3527 
f 3529/3529 3546/3546 3545/3545 3528/3528 
f 3530/3530 3547/3547 3546/3546 3529/3529 
f 3531/3531 3548/3548 3547/3547 3530/3530 
f 3532/3532 3549/3549 3548/3548 3531/3531 
f 3533/3533 3550/3550 3549/3549 3532/3532 
f 3534/3534 3551/3551 3550/3550 3533/3533 
f 3535/3535 3552/3552 3551/3551 3534/3534 
f 3536/3536 3553/3553 3552/3552 3535/3535 
f 3537/3537 3554/3554 3553/3553 3536/3536 
f 3538/3538 3555/3555 3554/3554 3537/3537 
f 3539/3539 3556/3556 3555/3555 3538/3538 
f 3540/3540 3557/3557 3556/3556 3539/3539 
f 3541/3541 3558/3558 3557/3557 3540/3540 
f 3542/3542 3559/3559 3560/3560 3543/3543 
f 3544/3544 3561/3561 3559/3559 3542/3542 
f 3545/3545 3562/3562 3561/3561 3544/3544 
f 3546/3546 3563/3563 3562/3562 3545/3545 
f 3547/3547 3564/3564 3563/3563 3546/3546 
f 3548/3548 3565/3565 3564/3564 3547/3547 
f 3549/3549 3566/3566 3565/3565 3548/3548 
f 3550/3550 3567/3567 3566/3566 3549/3549 
f 3551/3551 3568/3568 3567/3567 3550/3550 
f 3552/3552 3569/3569 3568/3568 3551/3551 
f 3553/3553 3570/3570 3569/3569 3552/3552 
f 3554/3554 3571/3571 3570/3570 3553/3553 
f 3555/3555 3572/3572 3571/3571 3554/3554 
f 3556/3556 3573/3573 3572/3572 3555/3555 
f 3557/3557 3574/3574 3573/3573 3556/3556 
f 3558/3558 3575/3575 3574/3574 3557/3557 
f 3559/3559 3576/3576 3577/3577 3560/3560 
f 3561/3561 3578/3578 3576/3576 3559/3559 
f 3562/3562 3579/3579 3578/3578 3561/3561 
f 3563/3563 3580/3580 3579/3579 3562/3562 
f 3564/3564 3581/3581 3580/3580 3563/3563 
f 3565/3565 3582/3582 3581/3581 3564/3564 
f 3566/3566 3583/3583 3582/3582 3565/3565 
f 3567/3567 3584/3584 3583/3583 3566/3566 
f 3568/3568 3585/3585 3584/3584 3567/3567 
f 3569/3569 3586/3586 3585/3585 3568/3568 
f 3570/3570 3587/3587 3586/3586 3569/3569 
f 3571/3571 3588/3588 3587/3587 3570/3570 
f 3572/3572 3589/3589 3588/3588 3571/3571 
f 3573/3573 3590/3590 3589/3589 3572/3572 
f 3574/3574 3591/3591 3590/3590 3573/3573 
f 3575/3575 3592/3592 3591/3591 3574/3574 
f 3576/3576 3593/3593 3594/3594 3577/3577 
f 3578/3578 3595/3595 3593/3593 3576/3576 
f 3579/3579 3596/3596 3595/3595 3578/3578 
f 3580/3580 3597/3597 3596/3596 3579/3579 
f 3581/3581 3598/3598 3597/3597 3580/3580 
f 3582/3582 3599/3599 3598/3598 3581/3581 
f 3583/3583 3600/3600 3599/3599 3582/3582 
f 3584/3584 3601/3601 3600/3600 3583/3583 
f 3585/3585 3602/3602 3601/3601 3584/3584 
f 3586/3586 3603/3603 3602/3602 3585/3585 
f 3587/3587 3604/3604 3603/3603 3586/3586 
f 3588/3588 3605/3605 3604/3604 3587/3587 
f 3589/3589 3606/3606 3605/3605 3588/3588 
f 3590/3590 3607/3607 3606/3606 3589/3589 
f 3591/3591 3608/3608 3607/3607 3590/3590 
f 3592/3592 3609/3609 3608/3608 3591/3591 
f 3593/3593 3610/3610 3611/3611 3594/3594 
f 3595/3595 3612/3612 3610/3610 3593/3593 
f 3596/3596 3613/3613 3612/3612 3595/3595 
f 3597/3597 3614/3614 3613/3613 3596/3596 
f 3598/3598 3615/3615 3614/3614 3597/3597 
f 3599/3599 3616/3616 3615/3615 3598/3598 
f 3600/3600 3617/3617 3616/3616 3599/3599 
f 3601/3601 3618/3618 3617/3617 3600/3600 
f 3602/3602 3619/3619 3618/3618 3601/3601 
f 3603/3603 3620/3620 3619/3619 3602/3602 
f 3604/3604 3621/3621 3620/3620 3603/3603 
f 3605/3605 3622/3622 3621/3621 3604/3604 
f 3606/3606 3623/3623 3622/3622 3605/3605 
f 3607/3607 3624/3624 3623/3623 3606/3606 
f 3608/3608 3625/3625 3624/3624 3607/3607 
f 3609/3609 3626/3626 3625/3625 3608/3608 
f 3610/3610 3627/3627 3628/3628 3611/3611 
f 3612/3612 3629/3629 3627/3627 3610/3610 
f 3613/3613 3630/3630 3629/3629 3612/3612 
f 3614/3614 3631/3631 3630/3630 3613/3613 
f 3615/3615 3632/3632 3631/3631 3614/3614 
f 3616/3616 3633/3633 3632/3632 3615/3615 
f 3617/3617 3634/3634 3633/3633 3616/3616 
f 3618/3618 3635/3635 3634/3634 3617/3617 
f 3619/3619 3636/3636 3635/3635 3618/3618 
f 3620/3620 3637/3637 3636/3636 3619/3619 
f 3621/3621 3638/3638 3637/3637 3620/3620 
f 3622/3622 3639/3639 3638/3638 3621/3621 
f 3623/3623 3640/3640 3639/3639 3622/3622 
f 3624/3624 3641/3641 3640/3640 3623/3623 
f 3625/3625 3642/3642 3641/3641 3624/3624 
f 3626/3626 3643/3643 3642/3642 3625/3625 
f 3627/3627 3644/3644 3645/3645 3628/3628 
f 3629/3629 3646/3646 3644/3644 3627/3627 
f 3630/3630 3647/3647 3646/3646 3629/3629 
f 3631/3631 3648/3648 3647/3647 3630/3630 
f 3632/3632 3649/3649 3648/3648 3631/3631 
f 3633/3633 3650/3650 3649/3649 3632/3632 
f 3634/3634 3651/3651 3650/3650 3633/3633 
f 3635/3635 3652/3652 3651/3651 3634/3634 
f 3636/3636 3653/3653 3652/3652 3635/3635 
f 3637/3637 3654/3654 3653/3653 3636/3636 
f 3638/3638 3655/3655 3654/3654 3637/3637 
f 3639/3639 3656/3656 3655/3655 3638/3638 
f 3640/3640 3657/3657 3656/3656 3639/3639 
f 3641/3641 3658/3658 3657/3657 3640/3640 
f 3642/3642 3659/3659 3658/3658 3641/3641 
f 3643/3643 3660/3660 3659/3659 3642/3642 
f 3644/3644 3661/3661 3662/3662 3645/3645 
f 3646/3646 3663/3663 3661/3661 3644/3644 
f 3647/3647 3664/3664 3663/3663 3646/3646 
f 3648/3648 3665/3665 3664/3664 3647/3647 
f 3649/3649 3666/3666 3665/3665 3648/3648 
f 3650/3650 3667/3667 3666/3666 3649/3649 
f 3651/3651 3668/3668 3667/3667 3650/3650 
f 3652/3652 3669/3669 3668/3668 3651/3651 
f 3653/3653 3670/3670 3669/3669 3652/3652 
f 3654/3654 3671/3671 3670/3670 3653/3653 
f 3655/3655 3672/3672 3671/3671 3654/3654 
f 3656/3656 3673/3673 3672/3672 3655/3655 
f 3657/3657 3674/3674 3673/3673 3656/3656 
f 3658/3658 3675/3675 3674/3674 3657/3657 
f 3659/3659 3676/3676 3675/3675 3658/3658 
f 3660/3660 3677/3677 3676/3676 3659/3659 
f 3661/3661 3678/3678 3679/3679 3662/3662 
f 3663/3663 3680/3680 3678/3678 3661/3661 
f 3664/3664 3681/3681 3680/3680 3663/3663 
f 3665/3665 3682/3682 3681/3681 3664/3664 
f 3666/3666 3683/3683 3682/3682 3665/3665 
f 3667/3667 3684/3684 3683/3683 3666/3666 
f 3668/3668 3685/3685 3684/3684 3667/3667 
f 3669/3669 3686/3686 3685/3685 3668/3668 
f 3670/3670 3687/3687 3686/3686 3669/3669 
f 3671/3671 3688/3688 3687/3687 3670/3670 
f 3672/3672 3689/3689 3688/3688 3671/3671 
f 3673/3673 3690/3690 3689/3689 3672/3672 
f 3674/3674 3691/3691 3690/3690 3673/3673 
f 3675/3675 3692/3692 3691/3691 3674/3674 
f 3676/3676 3693/3693 3692/3692 3675/3675 
f 3677/3677 3694/3694 3693/3693 3676/3676 
f 3678/3678 3695/3695 3696/3696 3679/3679 
f 3680/3680 3697/3697 3695/3695 3678/3678 
f 3681/3681 3698/3698 3697/3697 3680/3680 
f 3682/3682 3699/3699 3698/3698 3681/3681 
f 3683/3683 3700/3700 3699/3699 3682/3682 
f 3684/3684 3701/3701 3700/3700 3683/3683 
f 3685/3685 3702/3702 3701/3701 3684/3684 
f 3686/3686 3703/3703 3702/3702 3685/3685 
f 3687/3687 3704/3704 3703/3703 3686/3686 
f 3688/3688 3705/3705 3704/3704 3687/3687 
f 3689/3689 3706/3706 3705/3705 3688/3688 
f 3690/3690 3707/3707 3706/3706 3689/3689 
f 3691/3691 3708/3708 3707/3707 3690/3690 
f 3692/3692 3709/3709 3708/3708 3691/3691 
f 3693/3693 3710/3710 3709/3709 3692/3692 
f 3694/3694 3711/3711 3710/3710 3693/3693 
f 3695/3695 3712/3712 3713/3713 3696/3696 
f 3697/3697 3714/3714 3712/3712 3695/3695 
f 3698/3698 3715/3715 3714/3714 3697/3697 
f 3699/3699 3716/3716 3715/3715 3698/3698 
f 3700/3700 3717/3717 3716/3716 3699/3699 
f 3701/3701 3718/3718 3717/3717 3700/3700 
f 3702/3702 3719/3719 3718/3718 3701/3701 
f 3703/3703 3720/3720 3719/3719 3702/3702 
f 3704/3704 3721/3721 3720/3720 3703/3703 
f 3705/3705 3722/3722 3721/3721 3704/3704 
f 3706/3706 3723/3723 3722/3722 3705/3705 
f 3707/3707 3724/3724 3723/3723 3706/3706 
f 3708/3708 3725/3725 3724/3724 3707/3707 
f 3709/3709 3726/3726 3725/3725 3708/3708 
f 3710/3710 3727/3727 3726/3726 3709/3709 
f 3711/3711 3728/3728 3727/3727 3710/3710 
f 3712/3712 3729/3729 3730/3730 3713/3713 
f 3714/3714 3731/3731 3729/3729 3712/3712 
f 3715/3715 3732/3732 3731/3731 3714/3714 
f 3716/3716 3733/3733 3732/3732 3715/3715 
f 3717/3717 3734/3734 3733/3733 3716/3716 
f 3718/3718 3735/3735 3734/3734 3717/3717 
f 3719/3719 3736/3736 3735/3735 3718/3718 
f 3720/3720 3737/3737 3736/3736 3719/3719 
f 3721/3721 3738/3738 3737/3737 3720/3720 
f 3722/3722 3739/3739 3738/3738 3721/3721 
f 3723/3723 3740/3740 3739/3739 3722/3722 
f 3724/3724 3741/3741 3740/3740 3723/3723 
f 3725/3725 3742/3742 3741/3741 3724/3724 
f 3726/3726 3743/3743 3742/3742 3725/3725 
f 3727/3727 3744/3744 3743/3743 3726/3726 
f 3728/3728 3745/3745 3744/3744 3727/3727 
f 3729/3729 3746/3746 3747/3747 3730/3730 
f 3731/3731 3748/3748 3746/3746 3729/3729 
f 3732/3732 3749/3749 3748/3748 3731/3731 
f 3733/3733 3750/3750 3749/3749 3732/3732 
f 3734/3734 3751/3751 3750/3750 3733/3733 
f 3735/3735 3752/3752 3751/3751 3734/3734 
f 3736/3736 3753/3753 3752/3752 3735/3735 
f 3737/3737 3754/3754 3753/3753 3736/3736 
f 3738/3738 3755/3755 3754/3754 3737/3737 
f 3739/3739 3756/3756 3755/3755 3738/3738 
f 3740/3740 3757/3757 3756/3756 3739/3739 
f 3741/3741 3758/3758 3757/3757 3740/3740 
f 3742/3742 3759/3759 3758/3758 3741/3741 
f 3743/3743 3760/3760 3759/3759 3742/3742 
f 3744/3744 3761/3761 3760/3760 3743/3743 
f 3745/3745 3762/3762 3761/3761 3744/3744 
f 3746/3746 3234/3234 3235/3235 3747/3747 
f 3748/3748 3252/3252 3234/3234 3746/3746 
f 3749/3749 3269/3269 3252/3252 3748/3748 
f 3750/3750 3286/3286 3269/3269 3749/3749 
f 3751/3751 3303/3303 3286/3286 3750/3750 
f 3752/3752 3320/3320 3303/3303 3751/3751 
f 3753/3753 3337/3337 3320/3320 3752/3752 
f 3754/3754 3354/3354 3337/3337 3753/3753 
f 3755/3755 3371/3371 3354/3354 3754/3754 
f 3756/3756 3388/3388 3371/3371 3755/3755 
f 3757/3757 3405/3405 3388/3388 3756/3756 
f 3758/3758 3422/3422 3405/3405 3757/3757 
f 3759/3759 3439/3439 3422/3422 3758/3758 
f 3760/3760 3456/3456 3439/3439 3759/3759 
f 3761/3761 3473/3473 3456/3456 3760/3760 
f 3762/3762 3490/3490 3473/3473 3761/3761 
f 3763/3763 3764/3764 3765/3765 3766/3766 
f 3767/3767 3763/3763 3766/3766 3768/3768 
f 3769/3769 3767/3767 3768/3768 3770/3770 
f 3771/3771 3769/3769 3770/3770 3772/3772 
f 3773/3773 3771/3771 3772/3772 3774/3774 
f 3775/3775 3773/3773 3774/3774 3776/3776 
f 3777/3777 3775/3775 3776/3776 3778/3778 
f 3779/3779 3777/3777 3778/3778 3780/3780 
f 3781/3781 3779/3779 3780/3780 3782/3782 
f 3783/3783 3781/3781 3782/3782 3784/3784 
f 3785/3785 3783/3783 3784/3784 3786/3786 
f 3787/3787 3785/3785 3786/3786 3788/3788 
f 3789/3789 3787/3787 3788/3788 3790/3790 
f 3791/3791 3789/3789 3790/3790 3792/3792 
f 3793/3793 3791/3791 3792/3792 3794/3794 
f 3795/3795 3793/3793 3794/3794 3796/3796 
f 3797/3797 3798/3798 3764/3764 3763/3763 
f 3799/3799 3797/3797 3763/3763 3767/3767 
f 3800/3800 3799/3799 3767/3767 3769/3769 
f 3801/3801 3800/3800 3769/3769 3771/3771 
f 3802/3802 3801/3801 3771/3771 3773/3773 
f 3803/3803 3802/3802 3773/3773 3775/3775 
f 3804/3804 3803/3803 3775/3775 3777/3777 
f 3805/3805 3804/3804 3777/3777 3779/3779 
f 3806/3806 3805/3805 3779/3779 3781/3781 
f 3807/3807 3806/3806 3781/3781 3783/3783 
f 3808/3808 3807/3807 3783/3783 3785/3785 
f 3809/3809 3808/3808 3785/3785 3787/3787 
f 3810/3810 3809/3809 3787/3787 3789/3789 
f 3811/3811 3810/3810 3789/3789 3791/3791 
f 3812/3812 3811/3811 3791/3791 3793/3793 
f 3813/3813 3812/3812 3793/3793 3795/3795 
f 3814/3814 3815/3815 3798/3798 3797/3797 
f 3816/3816 3814/3814 3797/3797 3799/3799 
f 3817/3817 3816/3816 3799/3799 3800/3800 
f 3818/3818 3817/3817 3800/3800 3801/3801 
f 3819/3819 3818/3818 3801/3801 3802/3802 
f 3820/3820 3819/3819 3802/3802 3803/3803 
f 3821/3821 3820/3820 3803/3803 3804/3804 
f 3822/3822 3821/3821 3804/3804 3805/3805 
f 3823/3823 3822/3822 3805/3805 3806/3806 
f 3824/3824 3823/3823 3806/3806 3807/3807 
f 3825/3825 3824/3824 3807/3807 3808/3808 
f 3826/3826 3825/3825 3808/3808 3809/3809 
f 3827/3827 3826/3826 3809/3809 3810/3810 
f 3828/3828 3827/3827 3810/3810 3811/3811 
f 3829/3829 3828/3828 3811/3811 3812/3812 
f 3830/3830 3829/3829 3812/3812 3813/3813 
f 3831/3831 3832/3832 3815/3815 3814/3814 
f 3833/3833 3831/3831 3814/3814 3816/3816 
f 3834/3834 3833/3833 3816/3816 3817/3817 
f 3835/3835 3834/3834 3817/3817 3818/3818 
f 3836/3836 3835/3835 3818/3818 3819/3819 
f 3837/3837 3836/3836 3819/3819 3820/3820 
f 3838/3838 3837/3837 3820/3820 3821/3821 
f 3839/3839 3838/3838 3821/3821 3822/3822 
f 3840/3840 3839/3839 3822/3822 3823/3823 
f 3841/3841 3840/3840 3823/3823 3824/3824 
f 3842/3842 3841/3841 3824/3824 3825/3825 
f 3843/3843 3842/3842 3825/3825 3826/3826 
f 3844/3844 3843/3843 3826/3826 3827/3827 
f 3845/3845 3844/3844 3827/3827 3828/3828 
f 3846/3846 3845/3845 3828/3828 3829/3829 
f 3847/3847 3846/3846 3829/3829 3830/3830 
f 3848/3848 3849/3849 3832/3832 3831/3831 
f 3850/3850 3848/3848 3831/3831 3833/3833 
f 3851/3851 3850/3850 3833/3833 3834/3834 
f 3852/3852 3851/3851 3834/3834 3835/3835 
f 3853/3853 3852/3852 3835/3835 3836/3836 
f 3854/3854 3853/3853 3836/3836 3837/3837 
f 3855/3855 3854/3854 3837/3837 3838/3838 
f 3856/3856 3855/3855 3838/3838 3839/3839 
f 3857/3857 3856/3856 3839/3839 3840/3840 
f 3858/3858 3857/3857 3840/3840 3841/3841 
f 3859/3859 3858/3858 3841/3841 3842/3842 
f 3860/3860 3859/3859 3842/3842 3843/3843 
f 3861/3861 3860/3860 3843/3843 3844/3844 
f 3862/3862 3861/3861 3844/3844 3845/3845 
f 3863/3863 3862/3862 3845/3845 3846/3846 
f 3864/3864 3863/3863 3846/3846 3847/3847 
f 3865/3865 3866/3866 3849/3849 3848/3848 
f 3867/3867 3865/3865 3848/3848 3850/3850 
f 3868/3868 3867/3867 3850/3850 3851/3851 
f 3869/3869 3868/3868 3851/3851 3852/3852 
f 3870/3870 3869/3869 3852/3852 3853/3853 
f 3871/3871 3870/3870 3853/3853 3854/3854 
f 3872/3872 3871/3871 3854/3854 3855/3855 
f 3873/3873 3872/3872 3855/3855 3856/3856 
f 3874/3874 3873/3873 3856/3856 3857/3857 
f 3875/3875 3874/3874 3857/3857 3858/3858 
f 3876/3876 3875/3875 3858/3858 3859/3859 
f 3877/3877 3876/3876 3859/3859 3860/3860 
f 3878/3878 3877/3877 3860/3860 3861/3861 
f 3879/3879 3878/3878 3861/3861 3862/3862 
f 3880/3880 3879/3879 3862/3862 3863/3863 
f 3881/3881 3880/3880 3863/3863 3864/3864 
f 3882/3882 3883/3883 3866/3866 3865/3865 
f 3884/3884 3882/3882 3865/3865 3867/3867 
f 3885/3885 3884/3884 3867/3867 3868/3868 
f 3886/3886 3885/3885 3868/3868 3869/3869 
f 3887/3887 3886/3886 3869/3869 3870/3870 
f 3888/3888 3887/3887 3870/3870 3871/3871 
f 3889/3889 3888/3888 3871/3871 3872/3872 
f 3890/3890 3889/3889 3872/3872 3873/3873 
f 3891/3891 3890/3890 3873/3873 3874/3874 
f 3892/3892 3891/3891 3874/3874 3875/3875 
f 3893/3893 3892/3892 3875/3875 3876/3876 
f 3894/3894 3893/3893 3876/3876 3877/3877 
f 3895/3895 3894/3894 3877/3877 3878/3878 
f 3896/3896 3895/3895 3878/3878 3879/3879 
f 3897/3897 3896/3896 3879/3879 3880/3880 
f 3898/3898 3897/3897 3880/3880 3881/3881 
f 3899/3899 3900/3900 3883/3883 3882/3882 
f 3901/3901 3899/3899 3882/3882 3884/3884 
f 3902/3902 3901/3901 3884/3884 3885/3885 
f 3903/3903 3902/3902 3885/3885 3886/3886 
f 3904/3904 3903/3903 3886/3886 3887/3887 
f 3905/3905 3904/3904 3887/3887 3888/3888 
f 3906/3906 3905/3905 3888/3888 3889/3889 
f 3907/3907 3906/3906 3889/3889 3890/3890 
f 3908/3908 3907/3907 3890/3890 3891/3891 
f 3909/3909 3908/3908 3891/3891 3892/3892 
f 3910/3910 3909/3909 3892/3892 3893/3893 
f 3911/3911 3910/3910 3893/3893 3894/3894 
f 3912/3912 3911/3911 3894/3894 3895/3895 
f 3913/3913 3912/3912 3895/3895 3896/3896 
f 3914/3914 3913/3913 3896/3896 3897/3897 
f 3915/3915 3914/3914 3897/3897 3898/3898 
f 3916/3916 3917/3917 3900/3900 3899/3899 
f 3918/3918 3916/3916 3899/3899 3901/3901 
f 3919/3919 3918/3918 3901/3901 3902/3902 
f 3920/3920 3919/3919 3902/3902 3903/3903 
f 3921/3921 3920/3920 3903/3903 3904/3904 
f 3922/3922 3921/3921 3904/3904 3905/3905 
f 3923/3923 3922/3922 3905/3905 3906/3906 
f 3924/3924 3923/3923 3906/3906 3907/3907 
f 3925/3925 3924/3924 3907/3907 3908/3908 
f 3926/3926 3925/3925 3908/3908 3909/3909 
f 3927/3927 3926/3926 3909/3909 3910/3910 
f 3928/3928 3927/3927 3910/3910 3911/3911 
f 3929/3929 3928/3928 3911/3911 3912/3912 
f 3930/3930 3929/3929 3912/3912 3913/3913 
f 3931/3931 3930/3930 3913/3913 3914/3914 
f 3932/3932 3931/3931 3914/3914 3915/3915 
f 3933/3933 3934/3934 3917/3917 3916/3916 
f 3935/3935 3933/3933 3916/3916 3918/3918 
f 3936/3936 3935/3935 3918/3918 3919/3919 
f 3937/3937 3936/3936 3919/3919 3920/3920 
f 3938/3938 3937/3937 3920/3920 3921/3921 
f 3939/3939 3938/3938 3921/3921 3922/3922 
f 3940/3940 3939/3939 3922/3922 3923/3923 
f 3941/3941 3940/3940 3923/3923 3924/3924 
f 3942/3942 3941/3941 3924/3924 3925/3925 
f 3943/3943 3942/3942 3925/3925 3926/3926 
f 3944/3944 3943/3943 3926/3926 3927/3927 
f 3945/3945 3944/3944 3927/3927 3928/3928 
f 3946/3946 3945/3945 3928/3928 3929/3929 
f 3947/3947 3946/3946 3929/3929 3930/3930 
f 3948/3948 3947/3947 3930/3930 3931/3931 
f 3949/3949 3948/3948 3931/3931 3932/3932 
f 3950/3950 3951/3951 3934/3934 3933/3933 
f 3952/3952 3950/3950 3933/3933 3935/3935 
f 3953/3953 3952/3952 3935/3935 3936/3936 
f 3954/3954 3953/3953 3936/3936 3937/3937 
f 3955/3955 3954/3954 3937/3937 3938/3938 
f 3956/3956 3955/3955 3938/3938 3939/3939 
f 3957/3957 3956/3956 3939/3939 3940/3940 
f 3958/3958 3957/3957 3940/3940 3941/3941 
f 3959/3959 3958/3958 3941/3941 3942/3942 
f 3960/3960 3959/3959 3942/3942 3943/3943 
f 3961/3961 3960/3960 3943/3943 3944/3944 
f 3962/3962 3961/3961 3944/3944 3945/3945 
f 3963/3963 3962/3962 3945/3945 3946/3946 
f 3964/3964 3963/3963 3946/3946 3947/3947 
f 3965/3965 3964/3964 3947/3947 3948/3948 
f 3966/3966 3965/3965 3948/3948 3949/3949 
f 3967/3967 3968/3968 3951/3951 3950/3950 
f 3969/3969 3967/3967 3950/3950 3952/3952 
f 3970/3970 3969/3969 3952/3952 3953/3953 
f 3971/3971 3970/3970 3953/3953 3954/3954 
f 3972/3972 3971/3971 3954/3954 3955/3955 
f 3973/3973 3972/3972 3955/3955 3956/3956 
f 3974/3974 3973/3973 3956/3956 3957/3957 
f 3975/3975 3974/3974 3957/3957 3958/3958 
f 3976/3976 3975/3975 3958/3958 3959/3959 
f 3977/3977 3976/3976 3959/3959 3960/3960 
f 3978/3978 3977/3977 3960/3960 3961/3961 
f 3979/3979 3978/3978 3961/3961 3962/3962 
f 3980/3980 3979/3979 3962/3962 3963/3963 
f 3981/3981 3980/3980 3963/3963 3964/3964 
f 3982/3982 3981/3981 3964/3964 3965/3965 
f 3983/3983 3982/3982 3965/3965 3966/3966 
f 3984/3984 3985/3985 3968/3968 3967/3967 
f 3986/3986 3984/3984 3967/3967 3969/3969 
f 3987/3987 3986/3986 3969/3969 3970/3970 
f 3988/3988 3987/3987 3970/3970 3971/3971 
f 3989/3989 3988/3988 3971/3971 3972/3972 
f 3990/3990 3989/3989 3972/3972 3973/3973 
f 3991/3991 3990/3990 3973/3973 3974/3974 
f 3992/3992 3991/3991 3974/3974 3975/3975 
f 3993/3993 3992/3992 3975/3975 3976/3976 
f 3994/3994 3993/3993 3976/3976 3977/3977 
f 3995/3995 3994/3994 3977/3977 3978/3978 
f 3996/3996 3995/3995 3978/3978 3979/3979 
f 3997/3997 3996/3996 3979/3979 3980/3980 
f 3998/3998 3997/3997 3980/3980 3981/3981 
f 3999/3999 3998/3998 3981/3981 3982/3982 
f 4000/4000 3999/3999 3982/3982 3983/3983 
f 4001/4001 4002/4002 3985/3985 3984/3984 
f 4003/4003 4001/4001 3984/3984 3986/3986 
f 4004/4004 4003/4003 3986/3986 3987/3987 
f 4005/4005 4004/4004 3987/3987 3988/3988 
f 4006/4006 4005/4005 3988/3988 3989/3989 
f 4007/4007 4006/4006 3989/3989 3990/3990 
f 4008/4008 4007/4007 3990/3990 3991/3991 
f 4009/4009 4008/4008 3991/3991 3992/3992 
f 4010/4010 4009/4009 3992/3992 3993/3993 
f 4011/4011 4010/4010 3993/3993 3994/3994 
f 4012/4012 4011/4011 3994/3994 3995/3995 
f 4013/4013 4012/4012 3995/3995 3996/3996 
f 4014/4014 4013/4013 3996/3996 3997/3997 
f 4015/4015 4014/4014 3997/3997 3998/3998 
f 4016/4016 4015/4015 3998/3998 3999/3999 
f 4017/4017 4016/4016 3999/3999 4000/4000 
f 4018/4018 4019/4019 4002/4002 4001/4001 
f 4020/4020 4018/4018 4001/4001 4003/4003 
f 4021/4021 4020/4020 4003/4003 4004/4004 
f 4022/4022 4021/4021 4004/4004 4005/4005 
f 4023/4023 4022/4022 4005/4005 4006/4006 
f 4024/4024 4023/4023 4006/4006 4007/4007 
f 4025/4025 4024/4024 4007/4007 4008/4008 
f 4026/4026 4025/4025 4008/4008 4009/4009 
f 4027/4027 4026/4026 4009/4009 4010/4010 
f 4028/4028 4027/4027 4010/4010 4011/4011 
f 4029/4029 4028/4028 4011/4011 4012/4012 
f 4030/4030 4029/4029 4012/4012 4013/4013 
f 4031/4031 4030/4030 4013/4013 4014/4014 
f 4032/4032 4031/4031 4014/4014 4015/4015 
f 4033/4033 4032/4032 4015/4015 4016/4016 
f 4034/4034 4033/4033 4016/4016 4017/4017 
f 3524/3524 3523/3523 4019/4019 4018/4018 
f 3541/3541 3524/3524 4018/4018 4020/4020 
f 3558/3558 3541/3541 4020/4020 4021/4021 
f 3575/3575 3558/3558 4021/4021 4022/4022 
f 3592/3592 3575/3575 4022/4022 4023/4023 
f 3609/3609 3592/3592 4023/4023 4024/4024 
f 3626/3626 3609/3609 4024/4024 4025/4025 
f 3643/3643 3626/3626 4025/4025 4026/4026 
f 3660/3660 3643/3643 4026/4026 4027/4027 
f 3677/3677 3660/3660 4027/4027 4028/4028 
f 3694/3694 3677/3677 4028/4028 4029/4029 
f 3711/3711 3694/3694 4029/4029 4030/4030 
f 3728/3728 3711/3711 4030/4030 4031/4031 
f 3745/3745 3728/3728 4031/4031 4032/4032 
f 3762/3762 3745/3745 4032/4032 4033/4033 
f 3490/3490 3762/3762 4033/4033 4034/4034 
f 4035/4035 4036/4036 4037/4037 4038/4038 
f 4039/4039 4040/4040 4036/4036 4035/4035 
f 4041/4041 4042/4042 4040/4040 4039/4039 
f 4043/4043 4044/4044 4042/4042 4041/4041 
f 4045/4045 4046/4046 4044/4044 4043/4043 
f 4047/4047 4048/4048 4046/4046 4045/4045 
f 4049/4049 4050/4050 4048/4048 4047/4047 
f 4051/4051 4052/4052 4050/4050 4049/4049 
f 4053/4053 4054/4054 4052/4052 4051/4051 
f 4055/4055 4056/4056 4054/4054 4053/4053 
f 4057/4057 4058/4058 4056/4056 4055/4055 
f 4059/4059 4060/4060 4058/4058 4057/4057 
f 4061/4061 4062/4062 4060/4060 4059/4059 
f 4063/4063 4064/4064 4062/4062 4061/4061 
f 4065/4065 4066/4066 4064/4064 4063/4063 
f 3475/3475 3474/3474 4066/4066 4065/4065 
f 4036/4036 4067/4067 4068/4068 4037/4037 
f 4040/4040 4069/4069 4067/4067 4036/4036 
f 4042/4042 4070/4070 4069/4069 4040/4040 
f 4044/4044 4071/4071 4070/4070 4042/4042 
f 4046/4046 4072/4072 4071/4071 4044/4044 
f 4048/4048 4073/4073 4072/4072 4046/4046 
f 4050/4050 4074/4074 4073/4073 4048/4048 
f 4052/4052 4075/4075 4074/4074 4050/4050 
f 4054/4054 4076/4076 4075/4075 4052/4052 
f 4056/4056 4077/4077 4076/4076 4054/4054 
f 4058/4058 4078/4078 4077/4077 4056/4056 
f 4060/4060 4079/4079 4078/4078 4058/4058 
f 4062/4062 4080/4080 4079/4079 4060/4060 
f 4064/4064 4081/4081 4080/4080 4062/4062 
f 4066/4066 4082/4082 4081/4081 4064/4064 
f 3474/3474 3476/3476 4082/4082 4066/4066 
f 4067/4067 4083/4083 4084/4084 4068/4068 
f 4069/4069 4085/4085 4083/4083 4067/4067 
f 4070/4070 4086/4086 4085/4085 4069/4069 
f 4071/4071 4087/4087 4086/4086 4070/4070 
f 4072/4072 4088/4088 4087/4087 4071/4071 
f 4073/4073 4089/4089 4088/4088 4072/4072 
f 4074/4074 4090/4090 4089/4089 4073/4073 
f 4075/4075 4091/4091 4090/4090 4074/4074 
f 4076/4076 4092/4092 4091/4091 4075/4075 
f 4077/4077 4093/4093 4092/4092 4076/4076 
f 4078/4078 4094/4094 4093/4093 4077/4077 
f 4079/4079 4095/4095 4094/4094 4078/4078 
f 4080/4080 4096/4096 4095/4095 4079/4079 
f 4081/4081 4097/4097 4096/4096 4080/4080 
f 4082/4082 4098/4098 4097/4097 4081/4081 
f 3476/3476 3477/3477 4098/4098 4082/4082 
f 4083/4083 4099/4099 4100/4100 4084/4084 
f 4085/4085 4101/4101 4099/4099 4083/4083 
f 4086/4086 4102/4102 4101/4101 4085/4085 
f 4087/4087 4103/4103 4102/4102 4086/4086 
f 4088/4088 4104/4104 4103/4103 4087/4087 
f 4089/4089 4105/4105 4104/4104 4088/4088 
f 4090/4090 4106/4106 4105/4105 4089/4089 
f 4091/4091 4107/4107 4106/4106 4090/4090 
f 4092/4092 4108/4108 4107/4107 4091/4091 
f 4093/4093 4109/4109 4108/4108 4092/4092 
f 4094/4094 4110/4110 4109/4109 4093/4093 
f 4095/4095 4111/4111 4110/4110 4094/4094 
f 4096/4096 4112/4112 4111/4111 4095/4095 
f 4097/4097 4113/4113 4112/4112 4096/4096 
f 4098/4098 4114/4114 4113/4113 4097/4097 
f 3477/3477 3478/3478 4114/4114 4098/4098 
f 4099/4099 4115/4115 4116/4116 4100/4100 
f 4101/4101 4117/4117 4115/4115 4099/4099 
f 4102/4102 4118/4118 4117/4117 4101/4101 
f 4103/4103 4119/4119 4118/4118 4102/4102 
f 4104/4104 4120/4120 4119/4119 4103/4103 
f 4105/4105 4121/4121 4120/4120 4104/4104 
f 4106/4106 4122/4122 4121/4121 4105/4105 
f 4107/4107 4123/4123 4122/4122 4106/4106 
f 4108/4108 4124/4124 4123/4123 4107/4107 
f 4109/4109 4125/4125 4124/4124 4108/4108 
f 4110/4110 4126/4126 4125/4125 4109/4109 
f 4111/4111 4127/4127 4126/4126 4110/4110 
f 4112/4112 4128/4128 4127/4127 4111/4111 
f 4113/4113 4129/4129 4128/4128 4112/4112 
f 4114/4114 4130/4130 4129/4129 4113/4113 
f 3478/3478 3479/3479 4130/4130 4114/4114 
f 4115/4115 4131/4131 4132/4132 4116/4116 
f 4117/4117 4133/4133 4131/4131 4115/4115 
f 4118/4118 4134/4134 4133/4133 4117/4117 
f 4119/4119 4135/4135 4134/4134 4118/4118 
f 4120/4120 4136/4136 4135/4135 4119/4119 
f 4121/4121 4137/4137 4136/4136 4120/4120 
f 4122/4122 4138/4138 4137/4137 4121/4121 
f 4123/4123 4139/4139 4138/4138 4122/4122 
f 4124/4124 4140/4140 4139/4139 4123/4123 
f 4125/4125 4141/4141 4140/4140 4124/4124 
f 4126/4126 4142/4142 4141/4141 4125/4125 
f 4127/4127 4143/4143 4142/4142 4126/4126 
f 4128/4128 4144/4144 4143/4143 4127/4127 
f 4129/4129 4145/4145 4144/4144 4128/4128 
f 4130/4130 4146/4146 4145/4145 4129/4129 
f 3479/3479 3480/3480 4146/4146 4130/4130 
f 4131/4131 4147/4147 4148/4148 4132/4132 
f 4133/4133 4149/4149 4147/4147 4131/4131 
f 4134/4134 4150/4150 4149/4149 4133/4133 
f 4135/4135 4151/4151 4150/4150 4134/4134 
f 4136/4136 4152/4152 4151/4151 4135/4135 
f 4137/4137 4153/4153 4152/4152 4136/4136 
f 4138/4138 4154/4154 4153/4153 4137/4137 
f 4139/4139 4155/4155 4154/4154 4138/4138 
f 4140/4140 4156/4156 4155/4155 4139/4139 
f 4141/4141 4157/4157 4156/4156 4140/4140 
f 4142/4142 4158/4158 4157/4157 4141/4141 
f 4143/4143 4159/4159 4158/4158 4142/4142 
f 4144/4144 4160/4160 4159/4159 4143/4143 
f 4145/4145 4161/4161 4160/4160 4144/4144 
f 4146/4146 4162/4162 4161/4161 4145/4145 
f 3480/3480 3481/3481 4162/4162 4146/4146 
f 4147/4147 4163/4163 4164/4164 4148/4148 
f 4149/4149 4165/4165 4163/4163 4147/4147 
f 4150/4150 4166/4166 4165/4165 4149/4149 
f 4151/4151 4167/4167 4166/4166 4150/4150 
f 4152/4152 4168/4168 4167/4167 4151/4151 
f 4153/4153 4169/4169 4168/4168 4152/4152 
f 4154/4154 4170/4170 4169/4169 4153/4153 
f 4155/4155 4171/4171 4170/4170 4154/4154 
f 4156/4156 4172/4172 4171/4171 4155/4155 
f 4157/4157 4173/4173 4172/4172 4156/4156 
f 4158/4158 4174/4174 4173/4173 4157/4157 
f 4159/4159 4175/4175 4174/4174 4158/4158 
f 4160/4160 4176/4176 4175/4175 4159/4159 
f 4161/4161 4177/4177 4176/4176 4160/4160 
f 4162/4162 4178/4178 4177/4177 4161/4161 
f 3481/3481 3482/3482 4178/4178 4162/4162 
f 4163/4163 4179/4179 4180/4180 4164/4164 
f 4165/4165 4181/4181 4179/4179 4163/4163 
f 4166/4166 4182/4182 4181/4181 4165/4165 
f 4167/4167 4183/4183 4182/4182 4166/4166 
f 4168/4168 4184/4184 4183/4183 4167/4167 
f 4169/4169 4185/4185 4184/4184 4168/4168 
f 4170/4170 4186/4186 4185/4185 4169/4169 
f 4171/4171 4187/4187 4186/4186 4170/4170 
f 4172/4172 4188/4188 4187/4187 4171/4171 
f 4173/4173 4189/4189 4188/4188 4172/4172 
f 4174/4174 4190/4190 4189/4189 4173/4173 
f 4175/4175 4191/4191 4190/4190 4174/4174 
f 4176/4176 4192/4192 4191/4191 4175/4175 
f 4177/4177 4193/4193 4192/4192 4176/4176 
f 4178/4178 4194/4194 4193/4193 4177/4177 
f 3482/3482 3483/3483 4194/4194 4178/4178 
f 4179/4179 4195/4195 4196/4196 4180/4180 
f 4181/4181 4197/4197 4195/4195 4179/4179 
f 4182/4182 4198/4198 4197/4197 4181/4181 
f 4183/4183 4199/4199 4198/4198 4182/4182 
f 4184/4184 4200/4200 4199/4199 4183/4183 
f 4185/4185 4201/4201 4200/4200 4184/4184 
f 4186/4186 4202/4202 4201/4201 4185/4185 
f 4187/4187 4203/4203 4202/4202 4186/4186 
f 4188/4188 4204/4204 4203/4203 4187/4187 
f 4189/4189 4205/4205 4204/4204 4188/4188 
f 4190/4190 4206/4206 4205/4205 4189/4189 
f 4191/4191 4207/4207 4206/4206 4190/4190 
f 4192/4192 4208/4208 4207/4207 4191/4191 
f 4193/4193 4209/4209 4208/4208 4192/4192 
f 4194/4194 4210/4210 4209/4209 4193/4193 
f 3483/3483 3484/3484 4210/4210 4194/4194 
f 4195/4195 4211/4211 4212/4212 4196/4196 
f 4197/4197 4213/4213 4211/4211 4195/4195 
f 4198/4198 4214/4214 4213/4213 4197/4197 
f 4199/4199 4215/4215 4214/4214 4198/4198 
f 4200/4200 4216/4216 4215/4215 4199/4199 
f 4201/4201 4217/4217 4216/4216 4200/4200 
f 4202/4202 4218/4218 4217/4217 4201/4201 
f 4203/4203 4219/4219 4218/4218 4202/4202 
f 4204/4204 4220/4220 4219/4219 4203/4203 
f 4205/4205 4221/4221 4220/4220 4204/4204 
f 4206/4206 4222/4222 4221/4221 4205/4205 
f 4207/4207 4223/4223 4222/4222 4206/4206 
f 4208/4208 4224/4224 4223/4223 4207/4207 
f 4209/4209 4225/4225 4224/4224 4208/4208 
f 4210/4210 4226/4226 4225/4225 4209/4209 
f 3484/3484 3485/3485 4226/4226 4210/4210 
f 4211/4211 4227/4227 4228/4228 4212/4212 
f 4213/4213 4229/4229 4227/4227 4211/4211 
f 4214/4214 4230/4230 4229/4229 4213/4213 
f 4215/4215 4231/4231 4230/4230 4214/4214 
f 4216/4216 4232/4232 4231/4231 4215/4215 
f 4217/4217 4233/4233 4232/4232 4216/4216 
f 4218/4218 4234/4234 4233/4233 4217/4217 
f 4219/4219 4235/4235 4234/4234 4218/4218 
f 4220/4220 4236/4236 4235/4235 4219/4219 
f 4221/4221 4237/4237 4236/4236 4220/4220 
f 4222/4222 4238/4238 4237/4237 4221/4221 
f 4223/4223 4239/4239 4238/4238 4222/4222 
f 4224/4224 4240/4240 4239/4239 4223/4223 
f 4225/4225 4241/4241 4240/4240 4224/4224 
f 4226/4226 4242/4242 4241/4241 4225/4225 
f 3485/3485 3486/3486 4242/4242 4226/4226 
f 4227/4227 4243/4243 4244/4244 4228/4228 
f 4229/4229 4245/4245 4243/4243 4227/4227 
f 4230/4230 4246/4246 4245/4245 4229/4229 
f 4231/4231 4247/4247 4246/4246 4230/4230 
f 4232/4232 4248/4248 4247/4247 4231/4231 
f 4233/4233 4249/4249 4248/4248 4232/4232 
f 4234/4234 4250/4250 4249/4249 4233/4233 
f 4235/4235 4251/4251 4250/4250 4234/4234 
f 4236/4236 4252/4252 4251/4251 4235/4235 
f 4237/4237 4253/4253 4252/4252 4236/4236 
f 4238/4238 4254/4254 4253/4253 4237/4237 
f 4239/4239 4255/4255 4254/4254 4238/4238 
f 4240/4240 4256/4256 4255/4255 4239/4239 
f 4241/4241 4257/4257 4256/4256 4240/4240 
f 4242/4242 4258/4258 4257/4257 4241/4241 
f 3486/3486 3487/3487 4258/4258 4242/4242 
f 4243/4243 4259/4259 4260/4260 4244/4244 
f 4245/4245 4261/4261 4259/4259 4243/4243 
f 4246/4246 4262/4262 4261/4261 4245/4245 
f 4247/4247 4263/4263 4262/4262 4246/4246 
f 4248/4248 4264/4264 4263/4263 4247/4247 
f 4249/4249 4265/4265 4264/4264 4248/4248 
f 4250/4250 4266/4266 4265/4265 4249/4249 
f 4251/4251 4267/4267 4266/4266 4250/4250 
f 4252/4252 4268/4268 4267/4267 4251/4251 
f 4253/4253 4269/4269 4268/4268 4252/4252 
f 4254/4254 4270/4270 4269/4269 4253/4253 
f 4255/4255 4271/4271 4270/4270 4254/4254 
f 4256/4256 4272/4272 4271/4271 4255/4255 
f 4257/4257 4273/4273 4272/4272 4256/4256 
f 4258/4258 4274/4274 4273/4273 4257/4257 
f 3487/3487 3488/3488 4274/4274 4258/4258 
f 4259/4259 4275/4275 4276/4276 4260/4260 
f 4261/4261 4277/4277 4275/4275 4259/4259 
f 4262/4262 4278/4278 4277/4277 4261/4261 
f 4263/4263 4279/4279 4278/4278 4262/4262 
f 4264/4264 4280/4280 4279/4279 4263/4263 
f 4265/4265 4281/4281 4280/4280 4264/4264 
f 4266/4266 4282/4282 4281/4281 4265/4265 
f 4267/4267 4283/4283 4282/4282 4266/4266 
f 4268/4268 4284/4284 4283/4283 4267/4267 
f 4269/4269 4285/4285 4284/4284 4268/4268 
f 4270/4270 4286/4286 4285/4285 4269/4269 
f 4271/4271 4287/4287 4286/4286 4270/4270 
f 4272/4272 4288/4288 4287/4287 4271/4271 
f 4273/4273 4289/4289 4288/4288 4272/4272 
f 4274/4274 4290/4290 4289/4289 4273/4273 
f 3488/3488 3489/3489 4290/4290 4274/4274 
f 4275/4275 3795/3795 3796/3796 4276/4276 
f 4277/4277 3813/3813 3795/3795 4275/4275 
f 4278/4278 3830/3830 3813/3813 4277/4277 
f 4279/4279 3847/3847 3830/3830 4278/4278 
f 4280/4280 3864/3864 3847/3847 4279/4279 
f 4281/4281 3881/3881 3864/3864 4280/4280 
f 4282/4282 3898/3898 3881/3881 4281/4281 
f 4283/4283 3915/3915 3898/3898 4282/4282 
f 4284/4284 3932/3932 3915/3915 4283/4283 
f 4285/4285 3949/3949 3932/3932 4284/4284 
f 4286/4286 3966/3966 3949/3949 4285/4285 
f 4287/4287 3983/3983 3966/3966 4286/4286 
f 4288/4288 4000/4000 3983/3983 4287/4287 
f 4289/4289 4017/4017 4000/4000 4288/4288 
f 4290/4290 4034/4034 4017/4017 4289/4289 
f 3489/3489 3490/3490 4034/4034 4290/4290 
f 4291/4291 3491/3491 3494/3494 4292/4292 
f 4293/4293 4291/4291 4292/4292 4294/4294 
f 4295/4295 4293/4293 4294/4294 4296/4296 
f 4297/4297 4295/4295 4296/4296 4298/4298 
f 4299/4299 4297/4297 4298/4298 4300/4300 
f 4301/4301 4299/4299 4300/4300 4302/4302 
f 4303/4303 4301/4301 4302/4302 4304/4304 
f 4305/4305 4303/4303 4304/4304 4306/4306 
f 4307/4307 4305/4305 4306/4306 4308/4308 
f 4309/4309 4307/4307 4308/4308 4310/4310 
f 4311/4311 4309/4309 4310/4310 4312/4312 
f 4313/4313 4311/4311 4312/4312 4314/4314 
f 4315/4315 4313/4313 4314/4314 4316/4316 
f 4317/4317 4315/4315 4316/4316 4318/4318 
f 4319/4319 4317/4317 4318/4318 4320/4320 
f 4321/4321 4319/4319 4320/4320 4322/4322 
f 4323/4323 3495/3495 3491/3491 4291/4291 
f 4324/4324 4323/4323 4291/4291 4293/4293 
f 4325/4325 4324/4324 4293/4293 4295/4295 
f 4326/4326 4325/4325 4295/4295 4297/4297 
f 4327/4327 4326/4326 4297/4297 4299/4299 
f 4328/4328 4327/4327 4299/4299 4301/4301 
f 4329/4329 4328/4328 4301/4301 4303/4303 
f 4330/4330 4329/4329 4303/4303 4305/4305 
f 4331/4331 4330/4330 4305/4305 4307/4307 
f 4332/4332 4331/4331 4307/4307 4309/4309 
f 4333/4333 4332/4332 4309/4309 4311/4311 
f 4334/4334 4333/4333 4311/4311 4313/4313 
f 4335/4335 4334/4334 4313/4313 4315/4315 
f 4336/4336 4335/4335 4315/4315 4317/4317 
f 4337/4337 4336/4336 4317/4317 4319/4319 
f 4338/4338 4337/4337 4319/4319 4321/4321 
f 4339/4339 3497/3497 3495/3495 4323/4323 
f 4340/4340 4339/4339 4323/4323 4324/4324 
f 4341/4341 4340/4340 4324/4324 4325/4325 
f 4342/4342 4341/4341 4325/4325 4326/4326 
f 4343/4343 4342/4342 4326/4326 4327/4327 
f 4344/4344 4343/4343 4327/4327 4328/4328 
f 4345/4345 4344/4344 4328/4328 4329/4329 
f 4346/4346 4345/4345 4329/4329 4330/4330 
f 4347/4347 4346/4346 4330/4330 4331/4331 
f 4348/4348 4347/4347 4331/4331 4332/4332 
f 4349/4349 4348/4348 4332/4332 4333/4333 
f 4350/4350 4349/4349 4333/4333 4334/4334 
f 4351/4351 4350/4350 4334/4334 4335/4335 
f 4352/4352 4351/4351 4335/4335 4336/4336 
f 4353/4353 4352/4352 4336/4336 4337/4337 
f 4354/4354 4353/4353 4337/4337 4338/4338 
f 4355/4355 3499/3499 3497/3497 4339/4339 
f 4356/4356 4355/4355 4339/4339 4340/4340 
f 4357/4357 4356/4356 4340/4340 4341/4341 
f 4358/4358 4357/4357 4341/4341 4342/4342 
f 4359/4359 4358/4358 4342/4342 4343/4343 
f 4360/4360 4359/4359 4343/4343 4344/4344 
f 4361/4361 4360/4360 4344/4344 4345/4345 
f 4362/4362 4361/4361 4345/4345 4346/4346 
f 4363/4363 4362/4362 4346/4346 4347/4347 
f 4364/4364 4363/4363 4347/4347 4348/4348 
f 4365/4365 4364/4364 4348/4348 4349/4349 
f 4366/4366 4365/4365 4349/4349 4350/4350 
f 4367/4367 4366/4366 4350/4350 4351/4351 
f 4368/4368 4367/4367 4351/4351 4352/4352 
f 4369/4369 4368/4368 4352/4352 4353/4353 
f 4370/4370 4369/4369 4353/4353 4354/4354 
f 4371/4371 3501/3501 3499/3499 4355/4355 
f 4372/4372 4371/4371 4355/4355 4356/4356 
f 4373/4373 4372/4372 4356/4356 4357/4357 
f 4374/4374 4373/4373 4357/4357 4358/4358 
f 4375/4375 4374/4374 4358/4358 4359/4359 
f 4376/4376 4375/4375 4359/4359 4360/4360 
f 4377/4377 4376/4376 4360/4360 4361/4361 
f 4378/4378 4377/4377 4361/4361 4362/4362 
f 4379/4379 4378/4378 4362/4362 4363/4363 
f 4380/4380 4379/4379 4363/4363 4364/4364 
f 4381/4381 4380/4380 4364/4364 4365/4365 
f 4382/4382 4381/4381 4365/4365 4366/4366 
f 4383/4383 4382/4382 4366/4366 4367/4367 
f 4384/4384 4383/4383 4367/4367 4368/4368 
f 4385/4385 4384/4384 4368/4368 4369/4369 
f 4386/4386 4385/4385 4369/4369 4370/4370 
f 4387/4387 3503/3503 3501/3501 4371/4371 
f 4388/4388 4387/4387 4371/4371 4372/4372 
f 4389/4389 4388/4388 4372/4372 4373/4373 
f 4390/4390 4389/4389 4373/4373 4374/4374 
f 4391/4391 4390/4390 4374/4374 4375/4375 
f 4392/4392 4391/4391 4375/4375 4376/4376 
f 4393/4393 4392/4392 4376/4376 4377/4377 
f 4394/4394 4393/4393 4377/4377 4378/4378 
f 4395/4395 4394/4394 4378/4378 4379/4379 
f 4396/4396 4395/4395 4379/4379 4380/4380 
f 4397/4397 4396/4396 4380/4380 4381/4381 
f 4398/4398 4397/4397 4381/4381 4382/4382 
f 4399/4399 4398/4398 4382/4382 4383/4383 
f 4400/4400 4399/4399 4383/4383 4384/4384 
f 4401/4401 4400/4400 4384/4384 4385/4385 
f 4402/4402 4401/4401 4385/4385 4386/4386 
f 4403/4403 3505/3505 3503/3503 4387/4387 
f 4404/4404 4403/4403 4387/4387 4388/4388 
f 4405/4405 4404/4404 4388/4388 4389/4389 
f 4406/4406 4405/4405 4389/4389 4390/4390 
f 4407/4407 4406/4406 4390/4390 4391/4391 
f 4408/4408 4407/4407 4391/4391 4392/4392 
f 4409/4409 4408/4408 4392/4392 4393/4393 
f 4410/4410 4409/4409 4393/4393 4394/4394 
f 4411/4411 4410/4410 4394/4394 4395/4395 
f 4412/4412 4411/4411 4395/4395 4396/4396 
f 4413/4413 4412/4412 4396/4396 4397/4397 
f 4414/4414 4413/4413 4397/4397 4398/4398 
f 4415/4415 4414/4414 4398/4398 4399/4399 
f 4416/4416 4415/4415 4399/4399 4400/4400 
f 4417/4417 4416/4416 4400/4400 4401/4401 
f 4418/4418 4417/4417 4401/4401 4402/4402 
f 4419/4419 3507/3507 3505/3505 4403/4403 
f 4420/4420 4419/4419 4403/4403 4404/4404 
f 4421/4421 4420/4420 4404/4404 4405/4405 
f 4422/4422 4421/4421 4405/4405 4406/4406 
f 4423/4423 4422/4422 4406/4406 4407/4407 
f 4424/4424 4423/4423 4407/4407 4408/4408 
f 4425/4425 4424/4424 4408/4408 4409/4409 
f 4426/4426 4425/4425 4409/4409 4410/4410 
f 4427/4427 4426/4426 4410/4410 4411/4411 
f 4428/4428 4427/4427 4411/4411 4412/4412 
f 4429/4429 4428/4428 4412/4412 4413/4413 
f 4430/4430 4429/4429 4413/4413 4414/4414 
f 4431/4431 4430/4430 4414/4414 4415/4415 
f 4432/4432 4431/4431 4415/4415 4416/4416 
f 4433/4433 4432/4432 4416/4416 4417/4417 
f 4434/4434 4433/4433 4417/4417 4418/4418 
f 4435/4435 3509/3509 3507/3507 4419/4419 
f 4436/4436 4435/4435 4419/4419 4420/4420 
f 4437/4437 4436/4436 4420/4420 4421/4421 
f 4438/4438 4437/4437 4421/4421 4422/4422 
f 4439/4439 4438/4438 4422/4422 4423/4423 
f 4440/4440 4439/4439 4423/4423 4424/4424 
f 4441/4441 4440/4440 4424/4424 4425/4425 
f 4442/4442 4441/4441 4425/4425 4426/4426 
f 4443/4443 4442/4442 4426/4426 4427/4427 
f 4444/4444 4443/4443 4427/4427 4428/4428 
f 4445/4445 4444/4444 4428/4428 4429/4429 
f 4446/4446 4445/4445 4429/4429 4430/4430 
f 4447/4447 4446/4446 4430/4430 4431/4431 
f 4448/4448 4447/4447 4431/4431 4432/4432 
f 4449/4449 4448/4448 4432/4432 4433/4433 
f 4450/4450 4449/4449 4433/4433 4434/4434 
f 4451/4451 3511/3511 3509/3509 4435/4435 
f 4452/4452 4451/4451 4435/4435 4436/4436 
f 4453/4453 4452/4452 4436/4436 4437/4437 
f 4454/4454 4453/4453 4437/4437 4438/4438 
f 4455/4455 4454/4454 4438/4438 4439/4439 
f 4456/4456 4455/4455 4439/4439 4440/4440 
f 4457/4457 4456/4456 4440/4440 4441/4441 
f 4458/4458 4457/4457 4441/4441 4442/4442 
f 4459/4459 4458/4458 4442/4442 4443/4443 
f 4460/4460 4459/4459 4443/4443 4444/4444 
f 4461/4461 4460/4460 4444/4444 4445/4445 
f 4462/4462 4461/4461 4445/4445 4446/4446 
f 4463/4463 4462/4462 4446/4446 4447/4447 
f 4464/4464 4463/4463 4447/4447 4448/4448 
f 4465/4465 4464/4464 4448/4448 4449/4449 
f 4466/4466 4465/4465 4449/4449 4450/4450 
f 4467/4467 3513/3513 3511/3511 4451/4451 
f 4468/4468 4467/4467 4451/4451 4452/4452 
f 4469/4469 4468/4468 4452/4452 4453/4453 
f 4470/4470 4469/4469 4453/4453 4454/4454 
f 4471/4471 4470/4470 4454/4454 4455/4455 
f 4472/4472 4471/4471 4455/4455 4456/4456 
f 4473/4473 4472/4472 4456/4456 4457/4457 
f 4474/4474 4473/4473 4457/4457 4458/4458 
f 4475/4475 4474/4474 4458/4458 4459/4459 
f 4476/4476 4475/4475 4459/4459 4460/4460 
f 4477/4477 4476/4476 4460/4460 4461/4461 
f 4478/4478 4477/4477 4461/4461 4462/4462 
f 4479/4479 4478/4478 4462/4462 4463/4463 
f 4480/4480 4479/4479 4463/4463 4464/4464 
f 4481/4481 4480/4480 4464/4464 4465/4465 
f 4482/4482 4481/4481 4465/4465 4466/4466 
f 4483/4483 3515/3515 3513/3513 4467/4467 
f 4484/4484 4483/4483 4467/4467 4468/4468 
f 4485/4485 4484/4484 4468/4468 4469/4469 
f 4486/4486 4485/4485 4469/4469 4470/4470 
f 4487/4487 4486/4486 4470/4470 4471/4471 
f 4488/4488 4487/4487 4471/4471 4472/4472 
f 4489/4489 4488/4488 4472/4472 4473/4473 
f 4490/4490 4489/4489 4473/4473 4474/4474 
f 4491/4491 4490/4490 4474/4474 4475/4475 
f 4492/4492 4491/4491 4475/4475 4476/4476 
f 4493/4493 4492/4492 4476/4476 4477/4477 
f 4494/4494 4493/4493 4477/4477 4478/4478 
f 4495/4495 4494/4494 4478/4478 4479/4479 
f 4496/4496 4495/4495 4479/4479 4480/4480 
f 4497/4497 4496/4496 4480/4480 4481/4481 
f 4498/4498 4497/4497 4481/4481 4482/4482 
f 4499/4499 3517/3517 3515/3515 4483/4483 
f 4500/4500 4499/4499 4483/4483 4484/4484 
f 4501/4501 4500/4500 4484/4484 4485/4485 
f 4502/4502 4501/4501 4485/4485 4486/4486 
f 4503/4503 4502/4502 4486/4486 4487/4487 
f 4504/4504 4503/4503 4487/4487 4488/4488 
f 4505/4505 4504/4504 4488/4488 4489/4489 
f 4506/4506 4505/4505 4489/4489 4490/4490 
f 4507/4507 4506/4506 4490/4490 4491/4491 
f 4508/4508 4507/4507 4491/4491 4492/4492 
f 4509/4509 4508/4508 4492/4492 4493/4493 
f 4510/4510 4509/4509 4493/4493 4494/4494 
f 4511/4511 4510/4510 4494/4494 4495/4495 
f 4512/4512 4511/4511 4495/4495 4496/4496 
f 4513/4513 4512/4512 4496/4496 4497/4497 
f 4514/4514 4513/4513 4497/4497 4498/4498 
f 4515/4515 3519/3519 3517/3517 4499/4499 
f 4516/4516 4515/4515 4499/4499 4500/4500 
f 4517/4517 4516/4516 4500/4500 4501/4501 
f 4518/4518 4517/4517 4501/4501 4502/4502 
f 4519/4519 4518/4518 4502/4502 4503/4503 
f 4520/4520 4519/4519 4503/4503 4504/4504 
f 4521/4521 4520/4520 4504/4504 4505/4505 
f 4522/4522 4521/4521 4505/4505 4506/4506 
f 4523/4523 4522/4522 4506/4506 4507/4507 
f 4524/4524 4523/4523 4507/4507 4508/4508 
f 4525/4525 4524/4524 4508/4508 4509/4509 
f 4526/4526 4525/4525 4509/4509 4510/4510 
f 4527/4527 4526/4526 4510/4510 4511/4511 
f 4528/4528 4527/4527 4511/4511 4512/4512 
f 4529/4529 4528/4528 4512/4512 4513/4513 
f 4530/4530 4529/4529 4513/4513 4514/4514 
f 4531/4531 3521/3521 3519/3519 4515/4515 
f 4532/4532 4531/4531 4515/4515 4516/4516 
f 4533/4533 4532/4532 4516/4516 4517/4517 
f 4534/4534 4533/4533 4517/4517 4518/4518 
f 4535/4535 4534/4534 4518/4518 4519/4519 
f 4536/4536 4535/4535 4519/4519 4520/4520 
f 4537/4537 4536/4536 4520/4520 4521/4521 
f 4538/4538 4537/4537 4521/4521 4522/4522 
f 4539/4539 4538/4538 4522/4522 4523/4523 
f 4540/4540 4539/4539 4523/4523 4524/4524 
f 4541/4541 4540/4540 4524/4524 4525/4525 
f 4542/4542 4541/4541 4525/4525 4526/4526 
f 4543/4543 4542/4542 4526/4526 4527/4527 
f 4544/4544 4543/4543 4527/4527 4528/4528 
f 4545/4545 4544/4544 4528/4528 4529/4529 
f 4546/4546 4545/4545 4529/4529 4530/4530 
f 4547/4547 3523/3523 3521/3521 4531/4531 
f 4548/4548 4547/4547 4531/4531 4532/4532 
f 4549/4549 4548/4548 4532/4532 4533/4533 
f 4550/4550 4549/4549 4533/4533 4534/4534 
f 4551/4551 4550/4550 4534/4534 4535/4535 
f 4552/4552 4551/4551 4535/4535 4536/4536 
f 4553/4553 4552/4552 4536/4536 4537/4537 
f 4554/4554 4553/4553 4537/4537 4538/4538 
f 4555/4555 4554/4554 4538/4538 4539/4539 
f 4556/4556 4555/4555 4539/4539 4540/4540 
f 4557/4557 4556/4556 4540/4540 4541/4541 
f 4558/4558 4557/4557 4541/4541 4542/4542 
f 4559/4559 4558/4558 4542/4542 4543/4543 
f 4560/4560 4559/4559 4543/4543 4544/4544 
f 4561/4561 4560/4560 4544/4544 4545/4545 
f 4562/4562 4561/4561 4545/4545 4546/4546 
f 2/2 4563/4563 4564/4564 3/3 
f 36/36 4565/4565 4563/4563 2/2 
f 53/53 4566/4566 4565/4565 36/36 
f 70/70 4567/4567 4566/4566 53/53 
f 87/87 4568/4568 4567/4567 70/70 
f 104/104 4569/4569 4568/4568 87/87 
f 121/121 4570/4570 4569/4569 104/104 
f 138/138 4571/4571 4570/4570 121/121 
f 155/155 4572/4572 4571/4571 138/138 
f 172/172 4573/4573 4572/4572 155/155 
f 189/189 4574/4574 4573/4573 172/172 
f 206/206 4575/4575 4574/4574 189/189 
f 223/223 4576/4576 4575/4575 206/206 
f 240/240 4577/4577 4576/4576 223/223 
f 257/257 4578/4578 4577/4577 240/240 
f 274/274 4579/4579 4578/4578 257/257 
f 4563/4563 4580/4580 4581/4581 4564/4564 
f 4565/4565 4582/4582 4580/4580 4563/4563 
f 4566/4566 4583/4583 4582/4582 4565/4565 
f 4567/4567 4584/4584 4583/4583 4566/4566 
f 4568/4568 4585/4585 4584/4584 4567/4567 
f 4569/4569 4586/4586 4585/4585 4568/4568 
f 4570/4570 4587/4587 4586/4586 4569/4569 
f 4571/4571 4588/4588 4587/4587 4570/4570 
f 4572/4572 4589/4589 4588/4588 4571/4571 
f 4573/4573 4590/4590 4589/4589 4572/4572 
f 4574/4574 4591/4591 4590/4590 4573/4573 
f 4575/4575 4592/4592 4591/4591 4574/4574 
f 4576/4576 4593/4593 4592/4592 4575/4575 
f 4577/4577 4594/4594 4593/4593 4576/4576 
f 4578/4578 4595/4595 4594/4594 4577/4577 
f 4579/4579 4596/4596 4595/4595 4578/4578 
f 4580/4580 4597/4597 4598/4598 4581/4581 
f 4582/4582 4599/4599 4597/4597 4580/4580 
f 4583/4583 4600/4600 4599/4599 4582/4582 
f 4584/4584 4601/4601 4600/4600 4583/4583 
f 4585/4585 4602/4602 4601/4601 4584/4584 
f 4586/4586 4603/4603 4602/4602 4585/4585 
f 4587/4587 4604/4604 4603/4603 4586/4586 
f 4588/4588 4605/4605 4604/4604 4587/4587 
f 4589/4589 4606/4606 4605/4605 4588/4588 
f 4590/4590 4607/4607 4606/4606 4589/4589 
f 4591/4591 4608/4608 4607/4607 4590/4590 
f 4592/4592 4609/4609 4608/4608 4591/4591 
f 4593/4593 4610/4610 4609/4609 4592/4592 
f 4594/4594 4611/4611 4610/4610 4593/4593 
f 4595/4595 4612/4612 4611/4611 4594/4594 
f 4596/4596 4613/4613 4612/4612 4595/4595 
f 4597/4597 4614/4614 4615/4615 4598/4598 
f 4599/4599 4616/4616 4614/4614 4597/4597 
f 4600/4600 4617/4617 4616/4616 4599/4599 
f 4601/4601 4618/4618 4617/4617 4600/4600 
f 4602/4602 4619/4619 4618/4618 4601/4601 
f 4603/4603 4620/4620 4619/4619 4602/4602 
f 4604/4604 4621/4621 4620/4620 4603/4603 
f 4605/4605 4622/4622 4621/4621 4604/4604 
f 4606/4606 4623/4623 4622/4622 4605/4605 
f 4607/4607 4624/4624 4623/4623 4606/4606 
f 4608/4608 4625/4625 4624/4624 4607/4607 
f 4609/4609 4626/4626 4625/4625 4608/4608 
f 4610/4610 4627/4627 4626/4626 4609/4609 
f 4611/4611 4628/4628 4627/4627 4610/4610 
f 4612/4612 4629/4629 4628/4628 4611/4611 
f 4613/4613 4630/4630 4629/4629 4612/4612 
f 4614/4614 4631/4631 4632/4632 4615/4615 
f 4616/4616 4633/4633 4631/4631 4614/4614 
f 4617/4617 4634/4634 4633/4633 4616/4616 
f 4618/4618 4635/4635 4634/4634 4617/4617 
f 4619/4619 4636/4636 4635/4635 4618/4618 
f 4620/4620 4637/4637 4636/4636 4619/4619 
f 4621/4621 4638/4638 4637/4637 4620/4620 
f 4622/4622 4639/4639 4638/4638 4621/4621 
f 4623/4623 4640/4640 4639/4639 4622/4622 
f 4624/4624 4641/4641 4640/4640 4623/4623 
f 4625/4625 4642/4642 4641/4641 4624/4624 
f 4626/4626 4643/4643 4642/4642 4625/4625 
f 4627/4627 4644/4644 4643/4643 4626/4626 
f 4628/4628 4645/4645 4644/4644 4627/4627 
f 4629/4629 4646/4646 4645/4645 4628/4628 
f 4630/4630 4647/4647 4646/4646 4629/4629 
f 4631/4631 4648/4648 4649/4649 4632/4632 
f 4633/4633 4650/4650 4648/4648 4631/4631 
f 4634/4634 4651/4651 4650/4650 4633/4633 
f 4635/4635 4652/4652 4651/4651 4634/4634 
f 4636/4636 4653/4653 4652/4652 4635/4635 
f 4637/4637 4654/4654 4653/4653 4636/4636 
f 4638/4638 4655/4655 4654/4654 4637/4637 
f 4639/4639 4656/4656 4655/4655 4638/4638 
f 4640/4640 4657/4657 4656/4656 4639/4639 
f 4641/4641 4658/4658 4657/4657 4640/4640 
f 4642/4642 4659/4659 4658/4658 4641/4641 
f 4643/4643 4660/4660 4659/4659 4642/4642 
f 4644/4644 4661/4661 4660/4660 4643/4643 
f 4645/4645 4662/4662 4661/4661 4644/4644 
f 4646/4646 4663/4663 4662/4662 4645/4645 
f 4647/4647 4664/4664 4663/4663 4646/4646 
f 4648/4648 4665/4665 4666/4666 4649/4649 
f 4650/4650 4667/4667 4665/4665 4648/4648 
f 4651/4651 4668/4668 4667/4667 4650/4650 
f 4652/4652 4669/4669 4668/4668 4651/4651 
f 4653/4653 4670/4670 4669/4669 4652/4652 
f 4654/4654 4671/4671 4670/4670 4653/4653 
f 4655/4655 4672/4672 4671/4671 4654/4654 
f 4656/4656 4673/4673 4672/4672 4655/4655 
f 4657/4657 4674/4674 4673/4673 4656/4656 
f 4658/4658 4675/4675 4674/4674 4657/4657 
f 4659/4659 4676/4676 4675/4675 4658/4658 
f 4660/4660 4677/4677 4676/4676 4659/4659 
f 4661/4661 4678/4678 4677/4677 4660/4660 
f 4662/4662 4679/4679 4678/4678 4661/4661 
f 4663/4663 4680/4680 4679/4679 4662/4662 
f 4664/4664 4681/4681 4680/4680 4663/4663 
f 4665/4665 4682/4682 4683/4683 4666/4666 
f 4667/4667 4684/4684 4682/4682 4665/4665 
f 4668/4668 4685/4685 4684/4684 4667/4667 
f 4669/4669 4686/4686 4685/4685 4668/4668 
f 4670/4670 4687/4687 4686/4686 4669/4669 
f 4671/4671 4688/4688 4687/4687 4670/4670 
f 4672/4672 4689/4689 4688/4688 4671/4671 
f 4673/4673 4690/4690 4689/4689 4672/4672 
f 4674/4674 4691/4691 4690/4690 4673/4673 
f 4675/4675 4692/4692 4691/4691 4674/4674 
f 4676/4676 4693/4693 4692/4692 4675/4675 
f 4677/4677 4694/4694 4693/4693 4676/4676 
f 4678/4678 4695/4695 4694/4694 4677/4677 
f 4679/4679 4696/4696 4695/4695 4678/4678 
f 4680/4680 4697/4697 4696/4696 4679/4679 
f 4681/4681 4698/4698 4697/4697 4680/4680 
f 4682/4682 4699/4699 4700/4700 4683/4683 
f 4684/4684 4701/4701 4699/4699 4682/4682 
f 4685/4685 4702/4702 4701/4701 4684/4684 
f 4686/4686 4703/4703 4702/4702 4685/4685 
f 4687/4687 4704/4704 4703/4703 4686/4686 
f 4688/4688 4705/4705 4704/4704 4687/4687 
f 4689/4689 4706/4706 4705/4705 4688/4688 
f 4690/4690 4707/4707 4706/4706 4689/4689 
f 4691/4691 4708/4708 4707/4707 4690/4690 
f 4692/4692 4709/4709 4708/4708 4691/4691 
f 4693/4693 4710/4710 4709/4709 4692/4692 
f 4694/4694 4711/4711 4710/4710 4693/4693 
f 4695/4695 4712/4712 4711/4711 4694/4694 
f 4696/4696 4713/4713 4712/4712 4695/4695 
f 4697/4697 4714/4714 4713/4713 4696/4696 
f 4698/4698 4715/4715 4714/4714 4697/4697 
f 4699/4699 4716/4716 4717/4717 4700/4700 
f 4701/4701 4718/4718 4716/4716 4699/4699 
f 4702/4702 4719/4719 4718/4718 4701/4701 
f 4703/4703 4720/4720 4719/4719 4702/4702 
f 4704/4704 4721/4721 4720/4720 4703/4703 
f 4705/4705 4722/4722 4721/4721 4704/4704 
f 4706/4706 4723/4723 4722/4722 4705/4705 
f 4707/4707 4724/4724 4723/4723 4706/4706 
f 4708/4708 4725/4725 4724/4724 4707/4707 
f 4709/4709 4726/4726 4725/4725 4708/4708 
f 4710/4710 4727/4727 4726/4726 4709/4709 
f 4711/4711 4728/4728 4727/4727 4710/4710 
f 4712/4712 4729/4729 4728/4728 4711/4711 
f 4713/4713 4730/4730 4729/4729 4712/4712 
f 4714/4714 4731/4731 4730/4730 4713/4713 
f 4715/4715 4732/4732 4731/4731 4714/4714 
f 4716/4716 4733/4733 4734/4734 4717/4717 
f 4718/4718 4735/4735 4733/4733 4716/4716 
f 4719/4719 4736/4736 4735/4735 4718/4718 
f 4720/4720 4737/4737 4736/4736 4719/4719 
f 4721/4721 4738/4738 4737/4737 4720/4720 
f 4722/4722 4739/4739 4738/4738 4721/4721 
f 4723/4723 4740/4740 4739/4739 4722/4722 
f 4724/4724 4741/4741 4740/4740 4723/4723 
f 4725/4725 4742/4742 4741/4741 4724/4724 
f 4726/4726 4743/4743 4742/4742 4725/4725 
f 4727/4727 4744/4744 4743/4743 4726/4726 
f 4728/4728 4745/4745 4744/4744 4727/4727 
f 4729/4729 4746/4746 4745/4745 4728/4728 
f 4730/4730 4747/4747 4746/4746 4729/4729 
f 4731/4731 4748/4748 4747/4747 4730/4730 
f 4732/4732 4749/4749 4748/4748 4731/4731 
f 4733/4733 4750/4750 4751/4751 4734/4734 
f 4735/4735 4752/4752 4750/4750 4733/4733 
f 4736/4736 4753/4753 4752/4752 4735/4735 
f 4737/4737 4754/4754 4753/4753 4736/4736 
f 4738/4738 4755/4755 4754/4754 4737/4737 
f 4739/4739 4756/4756 4755/4755 4738/4738 
f 4740/4740 4757/4757 4756/4756 4739/4739 
f 4741/4741 4758/4758 4757/4757 4740/4740 
f 4742/4742 4759/4759 4758/4758 4741/4741 
f 4743/4743 4760/4760 4759/4759 4742/4742 
f 4744/4744 4761/4761 4760/4760 4743/4743 
f 4745/4745 4762/4762 4761/4761 4744/4744 
f 4746/4746 4763/4763 4762/4762 4745/4745 
f 4747/4747 4764/4764 4763/4763 4746/4746 
f 4748/4748 4765/4765 4764/4764 4747/4747 
f 4749/4749 4766/4766 4765/4765 4748/4748 
f 4750/4750 4767/4767 4768/4768 4751/4751 
f 4752/4752 4769/4769 4767/4767 4750/4750 
f 4753/4753 4770/4770 4769/4769 4752/4752 
f 4754/4754 4771/4771 4770/4770 4753/4753 
f 4755/4755 4772/4772 4771/4771 4754/4754 
f 4756/4756 4773/4773 4772/4772 4755/4755 
f 4757/4757 4774/4774 4773/4773 4756/4756 
f 4758/4758 4775/4775 4774/4774 4757/4757 
f 4759/4759 4776/4776 4775/4775 4758/4758 
f 4760/4760 4777/4777 4776/4776 4759/4759 
f 4761/4761 4778/4778 4777/4777 4760/4760 
f 4762/4762 4779/4779 4778/4778 4761/4761 
f 4763/4763 4780/4780 4779/4779 4762/4762 
f 4764/4764 4781/4781 4780/4780 4763/4763 
f 4765/4765 4782/4782 4781/4781 4764/4764 
f 4766/4766 4783/4783 4782/4782 4765/4765 
f 4767/4767 4784/4784 4785/4785 4768/4768 
f 4769/4769 4786/4786 4784/4784 4767/4767 
f 4770/4770 4787/4787 4786/4786 4769/4769 
f 4771/4771 4788/4788 4787/4787 4770/4770 
f 4772/4772 4789/4789 4788/4788 4771/4771 
f 4773/4773 4790/4790 4789/4789 4772/4772 
f 4774/4774 4791/4791 4790/4790 4773/4773 
f 4775/4775 4792/4792 4791/4791 4774/4774 
f 4776/4776 4793/4793 4792/4792 4775/4775 
f 4777/4777 4794/4794 4793/4793 4776/4776 
f 4778/4778 4795/4795 4794/4794 4777/4777 
f 4779/4779 4796/4796 4795/4795 4778/4778 
f 4780/4780 4797/4797 4796/4796 4779/4779 
f 4781/4781 4798/4798 4797/4797 4780/4780 
f 4782/4782 4799/4799 4798/4798 4781/4781 
f 4783/4783 4800/4800 4799/4799 4782/4782 
f 4784/4784 4801/4801 4802/4802 4785/4785 
f 4786/4786 4803/4803 4801/4801 4784/4784 
f 4787/4787 4804/4804 4803/4803 4786/4786 
f 4788/4788 4805/4805 4804/4804 4787/4787 
f 4789/4789 4806/4806 4805/4805 4788/4788 
f 4790/4790 4807/4807 4806/4806 4789/4789 
f 4791/4791 4808/4808 4807/4807 4790/4790 
f 4792/4792 4809/4809 4808/4808 4791/4791 
f 4793/4793 4810/4810 4809/4809 4792/4792 
f 4794/4794 4811/4811 4810/4810 4793/4793 
f 4795/4795 4812/4812 4811/4811 4794/4794 
f 4796/4796 4813/4813 4812/4812 4795/4795 
f 4797/4797 4814/4814 4813/4813 4796/4796 
f 4798/4798 4815/4815 4814/4814 4797/4797 
f 4799/4799 4816/4816 4815/4815 4798/4798 
f 4800/4800 4817/4817 4816/4816 4799/4799 
f 4801/4801 4321/4321 4322/4322 4802/4802 
f 4803/4803 4338/4338 4321/4321 4801/4801 
f 4804/4804 4354/4354 4338/4338 4803/4803 
f 4805/4805 4370/4370 4354/4354 4804/4804 
f 4806/4806 4386/4386 4370/4370 4805/4805 
f 4807/4807 4402/4402 4386/4386 4806/4806 
f 4808/4808 4418/4418 4402/4402 4807/4807 
f 4809/4809 4434/4434 4418/4418 4808/4808 
f 4810/4810 4450/4450 4434/4434 4809/4809 
f 4811/4811 4466/4466 4450/4450 4810/4810 
f 4812/4812 4482/4482 4466/4466 4811/4811 
f 4813/4813 4498/4498 4482/4482 4812/4812 
f 4814/4814 4514/4514 4498/4498 4813/4813 
f 4815/4815 4530/4530 4514/4514 4814/4814 
f 4816/4816 4546/4546 4530/4530 4815/4815 
f 4817/4817 4562/4562 4546/4546 4816/4816 
f 4818/4818 834/834 837/837 4819/4819 
f 4820/4820 4818/4818 4819/4819 4821/4821 
f 4822/4822 4820/4820 4821/4821 4823/4823 
f 4824/4824 4822/4822 4823/4823 4825/4825 
f 4826/4826 4824/4824 4825/4825 4827/4827 
f 4828/4828 4826/4826 4827/4827 4829/4829 
f 4830/4830 4828/4828 4829/4829 4831/4831 
f 4832/4832 4830/4830 4831/4831 4833/4833 
f 4834/4834 4832/4832 4833/4833 4835/4835 
f 4836/4836 4834/4834 4835/4835 4837/4837 
f 4838/4838 4836/4836 4837/4837 4839/4839 
f 4840/4840 4838/4838 4839/4839 4841/4841 
f 4842/4842 4840/4840 4841/4841 4843/4843 
f 4844/4844 4842/4842 4843/4843 4845/4845 
f 4846/4846 4844/4844 4845/4845 4847/4847 
f 4848/4848 4846/4846 4847/4847 4849/4849 
f 4850/4850 838/838 834/834 4818/4818 
f 4851/4851 4850/4850 4818/4818 4820/4820 
f 4852/4852 4851/4851 4820/4820 4822/4822 
f 4853/4853 4852/4852 4822/4822 4824/4824 
f 4854/4854 4853/4853 4824/4824 4826/4826 
f 4855/4855 4854/4854 4826/4826 4828/4828 
f 4856/4856 4855/4855 4828/4828 4830/4830 
f 4857/4857 4856/4856 4830/4830 4832/4832 
f 4858/4858 4857/4857 4832/4832 4834/4834 
f 4859/4859 4858/4858 4834/4834 4836/4836 
f 4860/4860 4859/4859 4836/4836 4838/4838 
f 4861/4861 4860/4860 4838/4838 4840/4840 
f 4862/4862 4861/4861 4840/4840 4842/4842 
f 4863/4863 4862/4862 4842/4842 4844/4844 
f 4864/4864 4863/4863 4844/4844 4846/4846 
f 4865/4865 4864/4864 4846/4846 4848/4848 
f 4866/4866 840/840 838/838 4850/4850 
f 4867/4867 4866/4866 4850/4850 4851/4851 
f 4868/4868 4867/4867 4851/4851 4852/4852 
f 4869/4869 4868/4868 4852/4852 4853/4853 
f 4870/4870 4869/4869 4853/4853 4854/4854 
f 4871/4871 4870/4870 4854/4854 4855/4855 
f 4872/4872 4871/4871 4855/4855 4856/4856 
f 4873/4873 4872/4872 4856/4856 4857/4857 
f 4874/4874 4873/4873 4857/4857 4858/4858 
f 4875/4875 4874/4874 4858/4858 4859/4859 
f 4876/4876 4875/4875 4859/4859 4860/4860 
f 4877/4877 4876/4876 4860/4860 4861/4861 
f 4878/4878 4877/4877 4861/4861 4862/4862 
f 4879/4879 4878/4878 4862/4862 4863/4863 
f 4880/4880 4879/4879 4863/4863 4864/4864 
f 4881/4881 4880/4880 4864/4864 4865/4865 
f 4882/4882 842/842 840/840 4866/4866 
f 4883/4883 4882/4882 4866/4866 4867/4867 
f 4884/4884 4883/4883 4867/4867 4868/4868 
f 4885/4885 4884/4884 4868/4868 4869/4869 
f 4886/4886 4885/4885 4869/4869 4870/4870 
f 4887/4887 4886/4886 4870/4870 4871/4871 
f 4888/4888 4887/4887 4871/4871 4872/4872 
f 4889/4889 4888/4888 4872/4872 4873/4873 
f 4890/4890 4889/4889 4873/4873 4874/4874 
f 4891/4891 4890/4890 4874/4874 4875/4875 
f 4892/4892 4891/4891 4875/4875 4876/4876 
f 4893/4893 4892/4892 4876/4876 4877/4877 
f 4894/4894 4893/4893 4877/4877 4878/4878 
f 4895/4895 4894/4894 4878/4878 4879/4879 
f 4896/4896 4895/4895 4879/4879 4880/4880 
f 4897/4897 4896/4896 4880/4880 4881/4881 
f 4898/4898 844/844 842/842 4882/4882 
f 4899/4899 4898/4898 4882/4882 4883/4883 
f 4900/4900 4899/4899 4883/4883 4884/4884 
f 4901/4901 4900/4900 4884/4884 4885/4885 
f 4902/4902 4901/4901 4885/4885 4886/4886 
f 4903/4903 4902/4902 4886/4886 4887/4887 
f 4904/4904 4903/4903 4887/4887 4888/4888 
f 4905/4905 4904/4904 4888/4888 4889/4889 
f 4906/4906 4905/4905 4889/4889 4890/4890 
f 4907/4907 4906/4906 4890/4890 4891/4891 
f 4908/4908 4907/4907 4891/4891 4892/4892 
f 4909/4909 4908/4908 4892/4892 4893/4893 
f 4910/4910 4909/4909 4893/4893 4894/4894 
f 4911/4911 4910/4910 4894/4894 4895/4895 
f 4912/4912 4911/4911 4895/4895 4896/4896 
f 4913/4913 4912/4912 4896/4896 4897/4897 
f 4914/4914 846/846 844/844 4898/4898 
f 4915/4915 4914/4914 4898/4898 4899/4899 
f 4916/4916 4915/4915 4899/4899 4900/4900 
f 4917/4917 4916/4916 4900/4900 4901/4901 
f 4918/4918 4917/4917 4901/4901 4902/4902 
f 4919/4919 4918/4918 4902/4902 4903/4903 
f 4920/4920 4919/4919 4903/4903 4904/4904 
f 4921/4921 4920/4920 4904/4904 4905/4905 
f 4922/4922 4921/4921 4905/4905 4906/4906 
f 4923/4923 4922/4922 4906/4906 4907/4907 
f 4924/4924 4923/4923 4907/4907 4908/4908 
f 4925/4925 4924/4924 4908/4908 4909/4909 
f 4926/4926 4925/4925 4909/4909 4910/4910 
f 4927/4927 4926/4926 4910/4910 4911/4911 
f 4928/4928 4927/4927 4911/4911 4912/4912 
f 4929/4929 4928/4928 4912/4912 4913/4913 
f 4930/4930 848/848 846/846 4914/4914 
f 4931/4931 4930/4930 4914/4914 4915/4915 
f 4932/4932 4931/4931 4915/4915 4916/4916 
f 4933/4933 4932/4932 4916/4916 4917/4917 
f 4934/4934 4933/4933 4917/4917 4918/4918 
f 4935/4935 4934/4934 4918/4918 4919/4919 
f 4936/4936 4935/4935 4919/4919 4920/4920 
f 4937/4937 4936/4936 4920/4920 4921/4921 
f 4938/4938 4937/4937 4921/4921 4922/4922 
f 4939/4939 4938/4938 4922/4922 4923/4923 
f 4940/4940 4939/4939 4923/4923 4924/4924 
f 4941/4941 4940/4940 4924/4924 4925/4925 
f 4942/4942 4941/4941 4925/4925 4926/4926 
f 4943/4943 4942/4942 4926/4926 4927/4927 
f 4944/4944 4943/4943 4927/4927 4928/4928 
f 4945/4945 4944/4944 4928/4928 4929/4929 
f 4946/4946 850/850 848/848 4930/4930 
f 4947/4947 4946/4946 4930/4930 4931/4931 
f 4948/4948 4947/4947 4931/4931 4932/4932 
f 4949/4949 4948/4948 4932/4932 4933/4933 
f 4950/4950 4949/4949 4933/4933 4934/4934 
f 4951/4951 4950/4950 4934/4934 4935/4935 
f 4952/4952 4951/4951 4935/4935 4936/4936 
f 4953/4953 4952/4952 4936/4936 4937/4937 
f 4954/4954 4953/4953 4937/4937 4938/4938 
f 4955/4955 4954/4954 4938/4938 4939/4939 
f 4956/4956 4955/4955 4939/4939 4940/4940 
f 4957/4957 4956/4956 4940/4940 4941/4941 
f 4958/4958 4957/4957 4941/4941 4942/4942 
f 4959/4959 4958/4958 4942/4942 4943/4943 
f 4960/4960 4959/4959 4943/4943 4944/4944 
f 4961/4961 4960/4960 4944/4944 4945/4945 
f 4962/4962 852/852 850/850 4946/4946 
f 4963/4963 4962/4962 4946/4946 4947/4947 
f 4964/4964 4963/4963 4947/4947 4948/4948 
f 4965/4965 4964/4964 4948/4948 4949/4949 
f 4966/4966 4965/4965 4949/4949 4950/4950 
f 4967/4967 4966/4966 4950/4950 4951/4951 
f 4968/4968 4967/4967 4951/4951 4952/4952 
f 4969/4969 4968/4968 4952/4952 4953/4953 
f 4970/4970 4969/4969 4953/4953 4954/4954 
f 4971/4971 4970/4970 4954/4954 4955/4955 
f 4972/4972 4971/4971 4955/4955 4956/4956 
f 4973/4973 4972/4972 4956/4956 4957/4957 
f 4974/4974 4973/4973 4957/4957 4958/4958 
f 4975/4975 4974/4974 4958/4958 4959/4959 
f 4976/4976 4975/4975 4959/4959 4960/4960 
f 4977/4977 4976/4976 4960/4960 4961/4961 
f 4978/4978 854/854 852/852 4962/4962 
f 4979/4979 4978/4978 4962/4962 4963/4963 
f 4980/4980 4979/4979 4963/4963 4964/4964 
f 4981/4981 4980/4980 4964/4964 4965/4965 
f 4982/4982 4981/4981 4965/4965 4966/4966 
f 4983/4983 4982/4982 4966/4966 4967/4967 
f 4984/4984 4983/4983 4967/4967 4968/4968 
f 4985/4985 4984/4984 4968/4968 4969/4969 
f 4986/4986 4985/4985 4969/4969 4970/4970 
f 4987/4987 4986/4986 4970/4970 4971/4971 
f 4988/4988 4987/4987 4971/4971 4972/4972 
f 4989/4989 4988/4988 4972/4972 4973/4973 
f 4990/4990 4989/4989 4973/4973 4974/4974 
f 4991/4991 4990/4990 4974/4974 4975/4975 
f 4992/4992 4991/4991 4975/4975 4976/4976 
f 4993/4993 4992/4992 4976/4976 4977/4977 
f 4994/4994 856/856 854/854 4978/4978 
f 4995/4995 4994/4994 4978/4978 4979/4979 
f 4996/4996 4995/4995 4979/4979 4980/4980 
f 4997/4997 4996/4996 4980/4980 4981/4981 
f 4998/4998 4997/4997 4981/4981 4982/4982 
f 4999/4999 4998/4998 4982/4982 4983/4983 
f 5000/5000 4999/4999 4983/4983 4984/4984 
f 5001/5001 5000/5000 4984/4984 4985/4985 
f 5002/5002 5001/5001 4985/4985 4986/4986 
f 5003/5003 5002/5002 4986/4986 4987/4987 
f 5004/5004 5003/5003 4987/4987 4988/4988 
f 5005/5005 5004/5004 4988/4988 4989/4989 
f 5006/5006 5005/5005 4989/4989 4990/4990 
f 5007/5007 5006/5006 4990/4990 4991/4991 
f 5008/5008 5007/5007 4991/4991 4992/4992 
f 5009/5009 5008/5008 4992/4992 4993/4993 
f 5010/5010 858/858 856/856 4994/4994 
f 5011/5011 5010/5010 4994/4994 4995/4995 
f 5012/5012 5011/5011 4995/4995 4996/4996 
f 5013/5013 5012/5012 4996/4996 4997/4997 
f 5014/5014 5013/5013 4997/4997 4998/4998 
f 5015/5015 5014/5014 4998/4998 4999/4999 
f 5016/5016 5015/5015 4999/4999 5000/5000 
f 5017/5017 5016/5016 5000/5000 5001/5001 
f 5018/5018 5017/5017 5001/5001 5002/5002 
f 5019/5019 5018/5018 5002/5002 5003/5003 
f 5020/5020 5019/5019 5003/5003 5004/5004 
f 5021/5021 5020/5020 5004/5004 5005/5005 
f 5022/5022 5021/5021 5005/5005 5006/5006 
f 5023/5023 5022/5022 5006/5006 5007/5007 
f 5024/5024 5023/5023 5007/5007 5008/5008 
f 5025/5025 5024/5024 5008/5008 5009/5009 
f 5026/5026 860/860 858/858 5010/5010 
f 5027/5027 5026/5026 5010/5010 5011/5011 
f 5028/5028 5027/5027 5011/5011 5012/5012 
f 5029/5029 5028/5028 5012/5012 5013/5013 
f 5030/5030 5029/5029 5013/5013 5014/5014 
f 5031/5031 5030/5030 5014/5014 5015/5015 
f 5032/5032 5031/5031 5015/5015 5016/5016 
f 5033/5033 5032/5032 5016/5016 5017/5017 
f 5034/5034 5033/5033 5017/5017 5018/5018 
f 5035/5035 5034/5034 5018/5018 5019/5019 
f 5036/5036 5035/5035 5019/5019 5020/5020 
f 5037/5037 5036/5036 5020/5020 5021/5021 
f 5038/5038 5037/5037 5021/5021 5022/5022 
f 5039/5039 5038/5038 5022/5022 5023/5023 
f 5040/5040 5039/5039 5023/5023 5024/5024 
f 5041/5041 5040/5040 5024/5024 5025/5025 
f 5042/5042 862/862 860/860 5026/5026 
f 5043/5043 5042/5042 5026/5026 5027/5027 
f 5044/5044 5043/5043 5027/5027 5028/5028 
f 5045/5045 5044/5044 5028/5028 5029/5029 
f 5046/5046 5045/5045 5029/5029 5030/5030 
f 5047/5047 5046/5046 5030/5030 5031/5031 
f 5048/5048 5047/5047 5031/5031 5032/5032 
f 5049/5049 5048/5048 5032/5032 5033/5033 
f 5050/5050 5049/5049 5033/5033 5034/5034 
f 5051/5051 5050/5050 5034/5034 5035/5035 
f 5052/5052 5051/5051 5035/5035 5036/5036 
f 5053/5053 5052/5052 5036/5036 5037/5037 
f 5054/5054 5053/5053 5037/5037 5038/5038 
f 5055/5055 5054/5054 5038/5038 5039/5039 
f 5056/5056 5055/5055 5039/5039 5040/5040 
f 5057/5057 5056/5056 5040/5040 5041/5041 
f 5058/5058 864/864 862/862 5042/5042 
f 5059/5059 5058/5058 5042/5042 5043/5043 
f 5060/5060 5059/5059 5043/5043 5044/5044 
f 5061/5061 5060/5060 5044/5044 5045/5045 
f 5062/5062 5061/5061 5045/5045 5046/5046 
f 5063/5063 5062/5062 5046/5046 5047/5047 
f 5064/5064 5063/5063 5047/5047 5048/5048 
f 5065/5065 5064/5064 5048/5048 5049/5049 
f 5066/5066 5065/5065 5049/5049 5050/5050 
f 5067/5067 5066/5066 5050/5050 5051/5051 
f 5068/5068 5067/5067 5051/5051 5052/5052 
f 5069/5069 5068/5068 5052/5052 5053/5053 
f 5070/5070 5069/5069 5053/5053 5054/5054 
f 5071/5071 5070/5070 5054/5054 5055/5055 
f 5072/5072 5071/5071 5055/5055 5056/5056 
f 5073/5073 5072/5072 5056/5056 5057/5057 
f 4579/4579 274/274 864/864 5058/5058 
f 4596/4596 4579/4579 5058/5058 5059/5059 
f 4613/4613 4596/4596 5059/5059 5060/5060 
f 4630/4630 4613/4613 5060/5060 5061/5061 
f 4647/4647 4630/4630 5061/5061 5062/5062 
f 4664/4664 4647/4647 5062/5062 5063/5063 
f 4681/4681 4664/4664 5063/5063 5064/5064 
f 4698/4698 4681/4681 5064/5064 5065/5065 
f 4715/4715 4698/4698 5065/5065 5066/5066 
f 4732/4732 4715/4715 5066/5066 5067/5067 
f 4749/4749 4732/4732 5067/5067 5068/5068 
f 4766/4766 4749/4749 5068/5068 5069/5069 
f 4783/4783 4766/4766 5069/5069 5070/5070 
f 4800/4800 4783/4783 5070/5070 5071/5071 
f 4817/4817 4800/4800 5071/5071 5072/5072 
f 4562/4562 4817/4817 5072/5072 5073/5073 
f 3764/3764 5074/5074 5075/5075 3765/3765 
f 3798/3798 5076/5076 5074/5074 3764/3764 
f 3815/3815 5077/5077 5076/5076 3798/3798 
f 3832/3832 5078/5078 5077/5077 3815/3815 
f 3849/3849 5079/5079 5078/5078 3832/3832 
f 3866/3866 5080/5080 5079/5079 3849/3849 
f 3883/3883 5081/5081 5080/5080 3866/3866 
f 3900/3900 5082/5082 5081/5081 3883/3883 
f 3917/3917 5083/5083 5082/5082 3900/3900 
f 3934/3934 5084/5084 5083/5083 3917/3917 
f 3951/3951 5085/5085 5084/5084 3934/3934 
f 3968/3968 5086/5086 5085/5085 3951/3951 
f 3985/3985 5087/5087 5086/5086 3968/3968 
f 4002/4002 5088/5088 5087/5087 3985/3985 
f 4019/4019 5089/5089 5088/5088 4002/4002 
f 3523/3523 4547/4547 5089/5089 4019/4019 
f 5074/5074 5090/5090 5091/5091 5075/5075 
f 5076/5076 5092/5092 5090/5090 5074/5074 
f 5077/5077 5093/5093 5092/5092 5076/5076 
f 5078/5078 5094/5094 5093/5093 5077/5077 
f 5079/5079 5095/5095 5094/5094 5078/5078 
f 5080/5080 5096/5096 5095/5095 5079/5079 
f 5081/5081 5097/5097 5096/5096 5080/5080 
f 5082/5082 5098/5098 5097/5097 5081/5081 
f 5083/5083 5099/5099 5098/5098 5082/5082 
f 5084/5084 5100/5100 5099/5099 5083/5083 
f 5085/5085 5101/5101 5100/5100 5084/5084 
f 5086/5086 5102/5102 5101/5101 5085/5085 
f 5087/5087 5103/5103 5102/5102 5086/5086 
f 5088/5088 5104/5104 5103/5103 5087/5087 
f 5089/5089 5105/5105 5104/5104 5088/5088 
f 4547/4547 4548/4548 5105/5105 5089/5089 
f 5090/5090 5106/5106 5107/5107 5091/5091 
f 5092/5092 5108/5108 5106/5106 5090/5090 
f 5093/5093 5109/5109 5108/5108 5092/5092 
f 5094/5094 5110/5110 5109/5109 5093/5093 
f 5095/5095 5111/5111 5110/5110 5094/5094 
f 5096/5096 5112/5112 5111/5111 5095/5095 
f 5097/5097 5113/5113 5112/5112 5096/5096 
f 5098/5098 5114/5114 5113/5113 5097/5097 
f 5099/5099 5115/5115 5114/5114 5098/5098 
f 5100/5100 5116/5116 5115/5115 5099/5099 
f 5101/5101 5117/5117 5116/5116 5100/5100 
f 5102/5102 5118/5118 5117/5117 5101/5101 
f 5103/5103 5119/5119 5118/5118 5102/5102 
f 5104/5104 5120/5120 5119/5119 5103/5103 
f 5105/5105 5121/5121 5120/5120 5104/5104 
f 4548/4548 4549/4549 5121/5121 5105/5105 
f 5106/5106 5122/5122 5123/5123 5107/5107 
f 5108/5108 5124/5124 5122/5122 5106/5106 
f 5109/5109 5125/5125 5124/5124 5108/5108 
f 5110/5110 5126/5126 5125/5125 5109/5109 
f 5111/5111 5127/5127 5126/5126 5110/5110 
f 5112/5112 5128/5128 5127/5127 5111/5111 
f 5113/5113 5129/5129 5128/5128 5112/5112 
f 5114/5114 5130/5130 5129/5129 5113/5113 
f 5115/5115 5131/5131 5130/5130 5114/5114 
f 5116/5116 5132/5132 5131/5131 5115/5115 
f 5117/5117 5133/5133 5132/5132 5116/5116 
f 5118/5118 5134/5134 5133/5133 5117/5117 
f 5119/5119 5135/5135 5134/5134 5118/5118 
f 5120/5120 5136/5136 5135/5135 5119/5119 
f 5121/5121 5137/5137 5136/5136 5120/5120 
f 4549/4549 4550/4550 5137/5137 5121/5121 
f 5122/5122 5138/5138 5139/5139 5123/5123 
f 5124/5124 5140/5140 5138/5138 5122/5122 
f 5125/5125 5141/5141 5140/5140 5124/5124 
f 5126/5126 5142/5142 5141/5141 5125/5125 
f 5127/5127 5143/5143 5142/5142 5126/5126 
f 5128/5128 5144/5144 5143/5143 5127/5127 
f 5129/5129 5145/5145 5144/5144 5128/5128 
f 5130/5130 5146/5146 5145/5145 5129/5129 
f 5131/5131 5147/5147 5146/5146 5130/5130 
f 5132/5132 5148/5148 5147/5147 5131/5131 
f 5133/5133 5149/5149 5148/5148 5132/5132 
f 5134/5134 5150/5150 5149/5149 5133/5133 
f 5135/5135 5151/5151 5150/5150 5134/5134 
f 5136/5136 5152/5152 5151/5151 5135/5135 
f 5137/5137 5153/5153 5152/5152 5136/5136 
f 4550/4550 4551/4551 5153/5153 5137/5137 
f 5138/5138 5154/5154 5155/5155 5139/5139 
f 5140/5140 5156/5156 5154/5154 5138/5138 
f 5141/5141 5157/5157 5156/5156 5140/5140 
f 5142/5142 5158/5158 5157/5157 5141/5141 
f 5143/5143 5159/5159 5158/5158 5142/5142 
f 5144/5144 5160/5160 5159/5159 5143/5143 
f 5145/5145 5161/5161 5160/5160 5144/5144 
f 5146/5146 5162/5162 5161/5161 5145/5145 
f 5147/5147 5163/5163 5162/5162 5146/5146 
f 5148/5148 5164/5164 5163/5163 5147/5147 
f 5149/5149 5165/5165 5164/5164 5148/5148 
f 5150/5150 5166/5166 5165/5165 5149/5149 
f 5151/5151 5167/5167 5166/5166 5150/5150 
f 5152/5152 5168/5168 5167/5167 5151/5151 
f 5153/5153 5169/5169 5168/5168 5152/5152 
f 4551/4551 4552/4552 5169/5169 5153/5153 
f 5154/5154 5170/5170 5171/5171 5155/5155 
f 5156/5156 5172/5172 5170/5170 5154/5154 
f 5157/5157 5173/5173 5172/5172 5156/5156 
f 5158/5158 5174/5174 5173/5173 5157/5157 
f 5159/5159 5175/5175 5174/5174 5158/5158 
f 5160/5160 5176/5176 5175/5175 5159/5159 
f 5161/5161 5177/5177 5176/5176 5160/5160 
f 5162/5162 5178/5178 5177/5177 5161/5161 
f 5163/5163 5179/5179 5178/5178 5162/5162 
f 5164/5164 5180/5180 5179/5179 5163/5163 
f 5165/5165 5181/5181 5180/5180 5164/5164 
f 5166/5166 5182/5182 5181/5181 5165/5165 
f 5167/5167 5183/5183 5182/5182 5166/5166 
f 5168/5168 5184/5184 5183/5183 5167/5167 
f 5169/5169 5185/5185 5184/5184 5168/5168 
f 4552/4552 4553/4553 5185/5185 5169/5169 
f 5170/5170 5186/5186 5187/5187 5171/5171 
f 5172/5172 5188/5188 5186/5186 5170/5170 
f 5173/5173 5189/5189 5188/5188 5172/5172 
f 5174/5174 5190/5190 5189/5189 5173/5173 
f 5175/5175 5191/5191 5190/5190 5174/5174 
f 5176/5176 5192/5192 5191/5191 5175/5175 
f 5177/5177 5193/5193 5192/5192 5176/5176 
f 5178/5178 5194/5194 5193/5193 5177/5177 
f 5179/5179 5195/5195 5194/5194 5178/5178 
f 5180/5180 5196/5196 5195/5195 5179/5179 
f 5181/5181 5197/5197 5196/5196 5180/5180 
f 5182/5182 5198/5198 5197/5197 5181/5181 
f 5183/5183 5199/5199 5198/5198 5182/5182 
f 5184/5184 5200/5200 5199/5199 5183/5183 
f 5185/5185 5201/5201 5200/5200 5184/5184 
f 4553/4553 4554/4554 5201/5201 5185/5185 
f 5186/5186 5202/5202 5203/5203 5187/5187 
f 5188/5188 5204/5204 5202/5202 5186/5186 
f 5189/5189 5205/5205 5204/5204 5188/5188 
f 5190/5190 5206/5206 5205/5205 5189/5189 
f 5191/5191 5207/5207 5206/5206 5190/5190 
f 5192/5192 5208/5208 5207/5207 5191/5191 
f 5193/5193 5209/5209 5208/5208 5192/5192 
f 5194/5194 5210/5210 5209/5209 5193/5193 
f 5195/5195 5211/5211 5210/5210 5194/5194 
f 5196/5196 5212/5212 5211/5211 5195/5195 
f 5197/5197 5213/5213 5212/5212 5196/5196 
f 5198/5198 5214/5214 5213/5213 5197/5197 
f 5199/5199 5215/5215 5214/5214 5198/5198 
f 5200/5200 5216/5216 5215/5215 5199/5199 
f 5201/5201 5217/5217 5216/5216 5200/5200 
f 4554/4554 4555/4555 5217/5217 5201/5201 
f 5202/5202 5218/5218 5219/5219 5203/5203 
f 5204/5204 5220/5220 5218/5218 5202/5202 
f 5205/5205 5221/5221 5220/5220 5204/5204 
f 5206/5206 5222/5222 5221/5221 5205/5205 
f 5207/5207 5223/5223 5222/5222 5206/5206 
f 5208/5208 5224/5224 5223/5223 5207/5207 
f 5209/5209 5225/5225 5224/5224 5208/5208 
f 5210/5210 5226/5226 5225/5225 5209/5209 
f 5211/5211 5227/5227 5226/5226 5210/5210 
f 5212/5212 5228/5228 5227/5227 5211/5211 
f 5213/5213 5229/5229 5228/5228 5212/5212 
f 5214/5214 5230/5230 5229/5229 5213/5213 
f 5215/5215 5231/5231 5230/5230 5214/5214 
f 5216/5216 5232/5232 5231/5231 5215/5215 
f 5217/5217 5233/5233 5232/5232 5216/5216 
f 4555/4555 4556/4556 5233/5233 5217/5217 
f 5218/5218 5234/5234 5235/5235 5219/5219 
f 5220/5220 5236/5236 5234/5234 5218/5218 
f 5221/5221 5237/5237 5236/5236 5220/5220 
f 5222/5222 5238/5238 5237/5237 5221/5221 
f 5223/5223 5239/5239 5238/5238 5222/5222 
f 5224/5224 5240/5240 5239/5239 5223/5223 
f 5225/5225 5241/5241 5240/5240 5224/5224 
f 5226/5226 5242/5242 5241/5241 5225/5225 
f 5227/5227 5243/5243 5242/5242 5226/5226 
f 5228/5228 5244/5244 5243/5243 5227/5227 
f 5229/5229 5245/5245 5244/5244 5228/5228 
f 5230/5230 5246/5246 5245/5245 5229/5229 
f 5231/5231 5247/5247 5246/5246 5230/5230 
f 5232/5232 5248/5248 5247/5247 5231/5231 
f 5233/5233 5249/5249 5248/5248 5232/5232 
f 4556/4556 4557/4557 5249/5249 5233/5233 
f 5234/5234 5250/5250 5251/5251 5235/5235 
f 5236/5236 5252/5252 5250/5250 5234/5234 
f 5237/5237 5253/5253 5252/5252 5236/5236 
f 5238/5238 5254/5254 5253/5253 5237/5237 
f 5239/5239 5255/5255 5254/5254 5238/5238 
f 5240/5240 5256/5256 5255/5255 5239/5239 
f 5241/5241 5257/5257 5256/5256 5240/5240 
f 5242/5242 5258/5258 5257/5257 5241/5241 
f 5243/5243 5259/5259 5258/5258 5242/5242 
f 5244/5244 5260/5260 5259/5259 5243/5243 
f 5245/5245 5261/5261 5260/5260 5244/5244 
f 5246/5246 5262/5262 5261/5261 5245/5245 
f 5247/5247 5263/5263 5262/5262 5246/5246 
f 5248/5248 5264/5264 5263/5263 5247/5247 
f 5249/5249 5265/5265 5264/5264 5248/5248 
f 4557/4557 4558/4558 5265/5265 5249/5249 
f 5250/5250 5266/5266 5267/5267 5251/5251 
f 5252/5252 5268/5268 5266/5266 5250/5250 
f 5253/5253 5269/5269 5268/5268 5252/5252 
f 5254/5254 5270/5270 5269/5269 5253/5253 
f 5255/5255 5271/5271 5270/5270 5254/5254 
f 5256/5256 5272/5272 5271/5271 5255/5255 
f 5257/5257 5273/5273 5272/5272 5256/5256 
f 5258/5258 5274/5274 5273/5273 5257/5257 
f 5259/5259 5275/5275 5274/5274 5258/5258 
f 5260/5260 5276/5276 5275/5275 5259/5259 
f 5261/5261 5277/5277 5276/5276 5260/5260 
f 5262/5262 5278/5278 5277/5277 5261/5261 
f 5263/5263 5279/5279 5278/5278 5262/5262 
f 5264/5264 5280/5280 5279/5279 5263/5263 
f 5265/5265 5281/5281 5280/5280 5264/5264 
f 4558/4558 4559/4559 5281/5281 5265/5265 
f 5266/5266 5282/5282 5283/5283 5267/5267 
f 5268/5268 5284/5284 5282/5282 5266/5266 
f 5269/5269 5285/5285 5284/5284 5268/5268 
f 5270/5270 5286/5286 5285/5285 5269/5269 
f 5271/5271 5287/5287 5286/5286 5270/5270 
f 5272/5272 5288/5288 5287/5287 5271/5271 
f 5273/5273 5289/5289 5288/5288 5272/5272 
f 5274/5274 5290/5290 5289/5289 5273/5273 
f 5275/5275 5291/5291 5290/5290 5274/5274 
f 5276/5276 5292/5292 5291/5291 5275/5275 
f 5277/5277 5293/5293 5292/5292 5276/5276 
f 5278/5278 5294/5294 5293/5293 5277/5277 
f 5279/5279 5295/5295 5294/5294 5278/5278 
f 5280/5280 5296/5296 5295/5295 5279/5279 
f 5281/5281 5297/5297 5296/5296 5280/5280 
f 4559/4559 4560/4560 5297/5297 5281/5281 
f 5282/5282 5298/5298 5299/5299 5283/5283 
f 5284/5284 5300/5300 5298/5298 5282/5282 
f 5285/5285 5301/5301 5300/5300 5284/5284 
f 5286/5286 5302/5302 5301/5301 5285/5285 
f 5287/5287 5303/5303 5302/5302 5286/5286 
f 5288/5288 5304/5304 5303/5303 5287/5287 
f 5289/5289 5305/5305 5304/5304 5288/5288 
f 5290/5290 5306/5306 5305/5305 5289/5289 
f 5291/5291 5307/5307 5306/5306 5290/5290 
f 5292/5292 5308/5308 5307/5307 5291/5291 
f 5293/5293 5309/5309 5308/5308 5292/5292 
f 5294/5294 5310/5310 5309/5309 5293/5293 
f 5295/5295 5311/5311 5310/5310 5294/5294 
f 5296/5296 5312/5312 5311/5311 5295/5295 
f 5297/5297 5313/5313 5312/5312 5296/5296 
f 4560/4560 4561/4561 5313/5313 5297/5297 
f 5298/5298 4848/4848 4849/4849 5299/5299 
f 5300/5300 4865/4865 4848/4848 5298/5298 
f 5301/5301 4881/4881 4865/4865 5300/5300 
f 5302/5302 4897/4897 4881/4881 5301/5301 
f 5303/5303 4913/4913 4897/4897 5302/5302 
f 5304/5304 4929/4929 4913/4913 5303/5303 
f 5305/5305 4945/4945 4929/4929 5304/5304 
f 5306/5306 4961/4961 4945/4945 5305/5305 
f 5307/5307 4977/4977 4961/4961 5306/5306 
f 5308/5308 4993/4993 4977/4977 5307/5307 
f 5309/5309 5009/5009 4993/4993 5308/5308 
f 5310/5310 5025/5025 5009/5009 5309/5309 
f 5311/5311 5041/5041 5025/5025 5310/5310 
f 5312/5312 5057/5057 5041/5041 5311/5311 
f 5313/5313 5073/5073 5057/5057 5312/5312 
f 4561/4561 4562/4562 5073/5073 5313/5313 
f 1092/1092 1091/1091 5314/1091 5315/1092 
f 1091/1091 1125/1125 5316/1125 5314/1091 
f 1125/1125 1142/1142 5317/1142 5316/1125 
f 1142/1142 1159/1159 5318/1159 5317/1142 
f 1159/1159 1176/1176 5319/1176 5318/1159 
f 1176/1176 1193/1193 5320/1193 5319/1176 
f 1193/1193 1210/1210 5321/1210 5320/1193 
f 1210/1210 1227/1227 5322/1227 5321/1210 
f 1227/1227 1244/1244 5323/1244 5322/1227 
f 1244/1244 1261/1261 5324/1261 5323/1244 
f 1261/1261 1278/1278 5325/1278 5324/1261 
f 1278/1278 1295/1295 5326/1295 5325/1278 
f 1295/1295 1312/1312 5327/1312 5326/1295 
f 1312/1312 1329/1329 5328/1329 5327/1312 
f 1329/1329 1346/1346 5329/1346 5328/1329 
f 1346/1346 1363/1363 5330/1363 5329/1346 
f 1923/1923 1926/1926 5331/1926 5332/1923 
f 1927/1927 1923/1923 5332/1923 5333/1927 
f 1929/1929 1927/1927 5333/1927 5334/1929 
f 1931/1931 1929/1929 5334/1929 5335/1931 
f 1933/1933 1931/1931 5335/1931 5336/1933 
f 1935/1935 1933/1933 5336/1933 5337/1935 
f 1937/1937 1935/1935 5337/1935 5338/1937 
f 1939/1939 1937/1937 5338/1937 5339/1939 
f 1941/1941 1939/1939 5339/1939 5340/1941 
f 1943/1943 1941/1941 5340/1941 5341/1943 
f 1945/1945 1943/1943 5341/1943 5342/1945 
f 1947/1947 1945/1945 5342/1945 5343/1947 
f 1949/1949 1947/1947 5343/1947 5344/1949 
f 1951/1951 1949/1949 5344/1949 5345/1951 
f 1953/1953 1951/1951 5345/1951 5346/1953 
f 1363/1363 1953/1953 5346/1953 5330/1363 
f 5315/1092 5314/1091 5347/1091 5348/1092 
f 5314/1091 5316/1125 5349/1125 5347/1091 
f 5316/1125 5317/1142 5350/1142 5349/1125 
f 5317/1142 5318/1159 5351/1159 5350/1142 
f 5318/1159 5319/1176 5352/1176 5351/1159 
f 5319/1176 5320/1193 5353/1193 5352/1176 
f 5320/1193 5321/1210 5354/1210 5353/1193 
f 5321/1210 5322/1227 5355/1227 5354/1210 
f 5322/1227 5323/1244 5356/1244 5355/1227 
f 5323/1244 5324/1261 5357/1261 5356/1244 
f 5324/1261 5325/1278 5358/1278 5357/1261 
f 5325/1278 5326/1295 5359/1295 5358/1278 
f 5326/1295 5327/1312 5360/1312 5359/1295 
f 5327/1312 5328/1329 5361/1329 5360/1312 
f 5328/1329 5329/1346 5362/1346 5361/1329 
f 5329/1346 5330/1363 5363/1363 5362/1346 
f 5332/1923 5331/1926 5364/1926 5365/1923 
f 5333/1927 5332/1923 5365/1923 5366/1927 
f 5334/1929 5333/1927 5366/1927 5367/1929 
f 5335/1931 5334/1929 5367/1929 5368/1931 
f 5336/1933 5335/1931 5368/1931 5369/1933 
f 5337/1935 5336/1933 5369/1933 5370/1935 
f 5338/1937 5337/1935 5370/1935 5371/1937 
f 5339/1939 5338/1937 5371/1937 5372/1939 
f 5340/1941 5339/1939 5372/1939 5373/1941 
f 5341/1943 5340/1941 5373/1941 5374/1943 
f 5342/1945 5341/1943 5374/1943 5375/1945 
f 5343/1947 5342/1945 5375/1945 5376/1947 
f 5344/1949 5343/1947 5376/1947 5377/1949 
f 5345/1951 5344/1949 5377/1949 5378/1951 
f 5346/1953 5345/1951 5378/1951 5379/1953 
f 5330/1363 5346/1953 5379/1953 5363/1363 
f 5348/1092 5347/1091 5380/1091 5381/1092 
f 5347/1091 5349/1125 5382/1125 5380/1091 
f 5349/1125 5350/1142 5383/1142 5382/1125 
f 5350/1142 5351/1159 5384/1159 5383/1142 
f 5351/1159 5352/1176 5385/1176 5384/1159 
f 5352/1176 5353/1193 5386/1193 5385/1176 
f 5353/1193 5354/1210 5387/1210 5386/1193 
f 5354/1210 5355/1227 5388/1227 5387/1210 
f 5355/1227 5356/1244 5389/1244 5388/1227 
f 5356/1244 5357/1261 5390/1261 5389/1244 
f 5357/1261 5358/1278 5391/1278 5390/1261 
f 5358/1278 5359/1295 5392/1295 5391/1278 
f 5359/1295 5360/1312 5393/1312 5392/1295 
f 5360/1312 5361/1329 5394/1329 5393/1312 
f 5361/1329 5362/1346 5395/1346 5394/1329 
f 5362/1346 5363/1363 5396/1363 5395/1346 
f 5365/1923 5364/1926 5397/1926 5398/1923 
f 5366/1927 5365/1923 5398/1923 5399/1927 
f 5367/1929 5366/1927 5399/1927 5400/1929 
f 5368/1931 5367/1929 5400/1929 5401/1931 
f 5369/1933 5368/1931 5401/1931 5402/1933 
f 5370/1935 5369/1933 5402/1933 5403/1935 
f 5371/1937 5370/1935 5403/1935 5404/1937 
f 5372/1939 5371/1937 5404/1937 5405/1939 
f 5373/1941 5372/1939 5405/1939 5406/1941 
f 5374/1943 5373/1941 5406/1941 5407/1943 
f 5375/1945 5374/1943 5407/1943 5408/1945 
f 5376/1947 5375/1945 5408/1945 5409/1947 
f 5377/1949 5376/1947 5409/1947 5410/1949 
f 5378/1951 5377/1949 5410/1949 5411/1951 
f 5379/1953 5378/1951 5411/1951 5412/1953 
f 5363/1363 5379/1953 5412/1953 5396/1363 
# 5216 polygons

#
# object e8c99210_7b60_468d_9dfe_32297256031d
#

#
# object c3158b0d_82bc_4e10_a8e4_6fa060bbe07f
#

#
# object 942183e5_fad2_4609_bb5f_abd5c83e8c7c
#

#
# object 65e90b5f_b5ff_4c95_9df2_23857fe767f7
#

v  -3530.5142 -762.2356 -9154.8350
v  -3521.1313 -746.7088 -9151.1777
v  -3536.1008 -743.0887 -9156.4512
v  -3512.9836 -717.1367 -9159.1270
v  -3519.3491 -710.2392 -9164.0742
v  -3522.9573 -716.9176 -9159.1631
v  -3468.9595 -790.9591 -9187.3135
v  -3492.2727 -780.4664 -9197.8350
v  -3462.2832 -783.4120 -9189.4072
v  -3521.1653 -788.5464 -9189.2266
v  -3537.0947 -771.7350 -9190.9697
v  -3532.9060 -769.3331 -9194.1748
v  -3456.0444 -764.1636 -9154.1846
v  -3450.7522 -758.8097 -9156.3701
v  -3456.6169 -747.6658 -9153.3271
v  -3484.6667 -715.9006 -9185.7695
v  -3488.7151 -719.5341 -9187.5986
v  -3488.8337 -718.0339 -9176.4902
v  -3535.0134 -759.2851 -9195.2012
v  -3543.4521 -759.9524 -9189.7324
v  -3535.8811 -741.3173 -9194.8359
v  -3483.4355 -741.8318 -9200.4883
v  -3472.3823 -763.0387 -9200.1885
v  -3485.8320 -772.6937 -9200.0869
v  -3459.0264 -789.6835 -9174.5068
v  -3445.8589 -774.6102 -9170.7100
v  -3453.4902 -780.9298 -9166.7598
v  -3500.2544 -805.3058 -9167.3369
v  -3509.9036 -801.1815 -9166.5869
v  -3506.5054 -804.5739 -9173.1895
v  -3496.5139 -739.4957 -9199.8340
v  -3512.4895 -747.5460 -9200.5098
v  -3526.4312 -727.3651 -9194.2451
v  -3494.4133 -722.7709 -9174.7412
v  -3494.3889 -725.0157 -9192.7803
v  -3499.0281 -720.8149 -9190.0830
v  -3451.8220 -722.0146 -9159.3525
v  -3458.9075 -727.9342 -9155.2031
v  -3440.6824 -734.0947 -9162.6895
v  -3459.8159 -741.3824 -9197.3975
v  -3459.7405 -723.1783 -9192.6094
v  -3451.3499 -741.2474 -9194.0410
v  -3457.0613 -783.3928 -9185.7764
v  -3451.1733 -771.6491 -9190.6963
v  -3446.4612 -774.5587 -9180.8799
v  -3437.4116 -733.7121 -9169.2354
v  -3439.9053 -729.8357 -9178.5527
v  -3441.4204 -725.8647 -9169.6992
v  -3542.4836 -717.2817 -9180.7080
v  -3551.4702 -734.3090 -9176.6152
v  -3548.6011 -727.7191 -9170.2383
v  -3525.1479 -742.1158 -9152.4248
v  -3540.4128 -732.5553 -9158.1318
v  -3551.6680 -740.1257 -9170.4863
v  -3548.5303 -730.2131 -9166.7041
v  -3540.7002 -776.9540 -9170.5313
v  -3537.4414 -776.7366 -9185.6396
v  -3528.9221 -784.9687 -9185.8682
v  -3498.0615 -723.6438 -9192.6064
v  -3506.0596 -716.9064 -9189.6973
v  -3529.4111 -713.1207 -9161.8604
v  -3531.7117 -710.4106 -9180.0117
v  -3513.4648 -732.4180 -9152.4346
v  -3520.6399 -722.6851 -9156.8506
v  -3478.9773 -716.8661 -9159.1367
v  -3494.6089 -726.0400 -9154.7676
v  -3474.2368 -735.8517 -9151.0059
v  -3442.3081 -765.1215 -9183.6465
v  -3449.6497 -757.7585 -9192.8779
v  -3465.1189 -761.9532 -9198.8740
v  -3497.3794 -806.7904 -9181.2461
v  -3489.8342 -807.7936 -9175.9512
v  -3493.0437 -807.2228 -9167.9385
v  -3481.3120 -799.5153 -9186.0742
v  -3489.0554 -801.3130 -9187.0293
v  -3482.2571 -713.3518 -9166.6406
v  -3486.6663 -717.6554 -9163.1807
v  -3445.5962 -719.9420 -9181.6201
v  -3482.4460 -776.3250 -9151.4541
v  -3468.1970 -768.2563 -9151.3389
v  -3482.0181 -744.2358 -9149.0547
v  -3484.9641 -803.8702 -9167.4785
v  -3476.6624 -801.7496 -9172.6367
v  -3475.6729 -798.7234 -9165.5488
v  -3551.0886 -734.3734 -9182.2461
v  -3544.5876 -737.5419 -9189.2021
v  -3549.6467 -745.1006 -9184.3936
v  -3551.9712 -738.2076 -9178.6836
v  -3549.0752 -754.3824 -9184.3398
v  -3551.5059 -753.2875 -9177.1074
v  -3498.8879 -722.7957 -9156.2207
v  -3489.7446 -732.1340 -9152.3350
v  -3496.9431 -776.9684 -9150.9980
v  -3496.8540 -746.8646 -9148.7246
v  -3529.1184 -769.1282 -9195.9375
v  -3516.4304 -770.4572 -9198.9629
v  -3494.0967 -729.6665 -9195.9150
v  -3509.9500 -716.9568 -9190.3896
v  -3490.5378 -727.2305 -9195.0127
v  -3487.4736 -723.2796 -9193.5186
v  -3478.3835 -734.2804 -9198.2168
v  -3544.7776 -764.4100 -9161.3135
v  -3545.1362 -770.8372 -9178.6396
v  -3519.6943 -769.4277 -9151.9600
v  -3531.7971 -776.0777 -9158.6963
v  -3525.8157 -788.6724 -9162.9570
v  -3467.3347 -719.0125 -9191.2813
v  -3475.4131 -727.0175 -9194.8701
v  -3480.5896 -718.0552 -9191.0186
v  -3454.0422 -712.7726 -9183.6543
v  -3459.0872 -710.7362 -9183.8008
v  -3459.8818 -709.9188 -9165.8271
v  -3493.2852 -783.3430 -9152.6416
v  -3491.6667 -798.7261 -9159.1895
v  -3482.4895 -778.8892 -9152.0498
v  -3503.4338 -778.9303 -9151.7002
v  -3495.6750 -798.5747 -9158.7783
v  -3547.3320 -728.6922 -9183.8809
v  -3543.2944 -721.4427 -9184.2471
v  -3541.0005 -731.3589 -9190.8877
v  -3436.2397 -738.1862 -9176.4092
v  -3437.0225 -747.7642 -9172.3994
v  -3438.6990 -760.7585 -9169.7422
v  -3520.1628 -713.1599 -9188.6152
v  -3525.5979 -713.9573 -9188.8105
v  -3525.8723 -709.3292 -9183.2803
v  -3514.3752 -708.0056 -9176.0420
v  -3518.2070 -710.2598 -9185.0137
v  -3467.5332 -785.4886 -9158.4678
v  -3467.9402 -772.7401 -9152.4570
v  -3478.6548 -792.2263 -9158.2686
v  -3523.9734 -743.3537 -9198.4707
v  -3501.1511 -772.4440 -9200.1387
v  -3515.5146 -763.0202 -9200.3125
v  -3445.5354 -735.9363 -9190.3613
v  -3448.0247 -727.0132 -9189.0127
v  -3438.7446 -737.0971 -9184.5273
v  -3437.2507 -751.9837 -9177.1787
v  -3438.9529 -758.0648 -9181.1279
v  -3437.0510 -736.8241 -9179.5771
v  -3551.0083 -756.9813 -9175.5947
v  -3548.8132 -763.3677 -9179.6143
v  -3543.7087 -736.2677 -9159.5508
v  -3549.3486 -737.6652 -9163.9551
v  -3541.6599 -758.4338 -9158.6465
v  -3471.5547 -766.5684 -9199.7314
v  -3452.5898 -768.9977 -9192.7295
v  -3457.7524 -764.9808 -9195.8525
v  -3469.6956 -711.6353 -9161.5781
v  -3469.7993 -726.1377 -9155.3232
v  -3458.8086 -717.9068 -9159.0654
v  -3453.9521 -712.3628 -9167.6182
v  -3463.0569 -790.1468 -9184.2236
v  -3461.4700 -791.4828 -9172.5918
v  -3478.1401 -711.3934 -9166.5938
v  -3462.7122 -709.6109 -9165.3135
v  -3465.9546 -708.6395 -9172.8809
v  -3483.0190 -714.4075 -9182.6191
v  -3485.7964 -715.5116 -9172.0117
v  -3513.3916 -770.7165 -9150.7197
v  -3511.6919 -756.1191 -9148.8701
v  -3513.5725 -763.8333 -9149.4365
v  -3478.1970 -711.9005 -9180.4629
v  -3473.9934 -710.6695 -9181.5459
v  -3474.5781 -715.7972 -9189.7637
v  -3459.3853 -717.8922 -9189.9355
v  -3532.1362 -736.0383 -9195.9502
v  -3537.1187 -721.2126 -9189.1064
v  -3495.7947 -804.9431 -9184.7715
v  -3484.6414 -803.2732 -9183.7227
v  -3473.5630 -799.6064 -9177.1221
v  -3478.6316 -800.9051 -9183.4766
v  -3469.1060 -794.1801 -9184.3672
v  -3504.5012 -805.6059 -9175.7793
v  -3529.7974 -787.7407 -9169.7031
v  -3519.7305 -796.7897 -9173.0664
v  -3447.4114 -746.5276 -9157.7324
v  -3442.6501 -751.9136 -9160.4482
v  -3439.9907 -754.1547 -9164.5000
v  -3439.1880 -738.6217 -9164.0059
v  -3506.5723 -795.5416 -9190.2090
v  -3507.6543 -780.7670 -9196.7510
v  -3510.2197 -801.0999 -9182.8379
v  -3501.9426 -804.0137 -9184.1650
v  -3545.9634 -726.7479 -9164.9033
v  -3536.1414 -723.0162 -9159.2510
v  -3520.1045 -738.4844 -9151.4717
v  -3529.3357 -714.1179 -9161.1289
v  -3448.5869 -767.4000 -9190.4727
v  -3440.7051 -750.3345 -9184.9092
v  -3442.5962 -743.9468 -9188.0391
v  -3538.8472 -713.6420 -9171.9219
v  -3534.8821 -713.9748 -9164.5908
v  -3541.4180 -718.1207 -9165.7607
v  -3540.6416 -774.7163 -9164.9414
v  -3525.9080 -790.3296 -9166.2080
v  -3501.3477 -716.5332 -9174.8105
v  -3506.6296 -713.6694 -9164.2061
v  -3498.1904 -721.4229 -9159.8535
v  -3517.5449 -707.8959 -9174.5596
v  -3551.8867 -751.5549 -9174.2363
v  -3551.4146 -746.3615 -9171.0098
v  -3551.8535 -745.2787 -9176.5781
v  -3550.3877 -755.4828 -9169.5342
v  -3497.1038 -739.8285 -9150.0000
v  -3461.8208 -756.2130 -9151.8027
v  -3538.6802 -714.2369 -9180.3721
v  -3534.3645 -714.8832 -9185.4404
v  -3542.0977 -715.5677 -9174.1465
v  -3481.7852 -798.6926 -9162.6045
v  -3491.0161 -801.6917 -9161.0176
v  -3498.9758 -800.9329 -9160.9922
v  -3506.1797 -799.5793 -9162.3477
v  -3453.3064 -718.8258 -9188.5156
v  -3461.5911 -791.5341 -9177.0410
v  -3550.0205 -759.5510 -9180.3057
v  -3533.2866 -776.9965 -9189.9834
v  -3470.3228 -745.8158 -9199.7998
v  -3463.6479 -736.7695 -9197.6709
v  -3469.5830 -733.4832 -9197.3486
v  -3457.1567 -711.0184 -9165.5986
v  -3450.7495 -717.1600 -9161.8428
v  -3439.9067 -733.1717 -9163.7148
v  -3548.5879 -761.4384 -9182.3906
v  -3541.4431 -766.8266 -9189.2236
v  -3533.3940 -729.9321 -9156.4961
v  -3438.3987 -760.8515 -9170.7324
v  -3440.0034 -766.4173 -9174.8135
v  -3439.7019 -761.1697 -9182.1953
v  -3514.3357 -798.0001 -9183.7910
v  -3458.4119 -783.9459 -9163.5420
v  -3465.2517 -792.0853 -9166.7881
v  -3478.9805 -795.6787 -9160.8184
v  -3496.3188 -790.4656 -9193.9258
v  -3501.8198 -775.8788 -9199.3730
v  -3472.4729 -711.6503 -9161.6523
v  -3461.0476 -731.7054 -9153.6621
v  -3484.4795 -718.2784 -9189.8467
v  -3510.7427 -802.6956 -9172.6387
v  -3543.1575 -717.1896 -9170.9834
v  -3445.0645 -720.0135 -9168.3994
v  -3447.3538 -717.9376 -9165.3867
v  -3512.9202 -709.7825 -9182.0674
v  -3444.5542 -773.7364 -9176.6162
v  -3459.7495 -769.4130 -9153.5635
v  -3532.5391 -732.9114 -9195.2715
v  -3545.7515 -745.4442 -9188.4209
v  -3451.4163 -715.6788 -9185.1553
v  -3531.0842 -717.5326 -9190.0879
v  -3476.3750 -779.1084 -9152.8682
v  -3486.7319 -797.6328 -9159.6680
v  -3448.0986 -717.8574 -9184.1045
v  -3452.4553 -720.9120 -9189.1670
v  -3444.0579 -727.2508 -9185.1289
v  -3543.0686 -721.8743 -9164.2373
v  -3550.1130 -737.7438 -9165.2646
v  -3542.6003 -772.2882 -9183.5527
v  -3445.6335 -739.6606 -9191.0820
v  -3459.4614 -764.1716 -9152.8164
v  -3484.4033 -805.9382 -9174.6768
v  -3478.2559 -802.0960 -9179.1553
v  -3467.1877 -710.9510 -9184.7949
v  -3464.5740 -708.4059 -9179.2910
v  -3503.4146 -797.2065 -9189.9102
v  -3495.1777 -800.3746 -9188.1514
v  -3490.6941 -722.4491 -9190.3818
v  -3488.2292 -721.2699 -9191.3887
v  -3513.1738 -750.7687 -9149.1777
v  -3521.0027 -764.8169 -9151.4063
v  -3438.3398 -734.5106 -9165.5293
v  -3538.9795 -724.8851 -9159.7148
v  -3474.2568 -747.4016 -9200.4180
v  -3461.8699 -782.1752 -9158.9756
v  -3504.4146 -718.3216 -9158.3662
v  -3519.3855 -794.9623 -9182.6885
v  -3516.8923 -798.9249 -9175.8516
v  -3476.8047 -743.6285 -9200.4307
v  -3507.6235 -710.9905 -9174.5879
v  -3510.8628 -708.8368 -9172.4912
v  -3510.6079 -710.3969 -9165.9023
v  -3511.1099 -802.8647 -9175.7793
v  -3523.0471 -763.9273 -9198.7959
v  -3533.2625 -761.7303 -9195.7422
v  -3510.1658 -712.1358 -9162.8057
v  -3497.0327 -780.9354 -9151.8477
v  -3466.0469 -768.1520 -9197.6416
v  -3458.8262 -773.5190 -9193.4072
v  -3488.2354 -719.5067 -9158.8965
v  -3458.0928 -777.1250 -9191.5127
v  -3516.5015 -712.4884 -9187.5537
v  -3503.6528 -716.6708 -9188.3066
v  -3507.4756 -712.7413 -9184.1318
v  -3514.8652 -739.4023 -9150.2998
v  -3461.9001 -709.5839 -9183.0586
v  -3467.4963 -709.0332 -9181.5781
v  -3471.3784 -709.5570 -9178.6592
v  -3551.1753 -755.1022 -9171.9199
v  -3513.6355 -796.1913 -9162.9639
v  -3494.7859 -802.1010 -9161.1377
v  -3442.7344 -771.4930 -9174.8174
v  -3447.8401 -718.2910 -9163.7129
v  -3515.9373 -748.7457 -9200.1729
v  -3444.6729 -748.4163 -9190.0830
v  -3441.1040 -759.0317 -9184.8096
v  -3447.6580 -754.4641 -9191.8428
v  -3437.5391 -755.6931 -9172.7119
v  -3486.0596 -719.3484 -9158.2188
v  -3494.4028 -725.1372 -9155.7832
v  -3511.2214 -743.9871 -9149.4697
v  -3506.3577 -775.1862 -9199.2178
v  -3527.7998 -709.1711 -9181.4863
v  -3541.8728 -715.7249 -9178.2949
v  -3542.7549 -734.6104 -9190.4697
v  -3529.8162 -712.9828 -9186.3047
v  -3465.3645 -764.6025 -9151.2441
v  -3466.4722 -759.5308 -9150.7412
v  -3444.8472 -763.7910 -9187.9209
v  -3441.6145 -743.1353 -9160.8525
v  -3489.4583 -807.7864 -9174.2471
# 319 vertices

vt 0.1817 0.5286 0.0000
vt 0.2658 0.5875 0.0000
vt 0.1940 0.6138 0.0000
vt 0.3710 0.6992 0.0000
vt 0.3474 0.7326 0.0000
vt 0.3212 0.7016 0.0000
vt 0.4358 0.2452 0.0000
vt 0.3459 0.1610 0.0000
vt 0.4817 0.2332 0.0000
vt 0.1802 0.2549 0.0000
vt 0.0783 0.2711 0.0000
vt 0.0972 0.2269 0.0000
vt 0.5229 0.4308 0.0000
vt 0.5557 0.4308 0.0000
vt 0.5618 0.4857 0.0000
vt 0.5918 0.7809 0.0000
vt 0.5619 0.8090 0.0000
vt 0.5482 0.7517 0.0000
vt 0.0673 0.8968 0.0000
vt 0.0335 0.8206 0.0000
vt 0.1718 0.8785 0.0000
vt 0.5187 0.0435 0.0000
vt 0.5063 0.1441 0.0000
vt 0.3993 0.1405 0.0000
vt 0.4688 0.3049 0.0000
vt 0.5430 0.3380 0.0000
vt 0.5019 0.3467 0.0000
vt 0.2893 0.3366 0.0000
vt 0.2508 0.3500 0.0000
vt 0.2618 0.3181 0.0000
vt 0.4874 0.9642 0.0000
vt 0.3369 0.9980 0.0000
vt 0.2764 0.8861 0.0000
vt 0.5055 0.7576 0.0000
vt 0.5180 0.8624 0.0000
vt 0.4801 0.8490 0.0000
vt 0.6564 0.5384 0.0000
vt 0.6072 0.5491 0.0000
vt 0.6664 0.4623 0.0000
vt 0.6636 0.1811 0.0000
vt 0.7843 0.2464 0.0000
vt 0.6876 0.2460 0.0000
vt 0.4964 0.2592 0.0000
vt 0.5540 0.2475 0.0000
vt 0.5495 0.2943 0.0000
vt 0.6900 0.4346 0.0000
vt 0.7311 0.4233 0.0000
vt 0.7118 0.4718 0.0000
vt 0.2286 0.7831 0.0000
vt 0.1351 0.7286 0.0000
vt 0.1738 0.7177 0.0000
vt 0.2553 0.6078 0.0000
vt 0.2000 0.6600 0.0000
vt 0.1118 0.6814 0.0000
vt 0.1663 0.6982 0.0000
vt 0.0990 0.4152 0.0000
vt 0.0887 0.3152 0.0000
vt 0.1392 0.2894 0.0000
vt 0.4888 0.8673 0.0000
vt 0.4317 0.8440 0.0000
vt 0.2973 0.7210 0.0000
vt 0.2909 0.7918 0.0000
vt 0.3397 0.6385 0.0000
vt 0.3215 0.6781 0.0000
vt 0.5569 0.6513 0.0000
vt 0.4535 0.6539 0.0000
vt 0.5191 0.5693 0.0000
vt 0.5940 0.2959 0.0000
vt 0.6167 0.2439 0.0000
vt 0.5441 0.1685 0.0000
vt 0.2973 0.2813 0.0000
vt 0.3281 0.2984 0.0000
vt 0.3170 0.3290 0.0000
vt 0.3687 0.2535 0.0000
vt 0.3326 0.2507 0.0000
vt 0.5678 0.6897 0.0000
vt 0.5296 0.6840 0.0000
vt 0.7806 0.4761 0.0000
vt 0.3948 0.4457 0.0000
vt 0.4680 0.4482 0.0000
vt 0.4622 0.5591 0.0000
vt 0.3512 0.3306 0.0000
vt 0.3848 0.3083 0.0000
vt 0.3916 0.3379 0.0000
vt 0.1376 0.7563 0.0000
vt 0.1467 0.8101 0.0000
vt 0.0927 0.7600 0.0000
vt 0.1155 0.7267 0.0000
vt 0.0478 0.7515 0.0000
vt 0.0452 0.6785 0.0000
vt 0.4397 0.6725 0.0000
vt 0.4600 0.6194 0.0000
vt 0.3301 0.4629 0.0000
vt 0.3885 0.5710 0.0000
vt 0.1189 0.2016 0.0000
vt 0.1989 0.1501 0.0000
vt 0.2539 0.0162 0.0000
vt 0.5165 0.8977 0.0000
vt 0.4070 0.8497 0.0000
vt 0.5470 0.8745 0.0000
vt 0.5733 0.8444 0.0000
vt 0.6477 0.8887 0.0000
vt 0.0918 0.5226 0.0000
vt 0.0527 0.3996 0.0000
vt 0.2316 0.4976 0.0000
vt 0.1613 0.4621 0.0000
vt 0.1832 0.4017 0.0000
vt 0.7101 0.7418 0.0000
vt 0.6652 0.8311 0.0000
vt 0.6234 0.7955 0.0000
vt 0.7586 0.6025 0.0000
vt 0.7356 0.6416 0.0000
vt 0.6667 0.6080 0.0000
vt 0.3390 0.4348 0.0000
vt 0.3295 0.3737 0.0000
vt 0.3908 0.4365 0.0000
vt 0.2974 0.4584 0.0000
vt 0.3135 0.3778 0.0000
vt 0.1720 0.7776 0.0000
vt 0.2116 0.7934 0.0000
vt 0.1869 0.8310 0.0000
vt 0.6955 0.3892 0.0000
vt 0.6516 0.3824 0.0000
vt 0.6000 0.3642 0.0000
vt 0.3469 0.8313 0.0000
vt 0.3144 0.8315 0.0000
vt 0.3198 0.8063 0.0000
vt 0.3774 0.7799 0.0000
vt 0.3594 0.8152 0.0000
vt 0.4405 0.3798 0.0000
vt 0.4600 0.4316 0.0000
vt 0.3885 0.3780 0.0000
vt 0.2438 0.9535 0.0000
vt 0.2975 0.1336 0.0000
vt 0.2109 0.1094 0.0000
vt 0.7204 0.3100 0.0000
vt 0.7665 0.3479 0.0000
vt 0.7147 0.3522 0.0000
vt 0.6433 0.3522 0.0000
vt 0.6241 0.3197 0.0000
vt 0.7070 0.3780 0.0000
vt 0.0212 0.5391 0.0000
vt 0.0161 0.4421 0.0000
vt 0.1728 0.6554 0.0000
vt 0.1375 0.6671 0.0000
vt 0.1269 0.5503 0.0000
vt 0.4951 0.1560 0.0000
vt 0.5600 0.2351 0.0000
vt 0.5586 0.2069 0.0000
vt 0.6132 0.6333 0.0000
vt 0.5671 0.5905 0.0000
vt 0.6399 0.5758 0.0000
vt 0.6920 0.5777 0.0000
vt 0.4588 0.2614 0.0000
vt 0.4562 0.3106 0.0000
vt 0.5907 0.6777 0.0000
vt 0.6549 0.6191 0.0000
vt 0.6648 0.6528 0.0000
vt 0.5974 0.7582 0.0000
vt 0.5582 0.7223 0.0000
vt 0.2616 0.4934 0.0000
vt 0.2962 0.5479 0.0000
vt 0.2723 0.5201 0.0000
vt 0.6218 0.7290 0.0000
vt 0.6482 0.7151 0.0000
vt 0.6605 0.7601 0.0000
vt 0.7548 0.6877 0.0000
vt 0.2158 0.8903 0.0000
vt 0.2383 0.8268 0.0000
vt 0.3038 0.2657 0.0000
vt 0.3509 0.2659 0.0000
vt 0.4002 0.2904 0.0000
vt 0.3779 0.2664 0.0000
vt 0.4281 0.2608 0.0000
vt 0.2695 0.3061 0.0000
vt 0.1565 0.3773 0.0000
vt 0.2036 0.3369 0.0000
vt 0.6005 0.4555 0.0000
vt 0.6030 0.4220 0.0000
vt 0.6092 0.3988 0.0000
vt 0.6583 0.4415 0.0000
vt 0.2562 0.2373 0.0000
vt 0.2517 0.1763 0.0000
vt 0.2418 0.2814 0.0000
vt 0.2778 0.2698 0.0000
vt 0.1896 0.7006 0.0000
vt 0.2446 0.6889 0.0000
vt 0.2903 0.6176 0.0000
vt 0.2961 0.7163 0.0000
vt 0.5756 0.2540 0.0000
vt 0.6584 0.3157 0.0000
vt 0.6852 0.3085 0.0000
vt 0.2546 0.7536 0.0000
vt 0.2716 0.7278 0.0000
vt 0.2345 0.7234 0.0000
vt 0.1104 0.4511 0.0000
vt 0.1791 0.3833 0.0000
vt 0.4573 0.7692 0.0000
vt 0.4104 0.7259 0.0000
vt 0.4501 0.6904 0.0000
vt 0.3611 0.7740 0.0000
vt 0.0534 0.6460 0.0000
vt 0.0839 0.6522 0.0000
vt 0.0818 0.6932 0.0000
vt 0.0557 0.5872 0.0000
vt 0.4050 0.5985 0.0000
vt 0.5199 0.4724 0.0000
vt 0.2529 0.7869 0.0000
vt 0.2688 0.8142 0.0000
vt 0.2370 0.7587 0.0000
vt 0.3686 0.3536 0.0000
vt 0.3297 0.3603 0.0000
vt 0.2983 0.3656 0.0000
vt 0.2677 0.3665 0.0000
vt 0.7847 0.6322 0.0000
vt 0.4579 0.2918 0.0000
vt 0.0143 0.7217 0.0000
vt 0.1053 0.2731 0.0000
vt 0.5891 0.1196 0.0000
vt 0.6788 0.1604 0.0000
vt 0.6686 0.1131 0.0000
vt 0.6744 0.5931 0.0000
vt 0.6797 0.5456 0.0000
vt 0.6738 0.4603 0.0000
vt 0.0027 0.4155 0.0000
vt 0.0094 0.2934 0.0000
vt 0.0424 0.3001 0.0000
vt 0.0635 0.1807 0.0000
vt 0.2425 0.6608 0.0000
vt 0.6017 0.3600 0.0000
vt 0.5849 0.3340 0.0000
vt 0.6123 0.3104 0.0000
vt 0.2221 0.2793 0.0000
vt 0.4769 0.3556 0.0000
vt 0.4396 0.3350 0.0000
vt 0.3829 0.3628 0.0000
vt 0.3114 0.2009 0.0000
vt 0.2899 0.1466 0.0000
vt 0.6019 0.6433 0.0000
vt 0.5865 0.5471 0.0000
vt 0.5954 0.8031 0.0000
vt 0.2441 0.3239 0.0000
vt 0.2288 0.7434 0.0000
vt 0.7176 0.5066 0.0000
vt 0.7014 0.5255 0.0000
vt 0.3870 0.8041 0.0000
vt 0.5535 0.3145 0.0000
vt 0.4975 0.4245 0.0000
vt 0.2245 0.8803 0.0000
vt 0.1053 0.8004 0.0000
vt 0.7750 0.5855 0.0000
vt 0.2772 0.8411 0.0000
vt 0.4159 0.4251 0.0000
vt 0.3504 0.3697 0.0000
vt 0.7832 0.5379 0.0000
vt 0.7978 0.6372 0.0000
vt 0.7567 0.3979 0.0000
vt 0.2175 0.7100 0.0000
vt 0.1327 0.6717 0.0000
vt 0.0595 0.3511 0.0000
vt 0.7027 0.2906 0.0000
vt 0.5100 0.4407 0.0000
vt 0.3507 0.3017 0.0000
vt 0.3782 0.2834 0.0000
vt 0.6911 0.6927 0.0000
vt 0.6914 0.6614 0.0000
vt 0.2714 0.2384 0.0000
vt 0.3071 0.2447 0.0000
vt 0.5466 0.8355 0.0000
vt 0.5680 0.8294 0.0000
vt 0.2996 0.5688 0.0000
vt 0.2306 0.5176 0.0000
vt 0.6764 0.4467 0.0000
vt 0.2274 0.6868 0.0000
vt 0.5587 0.1003 0.0000
vt 0.4664 0.3784 0.0000
vt 0.4146 0.6934 0.0000
vt 0.1974 0.2888 0.0000
vt 0.2153 0.3194 0.0000
vt 0.6019 0.0399 0.0000
vt 0.5595 0.0770 0.0000
vt 0.0071 0.7468 0.0000
vt 0.4150 0.7716 0.0000
vt 0.3931 0.7649 0.0000
vt 0.3901 0.7381 0.0000
vt 0.2418 0.3113 0.0000
vt 0.1508 0.0203 0.0000
vt 0.1563 0.1434 0.0000
vt 0.0797 0.1838 0.0000
vt 0.3901 0.7239 0.0000
vt 0.3249 0.4476 0.0000
vt 0.5136 0.1793 0.0000
vt 0.5249 0.2191 0.0000
vt 0.5086 0.6677 0.0000
vt 0.5162 0.2313 0.0000
vt 0.3683 0.8290 0.0000
vt 0.4456 0.8372 0.0000
vt 0.4185 0.8153 0.0000
vt 0.3161 0.6126 0.0000
vt 0.7162 0.6560 0.0000
vt 0.6823 0.6821 0.0000
vt 0.6546 0.6933 0.0000
vt 0.0408 0.5906 0.0000
vt 0.2356 0.3763 0.0000
vt 0.7998 0.3384 0.0000
vt 0.8017 0.4357 0.0000
vt 0.3146 0.3612 0.0000
vt 0.5629 0.3260 0.0000
vt 0.6918 0.5292 0.0000
vt 0.2212 0.0310 0.0000
vt 0.6640 0.2857 0.0000
vt 0.6210 0.2997 0.0000
vt 0.6338 0.2590 0.0000
vt 0.6234 0.3629 0.0000
vt 0.5172 0.6603 0.0000
vt 0.4599 0.6595 0.0000
vt 0.3243 0.5929 0.0000
vt 0.2614 0.1505 0.0000
vt 0.4171 0.0019 0.0000
vt 0.3108 0.7988 0.0000
vt 0.2365 0.7750 0.0000
vt 0.1672 0.8237 0.0000
vt 0.2939 0.8195 0.0000
vt 0.4866 0.4541 0.0000
vt 0.4932 0.4731 0.0000
vt 0.5966 0.2752 0.0000
vt 0.6323 0.4430 0.0000
vt 0.0250 0.6622 0.0000
vt 0.7660 0.7298 0.0000
vt 0.3299 0.3046 0.0000
vt 0.0019 0.4656 0.0000
vt 0.7121 0.8514 0.0000
# 332 texture coords

o 65e90b5f_b5ff_4c95_9df2_23857fe767f7
g 65e90b5f_b5ff_4c95_9df2_23857fe767f7
usemtl ce50b16a_645e_4c5e_993f_bb98ad4fd350
f 5413/5314 5414/5315 5415/5316 
f 5416/5317 5417/5318 5418/5319 
f 5419/5320 5420/5321 5421/5322 
f 5422/5323 5423/5324 5424/5325 
f 5425/5326 5426/5327 5427/5328 
f 5428/5329 5429/5330 5430/5331 
f 5431/5332 5432/5333 5433/5334 
f 5434/5335 5435/5336 5436/5337 
f 5437/5338 5438/5339 5439/5340 
f 5440/5341 5441/5342 5442/5343 
f 5443/5344 5444/5345 5445/5346 
f 5446/5347 5447/5348 5448/5349 
f 5449/5350 5450/5351 5451/5352 
f 5452/5353 5453/5354 5454/5355 
f 5455/5356 5456/5357 5457/5358 
f 5458/5359 5459/5360 5460/5361 
f 5461/5362 5462/5363 5463/5364 
f 5415/5316 5464/5365 5465/5366 
f 5462/5363 5466/5367 5467/5368 
f 5468/5369 5469/5370 5470/5371 
f 5448/5349 5471/5372 5472/5373 
f 5473/5374 5417/5318 5474/5375 
f 5475/5376 5416/5317 5476/5377 
f 5477/5378 5478/5379 5479/5380 
f 5480/5381 5457/5358 5456/5357 
f 5481/5382 5482/5383 5452/5353 
f 5483/5384 5484/5385 5485/5386 
f 5420/5321 5486/5387 5487/5388 
f 5488/5389 5489/5390 5477/5378 
f 5459/5360 5490/5391 5460/5361 
f 5491/5392 5492/5393 5493/5394 
f 5494/5395 5495/5396 5496/5397 
f 5497/5398 5498/5399 5499/5400 
f 5500/5401 5501/5402 5502/5403 
f 5503/5404 5475/5376 5504/5405 
f 5505/5406 5493/5394 5506/5407 
f 5507/5408 5508/5409 5422/5323 
f 5436/5337 5444/5410 5434/5335 
f 5509/5411 5443/5344 5510/5412 
f 5511/5413 5512/5414 5513/5415 
f 5468/5369 5514/5416 5515/5417 
f 5516/5418 5517/5419 5518/5420 
f 5519/5421 5520/5422 5521/5423 
f 5522/5424 5523/5425 5524/5426 
f 5525/5427 5526/5428 5527/5429 
f 5528/5430 5518/5420 5529/5431 
f 5510/5412 5443/5344 5445/5346 
f 5530/5432 5531/5433 5532/5434 
f 5533/5435 5458/5359 5534/5436 
f 5535/5437 5426/5327 5439/5340 
f 5536/5438 5537/5439 5538/5440 
f 5539/5441 5540/5442 5538/5440 
f 5425/5326 5439/5340 5426/5327 
f 5541/5443 5542/5444 5543/5445 
f 5544/5446 5431/5332 5433/5334 
f 5545/5447 5546/5448 5444/5410 
f 5547/5449 5548/5450 5549/5451 
f 5550/5452 5551/5453 5552/5454 
f 5514/5416 5553/5455 5554/5456 
f 5555/5457 5556/5458 5557/5459 
f 5421/5322 5436/5337 5558/5460 
f 5481/5382 5559/5461 5560/5462 
f 5561/5463 5562/5464 5563/5465 
f 5522/5424 5524/5426 5564/5466 
f 5419/5320 5421/5322 5565/5467 
f 5496/5397 5495/5396 5566/5468 
f 5567/5469 5568/5470 5569/5471 
f 5570/5472 5571/5473 5488/5389 
f 5572/5474 5518/5420 5528/5430 
f 5505/5406 5573/5475 5574/5476 
f 5575/5477 5576/5478 5428/5329 
f 5577/5479 5523/5425 5578/5480 
f 5445/5346 5544/5446 5579/5481 
f 5531/5433 5580/5482 5532/5434 
f 5581/5483 5582/5484 5484/5385 
f 5583/5485 5584/5486 5585/5487 
f 5586/5488 5483/5384 5485/5386 
f 5587/5489 5470/5371 5588/5490 
f 5426/5327 5589/5491 5427/5328 
f 5590/5492 5591/5493 5592/5494 
f 5593/5495 5422/5323 5594/5496 
f 5586/5488 5595/5497 5596/5498 
f 5597/5499 5556/5458 5555/5457 
f 5598/5500 5599/5501 5600/5502 
f 5481/5382 5601/5503 5559/5461 
f 5602/5504 5603/5505 5549/5451 
f 5604/5506 5605/5507 5474/5375 
f 5606/5508 5598/5500 5605/5507 
f 5518/5420 5517/5419 5607/5509 
f 5608/5510 5587/5489 5588/5490 
f 5609/5511 5610/5512 5611/5513 
f 5474/5375 5417/5318 5612/5514 
f 5609/5511 5611/5513 5446/5347 
f 5489/5390 5488/5389 5571/5473 
f 5613/5515 5614/5516 5615/5517 
f 5514/5416 5556/5458 5616/5518 
f 5493/5394 5479/5380 5617/5519 
f 5493/5394 5618/5520 5427/5328 
f 5619/5521 5474/5375 5620/5522 
f 5474/5375 5619/5521 5621/5523 
f 5622/5524 5623/5525 5494/5395 
f 5440/5341 5624/5526 5625/5527 
f 5454/5355 5453/5354 5548/5450 
f 5523/5425 5626/5528 5578/5480 
f 5583/5485 5565/5467 5627/5529 
f 5627/5529 5455/5356 5457/5358 
f 5502/5403 5501/5402 5628/5530 
f 5470/5371 5469/5370 5629/5531 
f 5482/5383 5630/5532 5452/5353 
f 5631/5533 5632/5534 5453/5354 
f 5633/5535 5563/5465 5634/5536 
f 5635/5537 5634/5536 5449/5350 
f 5636/5538 5432/5539 5637/5540 
f 5423/5324 5432/5539 5431/5541 
f 5617/5519 5506/5407 5493/5394 
f 5599/5501 5638/5542 5464/5365 
f 5438/5339 5535/5437 5439/5340 
f 5639/5543 5640/5544 5641/5545 
f 5581/5483 5487/5388 5582/5484 
f 5596/5498 5642/5546 5593/5495 
f 5566/5468 5643/5547 5644/5548 
f 5541/5443 5543/5445 5645/5549 
f 5436/5337 5545/5447 5444/5410 
f 5646/5550 5647/5551 5420/5321 
f 5568/5470 5561/5463 5563/5465 
f 5567/5469 5648/5552 5568/5470 
f 5413/5314 5514/5416 5517/5419 
f 5514/5416 5607/5509 5517/5419 
f 5649/5553 5493/5394 5427/5328 
f 5451/5352 5649/5553 5427/5328 
f 5576/5478 5577/5479 5428/5329 
f 5428/5329 5650/5554 5429/5330 
f 5490/5391 5552/5454 5549/5451 
f 5552/5454 5551/5453 5549/5451 
f 5529/5431 5518/5420 5625/5527 
f 5441/5342 5608/5510 5651/5555 
f 5652/5556 5606/5508 5605/5507 
f 5463/5364 5652/5556 5461/5362 
f 5653/5557 5522/5424 5654/5558 
f 5654/5558 5635/5537 5653/5557 
f 5446/5347 5448/5349 5609/5511 
f 5539/5441 5655/5559 5540/5442 
f 5437/5338 5457/5358 5656/5560 
f 5656/5560 5457/5358 5480/5381 
f 5492/5393 5491/5392 5527/5429 
f 5657/5561 5542/5444 5541/5443 
f 5532/5434 5580/5482 5658/5562 
f 5433/5334 5432/5333 5659/5563 
f 5523/5425 5660/5564 5626/5528 
f 5490/5391 5522/5424 5653/5557 
f 5413/5314 5557/5459 5514/5416 
f 5556/5458 5514/5416 5557/5459 
f 5661/5565 5445/5346 5658/5562 
f 5661/5565 5510/5412 5445/5346 
f 5662/5566 5526/5428 5543/5445 
f 5645/5549 5543/5445 5663/5567 
f 5660/5564 5664/5568 5665/5569 
f 5549/5451 5548/5450 5666/5570 
f 5593/5495 5642/5546 5422/5323 
f 5422/5323 5470/5371 5629/5531 
f 5463/5364 5667/5571 5652/5556 
f 5467/5368 5668/5572 5597/5499 
f 5636/5538 5637/5540 5669/5573 
f 5554/5456 5515/5417 5514/5416 
f 5549/5451 5603/5505 5670/5574 
f 5454/5355 5481/5382 5452/5353 
f 5427/5328 5618/5520 5671/5575 
f 5657/5561 5492/5393 5542/5444 
f 5672/5576 5582/5484 5673/5577 
f 5495/5396 5494/5395 5672/5576 
f 5674/5578 5577/5479 5576/5478 
f 5523/5425 5675/5579 5524/5426 
f 5649/5553 5479/5380 5493/5394 
f 5563/5465 5562/5464 5450/5351 
f 5581/5483 5676/5580 5677/5581 
f 5593/5495 5594/5496 5646/5550 
f 5472/5373 5471/5372 5509/5411 
f 5678/5582 5679/5583 5511/5413 
f 5414/5315 5680/5584 5599/5501 
f 5681/5585 5680/5584 5414/5315 
f 5677/5581 5676/5580 5646/5550 
f 5646/5550 5420/5321 5487/5388 
f 5460/5361 5635/5537 5458/5359 
f 5458/5359 5682/5586 5534/5436 
f 5465/5366 5464/5365 5638/5542 
f 5683/5587 5465/5366 5598/5500 
f 5513/5415 5443/5344 5509/5411 
f 5435/5336 5434/5335 5684/5588 
f 5439/5340 5657/5561 5685/5589 
f 5643/5547 5685/5589 5644/5548 
f 5610/5512 5686/5590 5611/5513 
f 5416/5317 5475/5376 5503/5404 
f 5687/5591 5595/5497 5688/5592 
f 5687/5591 5422/5323 5642/5546 
f 5434/5335 5513/5593 5689/5594 
f 5689/5594 5513/5593 5631/5533 
f 5432/5333 5499/5400 5659/5563 
f 5432/5333 5636/5595 5501/5402 
f 5539/5441 5690/5596 5655/5559 
f 5691/5597 5692/5598 5690/5596 
f 5442/5343 5441/5342 5651/5555 
f 5693/5599 5595/5497 5586/5488 
f 5544/5600 5694/5601 5695/5602 
f 5507/5408 5694/5601 5508/5409 
f 5416/5317 5696/5603 5417/5318 
f 5612/5514 5417/5318 5692/5598 
f 5528/5430 5529/5431 5697/5604 
f 5505/5406 5574/5476 5528/5430 
f 5461/5362 5531/5433 5530/5432 
f 5620/5522 5531/5433 5461/5362 
f 5431/5541 5424/5325 5423/5324 
f 5695/5602 5694/5601 5507/5408 
f 5698/5605 5560/5462 5699/5606 
f 5435/5336 5630/5532 5482/5383 
f 5468/5369 5608/5510 5607/5509 
f 5468/5369 5607/5509 5514/5416 
f 5661/5565 5658/5562 5580/5482 
f 5620/5522 5580/5482 5531/5433 
f 5446/5347 5700/5607 5571/5473 
f 5430/5331 5447/5348 5446/5347 
f 5468/5369 5470/5371 5587/5489 
f 5587/5489 5608/5510 5468/5369 
f 5699/5606 5560/5462 5559/5461 
f 5701/5608 5456/5357 5455/5356 
f 5702/5609 5703/5610 5472/5373 
f 5537/5439 5536/5438 5510/5412 
f 5515/5417 5554/5456 5669/5573 
f 5515/5417 5469/5370 5468/5369 
f 5656/5560 5438/5339 5437/5338 
f 5640/5544 5639/5543 5438/5339 
f 5474/5375 5605/5507 5473/5374 
f 5605/5507 5598/5500 5600/5502 
f 5519/5421 5521/5423 5577/5479 
f 5577/5479 5521/5423 5428/5329 
f 5563/5465 5449/5350 5634/5536 
f 5563/5465 5450/5351 5449/5350 
f 5668/5572 5467/5368 5466/5367 
f 5614/5516 5616/5518 5668/5572 
f 5579/5481 5544/5446 5433/5334 
f 5433/5334 5532/5434 5658/5562 
f 5690/5596 5704/5611 5655/5559 
f 5655/5559 5704/5611 5702/5609 
f 5705/5612 5504/5405 5475/5376 
f 5476/5377 5705/5612 5475/5376 
f 5461/5362 5497/5398 5462/5363 
f 5497/5398 5499/5400 5500/5401 
f 5566/5468 5644/5548 5496/5397 
f 5644/5548 5685/5589 5496/5397 
f 5675/5579 5706/5613 5707/5614 
f 5567/5469 5569/5471 5708/5615 
f 5583/5485 5495/5396 5672/5576 
f 5627/5529 5495/5396 5583/5485 
f 5514/5416 5616/5518 5709/5616 
f 5709/5616 5616/5518 5614/5516 
f 5440/5341 5625/5527 5441/5342 
f 5441/5342 5710/5617 5608/5510 
f 5548/5450 5453/5354 5665/5618 
f 5664/5619 5548/5450 5665/5618 
f 5584/5486 5419/5320 5585/5487 
f 5582/5484 5487/5388 5486/5387 
f 5678/5582 5509/5411 5447/5348 
f 5430/5331 5429/5330 5447/5348 
f 5452/5353 5630/5532 5631/5533 
f 5452/5353 5631/5533 5453/5354 
f 5565/5467 5421/5322 5455/5356 
f 5565/5467 5455/5356 5627/5529 
f 5564/5466 5633/5535 5634/5536 
f 5564/5466 5654/5558 5522/5424 
f 5485/5386 5440/5341 5442/5343 
f 5485/5386 5711/5620 5440/5341 
f 5712/5621 5640/5544 5438/5339 
f 5640/5544 5712/5621 5480/5381 
f 5713/5622 5634/5536 5635/5537 
f 5564/5466 5634/5536 5654/5558 
f 5544/5600 5714/5623 5694/5601 
f 5544/5446 5445/5346 5444/5345 
f 5715/5624 5716/5625 5717/5626 
f 5670/5574 5715/5624 5717/5626 
f 5561/5463 5477/5378 5562/5464 
f 5567/5469 5477/5378 5648/5552 
f 5590/5492 5535/5437 5591/5493 
f 5682/5586 5591/5493 5534/5436 
f 5608/5510 5518/5420 5607/5509 
f 5608/5510 5710/5617 5518/5420 
f 5533/5435 5534/5436 5550/5452 
f 5718/5627 5551/5453 5550/5452 
f 5719/5628 5478/5379 5477/5378 
f 5446/5347 5720/5629 5700/5607 
f 5571/5473 5700/5607 5489/5390 
f 5489/5390 5719/5628 5477/5378 
f 5617/5519 5721/5630 5506/5407 
f 5506/5407 5573/5475 5505/5406 
f 5534/5436 5591/5493 5535/5437 
f 5550/5452 5534/5436 5718/5627 
f 5646/5550 5594/5496 5647/5551 
f 5546/5448 5722/5631 5508/5409 
f 5598/5500 5465/5366 5638/5542 
f 5638/5542 5599/5501 5598/5500 
f 5586/5488 5596/5498 5483/5384 
f 5483/5384 5581/5483 5484/5385 
f 5694/5601 5546/5448 5508/5409 
f 5694/5601 5714/5623 5546/5448 
f 5485/5386 5623/5525 5711/5620 
f 5529/5431 5526/5428 5525/5427 
f 5470/5371 5687/5591 5588/5490 
f 5470/5371 5422/5323 5687/5591 
f 5600/5502 5418/5319 5417/5318 
f 5600/5502 5599/5501 5476/5377 
f 5594/5496 5508/5409 5722/5631 
f 5508/5409 5594/5496 5422/5323 
f 5434/5335 5444/5410 5443/5632 
f 5434/5335 5443/5632 5513/5593 
f 5612/5514 5723/5633 5474/5375 
f 5474/5375 5723/5633 5620/5522 
f 5574/5476 5572/5474 5528/5430 
f 5573/5475 5681/5585 5574/5476 
f 5652/5556 5605/5507 5604/5506 
f 5724/5634 5652/5556 5621/5523 
f 5659/5563 5499/5400 5498/5399 
f 5659/5563 5725/5635 5433/5334 
f 5540/5442 5536/5438 5538/5440 
f 5655/5559 5702/5609 5540/5442 
f 5652/5556 5667/5571 5606/5508 
f 5606/5508 5667/5571 5598/5500 
f 5446/5347 5611/5513 5720/5629 
f 5611/5513 5686/5590 5503/5404 
f 5547/5449 5454/5355 5548/5450 
f 5454/5355 5670/5574 5481/5382 
f 5538/5440 5537/5439 5726/5636 
f 5661/5565 5580/5482 5620/5522 
f 5693/5599 5688/5592 5595/5497 
f 5588/5490 5651/5555 5608/5510 
f 5597/5499 5555/5457 5465/5366 
f 5415/5316 5465/5366 5555/5457 
f 5537/5439 5661/5565 5726/5636 
f 5661/5565 5537/5439 5510/5412 
f 5516/5418 5574/5476 5681/5585 
f 5516/5418 5681/5585 5517/5419 
f 5618/5520 5727/5637 5671/5575 
f 5493/5394 5492/5393 5728/5638 
f 5560/5462 5482/5383 5481/5382 
f 5560/5462 5698/5605 5482/5383 
f 5575/5477 5570/5472 5488/5389 
f 5575/5477 5567/5469 5708/5615 
f 5490/5391 5664/5568 5522/5424 
f 5490/5391 5549/5451 5666/5570 
f 5467/5368 5597/5499 5463/5364 
f 5462/5363 5467/5368 5463/5364 
f 5480/5381 5456/5357 5601/5503 
f 5717/5626 5716/5625 5729/5639 
f 5488/5389 5477/5378 5567/5469 
f 5575/5477 5488/5389 5567/5469 
f 5612/5514 5692/5598 5691/5597 
f 5691/5597 5690/5596 5539/5441 
f 5641/5545 5729/5639 5716/5625 
f 5716/5625 5603/5505 5602/5504 
f 5486/5387 5420/5321 5419/5320 
f 5584/5486 5486/5387 5419/5320 
f 5612/5514 5691/5597 5539/5441 
f 5539/5441 5538/5440 5612/5514 
f 5582/5484 5486/5387 5584/5486 
f 5582/5484 5584/5486 5673/5577 
f 5480/5381 5641/5545 5640/5544 
f 5480/5381 5729/5639 5641/5545 
f 5637/5540 5423/5324 5669/5573 
f 5637/5540 5432/5539 5423/5324 
f 5581/5483 5596/5498 5676/5580 
f 5596/5498 5581/5483 5483/5384 
f 5569/5471 5524/5426 5675/5579 
f 5569/5471 5675/5579 5708/5615 
f 5427/5328 5589/5491 5451/5352 
f 5730/5640 5590/5492 5592/5494 
f 5496/5397 5541/5443 5645/5549 
f 5496/5397 5622/5524 5494/5395 
f 5436/5337 5420/5321 5647/5551 
f 5420/5321 5436/5337 5421/5322 
f 5499/5400 5432/5333 5501/5402 
f 5500/5401 5499/5400 5501/5402 
f 5635/5537 5730/5640 5682/5586 
f 5458/5359 5635/5537 5682/5586 
f 5505/5406 5528/5430 5697/5604 
f 5527/5429 5491/5392 5525/5427 
f 5497/5398 5532/5434 5725/5635 
f 5725/5635 5532/5434 5433/5334 
f 5633/5535 5568/5470 5563/5465 
f 5569/5471 5568/5470 5524/5426 
f 5525/5427 5491/5392 5505/5406 
f 5491/5392 5493/5394 5505/5406 
f 5552/5454 5490/5391 5459/5360 
f 5533/5435 5459/5360 5458/5359 
f 5436/5337 5647/5551 5545/5447 
f 5722/5631 5546/5448 5545/5447 
f 5613/5515 5615/5517 5502/5403 
f 5502/5403 5628/5530 5553/5641 
f 5523/5425 5706/5613 5675/5579 
f 5674/5578 5523/5425 5577/5479 
f 5533/5435 5552/5454 5459/5360 
f 5550/5452 5552/5454 5533/5435 
f 5627/5529 5457/5358 5437/5338 
f 5627/5529 5566/5468 5495/5396 
f 5453/5642 5520/5422 5519/5421 
f 5578/5480 5665/5569 5453/5642 
f 5462/5363 5497/5398 5500/5401 
f 5500/5401 5466/5367 5462/5363 
f 5494/5395 5623/5525 5485/5386 
f 5731/5643 5494/5395 5485/5386 
f 5426/5327 5535/5437 5590/5492 
f 5426/5327 5590/5492 5589/5491 
f 5413/5314 5415/5316 5557/5459 
f 5415/5316 5555/5457 5557/5459 
f 5704/5611 5703/5610 5702/5609 
f 5448/5349 5704/5611 5690/5596 
f 5542/5444 5662/5566 5543/5445 
f 5492/5393 5662/5566 5542/5444 
f 5621/5523 5604/5506 5474/5375 
f 5621/5523 5652/5556 5604/5506 
f 5553/5455 5628/5644 5554/5456 
f 5554/5456 5636/5538 5669/5573 
f 5529/5431 5623/5525 5526/5428 
f 5623/5525 5622/5524 5663/5567 
f 5519/5421 5577/5479 5578/5480 
f 5453/5642 5519/5421 5578/5480 
f 5460/5361 5653/5557 5635/5537 
f 5490/5391 5653/5557 5460/5361 
f 5456/5357 5701/5608 5559/5461 
f 5456/5357 5559/5461 5601/5503 
f 5518/5420 5572/5474 5516/5418 
f 5572/5474 5574/5476 5516/5418 
f 5566/5468 5439/5340 5643/5547 
f 5643/5547 5439/5340 5685/5589 
f 5669/5573 5469/5370 5515/5417 
f 5669/5573 5423/5324 5469/5370 
f 5711/5620 5623/5525 5529/5431 
f 5529/5431 5625/5527 5624/5526 
f 5522/5424 5664/5568 5660/5564 
f 5660/5564 5523/5425 5522/5424 
f 5437/5338 5439/5340 5566/5468 
f 5566/5468 5627/5529 5437/5338 
f 5461/5362 5530/5432 5497/5398 
f 5530/5432 5532/5434 5497/5398 
f 5635/5537 5449/5350 5451/5352 
f 5730/5640 5635/5537 5451/5352 
f 5672/5576 5494/5395 5731/5643 
f 5672/5576 5484/5385 5582/5484 
f 5599/5501 5705/5612 5476/5377 
f 5599/5501 5680/5584 5705/5612 
f 5521/5423 5513/5415 5512/5414 
f 5650/5554 5679/5583 5429/5330 
f 5677/5581 5646/5550 5487/5388 
f 5677/5581 5487/5388 5581/5483 
f 5558/5460 5436/5337 5435/5336 
f 5558/5460 5435/5336 5482/5383 
f 5629/5531 5469/5370 5423/5324 
f 5629/5531 5423/5324 5422/5323 
f 5504/5405 5479/5380 5478/5379 
f 5617/5519 5479/5380 5504/5405 
f 5439/5340 5425/5326 5657/5561 
f 5671/5575 5727/5637 5657/5561 
f 5472/5373 5509/5411 5510/5412 
f 5702/5609 5472/5373 5510/5412 
f 5701/5608 5699/5606 5559/5461 
f 5701/5608 5558/5460 5699/5606 
f 5511/5413 5513/5415 5509/5411 
f 5678/5582 5511/5413 5509/5411 
f 5504/5405 5478/5379 5503/5404 
f 5611/5513 5503/5404 5720/5629 
f 5612/5514 5538/5440 5723/5633 
f 5723/5633 5538/5440 5726/5636 
f 5551/5453 5716/5625 5602/5504 
f 5551/5453 5602/5504 5549/5451 
f 5562/5464 5477/5378 5479/5380 
f 5649/5553 5562/5464 5479/5380 
f 5630/5532 5689/5594 5631/5533 
f 5630/5532 5435/5336 5684/5588 
f 5721/5630 5573/5475 5506/5407 
f 5680/5584 5721/5630 5705/5612 
f 5639/5543 5641/5545 5551/5453 
f 5641/5545 5716/5625 5551/5453 
f 5706/5613 5674/5578 5707/5614 
f 5706/5613 5523/5425 5674/5578 
f 5681/5585 5573/5475 5680/5584 
f 5721/5630 5680/5584 5573/5475 
f 5639/5543 5551/5453 5718/5627 
f 5718/5627 5534/5436 5639/5543 
f 5634/5536 5713/5622 5654/5558 
f 5654/5558 5713/5622 5635/5537 
f 5705/5612 5617/5519 5504/5405 
f 5721/5630 5617/5519 5705/5612 
f 5445/5346 5579/5481 5658/5562 
f 5433/5334 5658/5562 5579/5481 
f 5571/5473 5570/5472 5430/5331 
f 5430/5331 5446/5347 5571/5473 
f 5586/5488 5442/5343 5651/5555 
f 5586/5488 5485/5386 5442/5343 
f 5667/5571 5683/5587 5598/5500 
f 5597/5499 5465/5366 5683/5587 
f 5586/5488 5651/5555 5693/5599 
f 5693/5599 5651/5555 5588/5490 
f 5597/5499 5667/5571 5463/5364 
f 5597/5499 5683/5587 5667/5571 
f 5648/5552 5561/5463 5568/5470 
f 5561/5463 5648/5552 5477/5378 
f 5595/5497 5642/5546 5596/5498 
f 5687/5591 5642/5546 5595/5497 
f 5668/5572 5616/5518 5556/5458 
f 5668/5572 5556/5458 5597/5499 
f 5441/5342 5625/5527 5710/5617 
f 5518/5420 5710/5617 5625/5527 
f 5650/5554 5521/5423 5512/5414 
f 5428/5329 5521/5423 5650/5554 
f 5583/5485 5673/5577 5584/5486 
f 5672/5576 5673/5577 5583/5485 
f 5438/5339 5656/5560 5712/5621 
f 5712/5621 5656/5560 5480/5381 
f 5588/5490 5688/5592 5693/5599 
f 5588/5490 5687/5591 5688/5592 
f 5702/5609 5510/5412 5536/5438 
f 5540/5442 5702/5609 5536/5438 
f 5646/5550 5676/5580 5593/5495 
f 5596/5498 5593/5495 5676/5580 
f 5524/5426 5633/5535 5564/5466 
f 5524/5426 5568/5470 5633/5535 
f 5632/5645 5520/5422 5453/5642 
f 5632/5534 5631/5533 5513/5593 
f 5473/5374 5605/5507 5600/5502 
f 5600/5502 5417/5318 5473/5374 
f 5521/5423 5520/5422 5513/5415 
f 5632/5645 5513/5415 5520/5422 
f 5450/5351 5649/5553 5451/5352 
f 5450/5351 5562/5464 5649/5553 
f 5723/5633 5726/5636 5620/5522 
f 5726/5636 5661/5565 5620/5522 
f 5679/5583 5512/5414 5511/5413 
f 5650/5554 5512/5414 5679/5583 
f 5448/5349 5472/5373 5703/5610 
f 5448/5349 5703/5610 5704/5611 
f 5496/5397 5645/5549 5622/5524 
f 5622/5524 5645/5549 5663/5567 
f 5600/5502 5476/5377 5418/5319 
f 5476/5377 5416/5317 5418/5319 
f 5615/5517 5614/5516 5466/5367 
f 5614/5516 5668/5572 5466/5367 
f 5417/5318 5696/5603 5692/5598 
f 5610/5512 5696/5603 5686/5590 
f 5685/5589 5541/5443 5496/5397 
f 5657/5561 5541/5443 5685/5589 
f 5454/5355 5547/5449 5670/5574 
f 5547/5449 5549/5451 5670/5574 
f 5690/5596 5692/5598 5610/5512 
f 5692/5598 5696/5603 5610/5512 
f 5507/5408 5424/5325 5695/5602 
f 5422/5323 5424/5325 5507/5408 
f 5589/5491 5730/5640 5451/5352 
f 5590/5492 5730/5640 5589/5491 
f 5729/5639 5601/5503 5717/5626 
f 5601/5503 5729/5639 5480/5381 
f 5609/5511 5448/5349 5690/5596 
f 5690/5596 5610/5512 5609/5511 
f 5570/5472 5428/5329 5430/5331 
f 5575/5477 5428/5329 5570/5472 
f 5591/5493 5682/5586 5592/5494 
f 5730/5640 5592/5494 5682/5586 
f 5666/5570 5664/5619 5490/5391 
f 5666/5570 5548/5450 5664/5619 
f 5675/5579 5707/5614 5708/5615 
f 5707/5614 5674/5578 5576/5478 
f 5621/5523 5619/5521 5724/5634 
f 5619/5521 5620/5522 5461/5362 
f 5639/5543 5535/5437 5438/5339 
f 5534/5436 5535/5437 5639/5543 
f 5628/5530 5501/5402 5636/5595 
f 5628/5644 5636/5538 5554/5456 
f 5492/5393 5527/5429 5662/5566 
f 5527/5429 5526/5428 5662/5566 
f 5679/5583 5678/5582 5429/5330 
f 5429/5330 5678/5582 5447/5348 
f 5724/5634 5461/5362 5652/5556 
f 5724/5634 5619/5521 5461/5362 
f 5695/5602 5424/5325 5431/5541 
f 5695/5602 5431/5541 5544/5600 
f 5707/5614 5576/5478 5708/5615 
f 5708/5615 5576/5478 5575/5477 
f 5613/5515 5709/5616 5614/5516 
f 5553/5641 5613/5515 5502/5403 
f 5647/5551 5722/5631 5545/5447 
f 5647/5551 5594/5496 5722/5631 
f 5500/5401 5615/5517 5466/5367 
f 5615/5517 5500/5401 5502/5403 
f 5529/5431 5624/5526 5711/5620 
f 5711/5620 5624/5526 5440/5341 
f 5415/5316 5414/5315 5464/5365 
f 5464/5365 5414/5315 5599/5501 
f 5421/5322 5558/5460 5701/5608 
f 5455/5356 5421/5322 5701/5608 
f 5720/5629 5503/5404 5478/5379 
f 5720/5629 5478/5379 5700/5607 
f 5715/5624 5603/5505 5716/5625 
f 5670/5574 5603/5505 5715/5624 
f 5686/5590 5416/5317 5503/5404 
f 5696/5603 5416/5317 5686/5590 
f 5413/5314 5681/5585 5414/5315 
f 5681/5585 5413/5314 5517/5419 
f 5697/5604 5525/5427 5505/5406 
f 5525/5427 5697/5604 5529/5431 
f 5544/5600 5444/5410 5714/5623 
f 5714/5623 5444/5410 5546/5448 
f 5671/5575 5657/5561 5425/5326 
f 5671/5575 5425/5326 5427/5328 
f 5447/5348 5471/5372 5448/5349 
f 5471/5372 5447/5348 5509/5411 
f 5660/5564 5665/5569 5626/5528 
f 5578/5480 5626/5528 5665/5569 
f 5731/5643 5484/5385 5672/5576 
f 5731/5643 5485/5386 5484/5385 
f 5481/5382 5670/5574 5717/5626 
f 5481/5382 5717/5626 5601/5503 
f 5709/5616 5613/5515 5553/5641 
f 5553/5455 5514/5416 5709/5616 
f 5497/5398 5725/5635 5498/5399 
f 5659/5563 5498/5399 5725/5635 
f 5727/5637 5728/5638 5492/5393 
f 5727/5637 5492/5393 5657/5561 
f 5699/5606 5558/5460 5698/5605 
f 5698/5605 5558/5460 5482/5383 
f 5618/5520 5728/5638 5727/5637 
f 5493/5394 5728/5638 5618/5520 
f 5700/5607 5719/5628 5489/5390 
f 5719/5628 5700/5607 5478/5379 
f 5585/5487 5419/5320 5565/5467 
f 5585/5487 5565/5467 5583/5485 
f 5663/5567 5543/5445 5526/5428 
f 5623/5525 5663/5567 5526/5428 
f 5689/5594 5684/5588 5434/5335 
f 5630/5532 5684/5588 5689/5594 
# 0 polygons - 634 triangles

