# 3ds Max Wavefront OBJ Exporter v0.97b - (c)2007 guruware
# File Created: 17.06.2025 19:11:32

mtllib 3d66.com_JDH5455783471.mtl

#
# object Obj3d66_9504987_1_944
#

#
# object 21e8e12c_4ee1_4d81_b5e1_22b2c91adf98
#

#
# object 08b2bf24_8bde_4159_aac9_bc61be64b6e4
#

v  -4226.5073 -460.0438 -9649.9795
v  -4226.8569 -460.1329 -9649.5088
v  -4226.9443 -460.1563 -9649.5879
v  -4226.5898 -460.0624 -9650.0645
v  -4212.7939 -366.3334 -9625.9463
v  -4212.2202 -366.3427 -9626.0996
v  -4212.2393 -366.3427 -9626.2158
v  -4212.8130 -366.3334 -9626.0615
v  -4231.2324 -476.8582 -9639.0283
v  -4231.0918 -476.5864 -9638.5098
v  -4230.9741 -476.6050 -9638.5234
v  -4231.1128 -476.8771 -9639.0342
v  -4205.2549 -460.0624 -9631.0693
v  -4205.5747 -459.7906 -9630.6387
v  -4205.6431 -459.7720 -9630.7197
v  -4205.3262 -460.0438 -9631.1436
v  -4222.0718 -426.6865 -9626.1992
v  -4222.5771 -426.9538 -9626.3555
v  -4222.6294 -426.9349 -9626.2656
v  -4222.1177 -426.6631 -9626.1064
v  -4209.0596 -446.2573 -9627.6924
v  -4221.9561 -446.2573 -9653.4385
v  -4222.4727 -446.2573 -9653.1455
v  -4209.5762 -446.2573 -9627.3994
v  -4231.2720 -397.4170 -9643.6172
v  -4231.2656 -398.0029 -9643.7090
v  -4231.3652 -398.0029 -9643.7490
v  -4231.3711 -397.4077 -9643.6553
v  -4226.1299 -379.5853 -9651.7910
v  -4207.3740 -379.7446 -9627.7324
v  -4207.6919 -379.3180 -9627.4648
v  -4226.4463 -379.1587 -9651.5254
v  -4220.7690 -367.1725 -9654.2754
v  -4220.7520 -367.1725 -9654.1748
v  -4220.4082 -366.6943 -9654.2637
v  -4220.4253 -366.6943 -9654.3652
v  -4215.5776 -440.4916 -9626.3086
v  -4216.1104 -440.2198 -9626.2520
v  -4216.0981 -440.2009 -9626.3555
v  -4215.5718 -440.4682 -9626.4111
v  -4222.0044 -446.2573 -9653.5459
v  -4222.5210 -446.2573 -9653.2520
v  -4212.9688 -360.5956 -9654.3271
v  -4213.5469 -360.4972 -9654.4238
v  -4213.5273 -360.5206 -9654.5244
v  -4212.9429 -360.6190 -9654.4258
v  -4231.0918 -480.2428 -9638.5098
v  -4230.9741 -480.2194 -9638.5234
v  -4230.8193 -480.3130 -9637.9570
v  -4230.9360 -480.3364 -9637.9365
v  -4231.4277 -396.1981 -9641.2295
v  -4231.3896 -396.1045 -9641.8145
v  -4231.4907 -396.0811 -9641.8311
v  -4231.5293 -396.1747 -9641.2393
v  -4206.3794 -419.9269 -9651.6426
v  -4206.0156 -420.2740 -9651.3281
v  -4206.1011 -420.2740 -9651.2471
v  -4206.4648 -419.9269 -9651.5615
v  -4225.7798 -458.8204 -9650.9580
v  -4225.9404 -459.3499 -9650.7412
v  -4226.0161 -459.3640 -9650.8350
v  -4225.8530 -458.8297 -9651.0557
v  -4219.9390 -366.3520 -9654.3867
v  -4213.3608 -366.5116 -9625.9170
v  -4219.3916 -366.1741 -9654.5332
v  -4222.8784 -347.6392 -9627.7148
v  -4205.2793 -347.4001 -9651.2598
v  -4205.4448 -346.8421 -9651.3701
v  -4223.0444 -347.0812 -9627.8252
v  -4231.2939 -477.8239 -9639.6992
v  -4231.2236 -477.2989 -9639.4395
v  -4202.0098 -477.2989 -9644.4014
v  -4202.0806 -477.8239 -9644.6611
v  -4227.4438 -483.8428 -9632.2939
v  -4229.1294 -483.8428 -9631.5752
v  -4229.0981 -483.9505 -9631.5088
v  -4227.4141 -483.9505 -9632.2354
v  -4228.4126 -388.6042 -9649.7441
v  -4201.4814 -389.0074 -9634.6035
v  -4201.6079 -389.5372 -9634.3613
v  -4228.5391 -389.1340 -9649.5029
v  -4201.9800 -330.6277 -9640.4014
v  -4201.6123 -330.6277 -9640.4453
v  -4201.6060 -330.5668 -9640.4072
v  -4201.9741 -330.5668 -9640.3652
v  -4217.8672 -356.5972 -9626.2139
v  -4211.8281 -357.1690 -9654.2031
v  -4212.3467 -356.8972 -9654.2939
v  -4218.3862 -356.3206 -9626.3037
v  -4213.0757 -438.6634 -9626.5742
v  -4213.1689 -439.2589 -9626.5645
v  -4213.1919 -439.2493 -9626.6650
v  -4213.1006 -438.6634 -9626.6738
v  -4231.4155 -477.8191 -9639.7021
v  -4231.3442 -477.2848 -9639.4375
v  -4227.7598 -336.9793 -9631.7441
v  -4227.6050 -337.5091 -9631.5020
v  -4227.5103 -337.5139 -9631.5723
v  -4227.6631 -336.9934 -9631.8115
v  -4218.8179 -366.1834 -9654.6865
v  -4225.3438 -418.2862 -9628.3828
v  -4204.0313 -418.2862 -9649.4570
v  -4204.1694 -417.7192 -9649.5771
v  -4225.4824 -417.7192 -9628.5029
v  -4210.7178 -367.9411 -9626.5107
v  -4210.7261 -368.5366 -9626.5127
v  -4210.7451 -368.5366 -9626.6289
v  -4210.7368 -367.9411 -9626.6270
v  -4230.0078 -388.5808 -9646.5039
v  -4203.0752 -388.9840 -9631.3633
v  -4203.1074 -388.3981 -9631.2803
v  -4230.0400 -387.9949 -9646.4199
v  -4208.2798 -348.0985 -9653.3281
v  -4208.3462 -348.0985 -9653.3877
v  -4208.3613 -347.5033 -9653.3936
v  -4208.2949 -347.5033 -9653.3340
v  -4215.4238 -437.1259 -9655.3447
v  -4213.8784 -437.1259 -9626.5918
v  -4213.4604 -437.5477 -9626.6357
v  -4215.0068 -437.5477 -9655.3896
v  -4219.7148 -428.4913 -9625.3613
v  -4219.8047 -429.0865 -9625.3887
v  -4219.7866 -429.0772 -9625.4902
v  -4219.6978 -428.4913 -9625.4629
v  -4201.7549 -386.8792 -9633.9844
v  -4228.6860 -386.4760 -9649.1250
v  -4228.9165 -386.2042 -9648.6504
v  -4201.9839 -386.6074 -9633.5098
v  -4227.9355 -457.6483 -9648.0596
v  -4227.7744 -457.1188 -9648.2764
v  -4227.8730 -457.1047 -9648.3398
v  -4228.0356 -457.6438 -9648.1211
v  -4218.4287 -359.9347 -9626.2451
v  -4212.3892 -360.5065 -9654.2334
v  -4211.8633 -360.2440 -9654.1514
v  -4217.9028 -359.6677 -9626.1631
v  -4212.8643 -370.0834 -9626.0703
v  -4219.4429 -369.9241 -9654.5410
v  -4218.8687 -369.9334 -9654.6953
v  -4212.2915 -370.0927 -9626.2236
v  -4210.4849 -446.7871 -9626.8838
v  -4210.4434 -446.7871 -9626.7891
v  -4210.0254 -446.4403 -9627.0264
v  -4210.0664 -446.4403 -9627.1201
v  -4210.9106 -369.0991 -9626.4658
v  -4211.2544 -369.5725 -9626.3770
v  -4211.2734 -369.5725 -9626.4932
v  -4210.9297 -369.0991 -9626.5820
v  -4231.8164 -330.7027 -9640.0107
v  -4231.8247 -330.6325 -9640.0566
v  -4230.0298 -330.6325 -9640.4375
v  -4230.0234 -330.7027 -9640.3955
v  -4203.8979 -458.8204 -9633.0635
v  -4225.7236 -458.2342 -9651.0322
v  -4203.8428 -458.2342 -9633.1377
v  -4229.2368 -339.3091 -9634.3760
v  -4203.7559 -339.0700 -9649.1533
v  -4203.5254 -339.4780 -9648.7871
v  -4229.0073 -339.7171 -9634.0117
v  -4229.9585 -386.8651 -9646.7832
v  -4230.0869 -387.3997 -9646.5371
v  -4229.9893 -387.4090 -9646.5039
v  -4229.8628 -386.8792 -9646.7461
v  -4230.1040 -388.5856 -9646.5371
v  -4229.9917 -389.1247 -9646.7832
v  -4229.8960 -389.1106 -9646.7461
v  -4201.8022 -479.9662 -9644.0264
v  -4201.6611 -480.2428 -9643.5088
v  -4201.7607 -480.2194 -9643.4844
v  -4201.8994 -479.9473 -9643.9961
v  -4214.4053 -436.8586 -9626.5361
v  -4214.9878 -436.7650 -9626.4746
v  -4214.9868 -436.7416 -9626.3711
v  -4214.3970 -436.8352 -9626.4346
v  -4206.9712 -380.0212 -9628.0693
v  -4206.5210 -380.1196 -9628.4434
v  -4206.4546 -380.1478 -9628.3467
v  -4206.9111 -380.0446 -9627.9678
v  -4228.5957 -336.2293 -9633.0801
v  -4228.2803 -336.3091 -9632.5742
v  -4228.1787 -336.3277 -9632.6318
v  -4228.4893 -336.2530 -9633.1318
v  -4227.7773 -417.2410 -9630.4883
v  -4227.8521 -417.2410 -9630.4170
v  -4227.4883 -416.8894 -9630.1035
v  -4227.4141 -416.8894 -9630.1738
v  -4228.4771 -330.5338 -9635.4277
v  -4229.4248 -330.5338 -9640.0068
v  -4229.5122 -330.5245 -9639.9893
v  -4228.5625 -330.5245 -9635.4023
v  -4225.7969 -458.2342 -9651.1309
v  -4203.8979 -457.6483 -9633.0635
v  -4225.7798 -457.6483 -9650.9580
v  -4225.9404 -457.1188 -9650.7412
v  -4204.0591 -457.1188 -9632.8467
v  -4229.9907 -407.6641 -9633.3428
v  -4229.8921 -407.6641 -9633.3701
v  -4230.0156 -407.1859 -9633.6953
v  -4230.1143 -407.1859 -9633.6689
v  -4230.7876 -469.9207 -9645.3086
v  -4230.7061 -469.5736 -9645.7813
v  -4230.5923 -469.5736 -9645.7510
v  -4230.6738 -469.9207 -9645.2764
v  -4201.5063 -406.6516 -9645.4990
v  -4201.7173 -406.6516 -9646.0547
v  -4201.8311 -406.6516 -9646.0244
v  -4201.6201 -406.6516 -9645.4688
v  -4224.6816 -349.8751 -9628.8398
v  -4225.1509 -349.7062 -9629.1631
v  -4225.0757 -349.7062 -9629.2529
v  -4224.6060 -349.8703 -9628.9297
v  -4211.6768 -366.5350 -9626.2461
v  -4211.6968 -366.5350 -9626.3623
v  -4204.7124 -420.2740 -9650.2002
v  -4204.3486 -419.9269 -9649.8867
v  -4204.4341 -419.9269 -9649.8047
v  -4204.7969 -420.2740 -9650.1201
v  -4229.8105 -389.5513 -9647.1641
v  -4229.5776 -389.8276 -9647.6455
v  -4229.4868 -389.8090 -9647.5977
v  -4229.7173 -389.5372 -9647.1230
v  -4205.0356 -378.2494 -9629.6650
v  -4205.0991 -377.6587 -9629.6074
v  -4205.0156 -377.6539 -9629.5244
v  -4204.9517 -378.2494 -9629.5820
v  -4223.0122 -446.4403 -9652.9736
v  -4222.9639 -446.4403 -9652.8662
v  -4220.0659 -429.6211 -9625.4707
v  -4220.4717 -430.0477 -9625.5957
v  -4220.4448 -430.0243 -9625.6953
v  -4220.0435 -429.6070 -9625.5703
v  -4199.5981 -331.6966 -9641.6563
v  -4199.4756 -330.7309 -9641.0039
v  -4199.8291 -330.7309 -9640.8916
v  -4199.9458 -331.6966 -9641.5293
v  -4211.9038 -429.6211 -9654.5234
v  -4211.4966 -430.0477 -9654.3965
v  -4211.5298 -430.0243 -9654.2852
v  -4211.9307 -429.6070 -9654.4092
v  -4223.0747 -348.8062 -9627.7178
v  -4223.3491 -349.2937 -9627.9121
v  -4223.2725 -349.2937 -9628.0020
v  -4222.9980 -348.8017 -9627.8086
v  -4211.1719 -359.2972 -9654.0566
v  -4211.4443 -359.8270 -9654.0908
v  -4211.3989 -359.8411 -9654.1865
v  -4211.1235 -359.3065 -9654.1514
v  -4230.0347 -330.5761 -9640.4707
v  -4229.6670 -330.5761 -9640.5127
v  -4229.6616 -330.6325 -9640.4795
v  -4201.8994 -476.8771 -9643.9961
v  -4202.5024 -386.6026 -9632.4561
v  -4229.4341 -386.1994 -9647.5977
v  -4229.6709 -386.4619 -9647.1230
v  -4202.7397 -386.8651 -9631.9814
v  -4226.2705 -456.6826 -9650.4941
v  -4226.5898 -456.4060 -9650.0645
v  -4226.5073 -456.4297 -9649.9795
v  -4226.1909 -456.7015 -9650.4043
v  -4227.4141 -420.2740 -9630.1738
v  -4227.4883 -420.2740 -9630.1035
v  -4227.8521 -419.9269 -9630.4170
v  -4227.7773 -419.9269 -9630.4883
v  -4201.5059 -480.3364 -9642.9365
v  -4201.3496 -480.2428 -9642.3633
v  -4201.4521 -480.2194 -9642.3525
v  -4201.6060 -480.3130 -9642.9180
v  -4228.8315 -339.9982 -9633.5098
v  -4229.1191 -339.7357 -9633.9707
v  -4228.7222 -339.9700 -9633.5566
v  -4230.6660 -480.2194 -9637.3916
v  -4206.1011 -416.8894 -9651.2471
v  -4226.9868 -416.7067 -9629.8037
v  -4205.6743 -416.7067 -9650.8779
v  -4213.8301 -366.8536 -9625.7930
v  -4214.1738 -367.3318 -9625.7041
v  -4214.1548 -367.3318 -9625.5879
v  -4213.8110 -366.8536 -9625.6768
v  -4202.3267 -409.3891 -9647.3281
v  -4202.3921 -408.8221 -9647.5000
v  -4202.2773 -408.8221 -9647.5303
v  -4202.2129 -409.3891 -9647.3584
v  -4223.7910 -378.0898 -9653.7256
v  -4205.1152 -378.8305 -9629.6035
v  -4223.8706 -378.6712 -9653.6641
v  -4211.0737 -358.7113 -9654.0498
v  -4211.0244 -358.7161 -9654.1455
v  -4228.5073 -386.9026 -9649.5029
v  -4228.3955 -387.4324 -9649.7441
v  -4228.4731 -387.4231 -9649.8193
v  -4228.5859 -386.8840 -9649.5732
v  -4230.7505 -330.5245 -9634.9824
v  -4230.6567 -330.5245 -9634.5371
v  -4228.8809 -330.5245 -9634.8877
v  -4228.9727 -330.5245 -9635.3242
v  -4217.1206 -358.1395 -9625.9434
v  -4217.2197 -358.7299 -9625.9492
v  -4217.2119 -358.7254 -9626.0664
v  -4217.1133 -358.1395 -9626.0605
v  -4220.7441 -447.2701 -9654.1270
v  -4221.0479 -446.7871 -9653.9551
v  -4208.1499 -446.7871 -9628.2090
v  -4207.8467 -447.2701 -9628.3809
v  -4217.4839 -359.2504 -9626.1016
v  -4223.6587 -349.6549 -9628.2715
v  -4206.0591 -349.4158 -9651.8164
v  -4205.6729 -349.0549 -9651.5459
v  -4227.5425 -338.0998 -9631.4102
v  -4227.4492 -338.0998 -9631.4814
v  -4200.4917 -484.1194 -9644.6514
v  -4200.3105 -484.1194 -9644.2363
v  -4201.9609 -484.1194 -9643.4932
v  -4202.1387 -484.1194 -9643.8994
v  -4201.9678 -337.8607 -9646.2578
v  -4202.0293 -337.2748 -9646.3486
v  -4200.8101 -396.4654 -9638.0703
v  -4231.4619 -396.4654 -9640.7012
v  -4231.4902 -396.8872 -9640.2822
v  -4200.8384 -396.8872 -9637.6514
v  -4225.8252 -347.1751 -9629.7500
v  -4225.5508 -346.6828 -9629.5566
v  -4207.9512 -346.4437 -9653.1016
v  -4208.2256 -346.9360 -9653.2949
v  -4226.7856 -378.0385 -9651.3672
v  -4226.7217 -378.6337 -9651.4248
v  -4226.6470 -378.6289 -9651.3545
v  -4226.7104 -378.0385 -9651.2979
v  -4229.9907 -409.3891 -9633.3428
v  -4229.8921 -409.3891 -9633.3701
v  -4229.8267 -408.8221 -9633.1973
v  -4229.9253 -408.8221 -9633.1709
v  -4228.1045 -339.9421 -9632.5596
v  -4202.6221 -339.6982 -9647.3369
v  -4202.3486 -339.4171 -9646.8926
v  -4227.8311 -339.6562 -9632.1152
v  -4200.4888 -330.5200 -9645.9648
v  -4199.5732 -330.5200 -9641.4375
v  -4199.4360 -330.5338 -9641.4678
v  -4200.3750 -330.5338 -9645.9912
v  -4207.3330 -376.6744 -9627.7432
v  -4226.0884 -376.5148 -9651.8037
v  -4226.4170 -376.9273 -9651.5332
v  -4207.6616 -377.0869 -9627.4736
v  -4230.6396 -476.8582 -9636.8467
v  -4230.5283 -477.2848 -9636.4365
v  -4230.4165 -477.2989 -9636.4746
v  -4230.5269 -476.8771 -9636.8809
v  -4201.6211 -330.7309 -9640.5049
v  -4199.8174 -330.6277 -9640.8242
v  -4205.7451 -346.3687 -9651.5742
v  -4223.3447 -346.6126 -9628.0293
v  -4207.8921 -378.7885 -9627.2949
v  -4207.9556 -378.1978 -9627.2373
v  -4203.1123 -330.5200 -9645.8652
v  -4203.0342 -330.5200 -9645.4766
v  -4202.6782 -330.5200 -9645.5439
v  -4202.7588 -330.5200 -9645.9307
v  -4225.7256 -379.8619 -9652.1289
v  -4225.4824 -419.4442 -9628.5029
v  -4225.5566 -419.4442 -9628.4326
v  -4225.8208 -419.9269 -9628.6611
v  -4225.7466 -419.9269 -9628.7324
v  -4226.1909 -459.7720 -9650.4043
v  -4226.2705 -459.7906 -9650.4941
v  -4230.9360 -476.4925 -9637.9365
v  -4230.8193 -476.5162 -9637.9570
v  -4201.4521 -476.6050 -9642.3525
v  -4201.3135 -476.8771 -9641.8418
v  -4201.2090 -476.8582 -9641.8457
v  -4201.3496 -476.5864 -9642.3633
v  -4213.8633 -440.2198 -9626.4912
v  -4214.3970 -440.4916 -9626.4346
v  -4214.4053 -440.4682 -9626.5361
v  -4213.8784 -440.2009 -9626.5918
v  -4211.4966 -426.9349 -9654.3965
v  -4211.9038 -427.3615 -9654.5234
v  -4211.9307 -427.3756 -9654.4092
v  -4211.5298 -426.9538 -9654.2852
v  -4220.1050 -359.6488 -9626.5244
v  -4214.0664 -360.2206 -9654.5146
v  -4219.5864 -359.9206 -9626.4346
v  -4229.5068 -338.7982 -9634.5830
v  -4229.5693 -338.2075 -9634.6748
v  -4229.4512 -338.2030 -9634.7061
v  -4229.3906 -338.7889 -9634.6162
v  -4202.7920 -330.5338 -9646.0977
v  -4203.1396 -330.5338 -9646.0059
v  -4220.5381 -356.9767 -9626.5264
v  -4220.1128 -356.5549 -9626.4648
v  -4220.0698 -356.5783 -9626.5762
v  -4220.4888 -356.9956 -9626.6377
v  -4201.8022 -476.8582 -9644.0264
v  -4201.9136 -477.2848 -9644.4365
v  -4202.1958 -470.1082 -9637.0635
v  -4202.2974 -470.1082 -9636.4775
v  -4230.8711 -470.1082 -9644.1348
v  -4230.7705 -470.1082 -9644.7197
v  -4229.3174 -389.9263 -9648.1787
v  -4229.2300 -389.9074 -9648.1250
v  -4211.0244 -430.2961 -9654.1279
v  -4210.9849 -430.3195 -9654.2383
v  -4200.7759 -399.8077 -9638.5986
v  -4200.7378 -399.9016 -9639.1836
v  -4200.6211 -399.9250 -9639.1650
v  -4200.6602 -399.8311 -9638.5723
v  -4217.8145 -366.7270 -9654.9590
v  -4217.8315 -366.7270 -9655.0586
v  -4218.2910 -366.3754 -9654.9346
v  -4218.2739 -366.3754 -9654.8330
v  -4220.7915 -448.9951 -9654.2344
v  -4220.7441 -448.9951 -9654.1270
v  -4221.0479 -449.4730 -9653.9551
v  -4221.0962 -449.4730 -9654.0625
v  -4207.4097 -349.4626 -9652.7363
v  -4207.4761 -349.4626 -9652.7969
v  -4207.8799 -349.1299 -9653.0742
v  -4207.8135 -349.1299 -9653.0137
v  -4207.0063 -349.6312 -9652.4746
v  -4206.9399 -349.6312 -9652.4141
v  -4206.4517 -349.6174 -9652.0752
v  -4206.5181 -349.6174 -9652.1357
v  -4202.5557 -390.2122 -9632.4561
v  -4202.2974 -390.3058 -9632.9834
v  -4202.2676 -390.3340 -9632.9219
v  -4202.5273 -390.2356 -9632.3877
v  -4202.2915 -334.3450 -9642.5469
v  -4202.0693 -331.6966 -9641.0166
v  -4202.1616 -331.6966 -9641.0537
v  -4202.3882 -334.3450 -9642.5703
v  -4225.8530 -457.6438 -9651.0557
v  -4230.1250 -341.4655 -9632.7539
v  -4230.0923 -341.4841 -9632.8486
v  -4228.7446 -345.1501 -9630.7432
v  -4228.7627 -345.1453 -9630.6348
v  -4230.7964 -331.6402 -9633.8174
v  -4229.8657 -334.3075 -9632.2090
v  -4229.7764 -334.3075 -9632.1396
v  -4230.7153 -331.6402 -9633.7334
v  -4205.6792 -346.3687 -9651.5137
v  -4206.0830 -346.0360 -9651.7910
v  -4206.1494 -346.0360 -9651.8496
v  -4206.5522 -345.8671 -9652.1133
v  -4206.6187 -345.8671 -9652.1738
v  -4201.7998 -389.9542 -9633.9844
v  -4228.7314 -389.5513 -9649.1250
v  -4201.7607 -476.6050 -9643.4844
v  -4201.6060 -476.5162 -9642.9180
v  -4201.5059 -476.4925 -9642.9365
v  -4201.6611 -476.5864 -9643.5088
v  -4202.3926 -469.9207 -9635.9219
v  -4230.9673 -469.9207 -9643.5781
v  -4223.7490 -346.2751 -9628.3066
v  -4220.9541 -367.7350 -9654.2305
v  -4220.9370 -367.7350 -9654.1289
v  -4202.1816 -336.7543 -9646.5879
v  -4229.8267 -408.2314 -9633.1973
v  -4201.0605 -408.2314 -9643.9922
v  -4201.1255 -407.6641 -9644.1650
v  -4212.1880 -429.0772 -9654.4883
v  -4223.2354 -429.0772 -9626.5596
v  -4223.3247 -428.4913 -9626.5879
v  -4212.2773 -428.4913 -9654.5166
v  -4205.3989 -348.5626 -9651.3525
v  -4202.4663 -468.5284 -9634.8965
v  -4202.5645 -468.5284 -9634.9229
v  -4202.5337 -469.0909 -9635.1035
v  -4202.4351 -469.0909 -9635.0771
v  -4199.4927 -330.5200 -9641.0439
v  -4199.3721 -330.5338 -9641.0654
v  -4207.8047 -448.9951 -9628.2881
v  -4207.8467 -448.9951 -9628.3809
v  -4207.6870 -448.4278 -9628.4727
v  -4207.6460 -448.4278 -9628.3779
v  -4229.3555 -334.2982 -9638.3643
v  -4229.7095 -334.2982 -9638.2646
v  -4229.9414 -331.6354 -9639.8408
v  -4229.5776 -331.6354 -9639.8994
v  -4203.2412 -339.7312 -9648.3320
v  -4203.4399 -339.4966 -9648.8438
v  -4203.1528 -339.7546 -9648.3838
v  -4217.8843 -356.5738 -9626.0986
v  -4217.4688 -357.0049 -9626.0225
v  -4217.4580 -357.0190 -9626.1377
v  -4222.9390 -348.2344 -9627.6201
v  -4222.8623 -348.2344 -9627.7090
v  -4231.3511 -399.8077 -9642.4004
v  -4200.6997 -399.8077 -9639.7695
v  -4231.3896 -399.9016 -9641.8145
v  -4202.9316 -387.2824 -9631.6045
v  -4222.9780 -427.3756 -9626.4805
v  -4223.0361 -427.3615 -9626.3906
v  -4231.5640 -399.5593 -9640.7041
v  -4231.5293 -399.8311 -9641.2393
v  -4231.4277 -399.8077 -9641.2295
v  -4231.4619 -399.5404 -9640.7012
v  -4205.9482 -376.4023 -9628.7412
v  -4205.5396 -376.6837 -9629.0820
v  -4205.6167 -376.7023 -9629.1699
v  -4206.0195 -376.4257 -9628.8330
v  -4211.4185 -357.5956 -9654.1279
v  -4211.3730 -357.5815 -9654.2246
v  -4211.7871 -357.1549 -9654.3008
v  -4225.7788 -348.9001 -9629.7334
v  -4225.4795 -349.3687 -9629.5303
v  -4225.5557 -349.3687 -9629.4404
v  -4225.8550 -348.9001 -9629.6426
v  -4207.8428 -378.7930 -9627.1826
v  -4207.9072 -378.1978 -9627.1250
v  -4204.2056 -483.8755 -9648.6055
v  -4204.2319 -483.9694 -9648.6563
v  -4204.5566 -483.9694 -9648.4785
v  -4204.5313 -483.8755 -9648.4297
v  -4218.9644 -356.2222 -9626.4014
v  -4212.9248 -356.7988 -9654.3896
v  -4213.5044 -356.8879 -9654.4844
v  -4219.5439 -356.3113 -9626.4951
v  -4213.3418 -366.5116 -9625.8008
v  -4214.9868 -440.5855 -9626.3711
v  -4214.9878 -440.5621 -9626.4746
v  -4224.1938 -349.8562 -9628.5029
v  -4224.1177 -349.8562 -9628.5918
v  -4202.6694 -473.1268 -9636.9736
v  -4202.2954 -476.7271 -9639.0117
v  -4202.2090 -476.7457 -9638.9727
v  -4202.5898 -473.1409 -9636.9199
v  -4214.7173 -438.0682 -9655.5381
v  -4214.9888 -437.5336 -9655.5088
v  -4214.7388 -438.0775 -9655.4180
v  -4228.4116 -340.0498 -9633.0566
v  -4202.9297 -339.8107 -9647.8320
v  -4224.7749 -376.2664 -9652.8926
v  -4225.2251 -376.1632 -9652.5176
v  -4206.4702 -376.3228 -9628.4590
v  -4229.0698 -336.6466 -9634.0723
v  -4203.5889 -336.4075 -9648.8486
v  -4203.8008 -336.8389 -9649.1963
v  -4229.2832 -337.0780 -9634.4209
v  -4225.9609 -347.7421 -9629.8496
v  -4217.3232 -368.3773 -9655.0996
v  -4217.3154 -367.7818 -9655.0986
v  -4201.7266 -330.5200 -9640.9785
v  -4202.1094 -330.5200 -9640.8975
v  -4208.1797 -348.6562 -9653.2773
v  -4204.3105 -459.7720 -9632.5098
v  -4204.0591 -459.3499 -9632.8467
v  -4212.1880 -427.9054 -9654.4883
v  -4223.2354 -427.9054 -9626.5596
v  -4207.5664 -346.0828 -9652.8311
v  -4207.1069 -345.8860 -9652.5117
v  -4207.0405 -345.8812 -9652.4512
v  -4207.5000 -346.0828 -9652.7715
v  -4205.9927 -349.4158 -9651.7559
v  -4214.3403 -356.1238 -9653.7852
v  -4216.4126 -359.7802 -9653.8555
v  -4211.7959 -359.7802 -9653.2510
v  -4209.8716 -356.1238 -9652.4775
v  -4202.4253 -484.1008 -9643.3340
v  -4202.6030 -484.1008 -9643.6943
v  -4202.5186 -484.1194 -9643.7266
v  -4202.3848 -484.1194 -9643.3916
v  -4226.7056 -377.4478 -9651.4297
v  -4226.6309 -377.4523 -9651.3594
v  -4208.1592 -346.9360 -9653.2344
v  -4231.6577 -484.0396 -9636.0391
v  -4231.6646 -483.9505 -9636.1006
v  -4231.8008 -483.9505 -9636.4951
v  -4231.7944 -484.0396 -9636.4336
v  -4207.8857 -346.4437 -9653.0410
v  -4229.2168 -484.1008 -9637.5498
v  -4229.0386 -484.1008 -9637.1895
v  -4229.1211 -484.1194 -9637.1523
v  -4229.2568 -484.1194 -9637.4912
v  -4227.0923 -348.8062 -9628.8691
v  -4227.0942 -348.8062 -9628.7578
v  -4202.3389 -334.3309 -9648.6895
v  -4201.9819 -334.3357 -9648.7891
v  -4203.3774 -337.8655 -9650.7559
v  -4203.7163 -337.8607 -9650.6025
v  -4201.9058 -483.8755 -9643.2197
v  -4201.8765 -482.9287 -9642.6543
v  -4202.2261 -482.9242 -9642.5527
v  -4202.2534 -483.8710 -9643.1055
v  -4229.4517 -483.9505 -9631.3955
v  -4229.4829 -483.8428 -9631.4629
v  -4229.5835 -483.8428 -9631.4902
v  -4229.5522 -483.9505 -9631.4219
v  -4227.1094 -484.1194 -9632.3936
v  -4227.4438 -484.1194 -9632.2656
v  -4227.6299 -484.1194 -9632.6895
v  -4227.0981 -484.1194 -9632.4629
v  -4231.0488 -330.5245 -9634.5078
v  -4231.1724 -330.5245 -9634.9004
v  -4231.1128 -330.5245 -9634.5439
v  -4229.7612 -482.8912 -9632.0566
v  -4229.8599 -482.8960 -9632.0859
v  -4232.2524 -330.5761 -9639.9033
v  -4232.1865 -330.5761 -9639.9844
v  -4232.1792 -330.6325 -9639.9453
v  -4232.2456 -330.6325 -9639.8643
v  -4228.0542 -331.6402 -9634.4844
v  -4228.3423 -330.7027 -9634.9443
v  -4228.3745 -330.7027 -9634.8486
v  -4228.0835 -331.6402 -9634.3877
v  -4202.7466 -337.8793 -9644.5381
v  -4202.8472 -337.8793 -9644.5439
v  -4199.7095 -473.1739 -9642.4756
v  -4200.1973 -476.8021 -9644.9131
v  -4200.2837 -476.7787 -9644.9531
v  -4199.7920 -473.1598 -9642.5342
v  -4229.9209 -330.5245 -9639.8945
v  -4229.5762 -330.5245 -9640.3672
v  -4229.6348 -330.5245 -9640.4004
v  -4199.8604 -465.8329 -9637.4619
v  -4199.5908 -469.4986 -9639.9590
v  -4199.6685 -469.4941 -9640.0361
v  -4199.9268 -465.8329 -9637.5527
v  -4204.4160 -385.3792 -9628.8857
v  -4206.3301 -381.7228 -9627.2666
v  -4206.4404 -381.7228 -9627.2881
v  -4204.5273 -385.3792 -9628.8906
v  -4201.5244 -458.5204 -9632.7461
v  -4200.5088 -462.1765 -9635.0391
v  -4200.5610 -462.1765 -9635.1387
v  -4201.5610 -458.5204 -9632.8516
v  -4202.8984 -454.8640 -9630.7451
v  -4202.8804 -454.8640 -9630.6348
v  -4229.8174 -465.8329 -9648.6699
v  -4228.3838 -462.1765 -9650.7285
v  -4228.2720 -462.1765 -9650.7354
v  -4229.7080 -465.8329 -9648.6943
v  -4230.2026 -392.6920 -9647.9766
v  -4230.0942 -392.6920 -9648.0068
v  -4231.0908 -396.3481 -9645.7188
v  -4231.1924 -396.3481 -9645.6719
v  -4210.8887 -374.4055 -9625.0566
v  -4208.5796 -378.0664 -9626.0010
v  -4208.4736 -378.0664 -9625.9629
v  -4210.7915 -374.4055 -9625.0029
v  -4208.6367 -443.8903 -9625.8818
v  -4208.6035 -443.8903 -9625.9893
v  -4210.9155 -440.2339 -9625.0479
v  -4210.9639 -440.2339 -9624.9473
v  -4215.0479 -440.2339 -9656.5781
v  -4217.5425 -443.8903 -9656.5039
v  -4217.6274 -443.8903 -9656.5762
v  -4215.1206 -440.2339 -9656.6641
v  -4213.4092 -436.5775 -9624.3848
v  -4213.3447 -436.5775 -9624.4775
v  -4215.8340 -432.9211 -9624.2861
v  -4215.9106 -432.9211 -9624.2041
v  -4218.4106 -429.2647 -9624.4131
v  -4218.3213 -429.2647 -9624.4814
v  -4230.4741 -414.6346 -9633.4502
v  -4231.3774 -410.9782 -9635.7891
v  -4231.3213 -410.9782 -9635.8867
v  -4230.4336 -414.6346 -9633.5547
v  -4218.1685 -429.2647 -9624.8193
v  -4220.5474 -425.6083 -9625.3662
v  -4220.7500 -425.6083 -9625.0557
v  -4217.5864 -429.2647 -9626.4951
v  -4219.7144 -425.6083 -9626.9326
v  -4202.1436 -403.6657 -9639.6719
v  -4201.7817 -403.6657 -9639.6982
v  -4202.0645 -400.0093 -9637.5449
v  -4202.4263 -400.0093 -9637.5742
v  -4229.3545 -407.3221 -9639.0693
v  -4228.9824 -410.9782 -9637.0010
v  -4229.0830 -410.9782 -9637.0117
v  -4229.4526 -407.3221 -9639.0957
v  -4208.2427 -418.2910 -9651.6533
v  -4206.6074 -414.6346 -9650.3516
v  -4206.6094 -414.6346 -9650.4521
v  -4208.2607 -418.2910 -9651.7520
v  -4219.6265 -425.6083 -9627.4551
v  -4217.5806 -429.2647 -9627.0244
v  -4217.9507 -429.2647 -9627.1855
v  -4219.9673 -425.6083 -9627.6719
v  -4217.9536 -370.7491 -9653.6963
v  -4217.5835 -370.7491 -9653.8574
v  -4215.4951 -367.0927 -9653.9697
v  -4215.8862 -367.0927 -9653.8682
v  -4215.4932 -432.9211 -9626.9131
v  -4217.5200 -429.2647 -9626.9453
v  -4215.4219 -432.9211 -9626.8428
v  -4217.4971 -429.2647 -9626.8467
v  -4215.3828 -432.9211 -9626.7490
v  -4215.4170 -432.9211 -9626.3887
v  -4222.1147 -451.2076 -9654.9307
v  -4219.8086 -447.5464 -9655.7285
v  -4219.0527 -447.5464 -9654.1240
v  -4221.1211 -451.2076 -9653.4619
v  -4209.5288 -348.8062 -9654.9326
v  -4207.3706 -345.1501 -9653.7900
v  -4207.0947 -345.1501 -9654.0371
v  -4209.2949 -348.8062 -9655.2188
v  -4201.9185 -406.8346 -9646.5820
v  -4202.0884 -407.1859 -9647.0313
v  -4202.2021 -407.1859 -9647.0010
v  -4202.0322 -406.8346 -9646.5518
v  -4213.3027 -436.5775 -9624.8467
v  -4215.7344 -432.9211 -9624.6426
v  -4210.1704 -367.0927 -9625.3066
v  -4210.2021 -367.0927 -9625.6748
v  -4212.5449 -363.4363 -9624.9873
v  -4212.5688 -363.4363 -9624.6182
v  -4208.6748 -443.8903 -9626.3525
v  -4210.9297 -440.2339 -9625.4189
v  -4229.1997 -418.2910 -9631.3848
v  -4230.1523 -414.6346 -9633.7959
v  -4228.9585 -418.2910 -9631.6670
v  -4226.9146 -348.8062 -9629.1943
v  -4225.0503 -352.4674 -9627.6191
v  -4225.1768 -352.4674 -9627.2705
v  -4203.1255 -454.8640 -9631.0381
v  -4204.7251 -451.2076 -9629.1963
v  -4204.5474 -451.2076 -9628.8711
v  -4201.9097 -392.6920 -9632.9561
v  -4201.5479 -392.6920 -9632.8760
v  -4202.8823 -389.0356 -9630.7676
v  -4203.2271 -389.0356 -9630.9023
v  -4227.4502 -421.9474 -9629.7480
v  -4227.6440 -421.9474 -9629.4336
v  -4204.8481 -385.3792 -9629.0762
v  -4206.7280 -381.7228 -9627.5215
v  -4206.4429 -418.2910 -9653.5957
v  -4206.7300 -418.2910 -9653.3623
v  -4204.8501 -414.6346 -9651.8076
v  -4204.5293 -414.6346 -9651.9941
v  -4200.1558 -473.1505 -9642.5830
v  -4200.0220 -469.4941 -9640.1436
v  -4227.6392 -334.3075 -9632.8418
v  -4228.4902 -331.6402 -9634.1924
v  -4230.2446 -331.6402 -9633.7471
v  -4229.3120 -334.3075 -9632.2100
v  -4201.1235 -480.2989 -9647.2070
v  -4201.4844 -480.2944 -9647.1455
v  -4200.6484 -476.7691 -9644.9453
v  -4231.3823 -484.1008 -9636.7578
v  -4231.4014 -484.0396 -9636.8311
v  -4229.7305 -484.0396 -9637.5635
v  -4229.7173 -484.1008 -9637.4971
v  -4229.0527 -389.8372 -9648.7109
v  -4228.8130 -389.5699 -9649.1924
v  -4228.9688 -389.8183 -9648.6504
v  -4232.1699 -330.7027 -9639.8984
v  -4222.5771 -430.0243 -9626.3555
v  -4222.9780 -429.6070 -9626.4805
v  -4201.1328 -479.0005 -9641.1768
v  -4201.2031 -479.5303 -9641.4365
v  -4201.0977 -479.5444 -9641.4355
v  -4201.0249 -479.0053 -9641.1719
v  -4213.4414 -439.7932 -9626.5361
v  -4213.4604 -439.7791 -9626.6357
v  -4231.3945 -334.3027 -9637.6191
v  -4231.7070 -331.6402 -9639.3877
v  -4202.4360 -476.7787 -9644.7646
v  -4203.2319 -480.2989 -9646.6973
v  -4201.4312 -388.4215 -9634.6865
v  -4201.3896 -388.4215 -9634.6455
v  -4201.4404 -389.0167 -9634.5615
v  -4229.4326 -476.7412 -9641.9141
v  -4229.0518 -473.1409 -9643.9629
v  -4228.9727 -473.1268 -9643.9092
v  -4229.3462 -476.7223 -9641.8750
v  -4220.4805 -359.7802 -9627.1777
v  -4218.3813 -363.4363 -9626.6191
v  -4218.3374 -363.4363 -9624.8457
v  -4220.7100 -359.7802 -9625.4180
v  -4199.9336 -484.1008 -9644.2959
v  -4200.2593 -484.1008 -9644.1260
v  -4199.9873 -484.1194 -9644.3633
v  -4231.1128 -479.9473 -9639.0342
v  -4231.2324 -479.9662 -9639.0283
v  -4202.6963 -336.0889 -9647.4082
v  -4203.0083 -336.0139 -9647.9082
v  -4200.6655 -399.5404 -9640.2979
v  -4231.3159 -399.5404 -9642.9287
v  -4231.2891 -399.1186 -9643.3477
v  -4200.6372 -399.1186 -9640.7168
v  -4205.3325 -348.5626 -9651.2930
v  -4205.1968 -347.9953 -9651.1934
v  -4205.2627 -347.9953 -9651.2539
v  -4229.2441 -482.8726 -9638.2695
v  -4229.2129 -483.8380 -9637.7148
v  -4229.2939 -483.8428 -9637.7744
v  -4229.3232 -482.8819 -9638.3301
v  -4228.7969 -336.3607 -9633.6279
v  -4203.3154 -336.1216 -9648.4043
v  -4204.5815 -483.8755 -9648.3428
v  -4204.3335 -482.9287 -9647.8555
v  -4204.2793 -482.9287 -9647.9395
v  -4204.6060 -483.9694 -9648.3906
v  -4199.6597 -473.1973 -9642.3906
v  -4200.1367 -476.8396 -9644.8428
v  -4203.2773 -330.7309 -9646.0498
v  -4203.3091 -330.7309 -9645.9531
v  -4203.2783 -330.6325 -9645.9033
v  -4203.2451 -330.6277 -9646.0000
v  -4202.3921 -473.1505 -9642.6064
v  -4202.2168 -469.4941 -9640.5098
v  -4202.1226 -469.4941 -9640.5459
v  -4202.3047 -473.1550 -9642.6592
v  -4206.8618 -376.3882 -9627.9805
v  -4206.4033 -376.3039 -9628.3613
v  -4206.9224 -376.4119 -9628.0830
v  -4201.7617 -469.4941 -9640.5039
v  -4201.9214 -465.8329 -9638.3369
v  -4200.2603 -465.8329 -9637.7129
v  -4202.4111 -462.1765 -9636.2197
v  -4200.8652 -462.1765 -9635.3486
v  -4202.9326 -385.3792 -9634.8271
v  -4203.9507 -381.7228 -9632.9082
v  -4202.6812 -381.7228 -9631.6689
v  -4201.4888 -385.3792 -9633.7979
v  -4201.8291 -458.5204 -9633.1064
v  -4203.2222 -458.5204 -9634.2051
v  -4204.3315 -454.8640 -9632.3379
v  -4224.2705 -345.1501 -9627.0918
v  -4223.0615 -345.1501 -9628.3916
v  -4224.8311 -341.4937 -9629.6504
v  -4226.2251 -341.4937 -9628.5527
v  -4224.8345 -425.6083 -9629.6523
v  -4225.6650 -425.6083 -9628.0850
v  -4226.3882 -421.9474 -9631.1699
v  -4214.7373 -356.1238 -9654.4580
v  -4214.2383 -356.1238 -9656.1602
v  -4216.6782 -359.7802 -9656.2168
v  -4216.9092 -359.7802 -9654.4590
v  -4209.1724 -443.8903 -9628.0547
v  -4211.1592 -440.2339 -9627.1777
v  -4226.8267 -389.0356 -9649.1885
v  -4228.0430 -392.6920 -9647.3887
v  -4229.7324 -392.6920 -9647.9268
v  -4228.4146 -389.0356 -9649.9805
v  -4213.2583 -436.5775 -9626.6191
v  -4225.9229 -348.8062 -9630.6641
v  -4227.3091 -345.1501 -9632.3379
v  -4227.0410 -345.1501 -9632.5820
v  -4225.6943 -348.8062 -9630.9473
v  -4209.8921 -378.0664 -9627.6953
v  -4210.0850 -378.0664 -9628.0020
v  -4208.2368 -381.7228 -9629.0342
v  -4207.9985 -381.7228 -9628.7598
v  -4223.0635 -429.2647 -9628.3926
v  -4222.9165 -429.2647 -9628.7246
v  -4221.0273 -432.9211 -9627.7715
v  -4221.1221 -432.9211 -9627.4199
v  -4229.8066 -407.3221 -9639.0137
v  -4229.8599 -403.6657 -9641.1855
v  -4229.4980 -403.6657 -9641.2109
v  -4205.7192 -348.8062 -9650.2178
v  -4205.9463 -348.8062 -9649.9355
v  -4207.5259 -352.4674 -9651.3438
v  -4207.3452 -352.4674 -9651.6582
v  -4205.7173 -451.2076 -9630.6670
v  -4204.6006 -454.8640 -9632.5830
v  -4205.9453 -451.2076 -9630.9492
v  -4205.1240 -389.0356 -9631.8828
v  -4203.9346 -392.6920 -9633.6338
v  -4203.5986 -392.6920 -9633.4951
v  -4204.8140 -389.0356 -9631.6943
v  -4202.7402 -462.1765 -9636.3711
v  -4203.5244 -458.5204 -9634.4053
v  -4227.4097 -418.2910 -9633.1377
v  -4227.6904 -418.2910 -9632.9063
v  -4228.7080 -414.6346 -9634.8252
v  -4228.3955 -414.6346 -9635.0107
v  -4202.2715 -465.8329 -9638.4346
v  -4202.3696 -465.8329 -9638.4131
v  -4202.2886 -469.4893 -9640.4395
v  -4202.4512 -465.8329 -9638.3545
v  -4199.9751 -484.1194 -9644.4404
v  -4199.8906 -484.1008 -9644.3877
v  -4229.4106 -331.6402 -9639.7852
v  -4229.4854 -331.6402 -9639.8604
v  -4229.5645 -330.7027 -9640.3975
v  -4229.4941 -330.7027 -9640.3184
v  -4228.0059 -480.2710 -9634.3994
v  -4227.3184 -482.8912 -9633.0488
v  -4227.3013 -482.8867 -9633.1523
v  -4227.9766 -480.2662 -9634.4980
v  -4199.4082 -330.5338 -9640.9727
v  -4199.3882 -330.5668 -9640.9736
v  -4199.3560 -330.5668 -9641.0820
v  -4229.2085 -483.9505 -9637.6514
v  -4229.0259 -483.8380 -9637.3516
v  -4229.0200 -483.9505 -9637.2891
v  -4226.8433 -345.1501 -9632.5908
v  -4225.5015 -348.8062 -9630.9873
v  -4225.6021 -348.8062 -9630.9873
v  -4226.9429 -345.1501 -9632.6074
v  -4202.5117 -400.0093 -9637.6289
v  -4202.5679 -400.0093 -9637.7119
v  -4202.3047 -403.6657 -9639.7861
v  -4202.2363 -403.6657 -9639.7129
v  -4200.5488 -330.5668 -9646.5078
v  -4200.5708 -330.6277 -9646.5459
v  -4200.6704 -330.6277 -9646.5938
v  -4200.6484 -330.5668 -9646.5566
v  -4199.4111 -330.5668 -9641.4932
v  -4200.3550 -330.5668 -9646.0186
v  -4229.6406 -483.9553 -9631.4902
v  -4229.6147 -484.0396 -9631.4355
v  -4229.5264 -484.0396 -9631.3662
v  -4208.2388 -418.2910 -9651.8496
v  -4206.5723 -414.6346 -9650.5449
v  -4204.6177 -483.9694 -9648.2842
v  -4204.4810 -483.9694 -9647.8955
v  -4204.4590 -483.8755 -9647.8477
v  -4204.5938 -483.8755 -9648.2363
v  -4202.0059 -483.9694 -9649.4014
v  -4202.0278 -484.0492 -9649.4512
v  -4202.1177 -484.0492 -9649.5205
v  -4202.0947 -483.9694 -9649.4717
v  -4203.6079 -331.7059 -9646.4287
v  -4204.4297 -334.3873 -9647.7334
v  -4204.3154 -334.3966 -9647.3486
v  -4203.5356 -331.7104 -9646.0283
v  -4202.6411 -334.3450 -9642.9990
v  -4202.4692 -334.3450 -9642.6318
v  -4202.2354 -331.6966 -9641.1289
v  -4202.3657 -331.6966 -9641.5166
v  -4231.1484 -330.6325 -9634.4238
v  -4231.1240 -330.7027 -9634.3818
v  -4231.0459 -330.7027 -9634.2939
v  -4231.0698 -330.6325 -9634.3359
v  -4231.7881 -483.9505 -9636.6113
v  -4231.7822 -484.0396 -9636.5508
v  -4202.4512 -473.1505 -9642.5254
v  -4202.5015 -473.1505 -9642.1230
v  -4202.3999 -469.4893 -9640.0518
v  -4223.9307 -352.4674 -9629.6084
v  -4223.5537 -352.4674 -9629.4648
v  -4221.7700 -356.1238 -9628.4063
v  -4222.1650 -356.1238 -9628.4893
v  -4202.9316 -462.1765 -9636.3203
v  -4202.6211 -465.8329 -9637.9883
v  -4203.1558 -462.1765 -9635.9854
v  -4202.8423 -462.1765 -9636.3652
v  -4227.3115 -418.2910 -9633.1582
v  -4226.0513 -421.9474 -9631.4756
v  -4226.1470 -421.9474 -9631.4414
v  -4203.6260 -341.4937 -9646.4697
v  -4204.6992 -345.1501 -9648.2764
v  -4204.6016 -345.1501 -9648.3027
v  -4203.5254 -341.4937 -9646.4795
v  -4206.0376 -451.2076 -9630.9883
v  -4204.6982 -454.8640 -9632.6084
v  -4229.3555 -392.6920 -9641.8115
v  -4228.9834 -389.0356 -9643.8789
v  -4229.0840 -389.0356 -9643.8691
v  -4229.4526 -392.6920 -9641.7852
v  -4212.7178 -352.4674 -9653.7852
v  -4214.8101 -356.1238 -9654.1016
v  -4214.7817 -356.1238 -9654.0059
v  -4212.7046 -352.4674 -9653.6846
v  -4229.1304 -400.0093 -9643.2539
v  -4229.2158 -400.0093 -9643.3086
v  -4228.6147 -396.3481 -9645.3379
v  -4228.5391 -396.3481 -9645.2705
v  -4213.3315 -436.5775 -9627.0684
v  -4213.2793 -436.5775 -9626.9824
v  -4211.2363 -440.2339 -9627.5322
v  -4211.3018 -440.2339 -9627.6104
v  -4209.3813 -356.1238 -9652.4248
v  -4209.3047 -356.1238 -9652.4902
v  -4207.6123 -352.4674 -9651.2891
v  -4216.1465 -367.0927 -9626.9131
v  -4216.2178 -367.0927 -9626.8428
v  -4218.3081 -363.4363 -9627.0674
v  -4218.2261 -363.4363 -9627.1250
v  -4211.3911 -440.2339 -9627.6543
v  -4213.4141 -436.5775 -9627.1260
v  -4209.3794 -443.8903 -9628.4600
v  -4209.4746 -443.8903 -9628.4902
v  -4205.6099 -462.1765 -9631.5605
v  -4205.6016 -462.1765 -9631.4609
v  -4207.1084 -458.5204 -9629.9951
v  -4207.1001 -458.5204 -9630.0947
v  -4207.7090 -447.5464 -9629.6094
v  -4207.6108 -447.5464 -9629.5947
v  -4206.1382 -451.2076 -9630.9883
v  -4206.0400 -348.8062 -9649.8955
v  -4204.7988 -345.1501 -9648.2930
v  -4206.1401 -348.8062 -9649.8955
v  -4203.7217 -341.4937 -9646.5010
v  -4212.0132 -374.4055 -9627.4561
v  -4212.0601 -374.4055 -9627.3672
v  -4214.1187 -370.7491 -9626.9453
v  -4214.0581 -370.7491 -9627.0254
v  -4203.9937 -458.5204 -9634.0869
v  -4203.7207 -458.5204 -9634.3838
v  -4219.3413 -447.5464 -9653.3984
v  -4217.3042 -443.8903 -9653.7852
v  -4221.7720 -443.8903 -9652.4756
v  -4223.5547 -447.5464 -9651.4170
v  -4203.3403 -469.4800 -9635.4863
v  -4204.2529 -465.8329 -9633.6279
v  -4231.6577 -473.1550 -9644.0166
v  -4231.7241 -473.1502 -9643.9287
v  -4230.9985 -469.4941 -9646.3369
v  -4230.9189 -469.4941 -9646.4150
v  -4204.7979 -454.8640 -9632.5928
v  -4205.1133 -454.8640 -9632.3408
v  -4228.6880 -410.9782 -9636.6064
v  -4229.1240 -407.3221 -9638.6338
v  -4227.7065 -407.3221 -9634.1982
v  -4226.6040 -410.9782 -9632.4414
v  -4202.0371 -390.2167 -9633.5098
v  -4201.7627 -389.9731 -9633.9355
v  -4202.0029 -390.2449 -9633.4541
v  -4225.2422 -414.6346 -9630.8770
v  -4226.4521 -410.9782 -9632.0684
v  -4225.0342 -414.6346 -9630.5313
v  -4203.6982 -385.3792 -9634.6729
v  -4203.4399 -385.3792 -9634.9814
v  -4202.7456 -389.0356 -9636.9541
v  -4202.9536 -389.0356 -9636.6084
v  -4221.8867 -378.0664 -9652.4180
v  -4223.6597 -381.7228 -9651.3428
v  -4223.4004 -381.7228 -9651.6523
v  -4221.5830 -378.0664 -9652.6846
v  -4203.9355 -407.3221 -9646.6846
v  -4204.0278 -407.3221 -9647.0771
v  -4205.1895 -410.9782 -9648.8154
v  -4205.0381 -410.9782 -9648.4414
v  -4213.8169 -363.4363 -9653.7178
v  -4213.4160 -363.4363 -9653.7578
v  -4211.3931 -359.7802 -9653.2295
v  -4213.8149 -436.5775 -9627.1670
v  -4211.7939 -440.2339 -9627.6328
v  -4216.4106 -440.2339 -9627.0273
v  -4218.4702 -436.5775 -9627.2803
v  -4213.6885 -370.7491 -9627.1865
v  -4215.7559 -367.0927 -9627.0146
v  -4211.1738 -367.0927 -9627.8447
v  -4209.2896 -370.7491 -9628.7119
v  -4225.6123 -378.0664 -9649.6270
v  -4226.9116 -381.7228 -9648.0098
v  -4219.3394 -352.4674 -9627.4834
v  -4217.3013 -356.1238 -9627.0986
v  -4206.8750 -458.5204 -9630.4307
v  -4208.7974 -454.8640 -9628.8740
v  -4208.5239 -454.8640 -9629.1709
v  -4224.4492 -425.6083 -9630.0166
v  -4222.7397 -429.2647 -9628.8135
v  -4222.8374 -429.2647 -9628.7871
v  -4224.5488 -425.6083 -9630.0068
v  -4222.8394 -370.7491 -9652.0947
v  -4222.7422 -370.7491 -9652.0684
v  -4220.8687 -367.0927 -9652.9971
v  -4220.9614 -367.0927 -9653.0381
v  -4220.4678 -367.0927 -9653.0381
v  -4218.4717 -363.4363 -9653.6035
v  -4218.8750 -363.4363 -9653.6240
v  -4218.8730 -436.5775 -9627.2578
v  -4220.8667 -432.9211 -9627.8857
v  -4220.4658 -432.9211 -9627.8438
v  -4227.2139 -381.7228 -9647.7441
v  -4228.2017 -385.3792 -9645.9014
v  -4227.9434 -385.3792 -9646.2109
v  -4218.9595 -363.4363 -9653.6777
v  -4216.8057 -440.2339 -9626.9453
v  -4214.7153 -443.8903 -9626.9551
v  -4214.7798 -443.8903 -9626.8789
v  -4216.8809 -440.2339 -9626.8789
v  -4212.6514 -447.5464 -9627.2852
v  -4212.7026 -447.5464 -9627.1992
v  -4226.0322 -462.1765 -9649.3223
v  -4227.2773 -465.8329 -9647.6426
v  -4227.3003 -465.8329 -9647.7402
v  -4226.0400 -462.1765 -9649.4219
v  -4218.9570 -436.5775 -9627.2051
v  -4208.8208 -454.8640 -9628.7764
v  -4202.1416 -330.6277 -9640.5244
v  -4202.1509 -330.7309 -9640.5820
v  -4202.0791 -330.7309 -9640.5029
v  -4202.0703 -330.6277 -9640.4443
v  -4204.3647 -465.8329 -9633.2402
v  -4204.3418 -465.8329 -9633.1436
v  -4203.3545 -469.4845 -9634.9951
v  -4203.3916 -469.4800 -9635.0869
v  -4202.7192 -473.1082 -9637.0537
v  -4200.2656 -334.3450 -9643.2842
v  -4199.9351 -334.3450 -9643.4492
v  -4229.4932 -480.2521 -9639.8848
v  -4229.8501 -480.2614 -9639.8213
v  -4229.7944 -476.7550 -9641.9004
v  -4202.2319 -484.1008 -9649.5566
v  -4202.2310 -484.1194 -9649.4951
v  -4202.5415 -484.1194 -9649.3408
v  -4202.5737 -484.1008 -9649.4316
v  -4229.2583 -334.3027 -9638.3369
v  -4228.7974 -337.8607 -9636.3486
v  -4228.8994 -337.8559 -9636.3584
v  -4202.3540 -484.0444 -9643.2275
v  -4202.4360 -484.0444 -9643.2861
v  -4202.3477 -484.1008 -9643.2852
v  -4231.5059 -476.8300 -9636.0439
v  -4231.4468 -476.7973 -9635.9746
v  -4231.9321 -473.1739 -9638.4082
v  -4231.9824 -473.1973 -9638.4922
v  -4201.5688 -389.5513 -9634.3164
v  -4228.3999 -330.7027 -9635.3486
v  -4228.4199 -330.6325 -9635.3838
v  -4228.3633 -330.6325 -9634.9785
v  -4232.2295 -330.5713 -9639.3848
v  -4232.2847 -330.5761 -9639.7959
v  -4232.2778 -330.6325 -9639.7568
v  -4232.2207 -330.6325 -9639.3457
v  -4199.6343 -480.2944 -9641.7432
v  -4199.6021 -480.2896 -9641.8496
v  -4199.5669 -476.7646 -9639.4180
v  -4199.6172 -476.7691 -9639.3213
v  -4203.5986 -480.2896 -9645.9980
v  -4204.2319 -482.9287 -9647.3594
v  -4202.5708 -482.9101 -9643.0039
v  -4202.4409 -480.2380 -9641.4824
v  -4232.2363 -330.6979 -9639.8174
v  -4232.2690 -330.6979 -9639.7109
v  -4199.4092 -330.7309 -9641.0850
v  -4199.5337 -331.6966 -9641.7402
v  -4199.5054 -331.6966 -9641.8496
v  -4199.3779 -330.7309 -9641.1934
v  -4202.4282 -476.6848 -9639.4707
v  -4202.9063 -476.7646 -9644.1309
v  -4228.7363 -476.7550 -9636.7549
v  -4229.2139 -476.6800 -9641.4150
v  -4229.1406 -473.1505 -9638.7598
v  -4204.5005 -484.0492 -9647.9365
v  -4204.4854 -484.1008 -9647.9746
v  -4202.6260 -484.0444 -9643.6484
v  -4202.7305 -473.0989 -9637.4531
v  -4202.3569 -476.6989 -9639.0791
v  -4231.2842 -330.5761 -9634.8594
v  -4231.2656 -330.5338 -9634.8906
v  -4232.2046 -330.5338 -9639.4150
v  -4229.2417 -469.4893 -9640.8320
v  -4229.3535 -469.4893 -9640.4443
v  -4229.1904 -473.1505 -9638.3584
v  -4207.1904 -374.4055 -9630.0176
v  -4205.6890 -378.0664 -9631.4727
v  -4206.0298 -378.0664 -9631.2559
v  -4207.5601 -374.4055 -9629.8564
v  -4206.4888 -451.2076 -9630.7891
v  -4208.0869 -447.5464 -9629.4668
v  -4210.0605 -421.9474 -9652.6855
v  -4209.7573 -421.9474 -9652.4199
v  -4207.9844 -418.2910 -9651.3438
v  -4210.3472 -451.2076 -9628.1826
v  -4230.6128 -331.6402 -9633.6904
v  -4230.9453 -330.7027 -9634.2471
v  -4212.6533 -352.4674 -9653.5977
v  -4214.7173 -356.1238 -9653.9277
v  -4212.3027 -352.4674 -9653.3994
v  -4214.3374 -443.8903 -9627.0986
v  -4212.3008 -447.5464 -9627.4844
v  -4209.8696 -443.8903 -9628.4072
v  -4227.9204 -341.4937 -9634.3838
v  -4227.6470 -341.4937 -9634.0869
v  -4226.5273 -345.1501 -9632.3398
v  -4199.6694 -396.3481 -9640.8242
v  -4199.5859 -396.3481 -9640.7480
v  -4199.8281 -400.0093 -9643.2441
v  -4199.9229 -400.0093 -9643.3057
v  -4229.5000 -330.6325 -9640.3574
v  -4229.5054 -330.5761 -9640.3896
v  -4229.3926 -330.5761 -9639.9941
v  -4229.3862 -330.6325 -9639.9609
v  -4232.0547 -331.6354 -9639.2637
v  -4231.7241 -334.2934 -9637.4600
v  -4231.7813 -334.2793 -9637.3799
v  -4232.1182 -331.6309 -9639.1826
v  -4229.4106 -484.1008 -9631.3271
v  -4229.5010 -484.1008 -9631.3574
v  -4229.4712 -484.1194 -9631.4297
v  -4229.4106 -484.1194 -9631.3877
v  -4228.7705 -476.7646 -9636.2588
v  -4228.8481 -476.7691 -9636.1914
v  -4228.0708 -480.2710 -9634.3203
v  -4231.5752 -476.7739 -9641.7041
v  -4231.1914 -473.1598 -9644.0859
v  -4229.4106 -473.1457 -9644.0078
v  -4202.2310 -473.1457 -9636.8750
v  -4201.8472 -476.7598 -9638.9854
v  -4212.8984 -356.7754 -9654.4902
v  -4213.4854 -356.8642 -9654.5850
v  -4231.5923 -399.1327 -9640.2803
v  -4231.4902 -399.1186 -9640.2822
v  -4226.1104 -416.8894 -9629.0459
v  -4204.7969 -416.8894 -9650.1201
v  -4205.2246 -416.7067 -9650.4902
v  -4226.5376 -416.7067 -9629.4160
v  -4232.2349 -330.5338 -9639.9111
v  -4232.1782 -330.5338 -9639.9893
v  -4232.2690 -330.5338 -9639.8164
v  -4204.3506 -482.9287 -9647.7510
v  -4227.2329 -484.1194 -9632.8613
v  -4227.0693 -484.1194 -9632.5244
v  -4229.4170 -482.8867 -9638.3535
v  -4229.3887 -483.8428 -9637.7969
v  -4232.1021 -396.3481 -9640.2363
v  -4231.8745 -400.0093 -9637.7324
v  -4231.8135 -400.0093 -9637.6387
v  -4232.0547 -396.3481 -9640.1348
v  -4208.6387 -356.1238 -9655.0020
v  -4208.7109 -356.1238 -9655.0879
v  -4206.5396 -352.4674 -9653.8184
v  -4206.4810 -352.4674 -9653.7236
v  -4202.6221 -483.9646 -9643.6035
v  -4202.3125 -480.2473 -9641.1025
v  -4203.6724 -480.2896 -9646.3975
v  -4199.9780 -483.9694 -9644.7939
v  -4199.9839 -484.0492 -9644.8486
v  -4201.8350 -484.0492 -9649.0850
v  -4201.8140 -483.9694 -9649.0342
v  -4201.6133 -334.3450 -9648.3271
v  -4202.9443 -337.8793 -9650.3643
v  -4203.1729 -337.8748 -9650.7012
v  -4201.7891 -334.3402 -9648.6963
v  -4208.8022 -345.1594 -9652.0117
v  -4208.5288 -345.1639 -9651.7168
v  -4206.8901 -341.5453 -9650.4688
v  -4207.1143 -341.5357 -9650.8008
v  -4202.0581 -484.1008 -9649.4688
v  -4201.8774 -484.1008 -9649.1045
v  -4231.2646 -330.6325 -9634.8232
v  -4231.2417 -330.7027 -9634.7822
v  -4200.4092 -330.7309 -9646.1191
v  -4200.7310 -331.6918 -9646.7090
v  -4200.8643 -331.6918 -9647.0996
v  -4200.5278 -330.7309 -9646.5186
v  -4231.1523 -337.7950 -9634.9385
v  -4230.1172 -341.4421 -9632.6563
v  -4229.8921 -341.4328 -9632.3223
v  -4230.9814 -337.7764 -9634.5781
v  -4208.1128 -348.6562 -9653.2178
v  -4228.4824 -337.8700 -9635.9629
v  -4229.0044 -334.3075 -9637.9063
v  -4227.3516 -334.3075 -9633.5674
v  -4226.1919 -337.8700 -9631.9111
v  -4200.2515 -410.9782 -9645.2041
v  -4199.7046 -407.3221 -9642.7490
v  -4199.7349 -407.3221 -9642.6416
v  -4200.2646 -410.9782 -9645.0938
v  -4206.8770 -345.1501 -9654.0469
v  -4209.0796 -348.8062 -9655.2607
v  -4209.1914 -348.8062 -9655.2627
v  -4206.9863 -345.1501 -9654.0654
v  -4228.0488 -480.2662 -9634.8965
v  -4227.4189 -482.8867 -9633.5439
v  -4229.0728 -482.8726 -9637.9023
v  -4229.2017 -480.2098 -9639.4150
v  -4211.4424 -352.4674 -9656.1240
v  -4213.9097 -356.1238 -9656.6104
v  -4214.0171 -356.1238 -9656.5771
v  -4211.5527 -352.4674 -9656.1074
v  -4224.7666 -454.8640 -9654.0449
v  -4222.5649 -451.2076 -9655.2598
v  -4222.4536 -451.2076 -9655.2617
v  -4224.6572 -454.8640 -9654.0645
v  -4229.2822 -331.6402 -9639.3975
v  -4228.1265 -331.6402 -9634.8848
v  -4221.3472 -367.0927 -9655.7578
v  -4221.4272 -367.0927 -9655.6797
v  -4219.0137 -363.4363 -9656.3604
v  -4218.9224 -363.4363 -9656.4248
v  -4223.7075 -370.7491 -9654.6338
v  -4223.6392 -370.7491 -9654.7217
v  -4208.4761 -421.9474 -9654.9209
v  -4206.3325 -418.2910 -9653.6182
v  -4206.2236 -418.2910 -9653.5938
v  -4208.3643 -421.9474 -9654.9150
v  -4228.7354 -454.8640 -9650.3564
v  -4230.1069 -458.5204 -9648.2490
v  -4230.1172 -458.5204 -9648.1377
v  -4228.7617 -454.8640 -9650.2480
v  -4204.0269 -378.0664 -9629.2178
v  -4205.8950 -374.4055 -9627.5342
v  -4204.3325 -378.0664 -9628.9463
v  -4231.9087 -400.0093 -9642.7412
v  -4232.1021 -403.6657 -9640.6436
v  -4232.0728 -403.6657 -9640.2363
v  -4231.9087 -400.0093 -9638.1387
v  -4200.3760 -330.6277 -9646.0576
v  -4200.4927 -330.6277 -9646.4570
v  -4200.4702 -330.5668 -9646.4189
v  -4201.1968 -407.3221 -9647.5322
v  -4202.4634 -410.9782 -9649.7012
v  -4202.6753 -410.9782 -9650.0498
v  -4201.3540 -407.3221 -9647.9092
v  -4208.0024 -370.7491 -9626.1611
v  -4210.2949 -367.0927 -9625.1260
v  -4208.3755 -370.7491 -9625.9951
v  -4229.8608 -483.8476 -9631.9268
v  -4230.1172 -482.9101 -9632.5264
v  -4231.6738 -483.8428 -9636.1758
v  -4218.5161 -363.4363 -9656.4678
v  -4220.9521 -367.0927 -9655.8623
v  -4212.7197 -363.4363 -9624.4590
v  -4215.2188 -359.7802 -9624.1709
v  -4213.1255 -363.4363 -9624.4150
v  -4200.3750 -403.6657 -9645.5928
v  -4200.2783 -403.6657 -9645.1953
v  -4199.7964 -407.3221 -9643.1465
v  -4213.5073 -443.8903 -9624.3555
v  -4216.0127 -440.2339 -9624.1895
v  -4216.4209 -440.2339 -9624.1709
v  -4213.9072 -443.8903 -9624.2744
v  -4217.7324 -356.1238 -9624.2734
v  -4220.1997 -352.4674 -9624.7588
v  -4218.1323 -356.1238 -9624.3545
v  -4210.6895 -367.0927 -9625.0205
v  -4212.7246 -370.7491 -9624.4873
v  -4208.7231 -348.8062 -9655.0615
v  -4211.0596 -352.4674 -9655.9805
v  -4222.5620 -348.8062 -9625.6221
v  -4224.7651 -345.1501 -9626.8359
v  -4222.9189 -348.8062 -9625.8213
v  -4208.7212 -451.2076 -9625.8232
v  -4206.8750 -454.8640 -9626.8379
v  -4206.5532 -454.8640 -9627.0908
v  -4204.9063 -451.2076 -9628.3994
v  -4202.4395 -418.2910 -9649.7178
v  -4204.0288 -421.9474 -9651.6670
v  -4204.3335 -421.9474 -9651.9385
v  -4202.6992 -418.2910 -9650.0322
v  -4226.7529 -341.4937 -9628.3770
v  -4228.4722 -337.8700 -9630.1875
v  -4227.0322 -341.4937 -9628.6748
v  -4199.9722 -334.3450 -9644.0430
v  -4200.5068 -337.8793 -9645.9883
v  -4200.6787 -337.8793 -9646.3584
v  -4228.9678 -389.0356 -9650.0459
v  -4230.2891 -392.6920 -9647.9072
v  -4230.4458 -392.6920 -9647.5293
v  -4229.1807 -389.0356 -9649.6973
v  -4199.4204 -330.6277 -9641.5361
v  -4199.4355 -330.7309 -9641.6045
v  -4204.8882 -341.4937 -9652.5059
v  -4204.9927 -341.4889 -9652.5400
v  -4203.2700 -337.8700 -9650.7510
v  -4220.5825 -352.4674 -9624.9023
v  -4229.8076 -484.0396 -9631.8027
v  -4229.8315 -483.9553 -9631.8584
v  -4201.7095 -482.9428 -9648.7529
v  -4200.9580 -480.3412 -9647.1084
v  -4200.8281 -480.3505 -9646.7266
v  -4201.5356 -482.9476 -9648.3818
v  -4205.1143 -345.1501 -9648.5439
v  -4203.9946 -341.4937 -9646.7979
v  -4230.6909 -480.3178 -9633.7900
v  -4230.6187 -480.2944 -9633.7236
v  -4199.6729 -480.2896 -9642.2520
v  -4199.8916 -482.9287 -9644.0742
v  -4205.6064 -349.0549 -9651.4863
v  -4228.7012 -337.8700 -9630.5254
v  -4201.8774 -334.3402 -9648.7646
v  -4200.9448 -331.6918 -9647.1816
v  -4199.8472 -484.0492 -9644.4551
v  -4199.8735 -484.1008 -9644.4922
v  -4200.0190 -484.1008 -9644.8740
v  -4228.4624 -345.1360 -9630.2295
v  -4226.7334 -348.8062 -9628.3984
v  -4225.0864 -345.1501 -9627.0879
v  -4223.6260 -378.0664 -9654.6963
v  -4227.3091 -378.0664 -9651.9365
v  -4225.4028 -374.4055 -9653.5693
v  -4221.3369 -374.4055 -9655.7295
v  -4224.7485 -352.4674 -9626.8604
v  -4222.5503 -356.1238 -9625.6484
v  -4218.5132 -436.5775 -9624.4141
v  -4213.9116 -436.5775 -9624.3027
v  -4216.4199 -432.9211 -9624.1992
v  -4220.9502 -432.9211 -9625.0195
v  -4220.1914 -359.7802 -9624.7871
v  -4217.7280 -363.4363 -9624.3018
v  -4215.6270 -359.7802 -9624.1895
v  -4227.3086 -421.9474 -9628.9443
v  -4223.6230 -421.9474 -9626.1846
v  -4225.7266 -418.2910 -9627.5566
v  -4228.9424 -418.2910 -9630.8506
v  -4215.2188 -367.0927 -9624.1992
v  -4206.2388 -374.4055 -9627.3135
v  -4210.3047 -374.4055 -9625.1533
v  -4208.0156 -378.0664 -9626.1875
v  -4220.9624 -374.4055 -9655.8906
v  -4223.2798 -378.0664 -9654.9131
v  -4228.9663 -410.9782 -9630.8340
v  -4228.8691 -410.9782 -9630.7783
v  -4230.2007 -407.3221 -9632.9033
v  -4230.2881 -407.3221 -9632.9746
v  -4223.1680 -378.0664 -9654.9199
v  -4220.8506 -374.4055 -9655.8799
v  -4220.7529 -374.4055 -9655.8262
v  -4223.0625 -378.0664 -9654.8818
v  -4222.8145 -378.0664 -9654.6064
v  -4220.5488 -374.4055 -9655.5156
v  -4219.7158 -374.4055 -9653.9502
v  -4221.7500 -378.0664 -9653.1875
v  -4218.3242 -370.7491 -9656.4014
v  -4218.1714 -370.7491 -9656.0635
v  -4203.9907 -421.9474 -9651.5615
v  -4203.9976 -421.9474 -9651.4502
v  -4205.8340 -425.6083 -9653.1406
v  -4205.8438 -425.6083 -9653.2520
v  -4218.4126 -370.7491 -9656.4688
v  -4218.5210 -370.7491 -9656.4971
v  -4231.9370 -407.3221 -9638.1338
v  -4231.8457 -407.3221 -9637.7363
v  -4218.9170 -370.7491 -9656.3955
v  -4216.4229 -367.0927 -9656.6836
v  -4216.0156 -367.0927 -9656.7227
v  -4199.5762 -476.7646 -9639.8252
v  -4200.5630 -330.5200 -9646.3359
v  -4200.4775 -330.5338 -9646.3867
v  -4200.5518 -330.5338 -9646.4619
v  -4200.6401 -330.5338 -9646.5117
v  -4201.7598 -458.5204 -9632.2939
v  -4200.6714 -462.1765 -9634.5566
v  -4200.5005 -462.1765 -9634.9277
v  -4201.5347 -458.5204 -9632.6348
v  -4209.0898 -443.8903 -9625.6494
v  -4206.8911 -447.5464 -9626.8613
v  -4206.5371 -447.5464 -9627.0654
v  -4208.7090 -443.8903 -9625.7969
v  -4218.9141 -429.2647 -9624.4863
v  -4216.0127 -432.9211 -9624.1611
v  -4218.5181 -429.2647 -9624.3848
v  -4199.8633 -473.1505 -9637.3574
v  -4200.5278 -469.4893 -9634.9375
v  -4200.6431 -469.4941 -9634.5459
v  -4199.9180 -473.1505 -9636.9541
v  -4199.6494 -473.2066 -9641.9883
v  -4199.5508 -469.5034 -9639.8584
v  -4199.6011 -469.5082 -9639.4541
v  -4228.4771 -330.5245 -9635.0518
v  -4228.4126 -330.5338 -9635.0303
v  -4227.0107 -484.1008 -9632.5313
v  -4227.1567 -484.1008 -9632.9082
v  -4199.5791 -331.6966 -9642.2549
v  -4199.8755 -334.3450 -9643.5391
v  -4200.5630 -337.8793 -9645.7764
v  -4200.5137 -337.8793 -9645.8760
v  -4231.4590 -482.8912 -9637.6035
v  -4231.5884 -480.2755 -9639.3643
v  -4229.7676 -482.8867 -9638.2529
v  -4230.4468 -469.4941 -9646.4141
v  -4228.7070 -469.4893 -9646.0586
v  -4230.6660 -476.6050 -9637.3916
v  -4224.4131 -379.6135 -9653.2188
v  -4205.6582 -379.7728 -9629.1592
v  -4206.0688 -380.0353 -9628.8193
v  -4224.8242 -379.8760 -9652.8799
v  -4217.1978 -357.5533 -9626.0859
v  -4211.1577 -358.1254 -9654.0752
v  -4229.5254 -330.5338 -9640.3994
v  -4229.5928 -330.5338 -9640.4668
v  -4229.2056 -484.0396 -9637.5996
v  -4229.2881 -484.0396 -9637.6592
v  -4229.2910 -483.9505 -9637.7109
v  -4203.5776 -331.7011 -9646.5225
v  -4229.6890 -484.1194 -9637.3877
v  -4231.3413 -484.1194 -9636.6426
v  -4202.7959 -476.7739 -9644.6953
v  -4202.8735 -476.7691 -9644.6279
v  -4229.2500 -473.1505 -9638.2764
v  -4229.4248 -469.4941 -9640.3730
v  -4229.5195 -469.4941 -9640.3369
v  -4229.3374 -473.1550 -9638.2236
v  -4214.1426 -370.7491 -9626.8467
v  -4216.2568 -367.0927 -9626.7490
v  -4213.3340 -363.4363 -9653.8154
v  -4213.2813 -363.4363 -9653.9023
v  -4211.2383 -359.7802 -9653.3516
v  -4211.3037 -359.7802 -9653.2744
v  -4215.3848 -367.0927 -9654.1338
v  -4215.4238 -367.0927 -9654.0400
v  -4209.3027 -443.8903 -9628.3945
v  -4208.8022 -370.7491 -9628.7891
v  -4208.7231 -370.7491 -9628.7256
v  -4207.0024 -374.4055 -9629.9580
v  -4207.0908 -374.4055 -9630.0078
v  -4212.7158 -447.5464 -9627.0986
v  -4214.8081 -443.8903 -9626.7813
v  -4217.5234 -370.7491 -9653.9375
v  -4217.4990 -370.7491 -9654.0361
v  -4208.8066 -345.1546 -9652.2070
v  -4210.7007 -348.8062 -9653.1455
v  -4210.7026 -348.8062 -9653.0459
v  -4208.8242 -345.1546 -9652.1084
v  -4214.7173 -440.2339 -9654.0957
v  -4214.7344 -440.2339 -9654.4590
v  -4212.5889 -436.5775 -9654.1230
v  -4212.6279 -436.5775 -9653.7617
v  -4221.5503 -378.0664 -9652.7793
v  -4221.5571 -378.0664 -9652.8809
v  -4219.5732 -374.4055 -9653.6172
v  -4219.5811 -374.4055 -9653.5156
v  -4208.5781 -429.2647 -9652.4902
v  -4206.8076 -425.6083 -9651.2314
v  -4207.0049 -425.6083 -9650.9258
v  -4208.7251 -429.2647 -9652.1582
v  -4222.8374 -345.1501 -9628.6758
v  -4224.5659 -341.4937 -9629.8984
v  -4215.4199 -367.0927 -9654.4941
v  -4217.5889 -370.7491 -9654.3877
v  -4215.7363 -367.0927 -9656.2402
v  -4210.5181 -367.0927 -9627.4209
v  -4210.6113 -367.0927 -9627.7715
v  -4212.6250 -363.4363 -9627.1211
v  -4212.5869 -363.4363 -9626.7607
v  -4204.3335 -345.1501 -9648.5459
v  -4203.2227 -341.4937 -9646.6797
v  -4209.1743 -356.1238 -9652.8291
v  -4221.1191 -348.8062 -9627.4199
v  -4220.9414 -348.8062 -9627.7373
v  -4229.4209 -410.9782 -9636.8779
v  -4201.7065 -331.6966 -9641.0762
v  -4201.9404 -334.3450 -9642.6465
v  -4201.9399 -473.1598 -9642.6729
v  -4224.9116 -418.2910 -9627.5205
v  -4222.8125 -421.9474 -9626.2754
v  -4221.7480 -421.9474 -9627.6943
v  -4223.6416 -418.2910 -9628.7578
v  -4206.5918 -352.4674 -9653.2637
v  -4204.7275 -348.8062 -9651.6895
v  -4208.6768 -356.1238 -9654.5313
v  -4211.1606 -359.7802 -9653.7061
v  -4210.9321 -359.7802 -9655.4648
v  -4229.7202 -465.8329 -9642.5469
v  -4231.3813 -465.8329 -9643.1699
v  -4231.6196 -469.4941 -9640.7393
v  -4229.8799 -469.4941 -9640.3799
v  -4213.3047 -363.4363 -9656.0381
v  -4213.2603 -363.4363 -9654.2637
v  -4223.0605 -421.9474 -9626.0000
v  -4215.9136 -367.0927 -9656.6787
v  -4215.8359 -367.0927 -9656.5967
v  -4213.4111 -363.4363 -9656.4980
v  -4213.5063 -363.4363 -9656.5576
v  -4211.0513 -359.7802 -9656.0088
v  -4210.9673 -359.7802 -9655.9365
v  -4225.1045 -447.5464 -9653.8174
v  -4225.1626 -447.5464 -9653.7227
v  -4223.0054 -443.8903 -9655.0010
v  -4222.9331 -443.8903 -9655.0869
v  -4220.5903 -359.7802 -9624.8740
v  -4220.6748 -359.7802 -9624.9473
v  -4218.2305 -363.4363 -9624.3848
v  -4218.1353 -363.4363 -9624.3252
v  -4232.0908 -469.5034 -9641.0244
v  -4232.0508 -469.4986 -9640.9238
v  -4231.7813 -465.8329 -9643.4209
v  -4231.8066 -465.8329 -9643.5303
v  -4228.5176 -330.5245 -9635.0010
v  -4228.5425 -330.5245 -9634.9395
v  -4228.5034 -330.5338 -9634.8760
v  -4228.4482 -330.5338 -9634.9453
v  -4232.1157 -330.5245 -9639.4346
v  -4232.2085 -330.5245 -9639.8096
v  -4214.1016 -356.1238 -9656.5049
v  -4216.5967 -359.7802 -9656.5781
v  -4206.4648 -352.4674 -9653.6133
v  -4204.5493 -348.8062 -9652.0137
v  -4231.7080 -484.1008 -9636.5879
v  -4231.6548 -484.1194 -9636.5195
v  -4231.6670 -484.1194 -9636.4434
v  -4231.7510 -484.1008 -9636.4961
v  -4208.5811 -421.9474 -9654.8828
v  -4225.1992 -418.2910 -9627.2871
v  -4226.7920 -414.6346 -9629.0752
v  -4227.1123 -414.6346 -9628.8887
v  -4223.1660 -421.9474 -9625.9619
v  -4220.8486 -425.6083 -9625.0020
v  -4227.0679 -483.8428 -9632.5566
v  -4227.0400 -483.9505 -9632.5000
v  -4227.0278 -483.9505 -9632.6064
v  -4227.0562 -483.8428 -9632.6631
v  -4213.3174 -370.7491 -9624.4814
v  -4213.4702 -370.7491 -9624.8193
v  -4211.0928 -374.4055 -9625.3672
v  -4202.8833 -410.9782 -9650.1182
v  -4203.2290 -410.9782 -9649.9824
v  -4206.4790 -447.5464 -9627.1611
v  -4206.4629 -447.5464 -9627.2725
v  -4210.9180 -359.7802 -9655.8350
v  -4213.3477 -363.4363 -9656.4053
v  -4200.2915 -400.0093 -9643.3398
v  -4200.0293 -396.3481 -9640.9141
v  -4203.1606 -337.8793 -9644.9258
v  -4202.9365 -337.8793 -9644.5908
v  -4210.2144 -367.0927 -9625.2031
v  -4212.6279 -363.4363 -9624.5225
v  -4232.0093 -480.2710 -9639.1572
v  -4231.8516 -482.8912 -9637.3457
v  -4231.8696 -482.8867 -9637.2324
v  -4232.0420 -480.2662 -9639.0518
v  -4199.8423 -483.9694 -9644.3994
v  -4201.9790 -483.8755 -9649.3428
v  -4201.7891 -483.8755 -9648.9756
v  -4202.0674 -483.8755 -9649.4121
v  -4202.3989 -482.9146 -9642.6367
v  -4199.9839 -473.1550 -9636.8662
v  -4200.0796 -473.1550 -9636.8135
v  -4199.7017 -476.7739 -9639.2549
v  -4201.5259 -341.4937 -9648.1396
v  -4201.5615 -341.4937 -9648.0342
v  -4202.4341 -483.9646 -9643.2402
v  -4232.0249 -476.7646 -9641.5664
v  -4232.0747 -476.7598 -9641.4697
v  -4220.9590 -432.9211 -9627.8447
v  -4229.0156 -484.0396 -9637.2373
v  -4199.7046 -480.2989 -9641.6611
v  -4201.0303 -480.3178 -9647.1748
v  -4201.7930 -482.9335 -9648.8213
v  -4207.7109 -352.4674 -9651.2744
v  -4209.4766 -356.1238 -9652.3936
v  -4218.3101 -436.5775 -9653.8145
v  -4220.3398 -440.2339 -9653.2734
v  -4220.2505 -440.2339 -9653.2285
v  -4218.2275 -436.5775 -9653.7568
v  -4229.6841 -330.5245 -9640.4502
v  -4230.0186 -330.5245 -9640.3633
v  -4219.6289 -374.4055 -9653.4268
v  -4216.8833 -359.7802 -9654.0049
v  -4216.8076 -359.7802 -9653.9375
v  -4213.6914 -429.2647 -9653.6973
v  -4211.6743 -425.6083 -9653.2119
v  -4212.0151 -425.6083 -9653.4287
v  -4214.0610 -429.2647 -9653.8584
v  -4224.0815 -374.4055 -9651.0264
v  -4219.9692 -374.4055 -9653.2119
v  -4222.3521 -370.7491 -9652.1709
v  -4225.1509 -348.8062 -9630.7881
v  -4212.7690 -436.5775 -9653.6250
v  -4210.7749 -432.9211 -9652.9980
v  -4211.1763 -432.9211 -9653.0400
v  -4213.1719 -436.5775 -9653.6035
v  -4204.4277 -381.7228 -9633.1387
v  -4204.7305 -381.7228 -9632.8730
v  -4213.1699 -363.4363 -9627.2803
v  -4212.7666 -363.4363 -9627.2588
v  -4210.7729 -367.0927 -9627.8867
v  -4208.0879 -352.4674 -9651.4180
v  -4206.4912 -348.8062 -9650.0957
v  -4215.8833 -432.9211 -9627.0146
v  -4224.7651 -341.4937 -9630.4287
v  -4199.8594 -484.0492 -9644.3369
v  -4199.8545 -483.9694 -9644.2822
v  -4199.9087 -483.9694 -9644.1855
v  -4199.9126 -484.0492 -9644.2402
v  -4229.0430 -400.0093 -9642.7686
v  -4228.5283 -396.3481 -9644.7773
v  -4229.2446 -396.3481 -9640.1768
v  -4229.0430 -400.0093 -9638.1123
v  -4202.9185 -476.7646 -9644.5361
v  -4228.5273 -403.6657 -9636.1035
v  -4229.2446 -403.6657 -9640.7041
v  -4210.3491 -348.8062 -9652.7012
v  -4224.7656 -458.5204 -9650.4531
v  -4223.1177 -454.8640 -9651.7119
v  -4226.5288 -454.8640 -9648.5420
v  -4227.6479 -458.5204 -9646.7959
v  -4222.3501 -429.2647 -9628.7100
v  -4222.8442 -454.8640 -9652.0088
v  -4224.5420 -458.5204 -9650.7881
v  -4224.4517 -374.4055 -9650.8652
v  -4225.9526 -378.0664 -9649.4102
v  -4224.5508 -374.4055 -9650.8750
v  -4203.6250 -458.5204 -9634.4150
v  -4226.0532 -378.0664 -9649.4053
v  -4226.1475 -378.0664 -9649.4414
v  -4227.4116 -381.7228 -9647.7432
v  -4227.3125 -381.7228 -9647.7236
v  -4204.2310 -418.2910 -9647.7451
v  -4203.2461 -414.6346 -9645.8730
v  -4203.3467 -414.6346 -9645.8682
v  -4204.3306 -418.2910 -9647.7256
v  -4226.8438 -454.8640 -9648.2900
v  -4227.9214 -458.5204 -9646.4990
v  -4217.8267 -436.5775 -9653.7158
v  -4215.7573 -432.9211 -9653.8682
v  -4216.1484 -432.9211 -9653.9697
v  -4202.3970 -403.6657 -9640.1787
v  -4202.5176 -407.3221 -9642.2500
v  -4202.3657 -407.3221 -9641.8760
v  -4202.3657 -392.6920 -9639.0088
v  -4202.5176 -392.6920 -9638.6357
v  -4203.1670 -330.5338 -9645.4531
v  -4203.2026 -330.5668 -9645.4678
v  -4202.2480 -330.5668 -9640.8848
v  -4202.2168 -330.5338 -9640.8750
v  -4203.4399 -414.6346 -9645.9033
v  -4204.4287 -418.2910 -9647.7451
v  -4210.7007 -451.2076 -9627.8389
v  -4210.6626 -451.2076 -9627.9316
v  -4210.6646 -348.8062 -9652.9521
v  -4225.0361 -385.3792 -9650.3506
v  -4225.0332 -385.3792 -9650.4512
v  -4223.3818 -381.7228 -9651.7510
v  -4224.5337 -458.5204 -9650.8877
v  -4222.8213 -454.8640 -9652.1064
v  -4228.0171 -458.5204 -9646.4678
v  -4226.9434 -454.8640 -9648.2744
v  -4227.0410 -454.8640 -9648.3008
v  -4228.1177 -458.5204 -9646.4775
v  -4216.9263 -359.7802 -9654.0957
v  -4219.0547 -363.4363 -9654.1230
v  -4219.0166 -363.4363 -9653.7617
v  -4224.6392 -374.4055 -9650.9248
v  -4224.8350 -374.4055 -9651.2295
v  -4226.3887 -378.0664 -9649.7119
v  -4214.0552 -429.2647 -9654.3877
v  -4216.2251 -432.9211 -9654.4941
v  -4216.2593 -432.9211 -9654.1338
v  -4214.1445 -429.2647 -9654.0361
v  -4201.0796 -330.7309 -9646.6113
v  -4201.0435 -330.6277 -9646.5527
v  -4200.7065 -330.7309 -9646.6543
v  -4221.0293 -367.0927 -9653.1113
v  -4219.5796 -425.6083 -9627.3662
v  -4219.5713 -425.6083 -9627.2666
v  -4202.2583 -484.0444 -9643.2070
v  -4202.2563 -483.9646 -9643.1602
v  -4202.3516 -483.9646 -9643.1807
v  -4202.4160 -337.8793 -9644.6895
v  -4219.0972 -363.4363 -9655.8955
v  -4219.8052 -352.4674 -9625.1533
v  -4219.0498 -352.4674 -9626.7578
v  -4222.1128 -348.8062 -9625.9512
v  -4222.2627 -443.8903 -9652.4238
v  -4222.1670 -443.8903 -9652.3926
v  -4203.2300 -330.5338 -9645.8506
v  -4203.1948 -330.5338 -9645.9365
v  -4203.2261 -330.5668 -9645.9688
v  -4203.2583 -330.5668 -9645.8730
v  -4204.0210 -334.3450 -9648.0566
v  -4205.2798 -337.8793 -9649.7314
v  -4205.5825 -337.8934 -9649.5322
v  -4204.3491 -334.3543 -9647.9014
v  -4224.5459 -345.1501 -9626.8447
v  -4226.5356 -341.4937 -9628.3516
v  -4225.6040 -451.2076 -9649.8945
v  -4224.0313 -447.5464 -9651.2891
v  -4224.1167 -447.5464 -9651.3428
v  -4225.6963 -451.2076 -9649.9346
v  -4229.7021 -473.1598 -9638.2100
v  -4229.2075 -476.7691 -9636.1211
v  -4225.3467 -414.6346 -9630.1035
v  -4203.1597 -330.5668 -9646.0410
v  -4227.2251 -414.6346 -9628.8848
v  -4225.3096 -418.2910 -9627.2656
v  -4202.7847 -389.9404 -9631.9814
v  -4202.7607 -389.9590 -9631.9082
v  -4204.6382 -484.0492 -9648.3252
v  -4228.8511 -330.5338 -9634.7842
v  -4229.4019 -480.2428 -9639.8555
v  -4202.9346 -469.4893 -9634.8242
v  -4201.1948 -469.4941 -9634.4688
v  -4202.2915 -465.8329 -9632.2861
v  -4203.9526 -465.8329 -9632.9063
v  -4201.0464 -331.6918 -9647.2236
v  -4227.1426 -484.0396 -9632.9492
v  -4228.7070 -337.8655 -9636.3008
v  -4228.0171 -341.4889 -9634.4170
v  -4229.4058 -482.8912 -9632.1553
v  -4230.1646 -480.2710 -9633.7520
v  -4230.5254 -480.2755 -9633.6914
v  -4228.8301 -330.5761 -9634.7324
v  -4228.8115 -330.6325 -9634.7031
v  -4228.4609 -330.6325 -9634.8096
v  -4228.4795 -330.5761 -9634.8369
v  -4231.4063 -483.9505 -9636.8906
v  -4229.7334 -483.9505 -9637.6172
v  -4202.2612 -484.1008 -9643.2607
v  -4202.2554 -330.6277 -9640.9199
v  -4202.2651 -330.7309 -9640.9766
v  -4229.5703 -330.6325 -9640.4375
v  -4229.5757 -330.5761 -9640.4697
v  -4202.3506 -484.1194 -9648.9043
v  -4202.1709 -484.1194 -9649.4531
v  -4230.9692 -330.6325 -9634.2881
v  -4229.5845 -484.1008 -9631.4150
v  -4229.5376 -484.1194 -9631.4531
v  -4206.2930 -385.3792 -9630.1045
v  -4206.5708 -385.3792 -9630.3389
v  -4207.0840 -341.5030 -9650.9844
v  -4206.8179 -341.4937 -9651.2285
v  -4208.5811 -345.1501 -9652.4922
v  -4229.7651 -484.1008 -9631.7793
v  -4229.6792 -484.1194 -9631.8105
v  -4200.0542 -480.2989 -9641.5361
v  -4200.1851 -482.9287 -9643.3047
v  -4199.8516 -482.9287 -9643.4717
v  -4216.8599 -356.1238 -9626.8779
v  -4216.8315 -356.1238 -9626.7813
v  -4214.7153 -359.7802 -9626.7871
v  -4214.7588 -359.7802 -9626.8789
v  -4205.6416 -337.9405 -9649.3594
v  -4204.4067 -334.3684 -9647.8242
v  -4205.6309 -337.9123 -9649.4502
v  -4228.7896 -330.7027 -9634.6670
v  -4228.4399 -330.7027 -9634.7754
v  -4202.8623 -330.7309 -9646.2295
v  -4203.2119 -330.7309 -9646.1221
v  -4203.1797 -330.6277 -9646.0713
v  -4202.8291 -330.6277 -9646.1777
v  -4228.3589 -469.4893 -9645.9570
v  -4202.6182 -483.8710 -9643.5498
v  -4202.4302 -483.8710 -9643.1855
v  -4231.9399 -476.7691 -9641.6338
v  -4231.5625 -473.1550 -9644.0703
v  -4229.7373 -483.8428 -9637.6826
v  -4231.4116 -483.8428 -9636.9639
v  -4230.9907 -330.5761 -9634.3213
v  -4231.0898 -330.5761 -9634.3691
v  -4231.1685 -330.5761 -9634.4590
v  -4201.9116 -484.0492 -9643.3242
v  -4201.9243 -484.1008 -9643.3877
v  -4200.2402 -484.0492 -9644.0566
v  -4200.2363 -483.9694 -9644.0029
v  -4201.9087 -483.9694 -9643.2764
v  -4210.5229 -348.8062 -9653.4629
v  -4227.3896 -484.1008 -9632.1875
v  -4229.0942 -484.1008 -9631.4424
v  -4229.1382 -484.1194 -9631.5234
v  -4228.3955 -330.6325 -9634.8818
v  -4205.9976 -380.0587 -9628.7266
v  -4207.1182 -341.5171 -9650.8945
v  -4203.2832 -469.4893 -9634.9258
v  -4204.2813 -465.8329 -9633.0615
v  -4210.0918 -378.0664 -9628.1035
v  -4212.0684 -374.4055 -9627.2666
v  -4205.5547 -462.1765 -9631.3721
v  -4207.0747 -458.5204 -9629.8994
v  -4226.0742 -337.8700 -9631.3555
v  -4226.0278 -337.8700 -9631.4453
v  -4227.2563 -334.3075 -9633.0811
v  -4227.3125 -334.3075 -9633.0000
v  -4208.8022 -454.8640 -9628.6777
v  -4210.6987 -451.2076 -9627.7373
v  -4231.7402 -483.8428 -9636.7832
v  -4231.7925 -482.8912 -9637.4375
v  -4207.5244 -447.5464 -9629.5410
v  -4216.9243 -440.2339 -9626.7871
v  -4219.0137 -436.5775 -9627.1211
v  -4224.6372 -425.6083 -9629.9570
v  -4206.5894 -447.5464 -9627.6211
v  -4207.3433 -447.5464 -9629.2256
v  -4223.6431 -429.2647 -9626.7168
v  -4223.7324 -429.2647 -9626.3564
v  -4225.8081 -425.6083 -9627.7422
v  -4228.7437 -454.8640 -9650.1377
v  -4230.0811 -458.5204 -9648.0313
v  -4227.3286 -414.6346 -9628.9248
v  -4225.4180 -418.2910 -9627.2891
v  -4202.9063 -454.8640 -9630.5254
v  -4203.1807 -454.8640 -9630.2246
v  -4206.2407 -425.6083 -9653.5713
v  -4208.3784 -429.2647 -9654.8887
v  -4210.3066 -425.6083 -9655.7305
v  -4212.7275 -429.2647 -9656.3965
v  -4213.1235 -429.2647 -9656.4980
v  -4210.6826 -425.6083 -9655.8916
v  -4199.5396 -396.3481 -9640.6465
v  -4199.7671 -400.0093 -9643.1504
v  -4207.9370 -429.2647 -9654.6348
v  -4208.0044 -429.2647 -9654.7227
v  -4205.8970 -425.6083 -9653.3496
v  -4213.5034 -436.5775 -9624.3271
v  -4220.2026 -447.5464 -9656.1230
v  -4220.0918 -447.5464 -9656.1074
v  -4231.2671 -403.6657 -9635.2910
v  -4231.1914 -403.6657 -9635.2080
v  -4204.5454 -451.2076 -9628.7598
v  -4204.5889 -451.2076 -9628.6563
v  -4222.9307 -356.1238 -9625.7949
v  -4223.0029 -356.1238 -9625.8809
v  -4210.7930 -425.6083 -9655.8809
v  -4199.5396 -403.6657 -9640.2393
v  -4199.5859 -403.6657 -9640.1377
v  -4201.4404 -407.3221 -9647.9795
v  -4202.7729 -410.9782 -9650.1055
v  -4199.8354 -465.8329 -9637.3525
v  -4231.1440 -337.8280 -9635.0303
v  -4227.0269 -484.1008 -9632.4365
v  -4231.9731 -469.4941 -9640.8467
v  -4231.7148 -465.8329 -9643.3311
v  -4228.9111 -473.0989 -9643.4297
v  -4199.8491 -483.8755 -9644.2178
v  -4199.9038 -483.8755 -9644.1211
v  -4227.1636 -483.9505 -9632.9951
v  -4227.0049 -484.0396 -9632.5605
v  -4204.6309 -484.1008 -9648.3525
v  -4225.7437 -425.6083 -9627.5332
v  -4227.6128 -421.9474 -9629.2158
v  -4227.6509 -421.9474 -9629.3213
v  -4225.7979 -425.6083 -9627.6309
v  -4199.8555 -334.3450 -9643.6494
v  -4203.2222 -330.6325 -9645.4980
v  -4231.7681 -484.1008 -9636.3916
v  -4231.6226 -484.1008 -9636.0098
v  -4223.7046 -429.2647 -9626.2490
v  -4223.6372 -429.2647 -9626.1602
v  -4202.2100 -386.4901 -9632.9219
v  -4201.9497 -386.5885 -9633.4541
v  -4202.2412 -386.5135 -9632.9834
v  -4230.8208 -480.3271 -9634.1719
v  -4200.0664 -476.8537 -9644.4502
v  -4229.9434 -482.9053 -9632.1543
v  -4231.9922 -473.2066 -9638.8945
v  -4228.2500 -469.4800 -9645.7959
v  -4228.3003 -469.4800 -9645.3965
v  -4228.9224 -473.1082 -9643.8301
v  -4199.9468 -465.8329 -9636.9600
v  -4231.1401 -462.1765 -9645.9551
v  -4231.6948 -465.8329 -9643.9229
v  -4201.3799 -414.6346 -9647.8955
v  -4201.1719 -414.6346 -9647.5449
v  -4229.8818 -458.5204 -9648.5898
v  -4201.3789 -385.3792 -9632.9893
v  -4202.4380 -381.7228 -9631.1680
v  -4202.6973 -381.7228 -9630.8525
v  -4204.0469 -385.3792 -9629.2383
v  -4202.6743 -389.0356 -9630.8369
v  -4202.4609 -389.0356 -9631.1855
v  -4204.3110 -385.3792 -9628.9268
v  -4227.0532 -451.2076 -9652.2266
v  -4226.7358 -451.2076 -9652.4834
v  -4204.9082 -348.8062 -9652.4854
v  -4206.8931 -352.4674 -9654.0225
v  -4209.0918 -356.1238 -9655.2344
v  -4220.5933 -440.2339 -9656.0088
v  -4222.5518 -443.8903 -9655.2334
v  -4223.2656 -370.7491 -9654.8877
v  -4230.9707 -462.1765 -9646.3271
v  -4218.1382 -436.5775 -9656.5566
v  -4215.6289 -432.9211 -9656.7227
v  -4217.7305 -436.5775 -9656.5801
v  -4224.7510 -447.5464 -9654.0215
v  -4222.9209 -451.2076 -9655.0596
v  -4223.2637 -429.2647 -9625.9941
v  -4221.3350 -425.6083 -9625.1523
v  -4225.4009 -425.6083 -9627.3115
v  -4221.4253 -432.9211 -9625.2021
v  -4221.3442 -432.9211 -9625.1250
v  -4215.8081 -432.9211 -9656.5967
v  -4215.7314 -432.9211 -9656.6787
v  -4218.2329 -436.5775 -9656.4980
v  -4218.2969 -436.5775 -9656.4053
v  -4221.4365 -432.9211 -9625.6738
v  -4221.4688 -432.9211 -9625.3057
v  -4219.0527 -436.5775 -9626.7607
v  -4216.9072 -440.2339 -9626.4248
v  -4214.7324 -359.7802 -9626.4248
v  -4216.9043 -356.1238 -9626.4258
v  -4210.5210 -451.2076 -9627.4209
v  -4212.5889 -447.5464 -9626.7598
v  -4208.5781 -454.8640 -9628.3916
v  -4222.4678 -356.1238 -9628.0547
v  -4224.2969 -352.4674 -9629.2246
v  -4224.1157 -352.4674 -9629.5391
v  -4222.3369 -356.1238 -9628.3926
v  -4205.2539 -462.1765 -9631.1680
v  -4206.8096 -458.5204 -9629.6523
v  -4201.7930 -480.2896 -9641.0771
v  -4202.1499 -480.2803 -9641.0127
v  -4228.1465 -331.6402 -9634.3125
v  -4201.0220 -330.5668 -9646.5166
v  -4201.0049 -330.5338 -9646.4619
v  -4228.2871 -469.4845 -9645.8877
v  -4202.3486 -483.8710 -9643.1260
v  -4202.3193 -482.9194 -9642.5752
v  -4202.3228 -484.1194 -9643.3730
v  -4200.2314 -483.8755 -9643.9395
v  -4201.4150 -331.6918 -9647.1660
v  -4203.1709 -331.6966 -9646.7168
v  -4200.0674 -476.7787 -9639.1826
v  -4229.8247 -341.4889 -9633.1006
v  -4228.5181 -345.1501 -9631.0352
v  -4230.5967 -330.6325 -9634.3281
v  -4230.5723 -330.7027 -9634.2881
v  -4200.4502 -473.1598 -9636.7969
v  -4203.0269 -396.3481 -9635.5449
v  -4203.9985 -392.6920 -9633.7109
v  -4203.1021 -396.3481 -9635.6123
v  -4229.3306 -480.2194 -9639.7939
v  -4229.6719 -483.8476 -9631.5596
v  -4228.7241 -476.7598 -9636.3496
v  -4199.7920 -482.9287 -9643.5635
v  -4231.0005 -330.5338 -9634.3691
v  -4231.0889 -330.5338 -9634.4199
v  -4229.1904 -465.8329 -9642.5293
v  -4229.2720 -465.8329 -9642.4697
v  -4204.6270 -484.0492 -9648.4316
v  -4204.6157 -484.1008 -9648.4473
v  -4200.7227 -469.4941 -9634.4678
v  -4200.8271 -469.4941 -9634.4268
v  -4230.9946 -330.5245 -9634.4531
v  -4230.6357 -330.5338 -9634.4199
v  -4203.7075 -462.1765 -9630.2988
v  -4226.3740 -337.8700 -9631.1504
v  -4227.9233 -337.8700 -9630.2783
v  -4211.0947 -425.6083 -9655.5166
v  -4211.9277 -425.6083 -9653.9512
v  -4209.8936 -421.9474 -9653.1885
v  -4208.8296 -421.9474 -9654.6074
v  -4207.9985 -429.2647 -9654.1670
v  -4210.5195 -432.9211 -9653.4629
v  -4210.2056 -432.9211 -9655.2090
v  -4209.5269 -451.2076 -9625.9521
v  -4211.8330 -447.5464 -9625.1543
v  -4215.9053 -367.0927 -9624.6426
v  -4216.2217 -367.0927 -9626.3887
v  -4214.0532 -370.7491 -9626.4951
v  -4214.2363 -443.8903 -9624.7246
v  -4216.6753 -440.2339 -9624.6650
v  -4214.7358 -443.8903 -9626.4258
v  -4228.9678 -396.3481 -9645.4238
v  -4229.5776 -400.0093 -9643.3389
v  -4231.3511 -400.0093 -9643.3379
v  -4230.7202 -396.3481 -9645.6953
v  -4214.0991 -443.8903 -9624.3789
v  -4216.5938 -440.2339 -9624.3047
v  -4219.0947 -436.5775 -9624.9863
v  -4219.0698 -436.5775 -9624.6172
v  -4219.0728 -363.4363 -9656.2656
v  -4199.6694 -403.6657 -9640.0625
v  -4199.9219 -400.0093 -9637.5801
v  -4200.2905 -400.0093 -9637.5449
v  -4200.0293 -403.6657 -9639.9717
v  -4204.5728 -484.1194 -9648.3594
v  -4204.4048 -484.1194 -9648.0137
v  -4226.2261 -458.5204 -9652.3281
v  -4227.9346 -462.1765 -9650.5840
v  -4226.5376 -458.5204 -9652.5293
v  -4207.0928 -454.8640 -9626.8457
v  -4209.2920 -451.2076 -9625.6650
v  -4207.3696 -454.8640 -9627.0938
v  -4212.5469 -436.5775 -9655.8965
v  -4214.9668 -440.2339 -9656.2178
v  -4212.5723 -436.5775 -9656.2666
v  -4201.9336 -465.8329 -9632.1895
v  -4231.9072 -407.3221 -9638.2422
v  -4232.0557 -403.6657 -9640.7451
v  -4231.9722 -403.6657 -9640.8203
v  -4231.8364 -407.3221 -9638.3281
v  -4201.8237 -465.8329 -9632.2129
v  -4201.7339 -465.8329 -9632.2793
v  -4231.7944 -483.8428 -9636.6865
v  -4231.8076 -483.8428 -9636.5703
v  -4199.9697 -483.8755 -9644.7275
v  -4231.7529 -482.8867 -9636.8359
v  -4211.0566 -447.5464 -9624.9023
v  -4199.7739 -482.9287 -9643.6777
v  -4232.2104 -330.6979 -9639.3008
v  -4203.2583 -462.1765 -9630.1553
v  -4203.3696 -462.1765 -9630.1484
v  -4230.9292 -331.6402 -9634.2080
v  -4231.9712 -480.2662 -9638.6494
v  -4231.5771 -476.8489 -9636.4375
v  -4232.0669 -476.7550 -9641.0635
v  -4230.0415 -334.3075 -9632.5801
v  -4231.6870 -334.2466 -9636.8975
v  -4232.0405 -469.5082 -9641.4287
v  -4204.6108 -341.4937 -9652.2090
v  -4228.7363 -345.1405 -9630.5303
v  -4227.0508 -348.8062 -9628.6543
v  -4230.0820 -465.8329 -9648.2354
v  -4228.7124 -462.1765 -9650.3389
v  -4229.1787 -410.9782 -9631.1826
v  -4231.2388 -410.9782 -9635.2998
v  -4230.2617 -414.6346 -9632.9873
v  -4227.5928 -414.6346 -9629.2363
v  -4227.0337 -458.5204 -9652.2061
v  -4228.4609 -454.8640 -9650.6582
v  -4225.0884 -454.8640 -9653.7930
v  -4204.6074 -458.5204 -9628.6777
v  -4220.5854 -447.5464 -9655.9805
v  -4205.9150 -418.2910 -9653.3271
v  -4204.0488 -414.6346 -9651.6465
v  -4218.1343 -443.8903 -9656.5273
v  -4220.1943 -440.2339 -9656.0957
v  -4215.6289 -440.2339 -9656.6934
v  -4213.5098 -356.1238 -9656.5283
v  -4215.2222 -432.9211 -9656.6836
v  -4210.6919 -432.9211 -9655.8633
v  -4213.1284 -436.5775 -9656.4688
v  -4220.9590 -425.6083 -9624.9912
v  -4229.9082 -465.8329 -9648.6035
v  -4219.0107 -436.5775 -9624.5225
v  -4214.0142 -443.8903 -9624.3066
v  -4216.5215 -440.2339 -9624.2197
v  -4224.5488 -454.8640 -9654.0371
v  -4222.3501 -451.2076 -9655.2178
v  -4209.1885 -451.2076 -9625.6211
v  -4211.5498 -447.5464 -9624.7754
v  -4211.6455 -447.5464 -9624.8340
v  -4206.9844 -454.8640 -9626.8193
v  -4231.0898 -403.6657 -9635.1621
v  -4230.0928 -407.3221 -9632.8740
v  -4231.3916 -389.0356 -9645.2021
v  -4231.9385 -392.6920 -9642.7461
v  -4231.9082 -392.6920 -9642.6387
v  -4231.3784 -389.0356 -9645.0908
v  -4211.4395 -447.5464 -9624.7598
v  -4209.0767 -451.2076 -9625.6230
v  -4206.5552 -345.1501 -9653.7949
v  -4204.8872 -458.5204 -9628.3789
v  -4210.2163 -432.9211 -9655.6807
v  -4210.2979 -432.9211 -9655.7588
v  -4231.7773 -473.1505 -9643.5254
v  -4231.1143 -469.4893 -9645.9453
v  -4204.9927 -458.5204 -9628.3438
v  -4203.1587 -462.1765 -9630.2061
v  -4216.4229 -359.7802 -9656.7119
v  -4216.0146 -359.7802 -9656.6934
v  -4231.2397 -389.0356 -9645.5801
v  -4231.8467 -392.6920 -9643.1445
v  -4231.1333 -462.1765 -9645.8438
v  -4227.0962 -451.2076 -9652.1230
v  -4231.3906 -410.9782 -9635.6787
v  -4230.4697 -414.6346 -9633.3379
v  -4215.6260 -367.0927 -9624.1602
v  -4218.9189 -436.5775 -9624.4580
v  -4223.2773 -421.9474 -9625.9688
v  -4208.0186 -421.9474 -9654.6982
v  -4201.7607 -341.4937 -9648.5918
v  -4204.4170 -414.6346 -9651.9980
v  -4204.3135 -414.6346 -9651.9590
v  -4227.6528 -378.0664 -9651.5596
v  -4225.7998 -374.4055 -9653.2500
v  -4225.7466 -374.4055 -9653.3486
v  -4227.6147 -378.0664 -9651.6650
v  -4231.8745 -400.0093 -9643.1494
v  -4231.8135 -400.0093 -9643.2422
v  -4231.2676 -396.3481 -9645.5898
v  -4230.4761 -385.3792 -9647.4307
v  -4230.4717 -385.3792 -9647.5420
v  -4201.1680 -414.6346 -9647.4326
v  -4202.4180 -418.2910 -9649.6074
v  -4229.2036 -381.7228 -9649.7158
v  -4229.2246 -381.7228 -9649.6055
v  -4228.9443 -381.7228 -9650.0303
v  -4201.1699 -385.3792 -9633.3408
v  -4200.3740 -396.3481 -9635.2939
v  -4200.2773 -396.3481 -9635.6904
v  -4201.1963 -392.6920 -9633.3535
v  -4201.3525 -392.6920 -9632.9756
v  -4200.2505 -389.0356 -9635.6816
v  -4199.7949 -392.6920 -9637.7393
v  -4199.7036 -392.6920 -9638.1367
v  -4210.6797 -374.4055 -9624.9922
v  -4213.1206 -370.7491 -9624.3857
v  -4213.9136 -363.4363 -9656.5811
v  -4199.7329 -400.0093 -9642.7451
v  -4231.3633 -403.6657 -9635.6885
v  -4230.4448 -407.3221 -9633.3506
v  -4225.7285 -381.7228 -9653.3252
v  -4227.5947 -385.3792 -9651.6445
v  -4230.2627 -385.3792 -9647.8945
v  -4200.4033 -410.9782 -9645.5840
v  -4199.5688 -403.6657 -9640.6465
v  -4211.4502 -359.7802 -9656.0967
v  -4199.7329 -400.0093 -9638.1416
v  -4199.5688 -396.3481 -9640.2393
v  -4200.4019 -389.0356 -9635.3027
v  -4205.9131 -381.7228 -9627.5586
v  -4226.7544 -458.5204 -9652.5039
v  -4228.4834 -462.1765 -9650.6768
v  -4225.4199 -381.7228 -9653.5928
v  -4225.3115 -381.7228 -9653.6172
v  -4225.2007 -381.7228 -9653.5947
v  -4217.4033 -356.1238 -9624.7227
v  -4223.4053 -381.7228 -9651.8486
v  -4223.6431 -381.7228 -9652.1230
v  -4222.8394 -454.8640 -9652.2061
v  -4220.9429 -451.2076 -9653.1455
v  -4220.9414 -451.2076 -9653.0449
v  -4225.0713 -385.3792 -9650.5439
v  -4224.9136 -381.7228 -9653.3613
v  -4226.7939 -385.3792 -9651.8066
v  -4227.1143 -385.3792 -9651.9922
v  -4227.2261 -385.3792 -9651.9971
v  -4227.3306 -385.3792 -9651.9561
v  -4211.0483 -440.2339 -9624.8740
v  -4211.4473 -440.2339 -9624.7881
v  -4199.7671 -400.0093 -9637.7344
v  -4229.2026 -418.2910 -9631.1660
v  -4213.2310 -429.2647 -9656.4697
v  -4228.2612 -337.8700 -9630.1270
v  -4208.5762 -370.7491 -9628.3945
v  -4207.9966 -370.7491 -9626.7178
v  -4212.5923 -352.4674 -9654.1250
v  -4220.9390 -348.8062 -9627.8379
v  -4222.8193 -345.1501 -9628.7754
v  -4204.2300 -381.7228 -9633.1406
v  -4203.2451 -385.3792 -9635.0117
v  -4203.3457 -385.3792 -9635.0176
v  -4204.3291 -381.7228 -9633.1602
v  -4228.2949 -414.6346 -9635.0156
v  -4210.0864 -421.9474 -9652.8818
v  -4210.0938 -421.9474 -9652.7803
v  -4229.4058 -403.6657 -9641.1709
v  -4210.6807 -367.0927 -9627.8457
v  -4212.6826 -363.4363 -9627.2051
v  -4227.6421 -407.3221 -9633.7100
v  -4228.5386 -403.6657 -9635.6104
v  -4228.6138 -403.6657 -9635.5430
v  -4227.7065 -407.3221 -9633.6318
v  -4205.5903 -421.9474 -9649.4072
v  -4207.0928 -425.6083 -9650.8760
v  -4205.4951 -421.9474 -9649.4424
v  -4218.9263 -447.5464 -9653.7842
v  -4205.4146 -458.5204 -9628.5547
v  -4212.6313 -436.5775 -9656.3604
v  -4215.2212 -440.2339 -9656.7119
v  -4212.7227 -436.5775 -9656.4248
v  -4229.2236 -418.2910 -9631.2764
v  -4202.2212 -389.0356 -9636.8799
v  -4202.5576 -389.0356 -9637.0137
v  -4226.0874 -462.1765 -9649.5107
v  -4227.3604 -465.8329 -9647.8213
v  -4227.6895 -465.8329 -9647.9766
v  -4226.3882 -462.1765 -9649.7158
v  -4223.0635 -454.8640 -9652.4912
v  -4225.3477 -385.3792 -9650.7793
v  -4223.4033 -418.2910 -9629.0332
v  -4221.5552 -421.9474 -9628.0010
v  -4228.7095 -385.3792 -9646.0557
v  -4228.3970 -385.3792 -9645.8711
v  -4227.6914 -381.7228 -9647.9746
v  -4202.9004 -345.1501 -9650.1396
v  -4202.8813 -345.1501 -9650.2500
v  -4204.5474 -348.8062 -9652.1250
v  -4204.5903 -348.8062 -9652.2285
v  -4202.9087 -345.1501 -9650.3594
v  -4199.3638 -330.6277 -9641.1250
v  -4228.7593 -389.0356 -9650.1162
v  -4228.8711 -389.0356 -9650.1035
v  -4224.2725 -454.8640 -9653.7900
v  -4224.8320 -458.5204 -9651.2314
v  -4211.8359 -352.4674 -9655.7295
v  -4231.6123 -403.6657 -9640.9111
v  -4231.4946 -407.3221 -9638.4736
v  -4231.0063 -410.9782 -9636.0830
v  -4201.8350 -407.3221 -9641.8691
v  -4200.1470 -407.3221 -9642.4092
v  -4211.6484 -352.4674 -9656.0488
v  -4231.7202 -400.0093 -9643.3027
v  -4208.6064 -356.1238 -9654.8955
v  -4200.5518 -403.6657 -9645.7207
v  -4201.5488 -407.3221 -9648.0098
v  -4201.9106 -407.3221 -9647.9287
v  -4200.9214 -403.6657 -9645.6982
v  -4213.3208 -429.2647 -9656.4014
v  -4231.3223 -389.0356 -9644.9941
v  -4231.0063 -389.0356 -9644.7988
v  -4230.1533 -385.3792 -9647.0850
v  -4230.4346 -385.3792 -9647.3262
v  -4199.8052 -407.3221 -9642.5547
v  -4200.3208 -410.9782 -9644.9961
v  -4200.3198 -389.0356 -9635.8887
v  -4200.2632 -389.0356 -9635.7920
v  -4199.7339 -392.6920 -9638.2441
v  -4199.8052 -392.6920 -9638.3311
v  -4220.7261 -440.2339 -9655.8350
v  -4220.6777 -440.2339 -9655.9355
v  -4223.0386 -443.8903 -9654.8945
v  -4200.4502 -403.6657 -9645.6748
v  -4219.9937 -352.4674 -9624.8340
v  -4220.0889 -352.4674 -9624.7754
v  -4217.6245 -356.1238 -9624.3057
v  -4217.5405 -356.1238 -9624.3779
v  -4231.8364 -392.6920 -9642.5518
v  -4229.2007 -381.7228 -9649.4961
v  -4227.6460 -378.0664 -9651.4473
v  -4230.8145 -469.4941 -9646.4561
v  -4227.4512 -378.0664 -9651.1328
v  -4228.9604 -381.7228 -9649.2139
v  -4229.3506 -465.8329 -9648.5967
v  -4230.7202 -403.6657 -9635.1855
v  -4231.3501 -400.0093 -9637.5430
v  -4231.7188 -400.0093 -9637.5771
v  -4231.9722 -396.3481 -9640.0596
v  -4231.6123 -396.3481 -9639.9688
v  -4229.7310 -407.3221 -9632.9541
v  -4205.1040 -458.5204 -9628.3535
v  -4228.4126 -410.9782 -9630.9004
v  -4226.8262 -410.9782 -9631.6934
v  -4228.0410 -407.3221 -9633.4932
v  -4202.2212 -410.9782 -9644.0059
v  -4200.6353 -410.9782 -9644.8008
v  -4229.5762 -400.0093 -9637.5420
v  -4229.8599 -396.3481 -9639.6953
v  -4205.2529 -378.0664 -9631.1719
v  -4204.1904 -378.0664 -9629.7500
v  -4231.4961 -392.6920 -9642.4082
v  -4229.8066 -392.6920 -9641.8662
v  -4229.4209 -389.0356 -9644.0039
v  -4203.6011 -407.3221 -9647.3906
v  -4204.8159 -410.9782 -9649.1895
v  -4205.2539 -421.9474 -9649.7139
v  -4203.9517 -418.2910 -9647.9766
v  -4225.0322 -414.6346 -9630.4316
v  -4226.4644 -410.9782 -9631.9688
v  -4226.5166 -410.9782 -9631.8818
v  -4225.0693 -414.6346 -9630.3379
v  -4228.7104 -462.1765 -9644.5625
v  -4228.7998 -462.1765 -9644.5186
v  -4204.7314 -418.2910 -9648.0117
v  -4206.0308 -421.9474 -9649.6289
v  -4205.6899 -421.9474 -9649.4121
v  -4205.4399 -462.1765 -9631.9268
v  -4229.3374 -403.6657 -9641.0967
v  -4229.0742 -400.0093 -9643.1709
v  -4225.2441 -385.3792 -9650.0049
v  -4228.4863 -462.1765 -9644.8984
v  -4226.2021 -462.1765 -9648.9561
v  -4202.5986 -400.0093 -9642.7705
v  -4202.3970 -396.3481 -9640.7061
v  -4202.3047 -396.3481 -9641.0986
v  -4202.5679 -400.0093 -9643.1729
v  -4228.2964 -385.3792 -9645.8662
v  -4229.4980 -396.3481 -9639.6699
v  -4229.2148 -400.0093 -9637.5723
v  -4228.9663 -403.6657 -9635.4570
v  -4228.4238 -341.4841 -9634.2080
v  -4228.1182 -341.4841 -9634.4092
v  -4220.4033 -359.7802 -9627.5313
v  -4221.5479 -421.9474 -9628.1025
v  -4221.8848 -421.9474 -9628.4639
v  -4224.0796 -425.6083 -9629.8555
v  -4225.6108 -421.9474 -9631.2539
v  -4225.9517 -421.9474 -9631.4707
v  -4227.2129 -418.2910 -9633.1377
v  -4228.2017 -414.6346 -9634.9795
v  -4229.2759 -407.3221 -9639.0068
v  -4224.5327 -341.4937 -9629.9941
v  -4222.8423 -345.1501 -9628.8730
v  -4224.5396 -341.4937 -9630.0938
v  -4207.1924 -425.6083 -9650.8662
v  -4228.4971 -396.3481 -9645.1797
v  -4205.1758 -389.0356 -9631.9707
v  -4205.1890 -389.0356 -9632.0693
v  -4204.0269 -392.6920 -9633.8076
v  -4227.6431 -392.6920 -9647.1719
v  -4226.4663 -389.0356 -9648.9131
v  -4226.4531 -389.0356 -9648.8135
v  -4227.6147 -392.6920 -9647.0752
v  -4228.6880 -389.0356 -9644.2754
v  -4226.6060 -389.0356 -9648.4395
v  -4228.8965 -389.0356 -9643.9287
v  -4231.8008 -330.5245 -9639.9893
v  -4231.8267 -330.5338 -9640.0850
v  -4232.1421 -330.5245 -9639.9346
v  -4229.4058 -396.3481 -9639.7109
v  -4205.5889 -378.0664 -9631.4775
v  -4205.4941 -378.0664 -9631.4424
v  -4229.1304 -400.0093 -9637.6270
v  -4223.3809 -418.2910 -9629.1309
v  -4223.3989 -418.2910 -9629.2295
v  -4221.5811 -421.9474 -9628.1973
v  -4226.9102 -418.2910 -9632.8721
v  -4203.1445 -396.3481 -9635.7031
v  -4203.1133 -396.3481 -9636.1055
v  -4202.5981 -400.0093 -9638.1152
v  -4223.6572 -418.2910 -9629.5391
v  -4229.2759 -392.6920 -9641.8740
v  -4229.1240 -392.6920 -9642.2471
v  -4215.2310 -440.2339 -9653.8555
v  -4214.8359 -440.2339 -9653.9375
v  -4226.0210 -337.8700 -9631.5449
v  -4227.7075 -392.6920 -9646.6826
v  -4209.2920 -429.2647 -9652.1729
v  -4202.7456 -410.9782 -9643.9316
v  -4202.9536 -410.9782 -9644.2764
v  -4202.5117 -400.0093 -9643.2559
v  -4202.2363 -396.3481 -9641.1719
v  -4229.0742 -400.0093 -9637.7100
v  -4229.3374 -396.3481 -9639.7842
v  -4228.4961 -403.6657 -9635.7012
v  -4207.5625 -425.6083 -9651.0273
v  -4227.9424 -414.6346 -9634.6709
v  -4227.6138 -407.3221 -9633.8057
v  -4203.9346 -392.6920 -9634.2002
v  -4205.3789 -346.8421 -9651.3096
v  -4229.0210 -465.8329 -9642.8945
v  -4223.1167 -345.1501 -9629.1699
v  -4225.6675 -374.4055 -9652.7969
v  -4225.8101 -374.4055 -9653.1387
v  -4223.7349 -370.7491 -9654.5254
v  -4221.4717 -367.0927 -9655.5762
v  -4223.6455 -370.7491 -9654.1650
v  -4216.5234 -359.7802 -9656.6641
v  -4201.2070 -385.3792 -9633.5566
v  -4201.1655 -385.3792 -9633.4521
v  -4225.1792 -447.5464 -9653.6113
v  -4201.8301 -341.4937 -9647.7783
v  -4203.1265 -345.1501 -9649.8467
v  -4202.0649 -400.0093 -9643.3408
v  -4202.6753 -403.6657 -9645.4258
v  -4203.0283 -403.6657 -9645.3398
v  -4202.4268 -400.0093 -9643.3115
v  -4227.7075 -392.6920 -9647.2490
v  -4210.1733 -432.9211 -9655.5771
v  -4207.9087 -429.2647 -9654.5264
v  -4200.8672 -337.8793 -9645.5645
v  -4221.4395 -367.0927 -9655.2080
v  -4223.0654 -370.7491 -9652.4893
v  -4221.1240 -367.0927 -9653.4619
v  -4208.8042 -429.2647 -9652.0957
v  -4201.9878 -330.7309 -9640.4600
v  -4202.1948 -483.9694 -9649.4980
v  -4202.1680 -483.8755 -9649.4395
v  -4204.2529 -484.0492 -9648.6982
v  -4204.5776 -484.0492 -9648.5195
v  -4205.0317 -378.8398 -9629.5205
v  -4228.4141 -330.5761 -9634.9102
v  -4228.3804 -330.5761 -9635.0068
v  -4202.9639 -389.5138 -9631.6045
v  -4202.9414 -389.5324 -9631.5264
v  -4203.0542 -388.9933 -9631.2803
v  -4229.5093 -484.1194 -9636.9756
v  -4229.3193 -484.1194 -9637.5098
v  -4199.9429 -330.5200 -9641.3594
v  -4200.8936 -330.5200 -9645.8877
v  -4227.0894 -483.9505 -9632.4131
v  -4227.1187 -483.8428 -9632.4697
v  -4199.9438 -484.1194 -9644.5068
v  -4202.3755 -466.8877 -9635.4209
v  -4202.4741 -466.8877 -9635.4473
v  -4202.5337 -467.3704 -9635.1035
v  -4202.4351 -467.3704 -9635.0771
v  -4229.2954 -484.1008 -9637.5986
v  -4204.5757 -484.1008 -9648.5313
v  -4204.5322 -484.1194 -9648.4893
v  -4204.5435 -484.1194 -9648.4199
v  -4200.1006 -484.1194 -9644.8301
v  -4223.8545 -377.4994 -9653.6680
v  -4224.0542 -376.9696 -9653.4971
v  -4205.2993 -377.1289 -9629.4375
v  -4229.4258 -484.0396 -9631.3398
v  -4227.3726 -482.8912 -9632.9629
v  -4231.1914 -409.3891 -9636.5059
v  -4231.0918 -409.3891 -9636.5322
v  -4230.9683 -409.8673 -9636.2061
v  -4231.0669 -409.8673 -9636.1787
v  -4201.8916 -482.9287 -9648.8496
v  -4205.1255 -410.9782 -9649.0010
v  -4205.1777 -410.9782 -9648.9150
v  -4204.0000 -407.3221 -9647.1738
v  -4203.9355 -407.3221 -9647.2510
v  -4218.9370 -352.4674 -9627.1982
v  -4218.9883 -352.4674 -9627.2852
v  -4220.9771 -348.8062 -9627.9307
v  -4202.2021 -409.8673 -9647.0010
v  -4232.1670 -330.5245 -9639.8652
v  -4231.7012 -330.5245 -9639.5156
v  -4201.5356 -387.2917 -9634.3164
v  -4201.4233 -387.8308 -9634.5615
v  -4201.4634 -387.8356 -9634.6035
v  -4201.5752 -387.3058 -9634.3613
v  -4231.1621 -466.8877 -9643.1357
v  -4231.2217 -467.3704 -9642.7910
v  -4231.1084 -467.3704 -9642.7607
v  -4231.0488 -466.8877 -9643.1045
v  -4214.3584 -367.8943 -9625.6572
v  -4202.1167 -330.5338 -9640.4824
v  -4202.1357 -330.5668 -9640.4883
v  -4202.0649 -330.5668 -9640.4082
v  -4202.0493 -330.5338 -9640.4150
v  -4229.3833 -484.0396 -9637.6807
v  -4229.3804 -484.1008 -9637.6240
v  -4231.5640 -396.4468 -9640.7041
v  -4231.5923 -396.8734 -9640.2803
v  -4202.1406 -484.1008 -9649.5264
v  -4231.3604 -476.7739 -9635.9326
v  -4229.6729 -330.5338 -9640.5127
v  -4229.3755 -484.1194 -9637.5449
v  -4227.0664 -484.1008 -9632.3525
v  -4200.9722 -330.5200 -9646.2607
v  -4202.2661 -484.1194 -9643.3379
v  -4217.6440 -440.2009 -9655.1094
v  -4217.1172 -440.4682 -9655.1650
v  -4226.5176 -389.0356 -9649.0000
v  -4201.4390 -392.6920 -9632.9063
v  -4202.7710 -389.0356 -9630.7803
v  -4202.9087 -387.2731 -9631.5264
v  -4202.7144 -386.8510 -9631.9082
v  -4204.0200 -484.1194 -9648.1807
v  -4220.9624 -368.3257 -9654.2314
v  -4220.9448 -368.3257 -9654.1299
v  -4199.4697 -330.5338 -9640.9033
v  -4199.8164 -330.5338 -9640.7988
v  -4199.8091 -330.5668 -9640.7832
v  -4199.4546 -330.5668 -9640.8926
v  -4209.3975 -426.9538 -9653.6230
v  -4220.4448 -426.9538 -9625.6953
v  -4220.0435 -427.3756 -9625.5703
v  -4208.9966 -427.3756 -9653.4990
v  -4231.6978 -484.1194 -9636.3770
v  -4231.5391 -484.1194 -9636.0488
v  -4226.0161 -457.1047 -9650.8350
v  -4217.4951 -359.2645 -9625.9844
v  -4229.6699 -334.3075 -9632.1123
v  -4202.2402 -480.2662 -9641.0420
v  -4229.2852 -476.6941 -9641.8076
v  -4231.0981 -337.8514 -9635.1133
v  -4230.7954 -337.8607 -9635.3174
v  -4201.7168 -386.8651 -9633.9355
v  -4227.0171 -484.0396 -9632.4541
v  -4205.1021 -341.4841 -9652.5283
v  -4228.3726 -337.8700 -9630.1348
v  -4231.7344 -483.9505 -9636.7090
v  -4231.7290 -484.0396 -9636.6465
v  -4218.9907 -447.5464 -9653.5977
v  -4218.9395 -447.5464 -9653.6836
v  -4216.8623 -443.8903 -9654.0049
v  -4216.9263 -443.8903 -9653.9277
v  -4225.5034 -451.2076 -9649.8945
v  -4224.0293 -352.4674 -9629.5938
v  -4223.9326 -447.5464 -9651.2734
v  -4220.2485 -359.7802 -9627.6533
v  -4220.3384 -359.7802 -9627.6094
v  -4222.2607 -356.1238 -9628.4590
v  -4216.2197 -432.9211 -9654.0400
v  -4221.2949 -451.2076 -9652.7012
v  -4225.1528 -451.2076 -9650.0938
v  -4211.6724 -374.4055 -9627.6719
v  -4219.8477 -440.2339 -9653.2500
v  -4227.1909 -483.8428 -9633.0518
v  -4199.3960 -330.6277 -9641.0166
v  -4226.6470 -341.4937 -9628.3418
v  -4231.8013 -334.2559 -9637.2842
v  -4227.3887 -465.8329 -9647.2549
v  -4205.0356 -389.0356 -9632.4434
v  -4206.3975 -385.3792 -9630.8789
v  -4203.1147 -403.6657 -9644.7793
v  -4206.3994 -414.6346 -9650.0059
v  -4203.6992 -414.6346 -9646.2129
v  -4217.8247 -363.4363 -9627.1660
v  -4219.8457 -359.7802 -9627.6318
v  -4215.2290 -359.7802 -9627.0273
v  -4208.9019 -429.2647 -9652.0703
v  -4210.6826 -432.9211 -9653.0381
v  -4214.7607 -440.2339 -9654.0049
v  -4212.6846 -436.5775 -9653.6787
v  -4216.8340 -443.8903 -9654.1025
v  -4220.9795 -451.2076 -9652.9512
v  -4205.4731 -337.9546 -9648.9980
v  -4231.9385 -480.2755 -9639.2383
v  -4228.4355 -330.5761 -9635.4121
v  -4202.1045 -484.1194 -9649.4307
v  -4201.8350 -392.6920 -9639.0176
v  -4201.7817 -396.3481 -9641.1885
v  -4202.1436 -396.3481 -9641.2129
v  -4202.1890 -392.6920 -9639.0977
v  -4203.5151 -331.6966 -9646.5967
v  -4227.0664 -484.0396 -9632.3672
v  -4230.0327 -330.5338 -9640.4590
v  -4202.8091 -330.5668 -9646.1465
v  -4203.9487 -482.9287 -9648.1016
v  -4202.2471 -482.9287 -9648.7510
v  -4229.6558 -330.7027 -9640.4404
v  -4225.9014 -347.1751 -9629.6611
v  -4225.6270 -346.6876 -9629.4668
v  -4229.2329 -337.8514 -9636.2070
v  -4229.3857 -483.9505 -9637.7324
v  -4227.7031 -482.8912 -9632.8027
v  -4228.4155 -480.2755 -9634.1982
v  -4205.4136 -341.4841 -9652.3252
v  -4229.1763 -334.3027 -9638.2734
v  -4226.6494 -458.5204 -9652.5400
v  -4219.9966 -447.5464 -9656.0488
v  -4213.2290 -370.7491 -9624.4141
v  -4215.7285 -367.0927 -9624.2041
v  -4215.8057 -367.0927 -9624.2861
v  -4224.6553 -345.1501 -9626.8184
v  -4222.9648 -356.1238 -9626.3516
v  -4222.9189 -370.7491 -9652.1572
v  -4224.5669 -458.5204 -9650.9834
v  -4210.6143 -432.9211 -9653.1123
v  -4218.3604 -363.4363 -9626.9805
v  -4216.9063 -443.8903 -9654.4580
v  -4218.3833 -436.5775 -9654.2637
v  -4215.9072 -432.9211 -9656.2402
v  -4218.3394 -436.5775 -9656.0371
v  -4222.3472 -348.8062 -9625.6641
v  -4205.9746 -374.4055 -9628.0859
v  -4206.8066 -374.4055 -9629.6533
v  -4218.9243 -352.4674 -9627.0986
v  -4217.4058 -443.8903 -9656.1592
v  -4227.2358 -334.3075 -9633.1797
v  -4228.8965 -410.9782 -9636.9521
v  -4203.8086 -458.8297 -9633.0117
v  -4203.9717 -459.3640 -9632.7930
v  -4231.1636 -330.5338 -9634.4951
v  -4231.8315 -330.5761 -9640.0957
v  -4203.6421 -480.2944 -9646.4971
v  -4203.5776 -480.2989 -9646.5752
v  -4203.0371 -387.8074 -9631.2803
v  -4203.0581 -387.8122 -9631.3633
v  -4228.9009 -462.1765 -9644.5127
v  -4229.3706 -465.8329 -9642.4482
v  -4222.3389 -443.8903 -9652.4893
v  -4218.3623 -436.5775 -9653.9014
v  -4202.5708 -484.0492 -9649.4326
v  -4202.2183 -484.0492 -9649.5479
v  -4213.4731 -429.2647 -9656.0635
v  -4203.9888 -378.0664 -9629.3232
v  -4202.4170 -381.7228 -9631.2773
v  -4220.7119 -440.2339 -9655.4639
v  -4217.7344 -443.8903 -9656.6094
v  -4231.0811 -462.1765 -9645.7451
v  -4220.4829 -440.2339 -9653.7051
v  -4220.4053 -440.2339 -9653.3506
v  -4222.4697 -443.8903 -9652.8281
v  -4202.6743 -396.3481 -9635.4590
v  -4200.9214 -396.3481 -9635.1885
v  -4200.8101 -399.5404 -9638.0703
v  -4222.9673 -443.8903 -9654.5303
v  -4225.0522 -447.5464 -9653.2617
v  -4224.2983 -447.5464 -9651.6572
v  -4222.4507 -348.8062 -9625.6201
v  -4231.3643 -396.3481 -9645.1934
v  -4227.0942 -451.2076 -9652.0117
v  -4226.9165 -451.2076 -9651.6875
v  -4202.0371 -330.5200 -9640.5381
v  -4206.2217 -381.7228 -9627.2900
v  -4207.9341 -370.7491 -9626.2490
v  -4229.8130 -458.5204 -9647.7773
v  -4228.5161 -454.8640 -9649.8447
v  -4225.9243 -451.2076 -9650.2168
v  -4227.3105 -454.8640 -9648.5449
v  -4202.9336 -414.6346 -9646.0576
v  -4228.4199 -458.5204 -9646.6777
v  -4230.7764 -462.1765 -9645.5342
v  -4229.2310 -462.1765 -9644.6631
v  -4202.9287 -462.1765 -9630.5449
v  -4208.3623 -378.0664 -9625.9697
v  -4201.5596 -465.8329 -9632.6484
v  -4231.8496 -473.1598 -9638.3496
v  -4227.3896 -484.0396 -9632.1875
v  -4229.0723 -484.0396 -9631.4541
v  -4231.4858 -473.1505 -9638.3008
v  -4230.9844 -466.3579 -9644.1650
v  -4231.0811 -466.5409 -9643.6094
v  -4230.9673 -466.5409 -9643.5781
v  -4230.8711 -466.3579 -9644.1348
v  -4211.2373 -366.8866 -9626.4873
v  -4226.5186 -379.1728 -9651.5977
v  -4226.1978 -379.6039 -9651.8682
v  -4232.1470 -331.6261 -9639.0791
v  -4200.6211 -396.0811 -9639.1650
v  -4200.5830 -396.1747 -9639.7568
v  -4200.6997 -396.1981 -9639.7695
v  -4200.7378 -396.1045 -9639.1836
v  -4230.6167 -330.5761 -9634.3613
v  -4230.9956 -476.7646 -9635.9414
v  -4204.2520 -484.1008 -9648.6963
v  -4204.2100 -484.1194 -9648.6123
v  -4203.2510 -330.7354 -9645.5488
v  -4199.8364 -483.8755 -9644.3350
v  -4200.6060 -330.7309 -9646.6064
v  -4199.4624 -330.6277 -9640.9355
v  -4229.3794 -330.7027 -9639.9219
v  -4214.8340 -359.7802 -9626.9453
v  -4216.9243 -356.1238 -9626.9551
v  -4208.8999 -370.7491 -9628.8145
v  -4221.2930 -348.8062 -9628.1816
v  -4209.7549 -378.0664 -9628.4648
v  -4210.0586 -378.0664 -9628.1982
v  -4211.9258 -374.4055 -9626.9336
v  -4201.4893 -414.6346 -9647.0869
v  -4201.2080 -414.6346 -9647.3291
v  -4218.2939 -363.4363 -9624.4775
v  -4220.7241 -359.7802 -9625.0479
v  -4223.0356 -356.1238 -9625.9873
v  -4225.1606 -352.4674 -9627.1592
v  -4202.4409 -381.7228 -9631.3877
v  -4203.9956 -378.0664 -9629.4355
v  -4201.9629 -484.1194 -9649.0723
v  -4220.0659 -427.3615 -9625.4707
v  -4219.8047 -427.8961 -9625.3887
v  -4219.7866 -427.9054 -9625.4902
v  -4231.1602 -484.1194 -9636.2217
v  -4201.9688 -330.5338 -9640.3691
v  -4202.0010 -469.9207 -9637.5928
v  -4202.1006 -469.9207 -9637.6201
v  -4202.0190 -469.5736 -9638.0938
v  -4201.9194 -469.5736 -9638.0674
v  -4199.8281 -400.0093 -9637.6406
v  -4200.4492 -396.3481 -9635.2109
v  -4200.5508 -396.3481 -9635.1641
v  -4203.1455 -403.6657 -9645.1826
v  -4208.2417 -381.7228 -9629.2305
v  -4207.9824 -381.7228 -9629.5410
v  -4206.6055 -385.3792 -9630.5322
v  -4202.1357 -338.9857 -9646.5439
v  -4202.2490 -339.4357 -9646.9248
v  -4202.0342 -338.9950 -9646.5723
v  -4205.8315 -374.4055 -9627.7441
v  -4207.9072 -370.7491 -9626.3574
v  -4211.0244 -426.6865 -9654.1279
v  -4220.5146 -359.2270 -9626.6006
v  -4214.4751 -359.7988 -9654.5898
v  -4225.1655 -346.3219 -9629.2871
v  -4231.2891 -396.8872 -9643.3477
v  -4231.3896 -396.8734 -9643.3838
v  -4203.9321 -337.3732 -9649.4150
v  -4229.4146 -337.6168 -9634.6396
v  -4204.2256 -459.7906 -9632.4512
v  -4202.5586 -410.9782 -9643.8711
v  -4202.6592 -410.9782 -9643.8818
v  -4206.2949 -414.6346 -9650.7803
v  -4206.6089 -385.3792 -9630.4316
v  -4208.2598 -381.7228 -9629.1328
v  -4202.2861 -392.6920 -9639.0713
v  -4202.4731 -386.5792 -9632.3877
v  -4225.1025 -352.4674 -9627.0645
v  -4201.5356 -341.4937 -9648.2520
v  -4232.0747 -331.6216 -9638.6738
v  -4232.0728 -396.3481 -9640.6436
v  -4203.1826 -345.1501 -9650.6602
v  -4205.8418 -374.4055 -9627.6328
v  -4208.8276 -378.0664 -9626.2764
v  -4204.1919 -421.9474 -9651.1348
v  -4202.6836 -418.2910 -9649.2158
v  -4214.9639 -359.7802 -9624.6670
v  -4229.3242 -484.1194 -9631.9570
v  -4228.7588 -410.9782 -9630.7646
v  -4205.9766 -425.6083 -9652.7979
v  -4215.0449 -359.7802 -9624.3047
v  -4215.1187 -359.7802 -9624.2197
v  -4202.4424 -418.2910 -9649.4980
v  -4212.0625 -425.6083 -9653.5166
v  -4214.1216 -429.2647 -9653.9375
v  -4202.6582 -389.0356 -9637.0039
v  -4203.1035 -403.6657 -9645.2725
v  -4202.1890 -407.3221 -9641.7881
v  -4208.0005 -418.2910 -9652.1250
v  -4202.2876 -407.3221 -9641.8135
v  -4210.8916 -425.6083 -9655.8271
v  -4212.0703 -425.6083 -9653.6172
v  -4200.6353 -389.0356 -9636.0850
v  -4201.6094 -330.5338 -9640.4229
v  -4201.6514 -330.5200 -9640.6162
v  -4200.1460 -392.6920 -9638.4756
v  -4227.5796 -338.6950 -9631.4775
v  -4227.4863 -338.6857 -9631.5488
v  -4228.3633 -388.0183 -9649.8281
v  -4205.2129 -347.4001 -9651.1992
v  -4205.3296 -379.3603 -9629.4297
v  -4205.2490 -379.3744 -9629.3438
v  -4205.5815 -379.7914 -9629.0703
v  -4220.9502 -430.2961 -9625.8506
v  -4209.9028 -430.2961 -9653.7803
v  -4209.3975 -430.0243 -9653.6230
v  -4201.2031 -477.2989 -9641.4365
v  -4201.1328 -477.8239 -9641.1768
v  -4201.0249 -477.8191 -9641.1719
v  -4201.0977 -477.2848 -9641.4355
v  -4203.9082 -338.5498 -9649.3926
v  -4214.7358 -359.2690 -9654.6426
v  -4220.7744 -358.6924 -9626.6533
v  -4220.8594 -358.1065 -9626.6777
v  -4214.8198 -358.6786 -9654.6670
v  -4202.0322 -410.2189 -9646.5518
v  -4230.7974 -410.2189 -9635.7568
v  -4231.6094 -397.4077 -9640.0068
v  -4231.6152 -398.0029 -9639.9131
v  -4231.5132 -398.0029 -9639.9209
v  -4231.5068 -397.4170 -9640.0127
v  -4205.2188 -377.1148 -9629.3525
v  -4231.3184 -478.4146 -9639.7891
v  -4231.4404 -478.4146 -9639.7920
v  -4214.6465 -438.6634 -9655.4277
v  -4213.1919 -438.0775 -9626.6650
v  -4200.8384 -399.1186 -9637.6514
v  -4200.8555 -398.5888 -9637.3828
v  -4231.5068 -398.5888 -9640.0127
v  -4220.4458 -369.3802 -9654.2695
v  -4213.8672 -369.5398 -9625.7998
v  -4214.1982 -369.0523 -9625.7080
v  -4220.7764 -368.8927 -9654.1787
v  -4220.5840 -448.4278 -9654.2168
v  -4224.3721 -376.5430 -9653.2305
v  -4220.7612 -357.5206 -9626.6729
v  -4214.7217 -358.0924 -9654.6621
v  -4225.9443 -348.3376 -9629.8438
v  -4226.0210 -348.3376 -9629.7539
v  -4226.9443 -456.3124 -9649.5879
v  -4226.8569 -456.3358 -9649.5088
v  -4218.8345 -366.1834 -9654.7871
v  -4219.4077 -366.1741 -9654.6348
v  -4224.8765 -379.8994 -9652.9688
v  -4224.4604 -379.6321 -9653.3125
v  -4227.7134 -339.2389 -9631.6992
v  -4227.9282 -339.6748 -9632.0518
v  -4227.6182 -339.2248 -9631.7676
v  -4214.4424 -357.5533 -9654.7295
v  -4214.7173 -358.0879 -9654.7646
v  -4214.4492 -357.5674 -9654.6260
v  -4200.5024 -397.4077 -9640.9893
v  -4200.4966 -398.0029 -9641.0830
v  -4200.6143 -398.0029 -9641.0791
v  -4200.6201 -397.4170 -9640.9854
v  -4207.8760 -377.6119 -9627.2988
v  -4204.6260 -460.0438 -9632.0850
v  -4226.0371 -347.7469 -9629.7598
v  -4199.8613 -330.5200 -9640.9717
v  -4202.0049 -338.4466 -9646.3252
v  -4216.7837 -439.2493 -9626.2832
v  -4218.3296 -439.2493 -9655.0371
v  -4218.0610 -439.7791 -9655.0645
v  -4216.5151 -439.7791 -9626.3115
v  -4223.7339 -447.2701 -9652.5635
v  -4223.8936 -447.8326 -9652.4727
v  -4223.8457 -447.8326 -9652.3662
v  -4223.6855 -447.2701 -9652.4561
v  -4210.7881 -448.9951 -9626.7109
v  -4210.7471 -448.9951 -9626.6172
v  -4210.9067 -448.4278 -9626.5264
v  -4210.9478 -448.4278 -9626.6201
v  -4210.7881 -447.2701 -9626.7109
v  -4223.3818 -446.7871 -9652.6279
v  -4224.0845 -379.2010 -9653.4893
v  -4203.0874 -388.3981 -9631.1963
v  -4205.8931 -457.1188 -9630.3818
v  -4206.0542 -457.6483 -9630.1660
v  -4205.9917 -457.6438 -9630.0781
v  -4205.8286 -457.1047 -9630.2979
v  -4214.3398 -367.8943 -9625.5420
v  -4203.8281 -338.5546 -9649.4561
v  -4203.6733 -339.0841 -9649.2139
v  -4230.1865 -406.8346 -9634.1445
v  -4230.2852 -406.8346 -9634.1182
v  -4218.9946 -356.1988 -9626.2881
v  -4218.4097 -356.2972 -9626.1895
v  -4231.4907 -399.9250 -9641.8311
v  -4231.4517 -399.8311 -9642.4248
v  -4218.8857 -369.9334 -9654.7969
v  -4218.3384 -369.7552 -9654.9414
v  -4218.3213 -369.7552 -9654.8408
v  -4231.3159 -396.4654 -9642.9287
v  -4231.4165 -396.4468 -9642.9590
v  -4219.9863 -369.7366 -9654.3955
v  -4213.4082 -369.8959 -9625.9248
v  -4225.2764 -379.9603 -9652.5039
v  -4223.8936 -448.4278 -9652.4727
v  -4223.7339 -448.9951 -9652.5635
v  -4223.6855 -448.9951 -9652.4561
v  -4223.8457 -448.4278 -9652.3662
v  -4228.0923 -458.2342 -9648.0459
v  -4227.9907 -458.2342 -9647.9854
v  -4214.3677 -368.4850 -9625.6592
v  -4214.3486 -368.4850 -9625.5430
v  -4226.4883 -376.9132 -9651.6055
v  -4225.6772 -376.2523 -9652.1436
v  -4231.2236 -479.5303 -9639.4395
v  -4202.0098 -479.5303 -9644.4014
v  -4229.5239 -386.1760 -9647.6455
v  -4229.7646 -386.4433 -9647.1641
v  -4227.0610 -416.7067 -9629.7334
v  -4226.6123 -416.7067 -9629.3447
v  -4217.1250 -436.8352 -9655.2822
v  -4217.6587 -437.1073 -9655.2256
v  -4217.6440 -437.1259 -9655.1094
v  -4217.1172 -436.8586 -9655.1650
v  -4220.4619 -369.3802 -9654.3711
v  -4220.7925 -368.8927 -9654.2793
v  -4211.1099 -358.1206 -9654.1709
v  -4203.5044 -336.3889 -9648.9063
v  -4203.7192 -336.8248 -9649.2598
v  -4228.6187 -389.1433 -9649.5732
v  -4227.9927 -336.5668 -9632.1133
v  -4227.8936 -336.5857 -9632.1768
v  -4227.2080 -456.4297 -9649.0391
v  -4205.3262 -456.4297 -9631.1436
v  -4204.9766 -456.3358 -9631.6143
v  -4220.9834 -430.3195 -9625.7549
v  -4212.8452 -370.0834 -9625.9541
v  -4213.3892 -369.8959 -9625.8086
v  -4219.9561 -366.3520 -9654.4883
v  -4231.2939 -479.0005 -9639.6992
v  -4231.3442 -479.5444 -9639.4375
v  -4231.4155 -479.0053 -9639.7021
v  -4207.8267 -377.6071 -9627.1875
v  -4227.7744 -459.3499 -9648.2764
v  -4227.9355 -458.8204 -9648.0596
v  -4228.0356 -458.8297 -9648.1211
v  -4227.8730 -459.3640 -9648.3398
v  -4219.0088 -360.0190 -9626.3379
v  -4208.1089 -449.4730 -9628.1162
v  -4208.1499 -449.4730 -9628.2090
v  -4223.9106 -378.6805 -9653.7617
v  -4223.8301 -378.0898 -9653.8242
v  -4203.8086 -457.6438 -9633.0117
v  -4203.7524 -458.2342 -9633.0869
v  -4201.8604 -467.3704 -9638.4111
v  -4201.9600 -467.3704 -9638.4375
v  -4202.0190 -466.8877 -9638.0938
v  -4201.9194 -466.8877 -9638.0674
v  -4206.0156 -416.8894 -9651.3281
v  -4206.3794 -417.2410 -9651.6426
v  -4206.4648 -417.2410 -9651.5615
v  -4211.2173 -366.8911 -9626.3711
v  -4225.7896 -379.8853 -9652.2100
v  -4210.4185 -426.5695 -9654.0625
v  -4210.9849 -426.6631 -9654.2383
v  -4210.4639 -426.5929 -9653.9541
v  -4227.2080 -460.0438 -9649.0391
v  -4227.2993 -460.0624 -9649.1113
v  -4230.6396 -479.9662 -9636.8467
v  -4230.7808 -480.2428 -9637.3643
v  -4230.5269 -479.9473 -9636.8809
v  -4228.4399 -388.0183 -9649.9033
v  -4200.7407 -397.4077 -9637.3408
v  -4200.7227 -396.8734 -9637.6133
v  -4200.8555 -397.4170 -9637.3828
v  -4208.9966 -429.6070 -9653.4990
v  -4201.1255 -409.3891 -9644.1650
v  -4201.2490 -409.8673 -9644.4902
v  -4201.1357 -409.8673 -9644.5225
v  -4201.0122 -409.3891 -9644.1953
v  -4201.9004 -338.4559 -9646.3516
v  -4223.0361 -429.6211 -9626.3906
v  -4223.2969 -429.0865 -9626.4717
v  -4212.3560 -360.5302 -9654.3320
v  -4211.8242 -360.2629 -9654.2490
v  -4202.5205 -483.8755 -9649.3271
v  -4223.7349 -349.6594 -9628.1826
v  -4204.9004 -460.1563 -9631.5449
v  -4204.9766 -460.1329 -9631.6143
v  -4217.8687 -369.4132 -9655.0645
v  -4217.8516 -369.4132 -9654.9648
v  -4219.4600 -369.9241 -9654.6426
v  -4210.8867 -367.3741 -9626.4619
v  -4210.9067 -367.3741 -9626.5781
v  -4215.0068 -439.7791 -9655.3896
v  -4214.7388 -439.2493 -9655.4180
v  -4230.5977 -406.6516 -9635.2295
v  -4230.7974 -406.8346 -9635.7568
v  -4205.8286 -459.3640 -9630.2979
v  -4205.9917 -458.8297 -9630.0781
v  -4206.0542 -458.8204 -9630.1660
v  -4205.8931 -459.3499 -9630.3818
v  -4230.4165 -479.5303 -9636.4746
v  -4230.5283 -479.5444 -9636.4365
v  -4219.0386 -360.0427 -9626.2236
v  -4219.6235 -359.9440 -9626.3223
v  -4214.0303 -357.1504 -9654.5654
v  -4214.0171 -357.1363 -9654.6670
v  -4230.8843 -466.3579 -9644.7510
v  -4230.7705 -466.3579 -9644.7197
v  -4223.8252 -346.2751 -9628.2158
v  -4223.4204 -346.6126 -9627.9404
v  -4223.1206 -347.0812 -9627.7363
v  -4222.9551 -347.6437 -9627.6260
v  -4200.7759 -396.1981 -9638.5986
v  -4217.5083 -368.9398 -9655.0527
v  -4201.2490 -407.1859 -9644.4902
v  -4230.4316 -478.4146 -9636.0830
v  -4230.4561 -479.0053 -9636.1729
v  -4230.3462 -479.0005 -9636.2148
v  -4230.3223 -478.4146 -9636.1250
v  -4211.7427 -369.9148 -9626.3701
v  -4227.2993 -456.4060 -9649.1113
v  -4220.0024 -369.7318 -9654.4961
v  -4211.7236 -369.9148 -9626.2539
v  -4229.1733 -386.1106 -9648.1250
v  -4224.2183 -346.1062 -9628.6299
v  -4210.7471 -447.2701 -9626.6172
v  -4217.9199 -359.6863 -9626.0469
v  -4218.4517 -359.9536 -9626.1289
v  -4202.4121 -336.3466 -9646.9531
v  -4202.3125 -336.3232 -9646.9863
v  -4202.6011 -336.0652 -9647.4473
v  -4222.0718 -430.2961 -9626.1992
v  -4222.1177 -430.3195 -9626.1064
v  -4222.6294 -430.0477 -9626.2656
v  -4203.9697 -337.9639 -9649.4834
v  -4230.6470 -467.3704 -9646.1250
v  -4230.7061 -466.8877 -9645.7813
v  -4230.5923 -466.8877 -9645.7510
v  -4230.5332 -467.3704 -9646.0947
v  -4204.3486 -417.2410 -9649.8867
v  -4204.7124 -416.8894 -9650.2002
v  -4204.4341 -417.2410 -9649.8047
v  -4204.5454 -460.0624 -9632.0225
v  -4225.7407 -376.2289 -9652.2227
v  -4226.1558 -376.4962 -9651.8799
v  -4214.1787 -369.0523 -9625.5918
v  -4205.6431 -456.7015 -9630.7197
v  -4227.5234 -456.7015 -9648.6133
v  -4229.5322 -337.6075 -9634.6064
v  -4229.3989 -337.0639 -9634.3848
v  -4220.9131 -358.1020 -9626.5674
v  -4220.8135 -357.5113 -9626.5625
v  -4208.6494 -428.4913 -9653.3916
v  -4208.7388 -427.9054 -9653.4189
v  -4231.1392 -468.5284 -9642.5801
v  -4231.1084 -469.0909 -9642.7607
v  -4216.5332 -439.7932 -9626.2070
v  -4216.8047 -439.2589 -9626.1777
v  -4220.1489 -359.6677 -9626.4131
v  -4220.5640 -359.2363 -9626.4902
v  -4202.2129 -407.6641 -9647.3584
v  -4202.3267 -407.6641 -9647.3281
v  -4213.8481 -369.5398 -9625.6826
v  -4202.3926 -466.5409 -9635.9219
v  -4208.5684 -449.8246 -9627.9717
v  -4208.5259 -449.8246 -9627.8779
v  -4209.0176 -450.0076 -9627.5996
v  -4209.0596 -450.0076 -9627.6924
v  -4227.6187 -456.6826 -9648.6816
v  -4228.2056 -339.9655 -9632.5010
v  -4228.5161 -340.0732 -9633.0039
v  -4221.5513 -430.4131 -9625.9307
v  -4221.5107 -430.3897 -9626.0254
v  -4210.0664 -449.8246 -9627.1201
v  -4210.0254 -449.8246 -9627.0264
v  -4210.4434 -449.4730 -9626.7891
v  -4210.4849 -449.4730 -9626.8838
v  -4218.0811 -439.7932 -9655.1816
v  -4217.6587 -440.2198 -9655.2256
v  -4223.3872 -428.4913 -9626.5000
v  -4228.0420 -419.4442 -9630.7168
v  -4206.7295 -419.4442 -9651.7891
v  -4223.2969 -427.8961 -9626.4717
v  -4226.1104 -420.2740 -9629.0459
v  -4230.8970 -410.2189 -9635.7295
v  -4221.5107 -426.5929 -9626.0254
v  -4221.5513 -426.5695 -9625.9307
v  -4210.4639 -430.3897 -9653.9541
v  -4216.5347 -440.5621 -9655.2275
v  -4217.1250 -440.4916 -9655.2822
v  -4216.5352 -440.5855 -9655.3447
v  -4229.2598 -386.0824 -9648.1787
v  -4201.9849 -479.0053 -9644.7002
v  -4201.9136 -479.5444 -9644.4365
v  -4202.0806 -479.0005 -9644.6611
v  -4224.7065 -346.1251 -9628.9678
v  -4217.4839 -367.2145 -9655.0488
v  -4201.3135 -479.9473 -9641.8418
v  -4201.2090 -479.9662 -9641.8457
v  -4220.9502 -426.6865 -9625.8506
v  -4209.9028 -426.6865 -9653.7803
v  -4200.5195 -399.1327 -9640.7168
v  -4200.5479 -399.5593 -9640.2920
v  -4202.5488 -483.9694 -9649.3848
v  -4209.3389 -430.0477 -9653.7275
v  -4208.9331 -429.6211 -9653.6016
v  -4214.0532 -360.2440 -9654.6152
v  -4217.5254 -368.9350 -9655.1543
v  -4217.3394 -368.3725 -9655.2012
v  -4224.1279 -379.2151 -9653.5859
v  -4203.8530 -337.3684 -9649.4795
v  -4208.7388 -429.0772 -9653.4189
v  -4212.2544 -428.4913 -9654.6318
v  -4212.1641 -429.0865 -9654.6035
v  -4208.6719 -429.0865 -9653.5205
v  -4208.5825 -428.4913 -9653.4932
v  -4206.0479 -458.2342 -9630.0029
v  -4206.1094 -458.2342 -9630.0908
v  -4208.6719 -427.8961 -9653.5205
v  -4208.9331 -427.3615 -9653.6016
v  -4214.4683 -359.8129 -9654.6914
v  -4209.8506 -426.6631 -9653.8867
v  -4225.2412 -346.3219 -9629.1973
v  -4224.7822 -346.1251 -9628.8779
v  -4210.4185 -430.4131 -9654.0625
v  -4221.4653 -449.8246 -9653.7178
v  -4212.1641 -427.8961 -9654.6035
v  -4203.9717 -457.1047 -9632.7930
v  -4201.3066 -406.8346 -9644.9717
v  -4201.4199 -406.8346 -9644.9404
v  -4230.2852 -410.2189 -9634.1182
v  -4230.1865 -410.2189 -9634.1445
v  -4230.0156 -409.8673 -9633.6953
v  -4230.1143 -409.8673 -9633.6689
v  -4230.4849 -410.4019 -9634.6465
v  -4230.3862 -410.4019 -9634.6738
v  -4225.4180 -418.2862 -9628.3125
v  -4225.5566 -417.7192 -9628.4326
v  -4210.9478 -447.8326 -9626.6201
v  -4229.9253 -408.2314 -9633.1709
v  -4220.8276 -358.6972 -9626.5430
v  -4229.3521 -339.3232 -9634.3408
v  -4200.6958 -396.4468 -9638.0371
v  -4200.6602 -396.1747 -9638.5723
v  -4230.6958 -406.6516 -9635.2021
v  -4230.4849 -406.6516 -9634.6465
v  -4230.3862 -406.6516 -9634.6738
v  -4230.7876 -466.5409 -9645.3086
v  -4230.6738 -466.5409 -9645.2764
v  -4230.8970 -406.8346 -9635.7295
v  -4230.9683 -407.1859 -9636.2061
v  -4231.0669 -407.1859 -9636.1787
v  -4231.0918 -407.6641 -9636.5322
v  -4231.1914 -407.6641 -9636.5059
v  -4231.1572 -408.2314 -9636.7031
v  -4231.2568 -408.2314 -9636.6768
v  -4203.9458 -418.8817 -9649.5391
v  -4203.9458 -418.2862 -9649.5391
v  -4204.0313 -418.8817 -9649.4570
v  -4207.8047 -447.2701 -9628.2881
v  -4208.1089 -446.7871 -9628.1162
v  -4202.0884 -409.8673 -9647.0313
v  -4210.9067 -447.8326 -9626.5264
v  -4231.1572 -408.8221 -9636.7031
v  -4231.2568 -408.8221 -9636.6768
v  -4202.3921 -408.2314 -9647.5000
v  -4230.5977 -410.4019 -9635.2295
v  -4201.8311 -410.4019 -9646.0244
v  -4201.6201 -410.4019 -9645.4688
v  -4220.5840 -447.8326 -9654.2168
v  -4220.6323 -448.4278 -9654.3252
v  -4220.6323 -447.8326 -9654.3252
v  -4201.0605 -408.8221 -9643.9922
v  -4201.4199 -410.2189 -9644.9404
v  -4200.6201 -398.5888 -9640.9854
v  -4231.2720 -398.5888 -9643.6172
v  -4201.5063 -410.4019 -9645.4990
v  -4201.3066 -410.2189 -9644.9717
v  -4225.7466 -417.2410 -9628.7324
v  -4225.8208 -417.2410 -9628.6611
v  -4202.4663 -467.9329 -9634.8965
v  -4202.5645 -467.9329 -9634.9229
v  -4200.9468 -408.2314 -9644.0234
v  -4201.0122 -407.6641 -9644.1953
v  -4201.1357 -407.1859 -9644.5225
v  -4224.2935 -346.1062 -9628.5400
v  -4225.3340 -379.9837 -9652.5889
v  -4228.7666 -386.4574 -9649.1924
v  -4229.0000 -386.1808 -9648.7109
v  -4207.6406 -379.3321 -9627.3555
v  -4202.2773 -408.2314 -9647.5303
v  -4230.6958 -410.4019 -9635.2021
v  -4201.7173 -410.4019 -9646.0547
v  -4201.9185 -410.2189 -9646.5820
v  -4202.0806 -336.7405 -9646.6172
v  -4202.2944 -466.5409 -9635.8945
v  -4202.1982 -466.3579 -9636.4512
v  -4202.2974 -466.3579 -9636.4775
v  -4201.9600 -469.0909 -9638.4375
v  -4201.8604 -469.0909 -9638.4111
v  -4206.6436 -417.7192 -9651.8711
v  -4206.7822 -418.2862 -9651.9912
v  -4206.8677 -418.2862 -9651.9092
v  -4206.7295 -417.7192 -9651.7891
v  -4228.1807 -418.8817 -9630.8369
v  -4228.2554 -418.8817 -9630.7656
v  -4228.2554 -418.2862 -9630.7656
v  -4228.1807 -418.2862 -9630.8369
v  -4201.8291 -467.9329 -9638.5918
v  -4201.9287 -467.9329 -9638.6182
v  -4201.9849 -477.8191 -9644.7002
v  -4202.1006 -466.5409 -9637.6201
v  -4202.0010 -466.5409 -9637.5928
v  -4202.2944 -469.9207 -9635.8945
v  -4202.1982 -470.1082 -9636.4512
v  -4202.0977 -466.3579 -9637.0361
v  -4202.1958 -466.3579 -9637.0635
v  -4202.0977 -470.1082 -9637.0361
v  -4218.3525 -439.2589 -9655.1523
v  -4206.7822 -418.8817 -9651.9912
v  -4206.6436 -419.4442 -9651.8711
v  -4206.8677 -418.8817 -9651.9092
v  -4207.6870 -447.8326 -9628.4727
v  -4207.6460 -447.8326 -9628.3779
v  -4230.6470 -469.0909 -9646.1250
v  -4230.6157 -468.5284 -9646.3057
v  -4230.5020 -468.5284 -9646.2754
v  -4230.5332 -469.0909 -9646.0947
v  -4231.1621 -469.5736 -9643.1357
v  -4231.0811 -469.9207 -9643.6094
v  -4231.0488 -469.5736 -9643.1045
v  -4212.2715 -370.0927 -9626.1084
v  -4225.3438 -418.8817 -9628.3828
v  -4201.9287 -468.5284 -9638.6182
v  -4230.9844 -470.1082 -9644.1650
v  -4230.8843 -470.1082 -9644.7510
v  -4213.8633 -437.1073 -9626.4912
v  -4231.2217 -469.0909 -9642.7910
v  -4231.2529 -468.5284 -9642.6104
v  -4230.6157 -467.9329 -9646.3057
v  -4230.5020 -467.9329 -9646.2754
v  -4230.7808 -476.5864 -9637.3643
v  -4231.1392 -467.9329 -9642.5801
v  -4223.8945 -377.4946 -9653.7666
v  -4202.4741 -469.5736 -9635.4473
v  -4202.3755 -469.5736 -9635.4209
v  -4209.5342 -446.2573 -9627.3057
v  -4202.8369 -339.8341 -9647.8770
v  -4224.4180 -376.5244 -9653.3242
v  -4224.8271 -376.2430 -9652.9834
v  -4217.3311 -367.7818 -9655.1992
v  -4214.8169 -358.6831 -9654.7695
v  -4201.1074 -478.4146 -9641.0869
v  -4201.0010 -478.4146 -9641.0811
v  -4204.6260 -456.4297 -9632.0850
v  -4204.3105 -456.7015 -9632.5098
v  -4214.7173 -439.2589 -9655.5381
v  -4214.6240 -438.6634 -9655.5479
v  -4227.5234 -459.7720 -9648.6133
v  -4227.6187 -459.7906 -9648.6816
v  -4200.5479 -396.4468 -9640.2920
v  -4200.5195 -396.8734 -9640.7168
v  -4200.6372 -396.8872 -9640.7168
v  -4200.6655 -396.4654 -9640.2979
v  -4214.7314 -359.2786 -9654.7451
v  -4228.4902 -388.6138 -9649.8193
v  -4223.4302 -446.7871 -9652.7363
v  -4205.1392 -416.7067 -9650.5703
v  -4205.5889 -416.7067 -9650.9590
v  -4212.3125 -356.8783 -9654.3926
v  -4220.4717 -426.9349 -9625.5957
v  -4224.0977 -376.9555 -9653.5938
v  -4217.2056 -357.5440 -9625.9697
v  -4225.2822 -376.1398 -9652.6035
v  -4205.1392 -420.4567 -9650.5703
v  -4205.2246 -420.4567 -9650.4902
v  -4207.2769 -376.6555 -9627.6377
v  -4220.7915 -447.2701 -9654.2344
v  -4221.0962 -446.7871 -9654.0625
v  -4208.5684 -446.4403 -9627.9717
v  -4208.5259 -446.4403 -9627.8779
v  -4221.4653 -446.4403 -9653.7178
v  -4209.8506 -430.3195 -9653.8867
v  -4225.4180 -418.8817 -9628.3125
v  -4218.4219 -438.6634 -9655.0273
v  -4218.4468 -438.6634 -9655.1426
v  -4221.9561 -450.0076 -9653.4385
v  -4209.5762 -450.0076 -9627.3994
v  -4222.4727 -450.0076 -9653.1455
v  -4209.5342 -450.0076 -9627.3057
v  -4222.0044 -450.0076 -9653.5459
v  -4221.5132 -449.8246 -9653.8242
v  -4204.0840 -419.4442 -9649.6582
v  -4204.1694 -419.4442 -9649.5771
v  -4204.0840 -417.7192 -9649.6582
v  -4222.5210 -450.0076 -9653.2520
v  -4223.0122 -449.8246 -9652.9736
v  -4222.9639 -449.8246 -9652.8662
v  -4229.1836 -336.6280 -9634.0322
v  -4201.8291 -468.5284 -9638.5918
v  -4202.5264 -339.7216 -9647.3750
v  -4201.9258 -337.2655 -9646.3750
v  -4216.5347 -436.7650 -9655.2275
v  -4215.9507 -436.8586 -9655.2891
v  -4230.3462 -477.8239 -9636.2148
v  -4223.3818 -449.4730 -9652.6279
v  -4231.6094 -398.5984 -9640.0068
v  -4203.8901 -337.9639 -9649.5488
v  -4209.0176 -446.2573 -9627.5996
v  -4231.4165 -399.5593 -9642.9590
v  -4231.3896 -399.1327 -9643.3838
v  -4231.3711 -398.5984 -9643.6553
v  -4231.3511 -396.1981 -9642.4004
v  -4231.4517 -396.1747 -9642.4248
v  -4202.9165 -335.9902 -9647.9531
v  -4220.9834 -426.6631 -9625.7549
v  -4200.8613 -398.0029 -9637.2891
v  -4202.1045 -478.4146 -9644.7510
v  -4230.1372 -387.9949 -9646.4531
v  -4221.5132 -446.4403 -9653.8242
v  -4200.7227 -399.1327 -9637.6133
v  -4200.7407 -398.5984 -9637.3408
v  -4200.7466 -398.0029 -9637.2471
v  -4217.5010 -367.2145 -9655.1504
v  -4219.5811 -356.2879 -9626.3828
v  -4200.6958 -399.5593 -9638.0371
v  -4205.2549 -456.4060 -9631.0693
v  -4204.9004 -456.3124 -9631.5449
v  -4200.5830 -399.8311 -9639.7568
v  -4200.5024 -398.5984 -9640.9893
v  -4216.8979 -438.6634 -9626.1680
v  -4216.8047 -438.0682 -9626.1777
v  -4216.7837 -438.0775 -9626.2832
v  -4216.8760 -438.6634 -9626.2734
v  -4228.9063 -336.3418 -9633.5830
v  -4204.5454 -456.4060 -9632.0225
v  -4204.2256 -456.6826 -9632.4512
v  -4205.5747 -456.6826 -9630.6387
v  -4215.9507 -440.4682 -9655.2891
v  -4215.4238 -440.2009 -9655.3447
v  -4216.0981 -437.1259 -9626.3555
v  -4215.5718 -436.8586 -9626.4111
v  -4213.1689 -438.0682 -9626.5645
v  -4213.4414 -437.5339 -9626.5361
v  -4215.5776 -436.8352 -9626.3086
v  -4216.1104 -437.1073 -9626.2520
v  -4216.5151 -437.5477 -9626.3115
v  -4216.5332 -437.5339 -9626.2070
v  -4218.0610 -437.5477 -9655.0645
v  -4218.3296 -438.0775 -9655.0371
v  -4201.8633 -337.8559 -9646.2832
v  -4214.9888 -439.7932 -9655.5088
v  -4207.3188 -379.7635 -9627.6260
v  -4215.4116 -437.1073 -9655.4639
v  -4215.9443 -436.8352 -9655.4072
v  -4216.5352 -436.7416 -9655.3447
v  -4218.0811 -437.5336 -9655.1816
v  -4218.3525 -438.0682 -9655.1523
v  -4215.4116 -440.2198 -9655.4639
v  -4203.2271 -336.0982 -9648.4561
v  -4226.1851 -420.2740 -9628.9756
v  -4226.6123 -420.4567 -9629.3447
v  -4226.5376 -420.4567 -9629.4160
v  -4228.0420 -417.7192 -9630.7168
v  -4228.1162 -417.7192 -9630.6455
v  -4228.1162 -419.4442 -9630.6455
v  -4227.0610 -420.4567 -9629.7334
v  -4226.9868 -420.4567 -9629.8037
v  -4231.2529 -467.9329 -9642.6104
v  -4205.5889 -420.4567 -9650.9590
v  -4205.6743 -420.4567 -9650.8779
v  -4223.4302 -449.4730 -9652.7363
v  -4209.3389 -426.9349 -9653.7275
v  -4226.1851 -416.8894 -9628.9756
v  -4200.9468 -408.8221 -9644.0234
v  -4207.6094 -377.0728 -9627.3633
v  -4202.0098 -478.4146 -9644.7910
v  -4215.9443 -440.4916 -9655.4072
v  -4230.4561 -477.8191 -9636.1729
# 3328 vertices

vt 0.4511 0.4145 0.0000
vt 0.4588 0.4145 0.0000
vt 0.4588 0.4163 0.0000
vt 0.4511 0.4163 0.0000
vt 0.0802 0.0102 0.0000
vt 0.0878 0.0102 0.0000
vt 0.0878 0.0118 0.0000
vt 0.0802 0.0118 0.0000
vt 0.5945 0.4097 0.0000
vt 0.5870 0.4097 0.0000
vt 0.5870 0.4080 0.0000
vt 0.5945 0.4080 0.0000
vt 0.4663 0.0123 0.0000
vt 0.4740 0.0123 0.0000
vt 0.4740 0.0140 0.0000
vt 0.4663 0.0140 0.0000
vt 0.2468 0.0140 0.0000
vt 0.2392 0.0140 0.0000
vt 0.2392 0.0113 0.0000
vt 0.2468 0.0113 0.0000
vt 0.0725 0.4081 0.0000
vt 0.0726 0.0118 0.0000
vt 0.0802 0.4081 0.0000
vt 0.6172 0.4080 0.0000
vt 0.6248 0.4080 0.0000
vt 0.6248 0.4097 0.0000
vt 0.6172 0.4097 0.0000
vt 0.4511 0.0140 0.0000
vt 0.4435 0.4145 0.0000
vt 0.4435 0.0140 0.0000
vt 0.0575 0.4097 0.0000
vt 0.0575 0.4081 0.0000
vt 0.0650 0.4081 0.0000
vt 0.0650 0.4097 0.0000
vt 0.6248 0.0111 0.0000
vt 0.6324 0.0111 0.0000
vt 0.6324 0.0124 0.0000
vt 0.6248 0.0124 0.0000
vt 0.0726 0.0102 0.0000
vt 0.6324 0.4080 0.0000
vt 0.6324 0.4097 0.0000
vt 0.6476 0.4097 0.0000
vt 0.6476 0.4080 0.0000
vt 0.6551 0.4080 0.0000
vt 0.6551 0.4097 0.0000
vt 0.5793 0.4080 0.0000
vt 0.5793 0.4097 0.0000
vt 0.4511 0.0123 0.0000
vt 0.4588 0.0123 0.0000
vt 0.4588 0.0140 0.0000
vt 0.4283 0.4145 0.0000
vt 0.4358 0.4145 0.0000
vt 0.4358 0.4163 0.0000
vt 0.4283 0.4163 0.0000
vt 0.0726 0.4081 0.0000
vt 0.2845 0.0140 0.0000
vt 0.2845 0.3944 0.0000
vt 0.2768 0.3944 0.0000
vt 0.2768 0.0140 0.0000
vt 0.6097 0.4080 0.0000
vt 0.6020 0.4080 0.0000
vt 0.6020 0.0124 0.0000
vt 0.6097 0.0124 0.0000
vt 0.5516 0.9854 0.0000
vt 0.5653 0.9890 0.0000
vt 0.5651 0.9899 0.0000
vt 0.5513 0.9863 0.0000
vt 0.3150 0.0140 0.0000
vt 0.3150 0.3944 0.0000
vt 0.3073 0.3944 0.0000
vt 0.3073 0.0140 0.0000
vt 0.7249 0.0135 0.0000
vt 0.7220 0.0129 0.0000
vt 0.7223 0.0123 0.0000
vt 0.7250 0.0130 0.0000
vt 0.5642 0.0124 0.0000
vt 0.5642 0.4080 0.0000
vt 0.5566 0.4080 0.0000
vt 0.5566 0.0124 0.0000
vt 0.5793 0.0111 0.0000
vt 0.5870 0.0111 0.0000
vt 0.5870 0.0124 0.0000
vt 0.5793 0.0124 0.0000
vt 0.6097 0.4097 0.0000
vt 0.6020 0.4097 0.0000
vt 0.4054 0.0123 0.0000
vt 0.4130 0.0123 0.0000
vt 0.4130 0.0140 0.0000
vt 0.4054 0.0140 0.0000
vt 0.0878 0.4081 0.0000
vt 0.3597 0.4145 0.0000
vt 0.3597 0.0140 0.0000
vt 0.3672 0.0140 0.0000
vt 0.3672 0.4145 0.0000
vt 0.1183 0.0102 0.0000
vt 0.1260 0.0102 0.0000
vt 0.1260 0.0118 0.0000
vt 0.1183 0.0118 0.0000
vt 0.2544 0.0140 0.0000
vt 0.2544 0.3944 0.0000
vt 0.2468 0.3944 0.0000
vt 0.2089 0.3956 0.0000
vt 0.2089 0.3944 0.0000
vt 0.2165 0.3944 0.0000
vt 0.2165 0.3956 0.0000
vt 0.2920 0.0113 0.0000
vt 0.2997 0.0113 0.0000
vt 0.2997 0.0140 0.0000
vt 0.2920 0.0140 0.0000
vt 0.1936 0.3944 0.0000
vt 0.1936 0.0140 0.0000
vt 0.2013 0.0140 0.0000
vt 0.2013 0.3944 0.0000
vt 0.3520 0.4145 0.0000
vt 0.3597 0.4163 0.0000
vt 0.3520 0.4163 0.0000
vt 0.6172 0.0124 0.0000
vt 0.1643 0.0118 0.0000
vt 0.1643 0.4081 0.0000
vt 0.1567 0.4081 0.0000
vt 0.1567 0.0118 0.0000
vt 0.0954 0.4081 0.0000
vt 0.0955 0.4097 0.0000
vt 0.0878 0.4097 0.0000
vt 0.1336 0.0102 0.0000
vt 0.1413 0.0102 0.0000
vt 0.1413 0.0118 0.0000
vt 0.1336 0.0118 0.0000
vt 0.0621 0.5162 0.0000
vt 0.0621 0.5155 0.0000
vt 0.0771 0.5167 0.0000
vt 0.0769 0.5173 0.0000
vt 0.4283 0.0140 0.0000
vt 0.4207 0.4145 0.0000
vt 0.4207 0.0140 0.0000
vt 0.4815 0.0140 0.0000
vt 0.4815 0.4145 0.0000
vt 0.4740 0.4145 0.0000
vt 0.2316 0.0113 0.0000
vt 0.2316 0.0140 0.0000
vt 0.2544 0.0113 0.0000
vt 0.2619 0.0113 0.0000
vt 0.2619 0.0140 0.0000
vt 0.6400 0.0111 0.0000
vt 0.6476 0.0111 0.0000
vt 0.6476 0.0124 0.0000
vt 0.6400 0.0124 0.0000
vt 0.5491 0.0124 0.0000
vt 0.5414 0.0124 0.0000
vt 0.5414 0.0111 0.0000
vt 0.5491 0.0111 0.0000
vt 0.4663 0.4145 0.0000
vt 0.4663 0.4163 0.0000
vt 0.3823 0.0123 0.0000
vt 0.3900 0.0123 0.0000
vt 0.3900 0.0140 0.0000
vt 0.3823 0.0140 0.0000
vt 0.4130 0.4145 0.0000
vt 0.4130 0.4163 0.0000
vt 0.4054 0.4163 0.0000
vt 0.4054 0.4145 0.0000
vt 0.8579 0.3395 0.0000
vt 0.8581 0.3029 0.0000
vt 0.8588 0.3029 0.0000
vt 0.8586 0.3395 0.0000
vt 0.4207 0.4163 0.0000
vt 0.0575 0.0102 0.0000
vt 0.0575 0.0118 0.0000
vt 0.0499 0.0118 0.0000
vt 0.0499 0.0102 0.0000
vt 0.1936 0.0113 0.0000
vt 0.2013 0.0113 0.0000
vt 0.0346 0.4097 0.0000
vt 0.0271 0.4097 0.0000
vt 0.0271 0.4081 0.0000
vt 0.0346 0.4081 0.0000
vt 0.1784 0.0113 0.0000
vt 0.1861 0.0113 0.0000
vt 0.1861 0.0140 0.0000
vt 0.1784 0.0140 0.0000
vt 0.0955 0.0102 0.0000
vt 0.0955 0.0118 0.0000
vt 0.4815 0.0123 0.0000
vt 0.4892 0.0123 0.0000
vt 0.4892 0.0140 0.0000
vt 0.2694 0.0113 0.0000
vt 0.2768 0.0113 0.0000
vt 0.2694 0.0140 0.0000
vt 0.3073 0.0113 0.0000
vt 0.3150 0.0113 0.0000
vt 0.7028 0.0201 0.0000
vt 0.7045 0.0108 0.0000
vt 0.7075 0.0112 0.0000
vt 0.7057 0.0203 0.0000
vt 0.2013 0.3956 0.0000
vt 0.1936 0.3956 0.0000
vt 0.0771 0.5161 0.0000
vt 0.0799 0.5165 0.0000
vt 0.0799 0.5171 0.0000
vt 0.5945 0.0124 0.0000
vt 0.2165 0.0140 0.0000
vt 0.2240 0.0140 0.0000
vt 0.2240 0.3944 0.0000
vt 0.3977 0.4163 0.0000
vt 0.3900 0.4163 0.0000
vt 0.3900 0.4145 0.0000
vt 0.3977 0.4145 0.0000
vt 0.6551 0.0111 0.0000
vt 0.6627 0.0111 0.0000
vt 0.6627 0.0124 0.0000
vt 0.6551 0.0124 0.0000
vt 0.6627 0.4080 0.0000
vt 0.3977 0.0140 0.0000
vt 0.0650 0.0118 0.0000
vt 0.0650 0.0102 0.0000
vt 0.1336 0.4081 0.0000
vt 0.1413 0.4081 0.0000
vt 0.1413 0.4097 0.0000
vt 0.1336 0.4097 0.0000
vt 0.3520 0.0140 0.0000
vt 0.3444 0.4145 0.0000
vt 0.3444 0.0140 0.0000
vt 0.8759 0.3394 0.0000
vt 0.8759 0.3430 0.0000
vt 0.8618 0.3430 0.0000
vt 0.8618 0.3395 0.0000
vt 0.5945 0.0111 0.0000
vt 0.0573 0.4081 0.0000
vt 0.0499 0.4081 0.0000
vt 0.4207 0.0123 0.0000
vt 0.8818 0.4175 0.0000
vt 0.8820 0.4210 0.0000
vt 0.8680 0.4223 0.0000
vt 0.8678 0.4188 0.0000
vt 0.5718 0.0124 0.0000
vt 0.5718 0.4080 0.0000
vt 0.2316 0.3944 0.0000
vt 0.4283 0.0123 0.0000
vt 0.4358 0.0123 0.0000
vt 0.4358 0.0140 0.0000
vt 0.8776 0.2473 0.0000
vt 0.8775 0.2113 0.0000
vt 0.8785 0.2113 0.0000
vt 0.8785 0.2473 0.0000
vt 0.5642 0.4097 0.0000
vt 0.5566 0.4097 0.0000
vt 0.7219 0.0138 0.0000
vt 0.7077 0.0102 0.0000
vt 0.2694 0.3944 0.0000
vt 0.8574 0.2508 0.0000
vt 0.8574 0.2477 0.0000
vt 0.8602 0.2476 0.0000
vt 0.8602 0.2507 0.0000
vt 0.4968 0.4145 0.0000
vt 0.4968 0.4163 0.0000
vt 0.4892 0.4163 0.0000
vt 0.4892 0.4145 0.0000
vt 0.4435 0.4163 0.0000
vt 0.5642 0.0111 0.0000
vt 0.5718 0.0111 0.0000
vt 0.6020 0.0111 0.0000
vt 0.6097 0.0111 0.0000
vt 0.2392 0.3956 0.0000
vt 0.2316 0.3956 0.0000
vt 0.2392 0.3944 0.0000
vt 0.6400 0.4080 0.0000
vt 0.4968 0.0123 0.0000
vt 0.4968 0.0140 0.0000
vt 0.8602 0.2520 0.0000
vt 0.8574 0.2519 0.0000
vt 0.5262 0.0111 0.0000
vt 0.5339 0.0111 0.0000
vt 0.5339 0.0124 0.0000
vt 0.5262 0.0124 0.0000
vt 0.1861 0.3944 0.0000
vt 0.1784 0.3944 0.0000
vt 0.2845 0.0113 0.0000
vt 0.1861 0.3956 0.0000
vt 0.5187 0.0124 0.0000
vt 0.5110 0.0124 0.0000
vt 0.5110 0.0111 0.0000
vt 0.5187 0.0111 0.0000
vt 0.1030 0.4081 0.0000
vt 0.1030 0.4097 0.0000
vt 0.0955 0.4081 0.0000
vt 0.0271 0.0102 0.0000
vt 0.0271 0.0118 0.0000
vt 0.0194 0.0118 0.0000
vt 0.0194 0.0102 0.0000
vt 0.3300 0.3944 0.0000
vt 0.3300 0.3956 0.0000
vt 0.3225 0.3956 0.0000
vt 0.3225 0.3944 0.0000
vt 0.2845 0.3956 0.0000
vt 0.2768 0.3956 0.0000
vt 0.7180 0.0475 0.0000
vt 0.7230 0.0232 0.0000
vt 0.7237 0.0236 0.0000
vt 0.7187 0.0479 0.0000
vt 0.0498 0.6192 0.0000
vt 0.0506 0.6191 0.0000
vt 0.0490 0.6536 0.0000
vt 0.0481 0.6539 0.0000
vt 0.0190 0.5473 0.0000
vt 0.0169 0.5731 0.0000
vt 0.0162 0.5735 0.0000
vt 0.0181 0.5477 0.0000
vt 0.2694 0.3956 0.0000
vt 0.2619 0.3956 0.0000
vt 0.2619 0.3944 0.0000
vt 0.2544 0.3956 0.0000
vt 0.2997 0.3944 0.0000
vt 0.3225 0.0140 0.0000
vt 0.3300 0.0140 0.0000
vt 0.0499 0.4097 0.0000
vt 0.2089 0.0140 0.0000
vt 0.2997 0.3956 0.0000
vt 0.3073 0.3956 0.0000
vt 0.8775 0.2081 0.0000
vt 0.8784 0.2081 0.0000
vt 0.0761 0.5511 0.0000
vt 0.0732 0.5510 0.0000
vt 0.0760 0.5261 0.0000
vt 0.0789 0.5263 0.0000
vt 0.4740 0.4163 0.0000
vt 0.5262 0.4097 0.0000
vt 0.5187 0.4097 0.0000
vt 0.5187 0.4080 0.0000
vt 0.5262 0.4080 0.0000
vt 0.3823 0.4163 0.0000
vt 0.3747 0.4163 0.0000
vt 0.3747 0.4145 0.0000
vt 0.3823 0.4145 0.0000
vt 0.5718 0.4097 0.0000
vt 0.5512 0.4602 0.0000
vt 0.5513 0.4594 0.0000
vt 0.5542 0.4601 0.0000
vt 0.5541 0.4609 0.0000
vt 0.5491 0.4080 0.0000
vt 0.5414 0.4080 0.0000
vt 0.6172 0.0111 0.0000
vt 0.3225 0.0113 0.0000
vt 0.3300 0.0113 0.0000
vt 0.1697 0.5928 0.0000
vt 0.1676 0.5592 0.0000
vt 0.1684 0.5591 0.0000
vt 0.1704 0.5928 0.0000
vt 0.1260 0.4081 0.0000
vt 0.1183 0.4081 0.0000
vt 0.8602 0.2112 0.0000
vt 0.8571 0.2112 0.0000
vt 0.2468 0.3956 0.0000
vt 0.3150 0.3956 0.0000
vt 0.7308 0.2701 0.0000
vt 0.7311 0.3019 0.0000
vt 0.6998 0.2852 0.0000
vt 0.6996 0.2521 0.0000
vt 0.8642 0.4223 0.0000
vt 0.8637 0.4192 0.0000
vt 0.8644 0.4192 0.0000
vt 0.8647 0.4219 0.0000
vt 0.2240 0.3956 0.0000
vt 0.2792 0.9593 0.0000
vt 0.2791 0.9585 0.0000
vt 0.2813 0.9561 0.0000
vt 0.2815 0.9569 0.0000
vt 0.1784 0.3956 0.0000
vt 0.8934 0.4628 0.0000
vt 0.8926 0.4660 0.0000
vt 0.8919 0.4657 0.0000
vt 0.8928 0.4631 0.0000
vt 0.0479 0.6879 0.0000
vt 0.0471 0.6883 0.0000
vt 0.8131 0.4196 0.0000
vt 0.8102 0.4204 0.0000
vt 0.8088 0.3850 0.0000
vt 0.8118 0.3844 0.0000
vt 0.1645 0.4923 0.0000
vt 0.1654 0.5011 0.0000
vt 0.1627 0.5018 0.0000
vt 0.1617 0.4932 0.0000
vt 0.5678 0.9905 0.0000
vt 0.5682 0.9896 0.0000
vt 0.5690 0.9896 0.0000
vt 0.5687 0.9905 0.0000
vt 0.8803 0.5043 0.0000
vt 0.8777 0.5035 0.0000
vt 0.8787 0.4999 0.0000
vt 0.8807 0.5040 0.0000
vt 0.8789 0.3426 0.0000
vt 0.8793 0.3394 0.0000
vt 0.8794 0.3422 0.0000
vt 0.5707 0.9809 0.0000
vt 0.5715 0.9809 0.0000
vt 0.0585 0.5151 0.0000
vt 0.0592 0.5149 0.0000
vt 0.0592 0.5155 0.0000
vt 0.0584 0.5157 0.0000
vt 0.9149 0.0351 0.0000
vt 0.9115 0.0261 0.0000
vt 0.9124 0.0261 0.0000
vt 0.9156 0.0351 0.0000
vt 0.7115 0.0805 0.0000
vt 0.7124 0.0808 0.0000
vt 0.5118 0.5576 0.0000
vt 0.5180 0.5241 0.0000
vt 0.5188 0.5241 0.0000
vt 0.5125 0.5576 0.0000
vt 0.8622 0.3030 0.0000
vt 0.8588 0.2999 0.0000
vt 0.8592 0.2995 0.0000
vt 0.5005 0.6247 0.0000
vt 0.5059 0.5913 0.0000
vt 0.5067 0.5912 0.0000
vt 0.5014 0.6245 0.0000
vt 0.7556 0.9273 0.0000
vt 0.7451 0.9584 0.0000
vt 0.7443 0.9584 0.0000
vt 0.7548 0.9274 0.0000
vt 0.4908 0.6910 0.0000
vt 0.4955 0.6579 0.0000
vt 0.4965 0.6577 0.0000
vt 0.4918 0.6909 0.0000
vt 0.4875 0.7242 0.0000
vt 0.4865 0.7244 0.0000
vt 0.2533 0.7848 0.0000
vt 0.2499 0.7506 0.0000
vt 0.2508 0.7501 0.0000
vt 0.2541 0.7843 0.0000
vt 0.2929 0.6561 0.0000
vt 0.2937 0.6559 0.0000
vt 0.2914 0.6915 0.0000
vt 0.2906 0.6919 0.0000
vt 0.0553 0.9253 0.0000
vt 0.0592 0.9592 0.0000
vt 0.0584 0.9597 0.0000
vt 0.0546 0.9257 0.0000
vt 0.4759 0.8257 0.0000
vt 0.4768 0.8254 0.0000
vt 0.4742 0.8596 0.0000
vt 0.4734 0.8599 0.0000
vt 0.2471 0.5471 0.0000
vt 0.2456 0.5805 0.0000
vt 0.2448 0.5809 0.0000
vt 0.2462 0.5473 0.0000
vt 0.4713 0.8943 0.0000
vt 0.4722 0.8940 0.0000
vt 0.4710 0.9286 0.0000
vt 0.4701 0.9289 0.0000
vt 0.4698 0.9641 0.0000
vt 0.4705 0.9638 0.0000
vt 0.3064 0.8666 0.0000
vt 0.2990 0.8329 0.0000
vt 0.2997 0.8324 0.0000
vt 0.3071 0.8661 0.0000
vt 0.6660 0.9875 0.0000
vt 0.6630 0.9523 0.0000
vt 0.6657 0.9515 0.0000
vt 0.6688 0.9869 0.0000
vt 0.6514 0.9896 0.0000
vt 0.6489 0.9550 0.0000
vt 0.7746 0.7646 0.0000
vt 0.7774 0.7648 0.0000
vt 0.7715 0.7978 0.0000
vt 0.7688 0.7975 0.0000
vt 0.3150 0.7935 0.0000
vt 0.3194 0.8269 0.0000
vt 0.3187 0.8269 0.0000
vt 0.3141 0.7935 0.0000
vt 0.8959 0.6126 0.0000
vt 0.8888 0.6459 0.0000
vt 0.8882 0.6455 0.0000
vt 0.8952 0.6122 0.0000
vt 0.4003 0.9459 0.0000
vt 0.4203 0.9681 0.0000
vt 0.4171 0.9689 0.0000
vt 0.3973 0.9465 0.0000
vt 0.7065 0.3822 0.0000
vt 0.7035 0.3810 0.0000
vt 0.7004 0.3490 0.0000
vt 0.7033 0.3502 0.0000
vt 0.1016 0.9265 0.0000
vt 0.0943 0.9573 0.0000
vt 0.0936 0.9569 0.0000
vt 0.1009 0.9260 0.0000
vt 0.4913 0.9610 0.0000
vt 0.4906 0.9609 0.0000
vt 0.4907 0.9269 0.0000
vt 0.4915 0.9271 0.0000
vt 0.4877 0.9613 0.0000
vt 0.4878 0.9271 0.0000
vt 0.2481 0.6476 0.0000
vt 0.2479 0.6138 0.0000
vt 0.2617 0.6125 0.0000
vt 0.2619 0.6459 0.0000
vt 0.8104 0.2786 0.0000
vt 0.8104 0.3134 0.0000
vt 0.8074 0.3139 0.0000
vt 0.8074 0.2790 0.0000
vt 0.0194 0.4097 0.0000
vt 0.0118 0.4097 0.0000
vt 0.0118 0.4081 0.0000
vt 0.0194 0.4081 0.0000
vt 0.4752 0.8937 0.0000
vt 0.4739 0.9283 0.0000
vt 0.9879 0.3541 0.0000
vt 0.9849 0.3545 0.0000
vt 0.9855 0.3223 0.0000
vt 0.9885 0.3218 0.0000
vt 0.4797 0.8252 0.0000
vt 0.4771 0.8594 0.0000
vt 0.3170 0.8988 0.0000
vt 0.3097 0.8649 0.0000
vt 0.3196 0.8974 0.0000
vt 0.0508 0.6876 0.0000
vt 0.0502 0.7218 0.0000
vt 0.0473 0.7222 0.0000
vt 0.4904 0.7242 0.0000
vt 0.4864 0.7575 0.0000
vt 0.4834 0.7576 0.0000
vt 0.7702 0.8640 0.0000
vt 0.7731 0.8643 0.0000
vt 0.7644 0.8961 0.0000
vt 0.7615 0.8956 0.0000
vt 0.3322 0.9285 0.0000
vt 0.3298 0.9302 0.0000
vt 0.7519 0.9269 0.0000
vt 0.7414 0.9579 0.0000
vt 0.8746 0.6095 0.0000
vt 0.8775 0.6097 0.0000
vt 0.8704 0.6438 0.0000
vt 0.8675 0.6437 0.0000
vt 0.5155 0.5577 0.0000
vt 0.5096 0.5912 0.0000
vt 0.9285 0.0592 0.0000
vt 0.9191 0.0336 0.0000
vt 0.9332 0.0260 0.0000
vt 0.9425 0.0522 0.0000
vt 0.5256 0.4911 0.0000
vt 0.5285 0.4915 0.0000
vt 0.5217 0.5244 0.0000
vt 0.2857 0.9553 0.0000
vt 0.2854 0.9545 0.0000
vt 0.2991 0.9488 0.0000
vt 0.2993 0.9495 0.0000
vt 0.0591 0.5162 0.0000
vt 0.0587 0.5509 0.0000
vt 0.0613 0.5252 0.0000
vt 0.5358 0.5257 0.0000
vt 0.5430 0.4934 0.0000
vt 0.2881 0.8806 0.0000
vt 0.2823 0.8474 0.0000
vt 0.2832 0.8474 0.0000
vt 0.2888 0.8805 0.0000
vt 0.0643 0.7882 0.0000
vt 0.0651 0.8218 0.0000
vt 0.0515 0.8238 0.0000
vt 0.0505 0.7899 0.0000
vt 0.8850 0.4216 0.0000
vt 0.8821 0.4219 0.0000
vt 0.8848 0.4210 0.0000
vt 0.6400 0.4097 0.0000
vt 0.2920 0.3956 0.0000
vt 0.2920 0.3944 0.0000
vt 0.5194 0.9445 0.0000
vt 0.5169 0.9529 0.0000
vt 0.5162 0.9524 0.0000
vt 0.5187 0.9440 0.0000
vt 0.3747 0.0140 0.0000
vt 0.5547 0.4613 0.0000
vt 0.5525 0.4700 0.0000
vt 0.5519 0.4697 0.0000
vt 0.5549 0.4604 0.0000
vt 0.5109 0.5577 0.0000
vt 0.5171 0.5241 0.0000
vt 0.7605 0.0443 0.0000
vt 0.7598 0.0440 0.0000
vt 0.7601 0.0430 0.0000
vt 0.7608 0.0433 0.0000
vt 0.5329 0.5594 0.0000
vt 0.5271 0.5927 0.0000
vt 0.5262 0.5924 0.0000
vt 0.5322 0.5592 0.0000
vt 0.5234 0.5921 0.0000
vt 0.5180 0.6252 0.0000
vt 0.5043 0.6245 0.0000
vt 0.5128 0.6582 0.0000
vt 0.4993 0.6577 0.0000
vt 0.8819 0.9132 0.0000
vt 0.8870 0.9458 0.0000
vt 0.8740 0.9496 0.0000
vt 0.8686 0.9165 0.0000
vt 0.4947 0.6908 0.0000
vt 0.5082 0.6912 0.0000
vt 0.5040 0.7243 0.0000
vt 0.9708 0.1563 0.0000
vt 0.9574 0.1605 0.0000
vt 0.9497 0.1266 0.0000
vt 0.9633 0.1216 0.0000
vt 0.3582 0.9502 0.0000
vt 0.3476 0.9580 0.0000
vt 0.3435 0.9218 0.0000
vt 0.8251 0.2095 0.0000
vt 0.8116 0.2106 0.0000
vt 0.8129 0.1774 0.0000
vt 0.8261 0.1765 0.0000
vt 0.4936 0.8248 0.0000
vt 0.4911 0.8588 0.0000
vt 0.3150 0.6205 0.0000
vt 0.3114 0.6554 0.0000
vt 0.2967 0.6557 0.0000
vt 0.3003 0.6203 0.0000
vt 0.4892 0.8929 0.0000
vt 0.0647 0.6865 0.0000
vt 0.0659 0.6524 0.0000
vt 0.0688 0.6523 0.0000
vt 0.0676 0.6864 0.0000
vt 0.7173 0.9849 0.0000
vt 0.7145 0.9839 0.0000
vt 0.7260 0.9539 0.0000
vt 0.7287 0.9548 0.0000
vt 0.1280 0.9871 0.0000
vt 0.1252 0.9865 0.0000
vt 0.1337 0.9554 0.0000
vt 0.1365 0.9560 0.0000
vt 0.3114 0.7940 0.0000
vt 0.3088 0.7598 0.0000
vt 0.3116 0.7594 0.0000
vt 0.6955 0.1828 0.0000
vt 0.6984 0.1828 0.0000
vt 0.6962 0.2167 0.0000
vt 0.6934 0.2167 0.0000
vt 0.5002 0.7576 0.0000
vt 0.5069 0.7245 0.0000
vt 0.5029 0.7578 0.0000
vt 0.7458 0.8928 0.0000
vt 0.7543 0.8614 0.0000
vt 0.7571 0.8620 0.0000
vt 0.7486 0.8934 0.0000
vt 0.5157 0.6584 0.0000
vt 0.5110 0.6914 0.0000
vt 0.3343 0.8906 0.0000
vt 0.3318 0.8917 0.0000
vt 0.3226 0.8601 0.0000
vt 0.3254 0.8593 0.0000
vt 0.5207 0.6254 0.0000
vt 0.5216 0.6258 0.0000
vt 0.1315 0.6063 0.0000
vt 0.1324 0.6392 0.0000
vt 0.1317 0.6390 0.0000
vt 0.1307 0.6061 0.0000
vt 0.8850 0.4204 0.0000
vt 0.8856 0.4210 0.0000
vt 0.8657 0.0281 0.0000
vt 0.8649 0.0281 0.0000
vt 0.8613 0.0190 0.0000
vt 0.8622 0.0190 0.0000
vt 0.5573 0.9526 0.0000
vt 0.5505 0.9759 0.0000
vt 0.5499 0.9753 0.0000
vt 0.5567 0.9521 0.0000
vt 0.7725 0.4868 0.0000
vt 0.7719 0.4873 0.0000
vt 0.7718 0.4869 0.0000
vt 0.7725 0.4865 0.0000
vt 0.5165 0.9537 0.0000
vt 0.5192 0.9550 0.0000
vt 0.5188 0.9560 0.0000
vt 0.9113 0.1492 0.0000
vt 0.9187 0.1805 0.0000
vt 0.9179 0.1805 0.0000
vt 0.9105 0.1492 0.0000
vt 0.9143 0.8008 0.0000
vt 0.9134 0.8006 0.0000
vt 0.9134 0.7687 0.0000
vt 0.9142 0.7690 0.0000
vt 0.8106 0.4595 0.0000
vt 0.8106 0.4589 0.0000
vt 0.8115 0.4584 0.0000
vt 0.8115 0.4590 0.0000
vt 0.7752 0.4849 0.0000
vt 0.7751 0.4845 0.0000
vt 0.8072 0.4620 0.0000
vt 0.8073 0.4624 0.0000
vt 0.2501 0.9872 0.0000
vt 0.2502 0.9879 0.0000
vt 0.2496 0.9885 0.0000
vt 0.2493 0.9877 0.0000
vt 0.8944 0.6119 0.0000
vt 0.8875 0.6452 0.0000
vt 0.1201 0.4752 0.0000
vt 0.1231 0.4764 0.0000
vt 0.1232 0.4772 0.0000
vt 0.1202 0.4760 0.0000
vt 0.5317 0.4562 0.0000
vt 0.5320 0.4555 0.0000
vt 0.5328 0.4553 0.0000
vt 0.5326 0.4560 0.0000
vt 0.7579 0.0528 0.0000
vt 0.7531 0.0773 0.0000
vt 0.7506 0.0753 0.0000
vt 0.7555 0.0508 0.0000
vt 0.7218 0.0504 0.0000
vt 0.7193 0.0484 0.0000
vt 0.7243 0.0240 0.0000
vt 0.7268 0.0261 0.0000
vt 0.0197 0.5376 0.0000
vt 0.0196 0.5382 0.0000
vt 0.0187 0.5387 0.0000
vt 0.0188 0.5379 0.0000
vt 0.2820 0.9554 0.0000
vt 0.2821 0.9562 0.0000
vt 0.1297 0.5732 0.0000
vt 0.1325 0.5745 0.0000
vt 0.1343 0.6077 0.0000
vt 0.9244 0.2117 0.0000
vt 0.9276 0.2127 0.0000
vt 0.9316 0.2437 0.0000
vt 0.9286 0.2427 0.0000
vt 0.1325 0.6720 0.0000
vt 0.1353 0.6407 0.0000
vt 0.1353 0.6735 0.0000
vt 0.1318 0.6717 0.0000
vt 0.3352 0.8905 0.0000
vt 0.3469 0.9202 0.0000
vt 0.3461 0.9205 0.0000
vt 0.7069 0.1147 0.0000
vt 0.7024 0.1489 0.0000
vt 0.7017 0.1487 0.0000
vt 0.7061 0.1145 0.0000
vt 0.5037 0.7580 0.0000
vt 0.5076 0.7248 0.0000
vt 0.6514 0.6439 0.0000
vt 0.6558 0.6097 0.0000
vt 0.6567 0.6099 0.0000
vt 0.6521 0.6441 0.0000
vt 0.8274 0.2429 0.0000
vt 0.8280 0.2094 0.0000
vt 0.8288 0.2097 0.0000
vt 0.8282 0.2431 0.0000
vt 0.3117 0.7251 0.0000
vt 0.3109 0.7250 0.0000
vt 0.3119 0.6903 0.0000
vt 0.3126 0.6905 0.0000
vt 0.4927 0.8930 0.0000
vt 0.4920 0.8929 0.0000
vt 0.4939 0.8588 0.0000
vt 0.4948 0.8590 0.0000
vt 0.6961 0.2503 0.0000
vt 0.6953 0.2502 0.0000
vt 0.6971 0.2169 0.0000
vt 0.9331 0.3347 0.0000
vt 0.9322 0.3344 0.0000
vt 0.9319 0.3038 0.0000
vt 0.9327 0.3041 0.0000
vt 0.1142 0.8641 0.0000
vt 0.1083 0.8954 0.0000
vt 0.1075 0.8950 0.0000
vt 0.1135 0.8637 0.0000
vt 0.1187 0.8323 0.0000
vt 0.1194 0.8326 0.0000
vt 0.1695 0.6939 0.0000
vt 0.1702 0.6942 0.0000
vt 0.1685 0.7276 0.0000
vt 0.1678 0.7273 0.0000
vt 0.1237 0.8008 0.0000
vt 0.1230 0.8006 0.0000
vt 0.1264 0.7687 0.0000
vt 0.1272 0.7689 0.0000
vt 0.6992 0.1830 0.0000
vt 0.7032 0.1493 0.0000
vt 0.6998 0.1834 0.0000
vt 0.7076 0.1151 0.0000
vt 0.9309 0.3958 0.0000
vt 0.9301 0.3954 0.0000
vt 0.9316 0.3649 0.0000
vt 0.9323 0.3653 0.0000
vt 0.1343 0.7060 0.0000
vt 0.1316 0.7045 0.0000
vt 0.5756 0.6343 0.0000
vt 0.5768 0.6021 0.0000
vt 0.6075 0.6209 0.0000
vt 0.6060 0.6537 0.0000
vt 0.1673 0.6251 0.0000
vt 0.1674 0.6587 0.0000
vt 0.2625 0.8532 0.0000
vt 0.2618 0.8538 0.0000
vt 0.2567 0.8194 0.0000
vt 0.2575 0.8190 0.0000
vt 0.1298 0.7369 0.0000
vt 0.1325 0.7386 0.0000
vt 0.3232 0.8281 0.0000
vt 0.3187 0.7950 0.0000
vt 0.3517 0.8090 0.0000
vt 0.3562 0.8396 0.0000
vt 0.3628 0.8689 0.0000
vt 0.3593 0.8404 0.0000
vt 0.3660 0.8695 0.0000
vt 0.8892 0.9139 0.0000
vt 0.8862 0.9128 0.0000
vt 0.8820 0.8799 0.0000
vt 0.8849 0.8811 0.0000
vt 0.3388 0.5209 0.0000
vt 0.3322 0.5544 0.0000
vt 0.3297 0.5523 0.0000
vt 0.3364 0.5189 0.0000
vt 0.8820 0.7148 0.0000
vt 0.8794 0.7130 0.0000
vt 0.8833 0.6794 0.0000
vt 0.8858 0.6813 0.0000
vt 0.7010 0.3179 0.0000
vt 0.6981 0.3164 0.0000
vt 0.6969 0.2838 0.0000
vt 0.1108 0.8973 0.0000
vt 0.1168 0.8660 0.0000
vt 0.1440 0.8890 0.0000
vt 0.1374 0.9209 0.0000
vt 0.9352 0.3668 0.0000
vt 0.9359 0.3361 0.0000
vt 0.9651 0.3535 0.0000
vt 0.9638 0.3848 0.0000
vt 0.3676 0.5449 0.0000
vt 0.3618 0.5783 0.0000
vt 0.9603 0.2259 0.0000
vt 0.9633 0.2581 0.0000
vt 0.1652 0.7256 0.0000
vt 0.1652 0.7605 0.0000
vt 0.1625 0.7588 0.0000
vt 0.3621 0.9482 0.0000
vt 0.3795 0.9746 0.0000
vt 0.3788 0.9748 0.0000
vt 0.3612 0.9483 0.0000
vt 0.7424 0.3970 0.0000
vt 0.7415 0.3968 0.0000
vt 0.7381 0.3659 0.0000
vt 0.7389 0.3660 0.0000
vt 0.7352 0.3647 0.0000
vt 0.7327 0.3334 0.0000
vt 0.7356 0.3347 0.0000
vt 0.1397 0.9230 0.0000
vt 0.1323 0.9547 0.0000
vt 0.1299 0.9525 0.0000
vt 0.3643 0.5803 0.0000
vt 0.3594 0.6137 0.0000
vt 0.3569 0.6119 0.0000
vt 0.7364 0.3349 0.0000
vt 0.1194 0.4758 0.0000
vt 0.1193 0.4750 0.0000
vt 0.1465 0.8910 0.0000
vt 0.1524 0.8588 0.0000
vt 0.1531 0.8592 0.0000
vt 0.1471 0.8914 0.0000
vt 0.1575 0.8263 0.0000
vt 0.1582 0.8266 0.0000
vt 0.5601 0.7615 0.0000
vt 0.5548 0.7939 0.0000
vt 0.5541 0.7935 0.0000
vt 0.5593 0.7611 0.0000
vt 0.1404 0.9235 0.0000
vt 0.1659 0.7609 0.0000
vt 0.7262 0.0143 0.0000
vt 0.7261 0.0153 0.0000
vt 0.7254 0.0148 0.0000
vt 0.7256 0.0138 0.0000
vt 0.1703 0.6602 0.0000
vt 0.1710 0.6606 0.0000
vt 0.1708 0.6267 0.0000
vt 0.1701 0.6265 0.0000
vt 0.1690 0.5928 0.0000
vt 0.7005 0.0455 0.0000
vt 0.6977 0.0453 0.0000
vt 0.2945 0.9132 0.0000
vt 0.2918 0.9140 0.0000
vt 0.2853 0.8815 0.0000
vt 0.8818 0.3768 0.0000
vt 0.8816 0.3773 0.0000
vt 0.8789 0.3776 0.0000
vt 0.8789 0.3769 0.0000
vt 0.0768 0.5515 0.0000
vt 0.0737 0.5846 0.0000
vt 0.0729 0.5843 0.0000
vt 0.1607 0.4915 0.0000
vt 0.1600 0.4914 0.0000
vt 0.1600 0.4908 0.0000
vt 0.1607 0.4909 0.0000
vt 0.2373 0.9187 0.0000
vt 0.2365 0.9190 0.0000
vt 0.2302 0.8842 0.0000
vt 0.2309 0.8838 0.0000
vt 0.9083 0.0256 0.0000
vt 0.9081 0.0250 0.0000
vt 0.9114 0.0255 0.0000
vt 0.0548 0.5172 0.0000
vt 0.0577 0.5155 0.0000
vt 0.0576 0.5161 0.0000
vt 0.0548 0.5177 0.0000
vt 0.4835 0.5091 0.0000
vt 0.4844 0.5088 0.0000
vt 0.4785 0.5420 0.0000
vt 0.4777 0.5423 0.0000
vt 0.1268 0.5097 0.0000
vt 0.1242 0.4859 0.0000
vt 0.1581 0.5005 0.0000
vt 0.1609 0.5250 0.0000
vt 0.0584 0.5163 0.0000
vt 0.0576 0.5167 0.0000
vt 0.7717 0.4854 0.0000
vt 0.7717 0.4755 0.0000
vt 0.7724 0.4751 0.0000
vt 0.7725 0.4849 0.0000
vt 0.1640 0.5580 0.0000
vt 0.1299 0.5418 0.0000
vt 0.5634 0.9185 0.0000
vt 0.5365 0.8920 0.0000
vt 0.5716 0.8859 0.0000
vt 0.1230 0.4757 0.0000
vt 0.1230 0.4752 0.0000
vt 0.1570 0.4896 0.0000
vt 0.1570 0.4902 0.0000
vt 0.1661 0.5913 0.0000
vt 0.1668 0.5592 0.0000
vt 0.0225 0.5353 0.0000
vt 0.0225 0.5349 0.0000
vt 0.0548 0.5167 0.0000
vt 0.5791 0.8528 0.0000
vt 0.5815 0.8548 0.0000
vt 0.5739 0.8881 0.0000
vt 0.9644 0.4177 0.0000
vt 0.9613 0.4484 0.0000
vt 0.9588 0.4466 0.0000
vt 0.9616 0.4160 0.0000
vt 0.1298 0.7707 0.0000
vt 0.1263 0.8028 0.0000
vt 0.9041 0.5798 0.0000
vt 0.9064 0.5820 0.0000
vt 0.8981 0.6147 0.0000
vt 0.1592 0.7917 0.0000
vt 0.9358 0.0243 0.0000
vt 0.9326 0.0149 0.0000
vt 0.9332 0.0143 0.0000
vt 0.9364 0.0236 0.0000
vt 0.7342 0.2397 0.0000
vt 0.7335 0.2716 0.0000
vt 0.7315 0.2380 0.0000
vt 0.1499 0.8568 0.0000
vt 0.1550 0.8244 0.0000
vt 0.1219 0.8344 0.0000
vt 0.9019 0.1176 0.0000
vt 0.9052 0.1182 0.0000
vt 0.9145 0.1499 0.0000
vt 0.8559 0.8161 0.0000
vt 0.8551 0.8164 0.0000
vt 0.8544 0.7821 0.0000
vt 0.8552 0.7819 0.0000
vt 0.8619 0.0184 0.0000
vt 0.8617 0.0179 0.0000
vt 0.8649 0.0185 0.0000
vt 0.8651 0.0190 0.0000
vt 0.0583 0.5252 0.0000
vt 0.0558 0.5509 0.0000
vt 0.0549 0.5510 0.0000
vt 0.0575 0.5253 0.0000
vt 0.8611 0.4993 0.0000
vt 0.8607 0.4986 0.0000
vt 0.8613 0.4983 0.0000
vt 0.8614 0.4988 0.0000
vt 0.5663 0.9213 0.0000
vt 0.5670 0.9217 0.0000
vt 0.5580 0.9531 0.0000
vt 0.2717 0.8857 0.0000
vt 0.2660 0.8518 0.0000
vt 0.2796 0.8481 0.0000
vt 0.1733 0.5924 0.0000
vt 0.1711 0.5586 0.0000
vt 0.5491 0.4097 0.0000
vt 0.5414 0.4097 0.0000
vt 0.5339 0.4097 0.0000
vt 0.5339 0.4080 0.0000
vt 0.0585 0.5149 0.0000
vt 0.0592 0.5147 0.0000
vt 0.0577 0.5151 0.0000
vt 0.1212 0.4845 0.0000
vt 0.8819 0.5009 0.0000
vt 0.8812 0.5037 0.0000
vt 0.2997 0.9374 0.0000
vt 0.3004 0.9373 0.0000
vt 0.3022 0.9459 0.0000
vt 0.3015 0.9460 0.0000
vt 0.6693 0.6783 0.0000
vt 0.6651 0.7124 0.0000
vt 0.6644 0.7128 0.0000
vt 0.6685 0.6786 0.0000
vt 0.7713 0.2344 0.0000
vt 0.7720 0.2339 0.0000
vt 0.7709 0.2684 0.0000
vt 0.7702 0.2689 0.0000
vt 0.1572 0.4909 0.0000
vt 0.1639 0.5262 0.0000
vt 0.1238 0.5084 0.0000
vt 0.4937 0.4722 0.0000
vt 0.4938 0.4715 0.0000
vt 0.5289 0.4568 0.0000
vt 0.5287 0.4576 0.0000
vt 0.8061 0.4232 0.0000
vt 0.8047 0.3876 0.0000
vt 0.8073 0.3857 0.0000
vt 0.8087 0.4212 0.0000
vt 0.7388 0.1747 0.0000
vt 0.7362 0.1729 0.0000
vt 0.7400 0.1403 0.0000
vt 0.7426 0.1421 0.0000
vt 0.5321 0.4550 0.0000
vt 0.5290 0.4562 0.0000
vt 0.0224 0.5359 0.0000
vt 0.0224 0.5365 0.0000
vt 0.8072 0.4603 0.0000
vt 0.8070 0.4506 0.0000
vt 0.8097 0.4486 0.0000
vt 0.8099 0.4584 0.0000
vt 0.0514 0.5850 0.0000
vt 0.0491 0.6194 0.0000
vt 0.0463 0.6210 0.0000
vt 0.0485 0.5864 0.0000
vt 0.8938 0.0864 0.0000
vt 0.8808 0.0546 0.0000
vt 0.9209 0.0599 0.0000
vt 0.9322 0.0933 0.0000
vt 0.8054 0.6967 0.0000
vt 0.8011 0.7312 0.0000
vt 0.8002 0.7315 0.0000
vt 0.8045 0.6970 0.0000
vt 0.8059 0.3146 0.0000
vt 0.8059 0.2798 0.0000
vt 0.8066 0.2794 0.0000
vt 0.8066 0.3142 0.0000
vt 0.5544 0.9499 0.0000
vt 0.5476 0.9730 0.0000
vt 0.5217 0.9466 0.0000
vt 0.5283 0.9232 0.0000
vt 0.8062 0.2454 0.0000
vt 0.8070 0.2117 0.0000
vt 0.8079 0.2112 0.0000
vt 0.8070 0.2451 0.0000
vt 0.2448 0.6829 0.0000
vt 0.2437 0.6489 0.0000
vt 0.2444 0.6485 0.0000
vt 0.2455 0.6824 0.0000
vt 0.8690 0.0287 0.0000
vt 0.9115 0.0345 0.0000
vt 0.8124 0.1132 0.0000
vt 0.8133 0.1128 0.0000
vt 0.8109 0.1452 0.0000
vt 0.8100 0.1456 0.0000
vt 0.8163 0.0807 0.0000
vt 0.8154 0.0810 0.0000
vt 0.8506 0.5666 0.0000
vt 0.8494 0.6031 0.0000
vt 0.8487 0.6036 0.0000
vt 0.8498 0.5671 0.0000
vt 0.2112 0.7083 0.0000
vt 0.2135 0.7432 0.0000
vt 0.2128 0.7437 0.0000
vt 0.2104 0.7088 0.0000
vt 0.0257 0.9875 0.0000
vt 0.0221 0.9532 0.0000
vt 0.0280 0.9855 0.0000
vt 0.6995 0.6946 0.0000
vt 0.6981 0.7268 0.0000
vt 0.6953 0.7282 0.0000
vt 0.6680 0.7110 0.0000
vt 0.8072 0.4613 0.0000
vt 0.8099 0.4594 0.0000
vt 0.8099 0.4600 0.0000
vt 0.8366 0.7134 0.0000
vt 0.8408 0.6776 0.0000
vt 0.8435 0.6761 0.0000
vt 0.8394 0.7118 0.0000
vt 0.0186 0.9189 0.0000
vt 0.0159 0.8846 0.0000
vt 0.0211 0.9169 0.0000
vt 0.2522 0.9838 0.0000
vt 0.2507 0.9748 0.0000
vt 0.2789 0.9574 0.0000
vt 0.8073 0.1471 0.0000
vt 0.8096 0.1146 0.0000
vt 0.0138 0.8503 0.0000
vt 0.0123 0.8158 0.0000
vt 0.0163 0.8484 0.0000
vt 0.8344 0.7472 0.0000
vt 0.8316 0.7485 0.0000
vt 0.8039 0.7298 0.0000
vt 0.4412 0.8455 0.0000
vt 0.4388 0.8804 0.0000
vt 0.4361 0.8821 0.0000
vt 0.4385 0.8470 0.0000
vt 0.0113 0.7813 0.0000
vt 0.0108 0.7467 0.0000
vt 0.0139 0.7795 0.0000
vt 0.0184 0.8827 0.0000
vt 0.0484 0.8946 0.0000
vt 0.8031 0.2816 0.0000
vt 0.8035 0.2472 0.0000
vt 0.0110 0.7119 0.0000
vt 0.0117 0.6770 0.0000
vt 0.0137 0.7101 0.0000
vt 0.4479 0.7764 0.0000
vt 0.4490 0.7438 0.0000
vt 0.4519 0.7424 0.0000
vt 0.4790 0.7597 0.0000
vt 0.8112 0.6265 0.0000
vt 0.8128 0.5910 0.0000
vt 0.8154 0.5892 0.0000
vt 0.8140 0.6248 0.0000
vt 0.0129 0.6421 0.0000
vt 0.0147 0.6073 0.0000
vt 0.0156 0.6404 0.0000
vt 0.7746 0.4459 0.0000
vt 0.7711 0.4120 0.0000
vt 0.7737 0.4100 0.0000
vt 0.7159 0.5900 0.0000
vt 0.7115 0.6248 0.0000
vt 0.7087 0.6263 0.0000
vt 0.7131 0.5916 0.0000
vt 0.7751 0.4839 0.0000
vt 0.7751 0.4829 0.0000
vt 0.8063 0.3502 0.0000
vt 0.8070 0.3497 0.0000
vt 0.8080 0.3852 0.0000
vt 0.0135 0.7449 0.0000
vt 0.2526 0.9857 0.0000
vt 0.2524 0.9849 0.0000
vt 0.5296 0.4662 0.0000
vt 0.5239 0.4913 0.0000
vt 0.5210 0.4925 0.0000
vt 0.5265 0.4674 0.0000
vt 0.7057 0.1512 0.0000
vt 0.7101 0.1170 0.0000
vt 0.2438 0.9523 0.0000
vt 0.2431 0.9526 0.0000
vt 0.4874 0.5075 0.0000
vt 0.4920 0.4823 0.0000
vt 0.0174 0.6056 0.0000
vt 0.8094 0.4207 0.0000
vt 0.8104 0.4481 0.0000
vt 0.4908 0.4728 0.0000
vt 0.4910 0.4723 0.0000
vt 0.4939 0.4709 0.0000
vt 0.0447 0.6559 0.0000
vt 0.0436 0.6905 0.0000
vt 0.0144 0.6753 0.0000
vt 0.7909 0.0334 0.0000
vt 0.8210 0.0183 0.0000
vt 0.8163 0.0504 0.0000
vt 0.7868 0.0660 0.0000
vt 0.0430 0.7248 0.0000
vt 0.0430 0.7590 0.0000
vt 0.4370 0.9157 0.0000
vt 0.4679 0.8964 0.0000
vt 0.4667 0.9311 0.0000
vt 0.4361 0.9511 0.0000
vt 0.0435 0.7930 0.0000
vt 0.0445 0.8270 0.0000
vt 0.0149 0.8139 0.0000
vt 0.6913 0.8906 0.0000
vt 0.6657 0.9137 0.0000
vt 0.6622 0.8798 0.0000
vt 0.6886 0.8587 0.0000
vt 0.0461 0.8608 0.0000
vt 0.0245 0.9512 0.0000
vt 0.0514 0.9283 0.0000
vt 0.0553 0.9622 0.0000
vt 0.7840 0.0675 0.0000
vt 0.7880 0.0348 0.0000
vt 0.6577 0.8144 0.0000
vt 0.6569 0.8148 0.0000
vt 0.6583 0.7809 0.0000
vt 0.6590 0.7806 0.0000
vt 0.6925 0.4500 0.0000
vt 0.6870 0.4177 0.0000
vt 0.6879 0.4174 0.0000
vt 0.6932 0.4495 0.0000
vt 0.6960 0.4486 0.0000
vt 0.6906 0.4165 0.0000
vt 0.7032 0.4133 0.0000
vt 0.7082 0.4446 0.0000
vt 0.6836 0.3850 0.0000
vt 0.6864 0.3841 0.0000
vt 0.8121 0.5915 0.0000
vt 0.8112 0.5917 0.0000
vt 0.8118 0.5558 0.0000
vt 0.8127 0.5555 0.0000
vt 0.7797 0.1005 0.0000
vt 0.7831 0.0678 0.0000
vt 0.7805 0.1001 0.0000
vt 0.6945 0.7599 0.0000
vt 0.6918 0.7615 0.0000
vt 0.7834 0.0987 0.0000
vt 0.7805 0.1315 0.0000
vt 0.7776 0.1331 0.0000
vt 0.4814 0.5407 0.0000
vt 0.8776 0.2503 0.0000
vt 0.8784 0.2506 0.0000
vt 0.8779 0.2513 0.0000
vt 0.8773 0.2518 0.0000
vt 0.4872 0.6928 0.0000
vt 0.4918 0.6596 0.0000
vt 0.4947 0.6582 0.0000
vt 0.4900 0.6914 0.0000
vt 0.4723 0.8276 0.0000
vt 0.4754 0.7935 0.0000
vt 0.4783 0.7921 0.0000
vt 0.4752 0.8260 0.0000
vt 0.4662 0.9663 0.0000
vt 0.4693 0.9293 0.0000
vt 0.4690 0.9646 0.0000
vt 0.4758 0.5743 0.0000
vt 0.4705 0.6080 0.0000
vt 0.4676 0.6095 0.0000
vt 0.4729 0.5756 0.0000
vt 0.5079 0.5589 0.0000
vt 0.5051 0.5916 0.0000
vt 0.5022 0.5929 0.0000
vt 0.8585 0.3424 0.0000
vt 0.8580 0.3426 0.0000
vt 0.8816 0.5040 0.0000
vt 0.8826 0.5010 0.0000
vt 0.7750 0.4732 0.0000
vt 0.6968 0.0455 0.0000
vt 0.6912 0.0791 0.0000
vt 0.6904 0.0793 0.0000
vt 0.2833 0.9436 0.0000
vt 0.2781 0.9188 0.0000
vt 0.2969 0.9383 0.0000
vt 0.2611 0.8176 0.0000
vt 0.2747 0.8143 0.0000
vt 0.8583 0.2998 0.0000
vt 0.8587 0.2992 0.0000
vt 0.5163 0.9545 0.0000
vt 0.5157 0.9541 0.0000
vt 0.5159 0.9533 0.0000
vt 0.7586 0.0532 0.0000
vt 0.8764 0.4568 0.0000
vt 0.8901 0.4607 0.0000
vt 0.8897 0.4615 0.0000
vt 0.8760 0.4577 0.0000
vt 0.5387 0.5262 0.0000
vt 0.5394 0.5265 0.0000
vt 0.5745 0.8886 0.0000
vt 0.5822 0.8553 0.0000
vt 0.5829 0.8556 0.0000
vt 0.5752 0.8889 0.0000
vt 0.0723 0.8883 0.0000
vt 0.0714 0.8882 0.0000
vt 0.0694 0.8550 0.0000
vt 0.0701 0.8551 0.0000
vt 0.6974 0.3163 0.0000
vt 0.6966 0.3162 0.0000
vt 0.6954 0.2833 0.0000
vt 0.6962 0.2834 0.0000
vt 0.6989 0.3486 0.0000
vt 0.6996 0.3487 0.0000
vt 0.4973 0.8251 0.0000
vt 0.4965 0.8250 0.0000
vt 0.9674 0.3869 0.0000
vt 0.9681 0.3870 0.0000
vt 0.9659 0.4182 0.0000
vt 0.9651 0.4181 0.0000
vt 0.1590 0.8269 0.0000
vt 0.1538 0.8594 0.0000
vt 0.7028 0.3809 0.0000
vt 0.7020 0.3808 0.0000
vt 0.8275 0.3115 0.0000
vt 0.8273 0.2770 0.0000
vt 0.8281 0.2771 0.0000
vt 0.8283 0.3116 0.0000
vt 0.2664 0.5461 0.0000
vt 0.2636 0.5461 0.0000
vt 0.2658 0.5132 0.0000
vt 0.2687 0.5132 0.0000
vt 0.7116 0.4439 0.0000
vt 0.7108 0.4439 0.0000
vt 0.7060 0.4127 0.0000
vt 0.7067 0.4127 0.0000
vt 0.2730 0.4478 0.0000
vt 0.2783 0.4153 0.0000
vt 0.2811 0.4157 0.0000
vt 0.2759 0.4481 0.0000
vt 0.9546 0.1612 0.0000
vt 0.9468 0.1276 0.0000
vt 0.6960 0.3491 0.0000
vt 0.6992 0.3812 0.0000
vt 0.6831 0.3516 0.0000
vt 0.9724 0.3554 0.0000
vt 0.9695 0.3556 0.0000
vt 0.9700 0.3239 0.0000
vt 0.9729 0.3236 0.0000
vt 0.6989 0.1486 0.0000
vt 0.7033 0.1143 0.0000
vt 0.6924 0.2503 0.0000
vt 0.9634 0.1938 0.0000
vt 0.9606 0.1944 0.0000
vt 0.3159 0.8275 0.0000
vt 0.7201 0.0226 0.0000
vt 0.7151 0.0472 0.0000
vt 0.5293 0.5588 0.0000
vt 0.6552 0.8833 0.0000
vt 0.6589 0.9175 0.0000
vt 0.6451 0.9205 0.0000
vt 0.6416 0.8859 0.0000
vt 0.6795 0.2177 0.0000
vt 0.6814 0.1833 0.0000
vt 0.6788 0.2517 0.0000
vt 0.6926 0.2836 0.0000
vt 0.6791 0.2854 0.0000
vt 0.5923 0.8226 0.0000
vt 0.6064 0.8236 0.0000
vt 0.5997 0.8575 0.0000
vt 0.5856 0.8560 0.0000
vt 0.6806 0.3187 0.0000
vt 0.6938 0.3164 0.0000
vt 0.6618 0.9168 0.0000
vt 0.6827 0.3853 0.0000
vt 0.6794 0.3527 0.0000
vt 0.6802 0.3522 0.0000
vt 0.7745 0.1667 0.0000
vt 0.7769 0.1335 0.0000
vt 0.7754 0.1662 0.0000
vt 0.7736 0.1998 0.0000
vt 0.7727 0.2003 0.0000
vt 0.2089 0.6387 0.0000
vt 0.2081 0.6392 0.0000
vt 0.2082 0.6045 0.0000
vt 0.2090 0.6041 0.0000
vt 0.0461 0.7912 0.0000
vt 0.0468 0.7908 0.0000
vt 0.0479 0.8247 0.0000
vt 0.0471 0.8252 0.0000
vt 0.2252 0.8484 0.0000
vt 0.2245 0.8488 0.0000
vt 0.2198 0.8137 0.0000
vt 0.2205 0.8132 0.0000
vt 0.8588 0.3427 0.0000
vt 0.8591 0.3431 0.0000
vt 0.8588 0.3437 0.0000
vt 0.8583 0.3432 0.0000
vt 0.8803 0.3032 0.0000
vt 0.8796 0.3032 0.0000
vt 0.8797 0.3002 0.0000
vt 0.8802 0.3000 0.0000
vt 0.8087 0.2110 0.0000
vt 0.8100 0.1777 0.0000
vt 0.6765 0.2179 0.0000
vt 0.6784 0.1835 0.0000
vt 0.8735 0.4562 0.0000
vt 0.8735 0.4570 0.0000
vt 0.8730 0.4573 0.0000
vt 0.8728 0.4566 0.0000
vt 0.8738 0.6096 0.0000
vt 0.8824 0.5757 0.0000
vt 0.8832 0.5756 0.0000
vt 0.6581 0.8827 0.0000
vt 0.6533 0.8494 0.0000
vt 0.6562 0.8488 0.0000
vt 0.6626 0.9163 0.0000
vt 0.6666 0.9511 0.0000
vt 0.5481 0.9842 0.0000
vt 0.5479 0.9851 0.0000
vt 0.5473 0.9845 0.0000
vt 0.5475 0.9836 0.0000
vt 0.0524 0.8918 0.0000
vt 0.0552 0.8911 0.0000
vt 0.0582 0.9245 0.0000
vt 0.8619 0.6782 0.0000
vt 0.8649 0.6781 0.0000
vt 0.4790 0.7916 0.0000
vt 0.4800 0.7914 0.0000
vt 0.6770 0.3197 0.0000
vt 0.6754 0.2862 0.0000
vt 0.6763 0.2858 0.0000
vt 0.6777 0.3193 0.0000
vt 0.8581 0.7814 0.0000
vt 0.8588 0.8156 0.0000
vt 0.7155 0.0832 0.0000
vt 0.7130 0.0813 0.0000
vt 0.0151 0.8851 0.0000
vt 0.0130 0.8508 0.0000
vt 0.2748 0.9203 0.0000
vt 0.2799 0.9453 0.0000
vt 0.2792 0.9460 0.0000
vt 0.2741 0.9209 0.0000
vt 0.4907 0.4736 0.0000
vt 0.5316 0.4571 0.0000
vt 0.5285 0.4584 0.0000
vt 0.5324 0.4568 0.0000
vt 0.1611 0.5016 0.0000
vt 0.1911 0.5893 0.0000
vt 0.1903 0.5897 0.0000
vt 0.1882 0.5551 0.0000
vt 0.1890 0.5547 0.0000
vt 0.6850 0.1139 0.0000
vt 0.6858 0.1138 0.0000
vt 0.1600 0.4921 0.0000
vt 0.2682 0.8871 0.0000
vt 0.2675 0.8876 0.0000
vt 0.1329 0.9551 0.0000
vt 0.1246 0.9861 0.0000
vt 0.1239 0.9856 0.0000
vt 0.5186 0.9568 0.0000
vt 0.1857 0.5210 0.0000
vt 0.1850 0.5214 0.0000
vt 0.5248 0.4911 0.0000
vt 0.5304 0.4660 0.0000
vt 0.6978 0.2172 0.0000
vt 0.6968 0.2507 0.0000
vt 0.6118 0.5569 0.0000
vt 0.6118 0.5898 0.0000
vt 0.6110 0.5895 0.0000
vt 0.6111 0.5567 0.0000
vt 0.8594 0.2992 0.0000
vt 0.8622 0.2993 0.0000
vt 0.7076 0.4128 0.0000
vt 0.7344 0.2719 0.0000
vt 0.7348 0.3035 0.0000
vt 0.7340 0.3032 0.0000
vt 0.6060 0.4902 0.0000
vt 0.6036 0.4583 0.0000
vt 0.6064 0.4595 0.0000
vt 0.6088 0.4915 0.0000
vt 0.7427 0.4266 0.0000
vt 0.7472 0.4574 0.0000
vt 0.7154 0.4450 0.0000
vt 0.7106 0.4139 0.0000
vt 0.7385 0.3958 0.0000
vt 0.9219 0.1815 0.0000
vt 0.5740 0.5367 0.0000
vt 0.5731 0.5049 0.0000
vt 0.5760 0.5063 0.0000
vt 0.5769 0.5382 0.0000
vt 0.8913 0.9453 0.0000
vt 0.8943 0.9463 0.0000
vt 0.9656 0.3220 0.0000
vt 0.9683 0.3234 0.0000
vt 0.9678 0.3551 0.0000
vt 0.7005 0.2188 0.0000
vt 0.7026 0.1852 0.0000
vt 0.1040 0.9285 0.0000
vt 0.0965 0.9593 0.0000
vt 0.9419 0.1267 0.0000
vt 0.8099 0.4603 0.0000
vt 0.8106 0.4598 0.0000
vt 0.1816 0.4847 0.0000
vt 0.1817 0.4854 0.0000
vt 0.1810 0.4860 0.0000
vt 0.1808 0.4851 0.0000
vt 0.3152 0.7270 0.0000
vt 0.3160 0.6925 0.0000
vt 0.3481 0.7122 0.0000
vt 0.3477 0.7450 0.0000
vt 0.1269 0.5405 0.0000
vt 0.3488 0.7774 0.0000
vt 0.3160 0.7612 0.0000
vt 0.7333 0.2056 0.0000
vt 0.5671 0.7311 0.0000
vt 0.5708 0.6987 0.0000
vt 0.6005 0.7198 0.0000
vt 0.5964 0.7531 0.0000
vt 0.1218 0.9835 0.0000
vt 0.5682 0.6970 0.0000
vt 0.5645 0.7292 0.0000
vt 0.7457 0.4277 0.0000
vt 0.7501 0.4585 0.0000
vt 0.7466 0.4278 0.0000
vt 0.1291 0.7365 0.0000
vt 0.1309 0.7042 0.0000
vt 0.6662 0.5077 0.0000
vt 0.6669 0.5079 0.0000
vt 0.6643 0.5418 0.0000
vt 0.6636 0.5415 0.0000
vt 0.7894 0.6282 0.0000
vt 0.7870 0.6629 0.0000
vt 0.7862 0.6627 0.0000
vt 0.7886 0.6281 0.0000
vt 0.6031 0.7216 0.0000
vt 0.5989 0.7549 0.0000
vt 0.6082 0.5552 0.0000
vt 0.6075 0.5226 0.0000
vt 0.6104 0.5240 0.0000
vt 0.9107 0.7672 0.0000
vt 0.9123 0.7352 0.0000
vt 0.9149 0.7369 0.0000
vt 0.8788 0.8468 0.0000
vt 0.8816 0.8481 0.0000
vt 0.7578 0.0400 0.0000
vt 0.7577 0.0405 0.0000
vt 0.7289 0.0159 0.0000
vt 0.7290 0.0155 0.0000
vt 0.9230 0.6734 0.0000
vt 0.9223 0.6731 0.0000
vt 0.9282 0.6413 0.0000
vt 0.9289 0.6416 0.0000
vt 0.1624 0.7939 0.0000
vt 0.1618 0.7935 0.0000
vt 0.7366 0.2076 0.0000
vt 0.7350 0.2399 0.0000
vt 0.7359 0.2073 0.0000
vt 0.3239 0.5867 0.0000
vt 0.3233 0.5863 0.0000
vt 0.3291 0.5520 0.0000
vt 0.5639 0.7288 0.0000
vt 0.5675 0.6967 0.0000
vt 0.5996 0.7552 0.0000
vt 0.6037 0.7220 0.0000
vt 0.6045 0.7222 0.0000
vt 0.6003 0.7555 0.0000
vt 0.8290 0.1765 0.0000
vt 0.8276 0.1440 0.0000
vt 0.8305 0.1440 0.0000
vt 0.8393 0.0491 0.0000
vt 0.8365 0.0490 0.0000
vt 0.8414 0.0177 0.0000
vt 0.8442 0.0182 0.0000
vt 0.8298 0.1767 0.0000
vt 0.6131 0.4914 0.0000
vt 0.6147 0.5240 0.0000
vt 0.6118 0.5244 0.0000
vt 0.6104 0.4917 0.0000
vt 0.8143 0.4566 0.0000
vt 0.8143 0.4576 0.0000
vt 0.8115 0.4574 0.0000
vt 0.8326 0.1121 0.0000
vt 0.8335 0.1122 0.0000
vt 0.8313 0.1443 0.0000
vt 0.6478 0.9898 0.0000
vt 0.6452 0.9554 0.0000
vt 0.6460 0.9555 0.0000
vt 0.6485 0.9899 0.0000
vt 0.1616 0.4916 0.0000
vt 0.1616 0.4923 0.0000
vt 0.1609 0.4922 0.0000
vt 0.7088 0.0802 0.0000
vt 0.8147 0.1446 0.0000
vt 0.9809 0.2239 0.0000
vt 0.9678 0.2267 0.0000
vt 0.9767 0.1903 0.0000
vt 0.6110 0.6227 0.0000
vt 0.6103 0.6224 0.0000
vt 0.7603 0.0420 0.0000
vt 0.7609 0.0424 0.0000
vt 0.7609 0.0429 0.0000
vt 0.7602 0.0425 0.0000
vt 0.8284 0.4169 0.0000
vt 0.8267 0.3820 0.0000
vt 0.8295 0.3816 0.0000
vt 0.8313 0.4164 0.0000
vt 0.9737 0.1552 0.0000
vt 0.9662 0.1205 0.0000
vt 0.6070 0.6889 0.0000
vt 0.6094 0.6558 0.0000
vt 0.6101 0.6559 0.0000
vt 0.6078 0.6890 0.0000
vt 0.5781 0.8894 0.0000
vt 0.5697 0.9223 0.0000
vt 0.6396 0.8514 0.0000
vt 0.8335 0.4546 0.0000
vt 0.8335 0.4550 0.0000
vt 0.8328 0.4549 0.0000
vt 0.8328 0.4544 0.0000
vt 0.6570 0.8485 0.0000
vt 0.6589 0.8822 0.0000
vt 0.1200 0.4745 0.0000
vt 0.8617 0.3438 0.0000
vt 0.2952 0.9130 0.0000
vt 0.1745 0.6266 0.0000
vt 0.1885 0.6248 0.0000
vt 0.1886 0.6591 0.0000
vt 0.1746 0.6606 0.0000
vt 0.8111 0.4476 0.0000
vt 0.5184 0.9573 0.0000
vt 0.5447 0.9831 0.0000
vt 0.5446 0.9837 0.0000
vt 0.8906 0.0859 0.0000
vt 0.9010 0.1175 0.0000
vt 0.8898 0.0859 0.0000
vt 0.5678 0.9803 0.0000
vt 0.5749 0.9566 0.0000
vt 0.5777 0.9571 0.0000
vt 0.9155 0.0236 0.0000
vt 0.9157 0.0240 0.0000
vt 0.9130 0.0254 0.0000
vt 0.9127 0.0248 0.0000
vt 0.2853 0.9537 0.0000
vt 0.2990 0.9481 0.0000
vt 0.1615 0.4910 0.0000
vt 0.7287 0.0165 0.0000
vt 0.7286 0.0174 0.0000
vt 0.8611 0.0184 0.0000
vt 0.8608 0.0178 0.0000
vt 0.1288 0.5730 0.0000
vt 0.1262 0.5402 0.0000
vt 0.8793 0.3814 0.0000
vt 0.8820 0.3778 0.0000
vt 0.9323 0.0143 0.0000
vt 0.9329 0.0136 0.0000
vt 0.8605 0.4979 0.0000
vt 0.8610 0.4979 0.0000
vt 0.7391 0.9243 0.0000
vt 0.7364 0.9236 0.0000
vt 0.8283 0.3464 0.0000
vt 0.8255 0.3468 0.0000
vt 0.8246 0.3118 0.0000
vt 0.8612 0.4947 0.0000
vt 0.8619 0.4950 0.0000
vt 0.1823 0.5222 0.0000
vt 0.1794 0.4970 0.0000
vt 0.1821 0.4961 0.0000
vt 0.9670 0.2597 0.0000
vt 0.9678 0.2597 0.0000
vt 0.9695 0.2920 0.0000
vt 0.9687 0.2918 0.0000
vt 0.7474 0.1096 0.0000
vt 0.7538 0.0775 0.0000
vt 0.7481 0.1097 0.0000
vt 0.9160 0.0246 0.0000
vt 0.9132 0.0260 0.0000
vt 0.8299 0.4534 0.0000
vt 0.8328 0.4529 0.0000
vt 0.8328 0.4538 0.0000
vt 0.8299 0.4543 0.0000
vt 0.2774 0.8138 0.0000
vt 0.1572 0.4917 0.0000
vt 0.1602 0.4929 0.0000
vt 0.2689 0.8866 0.0000
vt 0.2632 0.8528 0.0000
vt 0.2987 0.9470 0.0000
vt 0.2852 0.9526 0.0000
vt 0.9321 0.0137 0.0000
vt 0.9327 0.0131 0.0000
vt 0.0188 0.5375 0.0000
vt 0.0197 0.5370 0.0000
vt 0.1643 0.4908 0.0000
vt 0.1642 0.4902 0.0000
vt 0.1781 0.4856 0.0000
vt 0.1782 0.4863 0.0000
vt 0.1783 0.4871 0.0000
vt 0.1645 0.4915 0.0000
vt 0.1807 0.4845 0.0000
vt 0.8244 0.2771 0.0000
vt 0.8776 0.5042 0.0000
vt 0.8636 0.5001 0.0000
vt 0.8637 0.4994 0.0000
vt 0.8335 0.4540 0.0000
vt 0.9121 0.0255 0.0000
vt 0.8290 0.3464 0.0000
vt 0.8302 0.3815 0.0000
vt 0.1716 0.6269 0.0000
vt 0.1717 0.6607 0.0000
vt 0.0790 0.9542 0.0000
vt 0.0781 0.9542 0.0000
vt 0.0743 0.9213 0.0000
vt 0.0750 0.9213 0.0000
vt 0.1710 0.6944 0.0000
vt 0.1692 0.7279 0.0000
vt 0.9372 0.0939 0.0000
vt 0.9364 0.0939 0.0000
vt 0.9250 0.0605 0.0000
vt 0.9258 0.0604 0.0000
vt 0.1667 0.7611 0.0000
vt 0.1633 0.7941 0.0000
vt 0.2825 0.9538 0.0000
vt 0.2805 0.9448 0.0000
vt 0.4996 0.7912 0.0000
vt 0.5003 0.7915 0.0000
vt 0.1478 0.8917 0.0000
vt 0.1411 0.9237 0.0000
vt 0.3605 0.9487 0.0000
vt 0.3781 0.9752 0.0000
vt 0.3759 0.9770 0.0000
vt 0.4828 0.7912 0.0000
vt 0.4967 0.7911 0.0000
vt 0.3660 0.9859 0.0000
vt 0.3640 0.9879 0.0000
vt 0.3453 0.9599 0.0000
vt 0.6240 0.7222 0.0000
vt 0.6248 0.7220 0.0000
vt 0.6209 0.7558 0.0000
vt 0.6201 0.7561 0.0000
vt 0.6578 0.8480 0.0000
vt 0.6596 0.8817 0.0000
vt 0.4857 0.7248 0.0000
vt 0.4829 0.7262 0.0000
vt 0.2571 0.4157 0.0000
vt 0.2521 0.4493 0.0000
vt 0.2252 0.4314 0.0000
vt 0.2208 0.4655 0.0000
vt 0.2180 0.4669 0.0000
vt 0.2223 0.4328 0.0000
vt 0.8292 0.7816 0.0000
vt 0.8222 0.8158 0.0000
vt 0.8214 0.8161 0.0000
vt 0.8283 0.7819 0.0000
vt 0.2557 0.4476 0.0000
vt 0.2548 0.4478 0.0000
vt 0.2600 0.4142 0.0000
vt 0.2608 0.4140 0.0000
vt 0.4706 0.8947 0.0000
vt 0.2435 0.6150 0.0000
vt 0.2442 0.6146 0.0000
vt 0.6617 0.7465 0.0000
vt 0.6608 0.7470 0.0000
vt 0.4826 0.7579 0.0000
vt 0.4817 0.7582 0.0000
vt 0.0456 0.7572 0.0000
vt 0.0463 0.7567 0.0000
vt 0.8507 0.5306 0.0000
vt 0.8515 0.5303 0.0000
vt 0.7958 0.7652 0.0000
vt 0.7951 0.7656 0.0000
vt 0.8403 0.7114 0.0000
vt 0.8443 0.6757 0.0000
vt 0.4997 0.6251 0.0000
vt 0.0521 0.5849 0.0000
vt 0.8810 0.5045 0.0000
vt 0.6027 0.8576 0.0000
vt 0.6093 0.8238 0.0000
vt 0.6101 0.8235 0.0000
vt 0.6036 0.8575 0.0000
vt 0.5442 0.8604 0.0000
vt 0.1818 0.4862 0.0000
vt 0.1812 0.4868 0.0000
vt 0.5450 0.9824 0.0000
vt 0.5470 0.9854 0.0000
vt 0.1200 0.4740 0.0000
vt 0.6999 0.9220 0.0000
vt 0.6937 0.8886 0.0000
vt 0.6944 0.8881 0.0000
vt 0.7006 0.9214 0.0000
vt 0.4900 0.4732 0.0000
vt 0.4899 0.4740 0.0000
vt 0.7712 0.4484 0.0000
vt 0.7720 0.4480 0.0000
vt 0.7576 0.0410 0.0000
vt 0.2816 0.9575 0.0000
vt 0.2793 0.9599 0.0000
vt 0.7049 0.9572 0.0000
vt 0.7042 0.9577 0.0000
vt 0.2461 0.9500 0.0000
vt 0.5143 0.5252 0.0000
vt 0.2484 0.9771 0.0000
vt 0.2332 0.8816 0.0000
vt 0.5486 0.8262 0.0000
vt 0.5511 0.8282 0.0000
vt 0.5418 0.8583 0.0000
vt 0.4968 0.6264 0.0000
vt 0.2166 0.7782 0.0000
vt 0.2229 0.8110 0.0000
vt 0.8116 0.6602 0.0000
vt 0.8087 0.6618 0.0000
vt 0.2160 0.7412 0.0000
vt 0.7923 0.9161 0.0000
vt 0.7852 0.9473 0.0000
vt 0.7821 0.9482 0.0000
vt 0.7596 0.9263 0.0000
vt 0.7662 0.8958 0.0000
vt 0.7691 0.8949 0.0000
vt 0.7565 0.9272 0.0000
vt 0.2096 0.6735 0.0000
vt 0.2122 0.6716 0.0000
vt 0.7731 0.3018 0.0000
vt 0.7737 0.2668 0.0000
vt 0.7749 0.2322 0.0000
vt 0.2100 0.5695 0.0000
vt 0.2117 0.6023 0.0000
vt 0.8125 0.0825 0.0000
vt 0.2191 0.7761 0.0000
vt 0.2118 0.5352 0.0000
vt 0.2144 0.5010 0.0000
vt 0.2145 0.5336 0.0000
vt 0.2116 0.6369 0.0000
vt 0.2411 0.6507 0.0000
vt 0.7018 0.9598 0.0000
vt 0.6728 0.9841 0.0000
vt 0.6697 0.9484 0.0000
vt 0.6975 0.9242 0.0000
vt 0.4318 0.9889 0.0000
vt 0.4326 0.9532 0.0000
vt 0.4333 0.9529 0.0000
vt 0.4326 0.9884 0.0000
vt 0.6308 0.5216 0.0000
vt 0.6317 0.5213 0.0000
vt 0.6324 0.5545 0.0000
vt 0.6317 0.5549 0.0000
vt 0.1409 0.9897 0.0000
vt 0.1496 0.9579 0.0000
vt 0.1525 0.9581 0.0000
vt 0.1437 0.9902 0.0000
vt 0.1439 0.9242 0.0000
vt 0.1507 0.8920 0.0000
vt 0.9724 0.2916 0.0000
vt 0.9707 0.2593 0.0000
vt 0.1660 0.7942 0.0000
vt 0.1617 0.8271 0.0000
vt 0.1695 0.7611 0.0000
vt 0.0639 0.7544 0.0000
vt 0.0640 0.7204 0.0000
vt 0.0669 0.7203 0.0000
vt 0.0667 0.7542 0.0000
vt 0.1739 0.6943 0.0000
vt 0.1721 0.7279 0.0000
vt 0.1682 0.5256 0.0000
vt 0.1653 0.5262 0.0000
vt 0.9164 0.0350 0.0000
vt 0.8115 0.4595 0.0000
vt 0.8143 0.4582 0.0000
vt 0.8143 0.4588 0.0000
vt 0.2783 0.8138 0.0000
vt 0.1610 0.4932 0.0000
vt 0.1619 0.5018 0.0000
vt 0.8650 0.4223 0.0000
vt 0.8647 0.4229 0.0000
vt 0.1784 0.4879 0.0000
vt 0.8141 0.4469 0.0000
vt 0.8298 0.4439 0.0000
vt 0.1854 0.5558 0.0000
vt 0.0535 0.6188 0.0000
vt 0.0518 0.6533 0.0000
vt 0.9298 0.0160 0.0000
vt 0.9301 0.0167 0.0000
vt 0.1874 0.5901 0.0000
vt 0.7620 0.8298 0.0000
vt 0.7536 0.8612 0.0000
vt 0.7613 0.8294 0.0000
vt 0.5253 0.9208 0.0000
vt 0.5260 0.9211 0.0000
vt 0.2492 0.9867 0.0000
vt 0.2498 0.9861 0.0000
vt 0.5657 0.9208 0.0000
vt 0.1829 0.4956 0.0000
vt 0.9320 0.0132 0.0000
vt 0.9325 0.0126 0.0000
vt 0.5881 0.8215 0.0000
vt 0.5889 0.8220 0.0000
vt 0.1193 0.4742 0.0000
vt 0.1193 0.4737 0.0000
vt 0.1922 0.6240 0.0000
vt 0.1914 0.6243 0.0000
vt 0.8785 0.3431 0.0000
vt 0.8788 0.3437 0.0000
vt 0.8759 0.3439 0.0000
vt 0.1878 0.6933 0.0000
vt 0.9400 0.0928 0.0000
vt 0.9539 0.0868 0.0000
vt 0.8962 0.5429 0.0000
vt 0.9097 0.5462 0.0000
vt 0.9001 0.5784 0.0000
vt 0.8861 0.5760 0.0000
vt 0.2594 0.4474 0.0000
vt 0.2689 0.4805 0.0000
vt 0.2553 0.4805 0.0000
vt 0.1796 0.7944 0.0000
vt 0.1753 0.8276 0.0000
vt 0.0530 0.8575 0.0000
vt 0.0665 0.8553 0.0000
vt 0.0686 0.8887 0.0000
vt 0.1701 0.8606 0.0000
vt 0.1641 0.8932 0.0000
vt 0.1566 0.8598 0.0000
vt 0.3090 0.6903 0.0000
vt 0.3080 0.7252 0.0000
vt 0.2936 0.7267 0.0000
vt 0.2943 0.6913 0.0000
vt 0.1729 0.8606 0.0000
vt 0.1670 0.8934 0.0000
vt 0.1573 0.9256 0.0000
vt 0.1602 0.9259 0.0000
vt 0.8117 0.1449 0.0000
vt 0.7941 0.7657 0.0000
vt 0.7880 0.7992 0.0000
vt 0.7852 0.7989 0.0000
vt 0.7913 0.7657 0.0000
vt 0.8610 0.3794 0.0000
vt 0.8614 0.3796 0.0000
vt 0.8617 0.3826 0.0000
vt 0.8611 0.3827 0.0000
vt 0.2510 0.7154 0.0000
vt 0.2535 0.7495 0.0000
vt 0.2481 0.7160 0.0000
vt 0.1861 0.7609 0.0000
vt 0.1826 0.7944 0.0000
vt 0.1832 0.7610 0.0000
vt 0.2522 0.5136 0.0000
vt 0.2499 0.5468 0.0000
vt 0.2493 0.5137 0.0000
vt 0.1915 0.6588 0.0000
vt 0.2938 0.7982 0.0000
vt 0.2909 0.7630 0.0000
vt 0.2917 0.7627 0.0000
vt 0.2946 0.7978 0.0000
vt 0.4618 0.6433 0.0000
vt 0.4668 0.6097 0.0000
vt 0.4626 0.6429 0.0000
vt 0.4721 0.5760 0.0000
vt 0.2817 0.9544 0.0000
vt 0.2811 0.9550 0.0000
vt 0.2822 0.9569 0.0000
vt 0.4936 0.4732 0.0000
vt 0.2770 0.9483 0.0000
vt 0.4443 0.8108 0.0000
vt 0.4890 0.4836 0.0000
vt 0.0547 0.5184 0.0000
vt 0.1923 0.6584 0.0000
vt 0.1915 0.6927 0.0000
vt 0.1906 0.6930 0.0000
vt 0.0217 0.5456 0.0000
vt 0.2718 0.9232 0.0000
vt 0.2395 0.9165 0.0000
vt 0.2652 0.8899 0.0000
vt 0.0197 0.5714 0.0000
vt 0.0514 0.5527 0.0000
vt 0.2276 0.8462 0.0000
vt 0.8037 0.3520 0.0000
vt 0.0474 0.6542 0.0000
vt 0.0463 0.6887 0.0000
vt 0.2502 0.7873 0.0000
vt 0.2467 0.7531 0.0000
vt 0.6605 0.8126 0.0000
vt 0.6893 0.7942 0.0000
vt 0.6881 0.8266 0.0000
vt 0.6605 0.8462 0.0000
vt 0.2441 0.7189 0.0000
vt 0.2137 0.7064 0.0000
vt 0.2422 0.6847 0.0000
vt 0.4562 0.7087 0.0000
vt 0.2408 0.6168 0.0000
vt 0.8460 0.6054 0.0000
vt 0.8439 0.6416 0.0000
vt 0.2413 0.5829 0.0000
vt 0.2126 0.5678 0.0000
vt 0.2428 0.5493 0.0000
vt 0.8043 0.2134 0.0000
vt 0.2173 0.4994 0.0000
vt 0.2480 0.4826 0.0000
vt 0.2449 0.5159 0.0000
vt 0.6703 0.9861 0.0000
vt 0.6673 0.9506 0.0000
vt 0.2526 0.7852 0.0000
vt 0.1610 0.9257 0.0000
vt 0.1535 0.9580 0.0000
vt 0.1739 0.8605 0.0000
vt 0.1678 0.8932 0.0000
vt 0.2463 0.6821 0.0000
vt 0.2453 0.6481 0.0000
vt 0.1835 0.7941 0.0000
vt 0.1790 0.8274 0.0000
vt 0.1782 0.8276 0.0000
vt 0.1869 0.7605 0.0000
vt 0.6600 0.7472 0.0000
vt 0.6575 0.7812 0.0000
vt 0.6782 0.6097 0.0000
vt 0.6737 0.6440 0.0000
vt 0.6729 0.6444 0.0000
vt 0.6773 0.6101 0.0000
vt 0.4415 0.8124 0.0000
vt 0.4450 0.7779 0.0000
vt 0.8031 0.3166 0.0000
vt 0.4533 0.7100 0.0000
vt 0.2516 0.4807 0.0000
vt 0.2508 0.4811 0.0000
vt 0.4442 0.7783 0.0000
vt 0.4482 0.7442 0.0000
vt 0.2594 0.8559 0.0000
vt 0.2544 0.8216 0.0000
vt 0.4525 0.7104 0.0000
vt 0.4570 0.6768 0.0000
vt 0.4578 0.6764 0.0000
vt 0.8084 0.1783 0.0000
vt 0.8055 0.1800 0.0000
vt 0.6810 0.6083 0.0000
vt 0.6766 0.6426 0.0000
vt 0.4406 0.8127 0.0000
vt 0.2159 0.7786 0.0000
vt 0.2088 0.6740 0.0000
vt 0.6920 0.7927 0.0000
vt 0.6908 0.8251 0.0000
vt 0.0486 0.8589 0.0000
vt 0.4336 0.9178 0.0000
vt 0.4352 0.8824 0.0000
vt 0.4343 0.9173 0.0000
vt 0.6633 0.9158 0.0000
vt 0.8472 0.5689 0.0000
vt 0.7730 0.3737 0.0000
vt 0.8473 0.6396 0.0000
vt 0.8466 0.6399 0.0000
vt 0.8247 0.0166 0.0000
vt 0.8200 0.0487 0.0000
vt 0.8191 0.0491 0.0000
vt 0.8239 0.0168 0.0000
vt 0.6696 0.9866 0.0000
vt 0.7023 0.6932 0.0000
vt 0.7032 0.6928 0.0000
vt 0.6990 0.7264 0.0000
vt 0.7070 0.6591 0.0000
vt 0.7077 0.6588 0.0000
vt 0.6815 0.5756 0.0000
vt 0.6824 0.5753 0.0000
vt 0.8080 0.6621 0.0000
vt 0.8105 0.6270 0.0000
vt 0.6879 0.5061 0.0000
vt 0.6887 0.5058 0.0000
vt 0.6858 0.5408 0.0000
vt 0.6851 0.5412 0.0000
vt 0.6914 0.5042 0.0000
vt 0.6887 0.5393 0.0000
vt 0.7953 0.9153 0.0000
vt 0.7828 0.8316 0.0000
vt 0.7858 0.8305 0.0000
vt 0.7779 0.8629 0.0000
vt 0.7749 0.8640 0.0000
vt 0.8049 0.8828 0.0000
vt 0.8105 0.8508 0.0000
vt 0.8135 0.8497 0.0000
vt 0.0539 0.9262 0.0000
vt 0.0509 0.8926 0.0000
vt 0.7782 0.1647 0.0000
vt 0.8255 0.7832 0.0000
vt 0.6645 0.7450 0.0000
vt 0.6619 0.7789 0.0000
vt 0.4354 0.9866 0.0000
vt 0.7205 0.5215 0.0000
vt 0.7170 0.5567 0.0000
vt 0.6851 0.5738 0.0000
vt 0.8082 0.6951 0.0000
vt 0.7988 0.7639 0.0000
vt 0.7763 0.1983 0.0000
vt 0.7927 0.7975 0.0000
vt 0.8184 0.8173 0.0000
vt 0.8018 0.8838 0.0000
vt 0.7492 0.9575 0.0000
vt 0.2466 0.7170 0.0000
vt 0.2492 0.7510 0.0000
vt 0.7234 0.5199 0.0000
vt 0.7265 0.4847 0.0000
vt 0.7273 0.4842 0.0000
vt 0.7241 0.5195 0.0000
vt 0.3143 0.5155 0.0000
vt 0.3152 0.5153 0.0000
vt 0.3080 0.5501 0.0000
vt 0.3071 0.5502 0.0000
vt 0.9836 0.2570 0.0000
vt 0.3322 0.5175 0.0000
vt 0.3351 0.5180 0.0000
vt 0.3282 0.5516 0.0000
vt 0.3255 0.5514 0.0000
vt 0.2657 0.6792 0.0000
vt 0.2648 0.6457 0.0000
vt 0.2655 0.6458 0.0000
vt 0.2666 0.6793 0.0000
vt 0.3225 0.5861 0.0000
vt 0.3109 0.5502 0.0000
vt 0.3050 0.5851 0.0000
vt 0.3022 0.5851 0.0000
vt 0.3012 0.5853 0.0000
vt 0.7207 0.5547 0.0000
vt 0.7199 0.5551 0.0000
vt 0.4725 0.8602 0.0000
vt 0.4698 0.8619 0.0000
vt 0.8482 0.5324 0.0000
vt 0.7897 0.7987 0.0000
vt 0.6912 0.8570 0.0000
vt 0.2172 0.4673 0.0000
vt 0.2216 0.4332 0.0000
vt 0.3292 0.9308 0.0000
vt 0.3449 0.9605 0.0000
vt 0.9566 0.0855 0.0000
vt 0.9710 0.3870 0.0000
vt 0.9835 0.3863 0.0000
vt 0.8245 0.2431 0.0000
vt 0.9597 0.1944 0.0000
vt 0.9537 0.1612 0.0000
vt 0.8898 0.9452 0.0000
vt 0.8846 0.9125 0.0000
vt 0.8855 0.9125 0.0000
vt 0.8906 0.9452 0.0000
vt 0.3261 0.8593 0.0000
vt 0.8449 0.0184 0.0000
vt 0.8400 0.0493 0.0000
vt 0.9028 0.5790 0.0000
vt 0.9035 0.5793 0.0000
vt 0.3125 0.7596 0.0000
vt 0.9687 0.3553 0.0000
vt 0.9692 0.3236 0.0000
vt 0.6369 0.7820 0.0000
vt 0.6394 0.7473 0.0000
vt 0.6402 0.7476 0.0000
vt 0.6376 0.7822 0.0000
vt 0.7902 0.5931 0.0000
vt 0.7907 0.5583 0.0000
vt 0.7915 0.5586 0.0000
vt 0.7909 0.5934 0.0000
vt 0.2645 0.6123 0.0000
vt 0.1860 0.7273 0.0000
vt 0.2485 0.5139 0.0000
vt 0.2454 0.5478 0.0000
vt 0.2477 0.5143 0.0000
vt 0.6920 0.8565 0.0000
vt 0.8777 0.8802 0.0000
vt 0.8805 0.8797 0.0000
vt 0.2700 0.7464 0.0000
vt 0.2734 0.7801 0.0000
vt 0.2705 0.7806 0.0000
vt 0.2673 0.7468 0.0000
vt 0.2628 0.6794 0.0000
vt 0.3198 0.5858 0.0000
vt 0.6387 0.8863 0.0000
vt 0.6423 0.9209 0.0000
vt 0.6636 0.5760 0.0000
vt 0.6607 0.5759 0.0000
vt 0.6672 0.5419 0.0000
vt 0.6815 0.1487 0.0000
vt 0.6807 0.1489 0.0000
vt 0.6916 0.8246 0.0000
vt 0.6954 0.7596 0.0000
vt 0.6929 0.7923 0.0000
vt 0.7695 0.3041 0.0000
vt 0.7703 0.3036 0.0000
vt 0.7701 0.3394 0.0000
vt 0.7693 0.3398 0.0000
vt 0.7872 0.0352 0.0000
vt 0.7124 0.6245 0.0000
vt 0.7725 0.4859 0.0000
vt 0.2973 0.6204 0.0000
vt 0.2964 0.6206 0.0000
vt 0.2491 0.6815 0.0000
vt 0.2646 0.7131 0.0000
vt 0.8108 0.2443 0.0000
vt 0.2945 0.7621 0.0000
vt 0.2974 0.7970 0.0000
vt 0.3024 0.8314 0.0000
vt 0.7824 0.7314 0.0000
vt 0.7965 0.7318 0.0000
vt 0.8079 0.2447 0.0000
vt 0.3164 0.8994 0.0000
vt 0.2899 0.7275 0.0000
vt 0.2907 0.7272 0.0000
vt 0.6751 0.2525 0.0000
vt 0.6759 0.2521 0.0000
vt 0.8558 0.7473 0.0000
vt 0.8581 0.7128 0.0000
vt 0.8610 0.7126 0.0000
vt 0.8587 0.7471 0.0000
vt 0.6292 0.4885 0.0000
vt 0.6300 0.4881 0.0000
vt 0.7335 0.9896 0.0000
vt 0.7327 0.9896 0.0000
vt 0.6765 0.6103 0.0000
vt 0.6735 0.6104 0.0000
vt 0.6777 0.5760 0.0000
vt 0.6807 0.5759 0.0000
vt 0.7994 0.7317 0.0000
vt 0.8037 0.6973 0.0000
vt 0.8614 0.8839 0.0000
vt 0.8606 0.8844 0.0000
vt 0.8573 0.8505 0.0000
vt 0.8581 0.8502 0.0000
vt 0.6317 0.5881 0.0000
vt 0.6325 0.5877 0.0000
vt 0.6318 0.6212 0.0000
vt 0.6309 0.6215 0.0000
vt 0.9894 0.3216 0.0000
vt 0.9888 0.3538 0.0000
vt 0.8550 0.7477 0.0000
vt 0.8573 0.7130 0.0000
vt 0.9837 0.2231 0.0000
vt 0.9846 0.2227 0.0000
vt 0.9875 0.2561 0.0000
vt 0.9866 0.2564 0.0000
vt 0.6776 0.1837 0.0000
vt 0.6721 0.6446 0.0000
vt 0.6843 0.5414 0.0000
vt 0.6870 0.5065 0.0000
vt 0.2582 0.8185 0.0000
vt 0.6698 0.5078 0.0000
vt 0.6841 0.5069 0.0000
vt 0.6813 0.5417 0.0000
vt 0.2569 0.7836 0.0000
vt 0.6570 0.7473 0.0000
vt 0.6606 0.7131 0.0000
vt 0.6636 0.7130 0.0000
vt 0.6676 0.6788 0.0000
vt 0.6647 0.6789 0.0000
vt 0.6545 0.7814 0.0000
vt 0.1888 0.7270 0.0000
vt 0.6531 0.8155 0.0000
vt 0.6393 0.8168 0.0000
vt 0.6405 0.7821 0.0000
vt 0.7866 0.6974 0.0000
vt 0.8008 0.6974 0.0000
vt 0.6465 0.7131 0.0000
vt 0.6506 0.6787 0.0000
vt 0.8932 0.9778 0.0000
vt 0.8807 0.9824 0.0000
vt 0.6691 0.6446 0.0000
vt 0.6550 0.6444 0.0000
vt 0.6594 0.6101 0.0000
vt 0.8752 0.7124 0.0000
vt 0.8791 0.6786 0.0000
vt 0.7938 0.5933 0.0000
vt 0.7922 0.6282 0.0000
vt 0.6360 0.8515 0.0000
vt 0.6357 0.8167 0.0000
vt 0.6364 0.8169 0.0000
vt 0.6367 0.8516 0.0000
vt 0.5940 0.7882 0.0000
vt 0.5946 0.7886 0.0000
vt 0.9258 0.6392 0.0000
vt 0.9331 0.6074 0.0000
vt 0.9353 0.6096 0.0000
vt 0.1667 0.6923 0.0000
vt 0.3132 0.7598 0.0000
vt 0.3125 0.7255 0.0000
vt 0.3264 0.5886 0.0000
vt 0.5915 0.7862 0.0000
vt 0.5626 0.7634 0.0000
vt 0.8790 0.7818 0.0000
vt 0.8797 0.8150 0.0000
vt 0.8769 0.8136 0.0000
vt 0.8763 0.7802 0.0000
vt 0.3602 0.6141 0.0000
vt 0.3651 0.5807 0.0000
vt 0.6600 0.5756 0.0000
vt 0.6477 0.6786 0.0000
vt 0.6436 0.7130 0.0000
vt 0.6430 0.7477 0.0000
vt 0.0677 0.6181 0.0000
vt 0.0706 0.6181 0.0000
vt 0.0670 0.7880 0.0000
vt 0.6415 0.9208 0.0000
vt 0.7125 0.4440 0.0000
vt 0.3830 0.9226 0.0000
vt 0.3652 0.9481 0.0000
vt 0.3507 0.9203 0.0000
vt 0.3476 0.9201 0.0000
vt 0.3360 0.8905 0.0000
vt 0.3269 0.8593 0.0000
vt 0.3157 0.7938 0.0000
vt 0.9460 0.1276 0.0000
vt 0.9529 0.1611 0.0000
vt 0.9451 0.1276 0.0000
vt 0.9437 0.5779 0.0000
vt 0.9443 0.5784 0.0000
vt 0.9360 0.6099 0.0000
vt 0.3133 0.6908 0.0000
vt 0.9182 0.8644 0.0000
vt 0.9219 0.8962 0.0000
vt 0.9211 0.8960 0.0000
vt 0.9175 0.8643 0.0000
vt 0.3150 0.6557 0.0000
vt 0.3186 0.6209 0.0000
vt 0.3193 0.6213 0.0000
vt 0.3157 0.6560 0.0000
vt 0.3529 0.6453 0.0000
vt 0.3218 0.6231 0.0000
vt 0.3555 0.6473 0.0000
vt 0.3562 0.6475 0.0000
vt 0.8764 0.2994 0.0000
vt 0.8764 0.2987 0.0000
vt 0.8793 0.2988 0.0000
vt 0.8790 0.2993 0.0000
vt 0.6470 0.6783 0.0000
vt 0.9620 0.4488 0.0000
vt 0.9628 0.4490 0.0000
vt 0.0683 0.6865 0.0000
vt 0.0695 0.6525 0.0000
vt 0.6429 0.7128 0.0000
vt 0.6380 0.8862 0.0000
vt 0.3749 0.8970 0.0000
vt 0.3757 0.8968 0.0000
vt 0.3869 0.9224 0.0000
vt 0.3861 0.9225 0.0000
vt 0.3667 0.8695 0.0000
vt 0.3391 0.8910 0.0000
vt 0.9149 0.8324 0.0000
vt 0.9120 0.8312 0.0000
vt 0.9107 0.7992 0.0000
vt 0.3716 0.8967 0.0000
vt 0.3526 0.6806 0.0000
vt 0.3499 0.6789 0.0000
vt 0.5773 0.5701 0.0000
vt 0.5744 0.5687 0.0000
vt 0.9356 0.0939 0.0000
vt 0.3183 0.6578 0.0000
vt 0.5742 0.4746 0.0000
vt 0.9179 0.7050 0.0000
vt 0.9152 0.7032 0.0000
vt 0.8755 0.7800 0.0000
vt 0.8761 0.8133 0.0000
vt 0.3513 0.7468 0.0000
vt 0.3506 0.7465 0.0000
vt 0.3510 0.7137 0.0000
vt 0.3517 0.7141 0.0000
vt 0.3525 0.7789 0.0000
vt 0.3518 0.7788 0.0000
vt 0.3600 0.8406 0.0000
vt 0.9413 0.5759 0.0000
vt 0.3299 0.8601 0.0000
vt 0.3547 0.8101 0.0000
vt 0.9145 0.8631 0.0000
vt 0.5858 0.8196 0.0000
vt 0.9498 0.1601 0.0000
vt 0.8286 0.0166 0.0000
vt 0.8238 0.0485 0.0000
vt 0.8209 0.0486 0.0000
vt 0.8257 0.0165 0.0000
vt 0.1897 0.7268 0.0000
vt 0.8171 0.0804 0.0000
vt 0.8141 0.1125 0.0000
vt 0.8200 0.0803 0.0000
vt 0.8091 0.1780 0.0000
vt 0.8659 0.9173 0.0000
vt 0.8651 0.9178 0.0000
vt 0.6295 0.6549 0.0000
vt 0.6303 0.6547 0.0000
vt 0.6887 0.1137 0.0000
vt 0.6844 0.1486 0.0000
vt 0.8720 0.7800 0.0000
vt 0.8728 0.7462 0.0000
vt 0.8755 0.7461 0.0000
vt 0.8747 0.7797 0.0000
vt 0.3141 0.6554 0.0000
vt 0.2524 0.4806 0.0000
vt 0.2565 0.4474 0.0000
vt 0.6941 0.0791 0.0000
vt 0.8170 0.1123 0.0000
vt 0.8326 0.0803 0.0000
vt 0.8298 0.1120 0.0000
vt 0.3358 0.5184 0.0000
vt 0.2819 0.4160 0.0000
vt 0.2766 0.4483 0.0000
vt 0.7247 0.0144 0.0000
vt 0.5334 0.4559 0.0000
vt 0.5332 0.4567 0.0000
vt 0.5516 0.4586 0.0000
vt 0.5544 0.4594 0.0000
vt 0.3444 0.4163 0.0000
vt 0.9120 0.0250 0.0000
vt 0.9112 0.0250 0.0000
vt 0.5786 0.9571 0.0000
vt 0.8608 0.0174 0.0000
vt 0.8617 0.0176 0.0000
vt 0.8887 0.4649 0.0000
vt 0.8925 0.4626 0.0000
vt 0.8745 0.2112 0.0000
vt 0.8744 0.2475 0.0000
vt 0.5486 0.9855 0.0000
vt 0.5488 0.9845 0.0000
vt 0.8860 0.4202 0.0000
vt 0.8855 0.4200 0.0000
vt 0.7395 0.1751 0.0000
vt 0.8931 0.4622 0.0000
vt 0.8618 0.3782 0.0000
vt 0.8620 0.3787 0.0000
vt 0.8618 0.3792 0.0000
vt 0.8613 0.3788 0.0000
vt 0.8851 0.4172 0.0000
vt 0.5684 0.9914 0.0000
vt 0.5676 0.9914 0.0000
vt 0.5512 0.9763 0.0000
vt 0.5312 0.4658 0.0000
vt 0.8819 0.6788 0.0000
vt 0.8827 0.6791 0.0000
vt 0.8788 0.7126 0.0000
vt 0.8779 0.7125 0.0000
vt 0.9641 0.2272 0.0000
vt 0.9633 0.2271 0.0000
vt 0.9589 0.1943 0.0000
vt 0.8794 0.2998 0.0000
vt 0.8763 0.3032 0.0000
vt 0.5410 0.8580 0.0000
vt 0.5480 0.8258 0.0000
vt 0.7265 0.0135 0.0000
vt 0.7263 0.0138 0.0000
vt 0.7258 0.0134 0.0000
vt 0.7258 0.0130 0.0000
vt 0.3018 0.9478 0.0000
vt 0.3019 0.9484 0.0000
vt 0.0797 0.5267 0.0000
vt 0.8824 0.3773 0.0000
vt 0.5868 0.9249 0.0000
vt 0.5877 0.9250 0.0000
vt 0.8593 0.2987 0.0000
vt 0.8924 0.4621 0.0000
vt 0.8805 0.5048 0.0000
vt 0.8745 0.2520 0.0000
vt 0.8744 0.2503 0.0000
vt 0.9111 0.0245 0.0000
vt 0.9118 0.0245 0.0000
vt 0.8651 0.4232 0.0000
vt 0.8654 0.4226 0.0000
vt 0.3178 0.6206 0.0000
vt 0.7741 0.8642 0.0000
vt 0.7653 0.8960 0.0000
vt 0.8650 0.3823 0.0000
vt 0.8928 0.4616 0.0000
vt 0.0423 0.4097 0.0000
vt 0.0423 0.4081 0.0000
vt 0.7049 0.0090 0.0000
vt 0.7078 0.0094 0.0000
vt 0.7077 0.0096 0.0000
vt 0.7049 0.0093 0.0000
vt 0.8799 0.2994 0.0000
vt 0.8722 0.4571 0.0000
vt 0.8726 0.4576 0.0000
vt 0.8718 0.4603 0.0000
vt 0.8711 0.4601 0.0000
vt 0.9458 0.0502 0.0000
vt 0.9452 0.0508 0.0000
vt 0.1646 0.5262 0.0000
vt 0.5342 0.8900 0.0000
vt 0.5335 0.8898 0.0000
vt 0.0528 0.5847 0.0000
vt 0.0558 0.5846 0.0000
vt 0.2503 0.9885 0.0000
vt 0.2497 0.9890 0.0000
vt 0.5469 0.9859 0.0000
vt 0.5476 0.9859 0.0000
vt 0.5475 0.9863 0.0000
vt 0.8079 0.3493 0.0000
vt 0.9573 0.0849 0.0000
vt 0.2827 0.9549 0.0000
vt 0.2828 0.9557 0.0000
vt 0.5728 0.6327 0.0000
vt 0.5721 0.6324 0.0000
vt 0.5733 0.6003 0.0000
vt 0.5740 0.6006 0.0000
vt 0.6063 0.6885 0.0000
vt 0.9236 0.2116 0.0000
vt 0.6087 0.6554 0.0000
vt 0.9313 0.2734 0.0000
vt 0.9304 0.2732 0.0000
vt 0.9278 0.2424 0.0000
vt 0.6111 0.5243 0.0000
vt 0.5736 0.6666 0.0000
vt 0.6037 0.6867 0.0000
vt 0.9337 0.3973 0.0000
vt 0.6084 0.5880 0.0000
vt 0.5452 0.9814 0.0000
vt 0.7718 0.4863 0.0000
vt 0.0121 0.6425 0.0000
vt 0.0138 0.6078 0.0000
vt 0.8773 0.2070 0.0000
vt 0.8779 0.2075 0.0000
vt 0.0542 0.5511 0.0000
vt 0.5572 0.7958 0.0000
vt 0.9181 0.8949 0.0000
vt 0.9228 0.9267 0.0000
vt 0.8797 0.7483 0.0000
vt 0.8913 0.6479 0.0000
vt 0.9198 0.6711 0.0000
vt 0.9357 0.3055 0.0000
vt 0.9342 0.2747 0.0000
vt 0.9650 0.2902 0.0000
vt 0.5713 0.4733 0.0000
vt 0.3826 0.9742 0.0000
vt 0.5722 0.5047 0.0000
vt 0.5706 0.4730 0.0000
vt 0.3554 0.8103 0.0000
vt 0.5737 0.5684 0.0000
vt 0.5733 0.5365 0.0000
vt 0.3533 0.6810 0.0000
vt 0.2673 0.5462 0.0000
vt 0.2658 0.5792 0.0000
vt 0.2650 0.5791 0.0000
vt 0.5709 0.6649 0.0000
vt 0.7449 0.1077 0.0000
vt 0.2754 0.9199 0.0000
vt 0.9078 0.0245 0.0000
vt 0.8828 0.3780 0.0000
vt 0.8824 0.3781 0.0000
vt 0.8745 0.8469 0.0000
vt 0.8726 0.8136 0.0000
vt 0.8753 0.8132 0.0000
vt 0.8773 0.8466 0.0000
vt 0.2829 0.9565 0.0000
vt 0.2477 0.9776 0.0000
vt 0.8325 0.4434 0.0000
vt 0.5483 0.9863 0.0000
vt 0.5481 0.9867 0.0000
vt 0.5162 0.9551 0.0000
vt 0.5156 0.9548 0.0000
vt 0.8622 0.2986 0.0000
vt 0.8299 0.4549 0.0000
vt 0.8300 0.4554 0.0000
vt 0.5491 0.4690 0.0000
vt 0.5341 0.4662 0.0000
vt 0.0806 0.5173 0.0000
vt 0.0806 0.5179 0.0000
vt 0.0798 0.5177 0.0000
vt 0.2240 0.0113 0.0000
vt 0.8648 0.0182 0.0000
vt 0.3025 0.9477 0.0000
vt 0.3027 0.9484 0.0000
vt 0.0700 0.5843 0.0000
vt 0.3017 0.9470 0.0000
vt 0.3024 0.9470 0.0000
vt 0.5540 0.9770 0.0000
vt 0.5608 0.9538 0.0000
vt 0.8109 0.3488 0.0000
vt 0.8776 0.0543 0.0000
vt 0.8767 0.0543 0.0000
vt 0.2473 0.7164 0.0000
vt 0.2450 0.6143 0.0000
vt 0.0516 0.8922 0.0000
vt 0.0494 0.8584 0.0000
vt 0.0502 0.8581 0.0000
vt 0.9669 0.1199 0.0000
vt 0.9745 0.1547 0.0000
vt 0.2742 0.7801 0.0000
vt 0.0500 0.7560 0.0000
vt 0.8355 0.0804 0.0000
vt 0.2675 0.7126 0.0000
vt 0.2683 0.7128 0.0000
vt 0.2709 0.7465 0.0000
vt 0.2718 0.4806 0.0000
vt 0.2725 0.4808 0.0000
vt 0.2694 0.5135 0.0000
vt 0.0680 0.8216 0.0000
vt 0.2622 0.5792 0.0000
vt 0.2652 0.6125 0.0000
vt 0.5702 0.6645 0.0000
vt 0.4735 0.9632 0.0000
vt 0.6154 0.5569 0.0000
vt 0.6280 0.5221 0.0000
vt 0.6288 0.5552 0.0000
vt 0.9796 0.1894 0.0000
vt 0.9812 0.4181 0.0000
vt 0.9688 0.4183 0.0000
vt 0.9650 0.2273 0.0000
vt 0.9656 0.4492 0.0000
vt 0.2485 0.5802 0.0000
vt 0.9242 0.0605 0.0000
vt 0.3202 0.8270 0.0000
vt 0.7041 0.0094 0.0000
vt 0.7041 0.0092 0.0000
vt 0.8800 0.3394 0.0000
vt 0.8799 0.3425 0.0000
vt 0.0621 0.5150 0.0000
vt 0.0622 0.5147 0.0000
vt 0.0806 0.5168 0.0000
vt 0.0801 0.5162 0.0000
vt 0.0806 0.5165 0.0000
vt 0.5465 0.4944 0.0000
vt 0.5458 0.4939 0.0000
vt 0.5954 0.7888 0.0000
vt 0.5896 0.8222 0.0000
vt 0.0676 0.7204 0.0000
vt 0.6117 0.6229 0.0000
vt 0.0687 0.8217 0.0000
vt 0.0679 0.7881 0.0000
vt 0.6125 0.5570 0.0000
vt 0.5336 0.4547 0.0000
vt 0.5366 0.4550 0.0000
vt 0.5365 0.4555 0.0000
vt 0.5336 0.4552 0.0000
vt 0.6263 0.4891 0.0000
vt 0.6757 0.2183 0.0000
vt 0.2137 0.5013 0.0000
vt 0.7237 0.4862 0.0000
vt 0.7750 0.9789 0.0000
vt 0.7742 0.9791 0.0000
vt 0.7860 0.9472 0.0000
vt 0.6288 0.5885 0.0000
vt 0.2092 0.5700 0.0000
vt 0.2111 0.5355 0.0000
vt 0.2441 0.5813 0.0000
vt 0.6150 0.7899 0.0000
vt 0.6160 0.7897 0.0000
vt 0.6154 0.5898 0.0000
vt 0.6125 0.5899 0.0000
vt 0.6146 0.6228 0.0000
vt 0.7647 0.8301 0.0000
vt 0.7781 0.8317 0.0000
vt 0.6281 0.6218 0.0000
vt 0.6266 0.6553 0.0000
vt 0.6130 0.6559 0.0000
vt 0.9804 0.1889 0.0000
vt 0.8143 0.8494 0.0000
vt 0.7041 0.6606 0.0000
vt 0.8160 0.5532 0.0000
vt 0.8134 0.5550 0.0000
vt 0.6281 0.6883 0.0000
vt 0.6272 0.6887 0.0000
vt 0.6243 0.6888 0.0000
vt 0.8563 0.2112 0.0000
vt 0.8564 0.2080 0.0000
vt 0.8571 0.2083 0.0000
vt 0.7461 0.9583 0.0000
vt 0.0179 0.9194 0.0000
vt 0.6171 0.7561 0.0000
vt 0.6211 0.7225 0.0000
vt 0.6106 0.6891 0.0000
vt 0.6073 0.7224 0.0000
vt 0.7898 0.6630 0.0000
vt 0.6032 0.7557 0.0000
vt 0.6122 0.7899 0.0000
vt 0.5982 0.7891 0.0000
vt 0.4607 0.6751 0.0000
vt 0.7345 0.9895 0.0000
vt 0.4655 0.6416 0.0000
vt 0.5959 0.8916 0.0000
vt 0.5952 0.8916 0.0000
vt 0.5508 0.9875 0.0000
vt 0.5511 0.9872 0.0000
vt 0.5648 0.9908 0.0000
vt 0.5650 0.9913 0.0000
vt 0.5923 0.8913 0.0000
vt 0.8322 0.4164 0.0000
vt 0.8332 0.4435 0.0000
vt 0.1030 0.0118 0.0000
vt 0.8563 0.2477 0.0000
vt 0.8564 0.2508 0.0000
vt 0.4435 0.0123 0.0000
vt 0.0567 0.5257 0.0000
vt 0.9296 0.0155 0.0000
vt 0.9293 0.0149 0.0000
vt 0.5841 0.9245 0.0000
vt 0.8647 0.3779 0.0000
vt 0.8648 0.3786 0.0000
vt 0.7574 0.0419 0.0000
vt 0.4906 0.4745 0.0000
vt 0.4898 0.4748 0.0000
vt 0.0106 0.7818 0.0000
vt 0.0101 0.7471 0.0000
vt 0.8106 0.4578 0.0000
vt 0.7048 0.0099 0.0000
vt 0.7040 0.0100 0.0000
vt 0.0190 0.5369 0.0000
vt 0.0197 0.5365 0.0000
vt 0.0102 0.7124 0.0000
vt 0.0108 0.6775 0.0000
vt 0.8654 0.0196 0.0000
vt 0.5683 0.9919 0.0000
vt 0.5675 0.9919 0.0000
vt 0.9678 0.2916 0.0000
vt 0.9662 0.2595 0.0000
vt 0.9665 0.3865 0.0000
vt 0.5687 0.4414 0.0000
vt 0.5695 0.4416 0.0000
vt 0.9558 0.1932 0.0000
vt 0.9314 0.4278 0.0000
vt 0.9288 0.4261 0.0000
vt 0.9279 0.4259 0.0000
vt 0.0754 0.9548 0.0000
vt 0.0714 0.9218 0.0000
vt 0.8042 0.6626 0.0000
vt 0.8072 0.6624 0.0000
vt 0.0486 0.8244 0.0000
vt 0.0477 0.7904 0.0000
vt 0.0472 0.7563 0.0000
vt 0.0465 0.7225 0.0000
vt 0.8712 0.9506 0.0000
vt 0.8781 0.9835 0.0000
vt 0.8773 0.9839 0.0000
vt 0.8705 0.9511 0.0000
vt 0.9077 0.0240 0.0000
vt 0.8825 0.3811 0.0000
vt 0.8680 0.4231 0.0000
vt 0.5550 0.4597 0.0000
vt 0.8751 0.4612 0.0000
vt 0.7252 0.0128 0.0000
vt 0.0713 0.6183 0.0000
vt 0.1231 0.5082 0.0000
vt 0.1205 0.4843 0.0000
vt 0.5329 0.4548 0.0000
vt 0.3701 0.5469 0.0000
vt 0.8858 0.4171 0.0000
vt 0.1813 0.4841 0.0000
vt 0.7889 0.7989 0.0000
vt 0.7819 0.8318 0.0000
vt 0.7810 0.8319 0.0000
vt 0.7433 0.1423 0.0000
vt 0.8771 0.7466 0.0000
vt 0.9310 0.9592 0.0000
vt 0.9280 0.9583 0.0000
vt 0.9258 0.9277 0.0000
vt 0.5165 0.6587 0.0000
vt 0.7509 0.4586 0.0000
vt 0.4210 0.9677 0.0000
vt 0.4012 0.9457 0.0000
vt 0.7020 0.0202 0.0000
vt 0.5119 0.6917 0.0000
vt 0.8959 0.9770 0.0000
vt 0.8967 0.9770 0.0000
vt 0.0675 0.7544 0.0000
vt 0.6107 0.4592 0.0000
vt 0.6234 0.4562 0.0000
vt 0.9842 0.4180 0.0000
vt 0.9865 0.3860 0.0000
vt 0.9126 0.0243 0.0000
vt 0.9154 0.0230 0.0000
vt 0.8335 0.4530 0.0000
vt 0.7837 0.6973 0.0000
vt 0.7830 0.6970 0.0000
vt 0.9779 0.4496 0.0000
vt 0.8846 0.6449 0.0000
vt 0.0772 0.5159 0.0000
vt 0.7357 0.9232 0.0000
vt 0.7254 0.9536 0.0000
vt 0.8781 0.8467 0.0000
vt 0.8832 0.3811 0.0000
vt 0.4882 0.4839 0.0000
vt 0.7963 0.9151 0.0000
vt 0.8057 0.8826 0.0000
vt 0.0457 0.7230 0.0000
vt 0.4376 0.8474 0.0000
vt 0.0577 0.9602 0.0000
vt 0.7711 0.9800 0.0000
vt 0.7376 0.9887 0.0000
vt 0.7703 0.3756 0.0000
vt 0.8569 0.2074 0.0000
vt 0.8574 0.2069 0.0000
vt 0.0539 0.5273 0.0000
vt 0.6722 0.6768 0.0000
vt 0.7727 0.3374 0.0000
vt 0.0249 0.9880 0.0000
vt 0.0214 0.9537 0.0000
vt 0.9852 0.4177 0.0000
vt 0.9817 0.4495 0.0000
vt 0.9809 0.4496 0.0000
vt 0.0620 0.9584 0.0000
vt 0.8084 0.5921 0.0000
vt 0.8067 0.6275 0.0000
vt 0.9852 0.2898 0.0000
vt 0.5546 0.4589 0.0000
vt 0.5517 0.4583 0.0000
vt 0.8648 0.4959 0.0000
vt 0.7703 0.4124 0.0000
vt 0.8351 0.7468 0.0000
vt 0.6561 0.8151 0.0000
vt 0.2617 0.4138 0.0000
vt 0.2646 0.4139 0.0000
vt 0.9880 0.2893 0.0000
vt 0.8794 0.3432 0.0000
vt 0.1446 0.9902 0.0000
vt 0.0115 0.8163 0.0000
vt 0.9875 0.3858 0.0000
vt 0.9890 0.2890 0.0000
vt 0.8097 0.6272 0.0000
vt 0.8363 0.0807 0.0000
vt 0.5724 0.4429 0.0000
vt 0.9138 0.5479 0.0000
vt 0.9160 0.5502 0.0000
vt 0.9132 0.5474 0.0000
vt 0.6095 0.4916 0.0000
vt 0.6072 0.4597 0.0000
vt 0.7943 0.5582 0.0000
vt 0.8812 0.8797 0.0000
vt 0.3708 0.5473 0.0000
vt 0.8088 0.5563 0.0000
vt 0.7298 0.9887 0.0000
vt 0.7138 0.9835 0.0000
vt 0.9319 0.9593 0.0000
vt 0.9374 0.9909 0.0000
vt 0.9366 0.9908 0.0000
vt 0.9337 0.9897 0.0000
vt 0.9004 0.9781 0.0000
vt 0.8974 0.9771 0.0000
vt 0.9156 0.8326 0.0000
vt 0.8764 0.7464 0.0000
vt 0.9186 0.7053 0.0000
vt 0.3181 0.5156 0.0000
vt 0.7796 0.7311 0.0000
vt 0.8917 0.6114 0.0000
vt 0.7680 0.7971 0.0000
vt 0.7739 0.7642 0.0000
vt 0.9265 0.9278 0.0000
vt 0.7451 0.8924 0.0000
vt 0.7788 0.7309 0.0000
vt 0.9156 0.7371 0.0000
vt 0.7696 0.3761 0.0000
vt 0.6263 0.4554 0.0000
vt 0.6270 0.4550 0.0000
vt 0.6080 0.4597 0.0000
vt 0.9125 0.5469 0.0000
vt 0.7168 0.5897 0.0000
vt 0.8934 0.5423 0.0000
vt 0.8925 0.5424 0.0000
vt 0.8611 0.6783 0.0000
vt 0.8569 0.2514 0.0000
vt 0.8667 0.6439 0.0000
vt 0.8642 0.8832 0.0000
vt 0.4901 0.4725 0.0000
vt 0.8602 0.2068 0.0000
vt 0.8602 0.2083 0.0000
vt 0.3635 0.9886 0.0000
vt 0.8610 0.8494 0.0000
vt 0.7038 0.0110 0.0000
vt 0.7223 0.0120 0.0000
vt 0.4815 0.4163 0.0000
vt 0.5566 0.0111 0.0000
vt 0.5552 0.4592 0.0000
vt 0.3672 0.4163 0.0000
vt 0.0346 0.0118 0.0000
vt 0.5110 0.4080 0.0000
vt 0.2089 0.0113 0.0000
vt 0.0802 0.4097 0.0000
vt 0.2165 0.0113 0.0000
vt 0.8745 0.2082 0.0000
vt 0.1030 0.0102 0.0000
vt 0.1107 0.0102 0.0000
vt 0.1107 0.0118 0.0000
vt 0.1261 0.4081 0.0000
vt 0.1260 0.4097 0.0000
vt 0.1183 0.4097 0.0000
vt 0.3520 0.0123 0.0000
vt 0.3597 0.0123 0.0000
vt 0.0423 0.0118 0.0000
vt 0.0423 0.0102 0.0000
vt 0.6627 0.4097 0.0000
vt 0.1567 0.4097 0.0000
vt 0.1489 0.4097 0.0000
vt 0.1489 0.4081 0.0000
vt 0.0118 0.0118 0.0000
vt 0.3977 0.0123 0.0000
vt 0.0118 0.0102 0.0000
vt 0.0726 0.4097 0.0000
vt 0.3444 0.0123 0.0000
vt 0.5110 0.4097 0.0000
vt 0.5361 0.4571 0.0000
vt 0.2527 0.9862 0.0000
vt 0.1643 0.4097 0.0000
vt 0.1489 0.0118 0.0000
vt 0.1489 0.0102 0.0000
vt 0.3747 0.0123 0.0000
vt 0.0346 0.0102 0.0000
vt 0.8746 0.2068 0.0000
vt 0.1568 0.4081 0.0000
vt 0.1337 0.4081 0.0000
vt 0.1107 0.4081 0.0000
vt 0.5364 0.4562 0.0000
vt 0.1643 0.0102 0.0000
vt 0.1567 0.0102 0.0000
vt 0.1107 0.4097 0.0000
vt 0.3672 0.0123 0.0000
# 2842 texture coords

o 08b2bf24_8bde_4159_aac9_bc61be64b6e4
g 08b2bf24_8bde_4159_aac9_bc61be64b6e4
usemtl aa4b022b_4237_4cc9_aeab_e112856b8eb8
f 1/1 2/2 3/3 4/4 
f 5/5 6/6 7/7 8/8 
f 9/9 10/10 11/11 12/12 
f 13/13 14/14 15/15 16/16 
f 17/17 18/18 19/19 20/20 
f 21/21 22/22 23/8 24/23 
f 25/24 26/25 27/26 28/27 
f 29/28 30/1 31/29 32/30 
f 33/31 34/32 35/33 36/34 
f 37/35 38/36 39/37 40/38 
f 41/39 42/5 23/8 22/22 
f 43/25 44/40 45/41 46/26 
f 47/42 48/43 49/44 50/45 
f 51/46 52/11 53/10 54/47 
f 55/48 56/49 57/50 58/28 
f 59/51 60/52 61/53 62/54 
f 63/55 64/22 8/8 65/23 
f 66/56 67/57 68/58 69/59 
f 70/60 71/61 72/62 73/63 
f 74/64 75/65 76/66 77/67 
f 78/68 79/69 80/70 81/71 
f 82/72 83/73 84/74 85/75 
f 86/76 87/77 88/78 89/79 
f 90/80 91/81 92/82 93/83 
f 71/61 70/60 94/84 95/85 
f 96/86 97/87 98/88 99/89 
f 65/23 8/8 7/7 100/90 
f 101/91 102/92 103/93 104/94 
f 105/95 106/96 107/97 108/98 
f 109/99 110/100 111/101 112/17 
f 113/102 114/103 115/104 116/105 
f 117/78 118/79 119/76 120/77 
f 121/106 122/107 123/108 124/109 
f 125/110 126/111 127/112 128/113 
f 129/114 130/91 131/115 132/116 
f 133/117 134/24 135/60 136/63 
f 137/118 138/119 139/120 140/121 
f 141/122 142/123 143/124 144/90 
f 145/125 146/126 147/127 148/128 
f 149/129 150/130 151/131 152/132 
f 153/133 59/51 154/134 155/135 
f 156/136 157/137 158/138 159/15 
f 160/139 161/19 162/18 163/140 
f 164/141 165/142 166/143 109/99 
f 167/144 168/145 169/146 170/147 
f 171/148 172/149 173/150 174/151 
f 175/2 176/152 177/153 178/3 
f 179/154 180/155 181/156 182/157 
f 183/158 184/159 185/160 186/161 
f 187/162 188/163 189/164 190/165 
f 154/134 59/51 62/54 191/166 
f 192/88 193/158 194/161 195/89 
f 196/167 197/168 198/169 199/170 
f 200/171 201/172 202/112 203/111 
f 204/173 205/174 206/175 207/176 
f 208/177 209/178 210/179 211/180 
f 6/6 212/181 213/182 7/7 
f 214/183 215/184 216/185 217/136 
f 218/186 219/187 220/59 221/188 
f 222/114 223/91 224/115 225/116 
f 42/5 226/6 227/7 23/8 
f 228/189 229/190 230/68 231/71 
f 232/191 233/192 234/193 235/194 
f 236/195 237/196 238/110 239/113 
f 240/107 241/189 242/71 243/108 
f 244/12 245/61 246/85 247/9 
f 151/131 248/197 249/198 250/199 
f 72/62 71/61 12/12 251/200 
f 252/104 253/201 254/202 255/203 
f 256/204 257/205 258/206 259/207 
f 260/2 261/3 262/4 263/1 
f 264/208 265/209 266/210 267/211 
f 268/13 269/14 159/15 270/16 
f 266/210 271/212 49/44 267/211 
f 272/89 186/161 273/207 274/213 
f 275/214 276/168 277/167 278/215 
f 279/216 280/217 281/218 282/219 
f 283/220 222/114 284/221 285/222 
f 286/11 244/12 247/9 287/10 
f 288/179 289/180 290/177 291/178 
f 292/223 293/224 294/225 295/226 
f 296/81 297/227 298/200 299/82 
f 35/33 275/214 64/22 63/55 
f 300/169 301/168 302/228 303/229 
f 136/63 135/60 245/61 304/62 
f 305/68 306/69 307/70 242/71 
f 97/87 308/230 309/135 98/88 
f 310/231 311/232 312/233 313/234 
f 309/135 314/134 315/158 98/88 
f 298/200 244/12 286/11 299/82 
f 316/235 317/236 318/77 319/76 
f 320/202 321/140 322/237 323/203 
f 324/238 325/239 326/240 327/133 
f 328/5 329/8 330/22 331/39 
f 332/28 333/1 334/29 335/30 
f 336/241 337/242 338/243 339/244 
f 340/161 341/89 342/88 343/158 
f 344/245 345/246 346/78 347/77 
f 83/73 348/247 234/193 349/248 
f 69/59 68/58 350/249 351/188 
f 326/240 352/52 353/51 327/133 
f 354/250 355/251 356/252 357/253 
f 358/50 175/2 30/1 29/28 
f 359/254 360/255 361/256 362/257 
f 363/29 1/1 4/4 364/258 
f 10/10 365/47 366/46 11/11 
f 367/235 368/76 369/259 370/260 
f 371/261 372/262 373/63 374/62 
f 375/263 376/264 377/237 378/265 
f 379/147 380/266 44/40 381/37 
f 382/184 383/267 384/268 385/185 
f 354/250 357/253 386/269 387/270 
f 388/271 389/272 390/273 391/274 
f 392/227 393/261 72/62 251/200 
f 394/275 395/276 396/180 397/179 
f 219/187 398/277 399/56 220/59 
f 400/275 238/110 237/196 401/278 
f 402/279 403/280 404/281 405/282 
f 406/283 407/284 408/123 409/285 
f 410/286 411/287 412/288 413/289 
f 414/278 415/275 416/110 417/196 
f 418/290 419/291 420/292 421/293 
f 422/58 423/57 424/294 425/295 
f 426/296 427/297 428/298 429/299 
f 193/158 154/134 191/166 430/159 
f 431/300 432/301 433/302 434/303 
f 435/304 436/305 437/306 438/307 
f 350/249 439/308 440/309 441/310 
f 441/310 440/309 442/311 443/100 
f 81/71 80/70 444/312 445/108 
f 446/82 447/83 448/80 449/81 
f 395/290 450/293 451/313 396/314 
f 351/188 350/249 441/310 452/143 
f 453/315 454/229 34/32 33/31 
f 98/88 315/158 455/161 99/89 
f 456/214 457/33 458/32 197/168 
f 459/103 460/316 461/201 462/104 
f 242/71 307/70 463/312 243/108 
f 464/317 465/312 466/70 467/318 
f 468/319 469/320 338/243 337/242 
f 470/174 471/175 472/176 473/173 
f 474/321 475/322 476/323 477/324 
f 478/152 158/138 479/325 480/153 
f 481/259 482/260 483/235 86/76 
f 484/106 240/107 243/108 485/109 
f 486/44 487/211 403/210 488/212 
f 255/203 254/202 163/140 489/237 
f 18/18 490/140 491/139 19/19 
f 492/326 493/327 494/328 495/329 
f 496/330 497/331 498/332 499/333 
f 87/77 500/236 501/334 502/245 
f 503/112 504/111 505/171 506/172 
f 353/51 352/52 507/53 508/54 
f 509/335 510/336 511/337 512/338 
f 513/148 514/339 515/340 516/149 
f 64/22 275/214 278/215 517/39 
f 372/262 518/341 519/117 373/63 
f 520/342 208/343 211/314 521/313 
f 522/344 523/345 524/346 525/347 
f 526/334 527/245 120/77 528/236 
f 529/50 530/2 333/1 332/28 
f 499/333 531/157 532/156 533/206 
f 534/93 535/94 536/91 537/92 
f 115/104 538/201 320/202 323/203 
f 107/97 539/348 540/349 108/98 
f 541/350 356/252 355/251 542/351 
f 416/110 504/111 503/112 543/113 
f 544/30 363/29 60/52 545/240 
f 546/203 547/202 490/140 377/237 
f 548/265 549/101 550/352 551/263 
f 421/293 420/292 552/353 306/69 
f 553/354 554/355 555/356 556/357 
f 557/358 558/359 559/360 560/361 
f 561/230 324/238 327/133 562/135 
f 116/105 115/104 323/203 563/362 
f 564/363 565/364 566/365 567/366 
f 568/264 322/237 548/265 551/263 
f 419/367 418/276 415/275 414/278 
f 443/100 442/311 550/352 549/101 
f 569/368 570/369 571/370 572/371 
f 433/302 573/372 574/373 434/303 
f 575/374 576/375 577/376 578/377 
f 579/378 580/379 581/380 582/381 
f 583/382 584/383 585/384 586/385 
f 587/386 588/387 589/388 590/389 
f 591/390 292/223 592/391 593/392 
f 594/393 595/394 585/384 584/383 
f 596/395 597/396 598/397 599/398 
f 600/399 601/400 602/401 603/402 
f 604/403 426/296 429/299 605/404 
f 606/405 607/406 608/407 609/408 
f 610/409 189/164 611/410 612/411 
f 613/412 614/413 615/414 616/415 
f 617/416 618/417 619/418 620/419 
f 621/420 622/421 623/422 624/423 
f 621/420 624/423 625/424 626/425 
f 627/426 628/427 629/428 630/429 
f 631/430 632/431 633/432 634/433 
f 635/434 636/435 637/436 638/437 
f 639/438 640/439 641/440 642/441 
f 643/442 644/443 645/444 646/445 
f 647/446 648/447 649/448 650/449 
f 651/450 650/449 649/448 652/451 
f 653/452 654/453 655/454 656/455 
f 657/456 658/457 659/458 652/459 
f 660/460 661/461 658/457 657/456 
f 662/462 663/463 664/464 665/465 
f 666/466 667/467 668/468 669/469 
f 670/470 671/471 672/472 673/473 
f 674/474 675/475 676/476 677/477 
f 678/478 679/479 680/480 681/481 
f 682/482 675/483 683/484 684/485 
f 683/486 685/487 686/488 684/489 
f 660/490 687/491 686/488 685/487 
f 688/492 689/493 690/494 691/495 
f 692/496 693/497 694/498 695/499 
f 696/500 697/501 698/502 699/503 
f 700/504 701/505 649/448 648/447 
f 702/506 703/507 704/508 705/509 
f 706/510 707/511 641/440 640/439 
f 708/512 656/455 709/513 710/514 
f 711/515 712/516 713/517 573/372 
f 625/424 714/518 715/519 716/520 
f 717/521 718/522 719/523 720/524 
f 708/512 710/514 721/525 722/526 
f 723/527 620/419 619/418 724/528 
f 725/529 726/530 727/531 728/532 
f 729/533 730/534 615/414 609/408 
f 731/535 732/536 733/537 734/538 
f 608/407 735/539 736/540 737/541 
f 738/542 739/543 740/544 741/545 
f 742/106 743/107 445/108 744/109 
f 149/129 745/546 598/397 150/130 
f 238/110 746/111 747/112 239/113 
f 748/273 749/274 750/271 751/272 
f 752/227 371/261 374/62 753/200 
f 476/323 475/322 754/547 755/548 
f 756/549 737/541 736/540 757/550 
f 79/69 758/293 759/292 760/353 
f 761/551 762/552 763/553 764/554 
f 765/555 766/556 767/557 768/558 
f 769/559 770/560 311/232 771/561 
f 772/266 48/43 47/42 773/562 
f 181/156 774/206 775/333 182/157 
f 776/146 777/43 778/266 779/147 
f 463/312 780/317 781/563 782/564 
f 783/565 784/566 785/567 786/568 
f 787/569 788/332 535/94 534/93 
f 789/570 790/571 791/572 512/338 
f 789/570 512/338 511/337 792/573 
f 606/405 793/574 794/575 607/406 
f 795/576 796/577 797/578 798/579 
f 799/580 800/581 801/582 802/583 
f 803/204 804/205 533/206 805/207 
f 730/534 806/584 807/585 808/586 
f 807/585 809/587 810/588 808/586 
f 811/589 812/590 813/591 814/592 
f 714/518 815/593 816/594 817/595 
f 818/596 819/597 820/598 821/599 
f 822/600 823/601 721/525 824/602 
f 825/603 826/604 827/605 828/606 
f 707/511 706/510 829/607 830/608 
f 831/609 832/610 833/611 834/612 
f 835/613 687/491 701/505 700/504 
f 836/614 837/615 838/616 839/617 
f 840/618 841/619 842/620 843/621 
f 844/622 845/623 846/624 847/625 
f 848/626 849/627 850/628 669/469 
f 851/629 852/630 853/631 854/632 
f 855/633 817/595 856/634 857/635 
f 858/636 859/637 860/638 861/639 
f 816/594 809/587 862/640 863/641 
f 864/642 865/643 866/644 867/645 
f 807/585 806/584 801/582 868/646 
f 869/647 868/646 801/582 800/581 
f 870/648 871/649 869/650 800/651 
f 769/559 771/561 872/652 873/653 
f 874/654 875/655 876/656 877/657 
f 878/658 879/659 880/660 881/661 
f 469/662 882/663 883/664 884/665 
f 885/666 784/566 886/667 887/668 
f 888/669 889/670 890/671 891/672 
f 892/673 893/674 894/675 895/676 
f 896/677 897/678 898/679 899/680 
f 338/681 900/682 901/683 339/684 
f 902/685 903/686 904/687 586/688 
f 905/689 673/473 672/472 906/690 
f 907/691 908/692 909/693 910/694 
f 911/695 912/696 913/697 914/698 
f 915/699 916/700 917/701 918/702 
f 919/703 920/704 921/705 922/706 
f 923/707 924/708 925/709 926/710 
f 566/365 927/711 928/712 567/366 
f 870/648 929/713 930/714 931/715 
f 932/716 933/717 934/718 935/719 
f 936/720 871/649 937/721 938/722 
f 936/720 939/723 869/650 871/649 
f 864/642 940/724 941/725 942/726 
f 943/727 944/728 945/729 946/730 
f 947/731 857/635 856/634 948/732 
f 949/733 950/734 951/735 952/736 
f 953/737 954/738 955/739 956/740 
f 957/741 958/742 959/743 960/744 
f 961/745 962/746 963/747 964/748 
f 965/749 966/750 853/631 967/751 
f 968/752 969/753 970/754 971/755 
f 972/756 973/757 961/758 964/759 
f 972/756 964/759 974/760 975/761 
f 976/762 977/763 978/764 979/765 
f 980/766 981/767 947/768 982/769 
f 983/770 944/728 984/771 985/772 
f 943/727 986/773 984/771 944/728 
f 987/774 988/775 989/776 990/777 
f 936/720 938/722 991/778 992/779 
f 993/780 994/781 995/782 996/783 
f 937/721 931/715 997/784 998/785 
f 999/786 1000/787 1001/788 1002/789 
f 1003/790 992/779 991/778 1004/791 
f 1005/792 1006/793 1007/794 1008/795 
f 1009/564 444/312 1010/317 1011/563 
f 1012/796 1008/795 1013/797 1014/798 
f 1015/799 1016/800 1017/801 1018/802 
f 1019/803 1020/804 1021/805 1022/806 
f 1023/807 1024/808 1025/809 1026/810 
f 1027/811 1028/812 1029/813 555/356 
f 1030/814 1031/815 1032/816 1033/817 
f 1034/818 1035/819 1036/820 1037/821 
f 1020/804 1019/803 1038/822 1039/823 
f 934/718 933/717 1040/824 1041/825 
f 1042/826 979/765 1043/827 1044/828 
f 1045/829 1046/830 1047/831 1048/832 
f 1049/833 1050/834 1051/835 1052/836 
f 1051/835 1053/837 1054/838 1055/839 
f 1033/817 1056/840 1057/841 1058/842 
f 1059/843 1060/844 1061/845 1039/823 
f 1062/846 1052/836 1051/835 1055/839 
f 907/691 910/694 789/847 792/848 
f 1033/817 1032/816 1063/849 1056/840 
f 1063/849 1064/850 1065/851 1066/852 
f 1065/851 1064/850 1067/853 1068/854 
f 1069/855 1070/856 1071/857 1072/858 
f 1063/849 1066/852 1073/859 1056/840 
f 1043/827 979/765 978/764 1074/860 
f 1075/861 1076/862 1077/863 1078/864 
f 976/762 1079/865 1080/866 977/763 
f 310/231 872/652 771/561 311/232 
f 522/344 1081/867 1082/868 1083/869 
f 232/191 235/194 1084/870 1085/871 
f 761/551 1086/872 1087/873 1088/874 
f 961/745 684/489 686/488 962/746 
f 1089/875 1090/876 1091/877 1092/878 
f 1093/879 1094/880 1095/881 474/321 
f 1096/882 1097/883 557/884 1098/885 
f 1099/886 1100/887 1101/888 1102/889 
f 444/312 80/70 1103/318 1010/317 
f 1104/890 1105/891 1106/892 601/400 
f 1107/893 1108/894 1109/895 1110/896 
f 1111/897 1112/898 1113/899 1114/900 
f 1115/901 1116/902 1117/903 1118/904 
f 1119/905 1120/906 1109/895 599/398 
f 1121/907 1122/908 1123/909 1124/910 
f 1118/904 1125/911 1126/912 1115/901 
f 1127/913 1128/914 1129/915 
f 1130/916 1131/917 558/918 1132/919 
f 1133/920 1125/911 1134/921 1083/869 
f 1135/922 1136/923 1137/924 1107/893 
f 1129/915 1138/925 1139/926 1140/927 
f 1141/928 1142/929 1143/930 1144/931 
f 980/766 982/769 1145/932 1146/933 
f 670/470 1147/934 1148/935 1149/936 
f 972/756 1031/815 1030/814 973/757 
f 1145/932 1004/791 1044/828 1150/937 
f 1151/938 1152/939 925/940 438/941 
f 1153/942 1154/943 553/354 1155/944 
f 1156/945 1157/946 1067/853 1064/850 
f 1158/947 1146/933 1157/946 1156/945 
f 1150/937 1157/946 1146/933 1145/932 
f 888/669 1159/948 1160/949 1161/950 
f 1156/945 1032/816 1031/815 1158/947 
f 1162/951 1163/952 1164/953 1165/954 
f 1166/955 1167/956 1168/957 1169/958 
f 1170/959 1171/960 1172/961 1173/962 
f 1174/963 1175/964 1176/965 1177/966 
f 878/658 1178/967 1179/968 1180/969 
f 1088/874 1181/970 1182/971 1183/972 
f 1184/973 525/347 524/346 1185/974 
f 515/340 514/339 1186/975 1187/976 
f 1188/977 492/326 495/329 1189/978 
f 89/79 88/78 514/339 513/148 
f 1190/333 1191/157 1192/156 1193/206 
f 596/395 1194/979 1195/980 597/396 
f 1107/893 1137/924 1196/981 1108/894 
f 1197/982 910/694 909/693 1116/902 
f 589/388 1198/983 1199/984 590/389 
f 1200/985 786/986 785/987 1201/988 
f 1202/989 1203/990 1204/991 1205/992 
f 1206/993 1207/994 1208/995 1209/996 
f 1132/919 1210/997 908/692 1130/916 
f 1118/904 1211/998 1134/921 1125/911 
f 920/704 429/299 428/298 921/705 
f 1197/982 1116/902 1115/901 1212/999 
f 1213/1000 1214/1001 1215/1002 1216/1003 
f 1217/1004 1218/1005 1219/1006 1220/1007 
f 1221/1008 1222/1009 1223/1010 1224/1011 
f 1225/1012 912/696 1215/1002 1226/1013 
f 923/707 1227/1014 1228/1015 924/708 
f 1229/1016 1230/1017 1231/1018 1232/1019 
f 1233/1020 1234/1021 1235/1022 1236/1023 
f 417/196 416/110 543/113 1237/195 
f 1238/1024 1239/1025 1240/1026 1241/1027 
f 1242/1028 1243/1029 1244/1030 1245/1031 
f 1246/1032 1247/1033 1248/1034 1249/1035 
f 1250/1036 1251/1037 1252/1038 1253/1039 
f 1254/1040 1255/1041 1256/1042 1257/1043 
f 1258/1044 1259/1045 1260/1046 1261/1047 
f 1239/1025 1262/1048 1263/1049 1240/1026 
f 1264/1050 1265/1051 1266/1052 1267/1053 
f 1268/1054 1265/1051 1264/1050 1269/1055 
f 1270/1056 1271/1057 1272/1058 1273/1059 
f 1274/1060 1275/1061 1276/1062 1277/1063 
f 1278/1064 1279/1065 1280/1066 
f 1281/1067 1282/1068 1283/1069 1284/1070 
f 901/683 1285/1071 1286/1072 1287/1073 
f 1288/1074 1289/1075 1290/1076 1291/1077 
f 1292/1078 1293/1079 1294/1080 
f 1295/1081 1296/1082 1297/1083 565/364 
f 1298/1084 1299/1085 1264/1050 1267/1053 
f 1300/1086 1301/1087 1302/1088 
f 1288/1074 1303/1089 1304/1090 1305/1091 
f 1306/1092 1307/1093 1308/1094 1309/1095 
f 1310/1096 1311/1097 1312/1098 
f 1294/1080 1293/1079 1313/1099 1314/1100 
f 1315/1101 1316/1102 1254/1040 1247/1033 
f 1317/1103 1318/1104 1319/1105 
f 1320/1106 1321/1107 1322/1108 1323/1109 
f 1324/1110 1325/1111 1326/1112 1327/1113 
f 1328/1114 1329/1115 1330/1116 
f 1331/1117 1332/1118 1333/1119 1217/1004 
f 1334/1120 1335/1121 1336/1122 1337/1123 
f 1338/1124 1339/1125 1229/1016 1285/1071 
f 435/304 438/307 925/709 924/708 
f 1219/1006 1340/1126 1341/1127 1342/1128 
f 1311/1097 1317/1103 1319/1105 1343/1129 
f 1344/1130 1345/1131 565/364 564/363 
f 1346/1132 1347/1133 1348/1134 1349/1135 
f 1223/1010 1222/1009 1350/1136 1351/1137 
f 1099/886 1352/1138 1353/1139 1100/887 
f 1348/1134 1354/1140 1355/1141 1349/1135 
f 306/69 552/353 1356/318 307/70 
f 1357/1142 1236/1023 1235/1022 
f 1220/1007 1358/1143 1359/1144 1231/1018 
f 1214/1001 1360/1145 1361/1146 1362/1147 
f 1363/1148 1364/1149 1365/1150 
f 1366/1151 1367/1152 1368/1153 1369/1154 
f 1370/1155 1371/1156 1343/1129 
f 1372/1157 1373/1158 1374/1159 1375/1160 
f 1376/1161 1377/1162 1378/1163 
f 1379/1164 1380/1165 1381/1166 1382/1167 
f 1383/1168 1314/1100 1313/1099 
f 1302/1088 1377/1162 1383/1168 1313/1099 
f 1384/1169 1385/1170 1386/1171 
f 1366/1151 1369/1154 1387/1172 1388/1173 
f 1389/1174 1390/1175 1391/1176 1392/1177 
f 1393/1178 1394/1179 1395/1180 1396/1181 
f 1397/1182 1396/1181 1395/1180 1398/1183 
f 1397/1182 1398/1183 1399/1184 1400/1185 
f 810/588 809/587 816/594 815/593 
f 1395/1180 1401/1186 1402/1187 1398/1183 
f 1403/1188 1404/1189 1405/1190 1406/1191 
f 1407/1192 1394/1193 1387/1172 1408/1194 
f 1282/1068 1409/1195 1410/1196 1283/1069 
f 1411/1197 1412/1198 1413/1199 1408/1194 
f 1354/1140 1414/1200 1113/899 1112/898 
f 1415/1201 1416/1202 1417/1203 1418/1204 
f 1419/1205 1420/1206 1421/1207 1422/1208 
f 1423/1209 1424/1210 1425/1211 1426/1212 
f 1427/1213 1374/1159 1428/1214 1429/1215 
f 1430/1216 1431/1217 1432/1218 1433/1219 
f 1434/1220 793/574 1435/1221 1436/1222 
f 190/165 1437/1223 1438/1224 187/162 
f 1439/1225 1199/984 1198/983 1440/1226 
f 1339/1125 1124/910 1123/909 1441/1227 
f 1442/1228 1085/871 1443/1229 1444/1230 
f 1445/1231 1446/1232 1087/873 1447/1233 
f 1182/971 1448/1234 1449/1235 1183/972 
f 347/77 368/76 367/235 1450/236 
f 1451/136 1452/137 1453/138 1454/15 
f 1455/83 1456/46 500/236 483/235 
f 612/411 611/410 1457/1236 1458/1237 
f 885/666 1459/1238 1460/1239 1461/1240 
f 80/70 79/69 760/353 1103/318 
f 915/699 796/577 795/576 1462/1241 
f 738/1242 741/1243 1463/1244 1464/1245 
f 799/580 802/583 1465/1246 1466/1247 
f 1467/1248 1468/1249 1469/1250 1470/1251 
f 989/1252 1471/1253 1472/1254 969/1255 
f 1473/1256 1474/1257 1475/1258 1476/1259 
f 1477/1260 1474/1257 1473/1256 1478/1261 
f 974/1262 964/748 963/747 1479/1263 
f 1480/1264 1481/1265 1482/1266 1483/1267 
f 1065/851 1068/854 1484/1268 1485/1269 
f 1477/1260 1478/1261 1486/1270 1487/1271 
f 1488/1272 1489/1273 1490/1274 1491/1275 
f 1492/1276 1493/1277 1494/1278 1495/1279 
f 1496/1280 1497/1281 1498/1282 1499/1283 
f 1500/1284 1501/1285 1502/1286 1503/1287 
f 820/598 819/597 1504/1288 1505/1289 
f 1506/1290 1507/1291 1402/1187 1508/1292 
f 1509/1293 1510/1294 1511/1295 1512/1296 
f 835/613 830/608 963/747 962/746 
f 945/729 1513/1297 1514/1298 946/730 
f 1515/1299 854/632 853/631 966/750 
f 1516/1300 1517/1301 1504/1288 819/597 
f 866/644 1518/1302 668/468 867/645 
f 235/194 1519/1303 1520/1304 1084/870 
f 804/205 496/330 499/333 533/206 
f 729/533 737/541 756/549 1521/1305 
f 1522/1306 1523/1307 1524/1308 1525/1309 
f 707/511 830/608 835/613 700/504 
f 854/632 1526/1310 1527/1311 851/629 
f 854/632 1515/1299 1528/1312 1526/1310 
f 1528/1312 1515/1299 1529/1313 1530/1314 
f 1531/1315 1532/1316 1533/1317 1534/1318 
f 1506/1290 1508/1292 1535/1319 1536/1320 
f 659/458 658/457 1523/1307 1537/1321 
f 1407/1322 1538/1323 1539/1324 1401/1186 
f 1540/1325 1538/1326 1413/1199 1541/1327 
f 1540/1325 1541/1327 1542/1328 1543/1329 
f 1206/993 1543/1329 1542/1328 1207/994 
f 1544/1330 1545/1331 1546/1332 1547/1333 
f 1548/1334 1549/1335 1550/1336 1551/1337 
f 1552/1338 1553/1339 1554/1340 1555/1341 
f 1556/1342 1557/1343 1558/1344 1559/1345 
f 1137/1346 1560/1347 1561/1348 1196/1349 
f 826/604 1562/1350 1563/1351 827/605 
f 1564/1352 1565/1353 1527/1311 1526/1310 
f 1566/1354 1567/1355 1568/1356 1569/1357 
f 725/529 1271/1358 1270/1359 1570/1360 
f 1571/1361 1522/1306 1572/1362 1573/1363 
f 659/458 1537/1321 1574/1364 1575/1365 
f 1576/1366 1577/1367 1578/1368 1579/1369 
f 635/434 1580/1370 1581/1371 1582/1372 
f 1583/1373 728/532 727/531 1584/1374 
f 639/438 1585/1375 1586/1376 640/439 
f 1540/1377 1543/1378 1587/1379 1588/1380 
f 1162/951 1165/954 1589/1381 1590/1382 
f 919/703 1591/1383 1592/1384 920/704 
f 1293/1079 1593/1385 1594/1386 1300/1086 
f 1595/1387 1596/1388 1597/1389 1598/1390 
f 1214/1001 1213/1000 1599/1391 1360/1145 
f 911/695 1600/1392 1601/1393 1216/1003 
f 911/695 914/698 1602/1394 1600/1392 
f 469/662 884/665 900/682 338/681 
f 1118/904 1117/903 1603/1395 1211/998 
f 1604/1396 1605/1397 1606/1398 1114/1399 
f 1607/1400 1444/1230 1443/1229 1608/1401 
f 1132/919 1097/883 1609/1402 1210/997 
f 999/786 1610/1403 1611/1404 1000/787 
f 1057/841 1612/1405 1047/1406 1046/1407 
f 885/666 887/668 1613/1408 1459/1238 
f 1111/1409 1114/1399 1606/1398 1614/1410 
f 1615/1411 1347/1133 1346/1132 1616/1412 
f 983/770 985/772 1617/1413 967/751 
f 980/766 975/761 974/760 981/767 
f 965/749 1618/1414 1029/813 1476/1259 
f 1619/1415 1620/1416 1621/1417 1622/1418 
f 1473/1256 1028/812 680/480 1478/1261 
f 610/409 612/411 1623/1419 1624/1420 
f 1625/1421 1499/1283 1486/1270 679/479 
f 955/1422 1626/1423 1627/1424 1154/943 
f 1628/1425 1629/1426 1630/1427 1631/1428 
f 1632/1429 1038/1430 1019/1431 1633/1432 
f 1634/1433 1632/1429 1633/1432 678/478 
f 932/716 889/670 1635/1434 933/717 
f 1636/1435 1637/1436 1638/1437 1639/1438 
f 1640/1439 1016/800 1015/799 1641/1440 
f 1642/1441 1643/1442 1644/1443 1036/820 
f 556/357 555/356 1029/813 1618/1414 
f 556/357 1618/1414 1617/1413 1645/1444 
f 1646/1445 1645/1444 1617/1413 985/772 
f 1625/1421 679/479 678/478 1633/1432 
f 682/482 1647/1446 676/1447 675/483 
f 1229/1016 1232/1019 1286/1072 1285/1071 
f 1160/949 1238/1024 1241/1027 1648/1448 
f 1416/1449 1287/1073 896/677 1417/1450 
f 1649/1451 1650/1452 1651/1453 1652/1454 
f 1653/1455 1654/1456 1655/1457 1656/1458 
f 980/766 1146/933 1158/947 975/761 
f 1657/1459 1212/999 1115/901 1126/912 
f 1042/826 1044/828 1004/791 991/778 
f 1658/1460 1007/794 1006/793 1659/1461 
f 1660/1462 1155/944 1645/1444 1646/1445 
f 556/357 1645/1444 1155/944 553/354 
f 1661/1463 1662/1464 1663/1465 1664/1466 
f 1027/811 555/356 554/355 1054/838 
f 1659/1461 1653/1455 1656/1458 1658/1460 
f 1057/841 1046/1407 1665/1467 1058/842 
f 888/669 1161/950 1635/1434 889/670 
f 1666/1468 1662/1464 1661/1463 1667/1469 
f 1038/1430 1632/1429 1668/1470 1669/1471 
f 1473/1256 1476/1259 1029/813 1028/812 
f 1049/833 1670/1472 1668/1470 1050/834 
f 1003/790 948/1473 1671/1474 992/779 
f 1057/841 1056/840 1073/859 1612/1405 
f 1672/1475 1673/1476 1674/1477 1675/1478 
f 1676/1479 1677/1480 1678/1481 1679/1482 
f 678/478 681/481 1053/837 1634/1433 
f 1664/1466 1663/1465 1680/1483 1681/1484 
f 1627/1424 554/355 553/354 1154/943 
f 1682/1485 1683/1486 1684/1487 1622/1418 
f 894/675 1685/1488 1686/1489 1687/1490 
f 1627/1424 1055/839 1054/838 554/355 
f 1017/801 1688/1491 1689/1492 1018/802 
f 1690/1493 1691/1494 1692/1495 1693/1496 
f 1678/1497 1694/1498 1695/1499 1679/1500 
f 1043/827 1074/860 1696/1501 1697/1502 
f 1490/1503 956/1504 1153/942 1698/1505 
f 955/1422 1154/943 1153/942 956/1504 
f 1021/805 1699/1506 1700/1507 1701/1508 
f 1666/1468 1667/1469 1702/1509 1703/1510 
f 1704/1511 1705/1512 1706/1513 1707/1514 
f 1708/1515 828/606 1709/1516 1710/1517 
f 1711/1518 1712/1519 1713/1520 1673/1521 
f 1708/1515 1626/1522 955/739 954/738 
f 816/594 863/641 856/634 817/595 
f 1714/1523 1715/1524 1716/1525 1717/1526 
f 1718/1527 1719/1528 898/679 1720/1529 
f 953/737 956/740 1490/1274 1489/1273 
f 943/727 946/730 604/403 605/404 
f 1721/1530 1052/1531 1062/1532 1710/1517 
f 683/1533 1722/1534 1723/1535 685/1536 
f 1096/882 1724/1537 1725/1538 1726/1539 
f 1514/1298 1727/1540 604/403 946/730 
f 1709/1516 828/606 827/605 1728/1541 
f 1729/1542 1730/1543 1516/1300 1731/1544 
f 1732/1545 1733/1546 1621/1417 1620/1416 
f 1082/868 1081/867 1080/866 1079/865 
f 1734/1547 1735/1548 1736/1549 1737/1550 
f 1738/1551 1739/1552 1740/1553 1741/1554 
f 1742/1555 818/596 821/599 1743/1556 
f 1744/1557 1745/1558 1746/1559 1747/1560 
f 1179/968 1470/1251 1748/1561 1749/1562 
f 1522/1306 1525/1309 1750/1563 1572/1362 
f 189/164 188/163 1457/1236 611/410 
f 1736/1564 1735/1565 387/1566 1751/1567 
f 1571/1361 1573/1363 1752/1568 1753/1569 
f 1754/249 422/58 425/295 1755/308 
f 907/691 1756/1570 1130/916 908/692 
f 294/225 1757/1571 1558/1344 1557/1343 
f 1200/985 1086/872 1758/1572 786/986 
f 1759/1573 1760/1574 1761/1575 1762/1576 
f 1104/890 601/400 600/399 1263/1049 
f 1763/1577 1359/1144 1358/1143 576/375 
f 570/1578 1613/1408 1764/1579 1440/1580 
f 1765/1581 1159/948 1766/1582 1094/1583 
f 594/393 1767/1584 1768/1585 1769/1586 
f 1770/1587 1771/1588 1772/1589 1773/1590 
f 739/543 1774/1591 1775/1592 740/544 
f 1096/882 1098/885 1776/1593 1724/1537 
f 1736/1549 798/579 797/578 1737/1550 
f 1075/861 1777/1594 1778/1595 1076/862 
f 1166/955 1779/1596 1780/1597 1167/956 
f 1657/1459 929/713 799/1598 1466/1599 
f 1781/1600 1091/877 1090/876 1782/1601 
f 1592/1384 605/404 429/299 920/704 
f 608/407 607/406 1615/1411 735/539 
f 1783/1602 926/1603 925/940 1152/939 
f 1784/1604 1785/1605 1176/965 1175/964 
f 858/636 861/639 1786/1606 1787/1607 
f 1488/1272 1788/1608 1789/1609 1790/1610 
f 1784/1604 1791/1611 1792/1612 1785/1605 
f 1793/1613 1794/1614 1795/1615 1614/1410 
f 1796/1616 1797/1617 1798/1618 1799/1619 
f 1800/1620 916/700 1801/1621 1802/1622 
f 1772/1589 1771/1588 1803/1623 1804/1624 
f 1805/1625 1806/1626 1807/1627 1808/1628 
f 1809/1629 762/552 1183/972 1449/1235 
f 1096/882 1726/1539 1609/1402 1097/883 
f 1810/1630 1210/997 1609/1402 1811/1631 
f 1812/1632 1813/1633 1182/971 1181/970 
f 1445/1231 1447/1233 1814/1634 1815/1635 
f 1783/1602 1816/1636 1817/1637 926/1603 
f 923/707 926/710 1817/1638 1818/1639 
f 1819/1640 1820/1641 770/1642 1821/1643 
f 1566/1354 738/1242 1464/1245 1567/1355 
f 1821/1643 1822/1644 1823/1645 1819/1640 
f 1821/1643 770/1642 769/1646 1652/1454 
f 1488/1272 1790/1610 1824/1647 1489/1273 
f 1825/1648 1826/1649 1827/1650 588/387 
f 1807/1627 798/1651 1736/1564 1751/1567 
f 602/401 1828/1652 1772/1589 1804/1624 
f 176/152 1453/138 1829/325 177/153 
f 1740/1553 1788/1608 1830/1653 1802/1654 
f 522/344 525/347 1831/1655 1081/867 
f 1831/1655 1832/1656 1080/866 1081/867 
f 1833/1657 841/1658 1834/1659 988/1660 
f 1835/1661 1836/1662 978/764 977/763 
f 1837/1663 1838/1664 1839/1665 1840/1666 
f 1841/1667 1842/1668 1696/1501 1074/860 
f 1484/1268 1068/854 1696/1501 1842/1668 
f 1815/1635 1843/1669 1844/1670 1445/1231 
f 974/1262 1479/1263 1845/1671 981/1672 
f 1846/1673 1847/1674 1073/859 1066/852 
f 1708/1515 1710/1517 1062/1532 1626/1522 
f 1047/1406 1612/1405 846/624 845/623 
f 1848/1675 1048/832 1047/831 845/1676 
f 844/1677 822/600 1848/1675 845/1676 
f 829/607 706/510 1849/1678 1850/1679 
f 1851/1680 1852/1681 1853/1682 823/601 
f 1854/1683 1277/1684 1276/1685 1855/1686 
f 1752/1568 1856/1687 1857/1688 1753/1569 
f 1419/1205 1422/1208 1858/1689 1859/1690 
f 1860/1691 1861/1692 1862/1693 
f 1302/1088 1301/1087 1378/1163 1377/1162 
f 1863/1694 1864/1695 1865/1696 
f 1164/1697 1163/1698 1866/1699 1867/1700 
f 1868/1701 1869/1702 1870/1703 1406/1704 
f 647/446 650/449 1428/1214 1871/1705 
f 1872/1706 1873/1707 1260/1046 1259/1045 
f 1874/1708 1392/1177 1391/1176 1875/1709 
f 639/438 1426/1212 1425/1211 1585/1375 
f 1876/1710 1585/1375 1425/1211 1877/1711 
f 1548/1334 1878/1712 1879/1713 1549/1335 
f 1270/1056 1273/1059 1865/1714 1880/1715 
f 1881/1716 1882/1717 1244/1030 1243/1029 
f 1883/1718 1291/1077 1290/1076 1884/1719 
f 613/412 1885/1720 1435/1221 614/413 
f 606/405 614/413 1435/1221 793/574 
f 1233/1020 1886/1721 431/300 1234/1021 
f 1439/1225 1887/1722 590/389 1199/984 
f 1888/1723 1889/1724 1554/1725 1553/1726 
f 1129/915 1128/914 1890/1727 1138/925 
f 1891/1728 1892/1729 1651/1453 1650/1452 
f 1764/1579 1893/1730 1578/1368 1894/1731 
f 1130/916 1756/1570 1895/1732 1131/917 
f 1488/1272 1491/1275 1830/1653 1788/1608 
f 829/607 1850/1679 1845/1671 1479/1263 
f 1323/1109 1877/1711 1425/1211 1424/1210 
f 1221/1008 1698/1505 1660/1462 1222/1009 
f 1896/1733 1897/1734 1898/1735 1899/1736 
f 1649/1737 1360/1145 1599/1391 1650/1738 
f 1416/1449 339/684 901/683 1287/1073 
f 1442/1739 1900/1740 1123/909 1122/908 
f 1901/1741 1777/1594 1692/1495 1691/1494 
f 564/363 567/366 1902/1742 1903/1743 
f 1135/922 1227/1014 923/707 1818/1639 
f 1896/1733 1899/1736 1904/1744 1905/1745 
f 1906/102 1907/195 128/113 1908/103 
f 1352/1138 1099/886 1909/1746 
f 1348/1134 794/575 1910/1747 1354/1140 
f 1911/1748 1352/1138 1909/1746 1296/1082 
f 1102/889 1552/1338 1912/1749 
f 1913/1750 1914/1751 1890/1727 1915/1752 
f 1916/1753 1436/1222 1435/1221 1885/1720 
f 1555/1341 1917/1754 1918/1755 
f 1863/1694 1865/1696 1862/1693 1861/1692 
f 1324/1110 1327/1113 1919/1756 1920/1757 
f 1275/1061 1274/1060 1921/1758 
f 1922/1759 1923/1760 1924/1761 1925/1762 
f 1926/1763 1927/1764 1925/1762 1928/1765 
f 1929/1766 1544/1330 1930/1767 
f 1931/1768 1208/995 1932/1769 1315/1101 
f 1933/1770 1932/1769 1208/995 1207/994 
f 1547/1333 1934/1771 1935/1772 
f 1411/1197 1387/1172 1369/1154 1936/1773 
f 1917/1754 1275/1061 1921/1758 1937/1774 
f 1938/1775 1939/1776 1940/1777 
f 1930/1767 1544/1330 1941/1778 1942/1779 
f 1943/1780 1427/1781 1944/1782 1945/1783 
f 1936/1773 1269/1055 1264/1050 1299/1085 
f 1904/1784 1946/1785 1947/1786 1905/1787 
f 1948/1788 1949/1789 1950/1790 1951/1791 
f 1851/1792 1952/1793 1953/1794 1852/1795 
f 1851/1792 844/622 847/625 1952/1793 
f 1954/1796 847/625 846/624 1847/1674 
f 1846/1673 1955/1797 1954/1796 1847/1674 
f 1956/1798 1798/1618 1797/1617 1957/1799 
f 807/585 868/646 862/640 809/587 
f 1958/1800 1959/1801 1484/1268 1842/1668 
f 1841/1667 1960/1802 1958/1800 1842/1668 
f 1961/1803 1962/1804 1963/1805 1964/1806 
f 1835/1661 1965/1807 1966/1808 1836/1662 
f 1835/1661 1832/1656 1762/1576 1965/1807 
f 1831/1655 1759/1573 1762/1576 1832/1656 
f 1184/973 1759/1573 1831/1655 525/347 
f 1967/1809 1968/1810 581/380 580/379 
f 602/401 1804/1624 1969/1811 603/402 
f 1418/1812 899/680 1970/1813 1971/1814 
f 1809/1629 1972/1815 763/553 762/552 
f 1973/1816 582/381 581/380 1974/1817 
f 557/358 560/361 1975/1818 1098/1819 
f 1805/1625 1808/1628 1719/1528 1718/1527 
f 1976/1820 579/378 1823/1645 1822/1644 
f 1977/1821 575/374 1738/1551 1978/1822 
f 1967/1809 1793/1613 1979/1823 1185/974 
f 1980/1824 1981/1825 433/302 432/301 
f 1803/1623 1771/1588 1982/1826 1983/1827 
f 1184/973 1185/974 1979/1823 1984/1828 
f 1984/1828 1760/1574 1759/1573 1184/973 
f 565/364 1345/1131 1295/1081 
f 1783/1602 1152/939 1983/1827 1982/1826 
f 1976/1820 1892/1729 1795/1615 1794/1614 
f 1985/1829 859/637 1986/1830 1987/1831 
f 783/565 786/568 1758/1832 1988/1833 
f 902/685 586/688 585/1834 1989/1835 
f 911/695 1216/1003 1215/1002 912/696 
f 878/658 881/661 1990/1836 1178/967 
f 1891/1728 1991/1837 1795/1615 1892/1729 
f 1992/1838 1993/1839 1817/1637 1816/1636 
f 1139/926 1994/1840 1995/1841 1468/1249 
f 1996/1842 1997/1843 1895/1732 1756/1570 
f 1604/1396 1998/1844 1999/1845 1605/1397 
f 1984/1828 1605/1397 1999/1845 1760/1574 
f 293/224 2000/1846 1992/1847 2001/1848 
f 1965/1807 1762/1576 1761/1575 2002/1849 
f 2003/1850 2004/1851 821/599 820/598 
f 2005/1852 2006/1853 2007/1854 2008/1855 
f 2009/1856 1500/1284 2010/1857 2011/1858 
f 2012/1859 2013/1860 1959/1801 1958/1800 
f 1581/1371 2014/1861 2015/1862 2016/1863 
f 2017/1864 2018/1865 1955/1797 2019/1866 
f 861/639 720/524 723/527 1786/1606 
f 2020/1867 2021/1868 2022/1869 2023/1870 
f 2017/1864 2024/1871 2025/1872 2018/1865 
f 2026/1873 2018/1865 2025/1872 2027/1874 
f 1728/1541 827/605 1563/1351 2028/1875 
f 2026/1873 2027/1874 1953/1794 1952/1793 
f 2029/1876 2030/1877 2031/1878 2032/1879 
f 1895/1880 2033/1881 2034/1882 1131/1883 
f 2035/1884 2036/1885 629/428 2037/1886 
f 2038/1887 2039/1888 2012/1859 2040/1889 
f 2041/1890 2042/1891 643/442 2043/1892 
f 1999/1845 2044/1893 1761/1575 1760/1574 
f 2045/1894 2046/1895 2047/1896 2048/1897 
f 2049/1898 1998/1899 1432/1218 2050/1900 
f 1604/1901 1433/1219 1432/1218 1998/1899 
f 2051/1902 2052/1903 1597/1389 1596/1388 
f 1902/1742 567/366 928/712 1569/1904 
f 1117/903 1116/902 909/693 1810/1630 
f 1604/1901 1114/900 1113/899 1433/1219 
f 1613/1408 887/668 1893/1730 1764/1579 
f 1601/1393 1349/1135 2053/1905 1213/1000 
f 1297/1083 1296/1082 2054/1906 
f 1320/1106 1323/1109 1424/1210 2055/1907 
f 1354/1140 1112/898 2056/1908 1355/1141 
f 1110/896 2057/1909 1228/1015 1227/1014 
f 2049/1910 2058/1911 2059/1912 2044/1893 
f 435/304 924/708 1228/1015 2060/1913 
f 2061/1914 2062/1915 2063/1916 
f 2064/1917 2065/1918 1236/1023 1357/1142 
f 1552/1338 1555/1341 1918/1755 2066/1919 
f 2067/1920 1340/1126 1219/1006 1218/1005 
f 1364/1149 1363/1148 2068/1921 2069/1922 
f 1430/1216 1434/1220 1436/1222 1431/1217 
f 2070/1923 1937/1774 2071/1924 
f 2072/1925 2073/1926 2074/1927 2075/1928 
f 2076/1929 2077/1930 2078/1931 
f 2079/1932 1419/1205 1859/1690 1322/1108 
f 1942/1779 1941/1778 2080/1933 
f 1327/1113 2081/1934 2082/1935 1919/1756 
f 2083/1936 2084/1937 2085/1938 
f 1316/1102 1932/1769 1933/1770 2086/1939 
f 2087/1940 2088/1941 2089/1942 
f 1427/1781 1429/1943 2090/1944 1944/1782 
f 1001/788 2091/1945 627/426 1002/789 
f 2092/1946 1946/1947 1953/1794 2027/1874 
f 1196/981 1194/979 596/395 1108/894 
f 2093/1948 2094/1949 2025/1872 2024/1871 
f 2095/1950 1261/1047 1260/1046 2096/1951 
f 2097/1952 2098/1953 2099/1954 2039/1888 
f 2097/1952 2039/1888 2038/1887 2100/1955 
f 2101/1956 1875/1709 1391/1176 2102/1957 
f 431/300 434/303 2068/1921 1234/1021 
f 2103/1958 2104/1959 2105/1960 2106/1961 
f 1320/1106 2055/1907 2107/1962 2108/1963 
f 1315/1101 1247/1033 1246/1032 2109/1964 
f 2079/1932 1322/1108 1321/1107 2110/1965 
f 1868/1701 2111/1966 2112/1967 1869/1702 
f 2097/1968 2100/1969 1321/1107 2108/1963 
f 2113/1970 2066/1919 2114/1971 
f 2115/1972 2058/1973 2116/1974 2110/1965 
f 1298/1084 1267/1053 2117/1975 2118/1976 
f 2103/1958 2119/1977 2120/1978 2104/1959 
f 2097/1968 2108/1963 2107/1962 2098/1979 
f 1917/1754 2121/1980 1276/1062 1275/1061 
f 1544/1330 1929/1766 2122/1981 1545/1331 
f 2123/1982 2124/1983 2074/1927 2073/1926 
f 1377/1162 1551/1337 2125/1984 1383/1168 
f 2092/1985 2094/1986 1308/1094 2126/1987 
f 1274/1060 1929/1766 1930/1767 2077/1930 
f 1890/1727 1914/1751 1138/925 
f 2090/1944 1575/1365 1574/1364 2127/1988 
f 1574/1364 1753/1569 1857/1688 2127/1988 
f 1272/1058 2128/1989 1273/1059 
f 2090/1944 2127/1988 1380/1165 1944/1782 
f 1218/1005 1333/1119 2129/1990 2067/1920 
f 2130/1991 1884/1719 1290/1076 2131/1992 
f 1752/1568 1390/1175 1389/1174 1856/1687 
f 1254/1040 1257/1043 1248/1034 1247/1033 
f 2132/1993 2133/1994 2134/1995 2135/1996 
f 1202/989 1205/992 2105/1960 2104/1959 
f 651/1997 1575/1365 2090/1944 1429/1943 
f 1282/1068 2136/1998 2137/1999 2046/2000 
f 2138/2001 634/2002 2137/1999 2136/1998 
f 2103/1958 2106/1961 2139/2003 2140/2004 
f 1324/1110 1920/1757 2141/2005 2142/2006 
f 2132/2007 2135/2008 2143/2009 2144/2010 
f 1367/2011 2145/2012 2143/2009 2135/2008 
f 2119/1977 1337/1123 1336/1122 2120/1978 
f 1372/1157 1308/1094 1307/1093 1373/1158 
f 1923/1760 1922/1759 2146/2013 
f 2147/2014 2148/2015 2149/2016 2150/2017 
f 2082/1935 1290/1076 1289/1075 1919/1756 
f 2151/2018 2152/2019 2153/2020 
f 2154/2021 1385/1170 1314/1100 2155/2022 
f 2156/2023 1413/1199 1412/1198 1298/1084 
f 1866/1699 2157/2024 1867/1700 
f 1874/1708 1203/990 1284/1070 2158/2025 
f 1410/1196 2123/1982 2073/1926 2159/2026 
f 1303/1089 1288/1074 1291/1077 
f 1389/1174 1392/1177 2159/2026 2072/1925 
f 1943/2027 1947/1786 1375/1160 1427/1213 
f 1290/1076 2082/1935 2131/1992 
f 2067/1920 2109/1964 1246/1032 1340/1126 
f 1319/1105 1318/1104 1365/1150 1364/1149 
f 1326/1112 2081/1934 1327/1113 
f 2145/2012 2160/2028 2161/2029 2162/2030 
f 1919/1756 1289/1075 2163/2031 
f 1312/1098 1371/1156 1376/1161 1378/1163 
f 1305/1091 1304/1090 2164/2032 
f 2118/1976 2165/2033 2156/2023 1298/1084 
f 2166/2034 2167/2035 2148/2015 
f 1927/1764 2168/2036 1922/1759 1925/1762 
f 2149/2016 2168/2036 1927/1764 
f 1294/1080 1314/1100 1385/1170 1384/1169 
f 1925/1762 1924/1761 2169/2037 
f 2076/1929 2170/2038 2171/2039 2071/1924 
f 2172/2040 1388/2041 1393/2042 2173/2043 
f 1393/2044 1396/2045 2174/2046 2173/2047 
f 2008/1855 726/530 725/529 1570/1360 
f 1729/1542 2175/2048 1957/1799 1730/1543 
f 1400/2049 1497/2050 2176/2051 2177/2052 
f 2178/2053 2179/2054 2180/2055 1703/2056 
f 2176/2051 1701/1508 1700/1507 2181/2057 
f 1841/1667 1836/1662 1966/1808 1960/1802 
f 2026/1873 1952/1793 847/625 1954/1796 
f 2174/2046 2182/2058 2183/2059 2184/2060 
f 2185/2061 2173/2047 2174/2046 2184/2060 
f 2172/2040 2173/2043 2185/2062 2186/2063 
f 2076/1929 2078/1931 1258/1044 2170/2038 
f 2152/2019 2167/2035 1866/1699 2153/2020 
f 1423/1209 1426/1212 2187/2064 2188/2065 
f 2086/1939 2118/1976 2117/1975 1255/1041 
f 1367/1152 2135/1996 2134/1995 1368/1153 
f 1861/1692 1860/1691 1870/1703 1869/1702 
f 1329/1115 436/305 2064/1917 1357/1142 
f 2128/1989 1862/2066 1865/1714 1273/1059 
f 1881/1716 2164/2032 2166/2034 2189/2067 
f 2070/1923 2071/1924 2171/2039 2091/1945 
f 1379/1164 1382/1167 2190/2068 1897/1734 
f 1372/1157 1375/1160 1947/1786 2126/1987 
f 2191/2069 1880/2070 1865/1696 1864/1695 
f 1898/2071 722/526 1853/1682 1899/2072 
f 2192/2073 1743/1556 821/599 2004/1851 
f 2193/2074 1509/1293 703/507 2194/2075 
f 953/737 2195/2076 825/603 954/738 
f 1848/1675 942/726 941/725 1048/832 
f 2196/2077 2197/2078 1504/1288 1517/1301 
f 2198/2079 2199/2080 2200/2081 2201/2082 
f 2202/2083 867/645 668/468 667/467 
f 1711/1518 1673/1521 1672/2084 1670/2085 
f 905/689 2203/2086 2204/2087 673/473 
f 957/741 2205/2088 850/628 958/742 
f 1511/1295 1510/1294 2206/2089 2207/2090 
f 2208/2091 2209/2092 2210/2093 2211/2094 
f 2212/2095 2213/2096 1502/2097 2214/2098 
f 983/770 852/630 945/729 944/728 
f 2215/2099 2179/2054 691/495 690/494 
f 1965/1807 2002/1849 2216/2100 1966/1808 
f 2217/2101 646/445 2218/2102 2219/2103 
f 2190/2068 2220/2104 1898/1735 1897/1734 
f 1848/1675 822/600 824/602 942/726 
f 811/589 2221/2105 2222/2106 2199/2080 
f 1498/1282 1399/1184 1507/1291 1487/1271 
f 2223/2107 2224/2108 2225/2109 2226/2110 
f 2021/1868 958/742 850/628 849/627 
f 2178/2053 2227/2111 691/495 2179/2054 
f 2176/2051 2181/2057 2228/2112 2177/2052 
f 2229/2113 1525/1309 1524/1308 2230/2114 
f 2231/2115 2232/2116 1674/1477 2233/2117 
f 721/525 710/514 865/643 824/602 
f 633/432 632/431 833/611 2023/1870 
f 1607/1400 1608/1401 2234/2118 2235/2119 
f 2190/2068 2124/1983 653/2120 2220/2104 
f 2057/1909 1110/896 1109/895 1120/906 
f 2123/1982 1409/1195 2045/2121 654/2122 
f 1282/1068 2046/2000 2045/2121 1409/1195 
f 2236/2123 2237/2124 2238/2125 2235/2126 
f 1393/2127 1388/1173 1387/1172 1394/1193 
f 2138/2001 1335/1121 631/2128 634/2002 
f 2239/2129 1338/1124 900/682 884/665 
f 2185/2061 2184/2060 2240/2130 2241/2131 
f 2240/2130 2184/2060 2183/2059 834/612 
f 2035/1884 2242/2132 2227/2111 2243/2133 
f 2020/1867 2023/1870 833/611 832/610 
f 1824/1647 692/496 2244/2134 2195/2076 
f 849/627 2245/2135 2022/1869 2021/1868 
f 849/627 848/626 2246/2136 2245/2135 
f 2246/2136 848/626 1518/1302 2247/2137 
f 663/463 2248/2138 2249/2139 2032/1879 
f 865/643 710/514 709/513 866/644 
f 692/496 695/499 2250/2140 2244/2134 
f 653/452 656/455 708/512 2220/2141 
f 2137/2142 2251/2143 2047/1896 2046/1895 
f 2045/1894 2048/1897 655/454 654/453 
f 631/430 2241/2131 2240/2130 632/431 
f 2240/2130 834/612 833/611 632/431 
f 655/454 2247/2137 709/513 656/455 
f 1539/1324 1588/1380 1535/1319 1508/1292 
f 2047/1896 2245/2135 2246/2136 2048/1897 
f 1407/1322 1401/1186 1395/1180 1394/1179 
f 1206/2144 2252/2145 1587/1379 1543/1378 
f 2137/2142 634/433 633/432 2251/2143 
f 2253/2146 2254/2147 2255/2148 2256/2149 
f 2047/1896 2251/2143 2022/1869 2245/2135 
f 1948/1788 2257/2150 2191/2151 1949/1789 
f 715/519 1849/1678 1586/1376 716/520 
f 651/1997 652/459 659/458 1575/1365 
f 637/2152 636/2153 619/418 618/417 
f 1571/1361 1537/1321 1523/1307 1522/1306 
f 2258/2154 2259/2155 2260/2156 2261/2157 
f 658/457 661/461 1524/1308 1523/1307 
f 1477/1260 1506/1290 1536/1320 1474/1257 
f 1244/1030 2262/2158 2263/2159 1245/1031 
f 2264/2160 2265/2161 2266/2162 2267/2163 
f 2268/2164 2269/2165 1546/2166 2270/2167 
f 702/506 705/509 1594/2168 1593/2169 
f 2253/2146 2271/2170 1883/2171 2254/2147 
f 2272/2172 2273/2173 2274/2174 2275/2175 
f 2236/2176 2235/2119 2234/2118 1565/1353 
f 2258/2154 2106/1961 2105/1960 2276/2177 
f 2139/2003 2106/1961 2258/2154 2261/2157 
f 1540/1377 1588/1380 1539/1324 1538/1323 
f 2132/2007 2144/2010 2277/2178 2278/2179 
f 2279/2180 1448/1234 1182/971 1813/1633 
f 1713/2181 2280/2182 2281/2183 2233/2117 
f 2260/2156 2281/2183 2277/2178 2261/2157 
f 2282/2184 1448/1234 2279/2180 630/429 
f 1528/1312 1530/1314 1587/1379 2252/2145 
f 2101/1956 2283/2185 2284/2186 2285/2187 
f 2286/2188 2285/2187 2284/2186 2287/2189 
f 615/414 730/534 808/586 616/415 
f 2288/2190 2283/2185 2101/1956 2102/1957 
f 815/593 714/518 625/424 624/423 
f 1587/1379 1530/1314 1535/1319 1588/1380 
f 2038/1887 2040/1889 2216/2100 2289/2191 
f 831/609 834/612 2183/2059 2228/2112 
f 1529/1313 1536/1320 1535/1319 1530/1314 
f 2290/2192 1572/1362 1750/1563 2291/2193 
f 2290/2192 2291/2193 2292/2194 2288/2190 
f 2293/2195 2294/2196 2249/2139 2248/2138 
f 2247/2137 1518/1302 866/644 709/513 
f 2295/2197 2296/2198 2287/2189 2284/2186 
f 813/591 812/590 2297/2199 2298/2200 
f 2259/2155 2299/2201 2300/2202 2301/2203 
f 2302/2204 2255/2148 1584/1374 2303/2205 
f 2231/2115 2233/2117 2281/2183 2260/2156 
f 2304/2206 2305/2207 1676/1479 2214/2098 
f 2306/2208 2307/2209 2308/2210 2309/2211 
f 2310/2212 2311/2213 1995/1841 1994/1840 
f 1695/1499 2312/2214 2313/2215 2314/2216 
f 998/785 2315/2217 938/722 937/721 
f 1653/1455 1659/1461 2316/2218 2317/2219 
f 2204/2087 1147/934 670/470 673/473 
f 1067/853 1697/1502 1696/1501 1068/854 
f 1021/805 1020/804 2318/2220 1699/1506 
f 1664/1466 2319/2221 2320/2222 1661/1463 
f 2321/2223 2322/2224 2323/2225 2324/2226 
f 2325/2227 1060/844 1059/843 1675/2228 
f 2325/2229 1675/1478 1674/1477 2232/2116 
f 1809/1629 1449/1235 2225/2109 2224/2108 
f 2231/2115 2301/2203 951/735 2232/2116 
f 2300/2202 952/736 951/735 2301/2203 
f 2326/2230 952/736 2300/2202 2296/2198 
f 2295/2197 2327/2231 2326/2230 2296/2198 
f 2210/2093 2327/2231 2295/2197 2328/2232 
f 2329/2233 2330/2234 838/616 837/615 
f 1961/1803 1964/1806 2331/2235 765/555 
f 2308/2210 2291/2193 1750/1563 2309/2211 
f 2229/2113 2309/2211 1750/1563 1525/1309 
f 824/602 865/643 864/642 942/726 
f 2332/2236 2230/2114 1723/1535 1722/1534 
f 1496/1280 1499/1283 1625/1421 1022/2237 
f 998/785 997/784 1082/868 1079/865 
f 2333/2238 677/477 2334/2239 2335/2240 
f 1045/829 2336/2241 2335/2240 2334/2239 
f 1045/829 1048/832 941/725 2336/2241 
f 2337/2242 2336/2241 941/725 940/724 
f 2337/2242 940/724 2202/2083 2338/2243 
f 666/466 2205/2088 2316/2218 2339/2244 
f 2340/2245 2197/2078 2341/2246 2342/2247 
f 2343/2248 2213/2249 2212/2250 2314/2216 
f 957/741 2317/2219 2316/2218 2205/2088 
f 957/741 960/744 2344/2251 2317/2219 
f 1986/2252 2345/2253 2346/2254 2347/2255 
f 2348/2256 2349/2257 2350/2258 2351/2259 
f 965/749 967/751 1617/1413 1618/1414 
f 1653/1455 2317/2219 2344/2251 1654/1456 
f 1061/845 2352/2260 2353/2261 2318/2220 
f 2354/2262 2352/2260 1061/845 1060/844 
f 2325/2227 950/2263 2354/2262 1060/844 
f 2355/2264 2356/2265 1195/2266 2357/2267 
f 899/680 898/679 1719/1528 1970/1813 
f 949/733 952/736 2326/2230 2358/2268 
f 2359/2269 1483/1267 1482/1266 2360/2270 
f 890/2271 839/617 838/616 891/2272 
f 1510/1294 1481/1265 1480/1264 2206/2089 
f 2208/2091 2211/2094 2308/2210 2307/2209 
f 2361/2273 2327/2231 2210/2093 2209/2092 
f 2306/2208 2309/2211 2229/2113 2362/2274 
f 2332/2236 2362/2274 2229/2113 2230/2114 
f 2363/2275 2362/2276 2332/2277 2364/2278 
f 2363/2275 1014/798 2306/2279 2362/2276 
f 2337/2242 2365/2280 2335/2240 2336/2241 
f 2366/2281 2367/2282 2368/2283 893/674 
f 676/1447 1647/1446 1058/842 1665/1467 
f 2335/2240 2365/2280 2369/2284 2333/2238 
f 2363/2275 2364/2278 2333/2238 2369/2284 
f 936/720 992/779 1671/1474 939/723 
f 1156/945 1064/850 1063/849 1032/816 
f 2354/2262 2370/2285 2371/2286 2352/2260 
f 1689/1492 1688/1491 2323/2225 2322/2224 
f 1042/826 2315/2217 976/762 979/765 
f 1639/1438 2372/2287 2373/2288 1636/1435 
f 2374/2289 2342/2247 1648/1448 1241/1027 
f 2350/2258 2353/2261 2375/2290 2351/2259 
f 1638/1437 2376/2291 1628/1425 1683/1486 
f 2377/2292 1687/1490 1686/1489 2378/2293 
f 2379/2294 2324/2226 2323/2225 2380/2295 
f 2361/2296 2381/2297 2382/2298 2358/2299 
f 2361/2296 2209/2300 2383/2301 2381/2297 
f 2348/2256 2351/2259 2344/2251 960/744 
f 682/482 684/485 961/758 973/757 
f 2306/2279 1014/798 1013/797 2307/2302 
f 2343/2248 2314/2216 2313/2215 2384/2303 
f 1008/795 1012/796 2385/2304 1005/792 
f 1647/1446 1030/814 1033/817 1058/842 
f 1007/794 2386/2305 1013/797 1008/795 
f 2344/2251 2351/2259 2375/2290 1654/1456 
f 1689/1492 2322/2224 2367/2282 2387/2306 
f 68/58 2388/295 439/308 350/249 
f 2389/2307 2319/2221 2310/2212 1994/1840 
f 2382/2298 2381/2297 1656/1458 1655/1457 
f 2316/2218 1659/1461 1006/793 2339/2244 
f 2371/2286 1655/1457 1654/1456 2375/2290 
f 2375/2290 2353/2261 2352/2260 2371/2286 
f 1648/1448 2342/2247 2341/2246 2390/2308 
f 2280/2309 2391/2310 2392/2311 2278/2312 
f 1960/1802 1966/1808 2216/2100 2040/1889 
f 2115/2313 2100/1955 2038/1887 2289/2191 
f 2392/2311 2393/2314 1268/1054 2133/1994 
f 2394/2315 1265/1051 1268/1054 2393/2314 
f 808/586 810/588 623/422 616/415 
f 2395/2316 2393/2314 2392/2311 2391/2310 
f 2394/2315 2028/1875 1266/1052 1265/1051 
f 1266/1052 2028/1875 1563/1351 2396/2317 
f 2264/2160 2397/2318 2398/2319 2265/2161 
f 1256/1042 1562/1350 2250/2140 1257/1043 
f 1256/1042 2396/2317 1563/1351 1562/1350 
f 2399/2320 2270/2167 1546/2166 1545/2321 
f 1111/1409 1614/1410 1795/1615 1991/1837 
f 2234/2118 1608/1401 2400/2322 2401/2323 
f 1527/1311 2401/2323 1513/1297 851/629 
f 2402/2324 2403/2325 2404/2326 2405/2327 
f 832/610 2406/2328 959/743 2020/1867 
f 825/603 2195/2076 2244/2134 826/604 
f 2234/2118 2401/2323 1527/1311 1565/1353 
f 2009/1856 2011/1858 2407/2329 2408/2330 
f 688/492 691/495 2227/2111 2242/2132 
f 706/510 640/439 1586/1376 1849/1678 
f 1443/1229 2409/2331 2400/2322 1608/1401 
f 2177/2052 2228/2112 2183/2059 2182/2058 
f 2299/2201 2259/2155 2258/2154 2276/2177 
f 1728/1541 2028/1875 2394/2315 2410/2332 
f 2411/2333 2412/2334 2410/2332 2395/2316 
f 2411/2333 2395/2316 2391/2310 1712/1519 
f 1723/1535 2230/2114 1524/1308 661/461 
f 1475/1258 1474/1257 1536/1320 1529/1313 
f 1709/1516 1728/1541 2410/2332 2412/2334 
f 1721/1530 1710/1517 1709/1516 2412/2334 
f 1496/2335 1701/1508 2176/2051 1497/2050 
f 1502/1286 2213/2336 2413/2337 1503/1287 
f 82/72 1078/864 1077/863 2414/2338 
f 2415/2339 2416/2340 1602/1394 914/698 
f 511/337 510/336 2417/2341 2418/2342 
f 225/116 2419/2343 284/221 222/114 
f 2420/2344 1828/1652 1106/892 2421/2345 
f 110/100 2422/310 2423/309 2424/311 
f 594/393 1769/1586 1353/2346 595/394 
f 1780/1597 1458/2347 1457/2348 1167/956 
f 571/370 2425/2349 2426/2350 572/371 
f 356/252 541/350 2427/2351 2428/2352 
f 74/64 77/67 2429/2353 2430/2354 
f 1361/2355 873/653 872/652 2431/2356 
f 2432/295 2433/58 2434/57 2435/294 
f 1824/1647 1790/1610 693/497 692/496 
f 680/480 679/479 1486/1270 1478/1261 
f 1490/1503 1698/1505 1221/1008 1491/2357 
f 1763/1577 576/375 575/374 1977/1821 
f 2426/2350 2436/2358 569/368 572/371 
f 2437/2359 2438/2360 2439/2361 1997/2362 
f 310/231 2440/2363 2431/2356 872/652 
f 223/91 2441/92 2442/93 2443/94 
f 583/382 586/385 904/2364 2444/2365 
f 1805/1625 1718/1527 1977/1821 1978/1822 
f 878/658 1180/969 2445/2366 879/659 
f 2446/125 2447/128 2448/97 2449/96 
f 2450/2367 735/539 1615/1411 1616/1412 
f 2451/2368 2452/2369 2453/2370 2454/2371 
f 2196/2077 2455/2372 2456/2373 2457/2374 
f 2447/128 279/216 2458/348 2448/97 
f 2459/2375 2460/2376 2355/2264 2357/2267 
f 1718/1527 1720/1529 1763/1577 1977/1821 
f 2461/278 2462/367 2463/276 2464/275 
f 2465/187 2466/277 2467/56 2468/59 
f 1713/2181 2233/2117 1674/1477 1673/1476 
f 487/211 486/44 777/43 776/146 
f 454/229 2469/169 276/168 34/32 
f 1913/1750 1915/1752 763/2377 1972/2378 
f 2470/2379 2471/2380 2472/2381 2473/2382 
f 917/701 1591/1383 919/703 918/702 
f 740/544 2474/2383 2475/2384 741/545 
f 1093/879 474/321 477/324 875/2385 
f 2476/334 2477/245 318/77 317/236 
f 610/409 2460/2376 292/223 295/226 
f 1089/875 2478/2386 1782/1601 1090/876 
f 2479/2387 1100/2388 1353/2346 1769/1586 
f 612/411 1458/1237 2480/2389 1623/1419 
f 2450/2367 1616/1412 1602/1394 2416/2340 
f 2481/2390 2426/2350 2425/2349 1463/1244 
f 2482/2391 587/386 590/389 1887/1722 
f 1415/1201 1418/1204 1971/2392 2483/2393 
f 2420/2344 2421/2345 1438/2394 1559/2395 
f 1776/2396 1098/1819 1975/1818 2484/2397 
f 1973/1816 1811/1631 1609/1402 1726/1539 
f 2280/2182 2278/2179 2277/2178 2281/2183 
f 39/37 2485/40 2486/25 40/38 
f 2460/2376 2459/2375 1561/1348 1560/1347 
f 2487/2398 2181/2057 1700/1507 2349/2257 
f 719/523 718/522 2488/2399 2489/2400 
f 1967/1809 580/379 1794/1614 1793/1613 
f 2490/264 2491/362 255/203 489/237 
f 2033/1881 2439/2361 2492/2401 2034/1882 
f 610/409 295/226 190/165 189/164 
f 2475/2402 2436/2358 2426/2350 2481/2390 
f 921/705 428/298 1077/863 1076/862 
f 2493/2403 2494/2404 454/229 453/315 
f 1119/905 745/546 1170/959 1173/962 
f 885/666 1461/1240 785/567 784/566 
f 2495/2405 2496/2406 2497/2407 2498/2408 
f 166/143 2422/310 110/100 109/99 
f 2459/2375 1194/2409 1196/1349 1561/1348 
f 2499/249 2500/188 2501/59 2502/58 
f 1576/1366 879/659 2445/2366 2430/2354 
f 1902/2410 2503/2411 2504/2412 1903/2413 
f 2505/160 256/204 259/207 194/161 
f 297/227 2506/261 304/62 298/200 
f 1151/938 438/941 437/2414 2507/2415 
f 2508/2416 523/345 1134/921 1211/998 
f 2509/2417 764/2418 763/2377 1915/1752 
f 1902/2410 1569/1357 1568/1356 2503/2411 
f 1980/1824 432/301 2510/2419 2511/2420 
f 1973/1816 1974/1817 1603/1395 1811/1631 
f 1784/2421 1175/2422 904/687 903/686 
f 2464/275 125/110 2512/196 2461/278 
f 1109/895 1108/894 596/395 599/398 
f 1691/1494 1737/1550 797/578 1901/1741 
f 1439/2423 1894/1731 2513/2424 1887/2425 
f 1003/790 982/769 947/768 948/1473 
f 1341/1127 1249/1035 694/498 2514/2426 
f 2192/2073 2507/2415 437/2414 2515/2427 
f 928/712 927/711 2516/2428 2517/2429 
f 999/786 1002/789 2279/2180 1813/1633 
f 1467/1248 1140/927 1139/926 1468/1249 
f 1342/1128 577/376 576/375 1358/1143 
f 2518/2430 2519/2431 2520/2432 2521/2433 
f 1704/1511 2311/2213 2310/2212 1681/1484 
f 1704/1511 1681/1484 1680/1483 1705/1512 
f 1744/1557 1705/1512 1680/1483 2522/2434 
f 932/716 2523/2435 890/671 889/670 
f 1732/1545 1745/1558 2524/2436 1733/1546 
f 2525/2437 2526/2438 2527/2439 935/719 
f 1744/1557 2522/2434 2524/2436 1745/1558 
f 1619/1415 1622/1418 1684/1487 2528/2440 
f 672/472 671/471 1025/809 2452/2369 
f 894/675 893/674 2368/2283 1685/1488 
f 1662/1464 2529/2441 2530/2442 1663/1465 
f 2531/2443 1034/818 1037/821 1144/931 
f 1051/835 1050/834 1634/1433 1053/837 
f 1682/1485 1622/1418 1621/1417 2532/2444 
f 995/782 2532/2444 1621/1417 1733/1546 
f 995/782 1733/1546 2524/2436 996/783 
f 2530/2442 996/783 2524/2436 2522/2434 
f 2530/2442 2522/2434 1680/1483 1663/1465 
f 1351/1137 1350/1136 984/771 986/773 
f 972/756 975/761 1158/947 1031/815 
f 2363/2275 2369/2284 1012/796 1014/798 
f 2389/2307 1994/1840 1139/926 1138/925 
f 2518/2430 2521/2433 994/781 993/780 
f 870/648 931/715 937/721 871/649 
f 2337/2242 2338/2243 2385/2304 2365/2280 
f 1250/1036 881/661 880/660 1251/1037 
f 2533/2445 1251/1037 880/660 1579/1369 
f 1121/907 1124/910 2239/2129 2534/2446 
f 1602/1394 1616/1412 1346/1132 1600/1392 
f 1810/1630 909/693 908/692 1210/997 
f 566/365 565/364 1297/1083 2052/1903 
f 1252/1038 1251/1037 2533/2445 886/667 
f 1329/1115 1328/1114 2535/2447 2515/2448 
f 1434/1220 1910/1747 794/575 793/574 
f 468/319 2495/2449 882/2450 469/320 
f 1236/1023 2065/1918 2536/2451 1233/1020 
f 1646/1445 1350/1136 1222/1009 1660/1462 
f 2319/2221 2389/2307 2537/2452 2320/2222 
f 994/781 2372/2287 2532/2444 995/782 
f 2538/2453 2539/2454 1015/799 1018/802 
f 991/778 938/722 2315/2217 1042/826 
f 2368/2283 2367/2282 2322/2224 2321/2223 
f 1685/1488 2368/2283 2321/2223 2540/2455 
f 1026/810 2541/2456 2542/2457 2378/2293 
f 2543/2458 2544/2459 2545/2460 1642/1441 
f 2376/2291 1638/1437 1637/1436 2546/2461 
f 1250/1036 1127/913 1990/1836 881/661 
f 1045/829 2334/2239 1665/2462 1046/830 
f 2373/2288 2372/2287 994/781 2521/2433 
f 1637/1436 2547/2463 2413/2464 2546/2461 
f 2208/2465 2386/2305 2383/2301 2209/2300 
f 2373/2288 2548/2466 2549/2467 1636/1435 
f 949/2468 2370/2285 2354/2262 950/2263 
f 1492/1276 2548/2469 2520/2470 2550/2471 
f 947/731 981/1672 1845/1671 857/635 
f 1003/790 1004/791 1145/932 982/769 
f 2518/2430 993/780 2529/2441 2551/2472 
f 1666/1468 2551/2472 2529/2441 1662/1464 
f 1150/937 1697/1502 1067/853 1157/946 
f 2346/2254 2538/2453 2387/2306 2347/2255 
f 1069/855 2320/2222 2537/2452 1070/856 
f 682/482 973/757 1030/814 1647/1446 
f 1330/1116 1329/1115 1357/1142 1235/1022 
f 1800/1620 1224/1011 1223/1010 2552/2473 
f 1800/1620 2552/2473 917/701 916/700 
f 921/705 1076/862 1778/1595 922/706 
f 2051/1902 1843/1669 2516/2428 927/711 
f 1595/1387 2553/2474 1844/1670 1596/1388 
f 2554/2475 2421/2345 1106/892 1105/891 
f 1225/2476 2555/2477 1782/1601 2478/2386 
f 2556/2478 2557/2479 2558/2480 2559/2481 
f 1170/959 755/548 754/547 1171/960 
f 1815/1635 1814/1634 1775/1592 1774/1591 
f 864/642 867/645 2202/2083 940/724 
f 928/712 2517/2429 1566/2482 1569/1904 
f 1911/1748 1989/1835 585/1834 595/2483 
f 739/543 2517/2429 2516/2428 1774/1591 
f 1984/1828 1979/1823 1606/1398 1605/1397 
f 1741/1554 2560/2484 1978/1822 1738/1551 
f 2508/2416 1974/1817 581/380 1968/1810 
f 2513/2424 2561/2485 2482/2486 1887/2425 
f 569/2487 2436/2488 1460/1239 1459/1238 
f 1969/1811 1804/1624 1803/1623 732/536 
f 579/378 582/381 1725/1538 1823/1645 
f 1803/1623 1983/1827 733/537 732/536 
f 2562/2489 1624/1420 1623/1419 2480/2389 
f 1439/2423 1440/1580 1764/1579 1894/1731 
f 2286/2188 1205/992 1204/991 2285/2187 
f 734/538 733/537 1151/938 2507/2415 
f 2563/2490 1751/1567 387/1566 386/2491 
f 2509/2417 1988/1833 1758/1832 764/2418 
f 2564/2492 757/550 736/540 2565/2493 
f 250/199 1779/2494 876/2495 2566/2496 
f 729/533 609/408 608/407 737/541 
f 321/140 320/202 2567/2497 2568/139 
f 1740/1553 1739/1552 1789/1609 1788/1608 
f 575/374 578/377 1739/1552 1738/1551 
f 1446/1232 2553/2474 1812/1632 1181/970 
f 1075/861 1078/864 2472/2381 2471/2380 
f 1168/957 1167/956 1457/2348 188/2498 
f 1793/1613 1614/1410 1606/1398 1979/1823 
f 1460/2499 2436/2500 2475/2384 2474/2383 
f 761/551 1088/874 1183/972 762/552 
f 2329/2233 2569/2501 1095/881 2330/2234 
f 1514/1298 2400/2322 2409/2331 1727/1540 
f 2510/2419 1886/1721 1172/961 1171/960 
f 2570/2502 1201/988 785/987 1461/2503 
f 2571/2504 2572/2505 1768/1585 1767/1584 
f 1415/1201 336/241 339/244 1416/1202 
f 577/376 2514/2426 2573/2506 578/377 
f 874/654 2574/2507 1093/2508 875/655 
f 2279/2180 1002/789 627/426 630/429 
f 613/412 616/415 623/422 622/421 
f 629/428 628/427 2575/2509 2037/1886 
f 2095/1950 2037/1886 2575/2509 1261/1047 
f 617/416 620/419 719/523 2489/2400 
f 2250/2140 695/499 1248/1034 1257/1043 
f 2576/2510 1873/1707 645/444 644/443 
f 2577/2511 2578/2512 2579/2513 1580/1370 
f 643/442 646/445 2217/2101 2043/1892 
f 1742/1555 1743/1556 2535/2514 2580/2515 
f 1868/1701 2408/2330 2407/2329 2111/1966 
f 1809/1629 2224/2108 1071/2516 1972/1815 
f 765/555 768/558 2581/2517 1961/1803 
f 1721/1530 2412/2334 2411/2333 2582/2518 
f 2223/2107 2583/2519 1702/2520 1072/2521 
f 2584/2522 2547/2523 2549/2524 1495/1279 
f 766/556 765/555 2331/2235 2585/2525 
f 1515/1299 966/750 1475/1258 1529/1313 
f 2041/1890 2011/1858 2010/1857 1494/1278 
f 2041/1890 2043/1892 2407/2329 2011/1858 
f 2029/1876 2032/1879 2249/2139 2262/2158 
f 2041/1890 1494/1278 1493/1277 2042/1891 
f 1492/1276 2550/2471 2586/2526 1493/1277 
f 2215/2099 690/494 2586/2526 2550/2471 
f 2215/2099 2550/2471 2520/2470 2519/2527 
f 2350/2258 2349/2257 1700/1507 1699/1506 
f 2518/2430 2551/2472 2180/2528 2519/2431 
f 1666/1468 1703/1510 2180/2528 2551/2472 
f 1062/846 1055/839 1627/1424 1626/1423 
f 1069/855 1072/858 1702/1509 1667/1469 
f 2513/2424 1894/1731 1578/1368 1577/1367 
f 1913/1750 1972/2378 1071/857 1070/856 
f 2395/2316 2410/2332 2394/2315 2393/2314 
f 2570/2502 1461/2503 1460/2499 2474/2383 
f 2282/2184 2225/2109 1449/1235 1448/1234 
f 2563/2490 1970/1813 1719/1528 1808/1628 
f 2282/2184 630/429 629/428 2036/1885 
f 660/490 657/2529 701/505 687/491 
f 2021/1868 2020/1867 959/743 958/742 
f 2223/2107 1072/2521 1071/2516 2224/2108 
f 2340/2245 1505/1289 1504/1288 2197/2078 
f 2308/2210 2211/2094 2292/2194 2291/2193 
f 2587/2530 1715/1524 2588/2531 2589/2532 
f 711/515 573/372 433/302 1981/1825 
f 1742/1555 2590/2533 1731/1544 818/596 
f 2591/2534 2592/2535 2193/2074 2194/2075 
f 2178/2053 2583/2519 2243/2133 2227/2111 
f 2178/2053 1703/2056 1702/2520 2583/2519 
f 1498/1282 1487/1271 1486/1270 1499/1283 
f 2196/2077 1517/1301 2593/2536 2455/2372 
f 2297/2537 2360/2270 1482/1266 2592/2535 
f 2295/2197 2284/2186 2283/2185 2328/2232 
f 818/596 1731/1544 1516/1300 819/597 
f 688/492 2242/2132 2095/1950 2096/1951 
f 688/492 2096/1951 2576/2510 689/493 
f 2228/2112 2181/2057 2487/2398 831/609 
f 2594/2538 2586/2526 690/494 689/493 
f 861/639 860/638 717/521 720/524 
f 2594/2538 644/443 643/442 2042/1891 
f 2594/2538 689/493 2576/2510 644/443 
f 1434/1220 1430/1216 1414/1200 1910/1747 
f 2154/2021 2155/2022 2577/2511 638/437 
f 1168/957 2554/2475 1105/891 1169/958 
f 600/399 2595/2539 1240/1026 1263/1049 
f 2202/2083 667/467 2596/2540 2338/2243 
f 883/2541 882/2542 2495/2405 2498/2408 
f 2597/238 2598/239 545/240 153/133 
f 754/547 2511/2420 2510/2419 1171/960 
f 592/391 1136/2543 2599/2544 593/392 
f 2508/2416 1211/998 1603/1395 1974/1817 
f 2600/2545 597/396 1195/980 2356/2546 
f 2429/2353 1577/1367 1576/1366 2430/2354 
f 1615/1411 607/406 794/575 1347/1133 
f 1780/2547 249/198 2480/2548 1458/2549 
f 2601/2550 2602/2551 791/572 790/571 
f 2603/263 2490/264 489/237 2604/265 
f 1065/851 1485/1269 1846/1673 1066/852 
f 1995/1841 2311/2213 2605/2552 2606/2553 
f 1704/1511 1707/1514 2605/2552 2311/2213 
f 890/2271 2523/2554 1963/1805 839/617 
f 2325/2229 2232/2116 951/735 950/734 
f 1732/1545 2607/2555 1746/1559 1745/1558 
f 1676/1479 1679/1482 2212/2095 2214/2098 
f 965/749 1476/1259 1475/1258 966/750 
f 970/2556 2585/2525 2331/2235 2526/2557 
f 1619/1415 2528/2440 1716/1525 2608/2558 
f 1089/2559 1092/2560 2609/2561 2610/2562 
f 1708/1515 954/738 825/603 828/606 
f 1714/1523 2611/2563 2588/2531 1715/1524 
f 2611/2563 2257/2150 1948/1788 2588/2531 
f 2236/2176 1565/1353 1564/1352 1209/2564 
f 1939/1776 1949/2565 2191/2069 1864/1695 
f 1863/1694 2087/1940 1939/1776 1864/1695 
f 1374/1159 1427/1213 1375/1160 
f 1366/2566 2172/2040 2160/2028 1367/2011 
f 1943/2027 1905/1787 1947/1786 
f 2612/2567 1278/2568 1923/1760 2613/2569 
f 2112/1967 2111/1966 2217/2101 2219/2103 
f 2112/1967 2219/2103 2089/1942 2088/1941 
f 2080/1933 1941/1778 1935/1772 2083/1936 
f 2089/1942 2219/2103 2218/2102 2085/1938 
f 2123/1982 654/2122 653/2120 2124/1983 
f 1876/1710 626/425 625/424 716/520 
f 1528/1312 2252/2145 1564/1352 1526/1310 
f 2268/2164 2614/2570 2589/2532 1951/1791 
f 2268/2164 1951/1791 1950/1790 2269/2165 
f 1934/1771 2269/2571 1950/2572 1938/1775 
f 1934/1771 1938/1775 1940/1777 2084/1937 
f 2188/2065 1373/1158 1307/1093 
f 2157/2024 1866/1699 2167/2035 2166/2034 
f 1372/1157 2126/1987 1308/1094 
f 902/685 1345/1131 1344/1130 903/686 
f 2218/2102 646/445 645/444 2615/2573 
f 2083/1936 2085/1938 2218/2102 2615/2573 
f 1863/1694 1861/1692 2088/1941 2087/1940 
f 1922/1759 2168/2036 2151/2018 2146/2013 
f 1934/1771 1547/1333 1546/1332 2269/2571 
f 2616/2574 1855/1686 1276/1685 2121/2575 
f 655/454 2048/1897 2246/2136 2247/2137 
f 2587/2530 2589/2532 2614/2570 2617/2576 
f 837/615 1981/1825 1980/1824 2329/2233 
f 2587/2530 2608/2558 1716/1525 1715/1524 
f 2587/2530 2617/2576 2618/2577 2608/2558 
f 2619/2578 2607/2555 2618/2577 2617/2576 
f 2620/2579 2621/2580 717/521 860/638 
f 494/328 402/279 2622/274 495/329 
f 832/610 831/609 2487/2398 2406/2328 
f 2619/2578 2623/2581 2624/2582 2625/2583 
f 2399/2320 2624/2582 2623/2581 2270/2167 
f 1742/1555 2580/2515 2626/2584 2590/2533 
f 2266/2585 2153/2020 1866/1699 1163/1698 
f 1544/1330 1547/1333 1935/1772 1941/1778 
f 1424/1210 1423/1209 2055/1907 
f 1336/1122 2138/2001 2627/2586 2120/1978 
f 1306/1092 1309/1095 2107/1962 
f 1872/1706 2615/2573 645/444 1873/1707 
f 2134/1995 2133/1994 1268/1054 1269/1055 
f 1942/1779 2080/1933 1872/1706 1259/1045 
f 2128/1989 1326/1112 1860/2587 1862/2066 
f 1314/1100 1383/1168 2125/1984 2155/2022 
f 1403/1188 1406/1191 1870/2588 1325/1111 
f 2399/2320 1545/2321 2122/2589 2628/2590 
f 2399/2320 2628/2590 2629/2591 2624/2582 
f 1693/2592 2470/2593 2630/2594 542/351 
f 1854/1683 2628/2590 2122/2589 1277/1684 
f 647/446 1871/1705 2187/2064 642/441 
f 1371/1156 1878/1712 1548/1334 1376/1161 
f 1859/1690 1323/1109 1322/1108 
f 1935/1772 1934/1771 2084/1937 2083/1936 
f 1320/1106 2108/1963 1321/1107 
f 617/416 1928/1765 2631/2595 618/417 
f 1258/1044 1261/1047 2575/2509 2170/2038 
f 1318/1104 1328/1114 1330/1116 1365/1150 
f 2163/2031 1289/1075 1288/1074 1305/1091 
f 1373/1158 2188/2065 2187/2064 1871/1705 
f 1293/1079 1292/1078 2632/2596 1593/1385 
f 1576/1366 1579/1369 880/660 879/659 
f 1854/1683 1855/1686 2633/2597 2634/2598 
f 2635/2599 2629/2591 2634/2598 2636/2600 
f 2635/2599 2625/2583 2624/2582 2629/2591 
f 1676/1479 2305/2207 2637/2601 1677/1480 
f 1477/1260 1487/1271 1507/1291 1506/1290 
f 2638/2602 1707/1514 1706/1513 2636/2600 
f 2026/1873 1954/1796 1955/1797 2018/1865 
f 2638/2602 2633/2597 2639/2603 2640/2604 
f 2616/2574 2639/2603 2633/2597 1855/1686 
f 2049/1910 2044/1893 1999/1845 1998/1844 
f 1917/1754 1555/1341 1554/1340 2121/1980 
f 2134/1995 1269/1055 1936/1773 1368/1153 
f 1420/1206 1419/1205 2641/2605 
f 1933/1770 1542/1328 2165/2033 2086/1939 
f 2079/1932 2110/1965 2116/1974 
f 637/2152 618/417 2631/2595 2642/2606 
f 627/426 2091/1945 2171/2039 628/427 
f 2156/2023 2165/2033 1542/1328 1541/1327 
f 2071/1924 1937/1774 1921/1758 2076/1929 
f 1942/1779 1259/1045 1258/1044 2078/1931 
f 2139/2003 2144/2010 2143/2009 2140/2004 
f 2616/2574 2121/2575 1554/1725 1889/1724 
f 2616/2574 1889/1724 1532/1316 2639/2603 
f 2584/2522 1495/1279 1494/1278 2010/1857 
f 1888/1723 1533/1317 1532/1316 1889/1724 
f 943/727 605/404 1592/1384 986/773 
f 886/667 2533/2445 1893/1730 887/668 
f 2070/1923 2091/1945 1001/788 2114/1971 
f 1436/1222 1916/1753 1431/1217 
f 1921/1758 1274/1060 2077/1930 2076/1929 
f 2643/2607 2050/1900 1432/1218 
f 1601/1393 1600/1392 1346/1132 1349/1135 
f 566/365 2052/1903 2051/1902 927/711 
f 2113/1970 2114/1971 1001/788 1000/787 
f 1330/1116 1235/1022 1363/1148 1365/1150 
f 1331/1117 1441/1227 1123/909 1900/1740 
f 2092/1946 2027/1874 2025/1872 2094/1949 
f 1888/1723 1553/1726 1101/2608 2644/2609 
f 1825/2610 2645/2611 2646/2612 1826/2613 
f 837/615 836/614 711/515 1981/1825 
f 2259/2155 2301/2203 2231/2115 2260/2156 
f 1531/1315 2606/2553 2605/2552 2640/2604 
f 660/460 685/1536 1723/1535 661/461 
f 1469/1250 1534/1318 1748/1561 1470/1251 
f 1748/1561 1534/1318 1533/1317 2647/2614 
f 1789/1609 2573/2506 693/497 1790/1610 
f 386/2491 1971/1814 1970/1813 2563/2490 
f 2560/2484 1741/1554 1801/2615 1462/2616 
f 2648/142 2649/186 2650/188 2651/143 
f 2652/2617 406/283 409/285 213/182 
f 276/168 275/214 35/33 34/32 
f 1690/2618 355/251 354/250 1734/2619 
f 592/391 1560/1347 1137/1346 1136/2543 
f 2653/2620 2654/48 29/28 32/30 
f 2646/2612 76/66 583/382 2444/2365 
f 1119/905 599/398 598/397 745/546 
f 2655/2621 1120/906 1119/905 1173/962 
f 1595/1387 1598/1390 1611/1404 1610/1403 
f 2113/1970 1000/787 1611/1404 2063/1916 
f 1213/1000 1216/1003 1601/1393 
f 896/677 1287/1073 1286/1072 897/678 
f 1132/919 558/918 557/884 1097/883 
f 2415/2339 914/698 913/697 2610/2562 
f 2656/81 2657/227 2658/200 2659/82 
f 2660/2622 2001/2623 1992/1838 1816/1636 
f 1969/1811 732/536 731/535 1840/1666 
f 475/322 2569/2501 2511/2420 754/547 
f 2479/2387 2661/2624 2647/2614 2644/2609 
f 2437/2359 2662/2625 2663/2626 2438/2360 
f 1174/963 1177/966 1827/1650 1826/1649 
f 1351/1137 1591/1383 2552/2473 1223/1010 
f 2063/1916 2062/1915 1912/1749 2113/1970 
f 1861/1692 1869/1702 2112/1967 2088/1941 
f 307/70 1356/318 780/317 463/312 
f 918/702 922/706 1778/1595 2664/2627 
f 2092/1985 2126/1987 1947/1786 1946/1785 
f 2053/1905 1355/1141 2056/1908 2665/2628 
f 1339/1125 1338/1124 2239/2129 1124/910 
f 1891/2629 1650/1738 1599/1391 2665/2628 
f 1311/1097 1310/1096 2274/2630 2273/2631 
f 563/362 323/203 322/237 568/264 
f 2068/1921 434/303 574/373 2069/1922 
f 1297/1083 2054/1906 1597/1389 2052/1903 
f 435/304 2060/1913 2064/1917 436/305 
f 1916/1753 1885/1720 1421/1207 1420/1206 
f 1414/1200 1354/1140 1910/1747 
f 1286/1072 1232/1019 2666/2632 897/678 
f 2600/2545 150/130 598/397 597/396 
f 883/2541 2498/2408 2667/2633 2534/2634 
f 1556/1342 1559/1345 1438/1224 1437/1223 
f 1817/1638 1993/2635 2599/2636 1818/1639 
f 1318/1104 1317/1103 2626/2637 2580/2638 
f 1253/1039 1128/914 1127/913 1250/1036 
f 2054/1906 1296/1082 1909/1746 2061/1914 
f 1349/1135 1355/1141 2053/1905 
f 2668/2639 877/657 1166/955 1169/958 
f 2482/2391 1825/1648 588/387 587/386 
f 2510/2419 432/301 431/300 1886/1721 
f 1911/1748 595/2483 1353/1139 1352/1138 
f 1348/1134 1347/1133 794/575 
f 2601/2550 1466/1247 1465/1246 2602/2551 
f 1780/2547 1779/2494 250/199 249/198 
f 602/401 601/400 1106/892 1828/1652 
f 1566/2482 2517/2429 739/543 738/542 
f 735/539 2450/2367 2565/2493 736/540 
f 427/297 2414/2338 1077/863 428/298 
f 904/2364 1175/2640 1174/2641 2444/2365 
f 2212/2250 1679/1500 1695/1499 2314/2216 
f 1640/1439 2201/2082 2200/2081 1016/800 
f 1796/1616 1799/1619 2669/2642 2670/2643 
f 2196/2077 2457/2374 2341/2246 2197/2078 
f 1644/1443 1643/1442 2207/2090 2206/2089 
f 1644/1443 2206/2089 1480/1264 2671/2644 
f 2413/2464 2213/2645 2343/2646 2546/2461 
f 1141/928 1483/1267 2359/2269 1142/929 
f 1069/855 1667/1469 1661/1463 2320/2222 
f 2672/2647 1040/824 933/717 1635/1434 
f 987/774 2531/2443 2673/2648 2674/2649 
f 987/774 2674/2649 1833/2650 988/775 
f 1815/1635 1774/1591 2516/2428 1843/1669 
f 840/2651 2675/2652 1834/1659 841/1658 
f 2647/2614 2661/2624 1749/1562 1748/1561 
f 2263/2159 2294/2196 2676/2653 2677/2654 
f 2192/2073 2515/2427 2535/2514 1743/1556 
f 635/434 638/437 2577/2511 1580/1370 
f 1876/1710 716/520 1586/1376 1585/1375 
f 1550/1336 2678/2655 2579/2513 2578/2512 
f 2115/2313 2289/2191 2059/1912 2058/1911 
f 2679/2656 1549/1335 1879/1713 2680/2657 
f 713/517 2680/2657 1879/1713 2681/2658 
f 713/517 2681/2658 574/373 573/372 
f 1206/2144 1209/2564 1564/1352 2252/2145 
f 2682/2659 2683/2660 2612/2661 2613/2662 
f 999/786 1813/1633 1812/1632 1610/1403 
f 2576/2510 2096/1951 1260/1046 1873/1707 
f 1168/957 188/2498 187/2663 2554/2475 
f 600/399 603/402 1839/1665 2595/2539 
f 1781/1600 1782/1601 2555/2477 2684/2664 
f 313/234 1975/1818 560/361 559/360 
f 1776/2396 2484/2397 312/233 1820/2665 
f 1844/1670 2553/2474 1446/1232 1445/1231 
f 2685/187 2686/277 2687/56 2501/59 
f 1996/2666 792/573 511/337 2418/2342 
f 1467/1248 1470/1251 1179/968 1178/967 
f 2688/2667 1568/1356 1567/1355 1464/1245 
f 888/669 891/672 1766/1582 1159/948 
f 577/376 1342/1128 1341/1127 2514/2426 
f 2509/2417 1915/1752 1890/1727 1128/914 
f 2459/2375 2357/2267 1195/2266 1194/2409 
f 2689/2668 2473/2382 2472/2381 85/75 
f 1766/2669 2330/2234 1095/881 1094/880 
f 1197/982 1212/999 2601/2670 790/2671 
f 1657/1459 1466/1599 2601/2670 1212/999 
f 1552/1338 1102/889 1101/888 1553/1339 
f 1901/1741 2664/2627 1778/1595 1777/1594 
f 2668/2639 1169/958 1105/891 1104/890 
f 1246/1032 1249/1035 1341/1127 1340/1126 
f 2668/2639 1262/1048 874/654 877/657 
f 2509/2417 1128/914 1253/1039 1988/1833 
f 1225/1012 2478/2672 913/697 912/696 
f 1912/1749 1552/1338 2066/1919 2113/1970 
f 1907/195 2512/196 125/110 128/113 
f 2672/2647 2457/2374 2456/2373 1040/824 
f 1041/825 1040/824 2456/2373 2670/2643 
f 1684/1487 1683/1486 1628/1425 1631/1428 
f 1642/1441 2545/2460 2669/2642 1643/1442 
f 1038/822 1669/2673 1059/843 1039/823 
f 1644/1443 2671/2644 1037/821 1036/820 
f 1141/928 1144/931 1037/821 2671/2644 
f 1012/796 2369/2284 2365/2280 2385/2304 
f 987/774 990/777 1034/818 2531/2443 
f 2690/196 2691/110 2692/113 2693/195 
f 1054/838 1053/837 681/481 1027/811 
f 1642/1441 1036/820 1035/819 2543/2458 
f 1648/1448 2390/2308 1161/950 1160/949 
f 1041/825 2545/2460 2544/2459 934/718 
f 2318/2220 1020/804 1039/823 1061/845 
f 996/783 2530/2442 2529/2441 993/780 
f 1329/1115 2515/2448 437/306 436/305 
f 1099/886 1102/889 1912/1749 2062/1915 
f 930/714 1126/912 1125/911 1133/920 
f 2552/2473 1591/1383 917/701 
f 1361/2355 2431/2356 2440/2363 1362/2674 
f 919/703 922/706 918/702 
f 1075/861 2471/2380 1692/1495 1777/1594 
f 1649/1451 1652/1454 769/1646 873/2675 
f 883/664 2534/2446 2239/2129 884/665 
f 1467/1248 1178/967 1990/1836 1140/927 
f 1141/928 2671/2644 1480/1264 1483/1267 
f 1197/982 790/2671 789/847 910/694 
f 2694/2676 2695/2677 2696/2678 2030/1877 
f 1830/2679 1491/2357 1221/1008 1224/1011 
f 82/72 85/75 2472/2381 1078/864 
f 1133/920 1083/869 1082/868 997/784 
f 1240/1026 2595/2539 2374/2289 1241/1027 
f 1595/1387 1610/1403 1812/1632 2553/2474 
f 2321/2223 2324/2226 2697/2680 2540/2455 
f 998/785 1079/865 976/762 2315/2217 
f 1019/1431 1022/2237 1625/1421 1633/1432 
f 2350/2258 1699/1506 2318/2220 2353/2261 
f 2698/2681 2699/2682 2539/2454 2700/2683 
f 2310/2212 2319/2221 1664/1466 1681/1484 
f 2525/2437 2544/2459 2543/2458 971/755 
f 968/752 971/755 2543/2458 1035/819 
f 968/752 1035/819 1034/818 990/777 
f 1637/1436 1636/1435 2549/2467 2547/2463 
f 989/1252 988/1660 1834/1659 1471/1253 
f 1834/1659 2675/2652 2016/1863 1471/1253 
f 2016/1863 2675/2652 1582/1372 1581/1371 
f 721/525 823/601 1853/1682 722/526 
f 1581/1371 1580/1370 2579/2513 2014/1861 
f 2402/2324 2557/2479 1590/1382 1589/1381 
f 2016/1863 2015/1862 1472/1254 1471/1253 
f 869/647 939/2684 862/640 868/646 
f 968/752 990/777 989/776 969/753 
f 907/691 792/848 1996/1842 1756/1570 
f 2525/2437 971/755 970/754 2526/2438 
f 1672/2685 1669/1471 1668/1470 1670/1472 
f 932/716 935/719 2527/2439 2523/2435 
f 1089/2559 2610/2562 913/697 2478/2672 
f 683/2686 675/475 674/474 1722/2687 
f 1796/1616 2670/2643 2456/2373 2455/2372 
f 1442/1228 1122/2688 232/191 1085/871 
f 1766/2669 891/2272 838/616 2330/2234 
f 2223/2107 2226/2110 2243/2133 2583/2519 
f 2701/52 334/29 2702/258 2703/53 
f 970/2556 969/1255 1472/1254 2585/2525 
f 2361/2273 2358/2268 2326/2230 2327/2231 
f 1671/2689 948/732 856/634 863/641 
f 2198/2079 2360/2690 2297/2199 812/590 
f 1837/1663 2003/1850 820/598 1505/1289 
f 734/538 2004/1851 2003/1850 731/535 
f 2409/2331 1084/870 1520/1304 1727/1540 
f 1744/1557 1747/1560 1706/1513 1705/1512 
f 2198/2079 2201/2082 2359/2691 2360/2690 
f 2527/2692 1964/1806 1963/1805 2523/2554 
f 1732/1545 1620/1416 2618/2577 2607/2555 
f 1619/1415 2608/2558 2618/2577 1620/1416 
f 766/556 2585/2525 1472/1254 2015/1862 
f 663/463 2032/1879 2031/1878 664/464 
f 2579/2513 2678/2655 767/557 2014/1861 
f 2679/2656 768/558 767/557 2678/2655 
f 2594/2538 2042/1891 1493/1277 2586/2526 
f 953/737 1489/1273 1824/1647 2195/2076 
f 829/607 1479/1263 963/747 830/608 
f 1531/1315 1534/1318 1469/1250 2606/2553 
f 2619/2578 2625/2583 1746/1559 2607/2555 
f 2193/2074 1481/1265 1510/1294 1509/1293 
f 1714/1523 2006/2693 2005/2694 2611/2563 
f 2391/2310 2280/2309 1713/1520 1712/1519 
f 2300/2202 2299/2201 2287/2189 2296/2198 
f 723/527 724/528 843/621 1786/1606 
f 2581/2517 2680/2657 713/517 712/516 
f 2581/2517 768/558 2679/2656 2680/2657 
f 2619/2578 2617/2576 2614/2570 2623/2581 
f 2099/1954 2013/1860 2012/1859 2039/1888 
f 2268/2164 2270/2167 2623/2581 2614/2570 
f 2059/1912 2002/1849 1761/1575 2044/1893 
f 2704/2695 2591/2534 2194/2075 2705/2696 
f 1770/1587 2660/2622 1982/1826 1771/1588 
f 2420/2344 1773/1590 1772/1589 1828/1652 
f 522/344 1083/869 1134/921 523/345 
f 398/277 742/106 744/109 399/56 
f 378/265 18/18 17/17 2706/101 
f 583/382 76/66 75/65 584/383 
f 2707/146 2708/43 380/266 379/147 
f 377/237 490/140 18/18 378/265 
f 322/237 321/140 2709/18 548/265 
f 2429/2353 2561/2485 2513/2424 1577/1367 
f 741/1243 2475/2402 2481/2390 1463/1244 
f 2710/60 25/24 28/27 2711/84 
f 2712/114 2713/220 537/92 536/91 
f 1819/1640 1823/1645 1725/1538 1724/1537 
f 2479/2387 1769/1586 1768/1585 2661/2624 
f 1770/1587 1773/1590 1558/2697 1757/2698 
f 1443/1229 1085/871 1084/870 2409/2331 
f 2286/2188 2287/2189 2299/2201 2276/2177 
f 2560/2484 1462/2616 795/2699 1806/1626 
f 1200/985 1201/988 1814/1634 1447/1233 
f 1751/1567 2563/2490 1808/1628 1807/1627 
f 1770/1587 1757/2698 2001/2623 2660/2622 
f 1095/881 2569/2501 475/322 474/321 
f 2598/239 2714/2620 544/30 545/240 
f 1967/1809 1185/974 524/346 1968/1810 
f 1973/1816 1726/1539 1725/1538 582/381 
f 757/550 2602/2551 1465/1246 756/549 
f 1200/985 1447/1233 1087/873 1086/872 
f 983/770 967/751 853/631 852/630 
f 1492/1276 1495/1279 2549/2524 2548/2469 
f 1796/1616 2455/2372 2593/2536 1797/1617 
f 2715/2700 2716/2701 1678/1481 1677/1480 
f 1798/1618 1511/1295 2207/2090 1799/1619 
f 1841/1667 1074/860 978/764 1836/1662 
f 2584/2522 1503/1287 2413/2337 2547/2523 
f 666/466 669/469 850/628 2205/2088 
f 1976/1820 1822/1644 1651/1453 1892/1729 
f 851/629 1513/1297 945/729 852/630 
f 2297/2537 2592/2535 2591/2534 2298/2702 
f 1531/1315 2640/2604 2639/2603 1532/1316 
f 1481/1265 2193/2074 2592/2535 1482/1266 
f 2584/2522 2010/1857 1500/1284 1503/1287 
f 855/633 857/635 1845/1671 1850/1679 
f 2717/2703 906/690 2451/2368 2303/2205 
f 1846/1673 1485/1269 2019/1866 1955/1797 
f 2593/2536 1730/1543 1957/1799 1797/1617 
f 1516/1300 1730/1543 2593/2536 1517/1301 
f 795/2699 798/1651 1807/1627 1806/1626 
f 740/544 1775/1592 2570/2502 2474/2383 
f 1830/2679 1224/1011 1800/1620 1802/1622 
f 1739/1552 578/377 2573/2506 1789/1609 
f 248/197 2562/2704 2480/2548 249/198 
f 1835/1661 977/763 1080/866 1832/1656 
f 2718/2705 1787/1607 842/620 2719/2706 
f 2558/2480 2380/2295 2720/2707 2559/2481 
f 2572/2505 1180/969 1179/968 1749/1562 
f 2420/2344 1559/2395 1558/2697 1773/1590 
f 1225/2476 1226/2708 2684/2664 2555/2477 
f 2570/2502 1775/1592 1814/1634 1201/988 
f 2482/2486 2561/2485 2645/2611 1825/2610 
f 2093/1948 2024/1871 2099/1954 2098/1953 
f 2554/2475 187/2663 1438/2394 2421/2345 
f 1379/1164 1896/1733 1945/1783 1380/1165 
f 1338/1124 1285/1071 901/683 900/682 
f 1763/1577 1720/1529 2666/2632 1359/1144 
f 569/2487 1459/1238 1613/1408 570/1578 
f 783/565 1252/1038 886/667 784/566 
f 783/565 1988/1833 1253/1039 1252/1038 
f 2491/362 2721/105 252/104 255/203 
f 1734/1547 1737/1550 1691/1494 1690/1493 
f 1765/1581 1238/1024 1160/949 1159/948 
f 1891/2629 2665/2628 2056/1908 1991/2709 
f 2398/2710 2146/2013 2151/2018 2265/2711 
f 2117/1975 1267/1053 1266/1052 2396/2317 
f 1318/1104 2580/2638 2535/2447 1328/1114 
f 2722/2712 2069/1922 574/373 2681/2658 
f 2722/2712 2681/2658 1879/1713 1878/1712 
f 1874/1708 1875/1709 1204/991 1203/990 
f 2093/2713 1309/1095 1308/1094 2094/1986 
f 2117/1975 2396/2317 1256/1042 1255/1041 
f 2125/1984 2578/2512 2577/2511 2155/2022 
f 2236/2123 1209/996 1208/995 2237/2124 
f 2154/2021 638/437 637/436 2642/2714 
f 2172/2040 2186/2063 2161/2029 2160/2028 
f 1280/2715 1386/2716 2169/2037 1924/1761 
f 651/450 1429/1215 1428/1214 650/449 
f 2074/1927 2190/2068 1382/1167 2075/1928 
f 1387/1172 1411/1197 1408/1194 
f 1280/2715 1924/1761 1923/1760 1278/2568 
f 1306/1092 2107/1962 2055/1907 1423/1209 
f 1413/1199 2156/2023 1541/1327 
f 1377/1162 1376/1161 1548/1334 1551/1337 
f 2161/2029 1334/1120 1337/1123 2162/2030 
f 1542/1328 1933/1770 1207/994 
f 1242/1028 2163/2031 1305/1091 1243/1029 
f 1918/1755 1917/1754 1937/1774 2070/1923 
f 1208/995 1931/1768 2237/2124 
f 1323/1109 1859/1690 1858/1689 1877/1711 
f 2152/2019 2151/2018 2168/2036 2149/2016 
f 2238/2125 2129/1990 2723/2717 
f 1279/1065 1292/1078 1294/1080 1384/1169 
f 2721/105 1906/102 1908/103 252/104 
f 1332/1118 1331/1117 1900/1740 
f 2061/1914 1598/1390 1597/1389 2054/1906 
f 2147/2014 2150/2017 2488/2399 2695/2677 
f 2053/1905 2665/2628 1599/1391 1213/1000 
f 1230/1017 1441/1227 1331/1117 1217/1004 
f 1135/922 1818/1639 2599/2636 1136/923 
f 2473/2718 2689/2719 2630/2594 2470/2593 
f 2060/1913 2724/2720 2065/1918 2064/1917 
f 1217/1004 1333/1119 1218/1005 
f 2725/2721 2627/2586 1281/1067 1284/1070 
f 2067/1920 2726/2722 2109/1964 
f 2078/1931 2077/1930 1930/1767 1942/1779 
f 1315/1101 1932/1769 1316/1102 
f 1306/1092 1423/1209 2188/2065 1307/1093 
f 2086/1939 2165/2033 2118/1976 
f 2109/1964 2726/2722 1931/1768 1315/1101 
f 1298/1084 1412/1198 1299/1085 
f 2643/2607 1916/1753 1420/1206 2641/2605 
f 1936/1773 1369/1154 1368/1153 
f 1380/1165 2127/1988 1857/1688 1381/1166 
f 1279/1065 1278/1064 2612/2723 2727/2724 
f 2704/2695 2727/2725 2612/2726 2683/2727 
f 1948/1788 1951/1791 2589/2532 2588/2531 
f 635/434 1582/1372 2728/2728 636/435 
f 2015/1862 2014/1861 767/557 766/556 
f 714/518 817/595 855/633 715/519 
f 2729/2729 2730/2730 2305/2207 2304/2206 
f 2175/2048 2731/2731 1956/1798 1957/1799 
f 1513/1297 2401/2323 2400/2322 1514/1298 
f 2282/2184 2036/1885 2226/2110 2225/2109 
f 2329/2233 1980/1824 2511/2420 2569/2501 
f 730/534 729/533 1521/1305 806/584 
f 2437/2732 2418/2342 2417/2341 2662/2733 
f 579/378 1976/1820 1794/1614 580/379 
f 2732/2734 1827/1650 1177/966 1176/965 
f 898/679 897/678 2666/2632 1720/1529 
f 2051/1902 1596/1388 1844/1670 1843/1669 
f 915/699 918/702 2664/2627 796/577 
f 2668/2639 1104/890 1263/1049 1262/1048 
f 1231/1018 1359/1144 2666/2632 1232/1019 
f 1239/1025 1238/1024 1765/1581 2574/2507 
f 423/57 1009/564 1011/563 424/294 
f 1442/1739 1444/2735 1332/1118 1900/1740 
f 1133/920 997/784 931/715 930/714 
f 1293/1079 1300/1086 1302/1088 1313/1099 
f 641/440 707/511 700/504 648/447 
f 1129/915 1140/927 1990/1836 1127/913 
f 1235/1022 1234/1021 2068/1921 1363/1148 
f 1110/896 1227/1014 1135/922 1107/893 
f 1883/1718 2271/2736 1303/1089 1291/1077 
f 2061/1914 2063/1916 1611/1404 1598/1390 
f 1202/989 2104/1959 2120/1978 2725/2721 
f 2643/2607 2641/2605 2116/1974 2050/1900 
f 2129/1990 1333/1119 1332/1118 2723/2717 
f 1430/1216 1433/1219 1113/899 1414/1200 
f 2103/1958 2140/2004 2162/2030 2119/1977 
f 1870/2588 1860/2587 1326/1112 1325/1111 
f 1373/1158 1871/1705 1428/1214 1374/1159 
f 1386/2716 2642/2606 2631/2595 2169/2037 
f 1279/1065 2727/2724 2632/2596 1292/1078 
f 1752/1568 1573/1363 2733/2737 1390/1175 
f 2194/2075 703/507 702/506 2705/2696 
f 2009/1856 2408/2330 1405/2738 2734/2739 
f 2735/2740 705/509 704/508 2731/2731 
f 2735/2740 2731/2731 2175/2048 2275/2175 
f 2272/2172 2275/2175 2175/2048 1729/1542 
f 815/593 624/423 623/422 810/588 
f 723/527 720/524 719/523 620/419 
f 657/2529 652/451 649/448 701/505 
f 591/390 1993/2741 1992/1847 2000/1846 
f 1909/1746 1099/886 2062/1915 2061/1914 
f 1219/1006 1342/1128 1358/1143 1220/1007 
f 647/446 642/441 641/440 648/447 
f 2470/2379 1693/1496 1692/1495 2471/2380 
f 1904/2742 1852/1795 1953/1794 1946/1947 
f 621/420 626/425 1858/1689 1422/1208 
f 1311/1097 2273/2631 2626/2637 1317/1103 
f 1911/1748 1296/1082 1295/1081 1989/1835 
f 2139/2003 2261/2157 2277/2178 2144/2010 
f 2272/2172 2590/2533 2626/2584 2273/2173 
f 902/685 1989/1835 1295/1081 1345/1131 
f 1301/1087 2736/2743 2274/2630 1310/1096 
f 1301/1087 1300/1086 1594/1386 2736/2743 
f 2704/2695 2705/2696 2632/2744 2727/2725 
f 2735/2740 2275/2175 2274/2174 2736/2745 
f 2049/1898 2050/1900 2116/1974 2058/1973 
f 2737/2746 2142/2006 2141/2005 2677/2654 
f 1484/1268 1959/1801 2019/1866 1485/1269 
f 2009/1856 2734/2739 1501/1285 1500/1284 
f 1711/1518 1670/2085 1049/2747 2582/2518 
f 666/466 2339/2244 2596/2540 667/467 
f 2376/2291 2546/2461 2343/2646 2384/2748 
f 1629/1426 1628/1425 2376/2291 2384/2748 
f 1150/937 1044/828 1043/827 1697/1502 
f 1630/2749 1629/2750 1148/935 1147/934 
f 1630/2749 1147/934 2204/2087 2738/2751 
f 2739/2752 1631/1428 1630/1427 2738/2753 
f 2673/2648 2531/2443 1144/931 1143/930 
f 1153/942 1155/944 1660/1462 1698/1505 
f 2373/2288 2521/2433 2520/2432 2548/2466 
f 2739/2752 1717/1526 1716/1525 2528/2440 
f 2304/2206 2214/2098 1502/2097 1501/2754 
f 2638/2602 2640/2604 2605/2552 1707/1514 
f 1151/938 733/537 1983/1827 1152/939 
f 2374/2289 2595/2539 1839/1665 1838/1664 
f 2385/2304 2338/2243 2596/2540 1005/792 
f 1635/1434 1161/950 2390/2308 2672/2647 
f 2525/2437 935/719 934/718 2544/2459 
f 2200/2081 2740/2755 1017/801 1016/800 
f 1672/2756 1675/2228 1059/843 1669/2673 
f 670/470 1149/936 2541/2456 671/471 
f 2312/2214 2542/2457 2541/2456 1149/936 
f 1695/1499 1694/1498 2542/2457 2312/2214 
f 2208/2465 2307/2302 1013/797 2386/2305 
f 2215/2099 2519/2527 2180/2055 2179/2054 
f 2210/2093 2328/2232 2292/2194 2211/2094 
f 2305/2207 2730/2730 2676/2653 2637/2601 
f 2729/2729 2304/2206 1501/2754 2734/2757 
f 2272/2172 1729/1542 1731/1544 2590/2533 
f 1868/1701 1406/1704 1405/2738 2408/2330 
f 2132/1993 2278/2312 2392/2311 2133/1994 
f 1403/1188 2142/2006 2737/2746 1404/1189 
f 2729/2729 1404/1189 2737/2746 2730/2730 
f 2729/2729 2734/2757 1405/1190 1404/1189 
f 2733/2737 2102/1957 1391/1176 1390/1175 
f 2141/2005 1245/1031 2263/2159 2677/2654 
f 702/506 1593/2169 2632/2744 2705/2696 
f 1244/1030 1882/1717 2029/1876 2262/2158 
f 2694/2676 2030/1877 2029/1876 1882/1717 
f 1248/1034 695/499 694/498 1249/1035 
f 2488/2399 718/522 2696/2678 2695/2677 
f 2407/2329 2043/1892 2217/2101 2111/1966 
f 2536/2451 2655/2621 1173/962 1172/961 
f 2286/2188 2276/2177 2105/1960 1205/992 
f 1571/1361 1753/1569 1574/1364 1537/1321 
f 2728/2758 724/528 619/418 636/2153 
f 2728/2758 840/618 843/621 724/528 
f 1985/1829 665/465 664/464 2620/2579 
f 1833/2759 2719/2706 842/620 841/619 
f 2698/2681 2719/2760 1833/2761 2674/2762 
f 2698/2681 2674/2762 2673/2763 2699/2682 
f 1143/2764 1641/1440 2699/2682 2673/2763 
f 1640/1439 1641/1440 1143/2764 1142/2765 
f 1640/1439 1142/2765 2359/2691 2201/2082 
f 892/673 1987/2766 2366/2281 893/674 
f 2207/2090 1643/1442 2669/2642 1799/1619 
f 2720/2707 1688/1491 1017/801 2740/2755 
f 2720/2707 2380/2295 2323/2225 1688/1491 
f 2332/2277 1722/2687 674/474 2364/2278 
f 1496/2335 1022/806 1021/805 1701/1508 
f 2453/2370 1024/808 2697/2680 2741/2767 
f 2453/2370 2452/2369 1025/809 1024/808 
f 2374/2289 1838/1664 2340/2245 2342/2247 
f 2541/2456 1026/810 1025/809 671/471 
f 1683/1486 1682/1485 1639/1438 1638/1437 
f 2377/2292 2378/2293 2542/2457 1694/1498 
f 1678/1497 2716/2768 2377/2292 1694/1498 
f 1469/1250 1468/1249 1995/1841 2606/2553 
f 2715/2700 1677/1480 2637/2601 2293/2195 
f 2293/2195 2637/2601 2676/2653 2294/2196 
f 1959/1801 2013/1860 2017/1864 2019/1866 
f 2737/2746 2677/2654 2676/2653 2730/2730 
f 2288/2190 2102/1957 2733/2737 2290/2192 
f 2263/2159 2262/2158 2249/2139 2294/2196 
f 1960/1802 2040/1889 2012/1859 1958/1800 
f 2017/1864 2013/1860 2099/1954 2024/1871 
f 1397/2769 2182/2058 2174/2046 1396/2045 
f 2696/2678 2621/2580 2031/1878 2030/1877 
f 717/521 2621/2580 2696/2678 718/522 
f 2573/2506 2514/2426 694/498 693/497 
f 1539/1324 1508/1292 1402/1187 1401/1186 
f 826/604 2244/2134 2250/2140 1562/1350 
f 703/507 1509/1293 1512/1296 704/508 
f 2635/2599 2636/2600 1706/1513 1747/1560 
f 2035/1884 2243/2133 2226/2110 2036/1885 
f 1962/1804 1961/1803 2581/2517 712/516 
f 2638/2602 2636/2600 2634/2598 2633/2597 
f 2620/2579 664/464 2031/1878 2621/2580 
f 1962/1804 712/516 711/515 836/614 
f 1851/1680 823/601 822/600 844/1677 
f 2715/2700 2293/2195 2248/2138 2742/2770 
f 662/462 2742/2770 2248/2138 663/463 
f 2717/2703 2743/2771 905/689 906/690 
f 836/614 839/617 1963/1805 1962/1804 
f 1985/1829 2620/2579 860/638 859/637 
f 2556/2478 2559/2481 2222/2106 2221/2105 
f 1711/1518 2582/2518 2411/2333 1712/1519 
f 662/462 665/465 892/2772 895/2773 
f 2698/2681 2700/2683 2718/2774 2719/2760 
f 1913/1750 1070/856 2537/2452 1914/1751 
f 2539/2454 2699/2682 1641/1440 1015/799 
f 1027/811 681/481 680/480 1028/812 
f 2383/2301 1658/1460 1656/1458 2381/2297 
f 2313/2215 2312/2214 1149/936 1148/935 
f 2539/2454 2538/2453 2346/2254 2700/2683 
f 2718/2774 2700/2683 2346/2254 2345/2253 
f 858/636 1787/1607 2718/2705 2345/2775 
f 858/636 2345/2775 1986/1830 859/637 
f 2404/2326 2454/2371 2453/2370 2741/2767 
f 1985/1829 1987/1831 892/2772 665/465 
f 1721/1530 2582/2518 1049/2747 1052/1531 
f 662/462 895/2773 2744/2776 2742/2770 
f 2715/2700 2742/2770 2744/2776 2716/2701 
f 2744/2777 1687/1490 2377/2292 2716/2768 
f 1646/1445 985/772 984/771 1350/1136 
f 2382/2298 1655/1457 2371/2286 2370/2285 
f 2744/2777 895/676 894/675 1687/1490 
f 876/656 1779/1596 1166/955 877/657 
f 2379/2294 2741/2767 2697/2680 2324/2226 
f 1986/2252 2347/2255 2366/2281 1987/2766 
f 949/2468 2358/2299 2382/2298 2370/2285 
f 1041/825 2670/2643 2669/2642 2545/2460 
f 2387/2306 2538/2453 1018/802 1689/1492 
f 1006/793 1005/792 2596/2540 2339/2244 
f 1657/1459 1126/912 930/714 929/713 
f 1665/2462 2334/2239 677/477 676/476 
f 2383/2301 2386/2305 1007/794 1658/1460 
f 1023/807 2540/2455 2697/2680 1024/808 
f 1668/1470 1632/1429 1634/1433 1050/834 
f 1682/1485 2532/2444 2372/2287 1639/1438 
f 1148/935 1629/2750 2384/2303 2313/2215 
f 2333/2238 2364/2278 674/474 677/477 
f 1351/1137 986/773 1592/1384 1591/1383 
f 2366/2281 2347/2255 2387/2306 2367/2282 
f 2540/2455 1023/807 1686/1489 1685/1488 
f 2378/2293 1686/1489 1023/807 1026/810 
f 2672/2647 2390/2308 2341/2246 2457/2374 
f 1874/1708 2158/2025 2159/2026 1392/1177 
f 2148/2015 2167/2035 2152/2019 2149/2016 
f 1111/897 1991/2709 2056/1908 1112/898 
f 621/420 1422/1208 1421/1207 622/421 
f 1274/1060 1277/1063 2122/1981 1929/1766 
f 2143/2009 2145/2012 2162/2030 2140/2004 
f 1897/1734 1896/1733 1379/1164 
f 2079/1932 2116/1974 2641/2605 1419/1205 
f 1607/2778 2723/2717 1332/1118 1444/2735 
f 1242/1028 1245/1031 2141/2005 1920/1757 
f 2171/2039 2170/2038 2575/2509 628/427 
f 1607/2778 2235/2126 2238/2125 2723/2717 
f 1881/1716 2189/2067 2694/2676 1882/1717 
f 2147/2014 2695/2677 2694/2676 2189/2067 
f 1226/1013 1215/1002 1214/1001 1362/1147 
f 1926/1763 2489/2400 2488/2399 2150/2017 
f 617/416 2489/2400 1926/1763 1928/1765 
f 2093/2713 2098/1979 2107/1962 1309/1095 
f 2125/1984 1551/1337 1550/1336 2578/2512 
f 1388/2041 2172/2040 1366/2566 
f 1312/1098 1311/1097 1343/1129 1371/1156 
f 1925/1762 2169/2037 2631/2595 1928/1765 
f 2186/2063 1334/1120 2161/2029 
f 2643/2607 1432/1218 1431/1217 1916/1753 
f 1926/1763 2150/2017 2149/2016 1927/1764 
f 1335/1121 2138/2001 1336/1122 
f 1940/1777 1939/1776 2087/1940 2089/1942 
f 2147/2014 2189/2067 2166/2034 2148/2015 
f 2136/1998 1282/1068 1281/1067 
f 2128/1989 1272/1058 2081/1934 1326/1112 
f 1881/1716 1243/1029 1305/1091 2164/2032 
f 1409/1195 2123/1982 1410/1196 
f 1280/1066 1279/1065 1384/1169 1386/1171 
f 1242/1028 1920/1757 1919/1756 2163/2031 
f 2124/1983 2190/2068 2074/1927 
f 2129/1990 2238/2125 2726/2722 2067/1920 
f 2164/2032 1304/1090 2157/2024 2166/2034 
f 1380/1165 1945/1783 1944/1782 
f 1202/989 2725/2721 1284/1070 1203/990 
f 613/412 622/421 1421/1207 1885/1720 
f 2745/2779 1880/2780 2191/2151 2257/2150 
f 2035/1884 2037/1886 2095/1950 2242/2132 
f 2292/2194 2328/2232 2283/2185 2288/2190 
f 1714/1523 1717/1526 2746/2781 2006/2693 
f 2739/2752 2738/2753 2746/2781 1717/1526 
f 1821/1643 1652/1454 1651/1453 1822/1644 
f 1671/2689 863/641 862/640 939/2684 
f 2527/2692 2526/2557 2331/2235 1964/1806 
f 2451/2368 906/690 672/472 2452/2369 
f 2340/2245 1838/1664 1837/1663 1505/1289 
f 2348/2256 960/744 959/743 2406/2328 
f 2404/2326 2741/2767 2379/2294 2405/2327 
f 2558/2480 2405/2327 2379/2294 2380/2295 
f 1073/859 1847/1674 846/624 1612/1405 
f 2222/2106 2559/2481 2720/2707 2740/2755 
f 2200/2081 2199/2080 2222/2106 2740/2755 
f 2746/2782 2738/2751 2204/2087 2203/2086 
f 2348/2256 2406/2328 2487/2398 2349/2257 
f 2402/2324 2405/2327 2558/2480 2557/2479 
f 2731/2731 704/508 1512/1296 1956/1798 
f 2682/2659 813/591 2298/2200 2683/2660 
f 1418/1812 1417/1450 896/677 899/680 
f 1324/1110 2142/2006 1403/1188 1325/1111 
f 1943/1780 1945/1783 1896/1733 1905/1745 
f 1367/2011 2160/2028 2145/2012 
f 2114/1971 2066/1919 1918/1755 2070/1923 
f 2162/2030 1337/1123 2119/1977 
f 1299/1085 1412/1198 1411/1197 1936/1773 
f 2120/1978 2627/2586 2725/2721 
f 1319/1105 1364/1149 1370/1155 1343/1129 
f 1284/1070 1283/1069 2158/2025 
f 2085/1938 2084/1937 1940/1777 2089/1942 
f 2159/2026 2073/1926 2072/1925 
f 2158/2025 1283/1069 1410/1196 2159/2026 
f 2075/1928 1382/1167 1381/1166 
f 2075/1928 1381/1166 1857/1688 1856/1687 
f 1334/1120 2186/2063 2185/2062 2241/2783 
f 1334/1120 2241/2783 631/2128 1335/1121 
f 2745/2784 1570/1360 1270/1359 1880/2785 
f 2745/2784 2005/1852 2008/1855 1570/1360 
f 2675/2652 840/2651 2728/2728 1582/1372 
f 2746/2782 2203/2086 2007/1854 2006/1853 
f 2007/1854 2203/2086 905/689 2743/2771 
f 2007/1854 2743/2771 726/530 2008/1855 
f 1572/1362 2290/2192 2733/2737 1573/1363 
f 1583/1373 2254/2147 1883/2171 1884/2786 
f 2130/1991 2131/1992 1272/1058 1271/1057 
f 2082/1935 2081/1934 1272/1058 2131/1992 
f 2086/1939 1255/1041 1254/1040 1316/1102 
f 2154/2021 2642/2714 1386/1171 1385/1170 
f 1389/1174 2072/1925 2075/1928 1856/1687 
f 2083/1936 2615/2573 1872/1706 2080/1933 
f 1371/1156 1370/1155 2722/2712 1878/1712 
f 354/250 387/270 1735/2787 1734/2619 
f 1364/1149 2069/1922 2722/2712 1370/1155 
f 1301/1087 1310/1096 1312/1098 1378/1163 
f 1931/1768 2726/2722 2238/2125 2237/2124 
f 2398/2710 2613/2569 1923/1760 2146/2013 
f 1939/1776 1938/1775 1950/2572 1949/2565 
f 2138/2001 2136/1998 1281/1067 2627/2586 
f 725/529 728/532 2130/2788 1271/1358 
f 639/438 642/441 2187/2064 1426/1212 
f 2682/2659 2613/2662 2398/2319 2397/2318 
f 1854/1683 2634/2598 2629/2591 2628/2590 
f 2264/2160 2747/2789 814/592 2397/2318 
f 1162/951 2267/2163 2266/2162 1163/952 
f 2266/2585 2265/2711 2151/2018 2153/2020 
f 1876/1710 1877/1711 1858/1689 626/425 
f 1649/1737 873/2790 1361/1146 1360/1145 
f 1164/1697 1867/1700 1303/1089 2271/2736 
f 1407/1192 1408/1194 1413/1199 1538/1326 
f 2115/1972 2110/1965 1321/1107 2100/1969 
f 1583/1373 1884/2786 2130/2788 728/532 
f 1969/1811 1840/1666 1839/1665 603/402 
f 2682/2659 2397/2318 814/592 813/591 
f 2717/2703 727/531 726/530 2743/2771 
f 2630/2594 2689/2719 2748/2791 2749/2792 
f 2635/2599 1747/1560 1746/1559 2625/2583 
f 1397/2769 1400/2049 2177/2052 2182/2058 
f 1583/1373 1584/1374 2255/2148 2254/2147 
f 2298/2702 2591/2534 2704/2695 2683/2727 
f 2101/1956 2285/2187 1204/991 1875/1709 
f 2253/2146 1165/954 1164/953 2271/2170 
f 1904/2793 1899/2072 1853/1682 1852/1681 
f 870/648 800/651 799/1598 929/713 
f 1898/2071 2220/2141 708/512 722/526 
f 2264/2160 2267/2163 2750/2794 2747/2789 
f 811/589 814/592 2747/2789 2221/2105 
f 855/633 1850/1679 1849/1678 715/519 
f 2198/2079 812/590 811/589 2199/2080 
f 835/613 962/746 686/488 687/491 
f 2717/2703 2303/2205 1584/1374 727/531 
f 1786/1606 843/621 842/620 1787/1607 
f 2735/2740 2736/2745 1594/2168 705/509 
f 1162/951 1590/1382 2750/2794 2267/2163 
f 2611/2563 2005/2694 2745/2779 2257/2150 
f 2253/2146 2256/2149 1589/1381 1165/954 
f 2302/2204 2403/2325 2256/2149 2255/2148 
f 1399/1184 1398/1183 1402/1187 1507/1291 
f 2302/2204 2303/2205 2451/2368 2454/2371 
f 2302/2204 2454/2371 2404/2326 2403/2325 
f 1400/1185 1399/1184 1498/1282 1497/1281 
f 2402/2324 1589/1381 2256/2149 2403/2325 
f 2556/2478 2221/2105 2747/2789 2750/2794 
f 2556/2478 2750/2794 1590/1382 2557/2479 
f 604/403 1727/1540 1520/1304 426/296 
f 848/626 669/469 668/468 1518/1302 
f 308/230 2751/238 2752/133 309/135 
f 289/314 2463/290 758/293 2753/313 
f 1121/2795 2534/2634 2667/2633 233/192 
f 67/57 2754/294 2388/295 68/58 
f 2732/2734 1176/965 1785/1605 1792/1612 
f 2689/2668 85/75 84/74 2748/2796 
f 2739/2752 2528/2440 1684/1487 1631/1428 
f 2059/1912 2289/2191 2216/2100 2002/1849 
f 1452/137 2755/257 2756/256 2757/2797 
f 1801/1621 916/700 915/699 1462/1241 
f 2422/310 1754/249 1755/308 2423/309 
f 876/2495 875/2385 477/324 2566/2496 
f 2507/2415 2192/2073 2004/1851 734/538 
f 2758/313 2759/293 2760/69 230/68 
f 1121/2795 233/192 232/191 1122/2688 
f 1819/1640 1724/1537 1776/1593 1820/1641 
f 2679/2656 2678/2655 1550/1336 1549/1335 
f 1749/1562 2661/2624 1768/1585 2572/2505 
f 2761/79 2762/148 2763/151 2764/2798 
f 1783/1602 1982/1826 2660/2622 1816/1636 
f 2437/2732 1997/2799 1996/2666 2418/2342 
f 591/390 593/392 2599/2544 1993/2741 
f 1237/195 543/113 114/103 113/102 
f 1437/1223 190/165 295/226 1556/1342 
f 295/226 294/225 1557/1343 1556/1342 
f 385/185 2765/257 157/137 156/136 
f 2000/1846 293/224 292/223 591/390 
f 2646/2612 2444/2365 1174/2641 1826/2613 
f 2766/44 2767/211 2768/210 2769/212 
f 606/405 609/408 615/414 614/413 
f 2492/2401 2439/2361 2438/2360 2663/2626 
f 2448/97 2458/348 2770/349 2771/98 
f 589/388 2425/2349 571/370 1198/983 
f 2772/246 2773/975 2774/339 2775/78 
f 2157/2024 1304/1090 1303/1089 1867/1700 
f 2776/2800 224/115 223/91 2443/94 
f 70/60 2777/24 2778/27 94/84 
f 1805/1625 1978/1822 2560/2484 1806/1626 
f 1441/1227 1230/1017 1229/1016 1339/1125 
f 1181/970 1088/874 1087/873 1446/1232 
f 106/96 145/125 148/128 107/97 
f 2497/2407 84/74 83/73 349/248 
f 1217/1004 1220/1007 1231/1018 1230/1017 
f 2497/2407 349/248 2667/2633 2498/2408 
f 93/83 2779/46 528/236 2780/235 
f 1189/978 2781/273 2782/149 2783/340 
f 2425/2349 2688/2667 1464/1245 1463/1244 
f 2784/175 2785/287 2786/2801 2787/176 
f 337/242 336/241 2428/2352 2427/2351 
f 471/175 411/287 2788/2801 472/176 
f 498/332 2789/569 531/157 499/333 
f 2732/2734 2688/2667 2425/2349 589/388 
f 222/114 283/220 2441/92 223/91 
f 2769/2802 2768/280 2790/279 2791/328 
f 2792/316 503/112 506/172 2793/2803 
f 1798/1618 1956/1798 1512/1296 1511/1295 
f 633/432 2023/1870 2022/1869 2251/2143 
f 2724/2720 2060/1913 1228/1015 2057/1909 
f 205/174 696/500 699/503 206/175 
f 257/205 2794/330 2795/333 258/206 
f 100/90 2796/124 2797/2804 65/23 
f 2798/14 2799/183 1451/136 1454/15 
f 2800/239 2801/2620 335/30 2802/240 
f 2803/326 2804/327 2791/328 2805/329 
f 270/16 478/152 530/2 529/50 
f 2806/341 2807/35 2808/38 2809/117 
f 327/133 353/51 2810/134 562/135 
f 2811/28 1/1 363/29 544/30 
f 538/201 2792/316 2793/2803 2812/2805 
f 2813/2806 2427/2351 541/350 2749/2792 
f 2802/240 2701/52 2814/51 2752/133 
f 2815/146 2816/43 2817/266 2818/147 
f 2819/2807 2820/2808 2821/2809 2822/2617 
f 2823/2810 2824/2811 2825/2812 2826/349 
f 2822/2617 2827/283 141/122 2828/182 
f 509/335 512/338 791/572 2564/2492 
f 2829/185 2755/257 1452/137 1451/136 
f 111/101 110/100 2424/311 2830/352 
f 2831/92 2832/220 2833/2813 2834/2814 
f 276/168 2469/169 2835/170 277/167 
f 159/15 158/138 478/152 270/16 
f 157/137 2765/257 2836/256 2837/2797 
f 199/170 198/169 2838/2815 2839/2816 
f 518/341 37/35 40/38 519/117 
f 2840/151 2841/2798 89/79 513/148 
f 486/44 488/212 2842/2817 2843/45 
f 139/120 2844/2818 2845/2819 2846/2820 
f 2847/61 2710/60 2711/84 2848/85 
f 521/313 421/293 306/69 305/68 
f 562/135 2810/134 343/158 342/88 
f 2443/94 2442/93 2789/569 498/332 
f 2785/287 2784/175 2849/503 2850/288 
f 138/502 137/2821 2850/288 2849/503 
f 1454/15 1453/138 176/152 2851/16 
f 2852/95 2853/96 2854/97 2855/98 
f 132/116 2856/2343 2857/221 129/114 
f 2854/97 2823/2810 2826/349 2855/98 
f 2469/169 2858/2815 2859/2816 2835/170 
f 2752/133 2814/51 314/134 309/135 
f 32/30 31/29 352/52 326/240 
f 2860/87 561/230 562/135 342/88 
f 152/132 151/131 250/199 2566/2496 
f 805/207 2861/213 341/89 340/161 
f 770/560 1820/2665 312/233 311/232 
f 170/147 772/266 2862/40 2863/37 
f 254/202 253/201 2864/2805 2865/2497 
f 273/207 2866/204 2867/205 1193/206 
f 447/83 367/235 370/260 448/80 
f 2868/977 2869/326 2870/329 2871/978 
f 2872/174 2784/175 2787/176 2873/173 
f 500/236 1456/46 2874/47 501/334 
f 2875/2800 2876/115 536/91 535/94 
f 743/107 2877/189 81/71 445/108 
f 731/535 2003/1850 1837/1663 1840/1666 
f 1521/1305 802/583 801/582 806/584 
f 251/200 446/82 449/81 392/227 
f 2878/2822 96/86 99/89 2879/213 
f 2880/332 2881/569 2882/157 2795/333 
f 505/171 504/111 210/179 209/178 
f 229/190 2883/342 2758/313 230/68 
f 761/551 764/554 1758/1572 1086/872 
f 2884/2823 2885/289 2850/288 137/2821 
f 36/34 35/33 63/55 2886/2824 
f 2887/25 2862/40 2888/41 2889/26 
f 2810/134 353/51 508/54 2890/166 
f 1895/1880 1997/2362 2439/2361 2033/1881 
f 1810/1630 1811/1631 1603/1395 1117/903 
f 221/188 1754/249 2422/310 166/143 
f 220/59 422/58 1754/249 221/188 
f 2891/137 2892/257 2893/256 2894/2797 
f 2645/2611 77/67 76/66 2646/2612 
f 381/37 44/40 43/25 2895/38 
f 2464/275 288/179 126/111 125/110 
f 2896/500 2897/503 471/175 470/174 
f 283/220 285/222 2898/2825 2899/2813 
f 320/202 538/201 2812/2805 2567/2497 
f 2900/87 2901/230 155/135 192/88 
f 2902/264 2903/237 2904/265 2905/263 
f 2906/86 2907/87 2908/88 272/89 
f 212/181 2909/2807 2652/2617 213/182 
f 2654/48 2910/49 358/50 29/28 
f 2911/311 2912/352 2706/101 2913/100 
f 2/2 2914/152 2915/153 3/3 
f 2916/327 2917/2826 271/2802 2918/328 
f 2355/2264 1624/1420 2562/2489 2356/2265 
f 2919/342 290/343 289/314 2753/313 
f 2034/1882 559/360 558/359 1131/1883 
f 112/17 111/101 2604/265 162/18 
f 299/82 286/11 1456/46 1455/83 
f 162/18 2604/265 489/237 163/140 
f 2920/2798 2921/259 319/76 2922/79 
f 2434/57 2433/58 2468/59 2467/56 
f 230/68 2760/69 2923/70 231/71 
f 2924/23 2925/90 2926/124 2927/2804 
f 2814/51 2701/52 2703/53 2928/54 
f 460/316 747/112 2929/172 2930/2803 
f 288/179 2464/275 2463/276 289/180 
f 2492/2401 313/234 559/360 2034/1882 
f 1781/1600 310/231 313/234 2492/2401 
f 2483/2393 1971/2392 386/269 357/253 
f 2479/2387 2644/2609 1101/2608 1100/2388 
f 135/60 134/24 2931/27 2932/84 
f 2564/2492 2565/2493 2933/2827 509/335 
f 1888/1723 2644/2609 2647/2614 1533/1317 
f 2688/2667 2504/2412 2503/2411 1568/1356 
f 2664/2627 1901/1741 797/578 796/577 
f 564/363 1903/1743 1791/2828 1344/1130 
f 2655/2621 2724/2720 2057/1909 1120/906 
f 2389/2307 1138/925 1914/1751 2537/2452 
f 1765/1581 1094/1583 1093/2508 2574/2507 
f 1886/1721 1233/1020 2536/2451 1172/961 
f 2934/190 520/342 521/313 305/68 
f 2935/49 13/13 16/16 2936/50 
f 313/234 312/233 2484/2397 1975/1818 
f 2533/2445 1579/1369 1578/1368 1893/1730 
f 1344/1130 1791/2828 1784/2421 903/686 
f 2655/2621 2536/2451 2065/1918 2724/2720 
f 2574/2507 874/654 1262/1048 1239/1025 
f 2846/2820 2845/2819 2937/218 2938/217 
f 138/119 2939/2829 2844/2818 139/120 
f 2909/2807 2940/2808 2941/2809 2652/2617 
f 753/200 2942/12 2943/11 92/82 
f 2944/287 206/175 699/503 2945/288 
f 2946/183 2947/184 2948/185 2949/136 
f 2918/328 2950/329 2951/326 2916/327 
f 2952/35 2953/36 381/37 2895/38 
f 2954/978 515/340 1187/976 2955/977 
f 504/111 416/110 415/275 210/179 
f 2956/141 2648/142 2651/143 2957/99 
f 2958/142 2959/186 351/188 452/143 
f 2960/187 2961/277 66/56 69/59 
f 2659/82 52/11 51/46 2962/83 
f 148/128 2963/216 539/348 107/97 
f 458/32 2964/229 198/169 197/168 
f 2787/176 2786/2801 2858/2815 2494/2404 
f 2965/976 2966/977 2967/978 2968/340 
f 152/132 2566/2496 477/324 476/323 
f 140/121 139/120 2846/2820 2969/2830 
f 390/273 2954/978 2805/329 391/274 
f 2794/330 2970/331 2880/332 2795/333 
f 2971/500 2849/503 2784/175 2872/174 
f 146/126 2972/2831 2969/2830 147/127 
f 128/113 127/112 2973/316 1908/103 
f 2429/2353 77/67 2645/2611 2561/2485 
f 542/351 2630/2594 2749/2792 541/350 
f 452/143 441/310 443/100 2974/99 
f 2827/283 2975/284 142/123 141/122 
f 2976/262 2977/341 133/117 136/63 
f 774/206 2978/207 2979/204 2980/205 
f 746/111 2981/179 2982/178 2983/171 
f 2895/38 43/25 134/24 133/117 
f 483/235 500/236 87/77 86/76 
f 2984/221 384/222 2713/220 2712/114 
f 2879/213 2978/207 774/206 181/156 
f 2985/139 2986/19 2987/18 2988/140 
f 2989/2832 2990/154 1191/157 2991/569 
f 2714/2620 2992/48 2811/28 544/30 
f 341/89 2861/213 2993/2822 2994/86 
f 2858/2815 2786/2801 2995/2833 2859/2816 
f 130/91 2831/92 2996/93 2997/94 
f 2998/2813 2999/2814 537/92 2713/220 
f 3000/281 3001/282 2790/279 2768/280 
f 243/108 463/312 782/564 485/109 
f 114/103 2792/316 538/201 115/104 
f 124/109 3002/564 3003/57 2687/56 
f 357/253 356/252 2428/2352 2483/2393 
f 466/70 465/312 3004/108 3005/71 
f 3006/144 3007/145 2815/146 2818/147 
f 517/39 5/5 8/8 64/22 
f 3008/144 3009/145 2707/146 379/147 
f 697/2829 3010/2818 3011/120 698/119 
f 2873/173 2787/176 2494/2404 2493/2403 
f 304/62 245/61 244/12 298/200 
f 468/319 2813/2806 2496/2834 2495/2449 
f 3012/286 2785/287 2850/288 2885/289 
f 2433/58 3013/249 2650/188 2468/59 
f 3014/119 3015/2829 3016/2818 3017/2835 
f 2970/331 3018/2800 2997/94 2880/332 
f 3019/48 3020/49 529/50 332/28 
f 2883/342 3021/343 3022/314 2758/313 
f 2912/352 375/263 378/265 2706/101 
f 3023/217 3024/218 3025/219 3026/2836 
f 2485/40 2817/266 3027/562 3028/41 
f 418/276 211/180 210/179 415/275 
f 461/201 460/316 2930/2803 3029/2805 
f 58/28 263/1 3030/29 3031/30 
f 490/140 547/202 3032/2497 491/139 
f 216/185 362/257 3033/137 217/136 
f 2449/96 2448/97 2771/98 3034/95 
f 3035/99 17/17 20/20 3036/141 
f 3022/314 3037/290 2759/293 2758/313 
f 3038/24 2486/25 3039/26 3040/27 
f 253/201 2973/316 3041/2803 2864/2805 
f 14/14 2946/183 2949/136 15/15 
f 3042/35 3043/36 2863/37 3044/38 
f 548/265 2709/18 3045/17 549/101 
f 462/104 461/201 547/202 546/203 
f 108/98 540/349 3046/2837 2941/2809 
f 2687/56 3003/57 2502/58 2501/59 
f 1908/103 2973/316 253/201 252/104 
f 749/274 3047/279 3048/282 750/271 
f 2913/100 3035/99 3049/143 3050/310 
f 2981/179 400/275 3037/276 3022/180 
f 38/36 3006/144 2818/147 39/37 
f 445/108 444/312 1009/564 744/109 
f 3051/144 3052/145 776/146 779/147 
f 122/107 228/189 231/71 123/108 
f 3053/2838 2609/2561 2417/2341 510/336 
f 2686/277 121/106 124/109 2687/56 
f 2923/70 2760/69 3054/353 3055/318 
f 241/189 2934/190 305/68 242/71 
f 758/293 2463/290 2462/291 759/292 
f 44/40 380/266 3056/562 45/41 
f 2963/216 3057/219 3058/2811 539/348 
f 2799/183 3059/184 2829/185 1451/136 
f 2876/115 3060/116 2712/114 536/91 
f 239/113 747/112 460/316 459/103 
f 543/113 503/112 2792/316 114/103 
f 123/108 3061/312 3002/564 124/109 
f 231/71 2923/70 3061/312 123/108 
f 3062/105 3063/102 459/103 462/104 
f 3002/564 3061/312 3064/317 3065/563 
f 2947/184 3066/267 3067/268 2948/185 
f 3068/294 3069/295 2502/58 3003/57 
f 2908/88 183/158 186/161 272/89 
f 380/266 2708/43 3070/42 3056/562 
f 3071/309 2911/311 2913/100 3050/310 
f 2662/2625 1092/878 1091/877 2663/2626 
f 3072/19 3073/20 3045/17 2709/18 
f 2709/18 321/140 2568/139 3072/19 
f 401/278 3074/367 3037/276 400/275 
f 267/211 49/44 48/43 169/146 
f 2706/101 17/17 3035/99 2913/100 
f 3063/102 236/195 239/113 459/103 
f 3014/502 3075/2821 412/288 2897/503 
f 3076/362 3062/105 462/104 546/203 
f 3077/86 2900/87 192/88 195/89 
f 3078/2403 204/173 207/176 3079/2404 
f 3080/181 3081/182 3082/7 3083/6 
f 3084/2807 3085/2617 3081/182 3080/181 
f 3083/6 3082/7 329/8 328/5 
f 3086/115 101/91 104/94 3087/2800 
f 2855/98 2826/349 3088/2837 2821/2809 
f 3089/215 456/214 197/168 196/167 
f 2767/211 2707/146 3009/145 3090/208 
f 269/14 3091/183 156/136 159/15 
f 3092/260 3093/80 2962/83 316/235 
f 2944/287 3094/286 3095/2833 3096/2801 
f 3097/20 2956/141 2957/99 3098/17 
f 3099/289 2945/288 3100/2821 3101/2823 
f 3101/2839 3100/118 3102/121 3103/2840 
f 3103/2840 3102/121 3104/2830 3105/2831 
f 3106/2813 3107/2814 102/92 3108/220 
f 2851/16 176/152 175/2 358/50 
f 3109/315 303/229 302/228 3110/31 
f 1781/1600 2492/2401 2663/2626 1091/877 
f 2458/348 279/216 282/219 3111/2811 
f 3088/2837 3112/2841 2975/284 2827/283 
f 610/409 1624/1420 2355/2264 2460/2376 
f 3105/2831 3104/2830 3113/127 3114/126 
f 3115/2820 3104/2830 3102/121 3011/120 
f 3100/118 698/119 3011/120 3102/121 
f 2945/288 699/503 698/502 3100/2821 
f 3116/2809 3117/2837 3118/283 3085/2617 
f 3096/2801 207/176 206/175 2944/287 
f 198/169 2964/229 3079/2404 2838/2815 
f 2732/2734 589/388 588/387 1827/1650 
f 3113/127 280/217 279/216 2447/128 
f 2494/2404 2858/2815 2469/169 454/229 
f 3119/2815 2788/2801 3120/2833 3121/2816 
f 329/8 2924/23 3122/55 330/22 
f 3082/7 2925/90 2924/23 329/8 
f 3081/182 3123/285 2925/90 3082/7 
f 3085/2617 3118/283 3123/285 3081/182 
f 3124/37 3125/40 26/25 2808/38 
f 2981/179 3022/180 3021/177 2982/178 
f 3123/285 3118/283 3126/284 3127/123 
f 2925/90 3123/285 3127/123 2926/124 
f 3087/2800 104/94 3128/332 3129/331 
f 182/157 775/333 788/332 787/569 
f 3130/563 3131/564 465/312 464/317 
f 458/32 457/33 3132/34 3133/31 
f 2964/229 458/32 3133/31 3134/315 
f 2933/2827 2416/2340 2415/2339 3053/2838 
f 3135/141 2958/142 452/143 2974/99 
f 2910/49 3136/13 2851/16 358/50 
f 127/112 126/111 3137/171 3138/172 
f 1193/206 1192/156 274/213 273/207 
f 352/52 31/29 3139/258 507/53 
f 3140/2819 3115/2820 3011/120 3010/2818 
f 2826/349 2825/2812 3112/2841 3088/2837 
f 2508/2416 1968/1810 524/346 523/345 
f 3034/95 2771/98 3116/2809 3141/2808 
f 2771/98 2770/349 3117/2837 3116/2809 
f 3118/283 3117/2837 3142/2841 3126/284 
f 3117/2837 2770/349 3143/2812 3142/2841 
f 2838/2815 3079/2404 207/176 3096/2801 
f 2770/349 2458/348 3111/2811 3143/2812 
f 2978/207 455/161 3144/160 2979/204 
f 3013/249 3145/308 3146/309 3147/310 
f 2693/195 2692/113 3148/103 3149/102 
f 3150/230 3151/238 3152/133 3153/135 
f 3154/52 3155/53 3156/54 3157/51 
f 3158/362 3159/203 2903/237 2902/264 
f 393/261 3160/262 73/63 72/62 
f 2905/263 2904/265 3161/101 3162/352 
f 3163/292 450/293 395/290 3164/291 
f 3147/310 3146/309 3165/311 3166/100 
f 2957/99 2651/143 3147/310 3166/100 
f 317/236 51/46 54/47 2476/334 
f 3164/367 395/276 394/275 3167/278 
f 2986/19 3097/20 3098/17 2987/18 
f 2817/266 2816/43 3168/42 3027/562 
f 744/109 1009/564 423/57 399/56 
f 2969/2830 2846/2820 2938/217 147/127 
f 1520/1304 1519/1303 427/297 426/296 
f 2904/265 2987/18 3098/17 3161/101 
f 3169/239 3170/2620 3031/30 3171/240 
f 473/173 472/176 3172/2404 3173/2403 
f 3174/2803 3175/2805 3176/201 3177/316 
f 201/172 3174/2803 3177/316 202/112 
f 202/112 3177/316 3148/103 2692/113 
f 2667/2633 349/248 234/193 233/192 
f 3178/190 3179/342 451/313 3180/68 
f 3181/2840 2884/2839 137/118 140/121 
f 3182/114 3108/220 102/92 101/91 
f 3177/316 3176/201 3183/104 3148/103 
f 3047/279 266/280 265/281 3048/282 
f 2838/2815 3096/2801 3095/2833 2839/2816 
f 3184/177 3185/178 397/179 396/180 
f 118/79 171/148 174/151 3186/2798 
f 2938/217 2937/218 3057/219 2963/216 
f 3187/189 3178/190 3180/68 3005/71 
f 3188/107 3187/189 3005/71 3004/108 
f 3151/238 3169/239 3171/240 3152/133 
f 3189/2497 2985/139 2988/140 3190/202 
f 3170/2620 55/48 58/28 3031/30 
f 2649/186 2465/187 2468/59 2650/188 
f 180/155 2878/2822 2879/213 181/156 
f 3191/334 344/245 347/77 1450/236 
f 397/179 203/111 2691/110 394/275 
f 203/111 202/112 2692/113 2691/110 
f 2988/140 2987/18 2904/265 2903/237 
f 3131/564 2434/57 2467/56 3192/109 
f 3176/201 3190/202 3159/203 3183/104 
f 2415/2339 2610/2562 2609/2561 3053/2838 
f 2662/2733 2417/2341 2609/2561 1092/2560 
f 2435/294 2434/57 3131/564 3130/563 
f 465/312 3131/564 3192/109 3004/108 
f 2441/92 283/220 2899/2813 3193/2814 
f 467/318 466/70 3194/69 3195/353 
f 3195/353 3194/69 450/293 3163/292 
f 450/293 3194/69 3180/68 451/313 
f 3098/17 2957/99 3166/100 3161/101 
f 144/90 143/124 3196/2804 24/23 
f 3190/202 2988/140 2903/237 3159/203 
f 3194/69 466/70 3005/71 3180/68 
f 2486/25 2485/40 3028/41 3039/26 
f 3141/2808 3116/2809 3085/2617 3084/2807 
f 530/2 478/152 480/153 3197/3 
f 2933/2827 2565/2493 2450/2367 2416/2340 
f 531/157 2789/569 3198/2832 3199/154 
f 2862/40 772/266 773/562 2888/41 
f 325/239 2653/2620 32/30 326/240 
f 533/206 532/156 2861/213 805/207 
f 468/319 337/242 2427/2351 2813/2806 
f 539/348 3058/2811 3200/2812 540/349 
f 2804/327 3201/2826 2769/2802 2791/328 
f 2948/185 2892/257 2891/137 2949/136 
f 3202/149 748/273 751/272 3203/150 
f 258/206 3204/156 3205/213 259/207 
f 2795/333 2882/157 3204/156 258/206 
f 16/16 2914/152 2/2 2936/50 
f 2779/46 2943/11 3206/10 3207/47 
f 2949/136 2891/137 3208/138 15/15 
f 3208/138 2891/137 2894/2797 3209/325 
f 294/225 293/224 2001/1848 1757/1571 
f 2777/24 2887/25 2889/26 2778/27 
f 2966/977 2951/326 2950/329 2967/978 
f 2600/2545 248/197 151/131 150/130 
f 3210/261 3211/262 3212/63 3213/62 
f 3167/278 394/275 2691/110 2690/196 
f 2841/2798 481/259 86/76 89/79 
f 1465/1246 802/583 1521/1305 756/549 
f 2992/48 2935/49 2936/50 2811/28 
f 234/193 348/247 1519/1303 235/194 
f 2708/43 2766/44 3214/45 3070/42 
f 3215/190 2919/342 2753/313 78/68 
f 2832/220 129/114 2857/221 3067/222 
f 99/89 455/161 2978/207 2879/213 
f 2766/44 2769/212 3201/2817 3214/45 
f 2997/94 2996/93 2881/569 2880/332 
f 2936/50 2/2 1/1 2811/28 
f 3001/282 388/271 391/274 2790/279 
f 15/15 3208/138 2914/152 16/16 
f 2762/148 3202/149 3203/150 2763/151 
f 129/114 2832/220 2831/92 130/91 
f 155/135 154/134 193/158 192/88 
f 3067/268 2857/254 2892/257 2948/185 
f 545/240 60/52 59/51 153/133 
f 3216/181 2819/2807 2822/2617 2828/182 
f 2767/211 2766/44 2708/43 2707/146 
f 2828/182 141/122 144/90 227/7 
f 2892/257 2857/254 2856/255 2893/256 
f 570/369 1440/1226 1198/983 571/370 
f 3217/155 3218/2822 274/213 1192/156 
f 3020/49 268/13 270/16 529/50 
f 88/78 87/77 502/245 3219/246 
f 2972/2831 3181/2840 140/121 2969/2830 
f 3220/186 2685/187 2501/59 2500/188 
f 2442/93 2441/92 3193/2814 3221/2842 
f 482/260 3222/80 1455/83 483/235 
f 3018/2800 131/115 130/91 2997/94 
f 3013/249 3147/310 2651/143 2650/188 
f 3136/13 2798/14 1454/15 2851/16 
f 2861/213 532/156 3223/155 2993/2822 
f 3224/14 214/183 217/136 3225/15 
f 2571/2504 1767/1584 75/65 74/64 
f 165/142 218/186 221/188 166/143 
f 3226/160 803/204 805/207 340/161 
f 2865/2497 160/139 163/140 254/202 
f 2818/147 2817/266 2485/40 39/37 
f 331/39 330/22 456/214 3089/215 
f 3173/2403 3172/2404 303/229 3109/315 
f 301/168 300/169 3227/170 3228/167 
f 3110/31 302/228 3229/33 3230/34 
f 302/228 301/168 3231/214 3229/33 
f 2760/69 2759/293 3232/292 3054/353 
f 2877/189 3215/190 78/68 81/71 
f 360/2343 359/221 3182/114 3233/116 
f 3172/2404 3119/2815 300/169 303/229 
f 3171/240 3154/52 3157/51 3152/133 
f 336/241 1415/1201 2483/2393 2428/2352 
f 74/64 2430/2354 2445/2366 2571/2504 
f 2816/43 3234/44 3235/45 3168/42 
f 227/7 144/90 24/23 23/8 
f 3236/121 3017/2835 3237/2820 3238/2830 
f 3017/2835 3016/2818 3239/2819 3237/2820 
f 3240/2840 3241/2839 3075/118 3236/121 
f 2506/261 2976/262 136/63 304/62 
f 383/2825 2998/2813 2713/220 384/222 
f 3242/2825 3106/2813 3108/220 3243/222 
f 3233/116 3182/114 101/91 3086/115 
f 3107/2814 3244/2842 103/93 102/92 
f 3245/2831 3240/2840 3236/121 3238/2830 
f 3246/126 3245/2831 3238/2830 3247/127 
f 3079/2404 2964/229 3134/315 3078/2403 
f 2999/2814 3248/2842 534/93 537/92 
f 3149/102 3148/103 3183/104 3249/105 
f 330/22 3122/55 457/33 456/214 
f 1693/2592 542/351 355/251 1690/2618 
f 399/56 423/57 422/58 220/59 
f 3145/308 3013/249 2433/58 2432/295 
f 3166/100 3165/311 3162/352 3161/101 
f 3185/178 200/171 203/111 397/179 
f 333/1 530/2 3197/3 3250/4 
f 3238/2830 3237/2820 3023/217 3247/127 
f 455/161 315/158 3251/159 3144/160 
f 3252/340 172/149 171/148 3253/339 
f 3222/80 296/81 299/82 1455/83 
f 3114/126 3113/127 2447/128 2446/125 
f 2968/340 3202/149 2762/148 3254/339 
f 3249/105 3183/104 3159/203 3158/362 
f 2967/978 748/273 3202/149 2968/340 
f 3255/128 3026/2836 2823/2810 2854/97 
f 3061/312 2923/70 3055/318 3064/317 
f 3075/118 3014/119 3017/2835 3236/121 
f 3237/2820 3239/2819 3024/218 3023/217 
f 245/61 135/60 2932/84 246/85 
f 3256/976 1188/977 1189/978 2783/340 
f 2832/220 3067/222 3066/2825 2833/2813 
f 472/176 2788/2801 3119/2815 3172/2404 
f 2765/257 2984/254 3257/255 2836/256 
f 3128/332 2991/569 1191/157 1190/333 
f 2955/977 2803/326 2805/329 2954/978 
f 3094/286 2944/287 2945/288 3099/289 
f 409/285 408/123 2796/124 100/90 
f 3229/33 21/21 3258/2824 3230/34 
f 3073/20 3135/141 2974/99 3045/17 
f 493/327 2842/2826 488/2802 494/328 
f 2917/2817 50/45 49/44 271/212 
f 777/43 486/44 2843/45 3259/42 
f 778/266 777/43 3259/42 3260/562 
f 3125/40 778/266 3260/562 3261/41 
f 26/25 3125/40 3261/41 27/26 
f 2901/230 2597/238 153/133 155/135 
f 211/314 418/290 421/293 521/313 
f 3050/310 3049/143 2500/188 2499/249 
f 2914/152 3208/138 3209/325 2915/153 
f 52/11 3262/12 3263/9 53/10 
f 2658/200 3262/12 52/11 2659/82 
f 775/333 774/206 2980/205 3264/330 
f 2500/188 3049/143 3265/142 3220/186 
f 3213/62 2847/61 3262/12 2658/200 
f 3212/63 2710/60 2847/61 3213/62 
f 2809/117 25/24 2710/60 3212/63 
f 2808/38 26/25 25/24 2809/117 
f 2774/339 3266/148 2922/79 2775/78 
f 310/231 1781/1600 2684/2664 2440/2363 
f 3267/117 2777/24 70/60 73/63 
f 2688/2667 2732/2734 1792/1612 2504/2412 
f 2961/277 484/106 485/109 66/56 
f 488/2802 403/280 402/279 494/328 
f 2941/2809 3046/2837 406/283 2652/2617 
f 495/329 2622/274 2781/273 1189/978 
f 2994/86 2860/87 342/88 341/89 
f 3026/2836 3025/219 2824/2811 2823/2810 
f 2773/975 3256/976 2783/340 2774/339 
f 161/19 3268/20 112/17 162/18 
f 91/81 752/227 753/200 92/82 
f 60/52 363/29 364/258 61/53 
f 3269/215 41/39 22/22 3231/214 
f 514/339 88/78 3219/246 1186/975 
f 147/127 2938/217 2963/216 148/128 
f 2962/83 51/46 317/236 316/235 
f 292/223 2460/2376 1560/1347 592/391 
f 2775/78 2922/79 319/76 318/77 
f 2765/257 385/185 384/268 2984/254 
f 2783/340 2782/149 3266/148 2774/339 
f 779/147 778/266 3125/40 3124/37 
f 2782/149 2781/273 3270/272 3271/150 
f 3003/57 3002/564 3065/563 3068/294 
f 2922/79 3266/148 3272/151 2920/2798 
f 540/349 3200/2812 3273/2841 3046/2837 
f 149/129 152/132 476/323 755/548 
f 389/272 3274/150 516/149 390/273 
f 3093/80 2656/81 2659/82 2962/83 
f 2781/273 2622/274 3275/271 3270/272 
f 2622/274 402/279 405/282 3275/271 
f 2882/157 2881/569 3276/2832 3277/154 
f 3278/208 404/209 403/210 487/211 
f 487/211 776/146 3052/145 3278/208 
f 126/111 288/179 291/178 3137/171 
f 3046/2837 3273/2841 407/284 406/283 
f 2807/35 3279/36 3124/37 2808/38 
f 3280/208 3281/209 3282/210 3283/211 
f 3211/262 2806/341 2809/117 3212/63 
f 1740/1553 1802/1654 1801/2615 1741/1554 
f 3262/12 2847/61 2848/85 3263/9 
f 3248/2842 3284/2832 787/569 534/93 
f 3205/213 3204/156 3285/155 3286/2822 
f 2445/2366 1180/969 2572/2505 2571/2504 
f 2996/93 2831/92 2834/2814 3287/2842 
f 2788/2801 411/287 410/286 3120/2833 
f 335/30 334/29 2701/52 2802/240 
f 376/264 3076/362 546/203 377/237 
f 1226/2708 1362/2674 2440/2363 2684/2664 
f 2940/2808 105/95 108/98 2941/2809 
f 373/63 3288/60 3289/61 374/62 
f 40/38 2486/25 3038/24 519/117 
f 519/117 3038/24 3288/60 373/63 
f 2870/329 3290/274 3291/273 2871/978 
f 374/62 3289/61 2942/12 753/200 
f 3286/2822 3077/86 195/89 3205/213 
f 2477/245 2772/246 2775/78 318/77 
f 3229/33 3231/214 22/22 21/21 
f 3292/260 90/80 93/83 2780/235 
f 3293/259 3292/260 2780/235 119/76 
f 3186/2798 3293/259 119/76 118/79 
f 757/550 2564/2492 791/572 2602/2551 
f 3274/150 2840/151 513/148 516/149 
f 172/149 3291/273 3294/272 173/150 
f 3291/273 3290/274 3295/271 3294/272 
f 3290/274 3296/279 3297/282 3295/271 
f 3296/279 3282/280 3281/281 3297/282 
f 1791/1611 1903/2413 2504/2412 1792/1612 
f 3007/145 3280/208 3283/211 2815/146 
f 3283/211 3234/44 2816/43 2815/146 
f 2753/313 758/293 79/69 78/68 
f 3296/279 3298/328 3299/2802 3282/280 
f 3298/328 3296/279 3290/274 2870/329 
f 3253/339 171/148 118/79 117/78 
f 2600/2545 2356/2546 2562/2704 248/197 
f 385/185 156/136 3091/183 382/184 
f 1456/46 286/11 287/10 2874/47 
f 2749/2792 2748/2791 2496/2834 2813/2806 
f 2780/235 528/236 120/77 119/76 
f 3282/210 3299/212 3234/44 3283/211 
f 92/82 2943/11 2779/46 93/83 
f 315/158 314/134 3300/166 3251/159 
f 2943/11 2942/12 3301/9 3206/10 
f 3247/127 3023/217 3026/2836 3255/128 
f 528/236 2779/46 3207/47 526/334 
f 549/101 3045/17 2974/99 443/100 
f 31/29 30/1 3302/4 3139/258 
f 3303/246 3304/975 3253/339 117/78 
f 3304/975 3305/976 3252/340 3253/339 
f 3305/976 2868/977 2871/978 3252/340 
f 1453/138 1452/137 2757/2797 1829/325 
f 3298/328 2870/329 2869/326 3306/327 
f 3306/327 3307/2826 3299/2802 3298/328 
f 3234/44 3299/212 3307/2817 3235/45 
f 2863/37 2862/40 2887/25 3044/38 
f 2942/12 3289/61 3308/85 3301/9 
f 30/1 175/2 178/3 3302/4 
f 2657/227 3210/261 3213/62 2658/200 
f 788/332 775/333 3264/330 3309/331 
f 2801/2620 3019/48 332/28 335/30 
f 334/29 333/1 3250/4 2702/258 
f 3033/137 3310/2797 3311/325 3312/138 
f 3313/134 3314/166 184/159 183/158 
f 3157/51 3156/54 3314/166 3313/134 
f 3104/2830 3115/2820 280/217 3113/127 
f 3030/29 3315/258 3155/53 3154/52 
f 3031/30 3030/29 3154/52 3171/240 
f 3059/184 2898/267 285/268 2829/185 
f 3175/2805 3189/2497 3190/202 3176/201 
f 300/169 3119/2815 3121/2816 3227/170 
f 2786/2801 2785/287 3012/286 2995/2833 
f 516/149 515/340 2954/978 390/273 
f 747/112 746/111 2983/171 2929/172 
f 217/136 3033/137 3312/138 3225/15 
f 3312/138 3311/325 3316/153 3317/152 
f 3318/106 3188/107 3004/108 3192/109 
f 3152/133 3157/51 3313/134 3153/135 
f 2953/36 3008/144 379/147 381/37 
f 56/49 3319/13 3320/16 57/50 
f 3319/13 3224/14 3225/15 3320/16 
f 2759/293 3037/290 3074/291 3232/292 
f 3241/2823 413/289 412/288 3075/2821 
f 3244/2842 2989/2832 2991/569 103/93 
f 2466/277 3318/106 3192/109 2467/56 
f 280/217 3115/2820 3140/2819 281/218 
f 348/247 2414/2338 427/297 1519/1303 
f 215/184 3242/267 3243/268 216/185 
f 3231/214 301/168 3228/167 3269/215 
f 3218/2822 2906/86 272/89 274/213 
f 594/393 584/383 75/65 1767/1584 
f 2990/154 3217/155 1192/156 1191/157 
f 3321/125 3246/126 3247/127 3255/128 
f 2907/87 3150/230 3153/135 2908/88 
f 3225/15 3312/138 3317/152 3320/16 
f 3153/135 3313/134 183/158 2908/88 
f 2496/2406 2748/2796 84/74 2497/2407 
f 158/138 157/137 2837/2797 479/325 
f 226/6 3216/181 2828/182 227/7 
f 497/331 2776/2800 2443/94 498/332 
f 3069/295 3322/308 2499/249 2502/58 
f 3243/268 359/254 362/257 216/185 
f 3060/116 3257/2343 2984/221 2712/114 
f 485/109 782/564 67/57 66/56 
f 359/221 3243/222 3108/220 3182/114 
f 103/93 2991/569 3128/332 104/94 
f 57/50 260/2 263/1 58/28 
f 3320/16 3317/152 260/2 57/50 
f 3317/152 3316/153 261/3 260/2 
f 3129/331 3128/332 1190/333 3323/330 
f 3279/36 3051/144 779/147 3124/37 
f 411/287 471/175 2897/503 412/288 
f 457/33 3122/55 3324/2824 3132/34 
f 3122/55 2924/23 2927/2804 3324/2824 
f 2853/96 3321/125 3255/128 2854/97 
f 362/257 361/256 3310/2797 3033/137 
f 2604/265 111/101 2830/352 2603/263 
f 532/156 531/157 3199/154 3223/155 
f 186/161 185/160 2866/204 273/207 
f 3015/501 3014/502 2897/503 2896/500 
f 263/1 262/4 3315/258 3030/29 
f 1190/333 1193/206 2867/205 3323/330 
f 2959/186 2960/187 69/59 351/188 
f 2890/166 3325/159 343/158 2810/134 
f 3268/20 164/141 109/99 112/17 
f 3160/262 3326/341 3267/117 73/63 
f 2751/238 2800/239 2802/240 2752/133 
f 12/12 71/61 95/85 9/9 
f 24/23 3196/2804 3258/2824 21/21 
f 366/46 447/83 446/82 11/11 
f 63/55 65/23 2797/2804 2886/2824 
f 1450/236 367/235 447/83 366/46 
f 168/145 264/208 267/211 169/146 
f 251/200 12/12 11/11 446/82 
f 2918/328 3047/279 749/274 2950/329 
f 2950/329 749/274 748/273 2967/978 
f 285/268 284/254 2755/257 2829/185 
f 3044/38 2887/25 2777/24 3267/117 
f 3254/339 2762/148 2761/79 346/78 
f 346/78 2761/79 368/76 347/77 
f 3289/61 3288/60 3327/84 3308/85 
f 2973/316 127/112 3138/172 3041/2803 
f 3284/2832 179/154 182/157 787/569 
f 3049/143 3035/99 3036/141 3265/142 
f 3043/36 167/144 170/147 2863/37 
f 509/335 2933/2827 3053/2838 510/336 
f 259/207 3205/213 195/89 194/161 
f 213/182 409/285 100/90 7/7 
f 430/159 2505/160 194/161 193/158 
f 2789/569 2442/93 3221/2842 3198/2832 
f 2881/569 2996/93 3287/2842 3276/2832 
f 169/146 48/43 772/266 170/147 
f 3179/342 3184/343 396/314 451/313 
f 3204/156 2882/157 3277/154 3285/155 
f 1170/959 745/546 149/129 755/548 
f 3325/159 3226/160 340/161 343/158 
f 2921/259 3092/260 316/235 319/76 
f 3090/208 3000/209 2768/210 2767/211 
f 82/72 2414/2338 348/247 83/73 
f 2821/2809 3088/2837 2827/283 2822/2617 
f 3266/148 2782/149 3271/150 3272/151 
f 527/245 3303/246 117/78 120/77 
f 3047/279 2918/328 271/2802 266/280 
f 3288/60 3038/24 3040/27 3327/84 
f 134/24 43/25 46/26 2931/27 
f 365/47 3191/334 1450/236 366/46 
f 400/275 2981/179 746/111 238/110 
f 2939/501 138/502 2849/503 2971/500 
f 2977/341 2952/35 2895/38 133/117 
f 535/94 788/332 3309/331 2875/2800 
f 368/76 2761/79 2764/2798 369/259 
f 547/202 461/201 3029/2805 3032/2497 
f 2791/328 2790/279 391/274 2805/329 
f 3328/975 2965/976 2968/340 3254/339 
f 345/246 3328/975 3254/339 346/78 
f 2871/978 3291/273 172/149 3252/340 
f 3326/341 3042/35 3044/38 3267/117 
f 782/564 781/563 2754/294 67/57 
f 2755/257 284/254 2419/255 2756/256 
f 314/134 2814/51 2928/54 3300/166 
f 3322/308 3071/309 3050/310 2499/249 
f 2820/2808 2852/95 2855/98 2821/2809 
# 2980 polygons - 88 triangles

